{"type":"FeatureCollection","municipio":{"slug":"cadiz","name":"Cádiz","total":2373,"places":11286,"source_updated_at":"2026-10-05"},"features":[{"type":"Feature","geometry":{"type":"Point","coordinates":[-6.276833,36.504615]},"properties":{"id":"A/CA/00098","type":"AT","group":"Conjunto","address":"VIRGEN DE LAS ANGUSTIAS, Nº 6-2º","postal_code":"11010","places":32,"units":8,"registered":"2005-12-02","catastro":"4035901QA4443e0012YQ","holder":"DUNA BEDUINA SERVICIOS TURISTÍCOS, S.L.","holder_count":77}},{"type":"Feature","geometry":{"type":"Point","coordinates":[-6.290737,36.527744]},"properties":{"id":"A/CA/00283","type":"AT","group":"Edificio/Complejo","address":"CALLE TENIENTE ANDUJAR Nº 9","postal_code":"11006","places":28,"units":9,"registered":"2021-06-14","catastro":"2660305QA4426B0001HO","holder":"DUNA BEDUINA SERVICIOS TURISTÍCOS, S.L.","holder_count":77}},{"type":"Feature","geometry":{"type":"Point","coordinates":[-6.276369,36.503887]},"properties":{"id":"VUT/CA/00009","type":"VUT","group":"Completa","address":"PASEO Marítimo Nº 8 Plta/Piso 10 Pta/Letra F Compl.Dom. Edificio Atlántico 2, piso 10, puerta F","postal_code":"11010","places":6,"units":2,"registered":"2016-05-11","catastro":"4134813QA4443C0173QY","holder":"ALQUILER VACACIONAL TURISMO E INNOVACIÓN SOCIAL SCA","holder_count":81}},{"type":"Feature","geometry":{"type":"Point","coordinates":[-6.300317,36.531858]},"properties":{"id":"VUT/CA/00025","type":"VUT","group":"Completa","address":"CALLE HOSPITAL DE MUJERES Nº 40 Plta/Piso 2 Pta/Letra C Compl.Dom. APARTAMENTO ÁTICO O AZOTEA, piso 2, puerta C","postal_code":"11001","places":4,"units":2,"registered":"2016-05-13","catastro":"1765406QA4416F0009KE","holder":null,"holder_count":null}},{"type":"Feature","geometry":{"type":"Point","coordinates":[-6.286368,36.520815]},"properties":{"id":"VUT/CA/00028","type":"VUT","group":"Completa","address":"AVENIDA ALCALDE MANUEL DE LA PINTA Nº 7 Plta/Piso 3 Pta/Letra A, piso 3, puerta A","postal_code":"11007","places":6,"units":3,"registered":"2016-05-13","catastro":"3153501QA4435C0160LE","holder":null,"holder_count":null}},{"type":"Feature","geometry":{"type":"Point","coordinates":[-6.276523,36.505867]},"properties":{"id":"VUT/CA/00033","type":"VUT","group":"Completa","address":"AVENIDA CAYETANO DEL TORO Nº 21 Plta/Piso 7 Pta/Letra F, piso 7, puerta F","postal_code":"11010","places":4,"units":2,"registered":"2016-05-13","catastro":"4037509QA4443G0111TZ","holder":null,"holder_count":null}},{"type":"Feature","geometry":{"type":"Point","coordinates":[-6.302419,36.529652]},"properties":{"id":"VUT/CA/00045","type":"VUT","group":"Completa","address":"CALLE CRISTO DE LA MISERICORDIA Nº 6 Portal DUPLICADO Plta/Piso 2º Pta/Letra C, piso 2º, puerta C","postal_code":"11002","places":4,"units":2,"registered":"2016-05-12","catastro":"1662204QA4416B0024JX","holder":"DUNA BEDUINA SERVICIOS TURISTÍCOS, S.L.","holder_count":77}},{"type":"Feature","geometry":{"type":"Point","coordinates":[-6.300698,36.53521]},"properties":{"id":"VUT/CA/00063","type":"VUT","group":"Completa","address":"CALLE CERVANTES Plta/Piso 1 Pta/Letra E, piso 1, puerta E","postal_code":"11004","places":4,"units":1,"registered":"2016-05-13","catastro":"1768306QA4416H0006EK","holder":null,"holder_count":null}},{"type":"Feature","geometry":{"type":"Point","coordinates":[-6.30338,36.529229]},"properties":{"id":"VUT/CA/00077","type":"VUT","group":"Completa","address":"CALLE PERICON DE CADIZ Nº 17 Plta/Piso 3 Pta/Letra B, piso 3, puerta B","postal_code":"11002","places":3,"units":1,"registered":"2016-05-13","catastro":"1562915QA4416B0050RH","holder":"DUNA BEDUINA SERVICIOS TURISTÍCOS, S.L.","holder_count":77}},{"type":"Feature","geometry":{"type":"Point","coordinates":[-6.294051,36.534144]},"properties":{"id":"VUT/CA/00087","type":"VUT","group":"Completa","address":"CALLE BEATO DIEGO DE CADIZ Nº 13 Plta/Piso 3 Pta/Letra B, piso 3, puerta B","postal_code":"11004","places":6,"units":3,"registered":"2016-05-16","catastro":"2367301QA4426G0014EK","holder":"APARTMENTS TIME S.L.","holder_count":55}},{"type":"Feature","geometry":{"type":"Point","coordinates":[-6.299183,36.533758]},"properties":{"id":"VUT/CA/00092","type":"VUT","group":"Completa","address":"CALLE SAN JOSÉ Nº 25 Plta/Piso 3 Pta/Letra B, piso 3, puerta B","postal_code":"11003","places":4,"units":2,"registered":"2016-05-17","catastro":"1867412QA4416H0006ZK","holder":"ALQUILER VACACIONAL TURISMO E INNOVACIÓN SOCIAL SCA","holder_count":81}},{"type":"Feature","geometry":{"type":"Point","coordinates":[-6.292428,36.52939]},"properties":{"id":"VUT/CA/00116","type":"VUT","group":"Completa","address":"CALLE SOPRANIS Nº 1 Portal 1 Plta/Piso ENTREPL Pta/Letra D, piso ENTREPL, puerta D","postal_code":"11005","places":2,"units":1,"registered":"2016-05-18","catastro":"2562201QA4426B0005ZD","holder":null,"holder_count":null}},{"type":"Feature","geometry":{"type":"Point","coordinates":[-6.297246,36.52995]},"properties":{"id":"VUT/CA/00118","type":"VUT","group":"Completa","address":"CALLE ARBOLI Nº 15 Portal 15 Plta/Piso 1 Pta/Letra A, piso 1, puerta A","postal_code":"11005","places":2,"units":1,"registered":"2016-05-18","catastro":"2063327QA4426C0005BX","holder":null,"holder_count":null}},{"type":"Feature","geometry":{"type":"Point","coordinates":[-6.298687,36.536565]},"properties":{"id":"VUT/CA/00170","type":"VUT","group":"Completa","address":"CALLE FERNAN CABALLERO Nº 16 Plta/Piso BJ Pta/Letra IZ, piso BJ, puerta IZ","postal_code":"11003","places":6,"units":3,"registered":"2016-05-20","catastro":"1970809QA4417B0001QX","holder":null,"holder_count":null}},{"type":"Feature","geometry":{"type":"Point","coordinates":[-6.278356,36.513866]},"properties":{"id":"VUT/CA/00177","type":"VUT","group":"Completa","address":"CALLE GARCIA CARRERA Nº 5 Plta/Piso 4 Pta/Letra DCHA, piso 4, puerta DCHA","postal_code":"11009","places":5,"units":2,"registered":"2016-05-20","catastro":"3945111QA4434F0007IZ","holder":null,"holder_count":null}},{"type":"Feature","geometry":{"type":"Point","coordinates":[-6.300911,36.529557]},"properties":{"id":"VUT/CA/00178","type":"VUT","group":"Completa","address":"CALLE SAGASTA Nº 96-98 Plta/Piso BAJO Pta/Letra B, piso BAJO, puerta B","postal_code":"11002","places":6,"units":3,"registered":"2016-05-20","catastro":"1862105QA4416B0009BD","holder":null,"holder_count":null}},{"type":"Feature","geometry":{"type":"Point","coordinates":[-6.299883,36.53064]},"properties":{"id":"VUT/CA/00186","type":"VUT","group":"Completa","address":"CALLE Circo Nº 1 Plta/Piso Ático, piso Ático","postal_code":"11002","places":4,"units":1,"registered":"2016-05-20","catastro":"1864938QA4416D0009WI","holder":null,"holder_count":null}},{"type":"Feature","geometry":{"type":"Point","coordinates":[-6.29396,36.536335]},"properties":{"id":"VUT/CA/00205","type":"VUT","group":"Completa","address":"PLAZA ARGUELLES Nº 8 Plta/Piso 4 Pta/Letra IZQ., piso 4, puerta IZQ.","postal_code":"11004","places":2,"units":1,"registered":"2016-05-20","catastro":"2370306QA4427A0011XQ","holder":null,"holder_count":null}},{"type":"Feature","geometry":{"type":"Point","coordinates":[-6.300233,36.5322]},"properties":{"id":"VUT/CA/00206","type":"VUT","group":"Completa","address":"PLAZA SOLANO Nº 4 Esc. 1 Plta/Piso 4, piso 4","postal_code":"11001","places":2,"units":1,"registered":"2016-05-20","catastro":"1865104QA4416F0005XX","holder":null,"holder_count":null}},{"type":"Feature","geometry":{"type":"Point","coordinates":[-6.29899,36.533141]},"properties":{"id":"VUT/CA/00229","type":"VUT","group":"Completa","address":"CALLE BENJUMEDA Nº 14 Plta/Piso 2 Pta/Letra DERECHA, piso 2, puerta DERECHA","postal_code":"11003","places":6,"units":3,"registered":"2016-05-24","catastro":"1966106QA4416F0009KE","holder":"ALQUILER VACACIONAL TURISMO E INNOVACIÓN SOCIAL SCA","holder_count":81}},{"type":"Feature","geometry":{"type":"Point","coordinates":[-6.29396,36.536335]},"properties":{"id":"VUT/CA/00235","type":"VUT","group":"Completa","address":"PLAZA ARGÜELLES Nº 8 Plta/Piso 3º Pta/Letra IZQ., piso 3º, puerta IZQ.","postal_code":"11009","places":5,"units":3,"registered":"2016-05-24","catastro":"2370306QA4427A0009MW","holder":"STEPALONG, S.L.","holder_count":1}},{"type":"Feature","geometry":{"type":"Point","coordinates":[-6.30126,36.53567]},"properties":{"id":"VUT/CA/00244","type":"VUT","group":"Completa","address":"PLAZA MENTIDERO Nº 17 Plta/Piso 1, piso 1","postal_code":"11003","places":2,"units":1,"registered":"2016-05-24","catastro":"1769806QA4416H0001MD","holder":null,"holder_count":null}},{"type":"Feature","geometry":{"type":"Point","coordinates":[-6.29204,36.528481]},"properties":{"id":"VUT/CA/00248","type":"VUT","group":"Completa","address":"CALLE SUAREZ DE SALZAR Nº 7-9 Plta/Piso BAJO Pta/Letra A, piso BAJO, puerta A","postal_code":"11006","places":4,"units":2,"registered":"2016-05-24","catastro":"2562610QA4426B1001HU","holder":null,"holder_count":null}},{"type":"Feature","geometry":{"type":"Point","coordinates":[-6.300666,36.53636]},"properties":{"id":"VUT/CA/00249","type":"VUT","group":"Completa","address":"CALLE SAN ISIDRO Nº 1 Plta/Piso ENTREPLANT Pta/Letra INTERIOR, piso ENTREPLANT, puerta INTERIOR","postal_code":"11003","places":4,"units":1,"registered":"2016-05-24","catastro":"1870801QA4417B0001YX","holder":null,"holder_count":null}},{"type":"Feature","geometry":{"type":"Point","coordinates":[-6.300762,36.530889]},"properties":{"id":"VUT/CA/00268","type":"VUT","group":"Completa","address":"CALLE SAGASTA Nº 65 Plta/Piso B Pta/Letra C, piso B, puerta C","postal_code":"11003","places":2,"units":1,"registered":"2016-05-26","catastro":"1764914QA4416D0003EW","holder":null,"holder_count":null}},{"type":"Feature","geometry":{"type":"Point","coordinates":[-6.294755,36.534064]},"properties":{"id":"VUT/CA/00269","type":"VUT","group":"Completa","address":"CALLE BEATO DIEGO DE CÁDIZ Nº 9 Plta/Piso 4 Pta/Letra IZDA, piso 4, puerta IZDA","postal_code":"11004","places":2,"units":1,"registered":"2016-05-26","catastro":"2367104QA4426E0017WE","holder":null,"holder_count":null}},{"type":"Feature","geometry":{"type":"Point","coordinates":[-6.303396,36.529695]},"properties":{"id":"VUT/CA/00283","type":"VUT","group":"Completa","address":"CALLE VIRGEN DE LA PALMA Nº 22 Plta/Piso 2 Pta/Letra IZDA, piso 2, puerta IZDA","postal_code":"11002","places":4,"units":2,"registered":"2016-05-30","catastro":"1562903QA4416B0001RT","holder":null,"holder_count":null}},{"type":"Feature","geometry":{"type":"Point","coordinates":[-6.299357,36.531851]},"properties":{"id":"VUT/CA/00299","type":"VUT","group":"Completa","address":"CALLE ROSARIO CEPEDA Nº 17 Plta/Piso BAJO Pta/Letra B IZQ, piso BAJO, puerta B IZQ","postal_code":"11002","places":10,"units":3,"registered":"2016-05-31","catastro":"1865408QA4416F0024FS","holder":null,"holder_count":null}},{"type":"Feature","geometry":{"type":"Point","coordinates":[-6.292663,36.527911]},"properties":{"id":"VUT/CA/00301","type":"VUT","group":"Completa","address":"CALLE San Juan Bautista de la Salle Nº 4 Plta/Piso 1 Pta/Letra A, piso 1, puerta A","postal_code":"11005","places":5,"units":2,"registered":"2016-05-31","catastro":"2561614QA4426B0003TA","holder":"DUNA BEDUINA SERVICIOS TURISTÍCOS, S.L.","holder_count":77}},{"type":"Feature","geometry":{"type":"Point","coordinates":[-6.299263,36.530165]},"properties":{"id":"VUT/CA/00327","type":"VUT","group":"Completa","address":"CALLE CARDOSO Nº 10 Plta/Piso BAJO Pta/Letra A, piso BAJO, puerta A","postal_code":"11002","places":4,"units":1,"registered":"2016-06-01","catastro":"1962302QA4416D0003PW","holder":null,"holder_count":null}},{"type":"Feature","geometry":{"type":"Point","coordinates":[-6.275333,36.50321]},"properties":{"id":"VUT/CA/00333","type":"VUT","group":"Completa","address":"AVENIDA CAYETANO DEL TORO Nº 42 Plta/Piso 12 Pta/Letra D, piso 12, puerta D","postal_code":"11010","places":5,"units":3,"registered":"2016-06-01","catastro":"4134807QA4443C0058IJ","holder":null,"holder_count":null}},{"type":"Feature","geometry":{"type":"Point","coordinates":[-6.291864,36.529766]},"properties":{"id":"VUT/CA/00337","type":"VUT","group":"Completa","address":"CALLE SOTO Nº 3 Plta/Piso 1 Pta/Letra A, piso 1, puerta A","postal_code":"11005","places":4,"units":2,"registered":"2016-06-01","catastro":"2563504QA4426D0005LI","holder":null,"holder_count":null}},{"type":"Feature","geometry":{"type":"Point","coordinates":[-6.290098,36.528196]},"properties":{"id":"VUT/CA/00354","type":"VUT","group":"Completa","address":"CALLE BOTICA Nº 4 Plta/Piso BJ Pta/Letra D, piso BJ, puerta D","postal_code":"11006","places":4,"units":1,"registered":"2016-06-02","catastro":"2761906QA4426B0005RD","holder":null,"holder_count":null}},{"type":"Feature","geometry":{"type":"Point","coordinates":[-6.293858,36.530033]},"properties":{"id":"VUT/CA/00388","type":"VUT","group":"Completa","address":"CALLE RUIZ DE BUSTAMANTE Nº 2 Plta/Piso 4 Pta/Letra A, piso 4, puerta A","postal_code":"11005","places":2,"units":1,"registered":"2016-06-06","catastro":"2363409QA4426C0009AE","holder":"DUNA BEDUINA SERVICIOS TURISTÍCOS, S.L.","holder_count":77}},{"type":"Feature","geometry":{"type":"Point","coordinates":[-6.29204,36.529277]},"properties":{"id":"VUT/CA/00389","type":"VUT","group":"Completa","address":"CALLE AMAYA Nº 1 Plta/Piso 3 Pta/Letra A, piso 3, puerta A","postal_code":"11005","places":4,"units":2,"registered":"2016-06-06","catastro":"2562203QA4426B0007KG","holder":null,"holder_count":null}},{"type":"Feature","geometry":{"type":"Point","coordinates":[-6.277137,36.508203]},"properties":{"id":"VUT/CA/00394","type":"VUT","group":"Por habitaciones","address":"AVENIDA MARCONI Nº 6A Plta/Piso 1 Pta/Letra C, piso 1, puerta C","postal_code":"11009","places":4,"units":2,"registered":"2016-06-06","catastro":"3939402QA4433H0004JL","holder":null,"holder_count":null}},{"type":"Feature","geometry":{"type":"Point","coordinates":[-6.29762,36.53597]},"properties":{"id":"VUT/CA/00402","type":"VUT","group":"Completa","address":"CALLE BUENOS AIRES Nº 18 Plta/Piso 2 Pta/Letra B, piso 2, puerta B","postal_code":"11003","places":4,"units":1,"registered":"2016-06-07","catastro":"2069106QA4426G0008WG","holder":null,"holder_count":null}},{"type":"Feature","geometry":{"type":"Point","coordinates":[-6.29762,36.53597]},"properties":{"id":"VUT/CA/00403","type":"VUT","group":"Completa","address":"CALLE BUENOS AIRES Nº 18 Plta/Piso 2 Pta/Letra C, piso 2, puerta C","postal_code":"11003","places":4,"units":1,"registered":"2016-06-07","catastro":"2069106QA4426G0009EH","holder":null,"holder_count":null}},{"type":"Feature","geometry":{"type":"Point","coordinates":[-6.293119,36.530921]},"properties":{"id":"VUT/CA/00413","type":"VUT","group":"Completa","address":"CALLE CRISTÓBAL COLÓN Nº 4/6 Plta/Piso 1 Pta/Letra B, piso 1, puerta B","postal_code":"11005","places":4,"units":1,"registered":"2016-06-07","catastro":"2464520QA4426C0004YZ","holder":null,"holder_count":null}},{"type":"Feature","geometry":{"type":"Point","coordinates":[-6.304885,36.529279]},"properties":{"id":"VUT/CA/00423","type":"VUT","group":"Completa","address":"CALLE pericon de cadiz Nº 37 Esc. 1 Plta/Piso 3 Pta/Letra dr, piso 3, puerta dr","postal_code":"11002","places":5,"units":3,"registered":"2016-06-08","catastro":"1462801QA4416A0070GZ","holder":null,"holder_count":null}},{"type":"Feature","geometry":{"type":"Point","coordinates":[-6.297329,36.532542]},"properties":{"id":"VUT/CA/00448","type":"VUT","group":"Completa","address":"CALLE San Miguel Nº 6 Plta/Piso 4 Pta/Letra B, piso 4, puerta B","postal_code":"11001","places":2,"units":1,"registered":"2016-06-10","catastro":"2166706QA4426E0015UQ","holder":null,"holder_count":null}},{"type":"Feature","geometry":{"type":"Point","coordinates":[-6.301488,36.530313]},"properties":{"id":"VUT/CA/00452","type":"VUT","group":"Completa","address":"CALLE PACO ALBA Nº 2 DUPL Plta/Piso BAJO Pta/Letra DERECHA, piso BAJO, puerta DERECHA","postal_code":"11002","places":4,"units":1,"registered":"2016-06-12","catastro":"1763806QA4416D0002JQ","holder":null,"holder_count":null}},{"type":"Feature","geometry":{"type":"Point","coordinates":[-6.29818,36.531642]},"properties":{"id":"VUT/CA/00454","type":"VUT","group":"Completa","address":"CALLE ALCALA GALIANO Blq. 1 DPDO. Plta/Piso BAJO Pta/Letra IZDA., piso BAJO, puerta IZDA.","postal_code":"11001","places":3,"units":2,"registered":"2016-06-14","catastro":"2065702QA4426E0005DJ","holder":null,"holder_count":null}},{"type":"Feature","geometry":{"type":"Point","coordinates":[-6.301833,36.530594]},"properties":{"id":"VUT/CA/00478","type":"VUT","group":"Completa","address":"CALLE Republica Dominicana Nº 6 y 8 Plta/Piso 1 Pta/Letra D, piso 1, puerta D","postal_code":"11002","places":3,"units":1,"registered":"2016-06-15","catastro":"1763103QA4416D0006ST","holder":null,"holder_count":null}},{"type":"Feature","geometry":{"type":"Point","coordinates":[-6.275333,36.50321]},"properties":{"id":"VUT/CA/00479","type":"VUT","group":"Por habitaciones","address":"AVENIDA CAYETANO DEL TORO Nº 42 Plta/Piso 11 Pta/Letra C, piso 11, puerta C","postal_code":"11010","places":4,"units":2,"registered":"2016-06-15","catastro":"4134807QA4443C0053ES","holder":null,"holder_count":null}},{"type":"Feature","geometry":{"type":"Point","coordinates":[-6.296267,36.53376]},"properties":{"id":"VUT/CA/00480","type":"VUT","group":"Completa","address":"CALLE VALVERDE Nº 4 Plta/Piso 2 Pta/Letra 12Q, piso 2, puerta 12Q","postal_code":"11004","places":2,"units":2,"registered":"2016-06-15","catastro":"2267725QA4426E0009EZ","holder":null,"holder_count":null}},{"type":"Feature","geometry":{"type":"Point","coordinates":[-6.293466,36.535923]},"properties":{"id":"VUT/CA/00510","type":"VUT","group":"Completa","address":"PLAZA ESPAÑA Nº 5 Portal 1 Plta/Piso 1 Pta/Letra 3, piso 1, puerta 3","postal_code":"11006","places":4,"units":2,"registered":"2016-06-17","catastro":"2470702QA4427A0007HM","holder":null,"holder_count":null}},{"type":"Feature","geometry":{"type":"Point","coordinates":[-6.290098,36.528196]},"properties":{"id":"VUT/CA/00512","type":"VUT","group":"Completa","address":"CALLE BOTICA Nº 4 Plta/Piso 1º Pta/Letra B, piso 1º, puerta B","postal_code":"11006","places":8,"units":2,"registered":"2016-06-18","catastro":"2761906QA4426B0009IJ","holder":"CORTADORES DE EXTREMADURA S.L","holder_count":1}},{"type":"Feature","geometry":{"type":"Point","coordinates":[-6.275117,36.506614]},"properties":{"id":"VUT/CA/00516","type":"VUT","group":"Completa","address":"CALLE ALONSO CANO Nº 11 Plta/Piso 2 Pta/Letra B, piso 2, puerta B","postal_code":"11010","places":4,"units":2,"registered":"2016-06-20","catastro":"4138610QA4443G0015SX","holder":"DUNA BEDUINA SERVICIOS TURISTÍCOS, S.L.","holder_count":77}},{"type":"Feature","geometry":{"type":"Point","coordinates":[-6.273621,36.505055]},"properties":{"id":"VUT/CA/00519","type":"VUT","group":"Completa","address":"CALLE VELAZQUEZ Nº 15 Blq. 1 Plta/Piso 3 Pta/Letra 4, piso 3, puerta 4","postal_code":"11010","places":6,"units":3,"registered":"2016-06-21","catastro":"4236401QA4443E0196GK","holder":null,"holder_count":null}},{"type":"Feature","geometry":{"type":"Point","coordinates":[-6.301856,36.532773]},"properties":{"id":"VUT/CA/00522","type":"VUT","group":"Completa","address":"CALLE SOLANO Nº 21D Plta/Piso 2, piso 2","postal_code":"11002","places":8,"units":4,"registered":"2016-06-21","catastro":"1766817QA4416F0003DB","holder":null,"holder_count":null}},{"type":"Feature","geometry":{"type":"Point","coordinates":[-6.30268,36.531337]},"properties":{"id":"VUT/CA/00536","type":"VUT","group":"Completa","address":"CALLE MORENO DE MORA Nº 34 Pta/Letra AZOTEA, puerta AZOTEA","postal_code":"11002","places":6,"units":3,"registered":"2016-06-21","catastro":"1664801QA4416D0004PE","holder":null,"holder_count":null}},{"type":"Feature","geometry":{"type":"Point","coordinates":[-6.294628,36.535226]},"properties":{"id":"VUT/CA/00538","type":"VUT","group":"Completa","address":"CALLE MANUEL RANCÉS Nº 14 Plta/Piso 2 Pta/Letra B, piso 2, puerta B","postal_code":"11004","places":4,"units":2,"registered":"2016-06-22","catastro":"2369813QA4426G0009BH","holder":null,"holder_count":null}},{"type":"Feature","geometry":{"type":"Point","coordinates":[-6.301328,36.532332]},"properties":{"id":"VUT/CA/00561","type":"VUT","group":"Completa","address":"CALLE TORRE Nº 43 Plta/Piso 1 Pta/Letra B, piso 1, puerta B","postal_code":"11001","places":6,"units":3,"registered":"2016-06-23","catastro":"1766711QA4416F0004WZ","holder":null,"holder_count":null}},{"type":"Feature","geometry":{"type":"Point","coordinates":[-6.292428,36.52939]},"properties":{"id":"VUT/CA/00581","type":"VUT","group":"Completa","address":"CALLE SOPRANIS Nº 1 Plta/Piso 3 Pta/Letra D, piso 3, puerta D","postal_code":"11005","places":2,"units":1,"registered":"2016-06-26","catastro":"2562201QA4426B0017UX","holder":null,"holder_count":null}},{"type":"Feature","geometry":{"type":"Point","coordinates":[-6.297759,36.529561]},"properties":{"id":"VUT/CA/00585","type":"VUT","group":"Completa","address":"CALLE DESAMPARADOS Nº 6-8 Plta/Piso BAJO Pta/Letra A, piso BAJO, puerta A","postal_code":"11005","places":4,"units":2,"registered":"2016-06-27","catastro":"2063336QA4426C0016DU","holder":null,"holder_count":null}},{"type":"Feature","geometry":{"type":"Point","coordinates":[-6.302154,36.532366]},"properties":{"id":"VUT/CA/00593","type":"VUT","group":"Completa","address":"CALLE JESÚS NAZARENO Nº 1 Plta/Piso 1 Pta/Letra B, piso 1, puerta B","postal_code":"11002","places":4,"units":1,"registered":"2016-06-28","catastro":"1665206QA4416F0001PK","holder":null,"holder_count":null}},{"type":"Feature","geometry":{"type":"Point","coordinates":[-6.302108,36.530206]},"properties":{"id":"VUT/CA/00595","type":"VUT","group":"Por habitaciones","address":"CALLE HERMANO IGNACIO Nº 22","postal_code":"11002","places":6,"units":6,"registered":"2016-06-28","catastro":"1763801QA4416D0001JM","holder":null,"holder_count":null}},{"type":"Feature","geometry":{"type":"Point","coordinates":[-6.281999,36.519937]},"properties":{"id":"VUT/CA/00614","type":"VUT","group":"Completa","address":"CALLE FRANCISCO GARCIA DE SOLA Nº 3 Plta/Piso 1 Pta/Letra DERECHA, piso 1, puerta DERECHA","postal_code":"11012","places":4,"units":2,"registered":"2016-06-30","catastro":"3552801QA4435B0013TT","holder":null,"holder_count":null}},{"type":"Feature","geometry":{"type":"Point","coordinates":[-6.300994,36.529291]},"properties":{"id":"VUT/CA/00615","type":"VUT","group":"Por habitaciones","address":"CALLE SAGASTA Nº 97 Plta/Piso 1 Pta/Letra B, piso 1, puerta B","postal_code":"11002","places":4,"units":3,"registered":"2016-06-30","catastro":"1762220QA4416B0013XF","holder":null,"holder_count":null}},{"type":"Feature","geometry":{"type":"Point","coordinates":[-6.281999,36.519937]},"properties":{"id":"VUT/CA/00619","type":"VUT","group":"Completa","address":"CALLE FRANCISCO GARCIA DE SOLA Nº 3 Portal 2 Plta/Piso BAJO Pta/Letra CENTRO, piso BAJO, puerta CENTRO","postal_code":"11008","places":10,"units":3,"registered":"2016-06-30","catastro":"3552801QA4435B0011EE","holder":null,"holder_count":null}},{"type":"Feature","geometry":{"type":"Point","coordinates":[-6.280018,36.511039]},"properties":{"id":"VUT/CA/00648","type":"VUT","group":"Por habitaciones","address":"CALLE CRUZ ROJA ESPAÑOLA Nº 5 Plta/Piso 3 Pta/Letra A, piso 3, puerta A","postal_code":"11009","places":6,"units":4,"registered":"2016-07-05","catastro":"3742801QA4434B0079WD","holder":null,"holder_count":null}},{"type":"Feature","geometry":{"type":"Point","coordinates":[-6.290892,36.527848]},"properties":{"id":"VUT/CA/00669","type":"VUT","group":"Completa","address":"CALLE TENIENTE ANDUJAR Nº 5 Plta/Piso 1, piso 1","postal_code":"11005","places":3,"units":2,"registered":"2016-07-05","catastro":"2660303QA4426B0003MA","holder":null,"holder_count":null}},{"type":"Feature","geometry":{"type":"Point","coordinates":[-6.292941,36.530332]},"properties":{"id":"VUT/CA/00688","type":"VUT","group":"Completa","address":"CALLE FLAMENCO Nº 7-9","postal_code":"11005","places":12,"units":4,"registered":"2016-07-07","catastro":"2463904QA4426C0001HK","holder":null,"holder_count":null}},{"type":"Feature","geometry":{"type":"Point","coordinates":[-6.27589,36.508344]},"properties":{"id":"VUT/CA/00704","type":"VUT","group":"Completa","address":"AVENIDA MARCONI Nº 20 Plta/Piso 1 Pta/Letra B, piso 1, puerta B","postal_code":"11010","places":3,"units":1,"registered":"2016-07-08","catastro":"4039305QA4443G0003OD","holder":null,"holder_count":null}},{"type":"Feature","geometry":{"type":"Point","coordinates":[-6.281004,36.51623]},"properties":{"id":"VUT/CA/00705","type":"VUT","group":"Completa","address":"CALLE HUERTA DEL OBISPO Blq. 6 Plta/Piso BAJO Pta/Letra B, piso BAJO, puerta B","postal_code":"11008","places":5,"units":2,"registered":"2016-07-08","catastro":"3548502QA4434H0013BL","holder":null,"holder_count":null}},{"type":"Feature","geometry":{"type":"Point","coordinates":[-6.295088,36.532585]},"properties":{"id":"VUT/CA/00772","type":"VUT","group":"Completa","address":"CALLE San Andres Nº 2 Plta/Piso 1º Pta/Letra B, piso 1º, puerta B","postal_code":"11004","places":4,"units":1,"registered":"2016-07-15","catastro":"2266512QA4426E0005AJ","holder":null,"holder_count":null}},{"type":"Feature","geometry":{"type":"Point","coordinates":[-6.271967,36.50528]},"properties":{"id":"VUT/CA/00787","type":"VUT","group":"Completa","address":"BLOQUE INFANTE DE ORLEANS Nº 1 Plta/Piso 2 Pta/Letra B, piso 2, puerta B","postal_code":"11011","places":5,"units":3,"registered":"2016-07-19","catastro":"4436405QA4443E0006GZ","holder":null,"holder_count":null}},{"type":"Feature","geometry":{"type":"Point","coordinates":[-6.294658,36.532982]},"properties":{"id":"VUT/CA/00798","type":"VUT","group":"Completa","address":"CALLE SAN FRANCISCO Nº 19 Plta/Piso 4, piso 4","postal_code":"11004","places":3,"units":2,"registered":"2016-07-20","catastro":"2366105QA4426E0005BJ","holder":null,"holder_count":null}},{"type":"Feature","geometry":{"type":"Point","coordinates":[-6.293229,36.531772]},"properties":{"id":"VUT/CA/00799","type":"VUT","group":"Completa","address":"CALLE CHURRUCA Nº 9 Plta/Piso 5 Pta/Letra C, piso 5, puerta C","postal_code":"11003","places":4,"units":2,"registered":"2016-07-20","catastro":"2465901QA4426E0003QG","holder":null,"holder_count":null}},{"type":"Feature","geometry":{"type":"Point","coordinates":[-6.296773,36.532365]},"properties":{"id":"VUT/CA/00808","type":"VUT","group":"Completa","address":"CALLE NOVENA Nº 1 Plta/Piso 4º Pta/Letra A, piso 4º, puerta A","postal_code":"11001","places":2,"units":1,"registered":"2016-07-20","catastro":"2165202QA4426E0012SZ","holder":"LITTLE APARTMENTS S.L.","holder_count":20}},{"type":"Feature","geometry":{"type":"Point","coordinates":[-6.297146,36.531153]},"properties":{"id":"VUT/CA/00824","type":"VUT","group":"Completa","address":"CALLE COLUMELA Nº 2 Plta/Piso 4, piso 4","postal_code":"11001","places":4,"units":2,"registered":"2016-07-21","catastro":"2164104QA4426C0008BW","holder":"GADES GESTIÓN TURÍSTICA SL","holder_count":12}},{"type":"Feature","geometry":{"type":"Point","coordinates":[-6.296158,36.533992]},"properties":{"id":"VUT/CA/00831","type":"VUT","group":"Completa","address":"CALLE ROSARIO Nº 3 Plta/Piso 3 Pta/Letra I, piso 3, puerta I","postal_code":"11004","places":2,"units":1,"registered":"2016-07-21","catastro":"2168505QA4426G0006JD","holder":null,"holder_count":null}},{"type":"Feature","geometry":{"type":"Point","coordinates":[-6.299938,36.533182]},"properties":{"id":"VUT/CA/00832","type":"VUT","group":"Completa","address":"CALLE SANTA INES Nº 7 Plta/Piso 2, piso 2","postal_code":"11003","places":2,"units":1,"registered":"2016-07-21","catastro":"1866109QA4416F0003QB","holder":null,"holder_count":null}},{"type":"Feature","geometry":{"type":"Point","coordinates":[-6.300413,36.536127]},"properties":{"id":"VUT/CA/00833","type":"VUT","group":"Completa","address":"CALLE BENDICION DE DIOS Nº 4 Plta/Piso 3, piso 3","postal_code":"11003","places":3,"units":2,"registered":"2016-07-21","catastro":"1870815QA4417B0004HW","holder":null,"holder_count":null}},{"type":"Feature","geometry":{"type":"Point","coordinates":[-6.274451,36.501378]},"properties":{"id":"VUT/CA/00837","type":"VUT","group":"Completa","address":"GLORIETA HELIOS Nº 4 Plta/Piso ENTREPLANT Pta/Letra C Compl.Dom. EDIFICIO COMODORO, piso ENTREPLANT, puerta C","postal_code":"11011","places":4,"units":2,"registered":"2016-07-22","catastro":"4232802QA4443A0084IH","holder":null,"holder_count":null}},{"type":"Feature","geometry":{"type":"Point","coordinates":[-6.282757,36.516094]},"properties":{"id":"VUT/CA/00870","type":"VUT","group":"Por habitaciones","address":"AVENIDA ANDALUCIA Nº 72 Plta/Piso 1 Pta/Letra C, piso 1, puerta C","postal_code":"11008","places":3,"units":2,"registered":"2016-07-27","catastro":"3447801QA4434E0017UL","holder":null,"holder_count":null}},{"type":"Feature","geometry":{"type":"Point","coordinates":[-6.30338,36.529229]},"properties":{"id":"VUT/CA/00877","type":"VUT","group":"Completa","address":"CALLE SAN FELIX Nº 8 Plta/Piso 3 Pta/Letra D, piso 3, puerta D","postal_code":"11002","places":2,"units":1,"registered":"2016-07-28","catastro":"1562915QA4416B0001HT","holder":null,"holder_count":null}},{"type":"Feature","geometry":{"type":"Point","coordinates":[-6.295174,36.533719]},"properties":{"id":"VUT/CA/00884","type":"VUT","group":"Completa","address":"CALLE SAN FRANCISCO Nº 10 Plta/Piso 3 IZQ. Pta/Letra A, piso 3 IZQ., puerta A","postal_code":"11004","places":4,"units":1,"registered":"2016-07-28","catastro":"2367113QA4426E0007EL","holder":null,"holder_count":null}},{"type":"Feature","geometry":{"type":"Point","coordinates":[-6.301323,36.535964]},"properties":{"id":"VUT/CA/00904","type":"VUT","group":"Completa","address":"CALLE GENERAL MORLA Nº 1 Plta/Piso 3 Pta/Letra A, piso 3, puerta A","postal_code":"11003","places":2,"units":1,"registered":"2016-08-01","catastro":"1770601QA4417B0004OW","holder":"COMUNICACION Y PROYECTOS CULTURALES INTEGRALES, S.L.","holder_count":1}},{"type":"Feature","geometry":{"type":"Point","coordinates":[-6.290994,36.529437]},"properties":{"id":"VUT/CA/00905","type":"VUT","group":"Completa","address":"CALLE PLOCIA Nº 2","postal_code":"11006","places":4,"units":1,"registered":"2016-08-01","catastro":"2662303QA4426D0007FP","holder":null,"holder_count":null}},{"type":"Feature","geometry":{"type":"Point","coordinates":[-6.27711,36.506854]},"properties":{"id":"VUT/CA/00906","type":"VUT","group":"Completa","address":"AUTOPISTA CAYETANO DEL TORO Nº 15 Plta/Piso 2 Pta/Letra B, piso 2, puerta B","postal_code":"11010","places":4,"units":2,"registered":"2016-08-01","catastro":"3938307QA4433H0004UL","holder":null,"holder_count":null}},{"type":"Feature","geometry":{"type":"Point","coordinates":[-6.304109,36.533887]},"properties":{"id":"VUT/CA/00940","type":"VUT","group":"Completa","address":"AVENIDA Campo del Sur Nº 40 Plta/Piso 4 Pta/Letra A, piso 4, puerta A","postal_code":"11002","places":6,"units":4,"registered":"2016-08-05","catastro":"1467506QA4416G0122BX","holder":null,"holder_count":null}},{"type":"Feature","geometry":{"type":"Point","coordinates":[-6.29226,36.529834]},"properties":{"id":"VUT/CA/00954","type":"VUT","group":"Completa","address":"PLAZA SAN JUAN DE DIOS Nº 14 Plta/Piso 2 Pta/Letra IZQ., piso 2, puerta IZQ.","postal_code":"11005","places":6,"units":3,"registered":"2016-08-09","catastro":"2563502QA4426D0003XY","holder":null,"holder_count":null}},{"type":"Feature","geometry":{"type":"Point","coordinates":[-6.302828,36.530053]},"properties":{"id":"VUT/CA/00980","type":"VUT","group":"Completa","address":"CALLE CORRALON DE LOS CARROS Nº 52 Plta/Piso 1 Pta/Letra IZQUIERDA, piso 1, puerta IZQUIERDA","postal_code":"11002","places":7,"units":3,"registered":"2016-08-11","catastro":"1563508QA4416D0007ZY","holder":null,"holder_count":null}},{"type":"Feature","geometry":{"type":"Point","coordinates":[-6.296098,36.534083]},"properties":{"id":"VUT/CA/00992","type":"VUT","group":"Completa","address":"CALLE ROSARIO Nº 2 Plta/Piso 4 Pta/Letra D, piso 4, puerta D","postal_code":"11004","places":2,"units":1,"registered":"2016-08-16","catastro":"2268710QA4426G0008FG","holder":null,"holder_count":null}},{"type":"Feature","geometry":{"type":"Point","coordinates":[-6.295179,36.533157]},"properties":{"id":"VUT/CA/00993","type":"VUT","group":"Completa","address":"CALLE ROSARIO Nº 10 Plta/Piso 3 Pta/Letra C, piso 3, puerta C","postal_code":"11004","places":4,"units":2,"registered":"2016-08-17","catastro":"2267908QA4426E0008EB","holder":null,"holder_count":null}},{"type":"Feature","geometry":{"type":"Point","coordinates":[-6.295635,36.535379]},"properties":{"id":"VUT/CA/00994","type":"VUT","group":"Completa","address":"CALLE AHUMADA Nº 1 Plta/Piso 1º Pta/Letra D, piso 1º, puerta D","postal_code":"11004","places":6,"units":3,"registered":"2016-08-17","catastro":"2269301QA4426G0001AI","holder":null,"holder_count":null}},{"type":"Feature","geometry":{"type":"Point","coordinates":[-6.285986,36.52109]},"properties":{"id":"VUT/CA/01020","type":"VUT","group":"Completa","address":"CALLE GRANJA SAN ILDEFONSO Nº 2 Plta/Piso 9 Pta/Letra A, piso 9, puerta A","postal_code":"11009","places":7,"units":6,"registered":"2016-08-23","catastro":"3153501QA4435C0035MU","holder":null,"holder_count":null}},{"type":"Feature","geometry":{"type":"Point","coordinates":[-6.303433,36.529777]},"properties":{"id":"VUT/CA/01031","type":"VUT","group":"Completa","address":"CALLE DE LA PALMA (ANTIGUA COLOMBIA) Nº 17 Plta/Piso BAJO Pta/Letra IZDA., piso BAJO, puerta IZDA.","postal_code":"11002","places":4,"units":1,"registered":"2016-08-25","catastro":"1563519QA4416D0005XR","holder":null,"holder_count":null}},{"type":"Feature","geometry":{"type":"Point","coordinates":[-6.300806,36.535295]},"properties":{"id":"VUT/CA/01039","type":"VUT","group":"Completa","address":"CALLE CALLE CERVANTES Nº 46 Esc. 1 Plta/Piso 3 Pta/Letra FRE, piso 3, puerta FRE","postal_code":"11003","places":6,"units":3,"registered":"2016-08-29","catastro":"1768305QA4416H0005HJ","holder":null,"holder_count":null}},{"type":"Feature","geometry":{"type":"Point","coordinates":[-6.300105,36.536384]},"properties":{"id":"VUT/CA/01051","type":"VUT","group":"Completa","address":"CALLE Bendición de Dios Nº 9 Plta/Piso 1 Pta/Letra 4, piso 1, puerta 4","postal_code":"11003","places":3,"units":1,"registered":"2016-08-29","catastro":"1870604QA4417B0008OY","holder":"TACITA INVESTMENTS, S.L.","holder_count":1}},{"type":"Feature","geometry":{"type":"Point","coordinates":[-6.283729,36.51644]},"properties":{"id":"VUT/CA/01054","type":"VUT","group":"Completa","address":"CALLE GABRIEL MATUTE Nº 5 Plta/Piso 5 Pta/Letra D, piso 5, puerta D","postal_code":"11008","places":10,"units":5,"registered":"2016-08-30","catastro":"3349506QA4434G0015PS","holder":null,"holder_count":null}},{"type":"Feature","geometry":{"type":"Point","coordinates":[-6.296176,36.531733]},"properties":{"id":"VUT/CA/01075","type":"VUT","group":"Completa","address":"CALLE MONTAÑÉS Nº 7 Plta/Piso BAJO, piso BAJO","postal_code":"11004","places":2,"units":1,"registered":"2016-09-01","catastro":"2265908QA4426E0002PF","holder":null,"holder_count":null}},{"type":"Feature","geometry":{"type":"Point","coordinates":[-6.299575,36.534339]},"properties":{"id":"VUT/CA/01087","type":"VUT","group":"Completa","address":"CALLE CERVANTES Nº 24 Plta/Piso BAJO Pta/Letra B, piso BAJO, puerta B","postal_code":"11003","places":2,"units":1,"registered":"2016-09-02","catastro":"1867207QA4416F0003GB","holder":null,"holder_count":null}},{"type":"Feature","geometry":{"type":"Point","coordinates":[-6.281294,36.516355]},"properties":{"id":"VUT/CA/01098","type":"VUT","group":"Completa","address":"CALLE HUERTA DEL OBISPO Nº 5 Plta/Piso 6 Pta/Letra B, piso 6, puerta B","postal_code":"11008","places":6,"units":4,"registered":"2016-09-05","catastro":"3550830QA4435B0020KO","holder":"HERMANOS MATURANA, C.B.","holder_count":1}},{"type":"Feature","geometry":{"type":"Point","coordinates":[-6.299384,36.536265]},"properties":{"id":"VUT/CA/01100","type":"VUT","group":"Completa","address":"CALLE VEA MURGUIA Nº 23","postal_code":"11003","places":15,"units":10,"registered":"2016-09-05","catastro":"1970706QA4417B0001HX","holder":null,"holder_count":null}},{"type":"Feature","geometry":{"type":"Point","coordinates":[-6.290297,36.528623]},"properties":{"id":"VUT/CA/01114","type":"VUT","group":"Completa","address":"CALLE SANTO DOMINGO Nº 3 Plta/Piso 2 Pta/Letra D, piso 2, puerta D","postal_code":"11006","places":4,"units":2,"registered":"2016-09-07","catastro":"2762705QA4426B0016MZ","holder":null,"holder_count":null}},{"type":"Feature","geometry":{"type":"Point","coordinates":[-6.300637,36.534417]},"properties":{"id":"VUT/CA/01133","type":"VUT","group":"Completa","address":"PLAZA VIUDAS Nº 7 Plta/Piso 1, piso 1","postal_code":"11003","places":1,"units":1,"registered":"2016-09-12","catastro":"1768613QA4416H0003WG","holder":null,"holder_count":null}},{"type":"Feature","geometry":{"type":"Point","coordinates":[-6.299565,36.534127]},"properties":{"id":"VUT/CA/01143","type":"VUT","group":"Completa","address":"CALLE TORRE Nº 3 Plta/Piso 4 Compl.Dom. ATICO, piso 4","postal_code":"11003","places":4,"units":1,"registered":"2016-09-12","catastro":"1867209QA4416F0006DM","holder":null,"holder_count":null}},{"type":"Feature","geometry":{"type":"Point","coordinates":[-6.294279,36.536111]},"properties":{"id":"VUT/CA/01167","type":"VUT","group":"Completa","address":"CALLE MANUEL RANCES Nº 26 Plta/Piso 3 Pta/Letra A, piso 3, puerta A","postal_code":"11004","places":4,"units":2,"registered":"2016-09-13","catastro":"2370906QA4427A0016TY","holder":null,"holder_count":null}},{"type":"Feature","geometry":{"type":"Point","coordinates":[-6.297618,36.529282]},"properties":{"id":"VUT/CA/01169","type":"VUT","group":"Completa","address":"CALLE PUERTO CHICO Nº 9 Plta/Piso 2 Pta/Letra D, piso 2, puerta D","postal_code":"11005","places":3,"units":2,"registered":"2016-09-13","catastro":"2062405QA4426C0004SZ","holder":null,"holder_count":null}},{"type":"Feature","geometry":{"type":"Point","coordinates":[-6.280492,36.511978]},"properties":{"id":"VUT/CA/01180","type":"VUT","group":"Completa","address":"AVENIDA ANA DE VIYA Nº 18 Plta/Piso 2 Pta/Letra C, piso 2, puerta C","postal_code":"11007","places":6,"units":3,"registered":"2016-09-14","catastro":"3644708QA4434D0006RW","holder":null,"holder_count":null}},{"type":"Feature","geometry":{"type":"Point","coordinates":[-6.297098,36.531394]},"properties":{"id":"VUT/CA/01202","type":"VUT","group":"Completa","address":"CALLE COLUMELA Nº 2 Portal D Plta/Piso 3 Pta/Letra B, piso 3, puerta B","postal_code":"11001","places":5,"units":2,"registered":"2016-09-15","catastro":"2164103QA4426C0005IX","holder":null,"holder_count":null}},{"type":"Feature","geometry":{"type":"Point","coordinates":[-6.296296,36.53314]},"properties":{"id":"VUT/CA/01222","type":"VUT","group":"Completa","address":"CALLE VALVERDE Nº 14 Plta/Piso ENTPLT, piso ENTPLT","postal_code":"11004","places":4,"units":2,"registered":"2016-09-20","catastro":"2266803QA4426E0003DG","holder":null,"holder_count":null}},{"type":"Feature","geometry":{"type":"Point","coordinates":[-6.289361,36.528302]},"properties":{"id":"VUT/CA/01224","type":"VUT","group":"Completa","address":"AVENIDA CUESTA DE LAS CALESAS Nº 41 Plta/Piso 3 Pta/Letra D, piso 3, puerta D","postal_code":"11006","places":8,"units":3,"registered":"2016-09-20","catastro":"2761306QA4426B0001XO","holder":null,"holder_count":null}},{"type":"Feature","geometry":{"type":"Point","coordinates":[-6.30095,36.533871]},"properties":{"id":"VUT/CA/01225","type":"VUT","group":"Completa","address":"PLAZA VIUDAS Nº 19 Plta/Piso BAJO Pta/Letra A, piso BAJO, puerta A","postal_code":"11003","places":7,"units":2,"registered":"2016-09-20","catastro":"1767903QA4416F0001DK","holder":null,"holder_count":null}},{"type":"Feature","geometry":{"type":"Point","coordinates":[-6.289361,36.528302]},"properties":{"id":"VUT/CA/01226","type":"VUT","group":"Completa","address":"AVENIDA CUESTA DE LAS CALESAS Nº 41 Plta/Piso 3 Pta/Letra I, piso 3, puerta I","postal_code":"11006","places":8,"units":3,"registered":"2016-09-20","catastro":"2761306QA4426B0001XO","holder":null,"holder_count":null}},{"type":"Feature","geometry":{"type":"Point","coordinates":[-6.291905,36.530173]},"properties":{"id":"VUT/CA/01248","type":"VUT","group":"Completa","address":"PLAZA SAN JUAN DE DIOS Nº 16 Pta/Letra DERECHA, puerta DERECHA","postal_code":"11005","places":6,"units":3,"registered":"2016-09-21","catastro":"2663101QA4426D0009KS","holder":"DUNA BEDUINA SERVICIOS TURISTÍCOS, S.L.","holder_count":77}},{"type":"Feature","geometry":{"type":"Point","coordinates":[-6.298873,36.531372]},"properties":{"id":"VUT/CA/01253","type":"VUT","group":"Completa","address":"CALLE HOSPITAL DE MUJERES Nº 3 Blq. 1 Portal 01 Plta/Piso 1 Pta/Letra A, piso 1, puerta A","postal_code":"11001","places":2,"units":1,"registered":"2016-09-22","catastro":"1965515QA4416F0007SQ","holder":null,"holder_count":null}},{"type":"Feature","geometry":{"type":"Point","coordinates":[-6.300115,36.530533]},"properties":{"id":"VUT/CA/01260","type":"VUT","group":"Completa","address":"CALLE MARIA ARTEAGA Nº 11 Plta/Piso 3º Pta/Letra G, piso 3º, puerta G","postal_code":"11002","places":4,"units":2,"registered":"2016-09-22","catastro":"1864941QA4416D0008QU","holder":null,"holder_count":null}},{"type":"Feature","geometry":{"type":"Point","coordinates":[-6.275906,36.506255]},"properties":{"id":"VUT/CA/01266","type":"VUT","group":"Completa","address":"CALLE ALONSO CANO Nº 8 Plta/Piso 2 Pta/Letra E, piso 2, puerta E","postal_code":"11010","places":6,"units":3,"registered":"2016-09-22","catastro":"4037503QA4443G0010HJ","holder":null,"holder_count":null}},{"type":"Feature","geometry":{"type":"Point","coordinates":[-6.296665,36.530433]},"properties":{"id":"VUT/CA/01274","type":"VUT","group":"Completa","address":"CALLE ARBOLI Portal 3 Plta/Piso 1º, piso 1º","postal_code":"11005","places":4,"units":2,"registered":"2016-09-23","catastro":"2063322QA4426C0002KL","holder":null,"holder_count":null}},{"type":"Feature","geometry":{"type":"Point","coordinates":[-6.296268,36.533383]},"properties":{"id":"VUT/CA/01304","type":"VUT","group":"Completa","address":"CALLE Valverde Portal 10 Plta/Piso 2 Pta/Letra B, piso 2, puerta B","postal_code":"11004","places":7,"units":3,"registered":"2016-09-28","catastro":"2267722QA4426E0009XZ","holder":null,"holder_count":null}},{"type":"Feature","geometry":{"type":"Point","coordinates":[-6.276797,36.504936]},"properties":{"id":"VUT/CA/01349","type":"VUT","group":"Completa","address":"GLORIETA INGENIERO LA CIERVA Nº 2 Plta/Piso 4 Pta/Letra E, piso 4, puerta E","postal_code":"11010","places":4,"units":2,"registered":"2016-09-30","catastro":"4036710QA4443E0024BP","holder":null,"holder_count":null}},{"type":"Feature","geometry":{"type":"Point","coordinates":[-6.291747,36.52915]},"properties":{"id":"VUT/CA/01373","type":"VUT","group":"Completa","address":"CALLE Sopranis Nº 9 Plta/Piso 2º Pta/Letra A, piso 2º, puerta A","postal_code":"11005","places":3,"units":1,"registered":"2016-10-04","catastro":"2562403QA4426D0006WO","holder":null,"holder_count":null}},{"type":"Feature","geometry":{"type":"Point","coordinates":[-6.269868,36.49632]},"properties":{"id":"VUT/CA/01400","type":"VUT","group":"Completa","address":"CALLE BENALUP Nº 3 Plta/Piso 4 Pta/Letra C, piso 4, puerta C","postal_code":"11011","places":4,"units":2,"registered":"2016-10-10","catastro":"4627708QA4442F0028QY","holder":null,"holder_count":null}},{"type":"Feature","geometry":{"type":"Point","coordinates":[-6.296416,36.535781]},"properties":{"id":"VUT/CA/01402","type":"VUT","group":"Completa","address":"CALLE GENERAL MENACHO Nº 4 Plta/Piso 4 Pta/Letra IZQ, piso 4, puerta IZQ","postal_code":"11004","places":4,"units":1,"registered":"2016-10-10","catastro":"2170610QA4427A0015JT","holder":"BEIRA 360 S.L.","holder_count":1}},{"type":"Feature","geometry":{"type":"Point","coordinates":[-6.302348,36.53181]},"properties":{"id":"VUT/CA/01407","type":"VUT","group":"Por habitaciones","address":"PLAZA JESUS NAZARENO Nº 14 Esc. 1 Plta/Piso 2 Pta/Letra D, piso 2, puerta D","postal_code":"11002","places":6,"units":3,"registered":"2016-10-10","catastro":"1665603QA4416F0012UE","holder":null,"holder_count":null}},{"type":"Feature","geometry":{"type":"Point","coordinates":[-6.295988,36.530134]},"properties":{"id":"VUT/CA/01410","type":"VUT","group":"Completa","address":"CALLE COMPAÑÍA Nº 17 Plta/Piso 5 Compl.Dom. ÁTICO, piso 5","postal_code":"11005","places":6,"units":2,"registered":"2016-10-11","catastro":"2263803QA4426C0013TR","holder":null,"holder_count":null}},{"type":"Feature","geometry":{"type":"Point","coordinates":[-6.284621,36.522223]},"properties":{"id":"VUT/CA/01420","type":"VUT","group":"Completa","address":"CALLE BRUNETE Nº 2 Plta/Piso 7 Pta/Letra B, piso 7, puerta B","postal_code":"11006","places":5,"units":3,"registered":"2016-10-11","catastro":"3254202QA4435C0100JU","holder":null,"holder_count":null}},{"type":"Feature","geometry":{"type":"Point","coordinates":[-6.284157,36.52172]},"properties":{"id":"VUT/CA/01431","type":"VUT","group":"Completa","address":"CALLE Granja de San Ildefonso Nº 10 Plta/Piso 16 Pta/Letra A, piso 16, puerta A","postal_code":"11008","places":2,"units":1,"registered":"2016-10-13","catastro":"3253317QA4435C0043FS","holder":"HISPANIA C.B.","holder_count":1}},{"type":"Feature","geometry":{"type":"Point","coordinates":[-6.294166,36.531002]},"properties":{"id":"VUT/CA/01440","type":"VUT","group":"Completa","address":"CALLE MANZANARES Nº 5 Plta/Piso 3 Pta/Letra D, piso 3, puerta D","postal_code":"11005","places":4,"units":2,"registered":"2016-10-17","catastro":"2364208QA4426C0009XE","holder":null,"holder_count":null}},{"type":"Feature","geometry":{"type":"Point","coordinates":[-6.293466,36.535923]},"properties":{"id":"VUT/CA/01446","type":"VUT","group":"Completa","address":"PLAZA DE ESPAÑA Nº 5 Plta/Piso BAJO Pta/Letra 5, piso BAJO, puerta 5","postal_code":"11006","places":2,"units":1,"registered":"2016-10-17","catastro":"2470702QA4427A0005FZ","holder":null,"holder_count":null}},{"type":"Feature","geometry":{"type":"Point","coordinates":[-6.294637,36.531878]},"properties":{"id":"VUT/CA/01481","type":"VUT","group":"Completa","address":"CALLE FEDUCHY Nº 18 Plta/Piso BAJO Pta/Letra B, piso BAJO, puerta B","postal_code":"11005","places":4,"units":1,"registered":"2016-10-21","catastro":"2365210QA4426E0003SG","holder":null,"holder_count":null}},{"type":"Feature","geometry":{"type":"Point","coordinates":[-6.294244,36.533885]},"properties":{"id":"VUT/CA/01494","type":"VUT","group":"Completa","address":"CALLE GENERAL LUQUE Nº 9","postal_code":"11004","places":4,"units":2,"registered":"2016-10-24","catastro":"2367401QA4426G0007EF","holder":null,"holder_count":null}},{"type":"Feature","geometry":{"type":"Point","coordinates":[-6.297425,36.534507]},"properties":{"id":"VUT/CA/01498","type":"VUT","group":"Completa","address":"CALLE SAN PEDRO Nº 10 Plta/Piso 2 Pta/Letra B, piso 2, puerta B","postal_code":"11004","places":6,"units":3,"registered":"2016-10-25","catastro":"2068417QA4426G0027WT","holder":null,"holder_count":null}},{"type":"Feature","geometry":{"type":"Point","coordinates":[-6.294043,36.529315]},"properties":{"id":"VUT/CA/01506","type":"VUT","group":"Completa","address":"CALLE FABIO RUFINOO Nº 11 Plta/Piso 3 Pta/Letra B, piso 3, puerta B","postal_code":"11005","places":3,"units":1,"registered":"2016-10-25","catastro":"2362317QA4426C0007XQ","holder":"ALQUILER VACACIONAL TURISMO E INNOVACIÓN SOCIAL SCA","holder_count":81}},{"type":"Feature","geometry":{"type":"Point","coordinates":[-6.293938,36.534588]},"properties":{"id":"VUT/CA/01515","type":"VUT","group":"Completa","address":"PLAZA ESPAÑA Nº 15 Plta/Piso 3 Pta/Letra C, piso 3, puerta C","postal_code":"11004","places":4,"units":2,"registered":"2016-10-26","catastro":"2368404QA4426G0011DG","holder":null,"holder_count":null}},{"type":"Feature","geometry":{"type":"Point","coordinates":[-6.294174,36.536527]},"properties":{"id":"VUT/CA/01520","type":"VUT","group":"Completa","address":"PLAZA ARGUELLES Nº 10 Plta/Piso 4, piso 4","postal_code":"11004","places":3,"units":1,"registered":"2016-10-26","catastro":"2370308QA4427A0012KW","holder":null,"holder_count":null}},{"type":"Feature","geometry":{"type":"Point","coordinates":[-6.300698,36.53521]},"properties":{"id":"VUT/CA/01541","type":"VUT","group":"Completa","address":"CALLE CERVANTES Nº 42-44 Plta/Piso BAJO Pta/Letra C, piso BAJO, puerta C","postal_code":"11003","places":6,"units":2,"registered":"2016-10-31","catastro":"1768306QA4416H0004QH","holder":null,"holder_count":null}},{"type":"Feature","geometry":{"type":"Point","coordinates":[-6.299436,36.53412]},"properties":{"id":"VUT/CA/01557","type":"VUT","group":"Completa","address":"CALLE TORRE Nº 2 Plta/Piso 2 Pta/Letra IZQUIERDA, piso 2, puerta IZQUIERDA","postal_code":"11003","places":6,"units":3,"registered":"2016-11-02","catastro":"1867408QA4416H0006SK","holder":null,"holder_count":null}},{"type":"Feature","geometry":{"type":"Point","coordinates":[-6.297362,36.531815]},"properties":{"id":"VUT/CA/01575","type":"VUT","group":"Completa","address":"CALLE BARRIÉ Nº 31 Plta/Piso 1 Pta/Letra B, piso 1, puerta B","postal_code":"11001","places":6,"units":3,"registered":"2016-11-03","catastro":"2065404QA4426E0005LJ","holder":null,"holder_count":null}},{"type":"Feature","geometry":{"type":"Point","coordinates":[-6.301806,36.535396]},"properties":{"id":"VUT/CA/01582","type":"VUT","group":"Completa","address":"CALLE HERCULES Nº 8 Plta/Piso 1 Pta/Letra IZQ, piso 1, puerta IZQ","postal_code":"11003","places":7,"units":3,"registered":"2016-11-04","catastro":"1769801QA4416H0002WF","holder":null,"holder_count":null}},{"type":"Feature","geometry":{"type":"Point","coordinates":[-6.294258,36.535769]},"properties":{"id":"VUT/CA/01594","type":"VUT","group":"Completa","address":"CALLE MANUEL RANCES Nº 25 Plta/Piso 3 Pta/Letra IZQ., piso 3, puerta IZQ.","postal_code":"11004","places":4,"units":1,"registered":"2016-11-04","catastro":"2369406QA4426G0010SF","holder":null,"holder_count":null}},{"type":"Feature","geometry":{"type":"Point","coordinates":[-6.296811,36.530212]},"properties":{"id":"VUT/CA/01596","type":"VUT","group":"Completa","address":"CALLE ARBOLI Nº 8-10 Plta/Piso BAJO Pta/Letra IZQ., piso BAJO, puerta IZQ.","postal_code":"11005","places":6,"units":3,"registered":"2016-11-07","catastro":"2163911QA4426C0012GE","holder":null,"holder_count":null}},{"type":"Feature","geometry":{"type":"Point","coordinates":[-6.299068,36.532584]},"properties":{"id":"VUT/CA/01597","type":"VUT","group":"Completa","address":"CALLE SAGASTA Nº 30 Plta/Piso 3 Pta/Letra D, piso 3, puerta D","postal_code":"11001","places":5,"units":2,"registered":"2016-11-07","catastro":"1966602QA4416F0007MQ","holder":null,"holder_count":null}},{"type":"Feature","geometry":{"type":"Point","coordinates":[-6.281873,36.520408]},"properties":{"id":"VUT/CA/01636","type":"VUT","group":"Completa","address":"CALLE GARCIA LORCA Nº 2 Plta/Piso BAJA Pta/Letra DCHA., piso BAJA, puerta DCHA.","postal_code":"11008","places":6,"units":3,"registered":"2016-11-14","catastro":"3552103QA4435B0005DM","holder":null,"holder_count":null}},{"type":"Feature","geometry":{"type":"Point","coordinates":[-6.298642,36.534443]},"properties":{"id":"VUT/CA/01659","type":"VUT","group":"Completa","address":"CALLE ANCHA Nº 1/3 Plta/Piso 2, piso 2","postal_code":"11001","places":4,"units":2,"registered":"2016-11-16","catastro":"1968603QA4416H0004HH","holder":null,"holder_count":null}},{"type":"Feature","geometry":{"type":"Point","coordinates":[-6.298642,36.534443]},"properties":{"id":"VUT/CA/01660","type":"VUT","group":"Completa","address":"CALLE ANCHA Nº 1/3 Plta/Piso 1, piso 1","postal_code":"11001","places":4,"units":2,"registered":"2016-11-16","catastro":"1968603QA4416H0003GG","holder":null,"holder_count":null}},{"type":"Feature","geometry":{"type":"Point","coordinates":[-6.295108,36.535394]},"properties":{"id":"VUT/CA/01661","type":"VUT","group":"Completa","address":"CALLE ISABEL LA CATÓLICA Nº 9 Plta/Piso 4 Pta/Letra 1, piso 4, puerta 1","postal_code":"11004","places":4,"units":2,"registered":"2016-11-16","catastro":"2369803QA4426G0006MD","holder":"ALQUILER VACACIONAL TURISMO E INNOVACIÓN SOCIAL SCA","holder_count":81}},{"type":"Feature","geometry":{"type":"Point","coordinates":[-6.293318,36.53028]},"properties":{"id":"VUT/CA/01674","type":"VUT","group":"Completa","address":"CALLE FLAMENCO Nº 4 Plta/Piso 1 Pta/Letra B, piso 1, puerta B","postal_code":"11005","places":4,"units":1,"registered":"2016-11-18","catastro":"2464516QA4426C0009WE","holder":null,"holder_count":null}},{"type":"Feature","geometry":{"type":"Point","coordinates":[-6.300143,36.535095]},"properties":{"id":"VUT/CA/01681","type":"VUT","group":"Completa","address":"CALLE VEA MURGUIA Nº 6 Plta/Piso 2, piso 2","postal_code":"11003","places":4,"units":2,"registered":"2016-11-21","catastro":"1869710QA4416H0003XG","holder":null,"holder_count":null}},{"type":"Feature","geometry":{"type":"Point","coordinates":[-6.294869,36.531365]},"properties":{"id":"VUT/CA/01684","type":"VUT","group":"Por habitaciones","address":"PLAZA CANDELARIA Nº 3 Plta/Piso 4 Pta/Letra D, piso 4, puerta D","postal_code":"11005","places":4,"units":2,"registered":"2016-11-21","catastro":"2364219QA4426C0016YU","holder":null,"holder_count":null}},{"type":"Feature","geometry":{"type":"Point","coordinates":[-6.294104,36.531757]},"properties":{"id":"VUT/CA/01685","type":"VUT","group":"Completa","address":"CALLE ROSARIO Nº 49 Plta/Piso 1 Pta/Letra A/IZQ., piso 1, puerta A/IZQ.","postal_code":"11005","places":4,"units":2,"registered":"2016-11-21","catastro":"2365207QA4426E0005FJ","holder":null,"holder_count":null}},{"type":"Feature","geometry":{"type":"Point","coordinates":[-6.291061,36.527576]},"properties":{"id":"VUT/CA/01692","type":"VUT","group":"Completa","address":"CALLE PÚBLICO Nº 3 Plta/Piso 2 Pta/Letra B, piso 2, puerta B","postal_code":"11006","places":4,"units":2,"registered":"2016-11-21","catastro":"2660301QA4426B0006IF","holder":null,"holder_count":null}},{"type":"Feature","geometry":{"type":"Point","coordinates":[-6.29874,36.532058]},"properties":{"id":"VUT/CA/01693","type":"VUT","group":"Completa","address":"CALLE SACRAMENTO Nº 35 Plta/Piso 2 Pta/Letra B, piso 2, puerta B","postal_code":"11002","places":4,"units":1,"registered":"2016-11-21","catastro":"1966521QA4416F0009ME","holder":null,"holder_count":null}},{"type":"Feature","geometry":{"type":"Point","coordinates":[-6.275328,36.502605]},"properties":{"id":"VUT/CA/01695","type":"VUT","group":"Completa","address":"CALLE JOSÉ GARCÍA AGULLÓ Nº 2 Plta/Piso 9 Pta/Letra C, piso 9, puerta C","postal_code":"11010","places":4,"units":2,"registered":"2016-11-22","catastro":"4134809QA4443C0035OM","holder":null,"holder_count":null}},{"type":"Feature","geometry":{"type":"Point","coordinates":[-6.293635,36.531382]},"properties":{"id":"VUT/CA/01709","type":"VUT","group":"Completa","address":"PLAZA Mendizabal Nº 5 Plta/Piso 3, piso 3","postal_code":"11005","places":6,"units":3,"registered":"2016-11-23","catastro":"2465609QA4426E0006KK","holder":null,"holder_count":null}},{"type":"Feature","geometry":{"type":"Point","coordinates":[-6.291937,36.528376]},"properties":{"id":"VUT/CA/01710","type":"VUT","group":"Completa","address":"CALLE TENIENTE ANDUJAR Nº 2 Pta/Letra 5, puerta 5","postal_code":"11006","places":2,"units":1,"registered":"2016-11-23","catastro":"2661101QA4426B0007YG","holder":null,"holder_count":null}},{"type":"Feature","geometry":{"type":"Point","coordinates":[-6.276369,36.503887]},"properties":{"id":"VUT/CA/01711","type":"VUT","group":"Completa","address":"PASEO MARÍTIMO Nº 8 Plta/Piso 2 Pta/Letra B, piso 2, puerta B","postal_code":"11010","places":4,"units":2,"registered":"2016-11-23","catastro":"4134813QA4443C0110WU","holder":null,"holder_count":null}},{"type":"Feature","geometry":{"type":"Point","coordinates":[-6.298971,36.536156]},"properties":{"id":"VUT/CA/01716","type":"VUT","group":"Completa","address":"CALLE ADOLFO DE CASTRO Nº 15 Plta/Piso BAJO Pta/Letra B, piso BAJO, puerta B","postal_code":"11003","places":4,"units":1,"registered":"2016-11-23","catastro":"1970813QA4417B0002AM","holder":"MUFEMAR 2006 S.L.","holder_count":1}},{"type":"Feature","geometry":{"type":"Point","coordinates":[-6.298971,36.536156]},"properties":{"id":"VUT/CA/01717","type":"VUT","group":"Completa","address":"CALLE ADOLFO DE CASTRO Nº 15 Plta/Piso 1 Pta/Letra A, piso 1, puerta A","postal_code":"11003","places":4,"units":1,"registered":"2016-11-23","catastro":"1970813QA4417B0004DW","holder":null,"holder_count":null}},{"type":"Feature","geometry":{"type":"Point","coordinates":[-6.295988,36.530134]},"properties":{"id":"VUT/CA/01735","type":"VUT","group":"Completa","address":"CALLE COMPAÑIA Nº 17 Plta/Piso 3 Pta/Letra A, piso 3, puerta A","postal_code":"11005","places":3,"units":2,"registered":"2016-11-25","catastro":"2263803QA4426C0009RE","holder":null,"holder_count":null}},{"type":"Feature","geometry":{"type":"Point","coordinates":[-6.295179,36.533157]},"properties":{"id":"VUT/CA/01776","type":"VUT","group":"Completa","address":"CALLE ROSARIO Nº 10 D Plta/Piso 3 Pta/Letra A, piso 3, puerta A","postal_code":"11004","places":2,"units":1,"registered":"2016-11-30","catastro":"2267908QA4426E0006QK","holder":null,"holder_count":null}},{"type":"Feature","geometry":{"type":"Point","coordinates":[-6.304519,36.528941]},"properties":{"id":"VUT/CA/01783","type":"VUT","group":"Completa","address":"CALLE PERICÓN DE CÁDIZ Nº 31 Plta/Piso 2 Pta/Letra A, piso 2, puerta A","postal_code":"11002","places":6,"units":2,"registered":"2016-12-01","catastro":"1462908QA4416A0002SB","holder":null,"holder_count":null}},{"type":"Feature","geometry":{"type":"Point","coordinates":[-6.305221,36.533226]},"properties":{"id":"VUT/CA/01800","type":"VUT","group":"Completa","address":"CALLE Doctor Marañon Nº 10 Esc. B Plta/Piso 3 Pta/Letra Dcha, piso 3, puerta Dcha","postal_code":"11002","places":4,"units":2,"registered":"2016-12-07","catastro":"1467513QA4416G0029FE","holder":null,"holder_count":null}},{"type":"Feature","geometry":{"type":"Point","coordinates":[-6.29604,36.533105]},"properties":{"id":"VUT/CA/01801","type":"VUT","group":"Completa","address":"CALLE CÁNOVAS DEL CASTILLO Nº 38 Plta/Piso 1 Pta/Letra B, piso 1, puerta B","postal_code":"11001","places":5,"units":2,"registered":"2016-12-07","catastro":"2267720QA4426E0022AT","holder":null,"holder_count":null}},{"type":"Feature","geometry":{"type":"Point","coordinates":[-6.294758,36.536151]},"properties":{"id":"VUT/CA/01804","type":"VUT","group":"Completa","address":"CALLE ISABEL LA CATÓLICA Nº 24 Plta/Piso BAJO Pta/Letra A, piso BAJO, puerta A","postal_code":"11004","places":3,"units":1,"registered":"2016-12-07","catastro":"2270405QA4427A0003BL","holder":null,"holder_count":null}},{"type":"Feature","geometry":{"type":"Point","coordinates":[-6.294174,36.536527]},"properties":{"id":"VUT/CA/01814","type":"VUT","group":"Completa","address":"PLAZA ARGÜELLES Nº 10 Plta/Piso 1 Pta/Letra B, piso 1, puerta B","postal_code":"11004","places":4,"units":2,"registered":"2016-12-12","catastro":"2370308QA4427A0002AK","holder":null,"holder_count":null}},{"type":"Feature","geometry":{"type":"Point","coordinates":[-6.300435,36.533918]},"properties":{"id":"VUT/CA/01819","type":"VUT","group":"Completa","address":"CALLE ZARAGOZA Nº 17","postal_code":"11003","places":3,"units":1,"registered":"2016-12-12","catastro":"1868719QA4416H0005IJ","holder":null,"holder_count":null}},{"type":"Feature","geometry":{"type":"Point","coordinates":[-6.295837,36.533057]},"properties":{"id":"VUT/CA/01824","type":"VUT","group":"Completa","address":"CALLE CANOVAS DEL CASTILLO Nº 40 Plta/Piso 4 ATICO Pta/Letra B, piso 4 ATICO, puerta B","postal_code":"11004","places":4,"units":1,"registered":"2016-12-13","catastro":"2267719QA4426E0015WQ","holder":"APARTMENTS TIME S.L.","holder_count":55}},{"type":"Feature","geometry":{"type":"Point","coordinates":[-6.301634,36.531981]},"properties":{"id":"VUT/CA/01845","type":"VUT","group":"Completa","address":"CALLE TORRE Nº 51 Plta/Piso 2 Pta/Letra DCHA., piso 2, puerta DCHA.","postal_code":"11002","places":3,"units":1,"registered":"2016-12-14","catastro":"1665410QA4416F0007PQ","holder":null,"holder_count":null}},{"type":"Feature","geometry":{"type":"Point","coordinates":[-6.298237,36.532292]},"properties":{"id":"VUT/CA/01847","type":"VUT","group":"Completa","address":"CALLE MARQUES DEL REAL TESORO Nº 6 Plta/Piso 3 Pta/Letra A, piso 3, puerta A","postal_code":"11001","places":4,"units":2,"registered":"2016-12-14","catastro":"2066702QA4426E0012XZ","holder":"LITTLE APARTMENTS S.L.","holder_count":20}},{"type":"Feature","geometry":{"type":"Point","coordinates":[-6.296811,36.530212]},"properties":{"id":"VUT/CA/01849","type":"VUT","group":"Completa","address":"CALLE ARBOLI Nº 8/10 Plta/Piso BAJO Pta/Letra DRCHA/EXT., piso BAJO, puerta DRCHA/EXT.","postal_code":"11005","places":2,"units":1,"registered":"2016-12-15","catastro":"2163911QA4426C0004PZ","holder":null,"holder_count":null}},{"type":"Feature","geometry":{"type":"Point","coordinates":[-6.299284,36.534069]},"properties":{"id":"VUT/CA/01858","type":"VUT","group":"Completa","address":"CALLE CERVANTES Nº 22 Plta/Piso 4, piso 4","postal_code":"11003","places":4,"units":2,"registered":"2016-12-19","catastro":"1867409QA4416H0008MB","holder":null,"holder_count":null}},{"type":"Feature","geometry":{"type":"Point","coordinates":[-6.29302,36.531056]},"properties":{"id":"VUT/CA/01862","type":"VUT","group":"Completa","address":"CALLE CRISTOBAL COLON Nº 1 Plta/Piso 1º Pta/Letra DRCHA, piso 1º, puerta DRCHA","postal_code":"11005","places":8,"units":3,"registered":"2016-12-19","catastro":"2464206QA4426C0001AK","holder":"COSTA MEDITERRANEA SIGLO XXI, S.L.","holder_count":2}},{"type":"Feature","geometry":{"type":"Point","coordinates":[-6.290098,36.528196]},"properties":{"id":"VUT/CA/01863","type":"VUT","group":"Completa","address":"CALLE BOTICA Nº 4 Plta/Piso BAJO Pta/Letra A, piso BAJO, puerta A","postal_code":"11006","places":6,"units":2,"registered":"2016-12-20","catastro":"2761906QA4426B0002QP","holder":null,"holder_count":null}},{"type":"Feature","geometry":{"type":"Point","coordinates":[-6.299004,36.528968]},"properties":{"id":"VUT/CA/01871","type":"VUT","group":"Completa","address":"CALLE REGIMIENTO DE INFANTERIA Nº 10 Plta/Piso BAJO Pta/Letra B, piso BAJO, puerta B","postal_code":"11005","places":3,"units":1,"registered":"2016-12-20","catastro":"1962341QA4416D0003MW","holder":null,"holder_count":null}},{"type":"Feature","geometry":{"type":"Point","coordinates":[-6.302154,36.532366]},"properties":{"id":"VUT/CA/01874","type":"VUT","group":"Completa","address":"CALLE JESÚS NAZARENO Nº 1 Plta/Piso 2 Pta/Letra CENTRO, piso 2, puerta CENTRO","postal_code":"11002","places":4,"units":1,"registered":"2016-12-20","catastro":"1665206QA4416F0001PK","holder":null,"holder_count":null}},{"type":"Feature","geometry":{"type":"Point","coordinates":[-6.28386,36.514807]},"properties":{"id":"VUT/CA/01896","type":"VUT","group":"Completa","address":"CALLE CALLEJON DEL BLANCO Plta/Piso 1 Pta/Letra F, piso 1, puerta F","postal_code":"11008","places":2,"units":1,"registered":"2016-12-22","catastro":"3346401QA4434E0006OA","holder":null,"holder_count":null}},{"type":"Feature","geometry":{"type":"Point","coordinates":[-6.296692,36.532194]},"properties":{"id":"VUT/CA/01920","type":"VUT","group":"Completa","address":"CALLE Novena Nº 3 Plta/Piso 4 Pta/Letra B, piso 4, puerta B","postal_code":"11001","places":2,"units":1,"registered":"2016-12-27","catastro":"2165203QA4426E0012ZZ","holder":null,"holder_count":null}},{"type":"Feature","geometry":{"type":"Point","coordinates":[-6.293484,36.532708]},"properties":{"id":"VUT/CA/01921","type":"VUT","group":"Completa","address":"AVENIDA Ramón de Carranza Nº 22 Plta/Piso 9 Pta/Letra I, piso 9, puerta I","postal_code":"11006","places":2,"units":1,"registered":"2016-12-27","catastro":"2366403QA4426E0023EY","holder":null,"holder_count":null}},{"type":"Feature","geometry":{"type":"Point","coordinates":[-6.297843,36.533515]},"properties":{"id":"VUT/CA/01926","type":"VUT","group":"Completa","address":"CALLE SAGASTA Nº 13 Plta/Piso 1 Pta/Letra A, piso 1, puerta A","postal_code":"11001","places":2,"units":1,"registered":"2016-12-30","catastro":"1967413QA4416H0010ML","holder":null,"holder_count":null}},{"type":"Feature","geometry":{"type":"Point","coordinates":[-6.27167,36.499194]},"properties":{"id":"VUT/CA/01941","type":"VUT","group":"Completa","address":"PLAZA JEREZ DE LA FRONTERA Nº 7 Plta/Piso 0 Pta/Letra C, piso 0, puerta C","postal_code":"11011","places":4,"units":1,"registered":"2017-01-09","catastro":"4429302QA4442G0044DW","holder":null,"holder_count":null}},{"type":"Feature","geometry":{"type":"Point","coordinates":[-6.295334,36.535695]},"properties":{"id":"VUT/CA/01944","type":"VUT","group":"Completa","address":"CALLE AHUMADA Nº 7 Plta/Piso 1 Pta/Letra IZQ., piso 1, puerta IZQ.","postal_code":"11004","places":4,"units":1,"registered":"2017-01-10","catastro":"2269304QA4426G0007ZF","holder":null,"holder_count":null}},{"type":"Feature","geometry":{"type":"Point","coordinates":[-6.275728,36.507346]},"properties":{"id":"VUT/CA/01958","type":"VUT","group":"Completa","address":"CALLE Santa Teresa de Jesús Nº 9","postal_code":"11009","places":4,"units":2,"registered":"2017-01-11","catastro":"4138116QA4443G0019RE","holder":null,"holder_count":null}},{"type":"Feature","geometry":{"type":"Point","coordinates":[-6.30359,36.53008]},"properties":{"id":"VUT/CA/01959","type":"VUT","group":"Por habitaciones","address":"CALLE CORRALON DE LOS CARROS Nº 66 Plta/Piso 3 Pta/Letra A, piso 3, puerta A","postal_code":"11002","places":4,"units":2,"registered":"2017-01-13","catastro":"1563501QA4416D0012YI","holder":null,"holder_count":null}},{"type":"Feature","geometry":{"type":"Point","coordinates":[-6.301583,36.532062]},"properties":{"id":"VUT/CA/01978","type":"VUT","group":"Completa","address":"CALLE TORRE Nº 49 Plta/Piso 3 Pta/Letra IZQ., piso 3, puerta IZQ.","postal_code":"11002","places":4,"units":2,"registered":"2017-01-16","catastro":"1665409QA4416F0008YW","holder":null,"holder_count":null}},{"type":"Feature","geometry":{"type":"Point","coordinates":[-6.284716,36.515855]},"properties":{"id":"VUT/CA/01986","type":"VUT","group":"Completa","address":"AVENIDA AMILCAR BARCA Nº 15 Plta/Piso 6 Pta/Letra E, piso 6, puerta E","postal_code":"11008","places":6,"units":2,"registered":"2017-01-17","catastro":"3248406QA4434G0030KZ","holder":null,"holder_count":null}},{"type":"Feature","geometry":{"type":"Point","coordinates":[-6.27901,36.506917]},"properties":{"id":"VUT/CA/01987","type":"VUT","group":"Completa","address":"PASEO MARITIMO Nº 2 Plta/Piso 8 Pta/Letra F, piso 8, puerta F","postal_code":"11010","places":4,"units":2,"registered":"2017-01-17","catastro":"3838503QA4433H0132OK","holder":null,"holder_count":null}},{"type":"Feature","geometry":{"type":"Point","coordinates":[-6.295802,36.536252]},"properties":{"id":"VUT/CA/01999","type":"VUT","group":"Completa","address":"ALAMEDA CLARA CAMPOAMOR Nº 22 Plta/Piso 1 Pta/Letra C Compl.Dom. EDIFICIO ANTEOJO, piso 1, puerta C","postal_code":"11003","places":2,"units":1,"registered":"2017-01-17","catastro":"2169307QA4426G0023BQ","holder":null,"holder_count":null}},{"type":"Feature","geometry":{"type":"Point","coordinates":[-6.29906,36.530707]},"properties":{"id":"VUT/CA/02000","type":"VUT","group":"Completa","address":"CALLE SANTA LUCIA Nº 5 Plta/Piso 3 Pta/Letra DCHA, piso 3, puerta DCHA","postal_code":"11002","places":4,"units":2,"registered":"2017-01-18","catastro":"1964703QA4416D0010EY","holder":null,"holder_count":null}},{"type":"Feature","geometry":{"type":"Point","coordinates":[-6.299399,36.529907]},"properties":{"id":"VUT/CA/02002","type":"VUT","group":"Completa","address":"CALLE CRUZ Nº 10 Plta/Piso 2 Pta/Letra D, piso 2, puerta D","postal_code":"11002","places":4,"units":2,"registered":"2017-01-18","catastro":"1962349QA4416D0015SA","holder":null,"holder_count":null}},{"type":"Feature","geometry":{"type":"Point","coordinates":[-6.296415,36.530537]},"properties":{"id":"VUT/CA/02006","type":"VUT","group":"Completa","address":"CALLE ARBOLI Nº 1 Plta/Piso 2, piso 2","postal_code":"11005","places":5,"units":2,"registered":"2017-01-18","catastro":"2063320QA4426C0005EX","holder":null,"holder_count":null}},{"type":"Feature","geometry":{"type":"Point","coordinates":[-6.291747,36.528804]},"properties":{"id":"VUT/CA/02040","type":"VUT","group":"Completa","address":"CALLE SUÁREZ DE SALAZAR Nº 8 Plta/Piso 3º, piso 3º","postal_code":"11006","places":8,"units":2,"registered":"2017-01-26","catastro":"2661106QA4426B0003QA","holder":null,"holder_count":null}},{"type":"Feature","geometry":{"type":"Point","coordinates":[-6.30325,36.529773]},"properties":{"id":"VUT/CA/02075","type":"VUT","group":"Completa","address":"CALLE VIRGEN DE LA PALMA Nº 13 Plta/Piso BAJO Pta/Letra IZDA, piso BAJO, puerta IZDA","postal_code":"11002","places":4,"units":1,"registered":"2017-01-31","catastro":"1563517QA4416D0002QQ","holder":null,"holder_count":null}},{"type":"Feature","geometry":{"type":"Point","coordinates":[-6.299934,36.53604]},"properties":{"id":"VUT/CA/02083","type":"VUT","group":"Completa","address":"CALLE ENRIQUE DE LAS MARINAS Nº 25 Plta/Piso ATICO, piso ATICO","postal_code":"11003","places":5,"units":2,"registered":"2017-01-31","catastro":"1870616QA4417B0015WP","holder":"DUNA BEDUINA SERVICIOS TURISTÍCOS, S.L.","holder_count":77}},{"type":"Feature","geometry":{"type":"Point","coordinates":[-6.277203,36.509512]},"properties":{"id":"VUT/CA/02090","type":"VUT","group":"Completa","address":"CALLE ATLANTIDA Nº 8 Plta/Piso 1 Pta/Letra IZQ, piso 1, puerta IZQ","postal_code":"11009","places":5,"units":3,"registered":"2017-02-01","catastro":"3941904QA4434B0001QW","holder":null,"holder_count":null}},{"type":"Feature","geometry":{"type":"Point","coordinates":[-6.298881,36.529997]},"properties":{"id":"VUT/CA/02095","type":"VUT","group":"Completa","address":"CALLE ABREU Nº 1 Plta/Piso 2 Pta/Letra C, piso 2, puerta C","postal_code":"11002","places":4,"units":2,"registered":"2017-02-01","catastro":"1962305QA4416D0004GE","holder":null,"holder_count":null}},{"type":"Feature","geometry":{"type":"Point","coordinates":[-6.293367,36.529171]},"properties":{"id":"VUT/CA/02119","type":"VUT","group":"Completa","address":"CALLE POSADILLAS Nº 4 Plta/Piso 3º Pta/Letra IZQUIERDA, piso 3º, puerta IZQUIERDA","postal_code":"11005","places":4,"units":1,"registered":"2017-02-06","catastro":"2462203QA4426A0008RU","holder":null,"holder_count":null}},{"type":"Feature","geometry":{"type":"Point","coordinates":[-6.295988,36.530134]},"properties":{"id":"VUT/CA/02120","type":"VUT","group":"Completa","address":"CALLE COMPAÑIA Nº 17 Plta/Piso 4 Pta/Letra B, piso 4, puerta B","postal_code":"11005","places":4,"units":2,"registered":"2017-02-06","catastro":"2263803QA4426C0012RE","holder":null,"holder_count":null}},{"type":"Feature","geometry":{"type":"Point","coordinates":[-6.298187,36.536428]},"properties":{"id":"VUT/CA/02155","type":"VUT","group":"Completa","address":"CALLE CALDERÓN DE LA BARCA Nº 14 Plta/Piso 2 Pta/Letra 9, piso 2, puerta 9","postal_code":"11003","places":4,"units":2,"registered":"2017-02-08","catastro":"1970406QA4417B0025XJ","holder":null,"holder_count":null}},{"type":"Feature","geometry":{"type":"Point","coordinates":[-6.273922,36.503328]},"properties":{"id":"VUT/CA/02167","type":"VUT","group":"Completa","address":"CALLE PINTOR ZULOAGA Nº 35 Plta/Piso 1 Pta/Letra A, piso 1, puerta A","postal_code":"11010","places":5,"units":3,"registered":"2017-02-09","catastro":"4234401QA4443C0029WB","holder":null,"holder_count":null}},{"type":"Feature","geometry":{"type":"Point","coordinates":[-6.294631,36.534947]},"properties":{"id":"VUT/CA/02182","type":"VUT","group":"Completa","address":"CALLE Antonio Lopez Nº 18 Plta/Piso bajo Pta/Letra A, piso bajo, puerta A","postal_code":"11004","places":4,"units":1,"registered":"2017-02-13","catastro":"2369419QA4426G0003YP","holder":null,"holder_count":null}},{"type":"Feature","geometry":{"type":"Point","coordinates":[-6.302575,36.530771]},"properties":{"id":"VUT/CA/02184","type":"VUT","group":"Completa","address":"CALLE MARTINEZ CAMPOS Nº 3 Plta/Piso 4 Pta/Letra IZQ., piso 4, puerta IZQ.","postal_code":"11002","places":8,"units":3,"registered":"2017-02-13","catastro":"1664804QA4416D0008KU","holder":"APARTMENTS TIME S.L.","holder_count":55}},{"type":"Feature","geometry":{"type":"Point","coordinates":[-6.293411,36.528834]},"properties":{"id":"VUT/CA/02199","type":"VUT","group":"Completa","address":"CALLE SAN ANTONIO ABAD Nº 2 Plta/Piso 1 Pta/Letra DCHA., piso 1, puerta DCHA.","postal_code":"11005","places":4,"units":1,"registered":"2017-02-14","catastro":"2462907QA4426A0005LR","holder":null,"holder_count":null}},{"type":"Feature","geometry":{"type":"Point","coordinates":[-6.294727,36.530555]},"properties":{"id":"VUT/CA/02207","type":"VUT","group":"Completa","address":"CALLE VILLALOBOS Nº 8 Plta/Piso 2 Pta/Letra A Compl.Dom. CALLE VILLALOBOS NUM.8 2º A, piso 2, puerta A","postal_code":"11005","places":6,"units":3,"registered":"2017-02-15","catastro":"2364614QA4426C0005GX","holder":null,"holder_count":null}},{"type":"Feature","geometry":{"type":"Point","coordinates":[-6.297652,36.532069]},"properties":{"id":"VUT/CA/02217","type":"VUT","group":"Completa","address":"CALLE SAN MIGUEL Nº 16 Esc. 4 Pta/Letra 1, puerta 1","postal_code":"11001","places":6,"units":3,"registered":"2017-02-16","catastro":"2166701QA4426E0008RB","holder":null,"holder_count":null}},{"type":"Feature","geometry":{"type":"Point","coordinates":[-6.299399,36.529907]},"properties":{"id":"VUT/CA/02241","type":"VUT","group":"Completa","address":"CALLE CRUZ Nº 10 Plta/Piso BAJO Pta/Letra B, piso BAJO, puerta B","postal_code":"11002","places":4,"units":2,"registered":"2017-02-17","catastro":"1962349QA4416D0003EW","holder":"APSOL IBERICA, S.L.","holder_count":1}},{"type":"Feature","geometry":{"type":"Point","coordinates":[-6.280599,36.514094]},"properties":{"id":"VUT/CA/02276","type":"VUT","group":"Completa","address":"CALLE POETA NIETO Nº 5 Plta/Piso 3 Pta/Letra D, piso 3, puerta D","postal_code":"11009","places":4,"units":2,"registered":"2017-02-22","catastro":"3646807QA4434F0014FW","holder":null,"holder_count":null}},{"type":"Feature","geometry":{"type":"Point","coordinates":[-6.297294,36.535513]},"properties":{"id":"VUT/CA/02278","type":"VUT","group":"Completa","address":"PLAZA DE MINA Nº 13 Plta/Piso 3 Pta/Letra D, piso 3, puerta D","postal_code":"11004","places":6,"units":3,"registered":"2017-02-23","catastro":"2069912QA4426G0009HH","holder":null,"holder_count":null}},{"type":"Feature","geometry":{"type":"Point","coordinates":[-6.279259,36.510686]},"properties":{"id":"VUT/CA/02283","type":"VUT","group":"Por habitaciones","address":"AVENIDA ANA DE VIYA Nº 11-DUPL Plta/Piso 6 Pta/Letra C, piso 6, puerta C","postal_code":"11009","places":4,"units":2,"registered":"2017-02-23","catastro":"3742401QA4434D0032BL","holder":null,"holder_count":null}},{"type":"Feature","geometry":{"type":"Point","coordinates":[-6.279207,36.50759]},"properties":{"id":"VUT/CA/02288","type":"VUT","group":"Completa","address":"CALLE BRASIL Nº 12 Plta/Piso 8 Pta/Letra D, piso 8, puerta D","postal_code":"11010","places":2,"units":1,"registered":"2017-02-24","catastro":"3839108QA4433H0121SP","holder":null,"holder_count":null}},{"type":"Feature","geometry":{"type":"Point","coordinates":[-6.303235,36.530064]},"properties":{"id":"VUT/CA/02289","type":"VUT","group":"Completa","address":"CALLE CORRALON DE LOS CARROS Nº 60 Plta/Piso BAJO Pta/Letra B, piso BAJO, puerta B","postal_code":"11002","places":2,"units":1,"registered":"2017-02-24","catastro":"1563504QA4416D0011OU","holder":null,"holder_count":null}},{"type":"Feature","geometry":{"type":"Point","coordinates":[-6.29302,36.531056]},"properties":{"id":"VUT/CA/02291","type":"VUT","group":"Completa","address":"CALLE CRISTOBAL COLON Nº 1 Plta/Piso 2º Pta/Letra IZQDA, piso 2º, puerta IZQDA","postal_code":"11005","places":6,"units":3,"registered":"2017-02-24","catastro":"2464206QA4426C0002SL","holder":"COSTA MEDITERRANEA SIGLO XXI, S.L.","holder_count":2}},{"type":"Feature","geometry":{"type":"Point","coordinates":[-6.29639,36.53065]},"properties":{"id":"VUT/CA/02306","type":"VUT","group":"Completa","address":"CALLE COMPAÑÍA Nº 6 Plta/Piso 4, piso 4","postal_code":"11005","places":4,"units":1,"registered":"2017-03-01","catastro":"2164414QA4426C0013TR","holder":null,"holder_count":null}},{"type":"Feature","geometry":{"type":"Point","coordinates":[-6.30095,36.536794]},"properties":{"id":"VUT/CA/02311","type":"VUT","group":"Completa","address":"CALLE USTARIZ Nº 4 Plta/Piso 1 Pta/Letra A, piso 1, puerta A","postal_code":"11003","places":2,"units":1,"registered":"2017-03-02","catastro":"1770202QA4417B0004WW","holder":"DUNA BEDUINA SERVICIOS TURISTÍCOS, S.L.","holder_count":77}},{"type":"Feature","geometry":{"type":"Point","coordinates":[-6.285811,36.519719]},"properties":{"id":"VUT/CA/02313","type":"VUT","group":"Completa","address":"PLAZA ALMUDAINA Nº 2 Plta/Piso 1 Pta/Letra C, piso 1, puerta C","postal_code":"11008","places":4,"units":2,"registered":"2017-03-02","catastro":"3152603QA4435A0026AY","holder":null,"holder_count":null}},{"type":"Feature","geometry":{"type":"Point","coordinates":[-6.297475,36.533674]},"properties":{"id":"VUT/CA/02327","type":"VUT","group":"Completa","address":"CALLE SAGASTA Nº 8 Plta/Piso 3 Pta/Letra DCH, piso 3, puerta DCH","postal_code":"11001","places":2,"units":1,"registered":"2017-03-06","catastro":"2167702QA4426E0007JL","holder":null,"holder_count":null}},{"type":"Feature","geometry":{"type":"Point","coordinates":[-6.297475,36.533674]},"properties":{"id":"VUT/CA/02328","type":"VUT","group":"Completa","address":"CALLE SAGASTA Nº 8 Plta/Piso 2 Pta/Letra DCHA, piso 2, puerta DCHA","postal_code":"11001","places":2,"units":1,"registered":"2017-03-06","catastro":"2167702QA4426E0005GJ","holder":null,"holder_count":null}},{"type":"Feature","geometry":{"type":"Point","coordinates":[-6.279709,36.516474]},"properties":{"id":"VUT/CA/02339","type":"VUT","group":"Por habitaciones","address":"CALLE Parlamento Nº 19 Plta/Piso 1 Pta/Letra D, piso 1, puerta D","postal_code":"11008","places":2,"units":1,"registered":"2017-03-07","catastro":"3749706QA4434H0001ZP","holder":null,"holder_count":null}},{"type":"Feature","geometry":{"type":"Point","coordinates":[-6.298258,36.534039]},"properties":{"id":"VUT/CA/02367","type":"VUT","group":"Completa","address":"CALLE Ancha Nº 9 Plta/Piso 3 Pta/Letra 25, piso 3, puerta 25","postal_code":"11001","places":4,"units":2,"registered":"2017-03-10","catastro":"1967406qa4416h0016hw","holder":null,"holder_count":null}},{"type":"Feature","geometry":{"type":"Point","coordinates":[-6.304756,36.529378]},"properties":{"id":"VUT/CA/02374","type":"VUT","group":"Completa","address":"CALLE ANGEL Nº 6 Plta/Piso 1º Pta/Letra A, piso 1º, puerta A","postal_code":"11002","places":4,"units":1,"registered":"2017-03-13","catastro":"1462914QA4416A0005LM","holder":null,"holder_count":null}},{"type":"Feature","geometry":{"type":"Point","coordinates":[-6.276079,36.504568]},"properties":{"id":"VUT/CA/02388","type":"VUT","group":"Completa","address":"CALLE DOCTOR HERRERA QUEVEDO Nº 2 Plta/Piso 3 Pta/Letra c, piso 3, puerta c","postal_code":"11010","places":6,"units":3,"registered":"2017-03-13","catastro":"4035903QA4443E0016TT","holder":null,"holder_count":null}},{"type":"Feature","geometry":{"type":"Point","coordinates":[-6.281813,36.516656]},"properties":{"id":"VUT/CA/02391","type":"VUT","group":"Completa","address":"CALLE MIGUEL MARTINEZ DE PINILLOS Nº 7 Plta/Piso 4 Pta/Letra D, piso 4, puerta D","postal_code":"11008","places":6,"units":3,"registered":"2017-03-14","catastro":"3549101QA4434G0080MP","holder":null,"holder_count":null}},{"type":"Feature","geometry":{"type":"Point","coordinates":[-6.300338,36.529418]},"properties":{"id":"VUT/CA/02393","type":"VUT","group":"Completa","address":"CALLE PASQUIN Nº 19-21 Plta/Piso BAJO Pta/Letra A, piso BAJO, puerta A","postal_code":"11002","places":3,"units":1,"registered":"2017-03-14","catastro":"1862121QA4416B0003SU","holder":null,"holder_count":null}},{"type":"Feature","geometry":{"type":"Point","coordinates":[-6.303916,36.532143]},"properties":{"id":"VUT/CA/02395","type":"VUT","group":"Completa","address":"CALLE SAN RAFAEL Nº 37 Plta/Piso 3º Pta/Letra D, piso 3º, puerta D","postal_code":"11002","places":5,"units":3,"registered":"2017-03-14","catastro":"1565809QA4416F0011UW","holder":"DUNA BEDUINA SERVICIOS TURISTÍCOS, S.L.","holder_count":77}},{"type":"Feature","geometry":{"type":"Point","coordinates":[-6.301636,36.535409]},"properties":{"id":"VUT/CA/02396","type":"VUT","group":"Completa","address":"CALLE HÉRCULES Nº 6 Plta/Piso 3º Pta/Letra C, piso 3º, puerta C","postal_code":"11003","places":4,"units":1,"registered":"2017-03-14","catastro":"1769802QA4416H0015ZQ","holder":null,"holder_count":null}},{"type":"Feature","geometry":{"type":"Point","coordinates":[-6.299721,36.533169]},"properties":{"id":"VUT/CA/02462","type":"VUT","group":"Completa","address":"CALLE SAN JOSE Nº 34 Plta/Piso 2 Pta/Letra DERECHA, piso 2, puerta DERECHA","postal_code":"11003","places":4,"units":2,"registered":"2017-03-24","catastro":"1966101QA4416F0003DB","holder":null,"holder_count":null}},{"type":"Feature","geometry":{"type":"Point","coordinates":[-6.290052,36.528331]},"properties":{"id":"VUT/CA/02463","type":"VUT","group":"Completa","address":"CALLE BOTICA Nº 2 Plta/Piso 1º Pta/Letra B (derecha, piso 1º, puerta B (derecha","postal_code":"11006","places":5,"units":3,"registered":"2017-03-24","catastro":"2761907QA4426B0003AA","holder":"CBR TURISMO SOCIEDAD LIMITADA","holder_count":2}},{"type":"Feature","geometry":{"type":"Point","coordinates":[-6.29031,36.528607]},"properties":{"id":"VUT/CA/02471","type":"VUT","group":"Completa","address":"CALLE SANTO DOMINGO Nº 3 Plta/Piso 3º Pta/Letra B, piso 3º, puerta B","postal_code":"11006","places":4,"units":2,"registered":"2017-03-27","catastro":"2762705QA4426B0018WM","holder":"DUNA BEDUINA SERVICIOS TURISTÍCOS, S.L.","holder_count":77}},{"type":"Feature","geometry":{"type":"Point","coordinates":[-6.30022,36.532788]},"properties":{"id":"VUT/CA/02476","type":"VUT","group":"Completa","address":"CALLE SAN JOSE Nº 49 Plta/Piso 3º Pta/Letra DCHA, piso 3º, puerta DCHA","postal_code":"11002","places":4,"units":2,"registered":"2017-03-27","catastro":"1866114QA4416F0008QW","holder":null,"holder_count":null}},{"type":"Feature","geometry":{"type":"Point","coordinates":[-6.299399,36.529907]},"properties":{"id":"VUT/CA/02545","type":"VUT","group":"Completa","address":"CALLE CRUZ Nº 10 Plta/Piso BJ Pta/Letra A, piso BJ, puerta A","postal_code":"11002","places":4,"units":2,"registered":"2017-04-07","catastro":"1962349QA4416D0002WQ","holder":null,"holder_count":null}},{"type":"Feature","geometry":{"type":"Point","coordinates":[-6.296489,36.535496]},"properties":{"id":"VUT/CA/02552","type":"VUT","group":"Completa","address":"PLAZA mina Nº 7 Plta/Piso 1 Pta/Letra d, piso 1, puerta d","postal_code":"11004","places":4,"units":2,"registered":"2017-04-08","catastro":"2169313QA4426G0005SS","holder":null,"holder_count":null}},{"type":"Feature","geometry":{"type":"Point","coordinates":[-6.294769,36.53311]},"properties":{"id":"VUT/CA/02560","type":"VUT","group":"Completa","address":"CALLE SAN FRANCISCO Nº 15 Plta/Piso 00 Pta/Letra A, piso 00, puerta A","postal_code":"11004","places":4,"units":1,"registered":"2017-04-10","catastro":"2366103QA4426E0004QH","holder":null,"holder_count":null}},{"type":"Feature","geometry":{"type":"Point","coordinates":[-6.300315,36.534692]},"properties":{"id":"VUT/CA/02602","type":"VUT","group":"Completa","address":"PLAZA VIUDAS Nº 2 Plta/Piso BAJO Pta/Letra IZQ., piso BAJO, puerta IZQ.","postal_code":"11003","places":2,"units":1,"registered":"2017-04-19","catastro":"1868708QA4416H0008IB","holder":null,"holder_count":null}},{"type":"Feature","geometry":{"type":"Point","coordinates":[-6.293784,36.531534]},"properties":{"id":"VUT/CA/02610","type":"VUT","group":"Completa","address":"PLAZA MENDIZABAL Nº 8 Plta/Piso 3, piso 3","postal_code":"11005","places":2,"units":1,"registered":"2017-04-20","catastro":"2465601QA4426E0002AF","holder":null,"holder_count":null}},{"type":"Feature","geometry":{"type":"Point","coordinates":[-6.300613,36.532735]},"properties":{"id":"VUT/CA/02640","type":"VUT","group":"Por habitaciones","address":"CALLE SACRAMENTO Nº 53 Plta/Piso 2 Pta/Letra I, piso 2, puerta I","postal_code":"11003","places":3,"units":1,"registered":"2017-04-25","catastro":"1866116QA4416F0011LW","holder":null,"holder_count":null}},{"type":"Feature","geometry":{"type":"Point","coordinates":[-6.303955,36.531277]},"properties":{"id":"VUT/CA/02661","type":"VUT","group":"Completa","address":"CALLE JOSÉ CELESTINO MUTIS Nº 3 Plta/Piso 2 Pta/Letra A, piso 2, puerta A","postal_code":"11002","places":2,"units":1,"registered":"2017-04-27","catastro":"1564813QA4416D0010PY","holder":"LITTLE APARTMENTS S.L.","holder_count":20}},{"type":"Feature","geometry":{"type":"Point","coordinates":[-6.304519,36.528941]},"properties":{"id":"VUT/CA/02662","type":"VUT","group":"Completa","address":"CALLE PERICON DE CÁDIZ Nº 31 Portal 31 Plta/Piso 4º Pta/Letra A, piso 4º, puerta A","postal_code":"11002","places":4,"units":1,"registered":"2017-04-27","catastro":"1462908QA4416A0004FX","holder":null,"holder_count":null}},{"type":"Feature","geometry":{"type":"Point","coordinates":[-6.27345,36.499579]},"properties":{"id":"VUT/CA/02692","type":"VUT","group":"Completa","address":"CALLE SIRENAS Nº 3 Plta/Piso 8 Pta/Letra DCHA, piso 8, puerta DCHA","postal_code":"11011","places":5,"units":3,"registered":"2017-05-02","catastro":"4230306QA4443A0015SF","holder":null,"holder_count":null}},{"type":"Feature","geometry":{"type":"Point","coordinates":[-6.293913,36.533024]},"properties":{"id":"VUT/CA/02701","type":"VUT","group":"Por habitaciones","address":"CALLE Doctor Ramon y Cajal Nº 1 Plta/Piso 4, piso 4","postal_code":"11004","places":3,"units":1,"registered":"2017-05-03","catastro":"2367506QA4426G0006TD","holder":null,"holder_count":null}},{"type":"Feature","geometry":{"type":"Point","coordinates":[-6.276258,36.503075]},"properties":{"id":"VUT/CA/02704","type":"VUT","group":"Completa","address":"PASEO MARITIMO Nº 11 Portal 11 Esc. 1 Pta/Letra 105, puerta 105","postal_code":"11010","places":4,"units":1,"registered":"2017-05-04","catastro":"4134812QA4443C0007DR","holder":null,"holder_count":null}},{"type":"Feature","geometry":{"type":"Point","coordinates":[-6.273065,36.49784]},"properties":{"id":"VUT/CA/02707","type":"VUT","group":"Completa","address":"PASEO MARÍTIMO Nº 27 Esc. 2 Plta/Piso 1 Pta/Letra A, piso 1, puerta A","postal_code":"11010","places":7,"units":3,"registered":"2017-05-04","catastro":"4428807QA4442G0055SP","holder":null,"holder_count":null}},{"type":"Feature","geometry":{"type":"Point","coordinates":[-6.296091,36.532208]},"properties":{"id":"VUT/CA/02719","type":"VUT","group":"Completa","address":"CALLE COLUMELA Nº 16 Plta/Piso 4, piso 4","postal_code":"11004","places":4,"units":2,"registered":"2017-05-07","catastro":"2166506QA4426E0009LZ","holder":null,"holder_count":null}},{"type":"Feature","geometry":{"type":"Point","coordinates":[-6.274928,36.503579]},"properties":{"id":"VUT/CA/02722","type":"VUT","group":"Completa","address":"PLAZA BECQUER Nº 1 Esc. 2 Plta/Piso 3 Pta/Letra 1-I, piso 3, puerta 1-I","postal_code":"11011","places":4,"units":2,"registered":"2017-05-08","catastro":"4234801QA4443C0059HK","holder":null,"holder_count":null}},{"type":"Feature","geometry":{"type":"Point","coordinates":[-6.300033,36.534685]},"properties":{"id":"VUT/CA/02733","type":"VUT","group":"Completa","address":"CALLE CERVANTES Nº 30 Esc. 1 Plta/Piso 00 Pta/Letra IZ, piso 00, puerta IZ","postal_code":"11003","places":4,"units":1,"registered":"2017-05-09","catastro":"1868711QA4416H0002WF","holder":null,"holder_count":null}},{"type":"Feature","geometry":{"type":"Point","coordinates":[-6.27979,36.518187]},"properties":{"id":"VUT/CA/02741","type":"VUT","group":"Completa","address":"CALLE JOSE JOAQUIN DE MORA Nº 6 Plta/Piso 1 Pta/Letra IZQ, piso 1, puerta IZQ","postal_code":"11008","places":6,"units":3,"registered":"2017-05-09","catastro":"3650301QA4435B0029EK","holder":null,"holder_count":null}},{"type":"Feature","geometry":{"type":"Point","coordinates":[-6.140684,36.312016]},"properties":{"id":"VUT/CA/02754","type":"VUT","group":"Completa","address":"PLAZA MINA Nº 5 Plta/Piso 4 Pta/Letra B, piso 4, puerta B","postal_code":"11004","places":6,"units":3,"registered":"2017-05-11","catastro":"2068408QA4426G0009TH","holder":"L.L. CABAÑAS E HIJOS S.L.","holder_count":1}},{"type":"Feature","geometry":{"type":"Point","coordinates":[-6.292677,36.53695]},"properties":{"id":"VUT/CA/02775","type":"VUT","group":"Completa","address":"CALLE HONDURAS Nº 6 Plta/Piso 2 Pta/Letra IZ, piso 2, puerta IZ","postal_code":"11004","places":8,"units":4,"registered":"2017-05-15","catastro":"2470301QA4427A0006DX","holder":null,"holder_count":null}},{"type":"Feature","geometry":{"type":"Point","coordinates":[-6.300491,36.535048]},"properties":{"id":"VUT/CA/02777","type":"VUT","group":"Completa","address":"CALLE ADELFA Nº 8 Plta/Piso 3 Pta/Letra 6, piso 3, puerta 6","postal_code":"11012","places":6,"units":3,"registered":"2017-05-16","catastro":"1768308QA4416H0003KG","holder":"BLAIRESA 2012, S.L.","holder_count":1}},{"type":"Feature","geometry":{"type":"Point","coordinates":[-6.298771,36.531772]},"properties":{"id":"VUT/CA/02787","type":"VUT","group":"Completa","address":"CALLE FERNANDEZ SHAW Nº 2 Plta/Piso 1º, piso 1º","postal_code":"11001","places":4,"units":2,"registered":"2017-05-16","catastro":"1965504QA4416F0009AE","holder":null,"holder_count":null}},{"type":"Feature","geometry":{"type":"Point","coordinates":[-6.297475,36.533674]},"properties":{"id":"VUT/CA/02791","type":"VUT","group":"Completa","address":"CALLE SAGASTA Nº 8 Plta/Piso 3 Pta/Letra IZQ, piso 3, puerta IZQ","postal_code":"11001","places":4,"units":2,"registered":"2017-05-17","catastro":"2167702QA4426E0008KB","holder":null,"holder_count":null}},{"type":"Feature","geometry":{"type":"Point","coordinates":[-6.299846,36.535608]},"properties":{"id":"VUT/CA/02794","type":"VUT","group":"Completa","address":"CALLE VEA MURGUIA Nº 14 Plta/Piso 1 Pta/Letra 6, piso 1, puerta 6","postal_code":"11003","places":5,"units":2,"registered":"2017-05-17","catastro":"1869107QA4416H0012RZ","holder":null,"holder_count":null}},{"type":"Feature","geometry":{"type":"Point","coordinates":[-6.294614,36.529039]},"properties":{"id":"VUT/CA/02796","type":"VUT","group":"Completa","address":"CALLE CALLEJON DE LOS PIRATAS Nº 3 Plta/Piso 3 Pta/Letra A, piso 3, puerta A","postal_code":"11005","places":4,"units":2,"registered":"2017-05-17","catastro":"2362803QA4426A0004OE","holder":null,"holder_count":null}},{"type":"Feature","geometry":{"type":"Point","coordinates":[-6.294614,36.529039]},"properties":{"id":"VUT/CA/02797","type":"VUT","group":"Completa","address":"CALLE CALLEJON DE LOS PIRATAS Nº 3 Plta/Piso 3 Pta/Letra B, piso 3, puerta B","postal_code":"11005","places":2,"units":1,"registered":"2017-05-17","catastro":"2362803QA4426A0005PR","holder":null,"holder_count":null}},{"type":"Feature","geometry":{"type":"Point","coordinates":[-6.299284,36.534069]},"properties":{"id":"VUT/CA/02802","type":"VUT","group":"Completa","address":"CALLE CERVANTES Nº 22 Plta/Piso BAJO Pta/Letra C, piso BAJO, puerta C","postal_code":"11003","places":2,"units":1,"registered":"2017-05-17","catastro":"1867409QA4416H0009QZ","holder":null,"holder_count":null}},{"type":"Feature","geometry":{"type":"Point","coordinates":[-6.283765,36.514401]},"properties":{"id":"VUT/CA/02806","type":"VUT","group":"Completa","address":"AVENIDA AMILCAR BARCA Nº 19 Plta/Piso 1 Pta/Letra Drcha, piso 1, puerta Drcha","postal_code":"11008","places":4,"units":1,"registered":"2017-05-19","catastro":"3346403QA4434E0042TS","holder":null,"holder_count":null}},{"type":"Feature","geometry":{"type":"Point","coordinates":[-6.302054,36.533263]},"properties":{"id":"VUT/CA/02809","type":"VUT","group":"Completa","address":"CALLE SACRAMENTO Nº 75 Plta/Piso BAJO Pta/Letra D, piso BAJO, puerta D","postal_code":"11003","places":5,"units":3,"registered":"2017-05-19","catastro":"1667512QA4416H0011BB","holder":null,"holder_count":null}},{"type":"Feature","geometry":{"type":"Point","coordinates":[-6.274451,36.501378]},"properties":{"id":"VUT/CA/02810","type":"VUT","group":"Completa","address":"PLAZA HELIOS Nº 4 Plta/Piso 9 Pta/Letra D, piso 9, puerta D","postal_code":"11011","places":6,"units":2,"registered":"2017-05-19","catastro":"4232802QA4443A0070BT","holder":null,"holder_count":null}},{"type":"Feature","geometry":{"type":"Point","coordinates":[-6.276369,36.503887]},"properties":{"id":"VUT/CA/02816","type":"VUT","group":"Completa","address":"PASEO Marítimo Nº 8 Plta/Piso 1 Pta/Letra G, piso 1, puerta G","postal_code":"11010","places":8,"units":3,"registered":"2017-05-19","catastro":"4134813QA4443C0102BW","holder":"AC GESTION CADIZ S.L.","holder_count":39}},{"type":"Feature","geometry":{"type":"Point","coordinates":[-6.280819,36.509765]},"properties":{"id":"VUT/CA/02820","type":"VUT","group":"Completa","address":"AVENIDA AMILCAR BARCA Nº 35 Calif.Nº DUP Plta/Piso 012, piso 012","postal_code":"11009","places":3,"units":1,"registered":"2017-05-21","catastro":"3641412QA4434B0125WM","holder":"DUNA BEDUINA SERVICIOS TURISTÍCOS, S.L.","holder_count":77}},{"type":"Feature","geometry":{"type":"Point","coordinates":[-6.272745,36.498228]},"properties":{"id":"VUT/CA/02829","type":"VUT","group":"Completa","address":"CALLE NEREIDAS Nº 4 Blq. 4 Esc. DCHA. Plta/Piso 1 Pta/Letra B, piso 1, puerta B","postal_code":"11011","places":4,"units":3,"registered":"2017-05-23","catastro":"4428802QA4442G0060GS","holder":null,"holder_count":null}},{"type":"Feature","geometry":{"type":"Point","coordinates":[-6.296156,36.535986]},"properties":{"id":"VUT/CA/02832","type":"VUT","group":"Completa","address":"CALLE GENERAL MENACHO Nº 11 Plta/Piso 1 Pta/Letra DCHA., piso 1, puerta DCHA.","postal_code":"11001","places":3,"units":2,"registered":"2017-05-23","catastro":"2169305QA4426G0002PO","holder":"DUNA BEDUINA SERVICIOS TURISTÍCOS, S.L.","holder_count":77}},{"type":"Feature","geometry":{"type":"Point","coordinates":[-6.295988,36.530134]},"properties":{"id":"VUT/CA/02835","type":"VUT","group":"Completa","address":"CALLE COMPAÑIA Nº 17 Plta/Piso 2 Pta/Letra B, piso 2, puerta B","postal_code":"11005","places":4,"units":2,"registered":"2017-05-23","catastro":"2263803QA4426C0008EW","holder":null,"holder_count":null}},{"type":"Feature","geometry":{"type":"Point","coordinates":[-6.299284,36.534069]},"properties":{"id":"VUT/CA/02841","type":"VUT","group":"Completa","address":"CALLE CERVANTES Nº 22 Plta/Piso BJ Pta/Letra B, piso BJ, puerta B","postal_code":"11003","places":4,"units":2,"registered":"2017-05-24","catastro":"1867409QA4416H0010XL","holder":null,"holder_count":null}},{"type":"Feature","geometry":{"type":"Point","coordinates":[-6.296859,36.53435]},"properties":{"id":"VUT/CA/02863","type":"VUT","group":"Completa","address":"CALLE SAN PEDRO Nº 18 Plta/Piso BAJO Pta/Letra C, piso BAJO, puerta C","postal_code":"11001","places":4,"units":1,"registered":"2017-05-29","catastro":"2068421QA4426G0003HP","holder":"GUMERSINDO FERNANDEZ ARQUITECTOS SLP","holder_count":1}},{"type":"Feature","geometry":{"type":"Point","coordinates":[-6.302244,36.532251]},"properties":{"id":"VUT/CA/02869","type":"VUT","group":"Completa","address":"PLAZA JESUS NAZARENO Nº 5 Plta/Piso BAJO, piso BAJO","postal_code":"11002","places":4,"units":1,"registered":"2017-05-30","catastro":"1665208QA4416F0001TK","holder":null,"holder_count":null}},{"type":"Feature","geometry":{"type":"Point","coordinates":[-6.29396,36.536335]},"properties":{"id":"VUT/CA/02906","type":"VUT","group":"Completa","address":"PLAZA PLAZA ARGÜELLES Nº 8 Plta/Piso 3 Pta/Letra 3D, piso 3, puerta 3D","postal_code":"11004","places":3,"units":1,"registered":"2017-06-02","catastro":"2370306QA4427A0008XQ","holder":null,"holder_count":null}},{"type":"Feature","geometry":{"type":"Point","coordinates":[-6.302998,36.528084]},"properties":{"id":"VUT/CA/02908","type":"VUT","group":"Completa","address":"AVENIDA Campo del Sur Nº 30 Plta/Piso 2º Pta/Letra derech, piso 2º, puerta derech","postal_code":"11002","places":6,"units":4,"registered":"2017-06-02","catastro":"1661701QA4416B0005GO","holder":null,"holder_count":null}},{"type":"Feature","geometry":{"type":"Point","coordinates":[-6.295524,36.530488]},"properties":{"id":"VUT/CA/02950","type":"VUT","group":"Completa","address":"CALLE BARROCAL Nº 4 Plta/Piso A Compl.Dom. ENTREPLANTA, piso A","postal_code":"11005","places":4,"units":2,"registered":"2017-06-08","catastro":"2264510QA4426C0008OW","holder":null,"holder_count":null}},{"type":"Feature","geometry":{"type":"Point","coordinates":[-6.302651,36.529473]},"properties":{"id":"VUT/CA/02967","type":"VUT","group":"Completa","address":"CALLE CRISTO DE LA MISERICORDIA Nº 9 Plta/Piso 2 Pta/Letra B, piso 2, puerta B","postal_code":"11002","places":6,"units":2,"registered":"2017-06-09","catastro":"1662810QA4416B0002YY","holder":null,"holder_count":null}},{"type":"Feature","geometry":{"type":"Point","coordinates":[-6.276524,36.505878]},"properties":{"id":"VUT/CA/03023","type":"VUT","group":"Completa","address":"AVENIDA CAYETANO DEL TORO Blq. 21 Plta/Piso 4 Pta/Letra c, piso 4, puerta c","postal_code":"11010","places":6,"units":3,"registered":"2017-06-14","catastro":"4037509qa4443g0075wk","holder":null,"holder_count":null}},{"type":"Feature","geometry":{"type":"Point","coordinates":[-6.304783,36.533594]},"properties":{"id":"VUT/CA/03050","type":"VUT","group":"Completa","address":"CALLE JOSE PAREDES MONGE Portal 3 Esc. DERECHA Plta/Piso 3 Pta/Letra F, piso 3, puerta F","postal_code":"11003","places":6,"units":3,"registered":"2017-06-19","catastro":"1467504QA4416G0018ZK","holder":null,"holder_count":null}},{"type":"Feature","geometry":{"type":"Point","coordinates":[-6.300801,36.530494]},"properties":{"id":"VUT/CA/03051","type":"VUT","group":"Completa","address":"CALLE SAGASTA Nº 76 Plta/Piso 1 Pta/Letra D, piso 1, puerta D","postal_code":"11002","places":2,"units":1,"registered":"2017-06-19","catastro":"1863206QA4416D0004PE","holder":null,"holder_count":null}},{"type":"Feature","geometry":{"type":"Point","coordinates":[-6.27493,36.501545]},"properties":{"id":"VUT/CA/03054","type":"VUT","group":"Completa","address":"AVENIDA CAYETANO DEL TORO Nº 54 Plta/Piso 6 Pta/Letra T, piso 6, puerta T","postal_code":"11011","places":8,"units":4,"registered":"2017-06-19","catastro":"4232801QA4443A0137HP","holder":"NISO ALQUILER Y GESTION SLU","holder_count":1}},{"type":"Feature","geometry":{"type":"Point","coordinates":[-6.294539,36.530107]},"properties":{"id":"VUT/CA/03111","type":"VUT","group":"Por habitaciones","address":"CALLE COBOS Nº 15 Plta/Piso 1 Pta/Letra DERECHA, piso 1, puerta DERECHA","postal_code":"11005","places":6,"units":3,"registered":"2017-06-26","catastro":"2363812QA4426C0001LK","holder":null,"holder_count":null}},{"type":"Feature","geometry":{"type":"Point","coordinates":[-6.279444,36.517536]},"properties":{"id":"VUT/CA/03114","type":"VUT","group":"Completa","address":"CALLE GONZALEZ DEL CASTILLO Nº 3 Plta/Piso 1 Pta/Letra I, piso 1, puerta I","postal_code":"11008","places":4,"units":2,"registered":"2017-06-26","catastro":"3750701QA4435B0022RA","holder":null,"holder_count":null}},{"type":"Feature","geometry":{"type":"Point","coordinates":[-6.302651,36.529473]},"properties":{"id":"VUT/CA/03116","type":"VUT","group":"Completa","address":"CALLE CRISTO DE LA MISERICORDIA Nº 9 Plta/Piso 2 Pta/Letra C, piso 2, puerta C","postal_code":"11003","places":5,"units":3,"registered":"2017-06-26","catastro":"1662810QA4416B0010AA","holder":null,"holder_count":null}},{"type":"Feature","geometry":{"type":"Point","coordinates":[-6.301017,36.53165]},"properties":{"id":"VUT/CA/03137","type":"VUT","group":"Por habitaciones","address":"CALLE ARMENGUAL Nº 10 Plta/Piso 1, piso 1","postal_code":"11002","places":6,"units":3,"registered":"2017-06-28","catastro":"1764304QA4416D0002UQ","holder":null,"holder_count":null}},{"type":"Feature","geometry":{"type":"Point","coordinates":[-6.295843,36.532524]},"properties":{"id":"VUT/CA/03153","type":"VUT","group":"Completa","address":"CALLE JOSE DEL TORO Nº 16 DPDO Plta/Piso 2 Pta/Letra I, piso 2, puerta I","postal_code":"11004","places":4,"units":1,"registered":"2017-06-29","catastro":"2266808QA4426E0002AF","holder":null,"holder_count":null}},{"type":"Feature","geometry":{"type":"Point","coordinates":[-6.29895,36.531798]},"properties":{"id":"VUT/CA/03163","type":"VUT","group":"Completa","address":"CALLE FERNANDEZ SHAW Nº 1-3-5 Plta/Piso 2 Pta/Letra C, piso 2, puerta C","postal_code":"11001","places":4,"units":2,"registered":"2017-06-30","catastro":"1965708QA4416F0012OE","holder":null,"holder_count":null}},{"type":"Feature","geometry":{"type":"Point","coordinates":[-6.291905,36.530173]},"properties":{"id":"VUT/CA/03172","type":"VUT","group":"Completa","address":"PLAZA SAN JUAN DE DIOS Nº 16 Plta/Piso 1 Pta/Letra C, piso 1, puerta C","postal_code":"11005","places":4,"units":2,"registered":"2017-07-03","catastro":"2663101QA4426D0003SY","holder":null,"holder_count":null}},{"type":"Feature","geometry":{"type":"Point","coordinates":[-6.291905,36.530173]},"properties":{"id":"VUT/CA/03176","type":"VUT","group":"Completa","address":"PLAZA SAN JUAN DE DIOS Nº 16 Plta/Piso 1 Pta/Letra IZQ, piso 1, puerta IZQ","postal_code":"11005","places":4,"units":2,"registered":"2017-07-03","catastro":"2663101QA4426D0004DU","holder":null,"holder_count":null}},{"type":"Feature","geometry":{"type":"Point","coordinates":[-6.277114,36.517171]},"properties":{"id":"VUT/CA/03198","type":"VUT","group":"Completa","address":"AVENIDA SAN SEVERIANO Nº 43 Plta/Piso 3 Pta/Letra D, piso 3, puerta D","postal_code":"11007","places":6,"units":3,"registered":"2017-07-04","catastro":"3950210QA4435B0035OZ","holder":null,"holder_count":null}},{"type":"Feature","geometry":{"type":"Point","coordinates":[-6.298374,36.536417]},"properties":{"id":"VUT/CA/03219","type":"VUT","group":"Completa","address":"CALLE ALAMEDA DE APODACA Nº 11 Plta/Piso BAJO Pta/Letra 2, piso BAJO, puerta 2","postal_code":"11003","places":4,"units":1,"registered":"2017-07-06","catastro":"1970405QA4417B0042QT","holder":null,"holder_count":null}},{"type":"Feature","geometry":{"type":"Point","coordinates":[-6.275018,36.504725]},"properties":{"id":"VUT/CA/03248","type":"VUT","group":"Completa","address":"CALLE VELAZQUEZ Nº 3 Esc. C Plta/Piso 11 Pta/Letra B, piso 11, puerta B","postal_code":"11010","places":6,"units":3,"registered":"2017-07-07","catastro":"4135201QA4443E0043GM","holder":null,"holder_count":null}},{"type":"Feature","geometry":{"type":"Point","coordinates":[-6.29855,36.529069]},"properties":{"id":"VUT/CA/03260","type":"VUT","group":"Completa","address":"CALLE GOICOECHEA Nº 14 Plta/Piso 3 Pta/Letra A, piso 3, puerta A","postal_code":"11005","places":4,"units":2,"registered":"2017-07-10","catastro":"1962325QA4416D0007YY","holder":"AC GESTION CADIZ S.L.","holder_count":39}},{"type":"Feature","geometry":{"type":"Point","coordinates":[-6.279126,36.516373]},"properties":{"id":"VUT/CA/03262","type":"VUT","group":"Completa","address":"CALLE FRANCISCO GARCIA DE SOLA Nº 35 Plta/Piso 2 Pta/Letra B, piso 2, puerta B","postal_code":"11008","places":6,"units":3,"registered":"2017-07-10","catastro":"3748301QA4434H0021GQ","holder":null,"holder_count":null}},{"type":"Feature","geometry":{"type":"Point","coordinates":[-6.300857,36.532442]},"properties":{"id":"VUT/CA/03266","type":"VUT","group":"Completa","address":"CALLE SOLANO Nº 9-11 Plta/Piso 2, piso 2","postal_code":"11001","places":2,"units":1,"registered":"2017-07-11","catastro":"1766507QA4416F0004IZ","holder":null,"holder_count":null}},{"type":"Feature","geometry":{"type":"Point","coordinates":[-6.294375,36.530182]},"properties":{"id":"VUT/CA/03267","type":"VUT","group":"Completa","address":"CALLE RUIZ DE BUSTAMANTE Nº 12 Plta/Piso BAJO, piso BAJO","postal_code":"11005","places":2,"units":1,"registered":"2017-07-11","catastro":"2363404QA4426C0005IX","holder":null,"holder_count":null}},{"type":"Feature","geometry":{"type":"Point","coordinates":[-6.293296,36.535837]},"properties":{"id":"VUT/CA/03269","type":"VUT","group":"Completa","address":"PLAZA ESPAÑA Nº 4","postal_code":"11006","places":4,"units":2,"registered":"2017-07-11","catastro":"2470610QA4427A0008SQ","holder":"RUMBO SUR EVENTOS SL","holder_count":1}},{"type":"Feature","geometry":{"type":"Point","coordinates":[-6.297658,36.530675]},"properties":{"id":"VUT/CA/03282","type":"VUT","group":"Por habitaciones","address":"CALLE LIBERTAD Nº 21 Plta/Piso 2 Pta/Letra A, piso 2, puerta A","postal_code":"11005","places":4,"units":2,"registered":"2017-07-12","catastro":"2063311QA4426C0004JZ","holder":null,"holder_count":null}},{"type":"Feature","geometry":{"type":"Point","coordinates":[-6.275714,36.506024]},"properties":{"id":"VUT/CA/03299","type":"VUT","group":"Completa","address":"CALLE PINTOR ZULOAGA Nº 18 Plta/Piso 1 Pta/Letra F, piso 1, puerta F","postal_code":"11010","places":2,"units":1,"registered":"2017-07-13","catastro":"4037504QA4443G0028JO","holder":null,"holder_count":null}},{"type":"Feature","geometry":{"type":"Point","coordinates":[-6.297843,36.533515]},"properties":{"id":"VUT/CA/03300","type":"VUT","group":"Completa","address":"CALLE Sagasta Nº 13 Plta/Piso 3 Pta/Letra B, piso 3, puerta B","postal_code":"11001","places":6,"units":3,"registered":"2017-07-13","catastro":"1967413QA4416H0009WZ","holder":null,"holder_count":null}},{"type":"Feature","geometry":{"type":"Point","coordinates":[-6.298176,36.535348]},"properties":{"id":"VUT/CA/03319","type":"VUT","group":"Completa","address":"CALLE BUENOS AIRES Nº 5-7","postal_code":"11003","places":4,"units":2,"registered":"2017-07-17","catastro":"2069901QA4426G0001TI","holder":"ALQUILER VACACIONAL TURISMO E INNOVACIÓN SOCIAL SCA","holder_count":81}},{"type":"Feature","geometry":{"type":"Point","coordinates":[-6.294457,36.53171]},"properties":{"id":"VUT/CA/03323","type":"VUT","group":"Por habitaciones","address":"CALLE Feduchy Blq. 15 Plta/Piso 4 Pta/Letra a, piso 4, puerta a","postal_code":"11005","places":4,"units":2,"registered":"2017-07-17","catastro":"2365606QA4426E0005ZJ","holder":null,"holder_count":null}},{"type":"Feature","geometry":{"type":"Point","coordinates":[-6.280696,36.514835]},"properties":{"id":"VUT/CA/03369","type":"VUT","group":"Completa","address":"CALLE RECREO Nº 2 Pta/Letra D, puerta D","postal_code":"11008","places":4,"units":2,"registered":"2017-07-24","catastro":"3646318QA4434F0006GB","holder":"ALQUILER VACACIONAL TURISMO E INNOVACIÓN SOCIAL SCA","holder_count":81}},{"type":"Feature","geometry":{"type":"Point","coordinates":[-6.272952,36.499012]},"properties":{"id":"VUT/CA/03373","type":"VUT","group":"Completa","address":"AVENIDA JOSE LEON DE CARRANZA Nº 8 Plta/Piso 10 Pta/Letra D, piso 10, puerta D","postal_code":"11011","places":4,"units":1,"registered":"2017-07-24","catastro":"4329901QA4442G0149ZP","holder":null,"holder_count":null}},{"type":"Feature","geometry":{"type":"Point","coordinates":[-6.298792,36.532483]},"properties":{"id":"VUT/CA/03397","type":"VUT","group":"Completa","address":"CALLE ROSARIO CEPEDA Nº 9 Plta/Piso BAJO Pta/Letra A, piso BAJO, puerta A","postal_code":"11002","places":2,"units":1,"registered":"2017-08-01","catastro":"1966612QA4416F0006HM","holder":null,"holder_count":null}},{"type":"Feature","geometry":{"type":"Point","coordinates":[-6.271746,36.498628]},"properties":{"id":"VUT/CA/03407","type":"VUT","group":"Completa","address":"PLAZA jerez de la frontera Nº 13 Plta/Piso 2 Pta/Letra B, piso 2, puerta B","postal_code":"11011","places":6,"units":3,"registered":"2017-08-02","catastro":"4429301QA4442G0162LJ","holder":null,"holder_count":null}},{"type":"Feature","geometry":{"type":"Point","coordinates":[-6.285986,36.52109]},"properties":{"id":"VUT/CA/03416","type":"VUT","group":"Completa","address":"CALLE GRANJA SAN ILDEFONSO Nº 4 Plta/Piso 8 Pta/Letra B, piso 8, puerta B","postal_code":"11005","places":2,"units":1,"registered":"2017-08-03","catastro":"3153501QA4435C0048PJ","holder":null,"holder_count":null}},{"type":"Feature","geometry":{"type":"Point","coordinates":[-6.285958,36.524272]},"properties":{"id":"VUT/CA/03421","type":"VUT","group":"Completa","address":"CALLE ACACIAS Nº 15 Plta/Piso 4 Pta/Letra B1, piso 4, puerta B1","postal_code":"11007","places":4,"units":1,"registered":"2017-08-04","catastro":"3157110QA4435E0004DE","holder":null,"holder_count":null}},{"type":"Feature","geometry":{"type":"Point","coordinates":[-6.299721,36.533169]},"properties":{"id":"VUT/CA/03426","type":"VUT","group":"Completa","address":"CALLE SAN JOSE 34 Nº 34 Pta/Letra IZQUIERDA, puerta IZQUIERDA","postal_code":"11003","places":4,"units":2,"registered":"2017-08-08","catastro":"1966101QA4416F0003DB","holder":null,"holder_count":null}},{"type":"Feature","geometry":{"type":"Point","coordinates":[-6.299233,36.534164]},"properties":{"id":"VUT/CA/03428","type":"VUT","group":"Completa","address":"CALLE Cervantes Nº 31 Plta/Piso 4(Atico), piso 4(Atico)","postal_code":"11003","places":2,"units":1,"registered":"2017-08-08","catastro":"1968710QA4416H0006SK","holder":null,"holder_count":null}},{"type":"Feature","geometry":{"type":"Point","coordinates":[-6.29657,36.534029]},"properties":{"id":"VUT/CA/03453","type":"VUT","group":"Completa","address":"CALLE SAN PEDRO Nº 15 Plta/Piso ATICP, piso ATICP","postal_code":"11004","places":4,"units":2,"registered":"2017-08-17","catastro":"2167204QA4426E0007GL","holder":null,"holder_count":null}},{"type":"Feature","geometry":{"type":"Point","coordinates":[-6.303152,36.5324]},"properties":{"id":"VUT/CA/03473","type":"VUT","group":"Completa","address":"CALLE ENCARNACIÓN Nº 26-28 Plta/Piso BAJO Pta/Letra A, piso BAJO, puerta A","postal_code":"11002","places":3,"units":1,"registered":"2017-08-18","catastro":"1565911QA4416F0006MM","holder":null,"holder_count":null}},{"type":"Feature","geometry":{"type":"Point","coordinates":[-6.29739,36.52975]},"properties":{"id":"VUT/CA/03481","type":"VUT","group":"Completa","address":"CALLE ARBOLÍ Nº 24 Portal 24 Plta/Piso 3º Pta/Letra A, piso 3º, puerta A","postal_code":"11004","places":6,"units":2,"registered":"2017-08-21","catastro":"2163904QA4426C0008QW","holder":null,"holder_count":null}},{"type":"Feature","geometry":{"type":"Point","coordinates":[-6.301825,36.533504]},"properties":{"id":"VUT/CA/03484","type":"VUT","group":"Completa","address":"CALLE SOLEDAD Nº 29 Plta/Piso BJ Pta/Letra D, piso BJ, puerta D","postal_code":"11003","places":6,"units":3,"registered":"2017-08-22","catastro":"1667510QA4416H0002LF","holder":null,"holder_count":null}},{"type":"Feature","geometry":{"type":"Point","coordinates":[-6.301825,36.533504]},"properties":{"id":"VUT/CA/03485","type":"VUT","group":"Completa","address":"CALLE SOLEDAD Nº 29 Plta/Piso 1 Pta/Letra IZQ., piso 1, puerta IZQ.","postal_code":"11003","places":6,"units":3,"registered":"2017-08-22","catastro":"1667510QA4416H0003BG","holder":null,"holder_count":null}},{"type":"Feature","geometry":{"type":"Point","coordinates":[-6.300655,36.535358]},"properties":{"id":"VUT/CA/03495","type":"VUT","group":"Completa","address":"CALLE CERVANTES Nº 49 Plta/Piso BJ Pta/Letra A, piso BJ, puerta A","postal_code":"11003","places":5,"units":2,"registered":"2017-08-23","catastro":"1869717QA4416H0001FD","holder":null,"holder_count":null}},{"type":"Feature","geometry":{"type":"Point","coordinates":[-6.301449,36.533231]},"properties":{"id":"VUT/CA/03505","type":"VUT","group":"Completa","address":"PLAZA DE LAS VIUDAS Nº 31 Plta/Piso BAJO Pta/Letra A, piso BAJO, puerta A","postal_code":"11003","places":3,"units":1,"registered":"2017-08-25","catastro":"1767710QA4416F0003BB","holder":null,"holder_count":null}},{"type":"Feature","geometry":{"type":"Point","coordinates":[-6.299004,36.528968]},"properties":{"id":"VUT/CA/03514","type":"VUT","group":"Completa","address":"CALLE REGIMIENTO DE INFANTERIA Nº 10 Plta/Piso BAJO Pta/Letra A, piso BAJO, puerta A","postal_code":"11002","places":3,"units":1,"registered":"2017-08-25","catastro":"1962341QA4416D0002XQ","holder":null,"holder_count":null}},{"type":"Feature","geometry":{"type":"Point","coordinates":[-6.294823,36.534749]},"properties":{"id":"VUT/CA/03522","type":"VUT","group":"Completa","address":"CALLE Manuel Rancés Nº 6 Plta/Piso 5to Compl.Dom. Ático, piso 5to","postal_code":"11004","places":3,"units":2,"registered":"2017-08-28","catastro":"2268305QA4426G0012RH","holder":"ALQUILER VACACIONAL TURISMO E INNOVACIÓN SOCIAL SCA","holder_count":81}},{"type":"Feature","geometry":{"type":"Point","coordinates":[-6.303278,36.531174]},"properties":{"id":"VUT/CA/03523","type":"VUT","group":"Completa","address":"CALLE TRINIDAD Nº 5 Plta/Piso 1 Pta/Letra IZQ, piso 1, puerta IZQ","postal_code":"11002","places":6,"units":2,"registered":"2017-08-28","catastro":"1564904QA4416D0005RR","holder":null,"holder_count":null}},{"type":"Feature","geometry":{"type":"Point","coordinates":[-6.290534,36.527284]},"properties":{"id":"VUT/CA/03525","type":"VUT","group":"Completa","address":"CALLE BETICA Nº 22 Plta/Piso BAJO Pta/Letra I, piso BAJO, puerta I","postal_code":"11006","places":4,"units":1,"registered":"2017-08-28","catastro":"2760201QA4426B0001FO","holder":null,"holder_count":null}},{"type":"Feature","geometry":{"type":"Point","coordinates":[-6.286177,36.522846]},"properties":{"id":"VUT/CA/03526","type":"VUT","group":"Completa","address":"AVENIDA DE ANDALUCIA Nº 31 Plta/Piso 1 Pta/Letra A, piso 1, puerta A","postal_code":"11007","places":4,"units":1,"registered":"2017-08-28","catastro":"3157603QA4435E0001JM","holder":null,"holder_count":null}},{"type":"Feature","geometry":{"type":"Point","coordinates":[-6.272745,36.498228]},"properties":{"id":"VUT/CA/03527","type":"VUT","group":"Completa","address":"CALLE NEREIDAS Nº 4 Esc. 1 Plta/Piso 8 Pta/Letra A, piso 8, puerta A","postal_code":"11011","places":6,"units":3,"registered":"2017-08-28","catastro":"4428802QA4442G0044TW","holder":null,"holder_count":null}},{"type":"Feature","geometry":{"type":"Point","coordinates":[-6.306469,36.533446]},"properties":{"id":"VUT/CA/03531","type":"VUT","group":"Completa","address":"AVENIDA DUQUE DE NAJERA Nº 7 Blq. E Plta/Piso 10 Pta/Letra D, piso 10, puerta D","postal_code":"11002","places":8,"units":5,"registered":"2017-08-28","catastro":"1267601qa4416e0119kr","holder":"DARKA SUR SL","holder_count":1}},{"type":"Feature","geometry":{"type":"Point","coordinates":[-6.298505,36.534971]},"properties":{"id":"VUT/CA/03534","type":"VUT","group":"Completa","address":"PLAZA SAN ANTONIO Nº 5 Plta/Piso 1 Pta/Letra D, piso 1, puerta D","postal_code":"11001","places":4,"units":2,"registered":"2017-08-29","catastro":"2068110QA4426G0002MO","holder":null,"holder_count":null}},{"type":"Feature","geometry":{"type":"Point","coordinates":[-6.298497,36.536602]},"properties":{"id":"VUT/CA/03543","type":"VUT","group":"Completa","address":"CALLE MARQUÉS DE COMILLAS Nº 10 Plta/Piso B Pta/Letra A, piso B, puerta A","postal_code":"11003","places":4,"units":1,"registered":"2017-08-30","catastro":"1970404QA4417B0013KI","holder":"BCN ACTIVIDADES MARÍTIMAS, S.A.","holder_count":1}},{"type":"Feature","geometry":{"type":"Point","coordinates":[-6.294178,36.534426]},"properties":{"id":"VUT/CA/03554","type":"VUT","group":"Completa","address":"CALLE DOCTOR ZURITA Nº 3 Plta/Piso 2º Pta/Letra C, piso 2º, puerta C","postal_code":"11004","places":4,"units":1,"registered":"2017-08-30","catastro":"2368212QA4426G0006WD","holder":null,"holder_count":null}},{"type":"Feature","geometry":{"type":"Point","coordinates":[-6.280283,36.511715]},"properties":{"id":"VUT/CA/03555","type":"VUT","group":"Completa","address":"AVENIDA ANA DE VIYA Nº 22 Plta/Piso 5º Pta/Letra A, piso 5º, puerta A","postal_code":"11009","places":8,"units":4,"registered":"2017-08-30","catastro":"3643501QA4434D0014WU","holder":"DUNA BEDUINA SERVICIOS TURISTÍCOS, S.L.","holder_count":77}},{"type":"Feature","geometry":{"type":"Point","coordinates":[-6.300413,36.536127]},"properties":{"id":"VUT/CA/03558","type":"VUT","group":"Completa","address":"CALLE BENDICIÓN DE DIOS Nº 4 Plta/Piso 1, piso 1","postal_code":"11003","places":2,"units":1,"registered":"2017-08-31","catastro":"1870815QA4417B0002FM","holder":null,"holder_count":null}},{"type":"Feature","geometry":{"type":"Point","coordinates":[-6.299114,36.53044]},"properties":{"id":"VUT/CA/03559","type":"VUT","group":"Completa","address":"CALLE ROBLES Nº 7 Plta/Piso 1 Pta/Letra IZQ., piso 1, puerta IZQ.","postal_code":"11002","places":4,"units":2,"registered":"2017-08-31","catastro":"1963204QA4416D0004UE","holder":null,"holder_count":null}},{"type":"Feature","geometry":{"type":"Point","coordinates":[-6.299392,36.529903]},"properties":{"id":"VUT/CA/03567","type":"VUT","group":"Completa","address":"CALLE Cruz Nº 10 Plta/Piso 2 Pta/Letra A, piso 2, puerta A","postal_code":"11002","places":5,"units":3,"registered":"2017-09-01","catastro":"1962349QA4416D0012OI","holder":"DUNA BEDUINA SERVICIOS TURISTÍCOS, S.L.","holder_count":77}},{"type":"Feature","geometry":{"type":"Point","coordinates":[-6.306469,36.533446]},"properties":{"id":"VUT/CA/03571","type":"VUT","group":"Completa","address":"AVENIDA DUQUE DE NAJERA Nº 7 Blq. D Plta/Piso 1 Pta/Letra A, piso 1, puerta A","postal_code":"11002","places":8,"units":7,"registered":"2017-09-04","catastro":"1267601QA4416E0047AB","holder":null,"holder_count":null}},{"type":"Feature","geometry":{"type":"Point","coordinates":[-6.293751,36.529151]},"properties":{"id":"VUT/CA/03585","type":"VUT","group":"Completa","address":"CALLE POSADILLA Nº 1 Calif.Nº DP Plta/Piso 3 Pta/Letra A, piso 3, puerta A","postal_code":"11005","places":5,"units":2,"registered":"2017-09-06","catastro":"2462903QA4426A0008OU","holder":"ALQUILER VACACIONAL TURISMO E INNOVACIÓN SOCIAL SCA","holder_count":81}},{"type":"Feature","geometry":{"type":"Point","coordinates":[-6.298192,36.535539]},"properties":{"id":"VUT/CA/03613","type":"VUT","group":"Completa","address":"CALLE BUENOS AIRES Nº 8 Plta/Piso BAJO Pta/Letra B, piso BAJO, puerta B","postal_code":"11003","places":4,"units":2,"registered":"2017-09-10","catastro":"1969311QA4416H0001TD","holder":null,"holder_count":null}},{"type":"Feature","geometry":{"type":"Point","coordinates":[-6.299103,36.536528]},"properties":{"id":"VUT/CA/03615","type":"VUT","group":"Completa","address":"CALLE Vea Murguia Nº 27-29 Plta/Piso 3º Pta/Letra B, piso 3º, puerta B","postal_code":"11003","places":4,"units":2,"registered":"2017-09-11","catastro":"1970802QA4417B0021ZD","holder":null,"holder_count":null}},{"type":"Feature","geometry":{"type":"Point","coordinates":[-6.301325,36.529597]},"properties":{"id":"VUT/CA/03618","type":"VUT","group":"Completa","address":"CALLE Portería de Capuchinos Nº 10 Plta/Piso 1, piso 1","postal_code":"11002","places":6,"units":3,"registered":"2017-09-11","catastro":"1762208QA4416B0003UU","holder":"APARTMENTS TIME S.L.","holder_count":55}},{"type":"Feature","geometry":{"type":"Point","coordinates":[-6.292428,36.52939]},"properties":{"id":"VUT/CA/03622","type":"VUT","group":"Completa","address":"CALLE Sopranis Nº 1 Plta/Piso 3 Pta/Letra A, piso 3, puerta A","postal_code":"11005","places":4,"units":2,"registered":"2017-09-11","catastro":"2562201QA4426B0014RL","holder":null,"holder_count":null}},{"type":"Feature","geometry":{"type":"Point","coordinates":[-6.29739,36.52975]},"properties":{"id":"VUT/CA/03637","type":"VUT","group":"Completa","address":"CALLE Arboli Nº 24-26 Plta/Piso Bajo Pta/Letra A, piso Bajo, puerta A","postal_code":"11005","places":3,"units":1,"registered":"2017-09-12","catastro":"2163904QA4426C0002KL","holder":null,"holder_count":null}},{"type":"Feature","geometry":{"type":"Point","coordinates":[-6.272952,36.499012]},"properties":{"id":"VUT/CA/03643","type":"VUT","group":"Completa","address":"PASEO MARITIMO Nº 25 Plta/Piso 1º Pta/Letra B Compl.Dom. COMPLEJO LOS DELFINES, piso 1º, puerta B","postal_code":"11011","places":4,"units":2,"registered":"2017-09-12","catastro":"4329901QA4442G0964IB","holder":null,"holder_count":null}},{"type":"Feature","geometry":{"type":"Point","coordinates":[-6.300523,36.533845]},"properties":{"id":"VUT/CA/03647","type":"VUT","group":"Completa","address":"CALLE Zaragoza Nº 19 Plta/Piso 1 Pta/Letra Dcha, piso 1, puerta Dcha","postal_code":"11003","places":6,"units":3,"registered":"2017-09-12","catastro":"1868720QA4416H0004SH","holder":null,"holder_count":null}},{"type":"Feature","geometry":{"type":"Point","coordinates":[-6.27901,36.506917]},"properties":{"id":"VUT/CA/03649","type":"VUT","group":"Completa","address":"PASEO MARITIMO Nº 3 Plta/Piso 12 Pta/Letra D, piso 12, puerta D","postal_code":"11010","places":4,"units":1,"registered":"2017-09-12","catastro":"3838503QA4433H0259PL","holder":null,"holder_count":null}},{"type":"Feature","geometry":{"type":"Point","coordinates":[-6.300276,36.52958]},"properties":{"id":"VUT/CA/03650","type":"VUT","group":"Completa","address":"CALLE PASQUIN Nº 12 Plta/Piso 2ª Pta/Letra B, piso 2ª, puerta B","postal_code":"11002","places":2,"units":1,"registered":"2017-09-12","catastro":"1862329QA4416D0012YI","holder":null,"holder_count":null}},{"type":"Feature","geometry":{"type":"Point","coordinates":[-6.293012,36.531428]},"properties":{"id":"VUT/CA/03651","type":"VUT","group":"Completa","address":"AVENIDA Ramón de Carranza Nº 29 Plta/Piso 3 Pta/Letra dcha, piso 3, puerta dcha","postal_code":"11008","places":2,"units":1,"registered":"2017-09-12","catastro":"2464301QA4426C0007XQ","holder":null,"holder_count":null}},{"type":"Feature","geometry":{"type":"Point","coordinates":[-6.286775,36.522656]},"properties":{"id":"VUT/CA/03656","type":"VUT","group":"Completa","address":"CALLE SANTA MARIA SOLEDAD Nº 5 Plta/Piso 2 Pta/Letra IZQDA., piso 2, puerta IZQDA.","postal_code":"11008","places":6,"units":3,"registered":"2017-09-13","catastro":"3055303QA4435E0007OY","holder":null,"holder_count":null}},{"type":"Feature","geometry":{"type":"Point","coordinates":[-6.299114,36.53044]},"properties":{"id":"VUT/CA/03660","type":"VUT","group":"Completa","address":"CALLE ROBLES Nº 7 Plta/Piso 1º Pta/Letra DCHA., piso 1º, puerta DCHA.","postal_code":"11002","places":4,"units":1,"registered":"2017-09-13","catastro":"1963204QA4416D0003YW","holder":null,"holder_count":null}},{"type":"Feature","geometry":{"type":"Point","coordinates":[-6.29739,36.52975]},"properties":{"id":"VUT/CA/03663","type":"VUT","group":"Completa","address":"CALLE ARBOLI Nº 24-26 Plta/Piso 2 Pta/Letra B, piso 2, puerta B","postal_code":"11005","places":4,"units":2,"registered":"2017-09-13","catastro":"2163904QA4426C0007MQ","holder":"LITTLE APARTMENTS S.L.","holder_count":20}},{"type":"Feature","geometry":{"type":"Point","coordinates":[-6.272241,36.499482]},"properties":{"id":"VUT/CA/03669","type":"VUT","group":"Completa","address":"PLAZA JEREZ DE LA FRONTERA Nº 4 Plta/Piso 1 Pta/Letra A, piso 1, puerta A","postal_code":"11011","places":4,"units":1,"registered":"2017-09-14","catastro":"4429303QA4443A0015WF","holder":null,"holder_count":null}},{"type":"Feature","geometry":{"type":"Point","coordinates":[-6.292506,36.528468]},"properties":{"id":"VUT/CA/03673","type":"VUT","group":"Completa","address":"CALLE SANTA MARIA Nº 2 Compl.Dom. DUPLICADO B","postal_code":"11005","places":4,"units":1,"registered":"2017-09-15","catastro":"2562708QA4426B0005SD","holder":null,"holder_count":null}},{"type":"Feature","geometry":{"type":"Point","coordinates":[-6.29281,36.536519]},"properties":{"id":"VUT/CA/03700","type":"VUT","group":"Completa","address":"CALLE REPUBLICA EL SALVADOR Nº 3 Plta/Piso 1 Pta/Letra A, piso 1, puerta A","postal_code":"11004","places":3,"units":2,"registered":"2017-09-18","catastro":"2470305QA4427A0001ZJ","holder":null,"holder_count":null}},{"type":"Feature","geometry":{"type":"Point","coordinates":[-6.294178,36.534426]},"properties":{"id":"VUT/CA/03702","type":"VUT","group":"Completa","address":"CALLE DOCTOR ZURITA Nº 3 Plta/Piso 2 Pta/Letra 2, piso 2, puerta 2","postal_code":"11004","places":2,"units":1,"registered":"2017-09-18","catastro":"2368212QA4426G0007EF","holder":null,"holder_count":null}},{"type":"Feature","geometry":{"type":"Point","coordinates":[-6.298792,36.532483]},"properties":{"id":"VUT/CA/03704","type":"VUT","group":"Completa","address":"CALLE ROSARIO CEPEDA Nº 9 Plta/Piso 1, piso 1","postal_code":"11001","places":8,"units":3,"registered":"2017-09-18","catastro":"1966612QA4416F0003DB","holder":null,"holder_count":null}},{"type":"Feature","geometry":{"type":"Point","coordinates":[-6.298008,36.535391]},"properties":{"id":"VUT/CA/03708","type":"VUT","group":"Completa","address":"CALLE Buenos Aires Nº 9 Plta/Piso 1 Pta/Letra A, piso 1, puerta A","postal_code":"11003","places":4,"units":1,"registered":"2017-09-19","catastro":"2069902QA4426G0002GO","holder":null,"holder_count":null}},{"type":"Feature","geometry":{"type":"Point","coordinates":[-6.294671,36.534743]},"properties":{"id":"VUT/CA/03713","type":"VUT","group":"Completa","address":"CALLE MANUEL RANCES Nº 11 Plta/Piso 3, piso 3","postal_code":"11004","places":4,"units":1,"registered":"2017-09-19","catastro":"2368203QA4426G0005HS","holder":null,"holder_count":null}},{"type":"Feature","geometry":{"type":"Point","coordinates":[-6.293105,36.531397]},"properties":{"id":"VUT/CA/03718","type":"VUT","group":"Completa","address":"CALLE SAN FRANCISCO Nº 36 Plta/Piso 2 Pta/Letra B, piso 2, puerta B","postal_code":"11005","places":4,"units":1,"registered":"2017-09-19","catastro":"2464306QA4426C0006BM","holder":"ALQUILER VACACIONAL TURISMO E INNOVACIÓN SOCIAL SCA","holder_count":81}},{"type":"Feature","geometry":{"type":"Point","coordinates":[-6.293105,36.531397]},"properties":{"id":"VUT/CA/03720","type":"VUT","group":"Completa","address":"CALLE SAN FRANCISCO Nº 36 Plta/Piso 2 Pta/Letra A, piso 2, puerta A","postal_code":"11005","places":4,"units":2,"registered":"2017-09-19","catastro":"2464306QA4426C0004KZ","holder":null,"holder_count":null}},{"type":"Feature","geometry":{"type":"Point","coordinates":[-6.300686,36.536337]},"properties":{"id":"VUT/CA/03758","type":"VUT","group":"Completa","address":"CALLE SAN ISIDRO Nº 1 Plta/Piso 2 Pta/Letra B, piso 2, puerta B","postal_code":"11003","places":4,"units":1,"registered":"2017-09-22","catastro":"1870801QA4417B0001YX","holder":null,"holder_count":null}},{"type":"Feature","geometry":{"type":"Point","coordinates":[-6.285957,36.524272]},"properties":{"id":"VUT/CA/03775","type":"VUT","group":"Completa","address":"CALLE ACACIAS Nº 15 Plta/Piso 3 Pta/Letra B-1, piso 3, puerta B-1","postal_code":"11007","places":4,"units":2,"registered":"2017-09-25","catastro":"3157110QA4435E0076KI","holder":null,"holder_count":null}},{"type":"Feature","geometry":{"type":"Point","coordinates":[-6.287503,36.524507]},"properties":{"id":"VUT/CA/03778","type":"VUT","group":"Completa","address":"AVENIDA ANDALUCIA Nº 4 Esc. C Plta/Piso 1 Pta/Letra 2, piso 1, puerta 2","postal_code":"11008","places":4,"units":2,"registered":"2017-09-25","catastro":"2956301QA4425F0017PK","holder":null,"holder_count":null}},{"type":"Feature","geometry":{"type":"Point","coordinates":[-6.297668,36.534333]},"properties":{"id":"VUT/CA/03803","type":"VUT","group":"Completa","address":"CALLE CANOVAS DEL CASTILLO Nº 12 Plta/Piso 4 Pta/Letra IZQ., piso 4, puerta IZQ.","postal_code":"11001","places":2,"units":1,"registered":"2017-09-27","catastro":"2068512QA4426G0006GD","holder":"FAMORI EMPRESARIOS SL","holder_count":1}},{"type":"Feature","geometry":{"type":"Point","coordinates":[-6.303667,36.531913]},"properties":{"id":"VUT/CA/03814","type":"VUT","group":"Completa","address":"CALLE SAN RAFAEL Nº 24 Plta/Piso Bajo Pta/Letra A, piso Bajo, puerta A","postal_code":"11002","places":6,"units":2,"registered":"2017-09-29","catastro":"1565905QA4416F0001FK","holder":null,"holder_count":null}},{"type":"Feature","geometry":{"type":"Point","coordinates":[-6.303667,36.531913]},"properties":{"id":"VUT/CA/03816","type":"VUT","group":"Completa","address":"CALLE SAN RAFAEL Nº 24 Plta/Piso 1 Pta/Letra B, piso 1, puerta B","postal_code":"11002","places":4,"units":1,"registered":"2017-09-29","catastro":"1565905QA4416F0001FK","holder":null,"holder_count":null}},{"type":"Feature","geometry":{"type":"Point","coordinates":[-6.294265,36.532379]},"properties":{"id":"VUT/CA/03826","type":"VUT","group":"Completa","address":"CALLE SAN FRANCISCO Nº 21 Plta/Piso info@cadiz Pta/Letra C Compl.Dom. DUPLICADO, piso info@cadiz, puerta C","postal_code":"11004","places":4,"units":2,"registered":"2017-10-02","catastro":"2366603QA4426E0007QL","holder":"DUNA BEDUINA SERVICIOS TURISTÍCOS, S.L.","holder_count":77}},{"type":"Feature","geometry":{"type":"Point","coordinates":[-6.279207,36.50759]},"properties":{"id":"VUT/CA/03827","type":"VUT","group":"Completa","address":"CALLE BRASIL Nº 12 Plta/Piso 3 Pta/Letra K, piso 3, puerta K","postal_code":"11009","places":4,"units":1,"registered":"2017-10-02","catastro":"3839108QA4433H0073MZ","holder":null,"holder_count":null}},{"type":"Feature","geometry":{"type":"Point","coordinates":[-6.283916,36.51946]},"properties":{"id":"VUT/CA/03830","type":"VUT","group":"Completa","address":"CALLE CIUDAD DE SANTANDER Nº 2 Plta/Piso 3 Pta/Letra i, piso 3, puerta i","postal_code":"11007","places":6,"units":4,"registered":"2017-10-02","catastro":"3352501QA4435C0005RO","holder":null,"holder_count":null}},{"type":"Feature","geometry":{"type":"Point","coordinates":[-6.303955,36.531277]},"properties":{"id":"VUT/CA/03845","type":"VUT","group":"Completa","address":"CALLE JOSE CELESTINO MUTIS Nº 3 Plta/Piso 1 Pta/Letra A, piso 1, puerta A","postal_code":"11002","places":4,"units":2,"registered":"2017-10-04","catastro":"1564813QA4416D0006OT","holder":"AC GESTION CADIZ S.L.","holder_count":39}},{"type":"Feature","geometry":{"type":"Point","coordinates":[-6.276258,36.503075]},"properties":{"id":"VUT/CA/03874","type":"VUT","group":"Completa","address":"PASEO MARITIMO Nº 11 Pta/Letra 21, puerta 21","postal_code":"11010","places":4,"units":1,"registered":"2017-10-09","catastro":"4134812QA4443C0025WH","holder":null,"holder_count":null}},{"type":"Feature","geometry":{"type":"Point","coordinates":[-6.294781,36.533548]},"properties":{"id":"VUT/CA/03893","type":"VUT","group":"Completa","address":"CALLE GENERAL LUQUE Nº 1 Plta/Piso 1 Pta/Letra IZQ, piso 1, puerta IZQ","postal_code":"11004","places":8,"units":3,"registered":"2017-10-16","catastro":"2367902QA4426E0001ED","holder":"GENERAL LUQUE 1 CB","holder_count":1}},{"type":"Feature","geometry":{"type":"Point","coordinates":[-6.293166,36.528649]},"properties":{"id":"VUT/CA/03911","type":"VUT","group":"Completa","address":"CALLE MESON Nº 20 Plta/Piso 1, piso 1","postal_code":"11005","places":4,"units":1,"registered":"2017-10-17","catastro":"2462412QA4426C0003GB","holder":null,"holder_count":null}},{"type":"Feature","geometry":{"type":"Point","coordinates":[-6.276258,36.503075]},"properties":{"id":"VUT/CA/03943","type":"VUT","group":"Completa","address":"PASEO MARÍTIMO Nº 11 Plta/Piso G-1 Pta/Letra 115, piso G-1, puerta 115","postal_code":"11010","places":5,"units":2,"registered":"2017-10-19","catastro":"4134812QA4443C0017BA","holder":null,"holder_count":null}},{"type":"Feature","geometry":{"type":"Point","coordinates":[-6.286861,36.523098]},"properties":{"id":"VUT/CA/03944","type":"VUT","group":"Completa","address":"CALLE SANTA MARIA SOLEDAD Nº 1 Plta/Piso 5 Pta/Letra I, piso 5, puerta I","postal_code":"11008","places":9,"units":4,"registered":"2017-10-19","catastro":"3055304QA4435E0010KY","holder":"ALQUILER VACACIONAL TURISMO E INNOVACIÓN SOCIAL SCA","holder_count":81}},{"type":"Feature","geometry":{"type":"Point","coordinates":[-6.299395,36.535931]},"properties":{"id":"VUT/CA/03963","type":"VUT","group":"Completa","address":"CALLE VEA MURGUIA Nº 17 Plta/Piso 3 Pta/Letra ÁTICO, piso 3, puerta ÁTICO","postal_code":"11003","places":4,"units":2,"registered":"2017-10-20","catastro":"1970703QA4417B0011LY","holder":null,"holder_count":null}},{"type":"Feature","geometry":{"type":"Point","coordinates":[-6.283066,36.519318]},"properties":{"id":"VUT/CA/03973","type":"VUT","group":"Completa","address":"CALLE GARCIA  ESCAMEZ Nº 6 Plta/Piso 1 Pta/Letra C, piso 1, puerta C","postal_code":"11008","places":8,"units":3,"registered":"2017-10-20","catastro":"3550802QA4435B0013RT","holder":null,"holder_count":null}},{"type":"Feature","geometry":{"type":"Point","coordinates":[-6.296098,36.534083]},"properties":{"id":"VUT/CA/03974","type":"VUT","group":"Completa","address":"CALLE ROSARIO Nº 2 Plta/Piso 4 Pta/Letra C, piso 4, puerta C","postal_code":"11004","places":3,"units":2,"registered":"2017-10-20","catastro":"2268710QA4426G0007DF","holder":null,"holder_count":null}},{"type":"Feature","geometry":{"type":"Point","coordinates":[-6.294897,36.531136]},"properties":{"id":"VUT/CA/03979","type":"VUT","group":"Completa","address":"PLAZA CANDELARIA Nº 4 Plta/Piso 3º Pta/Letra ATICO, piso 3º, puerta ATICO","postal_code":"11005","places":4,"units":2,"registered":"2017-10-20","catastro":"2364218QA4426C0010FQ","holder":null,"holder_count":null}},{"type":"Feature","geometry":{"type":"Point","coordinates":[-6.286954,36.522807]},"properties":{"id":"VUT/CA/03994","type":"VUT","group":"Completa","address":"CALLE SANTA MARIA DE LA SOLEDAD Nº 4 Plta/Piso BAJO Pta/Letra B, piso BAJO, puerta B","postal_code":"11008","places":4,"units":2,"registered":"2017-10-25","catastro":"3055901QA4435E0136GY","holder":null,"holder_count":null}},{"type":"Feature","geometry":{"type":"Point","coordinates":[-6.299656,36.532269]},"properties":{"id":"VUT/CA/04001","type":"VUT","group":"Completa","address":"CALLE SACRAMENTO Nº 36 Plta/Piso 5º Compl.Dom. ÁTICO, piso 5º","postal_code":"11003","places":4,"units":2,"registered":"2017-10-25","catastro":"1866606QA4416F0013QR","holder":null,"holder_count":null}},{"type":"Feature","geometry":{"type":"Point","coordinates":[-6.299006,36.529385]},"properties":{"id":"VUT/CA/04002","type":"VUT","group":"Completa","address":"CALLE CRUZ Nº 22 Esc. 2 Plta/Piso 1 Pta/Letra C, piso 1, puerta C","postal_code":"11002","places":2,"units":1,"registered":"2017-10-25","catastro":"1962342QA4416D0051LS","holder":null,"holder_count":null}},{"type":"Feature","geometry":{"type":"Point","coordinates":[-6.300523,36.533845]},"properties":{"id":"VUT/CA/04016","type":"VUT","group":"Completa","address":"CALLE ZARAGOZA Nº 19 Plta/Piso 2 Pta/Letra DERECHA, piso 2, puerta DERECHA","postal_code":"11003","places":6,"units":4,"registered":"2017-10-26","catastro":"1868720QA4416H0006FK","holder":"ALQUILER VACACIONAL TURISMO E INNOVACIÓN SOCIAL SCA","holder_count":81}},{"type":"Feature","geometry":{"type":"Point","coordinates":[-6.293105,36.531397]},"properties":{"id":"VUT/CA/04022","type":"VUT","group":"Completa","address":"CALLE SAN FRANCISCO Nº 36 Plta/Piso 1 Pta/Letra B, piso 1, puerta B","postal_code":"11005","places":4,"units":2,"registered":"2017-10-27","catastro":"2464306QA4426C0003JB","holder":null,"holder_count":null}},{"type":"Feature","geometry":{"type":"Point","coordinates":[-6.293105,36.531397]},"properties":{"id":"VUT/CA/04023","type":"VUT","group":"Completa","address":"CALLE SAN FRANCISCO Nº 36 Plta/Piso 1 Pta/Letra A, piso 1, puerta A","postal_code":"11005","places":4,"units":2,"registered":"2017-10-27","catastro":"2464306QA4426C0002HL","holder":null,"holder_count":null}},{"type":"Feature","geometry":{"type":"Point","coordinates":[-6.28386,36.514807]},"properties":{"id":"VUT/CA/04025","type":"VUT","group":"Completa","address":"CALLE CALLEJON DEL BLANCO Nº 4 Plta/Piso 5 Pta/Letra E, piso 5, puerta E","postal_code":"11008","places":5,"units":2,"registered":"2017-10-27","catastro":"3346401QA4434E0035YI","holder":null,"holder_count":null}},{"type":"Feature","geometry":{"type":"Point","coordinates":[-6.300516,36.532413]},"properties":{"id":"VUT/CA/04026","type":"VUT","group":"Completa","address":"CALLE SAN JOSE Nº 42 Plta/Piso 1º Pta/Letra A, piso 1º, puerta A","postal_code":"11001","places":4,"units":2,"registered":"2017-10-30","catastro":"1866601qa4416f0004lz","holder":null,"holder_count":null}},{"type":"Feature","geometry":{"type":"Point","coordinates":[-6.276524,36.505878]},"properties":{"id":"VUT/CA/04034","type":"VUT","group":"Completa","address":"AVENIDA CAYETANO DEL TORO Nº 21 Plta/Piso 9, piso 9","postal_code":"11010","places":3,"units":2,"registered":"2017-10-30","catastro":"4037509QA4443G0130KA","holder":null,"holder_count":null}},{"type":"Feature","geometry":{"type":"Point","coordinates":[-6.293105,36.531397]},"properties":{"id":"VUT/CA/04043","type":"VUT","group":"Completa","address":"CALLE SAN FRANCISCO Nº 36 Plta/Piso 3 Pta/Letra A, piso 3, puerta A","postal_code":"11005","places":4,"units":2,"registered":"2017-11-02","catastro":"2464306QA4426C0005LX","holder":null,"holder_count":null}},{"type":"Feature","geometry":{"type":"Point","coordinates":[-6.293105,36.531397]},"properties":{"id":"VUT/CA/04044","type":"VUT","group":"Completa","address":"CALLE SAN FRANCISCO Nº 36 Plta/Piso 3 Pta/Letra B, piso 3, puerta B","postal_code":"11005","places":4,"units":2,"registered":"2017-11-02","catastro":"2464306QA4426C0007ZQ","holder":null,"holder_count":null}},{"type":"Feature","geometry":{"type":"Point","coordinates":[-6.28984,36.527823]},"properties":{"id":"VUT/CA/04046","type":"VUT","group":"Completa","address":"CALLE SANTO DOMINGO Nº 10 Plta/Piso BAJO Pta/Letra B1, piso BAJO, puerta B1","postal_code":"11006","places":6,"units":3,"registered":"2017-11-02","catastro":"2861703QA4426B1001QU","holder":null,"holder_count":null}},{"type":"Feature","geometry":{"type":"Point","coordinates":[-6.300801,36.530494]},"properties":{"id":"VUT/CA/04058","type":"VUT","group":"Completa","address":"CALLE SAGASTA Nº 76 Plta/Piso 2 Pta/Letra D, piso 2, puerta D","postal_code":"11002","places":5,"units":2,"registered":"2017-11-06","catastro":"1863206QA4416D0006ST","holder":null,"holder_count":null}},{"type":"Feature","geometry":{"type":"Point","coordinates":[-6.300167,36.532015]},"properties":{"id":"VUT/CA/04072","type":"VUT","group":"Completa","address":"CALLE SAGASTA Nº 47 Plta/Piso BJ Pta/Letra DCHA, piso BJ, puerta DCHA","postal_code":"11001","places":2,"units":1,"registered":"2017-11-08","catastro":"1865107QA4416F0002ML","holder":null,"holder_count":null}},{"type":"Feature","geometry":{"type":"Point","coordinates":[-6.299233,36.534164]},"properties":{"id":"VUT/CA/04078","type":"VUT","group":"Completa","address":"CALLE CERVANTES Nº 31 Plta/Piso 3º Pta/Letra 1, piso 3º, puerta 1","postal_code":"11003","places":4,"units":1,"registered":"2017-11-09","catastro":"1968710QA4416H0005AJ","holder":null,"holder_count":null}},{"type":"Feature","geometry":{"type":"Point","coordinates":[-6.294425,36.531308]},"properties":{"id":"VUT/CA/04098","type":"VUT","group":"Completa","address":"CALLE SANTO CRISTO Nº 5 Plta/Piso BAJO Pta/Letra A, piso BAJO, puerta A","postal_code":"11005","places":6,"units":2,"registered":"2017-11-13","catastro":"2364203QA4426C0010ZQ","holder":null,"holder_count":null}},{"type":"Feature","geometry":{"type":"Point","coordinates":[-6.290473,36.528698]},"properties":{"id":"VUT/CA/04099","type":"VUT","group":"Completa","address":"CALLE SANTO DOMINGO Nº 1 Plta/Piso 1 Pta/Letra IZQ, piso 1, puerta IZQ","postal_code":"11006","places":6,"units":3,"registered":"2017-11-13","catastro":"2762704QA4426B0003RA","holder":null,"holder_count":null}},{"type":"Feature","geometry":{"type":"Point","coordinates":[-6.303955,36.531277]},"properties":{"id":"VUT/CA/04123","type":"VUT","group":"Completa","address":"CALLE JOSE CELESTINO MUTIS Nº 3 Plta/Piso BJ Pta/Letra C, piso BJ, puerta C","postal_code":"11002","places":4,"units":1,"registered":"2017-11-14","catastro":"1564813QA4416D0004UE","holder":null,"holder_count":null}},{"type":"Feature","geometry":{"type":"Point","coordinates":[-6.303955,36.531277]},"properties":{"id":"VUT/CA/04124","type":"VUT","group":"Completa","address":"CALLE JOSE CELESTINO MUTIS Nº 3 Plta/Piso 2 Pta/Letra D, piso 2, puerta D","postal_code":"11002","places":3,"units":1,"registered":"2017-11-14","catastro":"1564813QA4416D0013DO","holder":null,"holder_count":null}},{"type":"Feature","geometry":{"type":"Point","coordinates":[-6.273975,36.501981]},"properties":{"id":"VUT/CA/04131","type":"VUT","group":"Completa","address":"PLAZA DE MADRID Nº 3 Esc. IZQDA. Plta/Piso 8 Pta/Letra C, piso 8, puerta C","postal_code":"11010","places":4,"units":2,"registered":"2017-11-15","catastro":"4232301QA4443C0062OK","holder":null,"holder_count":null}},{"type":"Feature","geometry":{"type":"Point","coordinates":[-6.294026,36.531077]},"properties":{"id":"VUT/CA/04141","type":"VUT","group":"Completa","address":"CALLE MANZANARES Nº 3 Plta/Piso 3 Pta/Letra DER, piso 3, puerta DER","postal_code":"11005","places":4,"units":1,"registered":"2017-11-16","catastro":"2364207QA4426C0008SW","holder":null,"holder_count":null}},{"type":"Feature","geometry":{"type":"Point","coordinates":[-6.293957,36.536696]},"properties":{"id":"VUT/CA/04142","type":"VUT","group":"Completa","address":"CALLE HONDURAS Nº 1 Plta/Piso BAJO Pta/Letra C, piso BAJO, puerta C","postal_code":"11004","places":4,"units":1,"registered":"2017-11-16","catastro":"2370301QA4427A0006ZX","holder":null,"holder_count":null}},{"type":"Feature","geometry":{"type":"Point","coordinates":[-6.297146,36.531153]},"properties":{"id":"VUT/CA/04147","type":"VUT","group":"Completa","address":"CALLE COLUMELA Nº 2 Plta/Piso 2º Pta/Letra IZQUIERDA, piso 2º, puerta IZQUIERDA","postal_code":"11001","places":7,"units":2,"registered":"2017-11-17","catastro":"2164104QA4426C0005JX","holder":null,"holder_count":null}},{"type":"Feature","geometry":{"type":"Point","coordinates":[-6.300336,36.531342]},"properties":{"id":"VUT/CA/04159","type":"VUT","group":"Completa","address":"CALLE SAGASTA Nº 56 Plta/Piso 2 Pta/Letra D, piso 2, puerta D","postal_code":"11002","places":5,"units":3,"registered":"2017-11-20","catastro":"1864910QA4416D0004YE","holder":null,"holder_count":null}},{"type":"Feature","geometry":{"type":"Point","coordinates":[-6.301305,36.53529]},"properties":{"id":"VUT/CA/04160","type":"VUT","group":"Completa","address":"CALLE CEBALLOS Nº 1 Esc. 2 Plta/Piso 2 Pta/Letra 13, piso 2, puerta 13","postal_code":"11003","places":4,"units":2,"registered":"2017-11-20","catastro":"1769810QA4416H0143LM","holder":null,"holder_count":null}},{"type":"Feature","geometry":{"type":"Point","coordinates":[-6.297919,36.532851]},"properties":{"id":"VUT/CA/04161","type":"VUT","group":"Completa","address":"CALLE GASPAR DEL PINO Nº 2 Plta/Piso 4, piso 4","postal_code":"11001","places":2,"units":1,"registered":"2017-11-20","catastro":"2066105QA4426E0005ZJ","holder":null,"holder_count":null}},{"type":"Feature","geometry":{"type":"Point","coordinates":[-6.298795,36.530778]},"properties":{"id":"VUT/CA/04163","type":"VUT","group":"Completa","address":"CALLE SANTA LUCIA Nº 10 Plta/Piso 2 Pta/Letra DCHA, piso 2, puerta DCHA","postal_code":"11002","places":8,"units":4,"registered":"2017-11-21","catastro":"1964910QA4416D0003BW","holder":null,"holder_count":null}},{"type":"Feature","geometry":{"type":"Point","coordinates":[-6.293957,36.536696]},"properties":{"id":"VUT/CA/04173","type":"VUT","group":"Completa","address":"CALLE HONDURAS Nº 1 Plta/Piso 2 Pta/Letra C, piso 2, puerta C","postal_code":"11004","places":10,"units":3,"registered":"2017-11-22","catastro":"2370301QA4427A0012QW","holder":null,"holder_count":null}},{"type":"Feature","geometry":{"type":"Point","coordinates":[-6.296635,36.531554]},"properties":{"id":"VUT/CA/04174","type":"VUT","group":"Completa","address":"CALLE COLUMELA Nº 11 Plta/Piso 3, piso 3","postal_code":"11001","places":3,"units":2,"registered":"2017-11-22","catastro":"2265703QA4426E0005YJ","holder":"ACTUACIONES INMOBILIARIAS DE CADIZ S.L.","holder_count":2}},{"type":"Feature","geometry":{"type":"Point","coordinates":[-6.296635,36.531554]},"properties":{"id":"VUT/CA/04175","type":"VUT","group":"Completa","address":"CALLE COLUMELA Nº 11 Plta/Piso 4, piso 4","postal_code":"11007","places":3,"units":2,"registered":"2017-11-22","catastro":"2265703QA4426E0006UK","holder":"ALAMEDA DE CADIZ S.L.","holder_count":2}},{"type":"Feature","geometry":{"type":"Point","coordinates":[-6.296635,36.531554]},"properties":{"id":"VUT/CA/04176","type":"VUT","group":"Completa","address":"CALLE COLUMELA Nº 11 Plta/Piso 5, piso 5","postal_code":"11001","places":2,"units":1,"registered":"2017-11-22","catastro":"2265703QA4426E0007IL","holder":"ALAMEDA DE CADIZ S.L.","holder_count":2}},{"type":"Feature","geometry":{"type":"Point","coordinates":[-6.296635,36.531554]},"properties":{"id":"VUT/CA/04177","type":"VUT","group":"Completa","address":"CALLE COLUMELA Nº 11 Plta/Piso 2º, piso 2º","postal_code":"11001","places":3,"units":2,"registered":"2017-11-22","catastro":"2265703QA4426E0004TH","holder":"ACTUACIONES INMOBILIARIAS DE CADIZ S.L.","holder_count":2}},{"type":"Feature","geometry":{"type":"Point","coordinates":[-6.300703,36.533289]},"properties":{"id":"VUT/CA/04179","type":"VUT","group":"Completa","address":"CALLE VIRGIL Nº 2 Plta/Piso 2º Pta/Letra IZQUIERDA, piso 2º, puerta IZQUIERDA","postal_code":"11003","places":6,"units":2,"registered":"2017-11-23","catastro":"1766209QA4416F0008KW","holder":null,"holder_count":null}},{"type":"Feature","geometry":{"type":"Point","coordinates":[-6.300719,36.530732]},"properties":{"id":"VUT/CA/04184","type":"VUT","group":"Completa","address":"CALLE SAGASTA Nº 72 Plta/Piso 1 Pta/Letra IZQ, piso 1, puerta IZQ","postal_code":"11002","places":6,"units":2,"registered":"2017-11-24","catastro":"1864902QA4416D0002TQ","holder":null,"holder_count":null}},{"type":"Feature","geometry":{"type":"Point","coordinates":[-6.293957,36.536696]},"properties":{"id":"VUT/CA/04185","type":"VUT","group":"Completa","address":"CALLE HONDURAS Nº 1 Plta/Piso 1 Pta/Letra A, piso 1, puerta A","postal_code":"11004","places":3,"units":1,"registered":"2017-11-24","catastro":"2370301QA4427A0007XM","holder":null,"holder_count":null}},{"type":"Feature","geometry":{"type":"Point","coordinates":[-6.275328,36.502605]},"properties":{"id":"VUT/CA/04187","type":"VUT","group":"Completa","address":"CALLE JOSÉ GARCÍA AGULLÓ Nº 2 Plta/Piso 4º Pta/Letra B, piso 4º, puerta B","postal_code":"11010","places":4,"units":1,"registered":"2017-11-27","catastro":"4134809QA4443C0019XD","holder":null,"holder_count":null}},{"type":"Feature","geometry":{"type":"Point","coordinates":[-6.284453,36.522153]},"properties":{"id":"VUT/CA/04188","type":"VUT","group":"Completa","address":"CALLE GRANJA SAN ILDEFONSO Nº 5 Plta/Piso 3º Pta/Letra C, piso 3º, puerta C","postal_code":"11007","places":4,"units":2,"registered":"2017-11-27","catastro":"3254203QA4435C0073YP","holder":null,"holder_count":null}},{"type":"Feature","geometry":{"type":"Point","coordinates":[-6.281519,36.514726]},"properties":{"id":"VUT/CA/04192","type":"VUT","group":"Completa","address":"AVENIDA ANDALUCIA Nº 85 Plta/Piso 11º Pta/Letra DRCHA, piso 11º, puerta DRCHA","postal_code":"11007","places":4,"units":1,"registered":"2017-11-28","catastro":"3547401QA4434H0027DU","holder":"DUNA BEDUINA SERVICIOS TURISTÍCOS, S.L.","holder_count":77}},{"type":"Feature","geometry":{"type":"Point","coordinates":[-6.294885,36.535794]},"properties":{"id":"VUT/CA/04195","type":"VUT","group":"Completa","address":"CALLE ISABEL LA CATOLICA Nº 17 Plta/Piso BAJO Pta/Letra EXTER Compl.Dom. EXTERIOR, piso BAJO, puerta EXTER","postal_code":"11004","places":4,"units":2,"registered":"2017-11-28","catastro":"2369807QA4426G0007FF","holder":null,"holder_count":null}},{"type":"Feature","geometry":{"type":"Point","coordinates":[-6.29302,36.531056]},"properties":{"id":"VUT/CA/04196","type":"VUT","group":"Completa","address":"CALLE CRISTOBAL COLON Nº 1 Calif.Nº DUPLICADO Plta/Piso 1º Pta/Letra IZQDA., piso 1º, puerta IZQDA.","postal_code":"11005","places":6,"units":3,"registered":"2017-11-28","catastro":"2464206QA4426C0001AK","holder":null,"holder_count":null}},{"type":"Feature","geometry":{"type":"Point","coordinates":[-6.293938,36.534588]},"properties":{"id":"VUT/CA/04212","type":"VUT","group":"Completa","address":"PLAZA ESPAÑA Nº 14 Plta/Piso 3 Pta/Letra A, piso 3, puerta A","postal_code":"11006","places":4,"units":1,"registered":"2017-12-05","catastro":"2368404QA4426G0013GJ","holder":null,"holder_count":null}},{"type":"Feature","geometry":{"type":"Point","coordinates":[-6.298374,36.536417]},"properties":{"id":"VUT/CA/04213","type":"VUT","group":"Completa","address":"ALAMEDA APODACA Nº 11 Plta/Piso 2 Pta/Letra 11, piso 2, puerta 11","postal_code":"11003","places":2,"units":1,"registered":"2017-12-05","catastro":"1970405QA4417B0051UA","holder":"LITTLE APARTMENTS S.L.","holder_count":20}},{"type":"Feature","geometry":{"type":"Point","coordinates":[-6.297156,36.536218]},"properties":{"id":"VUT/CA/04223","type":"VUT","group":"Completa","address":"ALAMEDA APODACA Nº 17 Plta/Piso 3º Pta/Letra B, piso 3º, puerta B","postal_code":"11003","places":8,"units":3,"registered":"2017-12-12","catastro":"2170703QA4427A0009TW","holder":"SARACELIA INMOBILIARIA SL","holder_count":1}},{"type":"Feature","geometry":{"type":"Point","coordinates":[-6.27421,36.502413]},"properties":{"id":"VUT/CA/04226","type":"VUT","group":"Completa","address":"PLAZA MADRID Nº 4 Plta/Piso 6 Pta/Letra 5A, piso 6, puerta 5A","postal_code":"11010","places":3,"units":1,"registered":"2017-12-13","catastro":"4233902QA4443C0052JA","holder":null,"holder_count":null}},{"type":"Feature","geometry":{"type":"Point","coordinates":[-6.291575,36.528454]},"properties":{"id":"VUT/CA/04231","type":"VUT","group":"Completa","address":"CALLE YEDRA Nº 5 Plta/Piso 2 Pta/Letra IZQUIERDA, piso 2, puerta IZQUIERDA","postal_code":"11006","places":3,"units":1,"registered":"2017-12-13","catastro":"2661110QA4426B0001IO","holder":null,"holder_count":null}},{"type":"Feature","geometry":{"type":"Point","coordinates":[-6.286321,36.524351]},"properties":{"id":"VUT/CA/04233","type":"VUT","group":"Completa","address":"CALLE ACACIAS Nº 6 Plta/Piso ÁTICO, piso ÁTICO","postal_code":"11007","places":2,"units":1,"registered":"2017-12-14","catastro":"3057204QA4435E0011WU","holder":null,"holder_count":null}},{"type":"Feature","geometry":{"type":"Point","coordinates":[-6.301141,36.532926]},"properties":{"id":"VUT/CA/04246","type":"VUT","group":"Completa","address":"CALLE SACRAMENTO Nº 61 Plta/Piso BAJO Pta/Letra DERECHA, piso BAJO, puerta DERECHA","postal_code":"11003","places":7,"units":3,"registered":"2017-12-20","catastro":"1766215QA4416F0004KZ","holder":null,"holder_count":null}},{"type":"Feature","geometry":{"type":"Point","coordinates":[-6.301681,36.534356]},"properties":{"id":"VUT/CA/04247","type":"VUT","group":"Completa","address":"CALLE CEBALLOS Nº 18 Plta/Piso 2 Pta/Letra B, piso 2, puerta B","postal_code":"11003","places":4,"units":1,"registered":"2017-12-20","catastro":"1768801QA4416H0005MJ","holder":null,"holder_count":null}},{"type":"Feature","geometry":{"type":"Point","coordinates":[-6.301788,36.533429]},"properties":{"id":"VUT/CA/04248","type":"VUT","group":"Completa","address":"CALLE SOLEDAD Nº 30 Portal 30 Plta/Piso 2 Pta/Letra B, piso 2, puerta B","postal_code":"11003","places":2,"units":1,"registered":"2017-12-20","catastro":"1767701QA4416F0012KE","holder":null,"holder_count":null}},{"type":"Feature","geometry":{"type":"Point","coordinates":[-6.285055,36.522165]},"properties":{"id":"VUT/CA/04249","type":"VUT","group":"Completa","address":"CALLE Ecuador Nº 2 Esc. Derecha Plta/Piso 6 Pta/Letra C, piso 6, puerta C","postal_code":"11007","places":4,"units":2,"registered":"2017-12-20","catastro":"3254201QA4435C0106FD","holder":null,"holder_count":null}},{"type":"Feature","geometry":{"type":"Point","coordinates":[-6.300491,36.535048]},"properties":{"id":"VUT/CA/04264","type":"VUT","group":"Completa","address":"CALLE CERVANTES Nº 38 Plta/Piso ATICO, piso ATICO","postal_code":"11003","places":4,"units":2,"registered":"2018-01-04","catastro":"1768308QA4416H0007XL","holder":"ALQUILER VACACIONAL TURISMO E INNOVACIÓN SOCIAL SCA","holder_count":81}},{"type":"Feature","geometry":{"type":"Point","coordinates":[-6.292724,36.528407]},"properties":{"id":"VUT/CA/04272","type":"VUT","group":"Completa","address":"CALLE SANTA MARÍA Nº 3 Plta/Piso BJ Pta/Letra B, piso BJ, puerta B","postal_code":"11005","places":4,"units":2,"registered":"2018-01-05","catastro":"2561104QA4426B0002DP","holder":"ALQUILER VACACIONAL TURISMO E INNOVACIÓN SOCIAL SCA","holder_count":81}},{"type":"Feature","geometry":{"type":"Point","coordinates":[-6.29989,36.534924]},"properties":{"id":"VUT/CA/04279","type":"VUT","group":"Completa","address":"CALLE PLATA Nº 5 Plta/Piso 3 Pta/Letra IZDA, piso 3, puerta IZDA","postal_code":"11007","places":4,"units":3,"registered":"2018-01-08","catastro":"1868208QA4416H0010PL","holder":"APARTMENTS TIME S.L.","holder_count":55}},{"type":"Feature","geometry":{"type":"Point","coordinates":[-6.295963,36.535714]},"properties":{"id":"VUT/CA/04280","type":"VUT","group":"Completa","address":"CALLE SANTIAGO TERRY Nº 3 Plta/Piso BJO Pta/Letra IZDO, piso BJO, puerta IZDO","postal_code":"11007","places":4,"units":3,"registered":"2018-01-08","catastro":"2269102QA4426G0009BH","holder":null,"holder_count":null}},{"type":"Feature","geometry":{"type":"Point","coordinates":[-6.300479,36.535128]},"properties":{"id":"VUT/CA/04283","type":"VUT","group":"Completa","address":"CALLE CERVANTES Nº 43 Plta/Piso BAJO Pta/Letra A, piso BAJO, puerta A","postal_code":"11003","places":4,"units":1,"registered":"2018-01-08","catastro":"1869714QA4416H0002AF","holder":null,"holder_count":null}},{"type":"Feature","geometry":{"type":"Point","coordinates":[-6.299148,36.532218]},"properties":{"id":"VUT/CA/04299","type":"VUT","group":"Completa","address":"CALLE SACRAMENTO Nº 41 Plta/Piso ATC Pta/Letra 01, piso ATC, puerta 01","postal_code":"11001","places":2,"units":1,"registered":"2018-01-11","catastro":"1966615QA4416F0007ZQ","holder":null,"holder_count":null}},{"type":"Feature","geometry":{"type":"Point","coordinates":[-6.297294,36.535513]},"properties":{"id":"VUT/CA/04301","type":"VUT","group":"Completa","address":"PLAZA DE MINA Nº 13 Portal 13 Esc. 1 Plta/Piso 1 Pta/Letra 1, piso 1, puerta 1","postal_code":"11004","places":2,"units":1,"registered":"2018-01-11","catastro":"2069912QA4426G0001II","holder":"APARTMENTS TIME S.L.","holder_count":55}},{"type":"Feature","geometry":{"type":"Point","coordinates":[-6.275922,36.504944]},"properties":{"id":"VUT/CA/04302","type":"VUT","group":"Completa","address":"AVENIDA CAYETANO DEL TORO Nº 29 Plta/Piso 10 Pta/Letra H, piso 10, puerta H","postal_code":"11010","places":4,"units":2,"registered":"2018-01-11","catastro":"4136702QA4443E0114OY","holder":null,"holder_count":null}},{"type":"Feature","geometry":{"type":"Point","coordinates":[-6.277291,36.511806]},"properties":{"id":"VUT/CA/04306","type":"VUT","group":"Completa","address":"CALLE GARCIA CARRERA Nº 27 Plta/Piso BAJO Pta/Letra IZQ, piso BAJO, puerta IZQ","postal_code":"11009","places":4,"units":2,"registered":"2018-01-11","catastro":"3943204QA4434D0002UZ","holder":null,"holder_count":null}},{"type":"Feature","geometry":{"type":"Point","coordinates":[-6.280977,36.51927]},"properties":{"id":"VUT/CA/04308","type":"VUT","group":"Completa","address":"CALLE ANTONIO MACHADO Nº 11 Plta/Piso 2 Pta/Letra B, piso 2, puerta B","postal_code":"11008","places":4,"units":2,"registered":"2018-01-11","catastro":"3651906QA4435B0006FQ","holder":null,"holder_count":null}},{"type":"Feature","geometry":{"type":"Point","coordinates":[-6.295232,36.534632]},"properties":{"id":"VUT/CA/04310","type":"VUT","group":"Completa","address":"CALLE RAFAEL DE LA VIESCA Nº 4 Plta/Piso 3º Pta/Letra A, piso 3º, puerta A","postal_code":"11001","places":4,"units":1,"registered":"2018-01-11","catastro":"2268308QA4426G0011UG","holder":"AC GESTION CADIZ S.L.","holder_count":39}},{"type":"Feature","geometry":{"type":"Point","coordinates":[-6.298255,36.536342]},"properties":{"id":"VUT/CA/04323","type":"VUT","group":"Completa","address":"CALLE CALDERÓN DE LA BARCA Nº 14 Plta/Piso 3 Pta/Letra V12, piso 3, puerta V12","postal_code":"11003","places":4,"units":2,"registered":"2018-01-12","catastro":"1970406QA4417B0028WB","holder":"DUNA BEDUINA SERVICIOS TURISTÍCOS, S.L.","holder_count":77}},{"type":"Feature","geometry":{"type":"Point","coordinates":[-6.272565,36.497408]},"properties":{"id":"VUT/CA/04329","type":"VUT","group":"Completa","address":"PASEO MARITIMO Nº 28 Plta/Piso 11 Pta/Letra D, piso 11, puerta D","postal_code":"11010","places":4,"units":1,"registered":"2018-01-12","catastro":"4428805qa4442g0110pe","holder":null,"holder_count":null}},{"type":"Feature","geometry":{"type":"Point","coordinates":[-6.27624,36.506253]},"properties":{"id":"VUT/CA/04332","type":"VUT","group":"Completa","address":"CALLE ALONSO CANO Nº 3 Plta/Piso ENT Pta/Letra A, piso ENT, puerta A","postal_code":"11010","places":6,"units":3,"registered":"2018-01-12","catastro":"4037204QA4443E0080HW","holder":null,"holder_count":null}},{"type":"Feature","geometry":{"type":"Point","coordinates":[-6.292724,36.528407]},"properties":{"id":"VUT/CA/04333","type":"VUT","group":"Completa","address":"CALLE Santa Maria Nº 3 Portal 3 Plta/Piso 1 Pta/Letra A, piso 1, puerta A","postal_code":"11005","places":4,"units":2,"registered":"2018-01-12","catastro":"2561104QA4426B0003FA","holder":null,"holder_count":null}},{"type":"Feature","geometry":{"type":"Point","coordinates":[-6.30338,36.529229]},"properties":{"id":"VUT/CA/04342","type":"VUT","group":"Completa","address":"CALLE SAN FÉLIX Nº 8 Plta/Piso 3 Pta/Letra A, piso 3, puerta A","postal_code":"11002","places":5,"units":3,"registered":"2018-01-15","catastro":"1562915QA4416B0014EG","holder":null,"holder_count":null}},{"type":"Feature","geometry":{"type":"Point","coordinates":[-6.295179,36.533157]},"properties":{"id":"VUT/CA/04344","type":"VUT","group":"Completa","address":"CALLE Rosario Nº 10 Plta/Piso 3 Pta/Letra D, piso 3, puerta D","postal_code":"11003","places":4,"units":1,"registered":"2018-01-15","catastro":"2267908QA4426E0009RZ","holder":null,"holder_count":null}},{"type":"Feature","geometry":{"type":"Point","coordinates":[-6.297843,36.532875]},"properties":{"id":"VUT/CA/04352","type":"VUT","group":"Completa","address":"CALLE CERVANTES Nº 1 Plta/Piso 2 Pta/Letra A, piso 2, puerta A","postal_code":"11001","places":6,"units":3,"registered":"2018-01-16","catastro":"2066316QA4426E0004IH","holder":"ALQUILER VACACIONAL TURISMO E INNOVACIÓN SOCIAL SCA","holder_count":81}},{"type":"Feature","geometry":{"type":"Point","coordinates":[-6.298451,36.531522]},"properties":{"id":"VUT/CA/04356","type":"VUT","group":"Completa","address":"CALLE JOSE DE DIOS Nº 5 Plta/Piso 3 Pta/Letra IZQUIERDA, piso 3, puerta IZQUIERDA","postal_code":"11001","places":4,"units":2,"registered":"2018-01-16","catastro":"1965510QA4416F0008FW","holder":null,"holder_count":null}},{"type":"Feature","geometry":{"type":"Point","coordinates":[-6.291346,36.529139]},"properties":{"id":"VUT/CA/04357","type":"VUT","group":"Completa","address":"CALLE SOPRANIS Nº 14 Plta/Piso 2 Pta/Letra C, piso 2, puerta C","postal_code":"11006","places":6,"units":2,"registered":"2018-01-16","catastro":"2662207QA4426B0008QH","holder":null,"holder_count":null}},{"type":"Feature","geometry":{"type":"Point","coordinates":[-6.301701,36.532023]},"properties":{"id":"VUT/CA/04359","type":"VUT","group":"Completa","address":"CALLE TORRE Nº 51 Plta/Piso BAJO Pta/Letra DERECHA, piso BAJO, puerta DERECHA","postal_code":"11002","places":4,"units":1,"registered":"2018-01-16","catastro":"1665410QA4416F0003YB","holder":null,"holder_count":null}},{"type":"Feature","geometry":{"type":"Point","coordinates":[-6.297843,36.532875]},"properties":{"id":"VUT/CA/04364","type":"VUT","group":"Completa","address":"CALLE CERVANTES Nº 1 Plta/Piso 2 Pta/Letra B, piso 2, puerta B","postal_code":"11001","places":4,"units":1,"registered":"2018-01-17","catastro":"2066316QA4426E0005OJ","holder":"ALQUILER VACACIONAL TURISMO E INNOVACIÓN SOCIAL SCA","holder_count":81}},{"type":"Feature","geometry":{"type":"Point","coordinates":[-6.281205,36.514721]},"properties":{"id":"VUT/CA/04365","type":"VUT","group":"Completa","address":"AVENIDA PORTUGAL Nº 1 Plta/Piso 1 Pta/Letra A, piso 1, puerta A","postal_code":"11008","places":2,"units":1,"registered":"2018-01-17","catastro":"3547409QA4434H0002BA","holder":null,"holder_count":null}},{"type":"Feature","geometry":{"type":"Point","coordinates":[-6.299327,36.536381]},"properties":{"id":"VUT/CA/04387","type":"VUT","group":"Completa","address":"CALLE VEA MURGUIA Nº 25 Plta/Piso 1 Pta/Letra IZQ, piso 1, puerta IZQ","postal_code":"11003","places":4,"units":3,"registered":"2018-01-19","catastro":"1970801QA4417B0002XM","holder":null,"holder_count":null}},{"type":"Feature","geometry":{"type":"Point","coordinates":[-6.300336,36.531342]},"properties":{"id":"VUT/CA/04400","type":"VUT","group":"Completa","address":"CALLE SAGASTA Nº 56 Plta/Piso 2 Pta/Letra IZQ., piso 2, puerta IZQ.","postal_code":"11002","places":4,"units":2,"registered":"2018-01-22","catastro":"1864910QA4416D0003TW","holder":null,"holder_count":null}},{"type":"Feature","geometry":{"type":"Point","coordinates":[-6.294554,36.53643]},"properties":{"id":"VUT/CA/04401","type":"VUT","group":"Completa","address":"CALLE ISABEL LA CATOLICA Nº 27 Plta/Piso 3 Pta/Letra B, piso 3, puerta B","postal_code":"11004","places":2,"units":1,"registered":"2018-01-22","catastro":"2370904QA4427A0001ZJ","holder":null,"holder_count":null}},{"type":"Feature","geometry":{"type":"Point","coordinates":[-6.299183,36.533758]},"properties":{"id":"VUT/CA/04404","type":"VUT","group":"Completa","address":"CALLE SAN JOSE Nº 25 Plta/Piso 1 Pta/Letra DCHA., piso 1, puerta DCHA.","postal_code":"11004","places":2,"units":1,"registered":"2018-01-22","catastro":"1867412QA4416H0003KG","holder":null,"holder_count":null}},{"type":"Feature","geometry":{"type":"Point","coordinates":[-6.29739,36.52975]},"properties":{"id":"VUT/CA/04405","type":"VUT","group":"Completa","address":"CALLE ARBOLÍ Nº 24-26 Plta/Piso BAJO Pta/Letra B, piso BAJO, puerta B","postal_code":"11005","places":6,"units":2,"registered":"2018-01-22","catastro":"2163904QA4426C0003LB","holder":"APARTMENTS TIME S.L.","holder_count":55}},{"type":"Feature","geometry":{"type":"Point","coordinates":[-6.296416,36.535781]},"properties":{"id":"VUT/CA/04407","type":"VUT","group":"Completa","address":"CALLE GENERAL MENACHO Nº 4 Plta/Piso 3 Pta/Letra IZQ, piso 3, puerta IZQ","postal_code":"11004","places":5,"units":2,"registered":"2018-01-22","catastro":"2170610QA4427A0013GE","holder":"DUNA BEDUINA SERVICIOS TURISTÍCOS, S.L.","holder_count":77}},{"type":"Feature","geometry":{"type":"Point","coordinates":[-6.306469,36.533446]},"properties":{"id":"VUT/CA/04408","type":"VUT","group":"Completa","address":"AVENIDA DUQUE DE NAJERA Nº 7 Blq. D Plta/Piso 5º Pta/Letra B, piso 5º, puerta B","postal_code":"11002","places":8,"units":4,"registered":"2018-01-22","catastro":"1267601QA4416E0064XI","holder":"DUNA BEDUINA SERVICIOS TURISTÍCOS, S.L.","holder_count":77}},{"type":"Feature","geometry":{"type":"Point","coordinates":[-6.28105,36.516317]},"properties":{"id":"VUT/CA/04419","type":"VUT","group":"Completa","address":"CALLE HUERTA DEL OBISPO Nº 6 Plta/Piso 3 Pta/Letra B, piso 3, puerta B","postal_code":"11008","places":4,"units":2,"registered":"2018-01-24","catastro":"3548502QA4434H0021WQ","holder":"ALQUILER VACACIONAL TURISMO E INNOVACIÓN SOCIAL SCA","holder_count":81}},{"type":"Feature","geometry":{"type":"Point","coordinates":[-6.288439,36.524397]},"properties":{"id":"VUT/CA/04420","type":"VUT","group":"Completa","address":"CALLE SANTA MARÍA DEL MAR Portal 4 Plta/Piso BAJO Pta/Letra D, piso BAJO, puerta D","postal_code":"11008","places":4,"units":2,"registered":"2018-01-24","catastro":"2857402QA4425H0004EE","holder":null,"holder_count":null}},{"type":"Feature","geometry":{"type":"Point","coordinates":[-6.28386,36.514807]},"properties":{"id":"VUT/CA/04425","type":"VUT","group":"Completa","address":"AVENIDA AMILCAR BARCA Nº 17 Plta/Piso 3 Pta/Letra C, piso 3, puerta C","postal_code":"11008","places":3,"units":1,"registered":"2018-01-24","catastro":"3346401QA4434E0019LZ","holder":null,"holder_count":null}},{"type":"Feature","geometry":{"type":"Point","coordinates":[-6.297843,36.533515]},"properties":{"id":"VUT/CA/04438","type":"VUT","group":"Completa","address":"CALLE SAGASTA Nº 13 Plta/Piso 3º Pta/Letra A, piso 3º, puerta A","postal_code":"11001","places":2,"units":1,"registered":"2018-01-29","catastro":"1967413QA4416H0008QB","holder":null,"holder_count":null}},{"type":"Feature","geometry":{"type":"Point","coordinates":[-6.297273,36.533091]},"properties":{"id":"VUT/CA/04439","type":"VUT","group":"Completa","address":"CALLE ANCHA Nº 31 Plta/Piso 1 Pta/Letra 1, piso 1, puerta 1","postal_code":"11001","places":2,"units":1,"registered":"2018-01-29","catastro":"2066308QA4426E0013GX","holder":"ANCHA ASESORES, S.L.","holder_count":2}},{"type":"Feature","geometry":{"type":"Point","coordinates":[-6.294573,36.533355]},"properties":{"id":"VUT/CA/04450","type":"VUT","group":"Completa","address":"CALLE CORNETA SOTO GUERRERO Nº 3 Plta/Piso 1 Pta/Letra 2B, piso 1, puerta 2B","postal_code":"11004","places":4,"units":2,"registered":"2018-01-31","catastro":"2367602QA4426E0006LK","holder":null,"holder_count":null}},{"type":"Feature","geometry":{"type":"Point","coordinates":[-6.297329,36.532542]},"properties":{"id":"VUT/CA/04455","type":"VUT","group":"Completa","address":"CALLE San Miguel Nº 6 Plta/Piso 3 Pta/Letra A, piso 3, puerta A","postal_code":"11001","places":6,"units":3,"registered":"2018-01-31","catastro":"2166706QA4426E0010WL","holder":null,"holder_count":null}},{"type":"Feature","geometry":{"type":"Point","coordinates":[-6.306469,36.533446]},"properties":{"id":"VUT/CA/04463","type":"VUT","group":"Completa","address":"AVENIDA DUQUE DE NAJERA Nº 7 Plta/Piso BAJO Pta/Letra E, piso BAJO, puerta E","postal_code":"11002","places":6,"units":3,"registered":"2018-02-01","catastro":"1267601QA4416E0130MO","holder":null,"holder_count":null}},{"type":"Feature","geometry":{"type":"Point","coordinates":[-6.300561,36.535952]},"properties":{"id":"VUT/CA/04467","type":"VUT","group":"Completa","address":"CALLE ENRIQUE DE LAS MARINAS Nº 26 Pta/Letra BAJO, puerta BAJO","postal_code":"11004","places":6,"units":2,"registered":"2018-02-02","catastro":"1770608QA4417B0001MX","holder":null,"holder_count":null}},{"type":"Feature","geometry":{"type":"Point","coordinates":[-6.297511,36.5341]},"properties":{"id":"VUT/CA/04468","type":"VUT","group":"Completa","address":"CALLE CANOVAS DEL CASTILLO Nº 19 Plta/Piso ATICO, piso ATICO","postal_code":"11001","places":4,"units":1,"registered":"2018-02-02","catastro":"2068610QA4426G0007WF","holder":null,"holder_count":null}},{"type":"Feature","geometry":{"type":"Point","coordinates":[-6.300523,36.533845]},"properties":{"id":"VUT/CA/04470","type":"VUT","group":"Completa","address":"CALLE Zaragoza Nº 19 Plta/Piso 1 Pta/Letra izq, piso 1, puerta izq","postal_code":"11003","places":2,"units":1,"registered":"2018-02-04","catastro":"1868720QA4416H0005DJ","holder":null,"holder_count":null}},{"type":"Feature","geometry":{"type":"Point","coordinates":[-6.290995,36.528889]},"properties":{"id":"VUT/CA/04471","type":"VUT","group":"Completa","address":"CALLE SOPRANIS Nº 23 Plta/Piso 1 Pta/Letra IZQUIERDA, piso 1, puerta IZQUIERDA","postal_code":"11006","places":6,"units":2,"registered":"2018-02-04","catastro":"2662907QA4426B0005ED","holder":null,"holder_count":null}},{"type":"Feature","geometry":{"type":"Point","coordinates":[-6.277312,36.506586]},"properties":{"id":"VUT/CA/04491","type":"VUT","group":"Completa","address":"AVENIDA Cayetano del toro Nº 18 Plta/Piso 4 Pta/Letra C, piso 4, puerta C","postal_code":"11010","places":6,"units":3,"registered":"2018-02-06","catastro":"3938809QA4433H0015UR","holder":null,"holder_count":null}},{"type":"Feature","geometry":{"type":"Point","coordinates":[-6.304756,36.529378]},"properties":{"id":"VUT/CA/04492","type":"VUT","group":"Completa","address":"CALLE ANGEL Nº 6 Plta/Piso 2 Pta/Letra C, piso 2, puerta C","postal_code":"11002","places":2,"units":1,"registered":"2018-02-07","catastro":"1462914qa4416a0011xe","holder":"DELGADO DE MENDOZA PATRIMONIAL, S.L.","holder_count":1}},{"type":"Feature","geometry":{"type":"Point","coordinates":[-6.296328,36.533849]},"properties":{"id":"VUT/CA/04495","type":"VUT","group":"Completa","address":"CALLE VALVERDE Nº 3 Plta/Piso 2 Pta/Letra IZQ, piso 2, puerta IZQ","postal_code":"11004","places":6,"units":3,"registered":"2018-02-07","catastro":"2167207QA4426E0009ZZ","holder":null,"holder_count":null}},{"type":"Feature","geometry":{"type":"Point","coordinates":[-6.299846,36.535608]},"properties":{"id":"VUT/CA/04497","type":"VUT","group":"Completa","address":"CALLE VEA MURGUIA Nº 14 Portal 14 Plta/Piso 1 Pta/Letra 1, piso 1, puerta 1","postal_code":"11003","places":4,"units":2,"registered":"2018-02-07","catastro":"1869107QA4416H0007WL","holder":null,"holder_count":null}},{"type":"Feature","geometry":{"type":"Point","coordinates":[-6.296465,36.529409]},"properties":{"id":"VUT/CA/04498","type":"VUT","group":"Completa","address":"CALLE SAN JUAN Nº 31-33 Portal 31-33 Plta/Piso 4 Pta/Letra IZQ., piso 4, puerta IZQ.","postal_code":"11005","places":4,"units":2,"registered":"2018-02-07","catastro":"2162408QA4426C0008SW","holder":"APARTMENTS TIME S.L.","holder_count":55}},{"type":"Feature","geometry":{"type":"Point","coordinates":[-6.298008,36.535391]},"properties":{"id":"VUT/CA/04504","type":"VUT","group":"Completa","address":"CALLE BUENOS AIRES Nº 9 Plta/Piso 2, piso 2","postal_code":"11003","places":3,"units":1,"registered":"2018-02-09","catastro":"2069902QA4426G0005KS","holder":null,"holder_count":null}},{"type":"Feature","geometry":{"type":"Point","coordinates":[-6.294295,36.533149]},"properties":{"id":"VUT/CA/04512","type":"VUT","group":"Completa","address":"CALLE ARGANTONIO Nº 13 Plta/Piso 2 Pta/Letra IZQ., piso 2, puerta IZQ.","postal_code":"11004","places":6,"units":2,"registered":"2018-02-14","catastro":"2367605QA4426E0007QL","holder":null,"holder_count":null}},{"type":"Feature","geometry":{"type":"Point","coordinates":[-6.298792,36.532483]},"properties":{"id":"VUT/CA/04520","type":"VUT","group":"Completa","address":"CALLE ROSARIO CEPEDA Nº 9 Plta/Piso BAJO Pta/Letra B, piso BAJO, puerta B","postal_code":"11001","places":2,"units":1,"registered":"2018-02-15","catastro":"1966612QA4416F0002SL","holder":null,"holder_count":null}},{"type":"Feature","geometry":{"type":"Point","coordinates":[-6.28909,36.527318]},"properties":{"id":"VUT/CA/04532","type":"VUT","group":"Completa","address":"CALLE TENIENTE ANDÚJAR Nº 38 Plta/Piso 1 Pta/Letra A, piso 1, puerta A","postal_code":"11006","places":4,"units":2,"registered":"2018-02-16","catastro":"2860203QA4426B0004RS","holder":"ALQUILER VACACIONAL TURISMO E INNOVACIÓN SOCIAL SCA","holder_count":81}},{"type":"Feature","geometry":{"type":"Point","coordinates":[-6.280125,36.509877]},"properties":{"id":"VUT/CA/04537","type":"VUT","group":"Completa","address":"CALLE CRUZ ROJA ESPAÑOLA Nº 10 Plta/Piso 3 Pta/Letra DERECHA, piso 3, puerta DERECHA","postal_code":"11009","places":7,"units":3,"registered":"2018-02-19","catastro":"3641406QA4434B0005RY","holder":null,"holder_count":null}},{"type":"Feature","geometry":{"type":"Point","coordinates":[-6.291039,36.529362]},"properties":{"id":"VUT/CA/04539","type":"VUT","group":"Completa","address":"CALLE PLOCIA Nº 15 Plta/Piso 1 Pta/Letra B, piso 1, puerta B","postal_code":"11006","places":4,"units":1,"registered":"2018-02-19","catastro":"2662303QA4426D0004AU","holder":null,"holder_count":null}},{"type":"Feature","geometry":{"type":"Point","coordinates":[-6.296618,36.536031]},"properties":{"id":"VUT/CA/04541","type":"VUT","group":"Completa","address":"CALLE ZORRILLA Nº 5 Plta/Piso 2 Pta/Letra DCHA, piso 2, puerta DCHA","postal_code":"11004","places":4,"units":2,"registered":"2018-02-19","catastro":"2170603QA4427A0002JK","holder":null,"holder_count":null}},{"type":"Feature","geometry":{"type":"Point","coordinates":[-6.295179,36.533157]},"properties":{"id":"VUT/CA/04550","type":"VUT","group":"Completa","address":"CALLE ROSARIO Nº 10D Plta/Piso 2 Pta/Letra A, piso 2, puerta A","postal_code":"11004","places":4,"units":2,"registered":"2018-02-21","catastro":"2267908QA4426E0003ZG","holder":"APARTMENTS TIME S.L.","holder_count":55}},{"type":"Feature","geometry":{"type":"Point","coordinates":[-6.303235,36.530064]},"properties":{"id":"VUT/CA/04572","type":"VUT","group":"Completa","address":"CALLE CORRALON DE LOS CARROS Nº 60 Plta/Piso BAJO Pta/Letra A, piso BAJO, puerta A","postal_code":"11002","places":6,"units":2,"registered":"2018-02-23","catastro":"1563504QA4416D0010IY","holder":null,"holder_count":null}},{"type":"Feature","geometry":{"type":"Point","coordinates":[-6.293966,36.535646]},"properties":{"id":"VUT/CA/04582","type":"VUT","group":"Por habitaciones","address":"PLAZA DE ESPAÑA Nº 5 Portal D Plta/Piso 1 Pta/Letra I, piso 1, puerta I","postal_code":"11006","places":4,"units":2,"registered":"2018-02-26","catastro":"2369409QA4426G0002AO","holder":null,"holder_count":null}},{"type":"Feature","geometry":{"type":"Point","coordinates":[-6.298807,36.530429]},"properties":{"id":"VUT/CA/04607","type":"VUT","group":"Completa","address":"CALLE GENTIL Nº 4 Plta/Piso 1, piso 1","postal_code":"11002","places":5,"units":2,"registered":"2018-03-02","catastro":"1963301QA4416D0001RM","holder":null,"holder_count":null}},{"type":"Feature","geometry":{"type":"Point","coordinates":[-6.298807,36.530429]},"properties":{"id":"VUT/CA/04608","type":"VUT","group":"Completa","address":"CALLE GENTIL Nº 4 Plta/Piso 3, piso 3","postal_code":"11002","places":5,"units":2,"registered":"2018-03-02","catastro":"1963301QA4416D0001RM","holder":null,"holder_count":null}},{"type":"Feature","geometry":{"type":"Point","coordinates":[-6.294039,36.531784]},"properties":{"id":"VUT/CA/04613","type":"VUT","group":"Completa","address":"CALLE ROSARIO Nº 22 Plta/Piso 3 Pta/Letra A, piso 3, puerta A","postal_code":"11005","places":8,"units":3,"registered":"2018-03-05","catastro":"2365306QA4426E0024XU","holder":"rosario22 cbcadiz","holder_count":1}},{"type":"Feature","geometry":{"type":"Point","coordinates":[-6.299233,36.534164]},"properties":{"id":"VUT/CA/04621","type":"VUT","group":"Completa","address":"CALLE CERVANTES Nº 31 Plta/Piso 2, piso 2","postal_code":"11001","places":4,"units":2,"registered":"2018-03-07","catastro":"1968710QA4416H0004PH","holder":null,"holder_count":null}},{"type":"Feature","geometry":{"type":"Point","coordinates":[-6.302057,36.535905]},"properties":{"id":"VUT/CA/04639","type":"VUT","group":"Por habitaciones","address":"CALLE SAN DIMAS Nº 2 Plta/Piso 1º Pta/Letra D, piso 1º, puerta D","postal_code":"11003","places":4,"units":1,"registered":"2018-03-09","catastro":"1669303QA4416H0008FB","holder":null,"holder_count":null}},{"type":"Feature","geometry":{"type":"Point","coordinates":[-6.300002,36.530137]},"properties":{"id":"VUT/CA/04657","type":"VUT","group":"Completa","address":"CALLE CARDOSO Nº 17 Plta/Piso 2 Pta/Letra B, piso 2, puerta B","postal_code":"11002","places":4,"units":1,"registered":"2018-03-13","catastro":"1863218QA4416D0008EU","holder":null,"holder_count":null}},{"type":"Feature","geometry":{"type":"Point","coordinates":[-6.300002,36.530137]},"properties":{"id":"VUT/CA/04658","type":"VUT","group":"Completa","address":"CALLE CARDOSO Nº 17 Plta/Piso 2 Pta/Letra A, piso 2, puerta A","postal_code":"11002","places":8,"units":2,"registered":"2018-03-13","catastro":"1863218QA4416D0007WY","holder":"Restauraciones y Obras Asisur S.L.","holder_count":2}},{"type":"Feature","geometry":{"type":"Point","coordinates":[-6.300002,36.530137]},"properties":{"id":"VUT/CA/04660","type":"VUT","group":"Completa","address":"CALLE CARDOSO Nº 17 Plta/Piso BAJO, piso BAJO","postal_code":"11002","places":6,"units":2,"registered":"2018-03-13","catastro":"1863218QA4416D0003ZW","holder":"Restauraciones y Obras Asisur S.L.","holder_count":2}},{"type":"Feature","geometry":{"type":"Point","coordinates":[-6.303958,36.531329]},"properties":{"id":"VUT/CA/04665","type":"VUT","group":"Completa","address":"CALLE JOSE CELESTINO MUTIS Nº 2 Plta/Piso 1, piso 1","postal_code":"11002","places":5,"units":2,"registered":"2018-03-14","catastro":"1564814QA4416D0002FQ","holder":null,"holder_count":null}},{"type":"Feature","geometry":{"type":"Point","coordinates":[-6.298839,36.532368]},"properties":{"id":"VUT/CA/04667","type":"VUT","group":"Completa","address":"CALLE ROSARIO CEPEDA Nº 11 Plta/Piso 2 Pta/Letra D, piso 2, puerta D","postal_code":"11001","places":8,"units":4,"registered":"2018-03-14","catastro":"1966613QA4416F0006WM","holder":null,"holder_count":null}},{"type":"Feature","geometry":{"type":"Point","coordinates":[-6.302324,36.528825]},"properties":{"id":"VUT/CA/04687","type":"VUT","group":"Completa","address":"CALLE DOCTORES MELENDEZ Nº 18 Plta/Piso 3 Pta/Letra I, piso 3, puerta I","postal_code":"11002","places":7,"units":3,"registered":"2018-03-19","catastro":"1661301QA4416B0056SX","holder":null,"holder_count":null}},{"type":"Feature","geometry":{"type":"Point","coordinates":[-6.302596,36.529923]},"properties":{"id":"VUT/CA/04692","type":"VUT","group":"Completa","address":"CALLE CRISTO DE LA MISERICORDIA Nº 3 Plta/Piso BAJO Pta/Letra IZQ., piso BAJO, puerta IZQ.","postal_code":"11002","places":3,"units":1,"registered":"2018-03-19","catastro":"1563512QA4416D0002WQ","holder":"AC GESTION CADIZ S.L.","holder_count":39}},{"type":"Feature","geometry":{"type":"Point","coordinates":[-6.29091,36.529366]},"properties":{"id":"VUT/CA/04702","type":"VUT","group":"Completa","address":"CALLE PLOCIA Nº 17 Plta/Piso 2 Pta/Letra C Compl.Dom. CADIZ, piso 2, puerta C","postal_code":"11006","places":4,"units":2,"registered":"2018-03-21","catastro":"2662304QA4426D0006XO","holder":null,"holder_count":null}},{"type":"Feature","geometry":{"type":"Point","coordinates":[-6.298471,36.530958]},"properties":{"id":"VUT/CA/04706","type":"VUT","group":"Completa","address":"CALLE HOSPITAL MUJERES Nº 4 Portal 4 Esc. 1 Plta/Piso 2 Pta/Letra K, piso 2, puerta K","postal_code":"11001","places":4,"units":2,"registered":"2018-03-21","catastro":"1964907QA4416D0039QY","holder":null,"holder_count":null}},{"type":"Feature","geometry":{"type":"Point","coordinates":[-6.294476,36.532172]},"properties":{"id":"VUT/CA/04725","type":"VUT","group":"Completa","address":"CALLE ROSARIO Nº 43 Plta/Piso 3 Pta/Letra D, piso 3, puerta D","postal_code":"11004","places":6,"units":2,"registered":"2018-03-25","catastro":"2365204QA4426E0008DB","holder":null,"holder_count":null}},{"type":"Feature","geometry":{"type":"Point","coordinates":[-6.285649,36.52047]},"properties":{"id":"VUT/CA/04731","type":"VUT","group":"Completa","address":"CALLE ROCHESTER Nº 1 Plta/Piso 3 Pta/Letra C, piso 3, puerta C","postal_code":"11008","places":2,"units":1,"registered":"2018-03-26","catastro":"3153503QA4435C0014EG","holder":null,"holder_count":null}},{"type":"Feature","geometry":{"type":"Point","coordinates":[-6.284005,36.518302]},"properties":{"id":"VUT/CA/04741","type":"VUT","group":"Completa","address":"AVENIDA AVENIDA DE ANDALUCIA Nº 54 Plta/Piso 3 Pta/Letra I, piso 3, puerta I","postal_code":"11008","places":6,"units":3,"registered":"2018-04-03","catastro":"3350101QA4435A0029LO","holder":null,"holder_count":null}},{"type":"Feature","geometry":{"type":"Point","coordinates":[-6.30095,36.536794]},"properties":{"id":"VUT/CA/04747","type":"VUT","group":"Completa","address":"CALLE Ustáriz Nº 4 Plta/Piso Bajo Pta/Letra Izq, piso Bajo, puerta Izq","postal_code":"11003","places":4,"units":1,"registered":"2018-04-05","catastro":"1770202QA4417B0001XX","holder":null,"holder_count":null}},{"type":"Feature","geometry":{"type":"Point","coordinates":[-6.303243,36.530559]},"properties":{"id":"VUT/CA/04749","type":"VUT","group":"Completa","address":"CALLE TRINIDAD Nº 18 Plta/Piso 1 Pta/Letra B, piso 1, puerta B","postal_code":"11002","places":2,"units":1,"registered":"2018-04-05","catastro":"1563306QA4416D0005HR","holder":null,"holder_count":null}},{"type":"Feature","geometry":{"type":"Point","coordinates":[-6.302998,36.528084]},"properties":{"id":"VUT/CA/04751","type":"VUT","group":"Completa","address":"CALLE ARRICRUZ Nº 7 Plta/Piso 2 Pta/Letra IZQ, piso 2, puerta IZQ","postal_code":"11002","places":8,"units":3,"registered":"2018-04-05","catastro":"1661701QA4416B0038HP","holder":null,"holder_count":null}},{"type":"Feature","geometry":{"type":"Point","coordinates":[-6.304204,36.5317]},"properties":{"id":"VUT/CA/04773","type":"VUT","group":"Completa","address":"CALLE Barquillas de Lope Nº 12 Plta/Piso 1, piso 1","postal_code":"11002","places":2,"units":1,"registered":"2018-04-09","catastro":"1565802QA4416F0002UL","holder":null,"holder_count":null}},{"type":"Feature","geometry":{"type":"Point","coordinates":[-6.298302,36.529741]},"properties":{"id":"VUT/CA/04774","type":"VUT","group":"Completa","address":"PLAZA LIBERTAd Nº 9 Plta/Piso 4 Compl.Dom. atico, piso 4","postal_code":"11005","places":4,"units":2,"registered":"2018-04-09","catastro":"1962312QA4416D0016FS","holder":null,"holder_count":null}},{"type":"Feature","geometry":{"type":"Point","coordinates":[-6.295922,36.535944]},"properties":{"id":"VUT/CA/04784","type":"VUT","group":"Completa","address":"CALLE SANTIAGO TERRY Nº 8 Plta/Piso 3 Pta/Letra 1 Compl.Dom. ÁTICO, piso 3, puerta 1","postal_code":"11004","places":4,"units":2,"registered":"2018-04-09","catastro":"2169308QA4426G0006KD","holder":"ALQUILER VACACIONAL TURISMO E INNOVACIÓN SOCIAL SCA","holder_count":81}},{"type":"Feature","geometry":{"type":"Point","coordinates":[-6.295922,36.535944]},"properties":{"id":"VUT/CA/04785","type":"VUT","group":"Completa","address":"CALLE SANTIAGO TERRY Nº 8 Plta/Piso 1 Pta/Letra DCH, piso 1, puerta DCH","postal_code":"11004","places":4,"units":1,"registered":"2018-04-09","catastro":"2169308QA4426G0003GP","holder":null,"holder_count":null}},{"type":"Feature","geometry":{"type":"Point","coordinates":[-6.28052,36.513119]},"properties":{"id":"VUT/CA/04795","type":"VUT","group":"Completa","address":"CALLE Jesús de la Paz Plta/Piso 7 Pta/Letra C, piso 7, puerta C","postal_code":"11009","places":6,"units":3,"registered":"2018-04-10","catastro":"3645501QA4434F0052GT","holder":null,"holder_count":null}},{"type":"Feature","geometry":{"type":"Point","coordinates":[-6.294823,36.534749]},"properties":{"id":"VUT/CA/04796","type":"VUT","group":"Completa","address":"CALLE Manuel Rancés Nº 6 Plta/Piso 1 Pta/Letra A, piso 1, puerta A","postal_code":"11004","places":4,"units":2,"registered":"2018-04-10","catastro":"2268305QA4426G0003ZP","holder":null,"holder_count":null}},{"type":"Feature","geometry":{"type":"Point","coordinates":[-6.276233,36.508953]},"properties":{"id":"VUT/CA/04843","type":"VUT","group":"Completa","address":"CALLE PABLO RUIZ PICASSO Nº 2 Plta/Piso 7 Pta/Letra C, piso 7, puerta C","postal_code":"11009","places":8,"units":5,"registered":"2018-04-16","catastro":"4040903QA4444A0057ZG","holder":null,"holder_count":null}},{"type":"Feature","geometry":{"type":"Point","coordinates":[-6.273775,36.505878]},"properties":{"id":"VUT/CA/04844","type":"VUT","group":"Completa","address":"CALLE GOYA Nº 8 Plta/Piso 1 Pta/Letra B, piso 1, puerta B","postal_code":"11011","places":6,"units":3,"registered":"2018-04-16","catastro":"4237503QA4443G0002KS","holder":null,"holder_count":null}},{"type":"Feature","geometry":{"type":"Point","coordinates":[-6.302009,36.531574]},"properties":{"id":"VUT/CA/04859","type":"VUT","group":"Completa","address":"CALLE Torre Nº 59 Plta/Piso 1 Pta/Letra D, piso 1, puerta D","postal_code":"11002","places":4,"units":3,"registered":"2018-04-17","catastro":"1665611QA4416F0001ZK","holder":null,"holder_count":null}},{"type":"Feature","geometry":{"type":"Point","coordinates":[-6.292948,36.531199]},"properties":{"id":"VUT/CA/04861","type":"VUT","group":"Completa","address":"CALLE San Francisco Nº 38 Plta/Piso 2 Pta/Letra B, piso 2, puerta B","postal_code":"11005","places":4,"units":2,"registered":"2018-04-18","catastro":"2464305QA4426C0007SQ","holder":null,"holder_count":null}},{"type":"Feature","geometry":{"type":"Point","coordinates":[-6.30037,36.52973]},"properties":{"id":"VUT/CA/04862","type":"VUT","group":"Completa","address":"CALLE PASQUIN Nº 5 Plta/Piso BAJA Pta/Letra IZQ, piso BAJA, puerta IZQ","postal_code":"11002","places":2,"units":1,"registered":"2018-04-18","catastro":"1862115QA4416B0010SA","holder":"AC GESTION CADIZ S.L.","holder_count":39}},{"type":"Feature","geometry":{"type":"Point","coordinates":[-6.298258,36.529199]},"properties":{"id":"VUT/CA/04889","type":"VUT","group":"Completa","address":"CALLE PISO REGIMEN-DE INFANTERIA Nº 2 Plta/Piso 2 Pta/Letra E, piso 2, puerta E","postal_code":"11002","places":6,"units":3,"registered":"2018-04-20","catastro":"1962322QA4416D0052OD","holder":null,"holder_count":null}},{"type":"Feature","geometry":{"type":"Point","coordinates":[-6.274106,36.505758]},"properties":{"id":"VUT/CA/04890","type":"VUT","group":"Completa","address":"CALLE GOYA Nº 4 Plta/Piso 4 Pta/Letra D, piso 4, puerta D","postal_code":"11010","places":6,"units":3,"registered":"2018-04-20","catastro":"4237501QA4443G0016AM","holder":null,"holder_count":null}},{"type":"Feature","geometry":{"type":"Point","coordinates":[-6.274647,36.504417]},"properties":{"id":"VUT/CA/04891","type":"VUT","group":"Completa","address":"CALLE PINTOR ZULOAGA Nº 29 Plta/Piso 7 Pta/Letra A, piso 7, puerta A","postal_code":"11010","places":6,"units":3,"registered":"2018-04-20","catastro":"4235202QA4443E0066PJ","holder":null,"holder_count":null}},{"type":"Feature","geometry":{"type":"Point","coordinates":[-6.292281,36.529009]},"properties":{"id":"VUT/CA/04897","type":"VUT","group":"Completa","address":"PLAZA DE LA CANASTAS Nº 8 Portal 8 Plta/Piso BAJO Pta/Letra A, piso BAJO, puerta A","postal_code":"11005","places":4,"units":1,"registered":"2018-04-23","catastro":"2562604QA4426B0004JS","holder":null,"holder_count":null}},{"type":"Feature","geometry":{"type":"Point","coordinates":[-6.294019,36.529435]},"properties":{"id":"VUT/CA/04899","type":"VUT","group":"Completa","address":"CALLE FABIO RUFINO Nº 7 Plta/Piso 2 Pta/Letra A, piso 2, puerta A","postal_code":"11005","places":4,"units":1,"registered":"2018-04-23","catastro":"2362315QA4426C0005WX","holder":"ALQUILER VACACIONAL TURISMO E INNOVACIÓN SOCIAL SCA","holder_count":81}},{"type":"Feature","geometry":{"type":"Point","coordinates":[-6.298424,36.535781]},"properties":{"id":"VUT/CA/04902","type":"VUT","group":"Completa","address":"CALLE ADOLFO DE CASTRO Nº 6","postal_code":"11003","places":4,"units":2,"registered":"2018-04-23","catastro":"1969308QA4416H0004IH","holder":null,"holder_count":null}},{"type":"Feature","geometry":{"type":"Point","coordinates":[-6.301489,36.532169]},"properties":{"id":"VUT/CA/04906","type":"VUT","group":"Completa","address":"CALLE TORRE Nº 47 Plta/Piso 2 Pta/Letra IZQ, piso 2, puerta IZQ","postal_code":"11002","places":4,"units":1,"registered":"2018-04-23","catastro":"1665408QA4416F0004HZ","holder":"ALPEGUERRERO 2018 SL","holder_count":1}},{"type":"Feature","geometry":{"type":"Point","coordinates":[-6.295179,36.533157]},"properties":{"id":"VUT/CA/04928","type":"VUT","group":"Completa","address":"CALLE ROSARIO Nº 10 Calif.Nº D Plta/Piso 3 Pta/Letra B, piso 3, puerta B","postal_code":"11004","places":3,"units":1,"registered":"2018-04-25","catastro":"2267908QA4426E0007WL","holder":null,"holder_count":null}},{"type":"Feature","geometry":{"type":"Point","coordinates":[-6.280283,36.511715]},"properties":{"id":"VUT/CA/04935","type":"VUT","group":"Completa","address":"AVENIDA ANA DE VIYA Nº 22 Plta/Piso 6 Pta/Letra A, piso 6, puerta A","postal_code":"11009","places":2,"units":1,"registered":"2018-04-25","catastro":"3643501QA4434D0017TP","holder":null,"holder_count":null}},{"type":"Feature","geometry":{"type":"Point","coordinates":[-6.275018,36.504725]},"properties":{"id":"VUT/CA/04936","type":"VUT","group":"Completa","address":"CALLE VELAZQUEZ Nº 3 Esc. CENTRO Plta/Piso 11 Pta/Letra A, piso 11, puerta A","postal_code":"11010","places":6,"units":3,"registered":"2018-04-25","catastro":"4135201QA4443E0042FX","holder":null,"holder_count":null}},{"type":"Feature","geometry":{"type":"Point","coordinates":[-6.289959,36.527698]},"properties":{"id":"VUT/CA/04953","type":"VUT","group":"Completa","address":"CALLE SANTO DOMINGO Nº 21 Plta/Piso 3 Pta/Letra ATICO, piso 3, puerta ATICO","postal_code":"11006","places":4,"units":1,"registered":"2018-04-27","catastro":"2761914QA4426B0008YH","holder":null,"holder_count":null}},{"type":"Feature","geometry":{"type":"Point","coordinates":[-6.299213,36.530748]},"properties":{"id":"VUT/CA/04955","type":"VUT","group":"Completa","address":"CALLE SANTA LUCIA Nº 3 Plta/Piso 1, piso 1","postal_code":"11002","places":6,"units":3,"registered":"2018-04-27","catastro":"1964702QA4416D0001AM","holder":null,"holder_count":null}},{"type":"Feature","geometry":{"type":"Point","coordinates":[-6.30338,36.529229]},"properties":{"id":"VUT/CA/04956","type":"VUT","group":"Completa","address":"CALLE LUBET Nº 5 Esc. 2 Plta/Piso 0 Pta/Letra G, piso 0, puerta G","postal_code":"11002","places":4,"units":2,"registered":"2018-04-27","catastro":"1562915QA4416B0024PX","holder":null,"holder_count":null}},{"type":"Feature","geometry":{"type":"Point","coordinates":[-6.299089,36.534238]},"properties":{"id":"VUT/CA/04978","type":"VUT","group":"Completa","address":"PLAZA SAN ANTONIO Nº 10 Plta/Piso 2, piso 2","postal_code":"11001","places":6,"units":3,"registered":"2018-05-04","catastro":"1968702QA4416H0002OF","holder":null,"holder_count":null}},{"type":"Feature","geometry":{"type":"Point","coordinates":[-6.27345,36.499579]},"properties":{"id":"VUT/CA/04980","type":"VUT","group":"Completa","address":"CALLE SIRENAS Nº 3 Plta/Piso 5 Pta/Letra I, piso 5, puerta I","postal_code":"11011","places":5,"units":3,"registered":"2018-05-05","catastro":"4230306QA4443A0010UO","holder":null,"holder_count":null}},{"type":"Feature","geometry":{"type":"Point","coordinates":[-6.296939,36.530197]},"properties":{"id":"VUT/CA/04982","type":"VUT","group":"Completa","address":"CALLE ARBOLI Nº 9 Plta/Piso BJ Pta/Letra B, piso BJ, puerta B","postal_code":"11002","places":2,"units":1,"registered":"2018-05-05","catastro":"2063324QA4426C0004GZ","holder":null,"holder_count":null}},{"type":"Feature","geometry":{"type":"Point","coordinates":[-6.300355,36.529574]},"properties":{"id":"VUT/CA/04984","type":"VUT","group":"Completa","address":"CALLE PASQUIN Nº 13 Plta/Piso BJ Pta/Letra B, piso BJ, puerta B","postal_code":"11002","places":2,"units":1,"registered":"2018-05-06","catastro":"1862119QA4416B0002BY","holder":null,"holder_count":null}},{"type":"Feature","geometry":{"type":"Point","coordinates":[-6.29845,36.531339]},"properties":{"id":"VUT/CA/04985","type":"VUT","group":"Completa","address":"CALLE Alcalá Galiano Portal 3 Plta/Piso 3 Pta/Letra A, piso 3, puerta A","postal_code":"11001","places":4,"units":2,"registered":"2018-05-06","catastro":"2065705QA4426E0011BB","holder":null,"holder_count":null}},{"type":"Feature","geometry":{"type":"Point","coordinates":[-6.297127,36.532753]},"properties":{"id":"VUT/CA/05009","type":"VUT","group":"Completa","address":"CALLE ANCHA Nº 37 Plta/Piso 3 Pta/Letra C, piso 3, puerta C","postal_code":"11001","places":4,"units":2,"registered":"2018-05-08","catastro":"2066311QA4426E0012FZ","holder":null,"holder_count":null}},{"type":"Feature","geometry":{"type":"Point","coordinates":[-6.29546,36.531638]},"properties":{"id":"VUT/CA/05016","type":"VUT","group":"Completa","address":"CALLE Montañes Nº 3 Plta/Piso 2 Pta/Letra A, piso 2, puerta A","postal_code":"11001","places":4,"units":1,"registered":"2018-05-09","catastro":"2265906QA4426E0012XZ","holder":null,"holder_count":null}},{"type":"Feature","geometry":{"type":"Point","coordinates":[-6.301489,36.532169]},"properties":{"id":"VUT/CA/05019","type":"VUT","group":"Completa","address":"CALLE Torre Nº 47 Plta/Piso Bajo, piso Bajo","postal_code":"11002","places":11,"units":3,"registered":"2018-05-10","catastro":"1665408QA4416f0006KM","holder":null,"holder_count":null}},{"type":"Feature","geometry":{"type":"Point","coordinates":[-6.292948,36.530748]},"properties":{"id":"VUT/CA/05045","type":"VUT","group":"Completa","address":"CALLE NUEVA Nº 3-5 Plta/Piso 1 Pta/Letra D, piso 1, puerta D","postal_code":"11005","places":6,"units":3,"registered":"2018-05-15","catastro":"2464509QA4426C0001RK","holder":null,"holder_count":null}},{"type":"Feature","geometry":{"type":"Point","coordinates":[-6.29761,36.536003]},"properties":{"id":"VUT/CA/05082","type":"VUT","group":"Completa","address":"CALLE Buenos Aires Nº 18 Calif.Nº Duplicado Plta/Piso Bajo Pta/Letra B, piso Bajo, puerta B","postal_code":"11003","places":3,"units":2,"registered":"2018-05-17","catastro":"2069106QA4426G0005XS","holder":null,"holder_count":null}},{"type":"Feature","geometry":{"type":"Point","coordinates":[-6.283765,36.514401]},"properties":{"id":"VUT/CA/05091","type":"VUT","group":"Por habitaciones","address":"AVENIDA AMILCAR BARCA Portal 21 Esc. DERECHA Plta/Piso 6, piso 6","postal_code":"11008","places":6,"units":3,"registered":"2018-05-18","catastro":"3346403QA4434E0070QI","holder":null,"holder_count":null}},{"type":"Feature","geometry":{"type":"Point","coordinates":[-6.299987,36.528845]},"properties":{"id":"VUT/CA/05096","type":"VUT","group":"Completa","address":"CALLE REGIMIENTO DE INFANTERÍA Nº 32 Plta/Piso 1 Pta/Letra A, piso 1, puerta A","postal_code":"11002","places":4,"units":1,"registered":"2018-05-18","catastro":"1862324QA4416D0001XM","holder":"CB GARRIDO ALCALÁ","holder_count":2}},{"type":"Feature","geometry":{"type":"Point","coordinates":[-6.301701,36.532023]},"properties":{"id":"VUT/CA/05098","type":"VUT","group":"Completa","address":"CALLE TORRE Nº 51 Plta/Piso 1 Pta/Letra DCH, piso 1, puerta DCH","postal_code":"11002","places":4,"units":1,"registered":"2018-05-18","catastro":"1665410QA4416F0005IX","holder":null,"holder_count":null}},{"type":"Feature","geometry":{"type":"Point","coordinates":[-6.288428,36.524383]},"properties":{"id":"VUT/CA/05101","type":"VUT","group":"Completa","address":"CALLE SANTA MARIA DEL MAR Nº 4 Plta/Piso BAJO Pta/Letra C, piso BAJO, puerta C","postal_code":"11008","places":4,"units":2,"registered":"2018-05-20","catastro":"2857402QA4425H0021FF","holder":null,"holder_count":null}},{"type":"Feature","geometry":{"type":"Point","coordinates":[-6.294088,36.534622]},"properties":{"id":"VUT/CA/05106","type":"VUT","group":"Completa","address":"CALLE DOCTOR ZURITA Nº 1 Esc. 1 Plta/Piso 00 Pta/Letra 1, piso 00, puerta 1","postal_code":"11004","places":3,"units":1,"registered":"2018-05-21","catastro":"2368210QA4426G0001WI","holder":null,"holder_count":null}},{"type":"Feature","geometry":{"type":"Point","coordinates":[-6.304756,36.528501]},"properties":{"id":"VUT/CA/05115","type":"VUT","group":"Completa","address":"CALLE ÁNGEL Nº 20 Plta/Piso 1, piso 1","postal_code":"11002","places":4,"units":3,"registered":"2018-05-21","catastro":"1461209QA4416A0003SZ","holder":"DUNA BEDUINA SERVICIOS TURISTÍCOS, S.L.","holder_count":77}},{"type":"Feature","geometry":{"type":"Point","coordinates":[-6.300586,36.535303]},"properties":{"id":"VUT/CA/05118","type":"VUT","group":"Completa","address":"CALLE CERVANTES Portal 45-47 Plta/Piso 2 Pta/Letra K, piso 2, puerta K","postal_code":"11003","places":4,"units":1,"registered":"2018-05-21","catastro":"1869719QA4416H0024EU","holder":null,"holder_count":null}},{"type":"Feature","geometry":{"type":"Point","coordinates":[-6.295174,36.533719]},"properties":{"id":"VUT/CA/05129","type":"VUT","group":"Completa","address":"CALLE SAN FRANCISCO Nº 10 Plta/Piso 2 Pta/Letra A, piso 2, puerta A","postal_code":"11004","places":4,"units":2,"registered":"2018-05-22","catastro":"2367113QA4426E0003XG","holder":null,"holder_count":null}},{"type":"Feature","geometry":{"type":"Point","coordinates":[-6.298924,36.529879]},"properties":{"id":"VUT/CA/05132","type":"VUT","group":"Completa","address":"CALLE ABREU Nº 3 Pta/Letra A, puerta A","postal_code":"11004","places":2,"units":1,"registered":"2018-05-22","catastro":"1962306QA4416D0006ET","holder":"LITTLE APARTMENTS S.L.","holder_count":20}},{"type":"Feature","geometry":{"type":"Point","coordinates":[-6.298924,36.529879]},"properties":{"id":"VUT/CA/05133","type":"VUT","group":"Completa","address":"CALLE ABREU Nº 3 Plta/Piso 2 Pta/Letra B, piso 2, puerta B","postal_code":"11004","places":2,"units":1,"registered":"2018-05-22","catastro":"1962306QA4416D0007RY","holder":null,"holder_count":null}},{"type":"Feature","geometry":{"type":"Point","coordinates":[-6.295645,36.53396]},"properties":{"id":"VUT/CA/05134","type":"VUT","group":"Por habitaciones","address":"CALLE BEATO DIEGO DE CADIZ 1 DIP Nº 1D Plta/Piso 1 Pta/Letra D, piso 1, puerta D","postal_code":"11004","places":6,"units":2,"registered":"2018-05-22","catastro":"2267901QA4426E0005YJ","holder":null,"holder_count":null}},{"type":"Feature","geometry":{"type":"Point","coordinates":[-6.29818,36.531642]},"properties":{"id":"VUT/CA/05144","type":"VUT","group":"Completa","address":"CALLE Alcala Galiano Nº 1 Calif.Nº Duplicado Plta/Piso 2, piso 2","postal_code":"11001","places":8,"units":4,"registered":"2018-05-23","catastro":"2065702QA4426E0003AG","holder":null,"holder_count":null}},{"type":"Feature","geometry":{"type":"Point","coordinates":[-6.274874,36.502439]},"properties":{"id":"VUT/CA/05148","type":"VUT","group":"Completa","address":"CALLE josé garcia agulló Nº 1 Plta/Piso 6 Pta/Letra I Compl.Dom. edificio atlantico 4, piso 6, puerta I","postal_code":"11010","places":6,"units":3,"registered":"2018-05-23","catastro":"4133501QA4443C0186TH","holder":null,"holder_count":null}},{"type":"Feature","geometry":{"type":"Point","coordinates":[-6.297855,36.535495]},"properties":{"id":"VUT/CA/05159","type":"VUT","group":"Completa","address":"CALLE BUENOS AIRES Nº 11 Plta/Piso 4 Pta/Letra D, piso 4, puerta D","postal_code":"11003","places":4,"units":2,"registered":"2018-05-25","catastro":"2069903QA4426G0017DZ","holder":null,"holder_count":null}},{"type":"Feature","geometry":{"type":"Point","coordinates":[-6.276524,36.505878]},"properties":{"id":"VUT/CA/05166","type":"VUT","group":"Completa","address":"AVENIDA CAYETANO DEL TORO Nº 21 Plta/Piso 7 Pta/Letra E2, piso 7, puerta E2","postal_code":"11010","places":5,"units":2,"registered":"2018-05-25","catastro":"4037509QA4443G0115OW","holder":null,"holder_count":null}},{"type":"Feature","geometry":{"type":"Point","coordinates":[-6.300228,36.535433]},"properties":{"id":"VUT/CA/05176","type":"VUT","group":"Completa","address":"CALLE VEEDOR Nº 12 Plta/Piso 3 Pta/Letra ESTUDIO 2 Compl.Dom. PLANTA TERCERA, ESTUDIO 2, piso 3, puerta ESTUDIO 2","postal_code":"11003","places":2,"units":1,"registered":"2018-05-25","catastro":"1869707QA4416H0001BD","holder":null,"holder_count":null}},{"type":"Feature","geometry":{"type":"Point","coordinates":[-6.292288,36.530439]},"properties":{"id":"VUT/CA/05177","type":"VUT","group":"Completa","address":"CALLE NUEVA Nº 12 Plta/Piso 4, piso 4","postal_code":"11005","places":3,"units":2,"registered":"2018-05-25","catastro":"2564601QA4426D0005QI","holder":null,"holder_count":null}},{"type":"Feature","geometry":{"type":"Point","coordinates":[-6.302014,36.528966]},"properties":{"id":"VUT/CA/05178","type":"VUT","group":"Completa","address":"CALLE CALLE PROFESOR ALCINA QUESADA Nº 9 Esc. 1 Plta/Piso 3 Pta/Letra IZQ, piso 3, puerta IZQ","postal_code":"11002","places":4,"units":3,"registered":"2018-05-26","catastro":"1662607QA4416B0006WP","holder":null,"holder_count":null}},{"type":"Feature","geometry":{"type":"Point","coordinates":[-6.300761,36.528601]},"properties":{"id":"VUT/CA/05180","type":"VUT","group":"Completa","address":"CALLE REGIMIENTO DE INFANTERÍA DE CÁDIZ Nº 15 Plta/Piso 2º Pta/Letra A, piso 2º, puerta A","postal_code":"11002","places":5,"units":2,"registered":"2018-05-27","catastro":"1861101QA4416B0003LU","holder":null,"holder_count":null}},{"type":"Feature","geometry":{"type":"Point","coordinates":[-6.273651,36.503893]},"properties":{"id":"VUT/CA/05189","type":"VUT","group":"Completa","address":"CALLE MIRAMAR Nº 6 Plta/Piso 1º Pta/Letra A, piso 1º, puerta A","postal_code":"11008","places":10,"units":3,"registered":"2018-05-28","catastro":"4334101QA4443C0208LA","holder":null,"holder_count":null}},{"type":"Feature","geometry":{"type":"Point","coordinates":[-6.300228,36.535433]},"properties":{"id":"VUT/CA/05192","type":"VUT","group":"Completa","address":"CALLE VEEDOR Nº 12 Plta/Piso 2ª Pta/Letra ESTUDIO 1 Compl.Dom. PLANTA SEGUNDA, ESTUDIO 1, piso 2ª, puerta ESTUDIO 1","postal_code":"11003","places":2,"units":1,"registered":"2018-05-28","catastro":"1869707QA4416H0001BD","holder":null,"holder_count":null}},{"type":"Feature","geometry":{"type":"Point","coordinates":[-6.29855,36.529069]},"properties":{"id":"VUT/CA/05194","type":"VUT","group":"Completa","address":"CALLE GARAICOECHEA Nº 14 Plta/Piso 3º Pta/Letra B, piso 3º, puerta B","postal_code":"11005","places":4,"units":2,"registered":"2018-05-29","catastro":"1962325QA4416D0008UU","holder":null,"holder_count":null}},{"type":"Feature","geometry":{"type":"Point","coordinates":[-6.2991,36.530174]},"properties":{"id":"VUT/CA/05198","type":"VUT","group":"Completa","address":"CALLE CARDOSO Nº 5 Plta/Piso 1 Pta/Letra B, piso 1, puerta B","postal_code":"11002","places":4,"units":1,"registered":"2018-05-29","catastro":"1963210QA4416D0003PW","holder":null,"holder_count":null}},{"type":"Feature","geometry":{"type":"Point","coordinates":[-6.292895,36.53016]},"properties":{"id":"VUT/CA/05208","type":"VUT","group":"Completa","address":"PLAZA San Juan de Dios Nº 3 Plta/Piso ático, piso ático","postal_code":"11005","places":3,"units":1,"registered":"2018-05-29","catastro":"2463911QA4426C0007SQ","holder":null,"holder_count":null}},{"type":"Feature","geometry":{"type":"Point","coordinates":[-6.295721,36.536154]},"properties":{"id":"VUT/CA/05211","type":"VUT","group":"Completa","address":"CALLE SANTIAGO TERRY Nº 11 Plta/Piso 1 Pta/Letra A, piso 1, puerta A","postal_code":"11004","places":2,"units":1,"registered":"2018-05-29","catastro":"2269106QA4426G0018HX","holder":null,"holder_count":null}},{"type":"Feature","geometry":{"type":"Point","coordinates":[-6.280557,36.520079]},"properties":{"id":"VUT/CA/05222","type":"VUT","group":"Completa","address":"AVENIDA JUAN CARLOS I Nº 10 Plta/Piso 1 Pta/Letra B, piso 1, puerta B","postal_code":"11008","places":6,"units":3,"registered":"2018-05-31","catastro":"3652101QA4435B0016KI","holder":null,"holder_count":null}},{"type":"Feature","geometry":{"type":"Point","coordinates":[-6.285567,36.523463]},"properties":{"id":"VUT/CA/05228","type":"VUT","group":"Completa","address":"CALLE ACACIAS Nº 16 Plta/Piso 1 Pta/Letra E, piso 1, puerta E","postal_code":"11007","places":2,"units":1,"registered":"2018-06-01","catastro":"3156503QA4435E0024WJ","holder":null,"holder_count":null}},{"type":"Feature","geometry":{"type":"Point","coordinates":[-6.300757,36.534463]},"properties":{"id":"VUT/CA/05232","type":"VUT","group":"Completa","address":"PLAZA VIUDAS Nº 7 Plta/Piso 3, piso 3","postal_code":"11003","places":4,"units":1,"registered":"2018-06-01","catastro":"1768613QA4416H0006TK","holder":null,"holder_count":null}},{"type":"Feature","geometry":{"type":"Point","coordinates":[-6.298135,36.533225]},"properties":{"id":"VUT/CA/05242","type":"VUT","group":"Completa","address":"CALLE Sagasta Nº 16 Plta/Piso 3 Pta/Letra A, piso 3, puerta A","postal_code":"11001","places":6,"units":3,"registered":"2018-06-03","catastro":"2066301QA4426E0008LB","holder":null,"holder_count":null}},{"type":"Feature","geometry":{"type":"Point","coordinates":[-6.273615,36.507982]},"properties":{"id":"VUT/CA/05247","type":"VUT","group":"Completa","address":"AVENIDA MARCONI Nº 11 Plta/Piso 1 Pta/Letra B, piso 1, puerta B","postal_code":"11011","places":6,"units":3,"registered":"2018-06-04","catastro":"4239405QA4443G0024ST","holder":null,"holder_count":null}},{"type":"Feature","geometry":{"type":"Point","coordinates":[-6.294637,36.531878]},"properties":{"id":"VUT/CA/05260","type":"VUT","group":"Completa","address":"CALLE FEDUCHY Nº 18 Plta/Piso 1 Pta/Letra B, piso 1, puerta B","postal_code":"11005","places":5,"units":2,"registered":"2018-06-04","catastro":"2365210QA4426E0006GK","holder":null,"holder_count":null}},{"type":"Feature","geometry":{"type":"Point","coordinates":[-6.299987,36.528845]},"properties":{"id":"VUT/CA/05278","type":"VUT","group":"Completa","address":"CALLE REGIMIENTO DE INFANTERÍA Nº 32 Plta/Piso 2 Pta/Letra A, piso 2, puerta A","postal_code":"11002","places":4,"units":1,"registered":"2018-06-06","catastro":"1862324QA4416D0001XM","holder":"CB GARRIDO ALCALÁ","holder_count":2}},{"type":"Feature","geometry":{"type":"Point","coordinates":[-6.292415,36.530592]},"properties":{"id":"VUT/CA/05279","type":"VUT","group":"Completa","address":"CALLE AURELIO SELLE Nº 6 Plta/Piso 3, piso 3","postal_code":"11004","places":8,"units":2,"registered":"2018-06-06","catastro":"2564604QA4426D0004RU","holder":"TRES D TURISTICO, S.L","holder_count":2}},{"type":"Feature","geometry":{"type":"Point","coordinates":[-6.292415,36.530592]},"properties":{"id":"VUT/CA/05280","type":"VUT","group":"Completa","address":"CALLE AURELIO SELLE Nº 6 Plta/Piso 5, piso 5","postal_code":"11004","places":2,"units":1,"registered":"2018-06-06","catastro":"2564604QA4426D0006YO","holder":"TRES D TURISTICO, S.L","holder_count":2}},{"type":"Feature","geometry":{"type":"Point","coordinates":[-6.277269,36.511329]},"properties":{"id":"VUT/CA/05289","type":"VUT","group":"Completa","address":"CALLE TANGUILLO Nº 5 Plta/Piso 2º Pta/Letra IZQ, piso 2º, puerta IZQ","postal_code":"11009","places":4,"units":2,"registered":"2018-06-07","catastro":"3943601QA4434D0026FH","holder":null,"holder_count":null}},{"type":"Feature","geometry":{"type":"Point","coordinates":[-6.275448,36.508013]},"properties":{"id":"VUT/CA/05299","type":"VUT","group":"Completa","address":"CALLE Santa Teresa Portal 8 Plta/Piso Bajo Pta/Letra 3, piso Bajo, puerta 3","postal_code":"11010","places":2,"units":1,"registered":"2018-06-08","catastro":"4139501QA4443G0217DU","holder":null,"holder_count":null}},{"type":"Feature","geometry":{"type":"Point","coordinates":[-6.277615,36.518075]},"properties":{"id":"VUT/CA/05304","type":"VUT","group":"Por habitaciones","address":"AVENIDA SAN SEVERIANO Portal 31 Esc. 3 Plta/Piso 7 Pta/Letra D, piso 7, puerta D","postal_code":"11007","places":2,"units":2,"registered":"2018-06-08","catastro":"3950214QA4435B0070XZ","holder":null,"holder_count":null}},{"type":"Feature","geometry":{"type":"Point","coordinates":[-6.299224,36.536217]},"properties":{"id":"VUT/CA/05307","type":"VUT","group":"Completa","address":"CALLE ADOLFO DE CASTRO Nº 14 Plta/Piso BAJO Pta/Letra IZQ, piso BAJO, puerta IZQ","postal_code":"11001","places":4,"units":2,"registered":"2018-06-08","catastro":"1970707QA4417B0001WX","holder":null,"holder_count":null}},{"type":"Feature","geometry":{"type":"Point","coordinates":[-6.279635,36.514797]},"properties":{"id":"VUT/CA/05308","type":"VUT","group":"Completa","address":"CALLE RECREO Nº 22 Plta/Piso 1º Pta/Letra IZQ, piso 1º, puerta IZQ","postal_code":"11008","places":5,"units":2,"registered":"2018-06-09","catastro":"3746203QA4434F0002YH","holder":null,"holder_count":null}},{"type":"Feature","geometry":{"type":"Point","coordinates":[-6.300522,36.534796]},"properties":{"id":"VUT/CA/05329","type":"VUT","group":"Completa","address":"CALLE Navas Nº 1 y 3 Plta/Piso 2 Pta/Letra IZDA, piso 2, puerta IZDA","postal_code":"11003","places":4,"units":1,"registered":"2018-06-12","catastro":"1768311QA4416H0004LH","holder":null,"holder_count":null}},{"type":"Feature","geometry":{"type":"Point","coordinates":[-6.302549,36.531052]},"properties":{"id":"VUT/CA/05339","type":"VUT","group":"Completa","address":"CALLE MARTINEZ CAMPOS Nº 1 Portal DUPLICADO Plta/Piso 3º Pta/Letra B, piso 3º, puerta B","postal_code":"11002","places":4,"units":2,"registered":"2018-06-13","catastro":"1664803QA4416D0015DA","holder":null,"holder_count":null}},{"type":"Feature","geometry":{"type":"Point","coordinates":[-6.303955,36.531277]},"properties":{"id":"VUT/CA/05344","type":"VUT","group":"Completa","address":"CALLE JOSÉ CELESTINO MUTIS Nº 3 Plta/Piso BJ Pta/Letra D, piso BJ, puerta D","postal_code":"11002","places":2,"units":1,"registered":"2018-06-13","catastro":"1564813QA4416D0005IR","holder":"ALQUILER VACACIONAL TURISMO E INNOVACIÓN SOCIAL SCA","holder_count":81}},{"type":"Feature","geometry":{"type":"Point","coordinates":[-6.282757,36.516094]},"properties":{"id":"VUT/CA/05371","type":"VUT","group":"Completa","address":"AVENIDA ANDALUCIA Nº 72 Plta/Piso 4 Pta/Letra A, piso 4, puerta A","postal_code":"11008","places":4,"units":3,"registered":"2018-06-18","catastro":"3447801QA4434E0024AM","holder":null,"holder_count":null}},{"type":"Feature","geometry":{"type":"Point","coordinates":[-6.272166,36.496883]},"properties":{"id":"VUT/CA/05380","type":"VUT","group":"Completa","address":"AVENIDA JOSE LEON DE CARRANZA Nº 20 Dp. Plta/Piso 7 Pta/Letra t, piso 7, puerta t","postal_code":"11011","places":6,"units":2,"registered":"2018-06-19","catastro":"4427901QA4442E0317OZ","holder":null,"holder_count":null}},{"type":"Feature","geometry":{"type":"Point","coordinates":[-6.293909,36.530654]},"properties":{"id":"VUT/CA/05381","type":"VUT","group":"Completa","address":"CALLE CRISTOBAL COLON Nº 21 Plta/Piso 1 Pta/Letra C, piso 1, puerta C","postal_code":"11005","places":4,"units":2,"registered":"2018-06-19","catastro":"2464813QA4426C0009PE","holder":null,"holder_count":null}},{"type":"Feature","geometry":{"type":"Point","coordinates":[-6.296532,36.536224]},"properties":{"id":"VUT/CA/05385","type":"VUT","group":"Completa","address":"CALLE Zorrilla Nº 12 Plta/Piso 1 Pta/Letra B, piso 1, puerta B","postal_code":"11004","places":4,"units":1,"registered":"2018-06-19","catastro":"2170707QA4427A0002AK","holder":null,"holder_count":null}},{"type":"Feature","geometry":{"type":"Point","coordinates":[-6.296532,36.536224]},"properties":{"id":"VUT/CA/05386","type":"VUT","group":"Completa","address":"CALLE Zorrilla Nº 12 Plta/Piso 2 Pta/Letra B, piso 2, puerta B","postal_code":"11004","places":4,"units":1,"registered":"2018-06-19","catastro":"2170707QA4427A0002AK","holder":null,"holder_count":null}},{"type":"Feature","geometry":{"type":"Point","coordinates":[-6.300614,36.532425]},"properties":{"id":"VUT/CA/05398","type":"VUT","group":"Completa","address":"CALLE SAN JOSE Nº 55 Plta/Piso BJ Pta/Letra DER, piso BJ, puerta DER","postal_code":"11001","places":4,"units":1,"registered":"2018-06-21","catastro":"1766506QA4416F0002BL","holder":null,"holder_count":null}},{"type":"Feature","geometry":{"type":"Point","coordinates":[-6.301638,36.536331]},"properties":{"id":"VUT/CA/05403","type":"VUT","group":"Completa","address":"CALLE GRAVINA Nº 1-2 Plta/Piso BAJO Pta/Letra D, piso BAJO, puerta D","postal_code":"11003","places":4,"units":1,"registered":"2018-06-21","catastro":"1770701QA4417B0004DW","holder":null,"holder_count":null}},{"type":"Feature","geometry":{"type":"Point","coordinates":[-6.296543,36.530479]},"properties":{"id":"VUT/CA/05407","type":"VUT","group":"Por habitaciones","address":"CALLE ARBOLI Portal 1 Plta/Piso 2 Pta/Letra IZDA, piso 2, puerta IZDA","postal_code":"11005","places":2,"units":1,"registered":"2018-06-22","catastro":"2063321QA4426C0006DM","holder":null,"holder_count":null}},{"type":"Feature","geometry":{"type":"Point","coordinates":[-6.297652,36.532069]},"properties":{"id":"VUT/CA/05415","type":"VUT","group":"Completa","address":"CALLE SAN MIGUEL Nº 16 Plta/Piso 2 Pta/Letra IZQ., piso 2, puerta IZQ.","postal_code":"11001","places":6,"units":3,"registered":"2018-06-25","catastro":"2166701QA4426E0010EL","holder":null,"holder_count":null}},{"type":"Feature","geometry":{"type":"Point","coordinates":[-6.296886,36.529386]},"properties":{"id":"VUT/CA/05418","type":"VUT","group":"Por habitaciones","address":"CALLE SAN JUAN Nº 23 Plta/Piso 1 Pta/Letra A, piso 1, puerta A","postal_code":"11005","places":3,"units":1,"registered":"2018-06-25","catastro":"2162404QA4426C0003JB","holder":null,"holder_count":null}},{"type":"Feature","geometry":{"type":"Point","coordinates":[-6.27493,36.501545]},"properties":{"id":"VUT/CA/05419","type":"VUT","group":"Completa","address":"CALLE Avda Cayetano del Toro Nº 54 Plta/Piso 5 Pta/Letra G, piso 5, puerta G","postal_code":"11011","places":5,"units":4,"registered":"2018-06-25","catastro":"4232801QA4443A0101SY","holder":null,"holder_count":null}},{"type":"Feature","geometry":{"type":"Point","coordinates":[-6.299371,36.530164]},"properties":{"id":"VUT/CA/05425","type":"VUT","group":"Completa","address":"CALLE CARDOSO Nº 12 Plta/Piso 2 Pta/Letra 1, piso 2, puerta 1","postal_code":"11002","places":8,"units":2,"registered":"2018-06-25","catastro":"1962301QA4416D0003QW","holder":null,"holder_count":null}},{"type":"Feature","geometry":{"type":"Point","coordinates":[-6.288428,36.524383]},"properties":{"id":"VUT/CA/05431","type":"VUT","group":"Completa","address":"CALLE SANTA MARÍA DEL MAR Nº 4 Plta/Piso 2 Pta/Letra D, piso 2, puerta D","postal_code":"11008","places":5,"units":3,"registered":"2018-06-26","catastro":"2857402QA4425H0010YY","holder":null,"holder_count":null}},{"type":"Feature","geometry":{"type":"Point","coordinates":[-6.286206,36.52021]},"properties":{"id":"VUT/CA/05440","type":"VUT","group":"Completa","address":"AVENIDA FERNANDEZ LADREDA Nº 9 Portal 5 Plta/Piso 7 Pta/Letra C, piso 7, puerta C","postal_code":"11008","places":8,"units":4,"registered":"2018-06-27","catastro":"3153513QA4435C0264GP","holder":null,"holder_count":null}},{"type":"Feature","geometry":{"type":"Point","coordinates":[-6.283733,36.517472]},"properties":{"id":"VUT/CA/05466","type":"VUT","group":"Completa","address":"AVENIDA ANDALUCÍA Nº 60 Plta/Piso 3 Pta/Letra A, piso 3, puerta A","postal_code":"11008","places":8,"units":4,"registered":"2018-07-02","catastro":"3350601QA4435A0031GI","holder":null,"holder_count":null}},{"type":"Feature","geometry":{"type":"Point","coordinates":[-6.295964,36.532608]},"properties":{"id":"VUT/CA/05469","type":"VUT","group":"Completa","address":"CALLE JOSE DEL TORO Nº 16 Plta/Piso 1 Pta/Letra IZQUIERDA, piso 1, puerta IZQUIERDA","postal_code":"11001","places":2,"units":1,"registered":"2018-07-02","catastro":"2266809QA4426E0005MJ","holder":null,"holder_count":null}},{"type":"Feature","geometry":{"type":"Point","coordinates":[-6.294382,36.530168]},"properties":{"id":"VUT/CA/05480","type":"VUT","group":"Completa","address":"CALLE RUIZ DE BUSTAMANTE Nº 12 Plta/Piso 1, piso 1","postal_code":"11005","places":6,"units":3,"registered":"2018-07-03","catastro":"2363404QA4426C0001RK","holder":null,"holder_count":null}},{"type":"Feature","geometry":{"type":"Point","coordinates":[-6.299114,36.53044]},"properties":{"id":"VUT/CA/05482","type":"VUT","group":"Completa","address":"CALLE ROBLES Nº 7 Plta/Piso BAJO Pta/Letra A, piso BAJO, puerta A","postal_code":"11002","places":3,"units":1,"registered":"2018-07-03","catastro":"1963204QA4416D0007PY","holder":null,"holder_count":null}},{"type":"Feature","geometry":{"type":"Point","coordinates":[-6.283897,36.521437]},"properties":{"id":"VUT/CA/05483","type":"VUT","group":"Completa","address":"CALLE BRUNETE Nº 2A Plta/Piso BJ Pta/Letra A, piso BJ, puerta A","postal_code":"11007","places":2,"units":1,"registered":"2018-07-03","catastro":"3253318QA4435C0037BO","holder":null,"holder_count":null}},{"type":"Feature","geometry":{"type":"Point","coordinates":[-6.298924,36.529879]},"properties":{"id":"VUT/CA/05498","type":"VUT","group":"Completa","address":"CALLE ABREU Nº 3 Plta/Piso 1 Pta/Letra A, piso 1, puerta A","postal_code":"11002","places":2,"units":1,"registered":"2018-07-04","catastro":"1962306QA4416D0004QE","holder":"LITTLE APARTMENTS S.L.","holder_count":20}},{"type":"Feature","geometry":{"type":"Point","coordinates":[-6.299686,36.536911]},"properties":{"id":"VUT/CA/05499","type":"VUT","group":"Completa","address":"CALLE CARMEN CORONADA Nº 5 Plta/Piso BAJO, piso BAJO","postal_code":"11003","places":6,"units":2,"registered":"2018-07-04","catastro":"1871501QA4417B0002MM","holder":null,"holder_count":null}},{"type":"Feature","geometry":{"type":"Point","coordinates":[-6.274488,36.501]},"properties":{"id":"VUT/CA/05501","type":"VUT","group":"Por habitaciones","address":"PLAZA HELIOS Portal 3 Plta/Piso 4 Pta/Letra A, piso 4, puerta A","postal_code":"11011","places":6,"units":3,"registered":"2018-07-06","catastro":"4231901QA4443A0076HA","holder":null,"holder_count":null}},{"type":"Feature","geometry":{"type":"Point","coordinates":[-6.299116,36.53675]},"properties":{"id":"VUT/CA/05503","type":"VUT","group":"Completa","address":"CALLE VEA MURGUIA Nº 33 Plta/Piso 1 Pta/Letra D, piso 1, puerta D","postal_code":"11003","places":6,"units":2,"registered":"2018-07-06","catastro":"1970805QA4417B0004FW","holder":"ALQUILER VACACIONAL TURISMO E INNOVACIÓN SOCIAL SCA","holder_count":81}},{"type":"Feature","geometry":{"type":"Point","coordinates":[-6.29855,36.529069]},"properties":{"id":"VUT/CA/05510","type":"VUT","group":"Completa","address":"CALLE Garaicoechea Nº 14 Plta/Piso 2 Pta/Letra B, piso 2, puerta B","postal_code":"11005","places":4,"units":2,"registered":"2018-07-09","catastro":"1962325QA4416D0006TT","holder":null,"holder_count":null}},{"type":"Feature","geometry":{"type":"Point","coordinates":[-6.298924,36.529879]},"properties":{"id":"VUT/CA/05515","type":"VUT","group":"Completa","address":"CALLE ABREU Nº 3 Plta/Piso 1 Pta/Letra B, piso 1, puerta B","postal_code":"11002","places":2,"units":1,"registered":"2018-07-09","catastro":"1962306QA4416D0005WR","holder":"LITTLE APARTMENTS S.L.","holder_count":20}},{"type":"Feature","geometry":{"type":"Point","coordinates":[-6.275448,36.508013]},"properties":{"id":"VUT/CA/05521","type":"VUT","group":"Completa","address":"CALLE PATIO SANTA TERESA Nº 1 Plta/Piso 3 Pta/Letra I, piso 3, puerta I","postal_code":"11010","places":4,"units":2,"registered":"2018-07-10","catastro":"4139501QA4443G0128KS","holder":null,"holder_count":null}},{"type":"Feature","geometry":{"type":"Point","coordinates":[-6.29784,36.533615]},"properties":{"id":"VUT/CA/05523","type":"VUT","group":"Completa","address":"CALLE ANCHA Nº 21 Plta/Piso 1 Pta/Letra B, piso 1, puerta B","postal_code":"11001","places":4,"units":2,"registered":"2018-07-10","catastro":"1967412QA4416H0007FL","holder":"AC GESTION CADIZ S.L.","holder_count":39}},{"type":"Feature","geometry":{"type":"Point","coordinates":[-6.297342,36.533762]},"properties":{"id":"VUT/CA/05524","type":"VUT","group":"Completa","address":"CALLE SAGASTA Nº 6 Esc. 1 Plta/Piso 3 Pta/Letra IZQ, piso 3, puerta IZQ","postal_code":"11001","places":5,"units":3,"registered":"2018-07-10","catastro":"2167703QA4426E0008RB","holder":"ALQUILER VACACIONAL TURISMO E INNOVACIÓN SOCIAL SCA","holder_count":81}},{"type":"Feature","geometry":{"type":"Point","coordinates":[-6.29662,36.53614]},"properties":{"id":"VUT/CA/05533","type":"VUT","group":"Completa","address":"CALLE Paseo Maritimo Nº 3 Plta/Piso 6 Pta/Letra D, piso 6, puerta D","postal_code":"11010","places":4,"units":2,"registered":"2018-07-10","catastro":"2170708QA4427A0004xB","holder":null,"holder_count":null}},{"type":"Feature","geometry":{"type":"Point","coordinates":[-6.29745,36.533423]},"properties":{"id":"VUT/CA/05542","type":"VUT","group":"Completa","address":"CALLE ANCHA Nº 22 Plta/Piso 3 Pta/Letra D-A, piso 3, puerta D-A","postal_code":"11001","places":4,"units":1,"registered":"2018-07-11","catastro":"2167721QA4426E0007LL","holder":"APARTMENTS TIME S.L.","holder_count":55}},{"type":"Feature","geometry":{"type":"Point","coordinates":[-6.29745,36.533423]},"properties":{"id":"VUT/CA/05546","type":"VUT","group":"Completa","address":"CALLE ANCHA Nº 22 Plta/Piso 3 Pta/Letra D-B, piso 3, puerta D-B","postal_code":"11001","places":4,"units":1,"registered":"2018-07-11","catastro":"2167721QA4426E0007LL","holder":"APARTMENTS TIME S.L.","holder_count":55}},{"type":"Feature","geometry":{"type":"Point","coordinates":[-6.291968,36.529045]},"properties":{"id":"VUT/CA/05567","type":"VUT","group":"Completa","address":"CALLE MERCED Nº 2 Plta/Piso 1 Pta/Letra E, piso 1, puerta E","postal_code":"11005","places":2,"units":1,"registered":"2018-07-13","catastro":"2562406QA4426D0010UP","holder":null,"holder_count":null}},{"type":"Feature","geometry":{"type":"Point","coordinates":[-6.300895,36.536728]},"properties":{"id":"VUT/CA/05582","type":"VUT","group":"Completa","address":"CALLE USTARIZ Nº 7 Plta/Piso BAJO, piso BAJO","postal_code":"11003","places":6,"units":2,"registered":"2018-07-16","catastro":"1770304QA4417B0004QW","holder":null,"holder_count":null}},{"type":"Feature","geometry":{"type":"Point","coordinates":[-6.273621,36.505055]},"properties":{"id":"VUT/CA/05586","type":"VUT","group":"Por habitaciones","address":"CALLE VELAZQUEZ Nº 15 Portal 1 Plta/Piso 5 Pta/Letra 6, piso 5, puerta 6","postal_code":"11010","places":2,"units":1,"registered":"2018-07-17","catastro":"4236401QA4443E0210WT","holder":null,"holder_count":null}},{"type":"Feature","geometry":{"type":"Point","coordinates":[-6.269733,36.504959]},"properties":{"id":"VUT/CA/05588","type":"VUT","group":"Por habitaciones","address":"CALLE PLUS ULTRA Nº 15 Plta/Piso 9 Pta/Letra A, piso 9, puerta A","postal_code":"11011","places":2,"units":1,"registered":"2018-07-17","catastro":"4636302QA4443F0033OW","holder":null,"holder_count":null}},{"type":"Feature","geometry":{"type":"Point","coordinates":[-6.299004,36.528968]},"properties":{"id":"VUT/CA/05598","type":"VUT","group":"Completa","address":"CALLE Gabriela Ortega Nº s/n Plta/Piso Bajo, piso Bajo","postal_code":"11006","places":2,"units":1,"registered":"2018-07-18","catastro":"1962341QA4416D0006ET","holder":null,"holder_count":null}},{"type":"Feature","geometry":{"type":"Point","coordinates":[-6.301489,36.532169]},"properties":{"id":"VUT/CA/05607","type":"VUT","group":"Completa","address":"CALLE TORRE Nº 47 Plta/Piso 1 Pta/Letra DERECHA, piso 1, puerta DERECHA","postal_code":"11002","places":6,"units":2,"registered":"2018-07-18","catastro":"1665408QA4416F0001DK","holder":null,"holder_count":null}},{"type":"Feature","geometry":{"type":"Point","coordinates":[-6.304395,36.529395]},"properties":{"id":"VUT/CA/05619","type":"VUT","group":"Por habitaciones","address":"CALLE PARAGUAY Nº 5 Plta/Piso 3 Pta/Letra A, piso 3, puerta A","postal_code":"11005","places":6,"units":4,"registered":"2018-07-19","catastro":"1462903QA4416A0005HM","holder":null,"holder_count":null}},{"type":"Feature","geometry":{"type":"Point","coordinates":[-6.273687,36.500305]},"properties":{"id":"VUT/CA/05621","type":"VUT","group":"Completa","address":"AVENIDA JOSE LEÓN DE CARRANZA Nº 4 Plta/Piso 6 Pta/Letra H Compl.Dom. EDIFICIO ATLANTICO 6, piso 6, puerta H","postal_code":"11011","places":2,"units":1,"registered":"2018-07-19","catastro":"4230303QA4443A0139YS","holder":"ALQUILER VACACIONAL TURISMO E INNOVACIÓN SOCIAL SCA","holder_count":81}},{"type":"Feature","geometry":{"type":"Point","coordinates":[-6.289862,36.528242]},"properties":{"id":"VUT/CA/05646","type":"VUT","group":"Completa","address":"CALLE SANTO DOMINGO Nº 11 Plta/Piso 3, piso 3","postal_code":"11006","places":4,"units":1,"registered":"2018-07-23","catastro":"2761909QA4426B0001RO","holder":"SUPROGESTION DE PROYECTOS Y OBRA SL","holder_count":1}},{"type":"Feature","geometry":{"type":"Point","coordinates":[-6.272166,36.496883]},"properties":{"id":"VUT/CA/05657","type":"VUT","group":"Completa","address":"AVENIDA LEON DE CARRANZA Nº 20 DPL Plta/Piso 1 Pta/Letra S, piso 1, puerta S","postal_code":"11011","places":6,"units":3,"registered":"2018-07-25","catastro":"4427901QA4442E0250RH","holder":null,"holder_count":null}},{"type":"Feature","geometry":{"type":"Point","coordinates":[-6.294631,36.534947]},"properties":{"id":"VUT/CA/05661","type":"VUT","group":"Completa","address":"CALLE ANTONIO LÓPEZ Nº 18 Plta/Piso 1 Pta/Letra B, piso 1, puerta B","postal_code":"11004","places":8,"units":2,"registered":"2018-07-25","catastro":"2369419QA4426G0005IS","holder":null,"holder_count":null}},{"type":"Feature","geometry":{"type":"Point","coordinates":[-6.300276,36.52958]},"properties":{"id":"VUT/CA/05663","type":"VUT","group":"Completa","address":"CALLE PASQUIN Nº 12 Plta/Piso 3 Pta/Letra B, piso 3, puerta B","postal_code":"11002","places":4,"units":1,"registered":"2018-07-26","catastro":"1862329QA4416D0014IP","holder":"GADES GESTIÓN TURÍSTICA SL","holder_count":12}},{"type":"Feature","geometry":{"type":"Point","coordinates":[-6.29089,36.52868]},"properties":{"id":"VUT/CA/05664","type":"VUT","group":"Completa","address":"CALLE MERCED Nº 22 Plta/Piso BJ Pta/Letra A Compl.Dom. SEMISOTANO, piso BJ, puerta A","postal_code":"11006","places":4,"units":2,"registered":"2018-07-26","catastro":"2662910QA4426B0001XO","holder":null,"holder_count":null}},{"type":"Feature","geometry":{"type":"Point","coordinates":[-6.266351,36.507074]},"properties":{"id":"VUT/CA/05674","type":"VUT","group":"Completa","address":"CALLE ARENAL Nº 1 Plta/Piso 3 Pta/Letra IZQ Compl.Dom. BARRIADA DE PUNTALES, piso 3, puerta IZQ","postal_code":"11011","places":5,"units":3,"registered":"2018-07-26","catastro":"4938201QA4443H0029RL","holder":null,"holder_count":null}},{"type":"Feature","geometry":{"type":"Point","coordinates":[-6.280829,36.515799]},"properties":{"id":"VUT/CA/05689","type":"VUT","group":"Completa","address":"CALLE PARLAMENTO Nº 10 Plta/Piso 3, piso 3","postal_code":"11008","places":5,"units":3,"registered":"2018-07-30","catastro":"3647301QA4434H0004UD","holder":null,"holder_count":null}},{"type":"Feature","geometry":{"type":"Point","coordinates":[-6.275521,36.502536]},"properties":{"id":"VUT/CA/05702","type":"VUT","group":"Completa","address":"CALLE JOSE GARCIA AGULLO Nº 4 Plta/Piso 4 Pta/Letra D, piso 4, puerta D","postal_code":"11010","places":6,"units":3,"registered":"2018-07-31","catastro":"4134810QA4443C0040HW","holder":null,"holder_count":null}},{"type":"Feature","geometry":{"type":"Point","coordinates":[-6.299767,36.533567]},"properties":{"id":"VUT/CA/05703","type":"VUT","group":"Completa","address":"CALLE BENUMEDA Nº 23 Plta/Piso ENTRESUELO Pta/Letra 2, piso ENTRESUELO, puerta 2","postal_code":"11003","places":4,"units":1,"registered":"2018-07-31","catastro":"1867418QA4416H0005TJ","holder":null,"holder_count":null}},{"type":"Feature","geometry":{"type":"Point","coordinates":[-6.29604,36.533105]},"properties":{"id":"VUT/CA/05704","type":"VUT","group":"Completa","address":"CALLE CÁNOVAS DEL CASTILLO Nº 38 Plta/Piso BAJO Pta/Letra C, piso BAJO, puerta C","postal_code":"11004","places":5,"units":3,"registered":"2018-07-31","catastro":"2267720QA4426E0020OE","holder":"ALQUILER VACACIONAL TURISMO E INNOVACIÓN SOCIAL SCA","holder_count":81}},{"type":"Feature","geometry":{"type":"Point","coordinates":[-6.272415,36.51469]},"properties":{"id":"VUT/CA/05715","type":"VUT","group":"Por habitaciones","address":"AVENIDA DE LA BAHIA Nº 15 Plta/Piso 6 Pta/Letra B, piso 6, puerta B","postal_code":"11012","places":3,"units":2,"registered":"2018-08-01","catastro":"4347502QA4444G0012BD","holder":null,"holder_count":null}},{"type":"Feature","geometry":{"type":"Point","coordinates":[-6.293913,36.533024]},"properties":{"id":"VUT/CA/05730","type":"VUT","group":"Completa","address":"CALLE DR RAMON Y CAJAL Nº 1 Plta/Piso BAJO Pta/Letra B, piso BAJO, puerta B","postal_code":"11004","places":4,"units":1,"registered":"2018-08-06","catastro":"2367506QA4426G0001MI","holder":null,"holder_count":null}},{"type":"Feature","geometry":{"type":"Point","coordinates":[-6.299668,36.529882]},"properties":{"id":"VUT/CA/05735","type":"VUT","group":"Completa","address":"CALLE SAN VICENTE Nº 3 Portal D Plta/Piso 2 Pta/Letra D, piso 2, puerta D","postal_code":"11002","places":2,"units":1,"registered":"2018-08-07","catastro":"1862311QA4416D0012OI","holder":null,"holder_count":null}},{"type":"Feature","geometry":{"type":"Point","coordinates":[-6.298458,36.533076]},"properties":{"id":"VUT/CA/05737","type":"VUT","group":"Completa","address":"CALLE SAGASTA Nº 23 Plta/Piso 4 Pta/Letra DCHA, piso 4, puerta DCHA","postal_code":"11001","places":2,"units":1,"registered":"2018-08-07","catastro":"1967615QA4416F0012TE","holder":null,"holder_count":null}},{"type":"Feature","geometry":{"type":"Point","coordinates":[-6.30232,36.535553]},"properties":{"id":"VUT/CA/05741","type":"VUT","group":"Completa","address":"CALLE Hércules Nº 13 Plta/Piso 2 Pta/Letra J, piso 2, puerta J","postal_code":"11003","places":4,"units":3,"registered":"2018-08-07","catastro":"1669301QA4416H0045ZX","holder":null,"holder_count":null}},{"type":"Feature","geometry":{"type":"Point","coordinates":[-6.300526,36.531216]},"properties":{"id":"VUT/CA/05743","type":"VUT","group":"Completa","address":"CALLE SAGASTA Nº 60 Plta/Piso 1 Pta/Letra IZQ Compl.Dom. ENTRESUELO, piso 1, puerta IZQ","postal_code":"11002","places":6,"units":3,"registered":"2018-08-08","catastro":"1864908QA4416D0006JT","holder":"FRANJAORAN SL","holder_count":1}},{"type":"Feature","geometry":{"type":"Point","coordinates":[-6.291127,36.527736]},"properties":{"id":"VUT/CA/05744","type":"VUT","group":"Completa","address":"CALLE PÚBLICO Nº 4 Plta/Piso BJ Pta/Letra DCH, piso BJ, puerta DCH","postal_code":"11006","places":4,"units":3,"registered":"2018-08-08","catastro":"2661705QA4426B0010BG","holder":"ALQUILER VACACIONAL TURISMO E INNOVACIÓN SOCIAL SCA","holder_count":81}},{"type":"Feature","geometry":{"type":"Point","coordinates":[-6.273621,36.505055]},"properties":{"id":"VUT/CA/05765","type":"VUT","group":"Completa","address":"CALLE VELAZQUEZ Nº 15 Blq. 2 Plta/Piso 3 Pta/Letra 5, piso 3, puerta 5","postal_code":"11010","places":6,"units":2,"registered":"2018-08-10","catastro":"4236401QA4443E0257FJ","holder":"ALQUILER VACACIONAL TURISMO E INNOVACIÓN SOCIAL SCA","holder_count":81}},{"type":"Feature","geometry":{"type":"Point","coordinates":[-6.306469,36.533446]},"properties":{"id":"VUT/CA/05790","type":"VUT","group":"Completa","address":"AVENIDA DUQUE DE NÁJERA Nº 7 Calif.Nº B Esc. 1 Plta/Piso 7 Pta/Letra DCH, piso 7, puerta DCH","postal_code":"11002","places":7,"units":4,"registered":"2018-08-20","catastro":"1267601QA4416E0026LT","holder":null,"holder_count":null}},{"type":"Feature","geometry":{"type":"Point","coordinates":[-6.305177,36.528582]},"properties":{"id":"VUT/CA/05791","type":"VUT","group":"Completa","address":"CALLE VENEZUELA Nº 19 Plta/Piso 1 Pta/Letra 1, piso 1, puerta 1","postal_code":"11002","places":4,"units":2,"registered":"2018-08-20","catastro":"1461101QA4416A0020HO","holder":null,"holder_count":null}},{"type":"Feature","geometry":{"type":"Point","coordinates":[-6.300926,36.530421]},"properties":{"id":"VUT/CA/05797","type":"VUT","group":"Completa","address":"CALLE SAGASTA Portal 73 Plta/Piso 2ª Pta/Letra 10, piso 2ª, puerta 10","postal_code":"11002","places":3,"units":1,"registered":"2018-08-22","catastro":"1763212QA4416D0011EU","holder":null,"holder_count":null}},{"type":"Feature","geometry":{"type":"Point","coordinates":[-6.298497,36.536602]},"properties":{"id":"VUT/CA/05808","type":"VUT","group":"Completa","address":"ALAMEDA Apodaca Nº 10 Plta/Piso Bajo Pta/Letra C, piso Bajo, puerta C","postal_code":"11003","places":3,"units":2,"registered":"2018-08-22","catastro":"1970404QA4417B0003AQ","holder":null,"holder_count":null}},{"type":"Feature","geometry":{"type":"Point","coordinates":[-6.304297,36.529515]},"properties":{"id":"VUT/CA/05810","type":"VUT","group":"Completa","address":"CALLE PARAGUAY Nº 4 Plta/Piso 2 Pta/Letra A, piso 2, puerta A","postal_code":"11002","places":5,"units":3,"registered":"2018-08-23","catastro":"1562819QA4416B0010IA","holder":null,"holder_count":null}},{"type":"Feature","geometry":{"type":"Point","coordinates":[-6.277099,36.515971]},"properties":{"id":"VUT/CA/05820","type":"VUT","group":"Completa","address":"AVENIDA San Severiano Nº 26 Plta/Piso 3 Pta/Letra 2, piso 3, puerta 2","postal_code":"11012","places":5,"units":2,"registered":"2018-08-24","catastro":"3948901QA4434H0072DF","holder":null,"holder_count":null}},{"type":"Feature","geometry":{"type":"Point","coordinates":[-6.28984,36.527823]},"properties":{"id":"VUT/CA/05822","type":"VUT","group":"Completa","address":"CALLE SANTO DOMINGO Nº 10 Plta/Piso 1 Pta/Letra A, piso 1, puerta A","postal_code":"11005","places":4,"units":2,"registered":"2018-08-24","catastro":"2861703QA4426B0003TA","holder":null,"holder_count":null}},{"type":"Feature","geometry":{"type":"Point","coordinates":[-6.30338,36.529229]},"properties":{"id":"VUT/CA/05823","type":"VUT","group":"Completa","address":"CALLE LUBET Nº 3 Esc. 3 Plta/Piso 3 Pta/Letra C, piso 3, puerta C","postal_code":"11002","places":4,"units":2,"registered":"2018-08-25","catastro":"1562915QA4416B0051TJ","holder":null,"holder_count":null}},{"type":"Feature","geometry":{"type":"Point","coordinates":[-6.30338,36.529229]},"properties":{"id":"VUT/CA/05824","type":"VUT","group":"Completa","address":"CALLE LUBET Nº 5 Plta/Piso 0 Pta/Letra C, piso 0, puerta C","postal_code":"11002","places":5,"units":3,"registered":"2018-08-25","catastro":"1562915QA4416B0020YK","holder":null,"holder_count":null}},{"type":"Feature","geometry":{"type":"Point","coordinates":[-6.297122,36.531739]},"properties":{"id":"VUT/CA/05843","type":"VUT","group":"Completa","address":"CALLE JAVIER DE BURGOS Portal 26 Plta/Piso 2 Pta/Letra B, piso 2, puerta B","postal_code":"11001","places":4,"units":2,"registered":"2018-08-29","catastro":"2165704QA4426E0021PR","holder":null,"holder_count":null}},{"type":"Feature","geometry":{"type":"Point","coordinates":[-6.300144,36.532121]},"properties":{"id":"VUT/CA/05852","type":"VUT","group":"Completa","address":"CALLE SOLANO Nº 2 Plta/Piso 1º Pta/Letra IZDA, piso 1º, puerta IZDA","postal_code":"11001","places":4,"units":2,"registered":"2018-08-29","catastro":"1865105QA4416F0004UZ","holder":"CARALGONGO SL","holder_count":2}},{"type":"Feature","geometry":{"type":"Point","coordinates":[-6.282541,36.515834]},"properties":{"id":"VUT/CA/05867","type":"VUT","group":"Completa","address":"AVENIDA AVENIDA DE ANDALUCIA Nº 76 Plta/Piso 2 Pta/Letra C, piso 2, puerta C","postal_code":"11008","places":3,"units":1,"registered":"2018-08-30","catastro":"3447803QA4434E0011LD","holder":null,"holder_count":null}},{"type":"Feature","geometry":{"type":"Point","coordinates":[-6.279349,36.521915]},"properties":{"id":"VUT/CA/05872","type":"VUT","group":"Por habitaciones","address":"CALLE ENRIQUE CALBO Nº 9 Plta/Piso 1 Pta/Letra D, piso 1, puerta D","postal_code":"11007","places":2,"units":1,"registered":"2018-09-01","catastro":"3754208QA4435D0003IH","holder":null,"holder_count":null}},{"type":"Feature","geometry":{"type":"Point","coordinates":[-6.280707,36.51633]},"properties":{"id":"VUT/CA/05873","type":"VUT","group":"Completa","address":"CALLE HUERTA DEL OBISPO Nº 10 Plta/Piso 2 Pta/Letra B, piso 2, puerta B","postal_code":"11008","places":4,"units":2,"registered":"2018-09-02","catastro":"3548504QA4434H0020LM","holder":null,"holder_count":null}},{"type":"Feature","geometry":{"type":"Point","coordinates":[-6.28607,36.522963]},"properties":{"id":"VUT/CA/05885","type":"VUT","group":"Completa","address":"AVENIDA ANDALUCIA Nº 29 Plta/Piso 5º Compl.Dom. (ENTRADA POR C/GENERAL RICARDOS 2), piso 5º","postal_code":"11007","places":5,"units":2,"registered":"2018-09-03","catastro":"3157604QA4435E0005UR","holder":"DUNA BEDUINA SERVICIOS TURISTÍCOS, S.L.","holder_count":77}},{"type":"Feature","geometry":{"type":"Point","coordinates":[-6.302651,36.529473]},"properties":{"id":"VUT/CA/05887","type":"VUT","group":"Completa","address":"CALLE CRISTO DE LA MISERICORDIA Nº 9 Plta/Piso 2 Pta/Letra A, piso 2, puerta A","postal_code":"11002","places":4,"units":1,"registered":"2018-09-04","catastro":"1662810QA4416B0008SS","holder":null,"holder_count":null}},{"type":"Feature","geometry":{"type":"Point","coordinates":[-6.272952,36.499012]},"properties":{"id":"VUT/CA/05892","type":"VUT","group":"Completa","address":"CALLE SIRENAS Nº 4 Plta/Piso 1 Pta/Letra B Compl.Dom. EDIFICIO LOS DELFINES, piso 1, puerta B","postal_code":"11011","places":4,"units":2,"registered":"2018-09-04","catastro":"4329901QA4442G1233OZ","holder":null,"holder_count":null}},{"type":"Feature","geometry":{"type":"Point","coordinates":[-6.27397,36.500583]},"properties":{"id":"VUT/CA/05894","type":"VUT","group":"Completa","address":"CALLE VILLA DE PARADAS Nº 1 Plta/Piso BAJO Pta/Letra IZQ., piso BAJO, puerta IZQ.","postal_code":"11011","places":6,"units":3,"registered":"2018-09-04","catastro":"4230302QA4443A0017QH","holder":null,"holder_count":null}},{"type":"Feature","geometry":{"type":"Point","coordinates":[-6.286954,36.522807]},"properties":{"id":"VUT/CA/05896","type":"VUT","group":"Completa","address":"CALLE SANTA MARIA SOLEDAD Nº 4 Plta/Piso 1 Pta/Letra C, piso 1, puerta C","postal_code":"11008","places":4,"units":2,"registered":"2018-09-04","catastro":"3055901QA4435E0147MF","holder":"ALQUILER VACACIONAL TURISMO E INNOVACIÓN SOCIAL SCA","holder_count":81}},{"type":"Feature","geometry":{"type":"Point","coordinates":[-6.295089,36.533245]},"properties":{"id":"VUT/CA/05897","type":"VUT","group":"Completa","address":"CALLE COLUMELA Nº 38 Plta/Piso 1 Pta/Letra 1, piso 1, puerta 1","postal_code":"11004","places":8,"units":4,"registered":"2018-09-04","catastro":"2267907QA4426e0004DH","holder":null,"holder_count":null}},{"type":"Feature","geometry":{"type":"Point","coordinates":[-6.299846,36.535608]},"properties":{"id":"VUT/CA/05912","type":"VUT","group":"Completa","address":"CALLE Vea Murguía Nº 14 Plta/Piso 1-2 Pta/Letra D, piso 1-2, puerta D","postal_code":"11003","places":3,"units":1,"registered":"2018-09-06","catastro":"1869107QA4416H0014YM","holder":null,"holder_count":null}},{"type":"Feature","geometry":{"type":"Point","coordinates":[-6.297343,36.532629]},"properties":{"id":"VUT/CA/05923","type":"VUT","group":"Completa","address":"CALLE SAN MIGUEL Nº 7 Plta/Piso 3, piso 3","postal_code":"11001","places":3,"units":2,"registered":"2018-09-07","catastro":"2066313QA4426E0017FE","holder":null,"holder_count":null}},{"type":"Feature","geometry":{"type":"Point","coordinates":[-6.304297,36.529515]},"properties":{"id":"VUT/CA/05924","type":"VUT","group":"Completa","address":"CALLE PARAGUAY Nº 4 Plta/Piso 1 Pta/Letra B, piso 1, puerta B","postal_code":"11002","places":4,"units":2,"registered":"2018-09-07","catastro":"1562819QA4416B0007IA","holder":null,"holder_count":null}},{"type":"Feature","geometry":{"type":"Point","coordinates":[-6.293909,36.530654]},"properties":{"id":"VUT/CA/05954","type":"VUT","group":"Por habitaciones","address":"CALLE CRISTOBAL COLON Nº 21 Plta/Piso 2ª Pta/Letra A, piso 2ª, puerta A","postal_code":"11005","places":2,"units":1,"registered":"2018-09-12","catastro":"2464813QA4426C0011OW","holder":null,"holder_count":null}},{"type":"Feature","geometry":{"type":"Point","coordinates":[-6.29226,36.529834]},"properties":{"id":"VUT/CA/05960","type":"VUT","group":"Por habitaciones","address":"PLAZA SAN JUAN DE DIOS Nº 14 Plta/Piso 1, piso 1","postal_code":"11005","places":3,"units":2,"registered":"2018-09-14","catastro":"2563502QA4426D0001BR","holder":null,"holder_count":null}},{"type":"Feature","geometry":{"type":"Point","coordinates":[-6.298374,36.536417]},"properties":{"id":"VUT/CA/05971","type":"VUT","group":"Completa","address":"ALAMEDA Apodaca Portal 11 Plta/Piso Baja Pta/Letra 3, piso Baja, puerta 3","postal_code":"11003","places":2,"units":1,"registered":"2018-09-17","catastro":"1970405QA4417B0043WY","holder":null,"holder_count":null}},{"type":"Feature","geometry":{"type":"Point","coordinates":[-6.274683,36.505791]},"properties":{"id":"VUT/CA/05983","type":"VUT","group":"Por habitaciones","address":"CALLE GOYA Nº 15 Plta/Piso 6 Pta/Letra A, piso 6, puerta A","postal_code":"11010","places":2,"units":1,"registered":"2018-09-17","catastro":"4237702QA4443E0021UU","holder":null,"holder_count":null}},{"type":"Feature","geometry":{"type":"Point","coordinates":[-6.30338,36.529229]},"properties":{"id":"VUT/CA/05996","type":"VUT","group":"Completa","address":"CALLE LUBET Nº 5 Plta/Piso 1 Pta/Letra F, piso 1, puerta F","postal_code":"11002","places":3,"units":2,"registered":"2018-09-19","catastro":"1562915QA4416B0032GR","holder":null,"holder_count":null}},{"type":"Feature","geometry":{"type":"Point","coordinates":[-6.300228,36.535433]},"properties":{"id":"VUT/CA/05997","type":"VUT","group":"Completa","address":"CALLE VEEDOR Nº 12 Plta/Piso SEGUNDA Pta/Letra VIVIENDA 1 Compl.Dom. PLANTA SEGUNDA VIVIENDA 1ª, piso SEGUNDA, puerta VIVIENDA 1","postal_code":"11003","places":4,"units":2,"registered":"2018-09-19","catastro":"1869707QA4416H0001BD","holder":null,"holder_count":null}},{"type":"Feature","geometry":{"type":"Point","coordinates":[-6.294844,36.534304]},"properties":{"id":"VUT/CA/05998","type":"VUT","group":"Completa","address":"CALLE MANUEL RANCES Nº 1 Plta/Piso 3 Pta/Letra A, piso 3, puerta A","postal_code":"11004","places":2,"units":1,"registered":"2018-09-19","catastro":"2368701QA4426G0008ZG","holder":null,"holder_count":null}},{"type":"Feature","geometry":{"type":"Point","coordinates":[-6.300405,36.536919]},"properties":{"id":"VUT/CA/06015","type":"VUT","group":"Completa","address":"CALLE ADOLFO DE CASTRO Nº 39 Plta/Piso BAJO Pta/Letra IZQUIERDA, piso BAJO, puerta IZQUIERDA","postal_code":"11003","places":2,"units":1,"registered":"2018-09-21","catastro":"1871712QA4417B0010HT","holder":null,"holder_count":null}},{"type":"Feature","geometry":{"type":"Point","coordinates":[-6.294518,36.533792]},"properties":{"id":"VUT/CA/06024","type":"VUT","group":"Completa","address":"CALLE GENERAL LUQUE Nº 6 Plta/Piso 2, piso 2","postal_code":"11004","places":4,"units":3,"registered":"2018-09-24","catastro":"2367108QA4426E0004TH","holder":null,"holder_count":null}},{"type":"Feature","geometry":{"type":"Point","coordinates":[-6.276982,36.504045]},"properties":{"id":"VUT/CA/06037","type":"VUT","group":"Completa","address":"PASEO MARITIMO Nº 5 Plta/Piso 9 Pta/Letra D, piso 9, puerta D","postal_code":"11010","places":4,"units":2,"registered":"2018-09-26","catastro":"4035904QA4443E0095MF","holder":null,"holder_count":null}},{"type":"Feature","geometry":{"type":"Point","coordinates":[-6.297829,36.534451]},"properties":{"id":"VUT/CA/06042","type":"VUT","group":"Completa","address":"CALLE CÁNOVAS DEL CASTILLO Nº 8 Plta/Piso 2 Pta/Letra IZQUIERDA, piso 2, puerta IZQUIERDA","postal_code":"11001","places":6,"units":3,"registered":"2018-09-26","catastro":"2068514QA4426G0005OS","holder":null,"holder_count":null}},{"type":"Feature","geometry":{"type":"Point","coordinates":[-6.303411,36.52858]},"properties":{"id":"VUT/CA/06044","type":"VUT","group":"Completa","address":"CALLE VENEZUELA Blq. 1 Plta/Piso 2 Pta/Letra B, piso 2, puerta B","postal_code":"11002","places":5,"units":3,"registered":"2018-09-26","catastro":"1561206QA4416B0003MU","holder":null,"holder_count":null}},{"type":"Feature","geometry":{"type":"Point","coordinates":[-6.294476,36.532172]},"properties":{"id":"VUT/CA/06045","type":"VUT","group":"Completa","address":"CALLE ROSARIO Nº 43 Plta/Piso 1 Pta/Letra C, piso 1, puerta C","postal_code":"11004","places":4,"units":2,"registered":"2018-09-26","catastro":"2365204QA4426E0002UF","holder":null,"holder_count":null}},{"type":"Feature","geometry":{"type":"Point","coordinates":[-6.295115,36.535066]},"properties":{"id":"VUT/CA/06046","type":"VUT","group":"Por habitaciones","address":"CALLE Antonio Lopez Nº 12 Plta/Piso 3, piso 3","postal_code":"11004","places":6,"units":4,"registered":"2018-09-26","catastro":"2369818QA4426G0003DP","holder":null,"holder_count":null}},{"type":"Feature","geometry":{"type":"Point","coordinates":[-6.294781,36.533548]},"properties":{"id":"VUT/CA/06049","type":"VUT","group":"Completa","address":"CALLE GENERAL LUQUE Nº 1 Plta/Piso 1 Pta/Letra DCH, piso 1, puerta DCH","postal_code":"11004","places":4,"units":1,"registered":"2018-09-27","catastro":"2367902QA4426E0001ED","holder":"INMOBILERT SLU","holder_count":1}},{"type":"Feature","geometry":{"type":"Point","coordinates":[-6.299826,36.530098]},"properties":{"id":"VUT/CA/06051","type":"VUT","group":"Completa","address":"CALLE CARDOSO Nº 20 Plta/Piso 3 Pta/Letra DCH, piso 3, puerta DCH","postal_code":"11002","places":2,"units":1,"registered":"2018-09-27","catastro":"1862305QA4416D0001BM","holder":null,"holder_count":null}},{"type":"Feature","geometry":{"type":"Point","coordinates":[-6.274928,36.503579]},"properties":{"id":"VUT/CA/06055","type":"VUT","group":"Por habitaciones","address":"PLAZA Bécquer Nº 1 Esc. 2 Plta/Piso 3 Pta/Letra 1-D, piso 3, puerta 1-D","postal_code":"11010","places":2,"units":1,"registered":"2018-09-27","catastro":"4234801QA4443C0058GJ","holder":null,"holder_count":null}},{"type":"Feature","geometry":{"type":"Point","coordinates":[-6.280508,36.50995]},"properties":{"id":"VUT/CA/06056","type":"VUT","group":"Completa","address":"CALLE Dora reyes Nº 1 Plta/Piso 1 Pta/Letra B, piso 1, puerta B","postal_code":"11009","places":6,"units":2,"registered":"2018-09-27","catastro":"3641414QA4434B0077IA","holder":null,"holder_count":null}},{"type":"Feature","geometry":{"type":"Point","coordinates":[-6.28652,36.521752]},"properties":{"id":"VUT/CA/06057","type":"VUT","group":"Completa","address":"CALLE Santa Maria Soledad Nº 9 Plta/Piso 5 Pta/Letra d, piso 5, puerta d","postal_code":"11008","places":8,"units":3,"registered":"2018-09-27","catastro":"3154809QA4435C0010QA","holder":null,"holder_count":null}},{"type":"Feature","geometry":{"type":"Point","coordinates":[-6.297035,36.532288]},"properties":{"id":"VUT/CA/06060","type":"VUT","group":"Completa","address":"CALLE BARRIE Portal 21 Plta/Piso 2 Pta/Letra D, piso 2, puerta D","postal_code":"11001","places":2,"units":1,"registered":"2018-09-28","catastro":"2166711QA4426E0003HG","holder":null,"holder_count":null}},{"type":"Feature","geometry":{"type":"Point","coordinates":[-6.271521,36.49642]},"properties":{"id":"VUT/CA/06076","type":"VUT","group":"Completa","address":"PASEO MARITIMO Nº 30 Plta/Piso 10 Pta/Letra J, piso 10, puerta J","postal_code":"11011","places":8,"units":3,"registered":"2018-10-01","catastro":"4426304QA4442E0251EJ","holder":null,"holder_count":null}},{"type":"Feature","geometry":{"type":"Point","coordinates":[-6.274229,36.499791]},"properties":{"id":"VUT/CA/06082","type":"VUT","group":"Completa","address":"PASEO MARITIMO Nº 21 Calif.Nº DUPLI Plta/Piso 4 Pta/Letra A, piso 4, puerta A","postal_code":"11011","places":6,"units":3,"registered":"2018-10-02","catastro":"4230308QA4443A0009RA","holder":null,"holder_count":null}},{"type":"Feature","geometry":{"type":"Point","coordinates":[-6.272745,36.498228]},"properties":{"id":"VUT/CA/06090","type":"VUT","group":"Completa","address":"CALLE NEREIDAS Nº 4 Esc. 2 Plta/Piso 4 Pta/Letra D, piso 4, puerta D","postal_code":"11011","places":6,"units":3,"registered":"2018-10-03","catastro":"4428802QA4442G0074EM","holder":null,"holder_count":null}},{"type":"Feature","geometry":{"type":"Point","coordinates":[-6.295494,36.534096]},"properties":{"id":"VUT/CA/06092","type":"VUT","group":"Completa","address":"CALLE SAN FRANCISCO Nº 6 Plta/Piso 2 Pta/Letra C, piso 2, puerta C","postal_code":"11004","places":3,"units":2,"registered":"2018-10-04","catastro":"2268509QA4426G0006XD","holder":null,"holder_count":null}},{"type":"Feature","geometry":{"type":"Point","coordinates":[-6.293728,36.532031]},"properties":{"id":"VUT/CA/06098","type":"VUT","group":"Completa","address":"AVENIDA SAN FRANCISCO Nº 32 Plta/Piso 2 Pta/Letra A, piso 2, puerta A","postal_code":"11005","places":4,"units":2,"registered":"2018-10-05","catastro":"2466704QA4426E0005RJ","holder":null,"holder_count":null}},{"type":"Feature","geometry":{"type":"Point","coordinates":[-6.295664,36.535202]},"properties":{"id":"VUT/CA/06099","type":"VUT","group":"Completa","address":"CALLE ANTONIO LOPEZ Nº 6 Plta/Piso 3 Pta/Letra A, piso 3, puerta A","postal_code":"11004","places":4,"units":2,"registered":"2018-10-06","catastro":"2269320QA4426G0007LF","holder":null,"holder_count":null}},{"type":"Feature","geometry":{"type":"Point","coordinates":[-6.28607,36.522963]},"properties":{"id":"VUT/CA/06108","type":"VUT","group":"Completa","address":"CALLE COLUMELA Nº 14 Plta/Piso 2º Pta/Letra DERECHA, piso 2º, puerta DERECHA","postal_code":"11001","places":6,"units":2,"registered":"2018-10-09","catastro":"3157604QA4435E0005UR","holder":null,"holder_count":null}},{"type":"Feature","geometry":{"type":"Point","coordinates":[-6.300801,36.530494]},"properties":{"id":"VUT/CA/06123","type":"VUT","group":"Completa","address":"CALLE SAGASTA Nº 76 Plta/Piso BAJO Pta/Letra DERECHA, piso BAJO, puerta DERECHA","postal_code":"11002","places":3,"units":1,"registered":"2018-10-16","catastro":"1863206QA4416D0003OW","holder":null,"holder_count":null}},{"type":"Feature","geometry":{"type":"Point","coordinates":[-6.281999,36.519937]},"properties":{"id":"VUT/CA/06127","type":"VUT","group":"Completa","address":"CALLE ANTONIO MACHADO Nº 6 Plta/Piso 3 Pta/Letra I, piso 3, puerta I","postal_code":"11008","places":6,"units":3,"registered":"2018-10-16","catastro":"3552801QA4435B0079UU","holder":null,"holder_count":null}},{"type":"Feature","geometry":{"type":"Point","coordinates":[-6.299193,36.531924]},"properties":{"id":"VUT/CA/06135","type":"VUT","group":"Por habitaciones","address":"CALLE ROSARIO CEPEDA Nº 28 Plta/Piso 1 Pta/Letra A, piso 1, puerta A","postal_code":"11001","places":2,"units":2,"registered":"2018-10-16","catastro":"1965704QA4416F0004FZ","holder":null,"holder_count":null}},{"type":"Feature","geometry":{"type":"Point","coordinates":[-6.292647,36.530338]},"properties":{"id":"VUT/CA/06136","type":"VUT","group":"Completa","address":"PLAZA SAN JUAN DE DIOS Nº 1 Plta/Piso 1 Pta/Letra B, piso 1, puerta B","postal_code":"11005","places":5,"units":2,"registered":"2018-10-16","catastro":"2463909QA4426C0007ZQ","holder":"DUNA BEDUINA SERVICIOS TURISTÍCOS, S.L.","holder_count":77}},{"type":"Feature","geometry":{"type":"Point","coordinates":[-6.294375,36.530599]},"properties":{"id":"VUT/CA/06139","type":"VUT","group":"Completa","address":"CALLE Cobos Nº 5 Plta/Piso 3, piso 3","postal_code":"11005","places":5,"units":4,"registered":"2018-10-17","catastro":"2364608QA4426C0003OB","holder":null,"holder_count":null}},{"type":"Feature","geometry":{"type":"Point","coordinates":[-6.295796,36.532916]},"properties":{"id":"VUT/CA/06145","type":"VUT","group":"Completa","address":"CALLE CÁNOVAS DEL CASTILLO Nº 44 Plta/Piso 2 Pta/Letra EXT DCHA, piso 2, puerta EXT DCHA","postal_code":"11004","places":2,"units":1,"registered":"2018-10-17","catastro":"2267718QA4426E0007AL","holder":null,"holder_count":null}},{"type":"Feature","geometry":{"type":"Point","coordinates":[-6.29476,36.53323]},"properties":{"id":"VUT/CA/06151","type":"VUT","group":"Completa","address":"CALLE SAN FRANCISCO Nº 18 Plta/Piso 4, piso 4","postal_code":"11004","places":3,"units":1,"registered":"2018-10-17","catastro":"2367610QA4426E0004HH","holder":null,"holder_count":null}},{"type":"Feature","geometry":{"type":"Point","coordinates":[-6.294511,36.529822]},"properties":{"id":"VUT/CA/06153","type":"VUT","group":"Completa","address":"CALLE COBOS Nº 12 Plta/Piso BAJO Pta/Letra B, piso BAJO, puerta B","postal_code":"11005","places":3,"units":1,"registered":"2018-10-17","catastro":"2363401QA4426C0008UW","holder":null,"holder_count":null}},{"type":"Feature","geometry":{"type":"Point","coordinates":[-6.272952,36.499012]},"properties":{"id":"VUT/CA/06162","type":"VUT","group":"Completa","address":"CALLE Paseo Marítimo Nº 24 Plta/Piso 7 Pta/Letra A, piso 7, puerta A","postal_code":"11011","places":5,"units":3,"registered":"2018-10-18","catastro":"4329901QA4442G0924EG","holder":null,"holder_count":null}},{"type":"Feature","geometry":{"type":"Point","coordinates":[-6.298424,36.535781]},"properties":{"id":"VUT/CA/06163","type":"VUT","group":"Completa","address":"CALLE ADOLFO DE CASTRO Nº 6","postal_code":"11003","places":4,"units":2,"registered":"2018-10-18","catastro":"1969308QA4416H0008SB","holder":null,"holder_count":null}},{"type":"Feature","geometry":{"type":"Point","coordinates":[-6.301788,36.533429]},"properties":{"id":"VUT/CA/06171","type":"VUT","group":"Completa","address":"CALLE SOLEDAD Nº 30 Plta/Piso 2 Pta/Letra C, piso 2, puerta C","postal_code":"11003","places":4,"units":2,"registered":"2018-10-21","catastro":"1767701QA4416F0013LR","holder":null,"holder_count":null}},{"type":"Feature","geometry":{"type":"Point","coordinates":[-6.292816,36.530867]},"properties":{"id":"VUT/CA/06173","type":"VUT","group":"Completa","address":"CALLE NUEVA Nº 1 Plta/Piso 4 Pta/Letra A, piso 4, puerta A","postal_code":"11006","places":2,"units":1,"registered":"2018-10-22","catastro":"2464508QA4426C0006MM","holder":null,"holder_count":null}},{"type":"Feature","geometry":{"type":"Point","coordinates":[-6.294662,36.535139]},"properties":{"id":"VUT/CA/06177","type":"VUT","group":"Completa","address":"CALLE MANUEL RANCES Nº 12 Plta/Piso 2, piso 2","postal_code":"11004","places":2,"units":1,"registered":"2018-10-22","catastro":"2369814QA4426G0004QA","holder":null,"holder_count":null}},{"type":"Feature","geometry":{"type":"Point","coordinates":[-6.299094,36.536224]},"properties":{"id":"VUT/CA/06178","type":"VUT","group":"Completa","address":"CALLE ADOLFO DE CASTRO Nº 17 Plta/Piso 3 Pta/Letra C, piso 3, puerta C","postal_code":"11003","places":4,"units":3,"registered":"2018-10-22","catastro":"1970814QA4417B0001LX","holder":"ALAMEDA ALOJAMIENTOS S.L.","holder_count":2}},{"type":"Feature","geometry":{"type":"Point","coordinates":[-6.299094,36.536224]},"properties":{"id":"VUT/CA/06180","type":"VUT","group":"Completa","address":"CALLE ADOLFO DE CASTRO Nº 17 Plta/Piso 1 Pta/Letra C, piso 1, puerta C","postal_code":"11003","places":2,"units":3,"registered":"2018-10-22","catastro":"1970814QA4417B0001LX","holder":"ALAMEDA ALOJAMIENTOS S.L.","holder_count":2}},{"type":"Feature","geometry":{"type":"Point","coordinates":[-6.297127,36.532753]},"properties":{"id":"VUT/CA/06187","type":"VUT","group":"Completa","address":"CALLE ANCHA Nº 37 Esc. 1 Plta/Piso 2 Pta/Letra 8, piso 2, puerta 8","postal_code":"11001","places":3,"units":1,"registered":"2018-10-23","catastro":"2066311QA4426E0009FZ","holder":null,"holder_count":null}},{"type":"Feature","geometry":{"type":"Point","coordinates":[-6.299846,36.535608]},"properties":{"id":"VUT/CA/06189","type":"VUT","group":"Completa","address":"CALLE Vea Murgía Nº 14 Plta/Piso 2 Pta/Letra C, piso 2, puerta C","postal_code":"11003","places":4,"units":1,"registered":"2018-10-23","catastro":"1869107qa4416h0009rz","holder":null,"holder_count":null}},{"type":"Feature","geometry":{"type":"Point","coordinates":[-6.299068,36.532584]},"properties":{"id":"VUT/CA/06199","type":"VUT","group":"Completa","address":"CALLE SAGASTA Portal 30 Plta/Piso 3 Pta/Letra IZ, piso 3, puerta IZ","postal_code":"11001","places":5,"units":2,"registered":"2018-10-23","catastro":"1966602QA4416F0008QW","holder":null,"holder_count":null}},{"type":"Feature","geometry":{"type":"Point","coordinates":[-6.302651,36.529473]},"properties":{"id":"VUT/CA/06204","type":"VUT","group":"Completa","address":"CALLE CRISTO DE LA MISERICORDIA Nº 9 Esc. 1 Plta/Piso 1 Pta/Letra 2B, piso 1, puerta 2B","postal_code":"11002","places":4,"units":2,"registered":"2018-10-24","catastro":"1662810QA4416B0006PP","holder":null,"holder_count":null}},{"type":"Feature","geometry":{"type":"Point","coordinates":[-6.300698,36.53521]},"properties":{"id":"VUT/CA/06222","type":"VUT","group":"Completa","address":"CALLE Cervantes Nº 42-44 Plta/Piso 1 Pta/Letra G, piso 1, puerta G","postal_code":"11003","places":4,"units":2,"registered":"2018-10-26","catastro":"1768306QA4416H0008TB","holder":"ALQUILER VACACIONAL TURISMO E INNOVACIÓN SOCIAL SCA","holder_count":81}},{"type":"Feature","geometry":{"type":"Point","coordinates":[-6.298799,36.536076]},"properties":{"id":"VUT/CA/06237","type":"VUT","group":"Completa","address":"CALLE ADOLFO DE CASTRO Nº 13 Plta/Piso BAJO Pta/Letra DERECHA, piso BAJO, puerta DERECHA","postal_code":"11003","places":4,"units":1,"registered":"2018-10-30","catastro":"1970416QA4417B0003MQ","holder":null,"holder_count":null}},{"type":"Feature","geometry":{"type":"Point","coordinates":[-6.303676,36.52868]},"properties":{"id":"VUT/CA/06238","type":"VUT","group":"Completa","address":"CALLE SAN FELIX Nº 12 Plta/Piso 3 Pta/Letra B, piso 3, puerta B","postal_code":"11002","places":4,"units":2,"registered":"2018-10-30","catastro":"1561209QA4416B0008OS","holder":null,"holder_count":null}},{"type":"Feature","geometry":{"type":"Point","coordinates":[-6.296505,36.532752]},"properties":{"id":"VUT/CA/06243","type":"VUT","group":"Completa","address":"CALLE José del Toro Nº 8 Plta/Piso 5, piso 5","postal_code":"11004","places":4,"units":2,"registered":"2018-10-31","catastro":"2266813QA4426E0013FX","holder":null,"holder_count":null}},{"type":"Feature","geometry":{"type":"Point","coordinates":[-6.29845,36.531339]},"properties":{"id":"VUT/CA/06248","type":"VUT","group":"Completa","address":"CALLE ALCALA GALIANO Nº 3 Plta/Piso 3 Pta/Letra D, piso 3, puerta D","postal_code":"11001","places":7,"units":3,"registered":"2018-11-02","catastro":"2065705QA4426E0012ZZ","holder":null,"holder_count":null}},{"type":"Feature","geometry":{"type":"Point","coordinates":[-6.272952,36.499012]},"properties":{"id":"VUT/CA/06252","type":"VUT","group":"Completa","address":"AVENIDA JOSE LEON DE CARRANZA Nº 8 Plta/Piso 13 Pta/Letra E, piso 13, puerta E","postal_code":"11011","places":5,"units":3,"registered":"2018-11-05","catastro":"4329901QA4442G0165IB","holder":null,"holder_count":null}},{"type":"Feature","geometry":{"type":"Point","coordinates":[-6.293214,36.531975]},"properties":{"id":"VUT/CA/06254","type":"VUT","group":"Completa","address":"AVENIDA CUATRO DE DICIEMBRE DE 1977 Nº 26 Plta/Piso 3 Pta/Letra B, piso 3, puerta B","postal_code":"11006","places":6,"units":3,"registered":"2018-11-05","catastro":"2465202QA4426E0013SX","holder":"Benbo Adminnistración y Servicios SL","holder_count":1}},{"type":"Feature","geometry":{"type":"Point","coordinates":[-6.295802,36.536252]},"properties":{"id":"VUT/CA/06255","type":"VUT","group":"Completa","address":"AVENIDA ALAMEDA APODACA Nº 22 Plta/Piso 1 Pta/Letra B, piso 1, puerta B","postal_code":"11003","places":7,"units":2,"registered":"2018-11-05","catastro":"2169307QA4426G0024ZW","holder":"PROMOCIONES INMOBILIARIAS RAGUREPE","holder_count":1}},{"type":"Feature","geometry":{"type":"Point","coordinates":[-6.304296,36.529396]},"properties":{"id":"VUT/CA/06260","type":"VUT","group":"Completa","address":"CALLE Paraguay Nº 6 Plta/Piso 2 Pta/Letra B, piso 2, puerta B","postal_code":"11002","places":4,"units":1,"registered":"2018-11-06","catastro":"1562818QA4416B0010XA","holder":null,"holder_count":null}},{"type":"Feature","geometry":{"type":"Point","coordinates":[-6.280819,36.509765]},"properties":{"id":"VUT/CA/06265","type":"VUT","group":"Completa","address":"CALLE AMILCAR BARCA Nº 37 Plta/Piso 9 Pta/Letra 909, piso 9, puerta 909","postal_code":"11010","places":2,"units":1,"registered":"2018-11-06","catastro":"3641412QA4434B0103OU","holder":null,"holder_count":null}},{"type":"Feature","geometry":{"type":"Point","coordinates":[-6.292879,36.536156]},"properties":{"id":"VUT/CA/06266","type":"VUT","group":"Por habitaciones","address":"CALLE REPUBLICA DEL SALVADOR Nº 4 Plta/Piso 2º, piso 2º","postal_code":"11004","places":6,"units":3,"registered":"2018-11-06","catastro":"2470605QA4427A0003SL","holder":null,"holder_count":null}},{"type":"Feature","geometry":{"type":"Point","coordinates":[-6.296692,36.532761]},"properties":{"id":"VUT/CA/06269","type":"VUT","group":"Completa","address":"CALLE JOSE DEL TORO Nº 7 Plta/Piso 3, piso 3","postal_code":"11001","places":4,"units":2,"registered":"2018-11-06","catastro":"2166904QA4426E0004SH","holder":null,"holder_count":null}},{"type":"Feature","geometry":{"type":"Point","coordinates":[-6.279456,36.521936]},"properties":{"id":"VUT/CA/06274","type":"VUT","group":"Completa","address":"CALLE ENRIQUE CALBO Nº 7 Plta/Piso BJ Pta/Letra DR, piso BJ, puerta DR","postal_code":"11007","places":5,"units":3,"registered":"2018-11-06","catastro":"3754209QA4435D0005LK","holder":null,"holder_count":null}},{"type":"Feature","geometry":{"type":"Point","coordinates":[-6.301934,36.53517]},"properties":{"id":"VUT/CA/06275","type":"VUT","group":"Completa","address":"CALLE HERCULES Nº 10 Plta/Piso ATICO Pta/Letra A, piso ATICO, puerta A","postal_code":"11003","places":5,"units":3,"registered":"2018-11-06","catastro":"1668304QA4416H0009LZ","holder":null,"holder_count":null}},{"type":"Feature","geometry":{"type":"Point","coordinates":[-6.303495,36.529684]},"properties":{"id":"VUT/CA/06287","type":"VUT","group":"Completa","address":"CALLE VIRGEN DE LA PALMA Nº 24 Plta/Piso BAJA, piso BAJA","postal_code":"11002","places":6,"units":2,"registered":"2018-11-07","catastro":"1562902QA4416B0001KT","holder":null,"holder_count":null}},{"type":"Feature","geometry":{"type":"Point","coordinates":[-6.299826,36.536473]},"properties":{"id":"VUT/CA/06289","type":"VUT","group":"Completa","address":"CALLE ADOLFO DE CASTRO Nº 22 Plta/Piso BAJO Pta/Letra IZQ, piso BAJO, puerta IZQ","postal_code":"11003","places":4,"units":1,"registered":"2018-11-07","catastro":"1870606QA4417B0002ZM","holder":"HERMANOS QUIRÓS MELERO C.B.","holder_count":2}},{"type":"Feature","geometry":{"type":"Point","coordinates":[-6.295621,36.53054]},"properties":{"id":"VUT/CA/06291","type":"VUT","group":"Completa","address":"CALLE BARROCAL Nº 2 Plta/Piso 2 Pta/Letra A, piso 2, puerta A","postal_code":"11003","places":5,"units":3,"registered":"2018-11-07","catastro":"2264511QA4426C0003DB","holder":null,"holder_count":null}},{"type":"Feature","geometry":{"type":"Point","coordinates":[-6.306469,36.533446]},"properties":{"id":"VUT/CA/06292","type":"VUT","group":"Completa","address":"AVENIDA DUQUE DE NÁJERA Nº 7 Blq. E Plta/Piso 11 Pta/Letra D, piso 11, puerta D","postal_code":"11002","places":10,"units":5,"registered":"2018-11-07","catastro":"1267601QA4416E0125ZU","holder":"DUNA BEDUINA SERVICIOS TURISTÍCOS, S.L.","holder_count":77}},{"type":"Feature","geometry":{"type":"Point","coordinates":[-6.29633,36.532112]},"properties":{"id":"VUT/CA/06296","type":"VUT","group":"Por habitaciones","address":"PLAZA PALILLERO Nº 4 Plta/Piso 1 Pta/Letra IZDA, piso 1, puerta IZDA","postal_code":"11001","places":2,"units":1,"registered":"2018-11-07","catastro":"2166507QA4426E0004MH","holder":null,"holder_count":null}},{"type":"Feature","geometry":{"type":"Point","coordinates":[-6.298645,36.533535]},"properties":{"id":"VUT/CA/06308","type":"VUT","group":"Completa","address":"CALLE CERVANTES Nº 14 Plta/Piso 2, piso 2","postal_code":"11003","places":8,"units":4,"registered":"2018-11-08","catastro":"1967610QA4416F0001ZK","holder":null,"holder_count":null}},{"type":"Feature","geometry":{"type":"Point","coordinates":[-6.293909,36.530654]},"properties":{"id":"VUT/CA/06312","type":"VUT","group":"Completa","address":"CALLE CRISTOBAL COLÓN Nº 21 Plta/Piso 1 Pta/Letra D, piso 1, puerta D","postal_code":"11005","places":3,"units":1,"registered":"2018-11-09","catastro":"2464813qa4426C0010IQ","holder":"DUNA BEDUINA SERVICIOS TURISTÍCOS, S.L.","holder_count":77}},{"type":"Feature","geometry":{"type":"Point","coordinates":[-6.299751,36.534606]},"properties":{"id":"VUT/CA/06320","type":"VUT","group":"Completa","address":"CALLE ZARAGOZA Nº 3 Plta/Piso 2 Pta/Letra B, piso 2, puerta B","postal_code":"11002","places":6,"units":3,"registered":"2018-11-12","catastro":"1868309QA4416H0006XK","holder":null,"holder_count":null}},{"type":"Feature","geometry":{"type":"Point","coordinates":[-6.301396,36.529632]},"properties":{"id":"VUT/CA/06325","type":"VUT","group":"Completa","address":"CALLE PORTERIA DE CAPUCHINOS Nº 5 Plta/Piso 1 Pta/Letra DCH, piso 1, puerta DCH","postal_code":"11002","places":5,"units":3,"registered":"2018-11-12","catastro":"1762107QA4416B0004KI","holder":null,"holder_count":null}},{"type":"Feature","geometry":{"type":"Point","coordinates":[-6.295964,36.532608]},"properties":{"id":"VUT/CA/06354","type":"VUT","group":"Por habitaciones","address":"CALLE JOSÉ DEL TORO Nº 16 Plta/Piso 2, piso 2","postal_code":"11004","places":6,"units":3,"registered":"2018-11-16","catastro":"2266809QA4426E0006QK","holder":null,"holder_count":null}},{"type":"Feature","geometry":{"type":"Point","coordinates":[-6.275922,36.504944]},"properties":{"id":"VUT/CA/06357","type":"VUT","group":"Completa","address":"AVENIDA CAYETANO DEL TORO Nº 29 Plta/Piso 14 Pta/Letra D, piso 14, puerta D","postal_code":"11010","places":6,"units":3,"registered":"2018-11-19","catastro":"4136702QA4443E0142TW","holder":null,"holder_count":null}},{"type":"Feature","geometry":{"type":"Point","coordinates":[-6.29845,36.531339]},"properties":{"id":"VUT/CA/06358","type":"VUT","group":"Completa","address":"CALLE Alcala Galiano Nº 3 Plta/Piso 3 Pta/Letra B, piso 3, puerta B","postal_code":"11001","places":7,"units":3,"registered":"2018-11-19","catastro":"2065705QA4426E0012ZZ","holder":"LA STEMPA S.C.I.","holder_count":1}},{"type":"Feature","geometry":{"type":"Point","coordinates":[-6.276797,36.504936]},"properties":{"id":"VUT/CA/06361","type":"VUT","group":"Completa","address":"GLORIETA INGENIERO LA CIERVA Nº 2 Plta/Piso 5 Pta/Letra E, piso 5, puerta E","postal_code":"11002","places":2,"units":1,"registered":"2018-11-19","catastro":"4036710QA4443E0029WG","holder":null,"holder_count":null}},{"type":"Feature","geometry":{"type":"Point","coordinates":[-6.293012,36.531428]},"properties":{"id":"VUT/CA/06366","type":"VUT","group":"Completa","address":"AVENIDA CUATRO DE DICIEMBRE DE 1977 Nº 29 Plta/Piso 2 Pta/Letra IZQ, piso 2, puerta IZQ","postal_code":"11005","places":4,"units":1,"registered":"2018-11-20","catastro":"2464301QA4426C0006ZM","holder":null,"holder_count":null}},{"type":"Feature","geometry":{"type":"Point","coordinates":[-6.296847,36.530995]},"properties":{"id":"VUT/CA/06369","type":"VUT","group":"Completa","address":"PLAZA TOPETE Nº 9 Plta/Piso 3 Pta/Letra D, piso 3, puerta D","postal_code":"11001","places":5,"units":3,"registered":"2018-11-20","catastro":"2164419QA4426C0004ZZ","holder":null,"holder_count":null}},{"type":"Feature","geometry":{"type":"Point","coordinates":[-6.295334,36.535695]},"properties":{"id":"VUT/CA/06387","type":"VUT","group":"Completa","address":"CALLE AHUMADA Nº 7 Plta/Piso 3 Pta/Letra IZQ Compl.Dom. ÁTICO, piso 3, puerta IZQ","postal_code":"11004","places":6,"units":2,"registered":"2018-11-21","catastro":"2269304QA4426G0016RB","holder":null,"holder_count":null}},{"type":"Feature","geometry":{"type":"Point","coordinates":[-6.282639,36.5143]},"properties":{"id":"VUT/CA/06393","type":"VUT","group":"Completa","address":"CALLE MARIANISTA CUBILLO Nº 7 Plta/Piso 1 Pta/Letra H, piso 1, puerta H","postal_code":"11007","places":2,"units":1,"registered":"2018-11-22","catastro":"3546701QA4434F0010YZ","holder":null,"holder_count":null}},{"type":"Feature","geometry":{"type":"Point","coordinates":[-6.303278,36.531174]},"properties":{"id":"VUT/CA/06404","type":"VUT","group":"Completa","address":"CALLE TRINIDAD Nº 5 Plta/Piso 2 Pta/Letra IZQ, piso 2, puerta IZQ","postal_code":"11002","places":8,"units":3,"registered":"2018-11-23","catastro":"1564904QA4416D0007YY","holder":null,"holder_count":null}},{"type":"Feature","geometry":{"type":"Point","coordinates":[-6.297122,36.531739]},"properties":{"id":"VUT/CA/06405","type":"VUT","group":"Completa","address":"CALLE JAVIER DE BURGOS Nº 2 Plta/Piso BAJO Pta/Letra 2, piso BAJO, puerta 2","postal_code":"11001","places":4,"units":1,"registered":"2018-11-24","catastro":"2165704QA4426E0002BF","holder":null,"holder_count":null}},{"type":"Feature","geometry":{"type":"Point","coordinates":[-6.288476,36.524027]},"properties":{"id":"VUT/CA/06406","type":"VUT","group":"Completa","address":"AVENIDA FERNANDEZ LADREDA Nº 1 Plta/Piso 1 Pta/Letra DRCHA, piso 1, puerta DRCHA","postal_code":"11008","places":6,"units":3,"registered":"2018-11-24","catastro":"2857405QA4425H0001RM","holder":null,"holder_count":null}},{"type":"Feature","geometry":{"type":"Point","coordinates":[-6.278129,36.50737]},"properties":{"id":"VUT/CA/06411","type":"VUT","group":"Completa","address":"CALLE GENERAL MUÑOZ ARENILLAS Nº 5 Portal 1 Plta/Piso 1 Pta/Letra C, piso 1, puerta C","postal_code":"11010","places":6,"units":3,"registered":"2018-11-26","catastro":"3938813QA4433H0001TH","holder":null,"holder_count":null}},{"type":"Feature","geometry":{"type":"Point","coordinates":[-6.302161,36.531316]},"properties":{"id":"VUT/CA/06417","type":"VUT","group":"Completa","address":"CALLE TORRE Nº 58 Plta/Piso 1 Pta/Letra A, piso 1, puerta A","postal_code":"11002","places":4,"units":2,"registered":"2018-11-26","catastro":"1764101QA4416D0003LW","holder":null,"holder_count":null}},{"type":"Feature","geometry":{"type":"Point","coordinates":[-6.27952,36.515896]},"properties":{"id":"VUT/CA/06424","type":"VUT","group":"Completa","address":"CALLE Parlamento Nº 18 Portal Aº Plta/Piso 4 Pta/Letra izq, piso 4, puerta izq","postal_code":"11008","places":6,"units":2,"registered":"2018-11-27","catastro":"3748901QA4434H0042IH","holder":"ALQUILER VACACIONAL TURISMO E INNOVACIÓN SOCIAL SCA","holder_count":81}},{"type":"Feature","geometry":{"type":"Point","coordinates":[-6.304756,36.529378]},"properties":{"id":"VUT/CA/06433","type":"VUT","group":"Completa","address":"CALLE ANGEL Nº 6 Plta/Piso 1 Pta/Letra B, piso 1, puerta B","postal_code":"11002","places":3,"units":2,"registered":"2018-11-28","catastro":"1462914QA4416A0006BQ","holder":"DUNA BEDUINA SERVICIOS TURISTÍCOS, S.L.","holder_count":77}},{"type":"Feature","geometry":{"type":"Point","coordinates":[-6.278561,36.515018]},"properties":{"id":"VUT/CA/06437","type":"VUT","group":"Completa","address":"CALLE OPORTO Nº 2 Plta/Piso TERCERO Pta/Letra B, piso TERCERO, puerta B","postal_code":"11008","places":4,"units":2,"registered":"2018-11-28","catastro":"3847701QA4434F0008AX","holder":null,"holder_count":null}},{"type":"Feature","geometry":{"type":"Point","coordinates":[-6.297595,36.535886]},"properties":{"id":"VUT/CA/06444","type":"VUT","group":"Completa","address":"APARTAMENTO CALLE BUENOS AIRES Nº 19 Plta/Piso 3 Pta/Letra IZQ, piso 3, puerta IZQ","postal_code":"11003","places":4,"units":2,"registered":"2018-11-29","catastro":"2069907QA4426G0010LF","holder":null,"holder_count":null}},{"type":"Feature","geometry":{"type":"Point","coordinates":[-6.304114,36.528892]},"properties":{"id":"VUT/CA/06452","type":"VUT","group":"Completa","address":"CALLE PERICON DE CADIZ Nº 14 Plta/Piso 1 Pta/Letra B, piso 1, puerta B","postal_code":"11002","places":4,"units":2,"registered":"2018-12-03","catastro":"1561101QA4416B0005XO","holder":null,"holder_count":null}},{"type":"Feature","geometry":{"type":"Point","coordinates":[-6.279197,36.514477]},"properties":{"id":"VUT/CA/06464","type":"VUT","group":"Por habitaciones","address":"AVENIDA PORTUGAL Nº 37 Plta/Piso ATICO, piso ATICO","postal_code":"11008","places":6,"units":3,"registered":"2018-12-05","catastro":"3747510QA4434H0001SP","holder":null,"holder_count":null}},{"type":"Feature","geometry":{"type":"Point","coordinates":[-6.27493,36.501545]},"properties":{"id":"VUT/CA/06472","type":"VUT","group":"Completa","address":"AVENIDA CAYETANO DEL TORO Portal 54 Plta/Piso 3 Pta/Letra A, piso 3, puerta A","postal_code":"11011","places":8,"units":3,"registered":"2018-12-10","catastro":"4232801QA4443A0049XH","holder":"AFFINIA CONSULTING GROUP, SL","holder_count":1}},{"type":"Feature","geometry":{"type":"Point","coordinates":[-6.295485,36.535612]},"properties":{"id":"VUT/CA/06486","type":"VUT","group":"Completa","address":"CALLE AHUMADA Nº 5 Plta/Piso 1 Pta/Letra B, piso 1, puerta B","postal_code":"11004","places":6,"units":4,"registered":"2018-12-11","catastro":"2269303QA4426G0013GJ","holder":null,"holder_count":null}},{"type":"Feature","geometry":{"type":"Point","coordinates":[-6.303955,36.531277]},"properties":{"id":"VUT/CA/06495","type":"VUT","group":"Completa","address":"CALLE JOSÉ CELESTINO MUTIS Nº 3 Plta/Piso 1 Pta/Letra C, piso 1, puerta C","postal_code":"11002","places":4,"units":1,"registered":"2018-12-12","catastro":"1564813QA4416D0008AU","holder":null,"holder_count":null}},{"type":"Feature","geometry":{"type":"Point","coordinates":[-6.272952,36.499012]},"properties":{"id":"VUT/CA/06506","type":"VUT","group":"Completa","address":"AVENIDA José León de Carranza Nº 10 Plta/Piso 7 Pta/Letra B Compl.Dom. Delfín 6, piso 7, puerta B","postal_code":"11011","places":5,"units":3,"registered":"2018-12-13","catastro":"4329901QA4442G0217QD","holder":"DUNA BEDUINA SERVICIOS TURISTÍCOS, S.L.","holder_count":77}},{"type":"Feature","geometry":{"type":"Point","coordinates":[-6.274181,36.506413]},"properties":{"id":"VUT/CA/06508","type":"VUT","group":"Completa","address":"CALLE Santisimo Cristo de las Aguas Nº 9 Plta/Piso 1 Pta/Letra B, piso 1, puerta B","postal_code":"11010","places":6,"units":3,"registered":"2018-12-13","catastro":"4237202QA4443E0010WX","holder":null,"holder_count":null}},{"type":"Feature","geometry":{"type":"Point","coordinates":[-6.294983,36.53029]},"properties":{"id":"VUT/CA/06509","type":"VUT","group":"Completa","address":"CALLE BARROCAL Nº 8 Plta/Piso 1 Pta/Letra IZQ, piso 1, puerta IZQ","postal_code":"11005","places":4,"units":1,"registered":"2018-12-13","catastro":"2364706QA4426C0003KB","holder":null,"holder_count":null}},{"type":"Feature","geometry":{"type":"Point","coordinates":[-6.302113,36.530739]},"properties":{"id":"VUT/CA/06519","type":"VUT","group":"Completa","address":"CALLE PASTORA Nº 10 Plta/Piso 1 Pta/Letra A, piso 1, puerta A","postal_code":"11002","places":4,"units":2,"registered":"2018-12-16","catastro":"1664501QA4416D0003BW","holder":null,"holder_count":null}},{"type":"Feature","geometry":{"type":"Point","coordinates":[-6.298799,36.536076]},"properties":{"id":"VUT/CA/06521","type":"VUT","group":"Completa","address":"CALLE ADOLFO DE CASTRO Nº 13 Plta/Piso BAJO Pta/Letra IZQ, piso BAJO, puerta IZQ","postal_code":"11003","places":3,"units":2,"registered":"2018-12-17","catastro":"1970416QA4417B0005WE","holder":null,"holder_count":null}},{"type":"Feature","geometry":{"type":"Point","coordinates":[-6.304756,36.529378]},"properties":{"id":"VUT/CA/06523","type":"VUT","group":"Completa","address":"CALLE ANGEL Nº 6 Plta/Piso BAJO Pta/Letra B, piso BAJO, puerta B","postal_code":"11002","places":4,"units":1,"registered":"2018-12-17","catastro":"1462914QA4416A0004KX","holder":null,"holder_count":null}},{"type":"Feature","geometry":{"type":"Point","coordinates":[-6.285055,36.522165]},"properties":{"id":"VUT/CA/06524","type":"VUT","group":"Completa","address":"CALLE ECUADOR Nº 2 Plta/Piso 5 Pta/Letra C IZDA, piso 5, puerta C IZDA","postal_code":"11007","places":6,"units":4,"registered":"2018-12-17","catastro":"3254201QA4435C0075DS","holder":null,"holder_count":null}},{"type":"Feature","geometry":{"type":"Point","coordinates":[-6.274079,36.503601]},"properties":{"id":"VUT/CA/06529","type":"VUT","group":"Completa","address":"CALLE PINTOR ZULOAGA Nº 33 Plta/Piso 8 Pta/Letra B, piso 8, puerta B","postal_code":"11010","places":6,"units":3,"registered":"2018-12-18","catastro":"4234402QA4443C0072HW","holder":null,"holder_count":null}},{"type":"Feature","geometry":{"type":"Point","coordinates":[-6.286069,36.519847]},"properties":{"id":"VUT/CA/06532","type":"VUT","group":"Completa","address":"CALLE GUADIX Nº 1 Plta/Piso 1 Pta/Letra A, piso 1, puerta A","postal_code":"11008","places":5,"units":3,"registered":"2018-12-18","catastro":"3152903QA4435A0001RP","holder":null,"holder_count":null}},{"type":"Feature","geometry":{"type":"Point","coordinates":[-6.286954,36.522807]},"properties":{"id":"VUT/CA/06534","type":"VUT","group":"Completa","address":"CALLE SANTA MARIA SOLEDAD Nº 4 Plta/Piso 1 Pta/Letra H, piso 1, puerta H","postal_code":"11008","places":4,"units":1,"registered":"2018-12-18","catastro":"3055901QA4435E0152WH","holder":null,"holder_count":null}},{"type":"Feature","geometry":{"type":"Point","coordinates":[-6.289858,36.52696]},"properties":{"id":"VUT/CA/06536","type":"VUT","group":"Completa","address":"CALLE MIRADOR Nº 17 Plta/Piso 1 Pta/Letra C, piso 1, puerta C","postal_code":"11006","places":8,"units":2,"registered":"2018-12-18","catastro":"2760504QA4426B0007DG","holder":null,"holder_count":null}},{"type":"Feature","geometry":{"type":"Point","coordinates":[-6.289858,36.52696]},"properties":{"id":"VUT/CA/06537","type":"VUT","group":"Completa","address":"CALLE MIRADOR Nº 17 Plta/Piso BAJO Pta/Letra C, piso BAJO, puerta C","postal_code":"11006","places":8,"units":2,"registered":"2018-12-18","catastro":"2760504QA4426B0003OA","holder":"PUEDES LOGRARLO SL","holder_count":1}},{"type":"Feature","geometry":{"type":"Point","coordinates":[-6.30036,36.531487]},"properties":{"id":"VUT/CA/06541","type":"VUT","group":"Completa","address":"CALLE SAGASTA Nº 52 Y 54 Plta/Piso BAJO, piso BAJO","postal_code":"11002","places":5,"units":3,"registered":"2018-12-19","catastro":"1864911QA4416D0005HR","holder":null,"holder_count":null}},{"type":"Feature","geometry":{"type":"Point","coordinates":[-6.305177,36.528582]},"properties":{"id":"VUT/CA/06542","type":"VUT","group":"Completa","address":"AVENIDA CAMPO DEL SUR Nº 42 Plta/Piso 1º Pta/Letra D, piso 1º, puerta D","postal_code":"11002","places":4,"units":2,"registered":"2018-12-20","catastro":"1461101QA4416A0005UM","holder":"DUNA BEDUINA SERVICIOS TURISTÍCOS, S.L.","holder_count":77}},{"type":"Feature","geometry":{"type":"Point","coordinates":[-6.300877,36.529089]},"properties":{"id":"VUT/CA/06543","type":"VUT","group":"Completa","address":"CALLE SAGASTA Nº 108 Plta/Piso 2 Pta/Letra C, piso 2, puerta C","postal_code":"11002","places":4,"units":3,"registered":"2018-12-20","catastro":"1862101QA4416B0007TA","holder":null,"holder_count":null}},{"type":"Feature","geometry":{"type":"Point","coordinates":[-6.300661,36.53478]},"properties":{"id":"VUT/CA/06547","type":"VUT","group":"Completa","address":"CALLE NAVAS Nº 2 Plta/Piso 3 Pta/Letra A, piso 3, puerta A","postal_code":"11006","places":3,"units":1,"registered":"2018-12-20","catastro":"1768609QA4416H0013MX","holder":null,"holder_count":null}},{"type":"Feature","geometry":{"type":"Point","coordinates":[-6.274928,36.503579]},"properties":{"id":"VUT/CA/06553","type":"VUT","group":"Completa","address":"PLAZA BEQUER Nº 1 Plta/Piso 7d, piso 7d","postal_code":"11010","places":10,"units":4,"registered":"2018-12-21","catastro":"4234801QA4443C0074WR","holder":"SETAC, SL","holder_count":1}},{"type":"Feature","geometry":{"type":"Point","coordinates":[-6.294662,36.535139]},"properties":{"id":"VUT/CA/06576","type":"VUT","group":"Completa","address":"CALLE MANUEL RANCES Nº 12 Plta/Piso 1, piso 1","postal_code":"11002","places":4,"units":1,"registered":"2019-01-03","catastro":"2369814QA4426G0003MP","holder":null,"holder_count":null}},{"type":"Feature","geometry":{"type":"Point","coordinates":[-6.2795,36.516977]},"properties":{"id":"VUT/CA/06577","type":"VUT","group":"Completa","address":"CALLE FRANCISCO GARCIA DE SOLA Nº 27 Plta/Piso 1 Pta/Letra C, piso 1, puerta C","postal_code":"11008","places":3,"units":2,"registered":"2019-01-03","catastro":"3749901QA4434H0001UP","holder":null,"holder_count":null}},{"type":"Feature","geometry":{"type":"Point","coordinates":[-6.304011,36.531781]},"properties":{"id":"VUT/CA/06603","type":"VUT","group":"Completa","address":"CALLE SAN RAFAEL Nº 51 Esc. 1 Plta/Piso 1 Pta/Letra B, piso 1, puerta B","postal_code":"11002","places":2,"units":1,"registered":"2019-01-11","catastro":"1565817QA4416F0048AU","holder":null,"holder_count":null}},{"type":"Feature","geometry":{"type":"Point","coordinates":[-6.296608,36.530689]},"properties":{"id":"VUT/CA/06609","type":"VUT","group":"Completa","address":"CALLE COMPAÑÍA Nº 3 Plta/Piso 2 Pta/Letra D, piso 2, puerta D","postal_code":"11005","places":6,"units":3,"registered":"2019-01-11","catastro":"2063318QA4426C0001IK","holder":null,"holder_count":null}},{"type":"Feature","geometry":{"type":"Point","coordinates":[-6.283765,36.514401]},"properties":{"id":"VUT/CA/06624","type":"VUT","group":"Completa","address":"AVENIDA AMILCAR BARCA Nº 19 Plta/Piso 3 Pta/Letra IZQ., piso 3, puerta IZQ.","postal_code":"11008","places":5,"units":2,"registered":"2019-01-15","catastro":"3346403QA4434E0045IG","holder":null,"holder_count":null}},{"type":"Feature","geometry":{"type":"Point","coordinates":[-6.280819,36.509765]},"properties":{"id":"VUT/CA/06625","type":"VUT","group":"Completa","address":"AVENIDA AMILCAR BARCA Nº 31 Plta/Piso 3 Pta/Letra 01, piso 3, puerta 01","postal_code":"11008","places":4,"units":1,"registered":"2019-01-16","catastro":"3641412QA4434B0029EQ","holder":null,"holder_count":null}},{"type":"Feature","geometry":{"type":"Point","coordinates":[-6.301825,36.533504]},"properties":{"id":"VUT/CA/06626","type":"VUT","group":"Completa","address":"CALLE SOLEDAD Nº 29 Plta/Piso 1 Pta/Letra DCH, piso 1, puerta DCH","postal_code":"11003","places":5,"units":2,"registered":"2019-01-16","catastro":"1667510QA4416H0004ZH","holder":null,"holder_count":null}},{"type":"Feature","geometry":{"type":"Point","coordinates":[-6.293569,36.529457]},"properties":{"id":"VUT/CA/06632","type":"VUT","group":"Completa","address":"CALLE FABIO RUFINO Nº 1 Plta/Piso ATICO, piso ATICO","postal_code":"11005","places":3,"units":1,"registered":"2019-01-17","catastro":"2362312QA4426C0001JK","holder":"DUNA BEDUINA SERVICIOS TURISTÍCOS, S.L.","holder_count":77}},{"type":"Feature","geometry":{"type":"Point","coordinates":[-6.293569,36.529457]},"properties":{"id":"VUT/CA/06633","type":"VUT","group":"Completa","address":"CALLE FABIO RUFINO Nº 1 Plta/Piso BAJO, piso BAJO","postal_code":"11005","places":2,"units":1,"registered":"2019-01-17","catastro":"2362312QA4426C0001JK","holder":"DUNA BEDUINA SERVICIOS TURISTÍCOS, S.L.","holder_count":77}},{"type":"Feature","geometry":{"type":"Point","coordinates":[-6.292816,36.530867]},"properties":{"id":"VUT/CA/06640","type":"VUT","group":"Completa","address":"CALLE NUEVA Nº 1 Plta/Piso 2º Pta/Letra A, piso 2º, puerta A","postal_code":"11005","places":4,"units":1,"registered":"2019-01-18","catastro":"2464508QA4426C0004ZZ","holder":"GUGAR 2011 S.L.","holder_count":1}},{"type":"Feature","geometry":{"type":"Point","coordinates":[-6.294205,36.536068]},"properties":{"id":"VUT/CA/06643","type":"VUT","group":"Completa","address":"CALLE MANUEL RANCÉS Nº 29 Plta/Piso 3 Pta/Letra IZQ, piso 3, puerta IZQ","postal_code":"11004","places":6,"units":2,"registered":"2019-01-18","catastro":"2370502QA4427A0007HM","holder":null,"holder_count":null}},{"type":"Feature","geometry":{"type":"Point","coordinates":[-6.285284,36.519763]},"properties":{"id":"VUT/CA/06663","type":"VUT","group":"Completa","address":"CALLE SANTILLANA Nº 2 Plta/Piso 2º Pta/Letra C, piso 2º, puerta C","postal_code":"11008","places":8,"units":3,"registered":"2019-01-21","catastro":"3153510QA4435C0004OI","holder":null,"holder_count":null}},{"type":"Feature","geometry":{"type":"Point","coordinates":[-6.301503,36.53124]},"properties":{"id":"VUT/CA/06670","type":"VUT","group":"Completa","address":"CALLE SAN JOSE Nº 79 Plta/Piso 2, piso 2","postal_code":"11002","places":8,"units":4,"registered":"2019-01-22","catastro":"1764114QA4416D0004KE","holder":null,"holder_count":null}},{"type":"Feature","geometry":{"type":"Point","coordinates":[-6.276851,36.51106]},"properties":{"id":"VUT/CA/06672","type":"VUT","group":"Por habitaciones","address":"CALLE GARCIA CARRERA Nº 37 Plta/Piso BAJO Pta/Letra D, piso BAJO, puerta D","postal_code":"11009","places":6,"units":3,"registered":"2019-01-23","catastro":"4043807QA4444C0002TH","holder":null,"holder_count":null}},{"type":"Feature","geometry":{"type":"Point","coordinates":[-6.292816,36.530867]},"properties":{"id":"VUT/CA/06675","type":"VUT","group":"Completa","address":"CALLE NUEVA Nº 1 Plta/Piso 1 Pta/Letra B, piso 1, puerta B","postal_code":"11005","places":4,"units":1,"registered":"2019-01-23","catastro":"2464508QA4426C0003BB","holder":"DUNA BEDUINA SERVICIOS TURISTÍCOS, S.L.","holder_count":77}},{"type":"Feature","geometry":{"type":"Point","coordinates":[-6.294783,36.536152]},"properties":{"id":"VUT/CA/06676","type":"VUT","group":"Completa","address":"CALLE ISABEL LA CATOLICA Nº 24 Plta/Piso BAJO, piso BAJO","postal_code":"11004","places":4,"units":1,"registered":"2019-01-23","catastro":"2270405QA4427A0004ZB","holder":null,"holder_count":null}},{"type":"Feature","geometry":{"type":"Point","coordinates":[-6.299775,36.531797]},"properties":{"id":"VUT/CA/06681","type":"VUT","group":"Completa","address":"CALLE hospital de mujeres Nº 17 Esc. 2 Pta/Letra izq, puerta izq","postal_code":"11002","places":10,"units":3,"registered":"2019-01-24","catastro":"1865411QA4416F0005QX","holder":null,"holder_count":null}},{"type":"Feature","geometry":{"type":"Point","coordinates":[-6.275018,36.504725]},"properties":{"id":"VUT/CA/06694","type":"VUT","group":"Completa","address":"CALLE VELAZQUEZ Nº 3 Plta/Piso 7 Pta/Letra C, piso 7, puerta C","postal_code":"11002","places":6,"units":3,"registered":"2019-01-25","catastro":"4135201QA4443E0028YF","holder":null,"holder_count":null}},{"type":"Feature","geometry":{"type":"Point","coordinates":[-6.283765,36.514401]},"properties":{"id":"VUT/CA/06696","type":"VUT","group":"Completa","address":"AVENIDA AMÍLCAR BARCA Nº 21 Plta/Piso 8 Pta/Letra D, piso 8, puerta D","postal_code":"11008","places":5,"units":4,"registered":"2019-01-25","catastro":"3346403QA4434E0074TS","holder":null,"holder_count":null}},{"type":"Feature","geometry":{"type":"Point","coordinates":[-6.272262,36.497716]},"properties":{"id":"VUT/CA/06699","type":"VUT","group":"Completa","address":"AVENIDA JOSE LEON DE CARRANZA Nº 18 Esc. A Plta/Piso 1 Pta/Letra C Compl.Dom. EDIFICIO ESTADIO, piso 1, puerta C","postal_code":"11010","places":6,"units":2,"registered":"2019-01-26","catastro":"4428804QA4442G0058AD","holder":null,"holder_count":null}},{"type":"Feature","geometry":{"type":"Point","coordinates":[-6.29899,36.533141]},"properties":{"id":"VUT/CA/06703","type":"VUT","group":"Por habitaciones","address":"CALLE BENJUMEDA Nº 14 Plta/Piso BAJO Pta/Letra DERECHA, piso BAJO, puerta DERECHA","postal_code":"11003","places":6,"units":2,"registered":"2019-01-27","catastro":"1966106QA4416F0003SB","holder":null,"holder_count":null}},{"type":"Feature","geometry":{"type":"Point","coordinates":[-6.298908,36.530452]},"properties":{"id":"VUT/CA/06705","type":"VUT","group":"Completa","address":"CALLE ROBLES Nº 6 Plta/Piso 3, piso 3","postal_code":"11002","places":4,"units":1,"registered":"2019-01-28","catastro":"1964603qa4416d0005br","holder":null,"holder_count":null}},{"type":"Feature","geometry":{"type":"Point","coordinates":[-6.29912,36.534371]},"properties":{"id":"VUT/CA/06719","type":"VUT","group":"Por habitaciones","address":"PLAZA San Antonio Nº 11","postal_code":"11001","places":5,"units":5,"registered":"2019-01-28","catastro":"1968701QA4416H0001XD","holder":null,"holder_count":null}},{"type":"Feature","geometry":{"type":"Point","coordinates":[-6.294533,36.531727]},"properties":{"id":"VUT/CA/06722","type":"VUT","group":"Completa","address":"CALLE Feduchy Nº 13 Plta/Piso 2, piso 2","postal_code":"11005","places":4,"units":1,"registered":"2019-01-29","catastro":"2365605QA4426E0003PG","holder":null,"holder_count":null}},{"type":"Feature","geometry":{"type":"Point","coordinates":[-6.301638,36.536331]},"properties":{"id":"VUT/CA/06723","type":"VUT","group":"Completa","address":"CALLE GRAVINA Plta/Piso 2 Pta/Letra A, piso 2, puerta A","postal_code":"11003","places":4,"units":2,"registered":"2019-01-29","catastro":"1770701QA4417B0008JY","holder":null,"holder_count":null}},{"type":"Feature","geometry":{"type":"Point","coordinates":[-6.297763,36.531911]},"properties":{"id":"VUT/CA/06742","type":"VUT","group":"Completa","address":"CALLE SAN MIGUEL Nº 18 Plta/Piso 1 Pta/Letra CENTRO, piso 1, puerta CENTRO","postal_code":"11001","places":4,"units":2,"registered":"2019-02-01","catastro":"2065403QA4426E0008DB","holder":null,"holder_count":null}},{"type":"Feature","geometry":{"type":"Point","coordinates":[-6.272072,36.507582]},"properties":{"id":"VUT/CA/06743","type":"VUT","group":"Completa","address":"CALLE Avenida Marconi Nº 31-33 Esc. Izqui. Plta/Piso Baja Pta/Letra A, piso Baja, puerta A","postal_code":"11011","places":4,"units":1,"registered":"2019-02-01","catastro":"4339401QA4443G0004MF","holder":null,"holder_count":null}},{"type":"Feature","geometry":{"type":"Point","coordinates":[-6.299389,36.529777]},"properties":{"id":"VUT/CA/06763","type":"VUT","group":"Completa","address":"CALLE CRUZ Nº 12 Plta/Piso BAJO Pta/Letra D, piso BAJO, puerta D","postal_code":"11002","places":4,"units":1,"registered":"2019-02-05","catastro":"1962348QA4416D0004KE","holder":null,"holder_count":null}},{"type":"Feature","geometry":{"type":"Point","coordinates":[-6.292816,36.530867]},"properties":{"id":"VUT/CA/06772","type":"VUT","group":"Completa","address":"CALLE NUEVA Nº 1 Plta/Piso 1 Pta/Letra A, piso 1, puerta A","postal_code":"11005","places":3,"units":1,"registered":"2019-02-05","catastro":"2464508QA4426C0002LL","holder":"DUNA BEDUINA SERVICIOS TURISTÍCOS, S.L.","holder_count":77}},{"type":"Feature","geometry":{"type":"Point","coordinates":[-6.282541,36.515834]},"properties":{"id":"VUT/CA/06775","type":"VUT","group":"Completa","address":"AVENIDA ANDALUCÍA Nº 76 Plta/Piso 1 Pta/Letra E, piso 1, puerta E","postal_code":"11008","places":4,"units":1,"registered":"2019-02-05","catastro":"3447803QA4434E0006JA","holder":null,"holder_count":null}},{"type":"Feature","geometry":{"type":"Point","coordinates":[-6.279207,36.50759]},"properties":{"id":"VUT/CA/06793","type":"VUT","group":"Completa","address":"CALLE BRASIL Nº 12 Plta/Piso 8 Pta/Letra A, piso 8, puerta A","postal_code":"11009","places":3,"units":1,"registered":"2019-02-06","catastro":"3839108QA4433H0118SP","holder":null,"holder_count":null}},{"type":"Feature","geometry":{"type":"Point","coordinates":[-6.272952,36.499012]},"properties":{"id":"VUT/CA/06794","type":"VUT","group":"Completa","address":"CALLE SIRENAS Nº 4 Plta/Piso 2 Pta/Letra C Compl.Dom. CONJUNTO RESIDENCIAL LOS DELFINES, piso 2, puerta C","postal_code":"11011","places":4,"units":2,"registered":"2019-02-06","catastro":"4329901QA4442G0689KU","holder":null,"holder_count":null}},{"type":"Feature","geometry":{"type":"Point","coordinates":[-6.280209,36.516611]},"properties":{"id":"VUT/CA/06797","type":"VUT","group":"Completa","address":"CALLE HUERTA DEL OBISPO Nº 12 Plta/Piso 2 Pta/Letra D, piso 2, puerta D","postal_code":"11008","places":6,"units":2,"registered":"2019-02-06","catastro":"3749701QA4434H0003QS","holder":"ALQUILER VACACIONAL TURISMO E INNOVACIÓN SOCIAL SCA","holder_count":81}},{"type":"Feature","geometry":{"type":"Point","coordinates":[-6.272952,36.499012]},"properties":{"id":"VUT/CA/06798","type":"VUT","group":"Completa","address":"PASEO MARITIMO Nº 23 Plta/Piso 5 Pta/Letra D, piso 5, puerta D","postal_code":"11011","places":3,"units":1,"registered":"2019-02-07","catastro":"4329901QA4442G0865YK","holder":null,"holder_count":null}},{"type":"Feature","geometry":{"type":"Point","coordinates":[-6.300755,36.532783]},"properties":{"id":"VUT/CA/06804","type":"VUT","group":"Completa","address":"CALLE SACRAMENTO Nº 55 Plta/Piso BJ, piso BJ","postal_code":"11003","places":9,"units":3,"registered":"2019-02-07","catastro":"1866117QA4416F2002KG","holder":null,"holder_count":null}},{"type":"Feature","geometry":{"type":"Point","coordinates":[-6.298135,36.533225]},"properties":{"id":"VUT/CA/06812","type":"VUT","group":"Completa","address":"CALLE SAGASTA Nº 16 Plta/Piso 2 Pta/Letra B, piso 2, puerta B","postal_code":"11001","places":4,"units":2,"registered":"2019-02-08","catastro":"2066301QA4426E0007KL","holder":null,"holder_count":null}},{"type":"Feature","geometry":{"type":"Point","coordinates":[-6.298135,36.533225]},"properties":{"id":"VUT/CA/06813","type":"VUT","group":"Completa","address":"CALLE SAGASTA Nº 16 Plta/Piso 2 Pta/Letra A, piso 2, puerta A","postal_code":"11001","places":4,"units":2,"registered":"2019-02-08","catastro":"2066301QA4426E0007KL","holder":null,"holder_count":null}},{"type":"Feature","geometry":{"type":"Point","coordinates":[-6.274549,36.519483]},"properties":{"id":"VUT/CA/06818","type":"VUT","group":"Completa","address":"AVENIDA Bahía Nº 29 Plta/Piso 10 Pta/Letra A, piso 10, puerta A","postal_code":"11012","places":6,"units":3,"registered":"2019-02-10","catastro":"4152901QA4445A0037EK","holder":null,"holder_count":null}},{"type":"Feature","geometry":{"type":"Point","coordinates":[-6.300144,36.532121]},"properties":{"id":"VUT/CA/06823","type":"VUT","group":"Completa","address":"CALLE SOLANO Nº 2 Plta/Piso BAJO Pta/Letra DCHA, piso BAJO, puerta DCHA","postal_code":"11001","places":4,"units":2,"registered":"2019-02-11","catastro":"1865105QA4416F0003YB","holder":"CARALGONGO SL","holder_count":2}},{"type":"Feature","geometry":{"type":"Point","coordinates":[-6.296332,36.535615]},"properties":{"id":"VUT/CA/06826","type":"VUT","group":"Completa","address":"CALLE GENARAL MENACHO Nº 3 Plta/Piso 3/4 Pta/Letra A, piso 3/4, puerta A","postal_code":"11004","places":4,"units":1,"registered":"2019-02-11","catastro":"2169301QA4426G0008EG","holder":null,"holder_count":null}},{"type":"Feature","geometry":{"type":"Point","coordinates":[-6.293731,36.53191]},"properties":{"id":"VUT/CA/06831","type":"VUT","group":"Completa","address":"CALLE SAN FRANCISCO 25 Nº 25 Plta/Piso 3 Pta/Letra A, piso 3, puerta A","postal_code":"11005","places":7,"units":3,"registered":"2019-02-11","catastro":"2365303QA4426E0012OZ","holder":null,"holder_count":null}},{"type":"Feature","geometry":{"type":"Point","coordinates":[-6.279846,36.517733]},"properties":{"id":"VUT/CA/06836","type":"VUT","group":"Completa","address":"CALLE Poeta Ayrolo Nº 1 Plta/Piso 3 Pta/Letra D, piso 3, puerta D","postal_code":"11008","places":4,"units":2,"registered":"2019-02-11","catastro":"3750801QA4435B0066JB","holder":null,"holder_count":null}},{"type":"Feature","geometry":{"type":"Point","coordinates":[-6.277817,36.514237]},"properties":{"id":"VUT/CA/06837","type":"VUT","group":"Completa","address":"CALLE SAN JUAN BOSCO Nº 4 Blq. 3 Plta/Piso 1 Pta/Letra E, piso 1, puerta E","postal_code":"11008","places":6,"units":2,"registered":"2019-02-11","catastro":"3945128QA4434F0384SF","holder":null,"holder_count":null}},{"type":"Feature","geometry":{"type":"Point","coordinates":[-6.274238,36.506143]},"properties":{"id":"VUT/CA/06842","type":"VUT","group":"Completa","address":"CALLE GOYA Nº 19 Esc. B Plta/Piso 1 Pta/Letra B, piso 1, puerta B","postal_code":"11010","places":6,"units":3,"registered":"2019-02-12","catastro":"4237901QA4443E0002HJ","holder":null,"holder_count":null}},{"type":"Feature","geometry":{"type":"Point","coordinates":[-6.29204,36.528481]},"properties":{"id":"VUT/CA/06859","type":"VUT","group":"Completa","address":"CALLE Suarez de Salazar Nº 7 Plta/Piso 1 Pta/Letra B, piso 1, puerta B","postal_code":"11006","places":6,"units":2,"registered":"2019-02-13","catastro":"2562610QA4426B0006MF","holder":null,"holder_count":null}},{"type":"Feature","geometry":{"type":"Point","coordinates":[-6.275018,36.504725]},"properties":{"id":"VUT/CA/06861","type":"VUT","group":"Completa","address":"CALLE VELAZQUEZ Nº 3 Esc. CENTRO Plta/Piso 11 Pta/Letra C, piso 11, puerta C","postal_code":"11010","places":5,"units":4,"registered":"2019-02-13","catastro":"4135201QA4443E0044HQ","holder":null,"holder_count":null}},{"type":"Feature","geometry":{"type":"Point","coordinates":[-6.296934,36.534609]},"properties":{"id":"VUT/CA/06862","type":"VUT","group":"Por habitaciones","address":"CALLE tinte Nº 1 Plta/Piso 1 Pta/Letra D, piso 1, puerta D","postal_code":"11004","places":2,"units":1,"registered":"2019-02-13","catastro":"2068409QA4426G0005PS","holder":null,"holder_count":null}},{"type":"Feature","geometry":{"type":"Point","coordinates":[-6.291747,36.52915]},"properties":{"id":"VUT/CA/06871","type":"VUT","group":"Completa","address":"CALLE SOPRANIS Nº 9 Plta/Piso 1 Pta/Letra B, piso 1, puerta B","postal_code":"11005","places":4,"units":2,"registered":"2019-02-14","catastro":"2562403QA4426D0005QI","holder":"ALQUILER VACACIONAL TURISMO E INNOVACIÓN SOCIAL SCA","holder_count":81}},{"type":"Feature","geometry":{"type":"Point","coordinates":[-6.276369,36.503887]},"properties":{"id":"VUT/CA/06886","type":"VUT","group":"Completa","address":"PASEO MARITIMO Nº 8 Esc. 1 Plta/Piso 03 Pta/Letra C Compl.Dom. EDIF/ATLANTICO II, piso 03, puerta C","postal_code":"11010","places":4,"units":2,"registered":"2019-02-18","catastro":"4134813QA4443C0162HZ","holder":"CADIASEN 24910 SL","holder_count":1}},{"type":"Feature","geometry":{"type":"Point","coordinates":[-6.295963,36.535714]},"properties":{"id":"VUT/CA/06889","type":"VUT","group":"Completa","address":"CALLE SANTIAGO TERRY Nº 3 Esc. 1 Plta/Piso 3 Pta/Letra IZQ, piso 3, puerta IZQ","postal_code":"11004","places":4,"units":1,"registered":"2019-02-18","catastro":"2269102QA4426G0007KF","holder":null,"holder_count":null}},{"type":"Feature","geometry":{"type":"Point","coordinates":[-6.277173,36.508408]},"properties":{"id":"VUT/CA/06893","type":"VUT","group":"Completa","address":"AVENIDA Marconi Nº 1","postal_code":"11009","places":12,"units":4,"registered":"2019-02-18","catastro":"3940103QA4434B0001QW","holder":null,"holder_count":null}},{"type":"Feature","geometry":{"type":"Point","coordinates":[-6.297591,36.536377]},"properties":{"id":"VUT/CA/06902","type":"VUT","group":"Completa","address":"ALAMEDA DE APOCADA Nº 15 Calif.Nº Dpdo Plta/Piso ÁTICO, piso ÁTICO","postal_code":"11003","places":8,"units":3,"registered":"2019-02-18","catastro":"2070905QA4427A0024WA","holder":null,"holder_count":null}},{"type":"Feature","geometry":{"type":"Point","coordinates":[-6.300163,36.53153]},"properties":{"id":"VUT/CA/06906","type":"VUT","group":"Completa","address":"CALLE SAGASTA Nº 50 Esc. 1 Plta/Piso 3 Pta/Letra K, piso 3, puerta K","postal_code":"11002","places":3,"units":1,"registered":"2019-02-19","catastro":"1864945QA4416D0024QJ","holder":"DUNA BEDUINA SERVICIOS TURISTÍCOS, S.L.","holder_count":77}},{"type":"Feature","geometry":{"type":"Point","coordinates":[-6.29401,36.530499]},"properties":{"id":"VUT/CA/06907","type":"VUT","group":"Completa","address":"CALLE CRISTOBAL COLON Nº 20 Plta/Piso 3, piso 3","postal_code":"11005","places":2,"units":2,"registered":"2019-02-19","catastro":"2363304QA4426C0004EZ","holder":"APARTMENTS TIME S.L.","holder_count":55}},{"type":"Feature","geometry":{"type":"Point","coordinates":[-6.302518,36.534785]},"properties":{"id":"VUT/CA/06909","type":"VUT","group":"Completa","address":"CALLE San Telmo Nº 2 Pta/Letra A, puerta A","postal_code":"11003","places":3,"units":2,"registered":"2019-02-20","catastro":"1668809QA4416H0009GZ","holder":null,"holder_count":null}},{"type":"Feature","geometry":{"type":"Point","coordinates":[-6.272952,36.499012]},"properties":{"id":"VUT/CA/06910","type":"VUT","group":"Completa","address":"AVENIDA José León de Carranza Nº 10 Plta/Piso 12 Pta/Letra C, piso 12, puerta C","postal_code":"11011","places":4,"units":1,"registered":"2019-02-20","catastro":"4329901QA4442G0238HT","holder":null,"holder_count":null}},{"type":"Feature","geometry":{"type":"Point","coordinates":[-6.29874,36.532058]},"properties":{"id":"VUT/CA/06914","type":"VUT","group":"Completa","address":"CALLE SACRAMENTO Nº 35 Plta/Piso 1 Pta/Letra B, piso 1, puerta B","postal_code":"11001","places":2,"units":2,"registered":"2019-02-20","catastro":"1966521QA4416F0007ZQ","holder":null,"holder_count":null}},{"type":"Feature","geometry":{"type":"Point","coordinates":[-6.275221,36.504175]},"properties":{"id":"VUT/CA/06921","type":"VUT","group":"Completa","address":"CALLE ZURBARAN Nº 2 Blq. 2 Portal 2 Plta/Piso 9 Pta/Letra B, piso 9, puerta B","postal_code":"11010","places":6,"units":3,"registered":"2019-02-21","catastro":"4135501QA4443E0086SI","holder":null,"holder_count":null}},{"type":"Feature","geometry":{"type":"Point","coordinates":[-6.298585,36.533069]},"properties":{"id":"VUT/CA/06926","type":"VUT","group":"Completa","address":"CALLE SAGASTA Nº 25 Esc. 1 Plta/Piso 2 Pta/Letra IZQ, piso 2, puerta IZQ","postal_code":"11001","places":5,"units":3,"registered":"2019-02-21","catastro":"1967616QA4416F0005PX","holder":null,"holder_count":null}},{"type":"Feature","geometry":{"type":"Point","coordinates":[-6.302998,36.528084]},"properties":{"id":"VUT/CA/06928","type":"VUT","group":"Por habitaciones","address":"CALLE LUBET Nº 18 Plta/Piso 2 Pta/Letra IZ, piso 2, puerta IZ","postal_code":"11002","places":2,"units":1,"registered":"2019-02-21","catastro":"1661701QA4416B0014ZG","holder":null,"holder_count":null}},{"type":"Feature","geometry":{"type":"Point","coordinates":[-6.293743,36.535871]},"properties":{"id":"VUT/CA/06931","type":"VUT","group":"Completa","address":"PLAZA ARGÜELLES Nº 6 Plta/Piso 3 Pta/Letra D, piso 3, puerta D","postal_code":"11004","places":6,"units":3,"registered":"2019-02-21","catastro":"2470703QA4427A0010WM","holder":null,"holder_count":null}},{"type":"Feature","geometry":{"type":"Point","coordinates":[-6.284845,36.521817]},"properties":{"id":"VUT/CA/06936","type":"VUT","group":"Por habitaciones","address":"CALLE GRANJA SAN ILDEFONSO Nº 3 Esc. B Plta/Piso 3º Pta/Letra DCHA, piso 3º, puerta DCHA","postal_code":"11007","places":4,"units":2,"registered":"2019-02-22","catastro":"3254204QA4435C0018QL","holder":null,"holder_count":null}},{"type":"Feature","geometry":{"type":"Point","coordinates":[-6.298903,36.531671]},"properties":{"id":"VUT/CA/06942","type":"VUT","group":"Por habitaciones","address":"CALLE FERNÁNDEZ SHAW Nº 7 Plta/Piso I, piso I","postal_code":"11001","places":2,"units":1,"registered":"2019-02-26","catastro":"1965709QA4416F0003SB","holder":null,"holder_count":null}},{"type":"Feature","geometry":{"type":"Point","coordinates":[-6.276258,36.503075]},"properties":{"id":"VUT/CA/06943","type":"VUT","group":"Completa","address":"PASEO MARITIMO Nº 11 Plta/Piso 5 Pta/Letra 10, piso 5, puerta 10","postal_code":"11010","places":5,"units":3,"registered":"2019-02-27","catastro":"4134812QA4443C0036PQ","holder":null,"holder_count":null}},{"type":"Feature","geometry":{"type":"Point","coordinates":[-6.275333,36.50321]},"properties":{"id":"VUT/CA/06948","type":"VUT","group":"Completa","address":"AVENIDA CAYETANO DEL TORO Nº 42 Plta/Piso 6 Pta/Letra A, piso 6, puerta A","postal_code":"11002","places":8,"units":4,"registered":"2019-02-27","catastro":"4134807QA4443C0032AB","holder":null,"holder_count":null}},{"type":"Feature","geometry":{"type":"Point","coordinates":[-6.293085,36.536287]},"properties":{"id":"VUT/CA/06968","type":"VUT","group":"Por habitaciones","address":"CALLE CONDE DE O'REILLY Nº 7 Plta/Piso 2 Pta/Letra C, piso 2, puerta C","postal_code":"11004","places":1,"units":1,"registered":"2019-03-06","catastro":"2470603QA4427A0008XQ","holder":null,"holder_count":null}},{"type":"Feature","geometry":{"type":"Point","coordinates":[-6.303228,36.532427]},"properties":{"id":"VUT/CA/06976","type":"VUT","group":"Completa","address":"CALLE ENCARNACION Nº 32 Plta/Piso 1 Pta/Letra IZ, piso 1, puerta IZ","postal_code":"11002","places":4,"units":2,"registered":"2019-03-07","catastro":"1565910QA4416F0003AB","holder":null,"holder_count":null}},{"type":"Feature","geometry":{"type":"Point","coordinates":[-6.300503,36.533715]},"properties":{"id":"VUT/CA/06983","type":"VUT","group":"Completa","address":"CALLE BENJUMEDA Nº 30 Plta/Piso 3 Pta/Letra B, piso 3, puerta B","postal_code":"11003","places":5,"units":2,"registered":"2019-03-11","catastro":"1767505QA4416H0014WM","holder":"ALQUILER VACACIONAL TURISMO E INNOVACIÓN SOCIAL SCA","holder_count":81}},{"type":"Feature","geometry":{"type":"Point","coordinates":[-6.301325,36.529597]},"properties":{"id":"VUT/CA/06984","type":"VUT","group":"Completa","address":"CALLE PORTERÍA DE CAPUCHINOS Nº 10 Plta/Piso 2, piso 2","postal_code":"11002","places":6,"units":3,"registered":"2019-03-11","catastro":"1762208QA4416B0004II","holder":null,"holder_count":null}},{"type":"Feature","geometry":{"type":"Point","coordinates":[-6.273687,36.500305]},"properties":{"id":"VUT/CA/06985","type":"VUT","group":"Completa","address":"AVENIDA Jose Leon de Carranza.............................. Nº 4 Portal .......... Plta/Piso 6 Pta/Letra J, piso 6, puerta J","postal_code":"11011","places":6,"units":3,"registered":"2019-03-11","catastro":"4230303QA4443A0141TA","holder":null,"holder_count":null}},{"type":"Feature","geometry":{"type":"Point","coordinates":[-6.294885,36.535794]},"properties":{"id":"VUT/CA/06986","type":"VUT","group":"Completa","address":"CALLE Isabel La Catolica Nº 17 Plta/Piso 2 Pta/Letra D, piso 2, puerta D","postal_code":"11004","places":4,"units":2,"registered":"2019-03-11","catastro":"2369807QA4426G0005SS","holder":null,"holder_count":null}},{"type":"Feature","geometry":{"type":"Point","coordinates":[-6.279129,36.509327]},"properties":{"id":"VUT/CA/06987","type":"VUT","group":"Completa","address":"CALLE DOCTOR FLEMING Nº 7 Plta/Piso 3º Pta/Letra IZQ, piso 3º, puerta IZQ","postal_code":"11009","places":6,"units":3,"registered":"2019-03-11","catastro":"3740303QA4434B0068TT","holder":null,"holder_count":null}},{"type":"Feature","geometry":{"type":"Point","coordinates":[-6.303511,36.531015]},"properties":{"id":"VUT/CA/06996","type":"VUT","group":"Completa","address":"CALLE PATROCINIO Nº 6 Plta/Piso BAJO Pta/Letra B, piso BAJO, puerta B","postal_code":"11002","places":2,"units":1,"registered":"2019-03-13","catastro":"1564911QA4416D0002FQ","holder":null,"holder_count":null}},{"type":"Feature","geometry":{"type":"Point","coordinates":[-6.284157,36.52172]},"properties":{"id":"VUT/CA/06998","type":"VUT","group":"Completa","address":"CALLE GRANJA SAN ILDEFONSO Nº 10 Plta/Piso 16 Pta/Letra 3, piso 16, puerta 3","postal_code":"11007","places":5,"units":2,"registered":"2019-03-13","catastro":"3253317QA4435C0042DA","holder":null,"holder_count":null}},{"type":"Feature","geometry":{"type":"Point","coordinates":[-6.280819,36.509765]},"properties":{"id":"VUT/CA/07005","type":"VUT","group":"Completa","address":"PASEO MARITIMO Nº 35 Plta/Piso 6 Pta/Letra 06, piso 6, puerta 06","postal_code":"11009","places":3,"units":1,"registered":"2019-03-14","catastro":"3641412QA4434B0073OU","holder":null,"holder_count":null}},{"type":"Feature","geometry":{"type":"Point","coordinates":[-6.273971,36.500802]},"properties":{"id":"VUT/CA/07006","type":"VUT","group":"Completa","address":"AVENIDA JOSÉ LEON DE CARRANZA Nº 2D Plta/Piso 1 Pta/Letra A, piso 1, puerta A","postal_code":"11011","places":5,"units":2,"registered":"2019-03-14","catastro":"4231902QA4443A0043QP","holder":null,"holder_count":null}},{"type":"Feature","geometry":{"type":"Point","coordinates":[-6.27421,36.502413]},"properties":{"id":"VUT/CA/07013","type":"VUT","group":"Completa","address":"PLAZA MADRID Nº 4 Plta/Piso 6 Pta/Letra 3-1, piso 6, puerta 3-1","postal_code":"11010","places":2,"units":1,"registered":"2019-03-14","catastro":"4233902QA4443C3101QK","holder":null,"holder_count":null}},{"type":"Feature","geometry":{"type":"Point","coordinates":[-6.299876,36.533112]},"properties":{"id":"VUT/CA/07018","type":"VUT","group":"Completa","address":"CALLE San José Nº 41 Plta/Piso 1, piso 1","postal_code":"11003","places":6,"units":3,"registered":"2019-03-15","catastro":"1866110QA4416F0003YB","holder":null,"holder_count":null}},{"type":"Feature","geometry":{"type":"Point","coordinates":[-6.275333,36.50321]},"properties":{"id":"VUT/CA/07023","type":"VUT","group":"Completa","address":"AVENIDA CAYETANO DEL TORO Nº 42 Plta/Piso 4 Pta/Letra 3, piso 4, puerta 3","postal_code":"11010","places":6,"units":2,"registered":"2019-03-18","catastro":"4134807QA4443C0021ES","holder":null,"holder_count":null}},{"type":"Feature","geometry":{"type":"Point","coordinates":[-6.28386,36.514807]},"properties":{"id":"VUT/CA/07032","type":"VUT","group":"Completa","address":"CALLE CALLEJÓN DEL BLANCO Nº 2 Plta/Piso 3 Pta/Letra G, piso 3, puerta G","postal_code":"11008","places":6,"units":2,"registered":"2019-03-19","catastro":"3346401QA4434E0023BX","holder":null,"holder_count":null}},{"type":"Feature","geometry":{"type":"Point","coordinates":[-6.300029,36.533249]},"properties":{"id":"VUT/CA/07036","type":"VUT","group":"Completa","address":"CALLE SANTA INÉS Nº 3 Plta/Piso BAJO Pta/Letra IZDA, piso BAJO, puerta IZDA","postal_code":"11003","places":4,"units":1,"registered":"2019-03-20","catastro":"1866108QA4416F0002FL","holder":null,"holder_count":null}},{"type":"Feature","geometry":{"type":"Point","coordinates":[-6.284499,36.519893]},"properties":{"id":"VUT/CA/07045","type":"VUT","group":"Completa","address":"AVENIDA ANDALUCIA Nº 57 Plta/Piso BAJO Pta/Letra B, piso BAJO, puerta B","postal_code":"11008","places":8,"units":4,"registered":"2019-03-22","catastro":"3352219QA4435A0002OA","holder":"ALQUILER VACACIONAL TURISMO E INNOVACIÓN SOCIAL SCA","holder_count":81}},{"type":"Feature","geometry":{"type":"Point","coordinates":[-6.304109,36.533887]},"properties":{"id":"VUT/CA/07056","type":"VUT","group":"Completa","address":"CALLE Benito Perez Galdos Nº 84 Blq. E Plta/Piso 3 Pta/Letra E, piso 3, puerta E","postal_code":"11002","places":7,"units":4,"registered":"2019-03-27","catastro":"1467506QA4416G0282LZ","holder":null,"holder_count":null}},{"type":"Feature","geometry":{"type":"Point","coordinates":[-6.303133,36.533565]},"properties":{"id":"VUT/CA/07060","type":"VUT","group":"Completa","address":"CALLE BENITO PEREZ GALDOS Nº 80 Plta/Piso BAJA Pta/Letra A, piso BAJA, puerta A","postal_code":"11002","places":4,"units":1,"registered":"2019-03-27","catastro":"1567503QA4416H0011BB","holder":null,"holder_count":null}},{"type":"Feature","geometry":{"type":"Point","coordinates":[-6.298237,36.532292]},"properties":{"id":"VUT/CA/07063","type":"VUT","group":"Completa","address":"CALLE MARQUES DEL REAL TESORO Nº 6 Plta/Piso 3º Pta/Letra D, piso 3º, puerta D","postal_code":"11001","places":4,"units":2,"registered":"2019-03-28","catastro":"2066702QA4426E0015WQ","holder":null,"holder_count":null}},{"type":"Feature","geometry":{"type":"Point","coordinates":[-6.297763,36.531911]},"properties":{"id":"VUT/CA/07067","type":"VUT","group":"Completa","address":"CALLE SAN MIGUEL Nº 18 Plta/Piso 2 Pta/Letra DCHA, piso 2, puerta DCHA","postal_code":"11001","places":6,"units":3,"registered":"2019-03-29","catastro":"2065403QA4426E0003IG","holder":null,"holder_count":null}},{"type":"Feature","geometry":{"type":"Point","coordinates":[-6.306469,36.533446]},"properties":{"id":"VUT/CA/07069","type":"VUT","group":"Completa","address":"AVENIDA DUQUE DE NÁJERA Nº 7 Calif.Nº E Plta/Piso 1 Pta/Letra D, piso 1, puerta D","postal_code":"11002","places":4,"units":7,"registered":"2019-03-29","catastro":"1267601QA4416E0085FM","holder":null,"holder_count":null}},{"type":"Feature","geometry":{"type":"Point","coordinates":[-6.293625,36.528719]},"properties":{"id":"VUT/CA/07075","type":"VUT","group":"Completa","address":"CALLE MESON Nº 15 Plta/Piso 3 Pta/Letra 4, piso 3, puerta 4","postal_code":"11005","places":4,"units":2,"registered":"2019-04-01","catastro":"2461115QA4426A0005RR","holder":null,"holder_count":null}},{"type":"Feature","geometry":{"type":"Point","coordinates":[-6.300947,36.536581]},"properties":{"id":"VUT/CA/07081","type":"VUT","group":"Completa","address":"CALLE USTARIZ Nº 3 Plta/Piso 1º Pta/Letra D, piso 1º, puerta D","postal_code":"11003","places":4,"units":2,"registered":"2019-04-01","catastro":"1770302QA4417B0003TQ","holder":"DUNA BEDUINA SERVICIOS TURISTÍCOS, S.L.","holder_count":77}},{"type":"Feature","geometry":{"type":"Point","coordinates":[-6.293575,36.530576]},"properties":{"id":"VUT/CA/07083","type":"VUT","group":"Completa","address":"CALLE CRISTOBAL COLON Portal 14 Plta/Piso 1 Pta/Letra C, piso 1, puerta C","postal_code":"11002","places":4,"units":2,"registered":"2019-04-01","catastro":"2464501QA4426C0004RZ","holder":null,"holder_count":null}},{"type":"Feature","geometry":{"type":"Point","coordinates":[-6.303671,36.53219]},"properties":{"id":"VUT/CA/07092","type":"VUT","group":"Completa","address":"CALLE SAN RAFAEL Nº 33-35 Plta/Piso 3 Pta/Letra IZQ, piso 3, puerta IZQ","postal_code":"11002","places":4,"units":3,"registered":"2019-04-04","catastro":"1565808QA4416F0012XE","holder":null,"holder_count":null}},{"type":"Feature","geometry":{"type":"Point","coordinates":[-6.271746,36.498628]},"properties":{"id":"VUT/CA/07094","type":"VUT","group":"Completa","address":"PLAZA Plaza Jerez Nº 10 Plta/Piso 3 Pta/Letra d Compl.Dom. Plaza de Jerez ,nº 10 - 3ºD, piso 3, puerta d","postal_code":"11011","places":6,"units":3,"registered":"2019-04-04","catastro":"4429301QA4442G0176UT","holder":null,"holder_count":null}},{"type":"Feature","geometry":{"type":"Point","coordinates":[-6.275462,36.503436]},"properties":{"id":"VUT/CA/07111","type":"VUT","group":"Completa","address":"AVENIDA Cayetano del Toro Nº 38 Esc. c Plta/Piso 7 Pta/Letra a Compl.Dom. Edificio Villamar, piso 7, puerta a","postal_code":"11011","places":4,"units":2,"registered":"2019-04-09","catastro":"4134806QA4443C0105PT","holder":null,"holder_count":null}},{"type":"Feature","geometry":{"type":"Point","coordinates":[-6.271521,36.49642]},"properties":{"id":"VUT/CA/07112","type":"VUT","group":"Completa","address":"AVENIDA JOSE LEÓN DE CARRANZA Nº 26 Plta/Piso 6 Pta/Letra Q, piso 6, puerta Q","postal_code":"11011","places":6,"units":2,"registered":"2019-04-10","catastro":"4426304QA4442E0355PQ","holder":"ALQUILER VACACIONAL TURISMO E INNOVACIÓN SOCIAL SCA","holder_count":81}},{"type":"Feature","geometry":{"type":"Point","coordinates":[-6.304297,36.529515]},"properties":{"id":"VUT/CA/07113","type":"VUT","group":"Completa","address":"CALLE PARAGUAY Nº 4 Plta/Piso BJ Pta/Letra D, piso BJ, puerta D","postal_code":"11002","places":10,"units":3,"registered":"2019-04-10","catastro":"1562819QA4416B0005YO","holder":"ALQUILER VACACIONAL TURISMO E INNOVACIÓN SOCIAL SCA","holder_count":81}},{"type":"Feature","geometry":{"type":"Point","coordinates":[-6.289862,36.528002]},"properties":{"id":"VUT/CA/07118","type":"VUT","group":"Completa","address":"CALLE SANTO DOMINGO Nº 15 Plta/Piso 2 Pta/Letra C, piso 2, puerta C","postal_code":"11006","places":4,"units":1,"registered":"2019-04-11","catastro":"2761911QA4426B0013RK","holder":"BOLARDO RENTAS S.L.","holder_count":1}},{"type":"Feature","geometry":{"type":"Point","coordinates":[-6.302545,36.529212]},"properties":{"id":"VUT/CA/07127","type":"VUT","group":"Completa","address":"CALLE CRISTO DE LA MISERICORDIA Nº 12 Plta/Piso 2 Pta/Letra D, piso 2, puerta D","postal_code":"11002","places":3,"units":2,"registered":"2019-04-15","catastro":"1662201QA4416B0005MO","holder":null,"holder_count":null}},{"type":"Feature","geometry":{"type":"Point","coordinates":[-6.300703,36.533289]},"properties":{"id":"VUT/CA/07141","type":"VUT","group":"Completa","address":"CALLE VIRGILI Nº 2 Plta/Piso Bj Pta/Letra 4, piso Bj, puerta 4","postal_code":"11003","places":4,"units":2,"registered":"2019-04-16","catastro":"1766209QA4416F0004FZ","holder":null,"holder_count":null}},{"type":"Feature","geometry":{"type":"Point","coordinates":[-6.27895,36.515319]},"properties":{"id":"VUT/CA/07144","type":"VUT","group":"Por habitaciones","address":"CALLE RECREO Nº 15","postal_code":"11004","places":2,"units":1,"registered":"2019-04-16","catastro":"3747501QA4434H0012SK","holder":null,"holder_count":null}},{"type":"Feature","geometry":{"type":"Point","coordinates":[-6.297246,36.52995]},"properties":{"id":"VUT/CA/07155","type":"VUT","group":"Completa","address":"CALLE ARBOLI Nº 15 Plta/Piso 1 Pta/Letra D, piso 1, puerta D","postal_code":"11005","places":4,"units":1,"registered":"2019-04-17","catastro":"2063327QA4426C0008MW","holder":null,"holder_count":null}},{"type":"Feature","geometry":{"type":"Point","coordinates":[-6.292721,36.530446]},"properties":{"id":"VUT/CA/07169","type":"VUT","group":"Completa","address":"CALLE Flamenco Nº 13 Plta/Piso 1º, piso 1º","postal_code":"11005","places":6,"units":3,"registered":"2019-04-22","catastro":"2463906QA4426C0002SL","holder":null,"holder_count":null}},{"type":"Feature","geometry":{"type":"Point","coordinates":[-6.294315,36.535516]},"properties":{"id":"VUT/CA/07180","type":"VUT","group":"Completa","address":"CALLE MANUEL RANCES Nº 23 Plta/Piso 2 Pta/Letra 1, piso 2, puerta 1","postal_code":"11004","places":6,"units":2,"registered":"2019-04-22","catastro":"2369405QA4426G0005QS","holder":null,"holder_count":null}},{"type":"Feature","geometry":{"type":"Point","coordinates":[-6.29354,36.532856]},"properties":{"id":"VUT/CA/07200","type":"VUT","group":"Completa","address":"PLAZA 5 diciembre de 1977 Nº 20 Plta/Piso 5 Pta/Letra a Compl.Dom. Antigua av. Ramón de Carranza, piso 5, puerta a","postal_code":"11006","places":8,"units":4,"registered":"2019-04-22","catastro":"2366402QA4426E0003EG","holder":null,"holder_count":null}},{"type":"Feature","geometry":{"type":"Point","coordinates":[-6.295168,36.532112]},"properties":{"id":"VUT/CA/07201","type":"VUT","group":"Completa","address":"CALLE JOSE DEL TORO Nº 23 Plta/Piso 2 Pta/Letra D, piso 2, puerta D","postal_code":"11004","places":7,"units":3,"registered":"2019-04-22","catastro":"2265206QA4426E0002PF","holder":null,"holder_count":null}},{"type":"Feature","geometry":{"type":"Point","coordinates":[-6.289858,36.52696]},"properties":{"id":"VUT/CA/07208","type":"VUT","group":"Completa","address":"CALLE MIRADOR Nº 17 Plta/Piso BAJO Pta/Letra A, piso BAJO, puerta A","postal_code":"11006","places":4,"units":1,"registered":"2019-04-22","catastro":"2760504QA4426B1001TU","holder":null,"holder_count":null}},{"type":"Feature","geometry":{"type":"Point","coordinates":[-6.276495,36.514734]},"properties":{"id":"VUT/CA/07222","type":"VUT","group":"Completa","address":"PLAZA Santa Ana Blq. 7 Plta/Piso 1 Pta/Letra D, piso 1, puerta D","postal_code":"11012","places":4,"units":1,"registered":"2019-04-22","catastro":"4047925QA4444E0143IB","holder":null,"holder_count":null}},{"type":"Feature","geometry":{"type":"Point","coordinates":[-6.272166,36.496883]},"properties":{"id":"VUT/CA/07232","type":"VUT","group":"Completa","address":"PASEO Maritimo Nº 29 Plta/Piso 6 Pta/Letra d, piso 6, puerta d","postal_code":"11010","places":6,"units":3,"registered":"2019-04-22","catastro":"4427901QA4442E0150QD","holder":null,"holder_count":null}},{"type":"Feature","geometry":{"type":"Point","coordinates":[-6.293466,36.535923]},"properties":{"id":"VUT/CA/07235","type":"VUT","group":"Por habitaciones","address":"PLAZA ESPAÑA Nº 5 Plta/Piso BAJO Pta/Letra 3, piso BAJO, puerta 3","postal_code":"11006","places":4,"units":2,"registered":"2019-04-22","catastro":"2470702QA4427A0003SL","holder":null,"holder_count":null}},{"type":"Feature","geometry":{"type":"Point","coordinates":[-6.284037,36.52455]},"properties":{"id":"VUT/CA/07242","type":"VUT","group":"Completa","address":"AVENIDA de la Marina Nº 8 Calif.Nº L4 Plta/Piso Bajo Pta/Letra A, piso Bajo, puerta A","postal_code":"11007","places":8,"units":4,"registered":"2019-04-22","catastro":"3456702QA4435E0001YM","holder":"Addtime Global Services SL","holder_count":1}},{"type":"Feature","geometry":{"type":"Point","coordinates":[-6.29018,36.526743]},"properties":{"id":"VUT/CA/07272","type":"VUT","group":"Completa","address":"CALLE SAN ROQUE Nº 2 Plta/Piso 1 Pta/Letra A, piso 1, puerta A","postal_code":"11006","places":4,"units":2,"registered":"2019-04-23","catastro":"2760501QA4426B0004YS","holder":null,"holder_count":null}},{"type":"Feature","geometry":{"type":"Point","coordinates":[-6.299389,36.529777]},"properties":{"id":"VUT/CA/07275","type":"VUT","group":"Completa","address":"CALLE CRUZ Nº 12 Plta/Piso BAJO Pta/Letra C, piso BAJO, puerta C","postal_code":"11002","places":6,"units":2,"registered":"2019-04-23","catastro":"1962348QA4416D0003JW","holder":"KH-R S.L.","holder_count":1}},{"type":"Feature","geometry":{"type":"Point","coordinates":[-6.29784,36.533615]},"properties":{"id":"VUT/CA/07283","type":"VUT","group":"Completa","address":"CALLE ANCHA Nº 21 Plta/Piso 3 Pta/Letra B, piso 3, puerta B","postal_code":"11003","places":4,"units":1,"registered":"2019-04-23","catastro":"1967412QA4416H0011GB","holder":null,"holder_count":null}},{"type":"Feature","geometry":{"type":"Point","coordinates":[-6.286177,36.522846]},"properties":{"id":"VUT/CA/07298","type":"VUT","group":"Completa","address":"AVENIDA ANDALUCIA Nº 31 Plta/Piso 2º Pta/Letra A, piso 2º, puerta A","postal_code":"11007","places":5,"units":3,"registered":"2019-04-23","catastro":"3157603QA4435E0003LW","holder":null,"holder_count":null}},{"type":"Feature","geometry":{"type":"Point","coordinates":[-6.291322,36.529596]},"properties":{"id":"VUT/CA/07302","type":"VUT","group":"Completa","address":"CALLE PLOCIA Nº 11 Plta/Piso 3 Pta/Letra A, piso 3, puerta A","postal_code":"11006","places":8,"units":3,"registered":"2019-04-23","catastro":"2662204QA4426B0007LG","holder":null,"holder_count":null}},{"type":"Feature","geometry":{"type":"Point","coordinates":[-6.30439,36.529106]},"properties":{"id":"VUT/CA/07323","type":"VUT","group":"Completa","address":"CALLE PARAGUAY Nº 11 Plta/Piso 3 Pta/Letra A, piso 3, puerta A","postal_code":"11002","places":4,"units":2,"registered":"2019-04-23","catastro":"1462906QA4416A0014EY","holder":null,"holder_count":null}},{"type":"Feature","geometry":{"type":"Point","coordinates":[-6.294279,36.536111]},"properties":{"id":"VUT/CA/07342","type":"VUT","group":"Completa","address":"CALLE MANUEL RANCES Nº 26 Plta/Piso 3 Pta/Letra B, piso 3, puerta B","postal_code":"11002","places":6,"units":2,"registered":"2019-04-23","catastro":"2370906QA4427A0017YU","holder":null,"holder_count":null}},{"type":"Feature","geometry":{"type":"Point","coordinates":[-6.280799,36.519095]},"properties":{"id":"VUT/CA/07361","type":"VUT","group":"Completa","address":"CALLE ANTONIO MACHADO Nº 13 Plta/Piso 2 Pta/Letra 2 CI, piso 2, puerta 2 CI","postal_code":"11008","places":5,"units":3,"registered":"2019-04-23","catastro":"3651905QA4435B0006TQ","holder":null,"holder_count":null}},{"type":"Feature","geometry":{"type":"Point","coordinates":[-6.298745,36.530582]},"properties":{"id":"VUT/CA/07362","type":"VUT","group":"Completa","address":"CALLE Gentil Portal 2 Plta/Piso 2 Pta/Letra B, piso 2, puerta B","postal_code":"11002","places":6,"units":2,"registered":"2019-04-23","catastro":"1963302QA4416D0005JR","holder":null,"holder_count":null}},{"type":"Feature","geometry":{"type":"Point","coordinates":[-6.296928,36.530119]},"properties":{"id":"VUT/CA/07366","type":"VUT","group":"Completa","address":"CALLE ARBOLI Nº 12 Plta/Piso BAJO Pta/Letra IZDA, piso BAJO, puerta IZDA","postal_code":"11005","places":4,"units":2,"registered":"2019-04-23","catastro":"2163910QA4426C0001ZK","holder":null,"holder_count":null}},{"type":"Feature","geometry":{"type":"Point","coordinates":[-6.301928,36.530656]},"properties":{"id":"VUT/CA/07372","type":"VUT","group":"Completa","address":"CALLE República Dominicana Nº 11 Plta/Piso Bajo Pta/Letra A, piso Bajo, puerta A","postal_code":"11002","places":4,"units":1,"registered":"2019-04-23","catastro":"1664515QA4416D0002EQ","holder":null,"holder_count":null}},{"type":"Feature","geometry":{"type":"Point","coordinates":[-6.28682,36.523963]},"properties":{"id":"VUT/CA/07373","type":"VUT","group":"Completa","address":"AVENIDA ANDALUCIA Nº 11 Plta/Piso 4 Pta/Letra B, piso 4, puerta B","postal_code":"11007","places":4,"units":3,"registered":"2019-04-23","catastro":"3057209QA4435E0016YS","holder":null,"holder_count":null}},{"type":"Feature","geometry":{"type":"Point","coordinates":[-6.276797,36.504936]},"properties":{"id":"VUT/CA/07395","type":"VUT","group":"Completa","address":"PLAZA MONTEVIDEO Nº 1 Plta/Piso ATICO Pta/Letra C, piso ATICO, puerta C","postal_code":"11010","places":6,"units":3,"registered":"2019-04-23","catastro":"4036710QA4443E0071YL","holder":null,"holder_count":null}},{"type":"Feature","geometry":{"type":"Point","coordinates":[-6.273971,36.500802]},"properties":{"id":"VUT/CA/07398","type":"VUT","group":"Completa","address":"PASEO MARITIMO Nº 19 Esc. 1 Plta/Piso 6 Pta/Letra B, piso 6, puerta B","postal_code":"11011","places":4,"units":2,"registered":"2019-04-23","catastro":"4231902QA4443A0135XI","holder":null,"holder_count":null}},{"type":"Feature","geometry":{"type":"Point","coordinates":[-6.300016,36.534201]},"properties":{"id":"VUT/CA/07413","type":"VUT","group":"Completa","address":"CALLE ZARAGOZA Nº 8 Plta/Piso BAJO Pta/Letra B, piso BAJO, puerta B","postal_code":"11003","places":4,"units":1,"registered":"2019-04-23","catastro":"1867203QA4416F0002QL","holder":null,"holder_count":null}},{"type":"Feature","geometry":{"type":"Point","coordinates":[-6.300122,36.530413]},"properties":{"id":"VUT/CA/07431","type":"VUT","group":"Completa","address":"CALLE Maria Arteaga Nº 12 Plta/Piso Baja Pta/Letra A, piso Baja, puerta A","postal_code":"11002","places":4,"units":2,"registered":"2019-04-23","catastro":"1863210QA4416D1001FZ","holder":null,"holder_count":null}},{"type":"Feature","geometry":{"type":"Point","coordinates":[-6.296928,36.530119]},"properties":{"id":"VUT/CA/07444","type":"VUT","group":"Completa","address":"CALLE Arboli Nº 12 Plta/Piso Bajo Pta/Letra Derecha, piso Bajo, puerta Derecha","postal_code":"11005","places":6,"units":2,"registered":"2019-04-23","catastro":"2163910QA4426C0002XL","holder":null,"holder_count":null}},{"type":"Feature","geometry":{"type":"Point","coordinates":[-6.27443,36.507177]},"properties":{"id":"VUT/CA/07454","type":"VUT","group":"Completa","address":"CALLE Pintor Justo Ruiz Luna Nº 2 Pta/Letra 312, puerta 312","postal_code":"11009","places":6,"units":3,"registered":"2019-04-23","catastro":"4238901QA4443G0044TL","holder":null,"holder_count":null}},{"type":"Feature","geometry":{"type":"Point","coordinates":[-6.296691,36.529914]},"properties":{"id":"VUT/CA/07456","type":"VUT","group":"Completa","address":"CALLE OBISPO URQUINAONA 17 Nº 17 Plta/Piso 2 Pta/Letra E, piso 2, puerta E","postal_code":"11005","places":2,"units":1,"registered":"2019-04-23","catastro":"2163921QA4426C0014AT","holder":null,"holder_count":null}},{"type":"Feature","geometry":{"type":"Point","coordinates":[-6.276797,36.504936]},"properties":{"id":"VUT/CA/07458","type":"VUT","group":"Completa","address":"CALLE VIRGEN DE LAS ANGUSTIAS Nº 1 Plta/Piso BJ Pta/Letra E, piso BJ, puerta E","postal_code":"11010","places":10,"units":4,"registered":"2019-04-23","catastro":"4036710QA4443E0039OX","holder":"AC GESTION CADIZ S.L.","holder_count":39}},{"type":"Feature","geometry":{"type":"Point","coordinates":[-6.304718,36.528827]},"properties":{"id":"VUT/CA/07460","type":"VUT","group":"Completa","address":"CALLE PERICON DE CADIZ Nº 18 -20 Plta/Piso 2 Pta/Letra B, piso 2, puerta B","postal_code":"11002","places":8,"units":4,"registered":"2019-04-23","catastro":"1461201QA4416A0007DW","holder":"PRODUCTOS QUIMICOS DE AUTOMOCIÓN, SL","holder_count":1}},{"type":"Feature","geometry":{"type":"Point","coordinates":[-6.276233,36.508953]},"properties":{"id":"VUT/CA/07462","type":"VUT","group":"Completa","address":"PASAJE PABLO RUIZ PICASSO Nº 1 Plta/Piso 2 Pta/Letra S, piso 2, puerta S","postal_code":"11009","places":6,"units":3,"registered":"2019-04-24","catastro":"4040903QA4444A0032WL","holder":null,"holder_count":null}},{"type":"Feature","geometry":{"type":"Point","coordinates":[-6.291346,36.529139]},"properties":{"id":"VUT/CA/07466","type":"VUT","group":"Completa","address":"CALLE SOPRANIS Portal 14 Plta/Piso 2 Pta/Letra B, piso 2, puerta B","postal_code":"11006","places":4,"units":2,"registered":"2019-04-24","catastro":"2662207QA4426B0007MG","holder":"AC GESTION CADIZ S.L.","holder_count":39}},{"type":"Feature","geometry":{"type":"Point","coordinates":[-6.3042,36.532125]},"properties":{"id":"VUT/CA/07480","type":"VUT","group":"Completa","address":"CALLEJA DEL HOSPITAL Nº 2 Plta/Piso 3º Pta/Letra C, piso 3º, puerta C","postal_code":"11002","places":5,"units":3,"registered":"2019-04-24","catastro":"1465301QA4416E0010FG","holder":"DUNA BEDUINA SERVICIOS TURISTÍCOS, S.L.","holder_count":77}},{"type":"Feature","geometry":{"type":"Point","coordinates":[-6.2795,36.516977]},"properties":{"id":"VUT/CA/07483","type":"VUT","group":"Completa","address":"CALLE FRANCISCO GARCIA DE SOLA Nº 29 Plta/Piso 3 Pta/Letra C, piso 3, puerta C","postal_code":"11008","places":5,"units":3,"registered":"2019-04-24","catastro":"3749901QA4434H0029YO","holder":null,"holder_count":null}},{"type":"Feature","geometry":{"type":"Point","coordinates":[-6.298183,36.529677]},"properties":{"id":"VUT/CA/07498","type":"VUT","group":"Completa","address":"CALLE LIBERTAD Nº 10 Plta/Piso 1º, piso 1º","postal_code":"11002","places":2,"units":1,"registered":"2019-04-29","catastro":"1962313QA4416D0005GR","holder":null,"holder_count":null}},{"type":"Feature","geometry":{"type":"Point","coordinates":[-6.293938,36.534588]},"properties":{"id":"VUT/CA/07500","type":"VUT","group":"Completa","address":"PLAZA ESPAÑA Nº 14 Plta/Piso 3 Pta/Letra B, piso 3, puerta B","postal_code":"11004","places":4,"units":2,"registered":"2019-04-26","catastro":"2368404QA4426G0014HK","holder":"ANJACAR, S.L.U","holder_count":1}},{"type":"Feature","geometry":{"type":"Point","coordinates":[-6.29413,36.53017]},"properties":{"id":"VUT/CA/07501","type":"VUT","group":"Por habitaciones","address":"CALLE RUIZ DE BUSTAMANTE Nº 5","postal_code":"11005","places":6,"units":3,"registered":"2019-04-26","catastro":"2363312QA4426C0003QB","holder":null,"holder_count":null}},{"type":"Feature","geometry":{"type":"Point","coordinates":[-6.279424,36.513565]},"properties":{"id":"VUT/CA/07508","type":"VUT","group":"Completa","address":"CALLE ESCALZO Nº 2 Esc. D1 Plta/Piso 1 Pta/Letra E, piso 1, puerta E","postal_code":"11009","places":5,"units":4,"registered":"2019-04-29","catastro":"3844901QA4434D0006WW","holder":null,"holder_count":null}},{"type":"Feature","geometry":{"type":"Point","coordinates":[-6.275953,36.507844]},"properties":{"id":"VUT/CA/07509","type":"VUT","group":"Completa","address":"CALLE MURILLO Nº 16 Plta/Piso ATICO Pta/Letra A, piso ATICO, puerta A","postal_code":"11010","places":6,"units":2,"registered":"2019-04-29","catastro":"4039907QA4443G0009AL","holder":null,"holder_count":null}},{"type":"Feature","geometry":{"type":"Point","coordinates":[-6.301255,36.529893]},"properties":{"id":"VUT/CA/07520","type":"VUT","group":"Completa","address":"CALLE PORTERÍA DE CAPUCHINOS Nº 4 Esc. 1 Plta/Piso 2 Pta/Letra B, piso 2, puerta B","postal_code":"11002","places":3,"units":1,"registered":"2019-04-30","catastro":"1762211QA4416B0006PP","holder":null,"holder_count":null}},{"type":"Feature","geometry":{"type":"Point","coordinates":[-6.273975,36.501981]},"properties":{"id":"VUT/CA/07528","type":"VUT","group":"Completa","address":"PLAZA MADRID Nº 3 Esc. IZQ Plta/Piso 9 Pta/Letra C, piso 9, puerta C","postal_code":"11010","places":5,"units":3,"registered":"2019-04-30","catastro":"4232301QA4443C0070FM","holder":null,"holder_count":null}},{"type":"Feature","geometry":{"type":"Point","coordinates":[-6.301701,36.532023]},"properties":{"id":"VUT/CA/07532","type":"VUT","group":"Completa","address":"CALLE TORRE Nº 51 Plta/Piso BAJO Pta/Letra IZQ., piso BAJO, puerta IZQ.","postal_code":"11002","places":6,"units":3,"registered":"2019-04-30","catastro":"1665410QA4416F0002TL","holder":null,"holder_count":null}},{"type":"Feature","geometry":{"type":"Point","coordinates":[-6.301928,36.530656]},"properties":{"id":"VUT/CA/07533","type":"VUT","group":"Completa","address":"CALLE REPUBLICA DOMINICANA Nº 11 Plta/Piso 2 Pta/Letra C, piso 2, puerta C","postal_code":"11002","places":4,"units":1,"registered":"2019-04-30","catastro":"1664515QA4416D0012PI","holder":"LITTLE APARTMENTS S.L.","holder_count":20}},{"type":"Feature","geometry":{"type":"Point","coordinates":[-6.284846,36.522665]},"properties":{"id":"VUT/CA/07537","type":"VUT","group":"Completa","address":"PLAZA SAN SEVERIANO Nº 1 Portal 1 Plta/Piso 1 Pta/Letra A, piso 1, puerta A","postal_code":"11007","places":5,"units":3,"registered":"2019-05-06","catastro":"3155401QA4435E0079GA","holder":null,"holder_count":null}},{"type":"Feature","geometry":{"type":"Point","coordinates":[-6.295378,36.531574]},"properties":{"id":"VUT/CA/07571","type":"VUT","group":"Completa","address":"CALLE MONTAÑES Nº 1 Portal 1 Plta/Piso 4 Pta/Letra 1, piso 4, puerta 1","postal_code":"11001","places":6,"units":3,"registered":"2019-05-07","catastro":"2265905QA4426E0008SB","holder":null,"holder_count":null}},{"type":"Feature","geometry":{"type":"Point","coordinates":[-6.276984,36.506633]},"properties":{"id":"VUT/CA/07575","type":"VUT","group":"Completa","address":"AVENIDA CAYETANO DEL TORO Nº 19 Plta/Piso 3 Pta/Letra B, piso 3, puerta B","postal_code":"11010","places":5,"units":3,"registered":"2019-05-07","catastro":"4037205QA4443E0018UU","holder":null,"holder_count":null}},{"type":"Feature","geometry":{"type":"Point","coordinates":[-6.303082,36.531696]},"properties":{"id":"VUT/CA/07582","type":"VUT","group":"Completa","address":"CALLE Diego Arias Nº 22 Plta/Piso 2 Pta/Letra B, piso 2, puerta B","postal_code":"11002","places":5,"units":3,"registered":"2019-05-07","catastro":"1665802QA4416F0005WX","holder":null,"holder_count":null}},{"type":"Feature","geometry":{"type":"Point","coordinates":[-6.294476,36.532172]},"properties":{"id":"VUT/CA/07586","type":"VUT","group":"Por habitaciones","address":"CALLE ROSARIO Nº 43 Plta/Piso 2 Pta/Letra IZQ, piso 2, puerta IZQ","postal_code":"11004","places":6,"units":5,"registered":"2019-05-07","catastro":"2365204QA4426E0006AK","holder":null,"holder_count":null}},{"type":"Feature","geometry":{"type":"Point","coordinates":[-6.301674,36.535818]},"properties":{"id":"VUT/CA/07599","type":"VUT","group":"Completa","address":"PLAZA Mentidero Nº 13/14 Plta/Piso 2 Pta/Letra C, piso 2, puerta C","postal_code":"11003","places":4,"units":2,"registered":"2019-05-08","catastro":"1669315QA4416H0022AT","holder":null,"holder_count":null}},{"type":"Feature","geometry":{"type":"Point","coordinates":[-6.300887,36.536543]},"properties":{"id":"VUT/CA/07605","type":"VUT","group":"Completa","address":"CALLE USTARIZ Nº 1-3 Plta/Piso BAJO Pta/Letra A, piso BAJO, puerta A","postal_code":"11003","places":2,"units":1,"registered":"2019-05-09","catastro":"1770301QA4417B0002KM","holder":"AC GESTION CADIZ S.L.","holder_count":39}},{"type":"Feature","geometry":{"type":"Point","coordinates":[-6.299656,36.532269]},"properties":{"id":"VUT/CA/07609","type":"VUT","group":"Por habitaciones","address":"CALLE SACRAMENTO Nº 36 Plta/Piso 4 Pta/Letra DCH, piso 4, puerta DCH","postal_code":"11003","places":4,"units":2,"registered":"2019-05-09","catastro":"1866606QA4416F0011XW","holder":null,"holder_count":null}},{"type":"Feature","geometry":{"type":"Point","coordinates":[-6.285905,36.519183]},"properties":{"id":"VUT/CA/07624","type":"VUT","group":"Completa","address":"CALLE CONDESA DE VILLAFUENTE BERMEJA Nº 1 Plta/Piso BJ Pta/Letra A, piso BJ, puerta A","postal_code":"11008","places":4,"units":2,"registered":"2019-05-13","catastro":"3252704QA4435A0021AQ","holder":"ALQUILER VACACIONAL TURISMO E INNOVACIÓN SOCIAL SCA","holder_count":81}},{"type":"Feature","geometry":{"type":"Point","coordinates":[-6.272565,36.497408]},"properties":{"id":"VUT/CA/07642","type":"VUT","group":"Completa","address":"CALLE CARACOLA Nº 5 Plta/Piso 7 Pta/Letra B, piso 7, puerta B","postal_code":"11011","places":6,"units":3,"registered":"2019-05-13","catastro":"4428805QA4442G0044OW","holder":null,"holder_count":null}},{"type":"Feature","geometry":{"type":"Point","coordinates":[-6.300459,36.533128]},"properties":{"id":"VUT/CA/07644","type":"VUT","group":"Completa","address":"CALLE Torre Nº 22-24 Plta/Piso 1 Pta/Letra dcha, piso 1, puerta dcha","postal_code":"11003","places":4,"units":2,"registered":"2019-05-14","catastro":"1866104QA4416F0004EZ","holder":null,"holder_count":null}},{"type":"Feature","geometry":{"type":"Point","coordinates":[-6.277473,36.507835]},"properties":{"id":"VUT/CA/07648","type":"VUT","group":"Por habitaciones","address":"AVENIDA CAYETANO DEL TORO Nº 1 Plta/Piso 14 Pta/Letra B, piso 14, puerta B","postal_code":"11010","places":2,"units":1,"registered":"2019-05-14","catastro":"3938301QA4433H0078YE","holder":null,"holder_count":null}},{"type":"Feature","geometry":{"type":"Point","coordinates":[-6.300115,36.530533]},"properties":{"id":"VUT/CA/07651","type":"VUT","group":"Completa","address":"CALLE Maria Arteaga Nº 11 Plta/Piso bajo Pta/Letra izq, piso bajo, puerta izq","postal_code":"11002","places":6,"units":2,"registered":"2019-05-14","catastro":"1864941QA4416D0002KQ","holder":null,"holder_count":null}},{"type":"Feature","geometry":{"type":"Point","coordinates":[-6.297246,36.52995]},"properties":{"id":"VUT/CA/07667","type":"VUT","group":"Completa","address":"CALLE ARBOLI Portal 15 Plta/Piso 1 Pta/Letra B, piso 1, puerta B","postal_code":"11005","places":4,"units":2,"registered":"2019-05-15","catastro":"2063327QA4426C0006ZM","holder":null,"holder_count":null}},{"type":"Feature","geometry":{"type":"Point","coordinates":[-6.298261,36.53597]},"properties":{"id":"VUT/CA/07668","type":"VUT","group":"Por habitaciones","address":"CALLE HOROZCO Nº 2 Plta/Piso 3, piso 3","postal_code":"11003","places":6,"units":3,"registered":"2019-05-15","catastro":"1970410QA4417B0004HW","holder":null,"holder_count":null}},{"type":"Feature","geometry":{"type":"Point","coordinates":[-6.302838,36.532169]},"properties":{"id":"VUT/CA/07669","type":"VUT","group":"Completa","address":"CALLE DIEGO ARIAS Nº 10 Plta/Piso 2 Pta/Letra DCH, piso 2, puerta DCH","postal_code":"11002","places":4,"units":2,"registered":"2019-05-15","catastro":"1665806QA4416F0007JQ","holder":null,"holder_count":null}},{"type":"Feature","geometry":{"type":"Point","coordinates":[-6.27443,36.507177]},"properties":{"id":"VUT/CA/07683","type":"VUT","group":"Completa","address":"CALLE PINTOR JUSTO RUIZ LUNA Nº 2 Plta/Piso 1 Pta/Letra 104 Compl.Dom. EDIFICIO LOS BRUZONES, piso 1, puerta 104","postal_code":"11010","places":6,"units":3,"registered":"2019-05-16","catastro":"4238901QA4443G0068MF","holder":null,"holder_count":null}},{"type":"Feature","geometry":{"type":"Point","coordinates":[-6.304449,36.532631]},"properties":{"id":"VUT/CA/07700","type":"VUT","group":"Completa","address":"CALLE GUATEMALA Nº 6","postal_code":"11002","places":5,"units":3,"registered":"2019-05-20","catastro":"1466606QA4416E0003EA","holder":null,"holder_count":null}},{"type":"Feature","geometry":{"type":"Point","coordinates":[-6.298471,36.530958]},"properties":{"id":"VUT/CA/07703","type":"VUT","group":"Completa","address":"CALLE hospital de mujeres Nº 4 Plta/Piso 2 Pta/Letra p, piso 2, puerta p","postal_code":"11001","places":4,"units":2,"registered":"2019-05-20","catastro":"1964907qa4416d0045ro","holder":null,"holder_count":null}},{"type":"Feature","geometry":{"type":"Point","coordinates":[-6.29535,36.536192]},"properties":{"id":"VUT/CA/07707","type":"VUT","group":"Completa","address":"CALLE AHUMADA Nº 18 Plta/Piso 1 Pta/Letra IZQ, piso 1, puerta IZQ","postal_code":"11004","places":4,"units":2,"registered":"2019-05-21","catastro":"2269108QA4426G0004MA","holder":null,"holder_count":null}},{"type":"Feature","geometry":{"type":"Point","coordinates":[-6.292428,36.52939]},"properties":{"id":"VUT/CA/07708","type":"VUT","group":"Completa","address":"CALLE SOPRANIS Nº 1 Portal 1 Plta/Piso ENTREPLANT Pta/Letra A, piso ENTREPLANT, puerta A","postal_code":"11005","places":4,"units":2,"registered":"2019-05-21","catastro":"2562201QA4426B0002KP","holder":null,"holder_count":null}},{"type":"Feature","geometry":{"type":"Point","coordinates":[-6.299944,36.535433]},"properties":{"id":"VUT/CA/07719","type":"VUT","group":"Completa","address":"CALLE VEA MURGUIA Portal 10 Plta/Piso 3 Pta/Letra B, piso 3, puerta B","postal_code":"11003","places":2,"units":2,"registered":"2019-05-22","catastro":"1869109QA4416H0008ZB","holder":null,"holder_count":null}},{"type":"Feature","geometry":{"type":"Point","coordinates":[-6.2723,36.504966]},"properties":{"id":"VUT/CA/07726","type":"VUT","group":"Completa","address":"PLAZA plaza la Fuente Nº 7 Plta/Piso 2 Pta/Letra C Compl.Dom. plaza de la fuente , nº7 - planta 2 - puerta C, piso 2, puerta C","postal_code":"11011","places":6,"units":3,"registered":"2019-05-22","catastro":"4336303QA4443E0007WX","holder":null,"holder_count":null}},{"type":"Feature","geometry":{"type":"Point","coordinates":[-6.294905,36.530802]},"properties":{"id":"VUT/CA/07730","type":"VUT","group":"Completa","address":"PLAZA CANDELARIA Nº 8 Plta/Piso 2, piso 2","postal_code":"11005","places":3,"units":1,"registered":"2019-05-22","catastro":"2364601QA4426C0002FL","holder":"DUNA BEDUINA SERVICIOS TURISTÍCOS, S.L.","holder_count":77}},{"type":"Feature","geometry":{"type":"Point","coordinates":[-6.299378,36.529468]},"properties":{"id":"VUT/CA/07731","type":"VUT","group":"Completa","address":"CALLE CRUZ Nº 18 Plta/Piso 1º Pta/Letra IZ, piso 1º, puerta IZ","postal_code":"11002","places":8,"units":4,"registered":"2019-05-22","catastro":"1962345QA4416D0001AM","holder":null,"holder_count":null}},{"type":"Feature","geometry":{"type":"Point","coordinates":[-6.289862,36.528002]},"properties":{"id":"VUT/CA/07734","type":"VUT","group":"Completa","address":"CALLE SANTO DOMINGO Nº 15 Plta/Piso BAJO Pta/Letra B, piso BAJO, puerta B","postal_code":"11006","places":4,"units":1,"registered":"2019-05-23","catastro":"2761911QA4426B0005XD","holder":"EDIFICIO SANTO DOMINGO","holder_count":2}},{"type":"Feature","geometry":{"type":"Point","coordinates":[-6.289862,36.528002]},"properties":{"id":"VUT/CA/07735","type":"VUT","group":"Completa","address":"CALLE SANTO DOMINGO Nº 15 Plta/Piso BAJO Pta/Letra C, piso BAJO, puerta C","postal_code":"11006","places":4,"units":1,"registered":"2019-05-23","catastro":"2761911QA4426B0006MF","holder":"EDIFICIO SANTO DOMINGO","holder_count":2}},{"type":"Feature","geometry":{"type":"Point","coordinates":[-6.289862,36.528002]},"properties":{"id":"VUT/CA/07736","type":"VUT","group":"Completa","address":"CALLE SANTO DOMINGO Nº 15 Plta/Piso 1 Pta/Letra C, piso 1, puerta C","postal_code":"11006","places":4,"units":1,"registered":"2019-05-23","catastro":"2761911QA4426B0009EJ","holder":"CADIZREALTY S.L.","holder_count":1}},{"type":"Feature","geometry":{"type":"Point","coordinates":[-6.301187,36.530165]},"properties":{"id":"VUT/CA/07742","type":"VUT","group":"Completa","address":"CALLE Santiago Portal 31 Plta/Piso 1 Pta/Letra C, piso 1, puerta C","postal_code":"11002","places":4,"units":2,"registered":"2019-05-23","catastro":"1763217QA4416D0008WU","holder":null,"holder_count":null}},{"type":"Feature","geometry":{"type":"Point","coordinates":[-6.301187,36.530165]},"properties":{"id":"VUT/CA/07748","type":"VUT","group":"Completa","address":"CALLE José Cubiles Nº 31 Plta/Piso 2 Pta/Letra C, piso 2, puerta C","postal_code":"11002","places":4,"units":2,"registered":"2019-05-23","catastro":"1763217QA4416D0011WU","holder":null,"holder_count":null}},{"type":"Feature","geometry":{"type":"Point","coordinates":[-6.296399,36.530957]},"properties":{"id":"VUT/CA/07757","type":"VUT","group":"Completa","address":"CALLE doctor dacarrete Nº 9 Plta/Piso 2 Pta/Letra b, piso 2, puerta b","postal_code":"11001","places":6,"units":3,"registered":"2019-05-25","catastro":"2164405QA4426C0007JQ","holder":null,"holder_count":null}},{"type":"Feature","geometry":{"type":"Point","coordinates":[-6.299395,36.530006]},"properties":{"id":"VUT/CA/07759","type":"VUT","group":"Completa","address":"CALLE Cruz Nº 8 Plta/Piso 2 Pta/Letra IZQ, piso 2, puerta IZQ","postal_code":"11002","places":4,"units":2,"registered":"2019-05-26","catastro":"1962350QA4416D0004OE","holder":null,"holder_count":null}},{"type":"Feature","geometry":{"type":"Point","coordinates":[-6.300144,36.532121]},"properties":{"id":"VUT/CA/07763","type":"VUT","group":"Completa","address":"CALLE SOLANO Nº 2 Plta/Piso 2 Pta/Letra DCHA, piso 2, puerta DCHA","postal_code":"11001","places":4,"units":2,"registered":"2019-05-27","catastro":"1865105QA4416F0007PQ","holder":null,"holder_count":null}},{"type":"Feature","geometry":{"type":"Point","coordinates":[-6.300144,36.532121]},"properties":{"id":"VUT/CA/07764","type":"VUT","group":"Completa","address":"CALLE SOLANO Nº 2 Plta/Piso 3 Pta/Letra IZDA, piso 3, puerta IZDA","postal_code":"11001","places":4,"units":2,"registered":"2019-05-27","catastro":"1865105QA4416F0008AW","holder":null,"holder_count":null}},{"type":"Feature","geometry":{"type":"Point","coordinates":[-6.294375,36.530599]},"properties":{"id":"VUT/CA/07765","type":"VUT","group":"Completa","address":"CALLE COBOS Nº 5 Plta/Piso 2, piso 2","postal_code":"11005","places":6,"units":4,"registered":"2019-05-27","catastro":"2364608QA4426C0002IL","holder":null,"holder_count":null}},{"type":"Feature","geometry":{"type":"Point","coordinates":[-6.301226,36.532889]},"properties":{"id":"VUT/CA/07769","type":"VUT","group":"Completa","address":"CALLE SACRAMENTO Nº 54 Plta/Piso 3 Pta/Letra B, piso 3, puerta B","postal_code":"11003","places":4,"units":2,"registered":"2019-05-27","catastro":"1766808QA4416F0007OQ","holder":null,"holder_count":null}},{"type":"Feature","geometry":{"type":"Point","coordinates":[-6.285944,36.525001]},"properties":{"id":"VUT/CA/07771","type":"VUT","group":"Completa","address":"CALLE PERGOLAS Nº 2 Compl.Dom. CHALET","postal_code":"11007","places":10,"units":4,"registered":"2019-05-27","catastro":"3157103QA4435E0001BM","holder":"FERTRU XXI, S.L.","holder_count":1}},{"type":"Feature","geometry":{"type":"Point","coordinates":[-6.300095,36.535386]},"properties":{"id":"VUT/CA/07781","type":"VUT","group":"Por habitaciones","address":"CALLE VEEDOR Nº 10","postal_code":"11003","places":6,"units":3,"registered":"2019-05-27","catastro":"1869708QA4416H0005PJ","holder":null,"holder_count":null}},{"type":"Feature","geometry":{"type":"Point","coordinates":[-6.301688,36.528906]},"properties":{"id":"VUT/CA/07801","type":"VUT","group":"Completa","address":"CALLE Doctores Meléndez Nº 21 Plta/Piso Bajo Pta/Letra A, piso Bajo, puerta A","postal_code":"11002","places":4,"units":3,"registered":"2019-05-29","catastro":"1661302QA4416B0040IO","holder":"GADES GESTIÓN TURÍSTICA SL","holder_count":12}},{"type":"Feature","geometry":{"type":"Point","coordinates":[-6.300761,36.528601]},"properties":{"id":"VUT/CA/07808","type":"VUT","group":"Completa","address":"CALLE REGIMIENTO DE INFANTERÍA Nº 15 Plta/Piso 2 Pta/Letra C, piso 2, puerta C","postal_code":"11002","places":4,"units":3,"registered":"2019-05-29","catastro":"1861101QA4416B0005ZO","holder":null,"holder_count":null}},{"type":"Feature","geometry":{"type":"Point","coordinates":[-6.301253,36.532204]},"properties":{"id":"VUT/CA/07812","type":"VUT","group":"Completa","address":"CALLE HOSPITAL DE MUJERES Nº 39 Plta/Piso BAJO Pta/Letra DERECHA, piso BAJO, puerta DERECHA","postal_code":"11001","places":4,"units":2,"registered":"2019-05-29","catastro":"1765208QA4416F0001BK","holder":null,"holder_count":null}},{"type":"Feature","geometry":{"type":"Point","coordinates":[-6.297707,36.531469]},"properties":{"id":"VUT/CA/07818","type":"VUT","group":"Completa","address":"CALLE SACRAMENTO Nº 16 Blq. D Esc. 1 Plta/Piso 2 Pta/Letra H, piso 2, puerta H","postal_code":"11001","places":5,"units":3,"registered":"2019-05-30","catastro":"2065601QA4426E0017OE","holder":"ALQUILER VACACIONAL TURISMO E INNOVACIÓN SOCIAL SCA","holder_count":81}},{"type":"Feature","geometry":{"type":"Point","coordinates":[-6.283408,36.513691]},"properties":{"id":"VUT/CA/07821","type":"VUT","group":"Completa","address":"AVENIDA AMILCAR BARCA Nº 25 Plta/Piso 3 Pta/Letra B, piso 3, puerta B","postal_code":"11008","places":5,"units":3,"registered":"2019-05-30","catastro":"3446704QA4434E0011LD","holder":null,"holder_count":null}},{"type":"Feature","geometry":{"type":"Point","coordinates":[-6.275714,36.506024]},"properties":{"id":"VUT/CA/07822","type":"VUT","group":"Completa","address":"CALLE PINTOR ZULOAGA Nº 18 Plta/Piso 1 Pta/Letra E, piso 1, puerta E","postal_code":"11010","places":3,"units":11,"registered":"2019-05-31","catastro":"4037504QA4443G0027HI","holder":null,"holder_count":null}},{"type":"Feature","geometry":{"type":"Point","coordinates":[-6.289858,36.52696]},"properties":{"id":"VUT/CA/07824","type":"VUT","group":"Completa","address":"CALLE MIRADOR Nº 17 Plta/Piso 1º Pta/Letra B, piso 1º, puerta B","postal_code":"11006","places":6,"units":2,"registered":"2019-05-31","catastro":"2760504QA4426B0006SF","holder":null,"holder_count":null}},{"type":"Feature","geometry":{"type":"Point","coordinates":[-6.276797,36.504936]},"properties":{"id":"VUT/CA/07828","type":"VUT","group":"Completa","address":"BLOQUE Virgen de las Angustias Nº 3 Plta/Piso 2 Pta/Letra C, piso 2, puerta C","postal_code":"11010","places":4,"units":2,"registered":"2019-05-31","catastro":"4036710QA4443E0065EH","holder":null,"holder_count":null}},{"type":"Feature","geometry":{"type":"Point","coordinates":[-6.300265,36.530119]},"properties":{"id":"VUT/CA/07843","type":"VUT","group":"Completa","address":"CALLE CARDOSO Nº 21 Plta/Piso BJ Pta/Letra B, piso BJ, puerta B","postal_code":"11002","places":4,"units":2,"registered":"2019-06-03","catastro":"1863220QA4416D0004DE","holder":null,"holder_count":null}},{"type":"Feature","geometry":{"type":"Point","coordinates":[-6.298499,36.531155]},"properties":{"id":"VUT/CA/07848","type":"VUT","group":"Completa","address":"CALLE HOSPITAL DE MUJERES Nº 2 Plta/Piso 2 Pta/Letra C, piso 2, puerta C","postal_code":"11001","places":4,"units":1,"registered":"2019-06-03","catastro":"1964906QA4416D0005DR","holder":null,"holder_count":null}},{"type":"Feature","geometry":{"type":"Point","coordinates":[-6.301928,36.530656]},"properties":{"id":"VUT/CA/07865","type":"VUT","group":"Completa","address":"CALLE REPÚBLICA DOMINICANA Nº 11 Plta/Piso ÁTICO Pta/Letra 1, piso ÁTICO, puerta 1","postal_code":"11002","places":4,"units":1,"registered":"2019-06-04","catastro":"1664515QA4416D0014SP","holder":null,"holder_count":null}},{"type":"Feature","geometry":{"type":"Point","coordinates":[-6.296447,36.529461]},"properties":{"id":"VUT/CA/07874","type":"VUT","group":"Completa","address":"CALLE SAN JUAN Nº 32 Esc. 1 Plta/Piso 2 Pta/Letra 1, piso 2, puerta 1","postal_code":"11005","places":8,"units":3,"registered":"2019-06-04","catastro":"2262113QA4426A0003TW","holder":null,"holder_count":null}},{"type":"Feature","geometry":{"type":"Point","coordinates":[-6.297843,36.533515]},"properties":{"id":"VUT/CA/07888","type":"VUT","group":"Completa","address":"CALLE Sagasta Nº 13 Plta/Piso Ático, piso Ático","postal_code":"11001","places":7,"units":2,"registered":"2019-06-05","catastro":"1967413QA4416H0007ML","holder":"DUNA BEDUINA SERVICIOS TURISTÍCOS, S.L.","holder_count":77}},{"type":"Feature","geometry":{"type":"Point","coordinates":[-6.298792,36.532483]},"properties":{"id":"VUT/CA/07891","type":"VUT","group":"Completa","address":"CALLE ROSARIO CEPEDA Nº 9 Plta/Piso 2, piso 2","postal_code":"11001","places":5,"units":3,"registered":"2019-06-05","catastro":"1966612QA4416F0004FZ","holder":null,"holder_count":null}},{"type":"Feature","geometry":{"type":"Point","coordinates":[-6.301806,36.535396]},"properties":{"id":"VUT/CA/07904","type":"VUT","group":"Completa","address":"CALLE HÉRCULES Nº 8 Plta/Piso BJ Pta/Letra IZQ, piso BJ, puerta IZQ","postal_code":"11003","places":5,"units":4,"registered":"2019-06-06","catastro":"1769801QA4416H0001QD","holder":null,"holder_count":null}},{"type":"Feature","geometry":{"type":"Point","coordinates":[-6.304109,36.533887]},"properties":{"id":"VUT/CA/07907","type":"VUT","group":"Completa","address":"CALLE BENITO PÉREZ GALDÓS Nº 84 Blq. K Pta/Letra 9, puerta 9","postal_code":"11002","places":3,"units":1,"registered":"2019-06-06","catastro":"1467506QA4416G0353WR","holder":"AC GESTION CADIZ S.L.","holder_count":39}},{"type":"Feature","geometry":{"type":"Point","coordinates":[-6.300029,36.533249]},"properties":{"id":"VUT/CA/07912","type":"VUT","group":"Completa","address":"CALLE SANTA INÉS Nº 3 Plta/Piso BAJO Pta/Letra DERECHA, piso BAJO, puerta DERECHA","postal_code":"11003","places":4,"units":1,"registered":"2019-06-07","catastro":"1866108QA4416F0008BW","holder":null,"holder_count":null}},{"type":"Feature","geometry":{"type":"Point","coordinates":[-6.301638,36.536331]},"properties":{"id":"VUT/CA/07915","type":"VUT","group":"Completa","address":"CALLE GRAVINA Nº 1-2 Plta/Piso 1 Pta/Letra C, piso 1, puerta C","postal_code":"11003","places":2,"units":1,"registered":"2019-06-07","catastro":"1770701QA4417B0007HT","holder":null,"holder_count":null}},{"type":"Feature","geometry":{"type":"Point","coordinates":[-6.27075,36.511135]},"properties":{"id":"VUT/CA/07922","type":"VUT","group":"Completa","address":"AVENIDA DE LA BAHIA Nº 3 Plta/Piso 12 Pta/Letra ATICO, piso 12, puerta ATICO","postal_code":"11002","places":6,"units":3,"registered":"2019-06-07","catastro":"4543601QA4444D0041XY","holder":null,"holder_count":null}},{"type":"Feature","geometry":{"type":"Point","coordinates":[-6.303285,36.528978]},"properties":{"id":"VUT/CA/07924","type":"VUT","group":"Completa","address":"CALLE PERICON DE CADIZ Nº 6 Plta/Piso 2 Pta/Letra ATICO, piso 2, puerta ATICO","postal_code":"11002","places":6,"units":2,"registered":"2019-06-07","catastro":"1561203QA4416B0004BI","holder":null,"holder_count":null}},{"type":"Feature","geometry":{"type":"Point","coordinates":[-6.276328,36.50789]},"properties":{"id":"VUT/CA/07930","type":"VUT","group":"Completa","address":"CALLE MURILLO Portal 6 Esc. 1 Plta/Piso 2 Pta/Letra b, piso 2, puerta b","postal_code":"11010","places":4,"units":2,"registered":"2019-06-09","catastro":"4039902QA4443G0007PJ","holder":null,"holder_count":null}},{"type":"Feature","geometry":{"type":"Point","coordinates":[-6.294837,36.529666]},"properties":{"id":"VUT/CA/07944","type":"VUT","group":"Completa","address":"PLAZA DE LA CATEDRAL Nº 6 Portal 6 Esc. 1 Plta/Piso 4 Pta/Letra 01 Compl.Dom. ÁTICO, piso 4, puerta 01","postal_code":"11005","places":4,"units":2,"registered":"2019-06-11","catastro":"2363816QA4426C0006FM","holder":null,"holder_count":null}},{"type":"Feature","geometry":{"type":"Point","coordinates":[-6.274348,36.500397]},"properties":{"id":"VUT/CA/07957","type":"VUT","group":"Completa","address":"CALLE Villa de Paradas Nº 3 Plta/Piso 2 Pta/Letra B, piso 2, puerta B","postal_code":"11011","places":4,"units":1,"registered":"2019-06-11","catastro":"4230301QA4443A0027XM","holder":null,"holder_count":null}},{"type":"Feature","geometry":{"type":"Point","coordinates":[-6.273975,36.501981]},"properties":{"id":"VUT/CA/07986","type":"VUT","group":"Completa","address":"PLAZA MADRID Nº 3 Esc. D Plta/Piso 9 Pta/Letra D, piso 9, puerta D","postal_code":"11010","places":4,"units":2,"registered":"2019-06-13","catastro":"4232301QA4443C0071GQ","holder":null,"holder_count":null}},{"type":"Feature","geometry":{"type":"Point","coordinates":[-6.299361,36.53057]},"properties":{"id":"VUT/CA/08019","type":"VUT","group":"Completa","address":"CALLE ROBLES Nº 2 Plta/Piso 2 Pta/Letra I BIS, piso 2, puerta I BIS","postal_code":"11002","places":4,"units":2,"registered":"2019-06-17","catastro":"1964706QA4416D0007UY","holder":null,"holder_count":null}},{"type":"Feature","geometry":{"type":"Point","coordinates":[-6.296858,36.533714]},"properties":{"id":"VUT/CA/08040","type":"VUT","group":"Completa","address":"CALLE CANOVAS DEL CASTILLO Nº 28 Plta/Piso 3 Pta/Letra D, piso 3, puerta D","postal_code":"11001","places":8,"units":3,"registered":"2019-06-18","catastro":"2167214QA4426E0007OL","holder":null,"holder_count":null}},{"type":"Feature","geometry":{"type":"Point","coordinates":[-6.29354,36.532856]},"properties":{"id":"VUT/CA/08047","type":"VUT","group":"Completa","address":"AVENIDA 4 DE DICIEMBRE DE 1977 Nº 20 Plta/Piso 1 Pta/Letra B, piso 1, puerta B","postal_code":"11006","places":6,"units":2,"registered":"2019-06-18","catastro":"2366402QA4426E0022HT","holder":null,"holder_count":null}},{"type":"Feature","geometry":{"type":"Point","coordinates":[-6.29761,36.536003]},"properties":{"id":"VUT/CA/08055","type":"VUT","group":"Completa","address":"CALLE BUENOS AIRES Nº 18 Calif.Nº D Plta/Piso 0 Pta/Letra C, piso 0, puerta C","postal_code":"11003","places":6,"units":2,"registered":"2019-06-19","catastro":"2069106QA4426G0012EH","holder":null,"holder_count":null}},{"type":"Feature","geometry":{"type":"Point","coordinates":[-6.280819,36.509765]},"properties":{"id":"VUT/CA/08059","type":"VUT","group":"Completa","address":"CALLE AMILCAR BARCA Nº 37 Plta/Piso 209, piso 209","postal_code":"11009","places":4,"units":1,"registered":"2019-06-19","catastro":"3641412QA4434B0024ZL","holder":"DUNA BEDUINA SERVICIOS TURISTÍCOS, S.L.","holder_count":77}},{"type":"Feature","geometry":{"type":"Point","coordinates":[-6.301928,36.530656]},"properties":{"id":"VUT/CA/08063","type":"VUT","group":"Completa","address":"CALLE REPUBLICA DOMINICANA Nº 11 Plta/Piso 1 Pta/Letra 3, piso 1, puerta 3","postal_code":"11002","places":4,"units":1,"registered":"2019-06-19","catastro":"1664515QA4416D0008OU","holder":null,"holder_count":null}},{"type":"Feature","geometry":{"type":"Point","coordinates":[-6.297707,36.531469]},"properties":{"id":"VUT/CA/08077","type":"VUT","group":"Por habitaciones","address":"CALLE SACRAMENTO Nº 16D Portal 1 Plta/Piso 1 Pta/Letra H, piso 1, puerta H","postal_code":"11001","places":4,"units":2,"registered":"2019-06-20","catastro":"2065601QA4426E0008EB","holder":null,"holder_count":null}},{"type":"Feature","geometry":{"type":"Point","coordinates":[-6.278167,36.513553]},"properties":{"id":"VUT/CA/08078","type":"VUT","group":"Por habitaciones","address":"CALLE GARCÍA CARRERA Nº 7 Plta/Piso 4 Pta/Letra C, piso 4, puerta C","postal_code":"11009","places":3,"units":2,"registered":"2019-06-20","catastro":"3945109QA4434F0046ZW","holder":null,"holder_count":null}},{"type":"Feature","geometry":{"type":"Point","coordinates":[-6.277817,36.514237]},"properties":{"id":"VUT/CA/08091","type":"VUT","group":"Completa","address":"CALLE SAN JUAN BOSCO Nº 4 Blq. 3 Plta/Piso 2 Pta/Letra A, piso 2, puerta A","postal_code":"11009","places":6,"units":3,"registered":"2019-06-21","catastro":"3945128QA4434F0385DG","holder":null,"holder_count":null}},{"type":"Feature","geometry":{"type":"Point","coordinates":[-6.276214,36.504384]},"properties":{"id":"VUT/CA/08095","type":"VUT","group":"Completa","address":"CALLE Doctor Herrera Quevedo Nº 2 Plta/Piso 11 Pta/Letra J, piso 11, puerta J","postal_code":"11010","places":4,"units":1,"registered":"2019-06-23","catastro":"4035903QA4443E0071LL","holder":null,"holder_count":null}},{"type":"Feature","geometry":{"type":"Point","coordinates":[-6.276524,36.505878]},"properties":{"id":"VUT/CA/08096","type":"VUT","group":"Completa","address":"AVENIDA CAYETANO DEL TORO Nº 21 Plta/Piso 6 Pta/Letra E-2, piso 6, puerta E-2","postal_code":"11010","places":6,"units":2,"registered":"2019-06-24","catastro":"4037509QA4443G0104QJ","holder":null,"holder_count":null}},{"type":"Feature","geometry":{"type":"Point","coordinates":[-6.301229,36.535618]},"properties":{"id":"VUT/CA/08113","type":"VUT","group":"Completa","address":"PLAZA Mentidero Nº 18 Plta/Piso 3, piso 3","postal_code":"11003","places":2,"units":1,"registered":"2019-06-26","catastro":"1769807QA4416H0008HB","holder":null,"holder_count":null}},{"type":"Feature","geometry":{"type":"Point","coordinates":[-6.285986,36.52109]},"properties":{"id":"VUT/CA/08114","type":"VUT","group":"Completa","address":"CALLE GRANJA SAN ILDEFONSO Nº 4 Plta/Piso 1 Pta/Letra A, piso 1, puerta A","postal_code":"11008","places":6,"units":2,"registered":"2019-06-25","catastro":"3153501QA4435C0037WO","holder":null,"holder_count":null}},{"type":"Feature","geometry":{"type":"Point","coordinates":[-6.277398,36.511588]},"properties":{"id":"VUT/CA/08122","type":"VUT","group":"Completa","address":"CALLE GARCIA CARRERA Portal 12 Plta/Piso 2 Pta/Letra IZQ, piso 2, puerta IZQ","postal_code":"11012","places":4,"units":2,"registered":"2019-06-25","catastro":"3844913QA4434D0006FW","holder":null,"holder_count":null}},{"type":"Feature","geometry":{"type":"Point","coordinates":[-6.301496,36.531108]},"properties":{"id":"VUT/CA/08129","type":"VUT","group":"Completa","address":"CALLE SAN JOSE Nº 68 Plta/Piso 1 Pta/Letra A, piso 1, puerta A","postal_code":"11004","places":8,"units":3,"registered":"2019-06-26","catastro":"1764903QA4416D0003MW","holder":null,"holder_count":null}},{"type":"Feature","geometry":{"type":"Point","coordinates":[-6.300144,36.532121]},"properties":{"id":"VUT/CA/08157","type":"VUT","group":"Completa","address":"CALLE SOLANO Nº 2 Plta/Piso 2 Pta/Letra IZDA, piso 2, puerta IZDA","postal_code":"11001","places":4,"units":2,"registered":"2019-06-28","catastro":"1865105QA4416F0006OM","holder":null,"holder_count":null}},{"type":"Feature","geometry":{"type":"Point","coordinates":[-6.300144,36.532121]},"properties":{"id":"VUT/CA/08158","type":"VUT","group":"Completa","address":"CALLE SOLANO Nº 2 Plta/Piso 3 Pta/Letra DCH, piso 3, puerta DCH","postal_code":"11001","places":4,"units":2,"registered":"2019-06-28","catastro":"1865105QA4416F0009SE","holder":null,"holder_count":null}},{"type":"Feature","geometry":{"type":"Point","coordinates":[-6.300296,36.536042]},"properties":{"id":"VUT/CA/08169","type":"VUT","group":"Completa","address":"CALLE Enrique de las Marinas Nº 27 Plta/Piso 1 Pta/Letra B, piso 1, puerta B","postal_code":"11003","places":8,"units":4,"registered":"2019-06-28","catastro":"1870618QA4417B0001OX","holder":null,"holder_count":null}},{"type":"Feature","geometry":{"type":"Point","coordinates":[-6.301305,36.53529]},"properties":{"id":"VUT/CA/08171","type":"VUT","group":"Completa","address":"CALLE CEBALLOS Nº 1,3,5 Esc. 2 Plta/Piso 1 Pta/Letra 16, piso 1, puerta 16","postal_code":"11003","places":3,"units":1,"registered":"2019-06-29","catastro":"1769810QA4416H0130OD","holder":null,"holder_count":null}},{"type":"Feature","geometry":{"type":"Point","coordinates":[-6.272952,36.499012]},"properties":{"id":"VUT/CA/08172","type":"VUT","group":"Completa","address":"AVENIDA Jose León de Carranza Blq. 8 Plta/Piso 13 Pta/Letra C Compl.Dom. Edificio Delfín 5., piso 13, puerta C","postal_code":"11011","places":4,"units":2,"registered":"2019-06-30","catastro":"4329901QA4442G0163YK","holder":null,"holder_count":null}},{"type":"Feature","geometry":{"type":"Point","coordinates":[-6.300255,36.529355]},"properties":{"id":"VUT/CA/08182","type":"VUT","group":"Completa","address":"CALLE Pasquin Nº 18 Plta/Piso bajo Pta/Letra B, piso bajo, puerta B","postal_code":"11002","places":6,"units":3,"registered":"2019-07-02","catastro":"1862328QA4416D0083QS","holder":null,"holder_count":null}},{"type":"Feature","geometry":{"type":"Point","coordinates":[-6.297265,36.533934]},"properties":{"id":"VUT/CA/08185","type":"VUT","group":"Completa","address":"CALLE CÁNOVAS DEL CASTILLO Portal 23 Plta/Piso 1 Pta/Letra B, piso 1, puerta B","postal_code":"11003","places":2,"units":1,"registered":"2019-07-02","catastro":"2068612QA4426G0004JA","holder":"ALQUILER VACACIONAL TURISMO E INNOVACIÓN SOCIAL SCA","holder_count":81}},{"type":"Feature","geometry":{"type":"Point","coordinates":[-6.303697,36.531857]},"properties":{"id":"VUT/CA/08188","type":"VUT","group":"Completa","address":"CALLE SAN RAFAEL Nº 26 Plta/Piso 2 Pta/Letra B, piso 2, puerta B","postal_code":"11002","places":4,"units":1,"registered":"2019-07-02","catastro":"1565904QA4416F0007AQ","holder":null,"holder_count":null}},{"type":"Feature","geometry":{"type":"Point","coordinates":[-6.271626,36.503476]},"properties":{"id":"VUT/CA/08193","type":"VUT","group":"Completa","address":"CALLE JUAN SEBASTIAN ELCANO Nº 2 Plta/Piso 1 Pta/Letra C, piso 1, puerta C","postal_code":"11011","places":4,"units":3,"registered":"2019-07-02","catastro":"4434402QA4443C0003ZM","holder":null,"holder_count":null}},{"type":"Feature","geometry":{"type":"Point","coordinates":[-6.277232,36.504713]},"properties":{"id":"VUT/CA/08210","type":"VUT","group":"Completa","address":"PLAZA GLORIETA INGENIERO DE LA CIERVA Nº 4 Plta/Piso 1º Pta/Letra B-IZDA, piso 1º, puerta B-IZDA","postal_code":"11010","places":4,"units":2,"registered":"2019-07-03","catastro":"4036701QA4443E0045RW","holder":null,"holder_count":null}},{"type":"Feature","geometry":{"type":"Point","coordinates":[-6.277182,36.50431]},"properties":{"id":"VUT/CA/08220","type":"VUT","group":"Completa","address":"CALLE VIRGEN DE LAS ANGUSTIAS Portal 8 Plta/Piso 1 Pta/Letra A, piso 1, puerta A","postal_code":"11010","places":4,"units":2,"registered":"2019-07-03","catastro":"4035905QA4443E0020QY","holder":null,"holder_count":null}},{"type":"Feature","geometry":{"type":"Point","coordinates":[-6.296692,36.532194]},"properties":{"id":"VUT/CA/08226","type":"VUT","group":"Completa","address":"CALLE NOVENA Nº 3 Plta/Piso 2 Pta/Letra B, piso 2, puerta B","postal_code":"11001","places":4,"units":1,"registered":"2019-07-04","catastro":"2165203QA4426E0006KK","holder":null,"holder_count":null}},{"type":"Feature","geometry":{"type":"Point","coordinates":[-6.299851,36.536811]},"properties":{"id":"VUT/CA/08231","type":"VUT","group":"Completa","address":"CALLE BENDICION DE DIOS Nº 18 Plta/Piso 2 Pta/Letra DCH, piso 2, puerta DCH","postal_code":"11003","places":2,"units":1,"registered":"2019-07-04","catastro":"1871707QA4417B0007ZT","holder":null,"holder_count":null}},{"type":"Feature","geometry":{"type":"Point","coordinates":[-6.299993,36.530386]},"properties":{"id":"VUT/CA/08239","type":"VUT","group":"Completa","address":"CALLE María Arteaga Nº 2 Plta/Piso 2 Pta/Letra A, piso 2, puerta A","postal_code":"11002","places":4,"units":3,"registered":"2019-07-04","catastro":"1863211QA4416D0006UT","holder":null,"holder_count":null}},{"type":"Feature","geometry":{"type":"Point","coordinates":[-6.301208,36.531717]},"properties":{"id":"VUT/CA/08253","type":"VUT","group":"Completa","address":"CALLE San José Nº 65 Calif.Nº Duplicado Plta/Piso 1 Pta/Letra A, piso 1, puerta A","postal_code":"11001","places":4,"units":2,"registered":"2019-07-05","catastro":"1765910QA4416F0005BX","holder":"ALQUILER VACACIONAL TURISMO E INNOVACIÓN SOCIAL SCA","holder_count":81}},{"type":"Feature","geometry":{"type":"Point","coordinates":[-6.301208,36.531717]},"properties":{"id":"VUT/CA/08254","type":"VUT","group":"Completa","address":"CALLE San José Nº 65 Calif.Nº Duplicado Plta/Piso 1 Pta/Letra A, piso 1, puerta A","postal_code":"11001","places":4,"units":2,"registered":"2019-07-05","catastro":"1765910QA4416F0004LZ","holder":"ALQUILER VACACIONAL TURISMO E INNOVACIÓN SOCIAL SCA","holder_count":81}},{"type":"Feature","geometry":{"type":"Point","coordinates":[-6.290654,36.526315]},"properties":{"id":"VUT/CA/08262","type":"VUT","group":"Completa","address":"CALLE CONCEPCION ARENAL Nº 2DP Plta/Piso BAJO Pta/Letra DCHA, piso BAJO, puerta DCHA","postal_code":"11006","places":4,"units":2,"registered":"2019-07-08","catastro":"2759802QA4425H0011KU","holder":null,"holder_count":null}},{"type":"Feature","geometry":{"type":"Point","coordinates":[-6.275448,36.508013]},"properties":{"id":"VUT/CA/08275","type":"VUT","group":"Completa","address":"PLAZA SANTA TERESA Nº 2 Plta/Piso 2 Pta/Letra D, piso 2, puerta D","postal_code":"11011","places":4,"units":2,"registered":"2019-07-09","catastro":"4139501QA4443G0135XH","holder":null,"holder_count":null}},{"type":"Feature","geometry":{"type":"Point","coordinates":[-6.279159,36.508728]},"properties":{"id":"VUT/CA/08308","type":"VUT","group":"Completa","address":"CALLE DOCTOR FLEMING Nº 4 Plta/Piso AT Pta/Letra B, piso AT, puerta B","postal_code":"11009","places":4,"units":2,"registered":"2019-07-16","catastro":"3740305QA4434B0014US","holder":"GORDON PATRIMONIAL SL","holder_count":1}},{"type":"Feature","geometry":{"type":"Point","coordinates":[-6.295002,36.53215]},"properties":{"id":"VUT/CA/08322","type":"VUT","group":"Completa","address":"CALLE CARDENAL ZAPATA Nº 4 Plta/Piso 0 Pta/Letra B, piso 0, puerta B","postal_code":"11004","places":2,"units":1,"registered":"2019-07-17","catastro":"2266520QA4426E0007SL","holder":"CHAVERO TORO S.L.","holder_count":1}},{"type":"Feature","geometry":{"type":"Point","coordinates":[-6.292724,36.528407]},"properties":{"id":"VUT/CA/08332","type":"VUT","group":"Completa","address":"CALLE Santa Maria Esc. 3 Plta/Piso 4 Pta/Letra A, piso 4, puerta A","postal_code":"11005","places":3,"units":1,"registered":"2019-07-17","catastro":"2561104QA4426B0009BJ","holder":null,"holder_count":null}},{"type":"Feature","geometry":{"type":"Point","coordinates":[-6.289909,36.526853]},"properties":{"id":"VUT/CA/08336","type":"VUT","group":"Completa","address":"CALLE MIRADOR Nº 17 Plta/Piso 2 Pta/Letra A, piso 2, puerta A","postal_code":"11006","places":4,"units":1,"registered":"2019-07-18","catastro":"2760504QA4426B0009GJ","holder":"CBR TURISMO SOCIEDAD LIMITADA","holder_count":2}},{"type":"Feature","geometry":{"type":"Point","coordinates":[-6.303133,36.533565]},"properties":{"id":"VUT/CA/08338","type":"VUT","group":"Completa","address":"CALLE Benito Pérez Galdós Nº 80 Plta/Piso 2 Pta/Letra A, piso 2, puerta A","postal_code":"11003","places":4,"units":2,"registered":"2019-07-18","catastro":"1567503QA4416H0008BB","holder":null,"holder_count":null}},{"type":"Feature","geometry":{"type":"Point","coordinates":[-6.279468,36.508013]},"properties":{"id":"VUT/CA/08353","type":"VUT","group":"Completa","address":"CALLE DOCTOR FLEMING (ENTRADA POR AMILCAR BARCA 47 Nº 7 Plta/Piso 1 Pta/Letra F-2, piso 1, puerta F-2","postal_code":"11009","places":4,"units":1,"registered":"2019-07-19","catastro":"3839101QA4433H0008IM","holder":null,"holder_count":null}},{"type":"Feature","geometry":{"type":"Point","coordinates":[-6.279468,36.508013]},"properties":{"id":"VUT/CA/08358","type":"VUT","group":"Completa","address":"AVENIDA AMILCAR BARCA Nº 47 Plta/Piso 8 Pta/Letra Q, piso 8, puerta Q","postal_code":"11009","places":8,"units":4,"registered":"2019-07-21","catastro":"3839101QA4433H0067EK","holder":null,"holder_count":null}},{"type":"Feature","geometry":{"type":"Point","coordinates":[-6.279468,36.508013]},"properties":{"id":"VUT/CA/08360","type":"VUT","group":"Completa","address":"AVENIDA AMILCAR BARCA Nº 47 Plta/Piso 7 Pta/Letra H, piso 7, puerta H","postal_code":"11009","places":2,"units":1,"registered":"2019-07-21","catastro":"3839101QA4433H0059ZD","holder":null,"holder_count":null}},{"type":"Feature","geometry":{"type":"Point","coordinates":[-6.279468,36.508013]},"properties":{"id":"VUT/CA/08361","type":"VUT","group":"Por habitaciones","address":"AVENIDA AMILCAR BARCA Nº 47 Plta/Piso 6 Pta/Letra H, piso 6, puerta H","postal_code":"11009","places":2,"units":1,"registered":"2019-07-21","catastro":"3839101QA4433H0051DT","holder":null,"holder_count":null}},{"type":"Feature","geometry":{"type":"Point","coordinates":[-6.272166,36.496883]},"properties":{"id":"VUT/CA/08362","type":"VUT","group":"Completa","address":"PASEO MARITIMO Nº 29 Plta/Piso 7 Pta/Letra E, piso 7, puerta E","postal_code":"11011","places":10,"units":4,"registered":"2019-07-22","catastro":"4427901QA4442E0159PX","holder":null,"holder_count":null}},{"type":"Feature","geometry":{"type":"Point","coordinates":[-6.294687,36.53225]},"properties":{"id":"VUT/CA/08366","type":"VUT","group":"Completa","address":"CALLE Cardenal Zapata Nº 6 Plta/Piso 2 Pta/Letra A, piso 2, puerta A","postal_code":"11004","places":6,"units":3,"registered":"2019-07-22","catastro":"2266519QA4426E0009OZ","holder":null,"holder_count":null}},{"type":"Feature","geometry":{"type":"Point","coordinates":[-6.279468,36.508013]},"properties":{"id":"VUT/CA/08376","type":"VUT","group":"Completa","address":"AVENIDA Amilcar Barca Portal 47 Plta/Piso 3 Pta/Letra A, piso 3, puerta A","postal_code":"11009","places":4,"units":2,"registered":"2019-07-23","catastro":"3839101QA4433H0019HI","holder":null,"holder_count":null}},{"type":"Feature","geometry":{"type":"Point","coordinates":[-6.279468,36.508013]},"properties":{"id":"VUT/CA/08377","type":"VUT","group":"Por habitaciones","address":"AVENIDA Amilcar Barca Portal 47 Plta/Piso 2 Pta/Letra BC, piso 2, puerta BC","postal_code":"11009","places":1,"units":1,"registered":"2019-07-23","catastro":"3839101QA4433h0012OQ","holder":null,"holder_count":null}},{"type":"Feature","geometry":{"type":"Point","coordinates":[-6.274395,36.502686]},"properties":{"id":"VUT/CA/08378","type":"VUT","group":"Completa","address":"PLAZA MADRID Nº 2 Plta/Piso 4 Pta/Letra B, piso 4, puerta B","postal_code":"11010","places":6,"units":3,"registered":"2019-07-23","catastro":"4233901QA4443C0071ZQ","holder":null,"holder_count":null}},{"type":"Feature","geometry":{"type":"Point","coordinates":[-6.292647,36.530338]},"properties":{"id":"VUT/CA/08381","type":"VUT","group":"Completa","address":"PLAZA SAN JUAN DE DIOS Nº 1 Plta/Piso 1 Pta/Letra C, piso 1, puerta C","postal_code":"11005","places":5,"units":2,"registered":"2019-07-23","catastro":"2463909QA4426C0008XW","holder":"DUNA BEDUINA SERVICIOS TURISTÍCOS, S.L.","holder_count":77}},{"type":"Feature","geometry":{"type":"Point","coordinates":[-6.294966,36.536454]},"properties":{"id":"VUT/CA/08384","type":"VUT","group":"Completa","address":"ALAMEDA APODACA Nº 24 Plta/Piso 4, piso 4","postal_code":"11004","places":3,"units":1,"registered":"2019-07-23","catastro":"2270402QA4427A0006LX","holder":null,"holder_count":null}},{"type":"Feature","geometry":{"type":"Point","coordinates":[-6.300765,36.530309]},"properties":{"id":"VUT/CA/08389","type":"VUT","group":"Por habitaciones","address":"CALLE SAGASTA Nº 80 Plta/Piso 2º, piso 2º","postal_code":"11002","places":3,"units":1,"registered":"2019-07-24","catastro":"1863204QA4416D0005HR","holder":null,"holder_count":null}},{"type":"Feature","geometry":{"type":"Point","coordinates":[-6.279468,36.508013]},"properties":{"id":"VUT/CA/08410","type":"VUT","group":"Completa","address":"CALLE DOCTOR FLEMING Nº 7 Plta/Piso 8 Pta/Letra F, piso 8, puerta F","postal_code":"11009","places":4,"units":1,"registered":"2019-07-26","catastro":"3839101QA4433H0065QH","holder":null,"holder_count":null}},{"type":"Feature","geometry":{"type":"Point","coordinates":[-6.281207,36.510417]},"properties":{"id":"VUT/CA/08413","type":"VUT","group":"Completa","address":"AVENIDA Amilcar Barca Nº 29 Plta/Piso 9 Pta/Letra E, piso 9, puerta E","postal_code":"11009","places":6,"units":3,"registered":"2019-07-26","catastro":"3642704QA4434B0035QR","holder":null,"holder_count":null}},{"type":"Feature","geometry":{"type":"Point","coordinates":[-6.303593,36.530068]},"properties":{"id":"VUT/CA/08414","type":"VUT","group":"Completa","address":"CALLE Corralón de los Carros Nº 66 Plta/Piso 1 Pta/Letra A, piso 1, puerta A","postal_code":"11002","places":5,"units":3,"registered":"2019-07-26","catastro":"1563501QA4416D0007RY","holder":null,"holder_count":null}},{"type":"Feature","geometry":{"type":"Point","coordinates":[-6.298904,36.534016]},"properties":{"id":"VUT/CA/08415","type":"VUT","group":"Completa","address":"CALLE San José Nº 19 Plta/Piso 1, piso 1","postal_code":"11001","places":6,"units":3,"registered":"2019-07-26","catastro":"1968706QA4416H0001ZD","holder":null,"holder_count":null}},{"type":"Feature","geometry":{"type":"Point","coordinates":[-6.270155,36.497039]},"properties":{"id":"VUT/CA/08418","type":"VUT","group":"Completa","address":"CALLE ADELFAS Nº 4 Plta/Piso 1 Pta/Letra 20, piso 1, puerta 20","postal_code":"11011","places":8,"units":4,"registered":"2019-07-27","catastro":"4627701QA4442F0010GF","holder":null,"holder_count":null}},{"type":"Feature","geometry":{"type":"Point","coordinates":[-6.285946,36.522733]},"properties":{"id":"VUT/CA/08423","type":"VUT","group":"Completa","address":"CALLE Juan Ramón Jiménez nº1 Nº 1 Duplicad Plta/Piso 2 Pta/Letra a, piso 2, puerta a","postal_code":"11008","places":4,"units":3,"registered":"2019-07-29","catastro":"3157601QA4435E0006RT","holder":null,"holder_count":null}},{"type":"Feature","geometry":{"type":"Point","coordinates":[-6.293909,36.531532]},"properties":{"id":"VUT/CA/08438","type":"VUT","group":"Completa","address":"CALLE ROSARIO Nº 51 Plta/Piso 2 Pta/Letra DCHA, piso 2, puerta DCHA","postal_code":"11005","places":5,"units":2,"registered":"2019-07-30","catastro":"2365609QA4426E0001ZD","holder":"DUNA BEDUINA SERVICIOS TURISTÍCOS, S.L.","holder_count":77}},{"type":"Feature","geometry":{"type":"Point","coordinates":[-6.297343,36.532629]},"properties":{"id":"VUT/CA/08453","type":"VUT","group":"Por habitaciones","address":"CALLE San Miguel Nº 7 Plta/Piso 2 Pta/Letra A, piso 2, puerta A","postal_code":"11001","places":2,"units":1,"registered":"2019-07-31","catastro":"2066313QA4426E0012OZ","holder":null,"holder_count":null}},{"type":"Feature","geometry":{"type":"Point","coordinates":[-6.303955,36.531277]},"properties":{"id":"VUT/CA/08467","type":"VUT","group":"Completa","address":"CALLE Jose Celestino Mutis Nº 3 Plta/Piso 0 Pta/Letra B, piso 0, puerta B","postal_code":"11002","places":4,"units":1,"registered":"2019-08-01","catastro":"1564813QA4416D0003YW","holder":null,"holder_count":null}},{"type":"Feature","geometry":{"type":"Point","coordinates":[-6.284037,36.52455]},"properties":{"id":"VUT/CA/08471","type":"VUT","group":"Completa","address":"AVENIDA DE LA MARINA Nº 10 Plta/Piso BAJO Pta/Letra A, piso BAJO, puerta A","postal_code":"11007","places":4,"units":2,"registered":"2019-08-01","catastro":"3456702QA4435E0100IW","holder":null,"holder_count":null}},{"type":"Feature","geometry":{"type":"Point","coordinates":[-6.299877,36.530363]},"properties":{"id":"VUT/CA/08476","type":"VUT","group":"Completa","address":"CALLE MARÍA ARTEAGA Nº 8 Plta/Piso 1 Pta/Letra A, piso 1, puerta A","postal_code":"11002","places":7,"units":3,"registered":"2019-08-01","catastro":"1863212QA4416D0003DW","holder":"DALTONS BUILDING S.L.","holder_count":2}},{"type":"Feature","geometry":{"type":"Point","coordinates":[-6.298811,36.529908]},"properties":{"id":"VUT/CA/08478","type":"VUT","group":"Por habitaciones","address":"PLAZA DE LA LIBERTAD Nº 5 Plta/Piso 2 Pta/Letra A, piso 2, puerta A","postal_code":"11005","places":3,"units":2,"registered":"2019-08-02","catastro":"1962308QA4416D6001RA","holder":null,"holder_count":null}},{"type":"Feature","geometry":{"type":"Point","coordinates":[-6.281014,36.51395]},"properties":{"id":"VUT/CA/08483","type":"VUT","group":"Completa","address":"CALLE POETA NIETO Nº 1 Esc. 2 Plta/Piso 10 Pta/Letra E, piso 10, puerta E","postal_code":"11009","places":4,"units":1,"registered":"2019-08-02","catastro":"3646814QA4434F0132LJ","holder":null,"holder_count":null}},{"type":"Feature","geometry":{"type":"Point","coordinates":[-6.279129,36.509327]},"properties":{"id":"VUT/CA/08496","type":"VUT","group":"Completa","address":"CALLE DOCTOR FLEMING Nº 9 Plta/Piso 3 Pta/Letra B, piso 3, puerta B","postal_code":"11009","places":6,"units":3,"registered":"2019-08-05","catastro":"3740303QA4434B0069YY","holder":null,"holder_count":null}},{"type":"Feature","geometry":{"type":"Point","coordinates":[-6.300662,36.53293]},"properties":{"id":"VUT/CA/08497","type":"VUT","group":"Completa","address":"CALLE TORRE Nº 30","postal_code":"11003","places":12,"units":5,"registered":"2019-08-06","catastro":"1866101QA4416F0001LK","holder":"GALSON 5000 S.L","holder_count":1}},{"type":"Feature","geometry":{"type":"Point","coordinates":[-6.305177,36.528582]},"properties":{"id":"VUT/CA/08498","type":"VUT","group":"Completa","address":"CALLE ANGEL Nº 3 Plta/Piso 1 Pta/Letra D, piso 1, puerta D","postal_code":"11002","places":6,"units":3,"registered":"2019-08-06","catastro":"1461101QA4416A0039OW","holder":null,"holder_count":null}},{"type":"Feature","geometry":{"type":"Point","coordinates":[-6.301095,36.535175]},"properties":{"id":"VUT/CA/08502","type":"VUT","group":"Por habitaciones","address":"CALLE CEBALLOS Nº 4","postal_code":"11003","places":6,"units":4,"registered":"2019-08-06","catastro":"1768302QA4416H0001ID","holder":null,"holder_count":null}},{"type":"Feature","geometry":{"type":"Point","coordinates":[-6.276258,36.503075]},"properties":{"id":"VUT/CA/08515","type":"VUT","group":"Completa","address":"PASEO MARITIMO Nº 11 Plta/Piso 2G Pta/Letra 41, piso 2G, puerta 41","postal_code":"11010","places":2,"units":1,"registered":"2019-08-07","catastro":"4134812QA4443C0049BA","holder":null,"holder_count":null}},{"type":"Feature","geometry":{"type":"Point","coordinates":[-6.272952,36.499012]},"properties":{"id":"VUT/CA/08518","type":"VUT","group":"Completa","address":"CALLE PASEO MARITIMO Nº 26 Plta/Piso 2 Pta/Letra A, piso 2, puerta A","postal_code":"11011","places":6,"units":3,"registered":"2019-08-07","catastro":"4329901QA4442G1026XA","holder":null,"holder_count":null}},{"type":"Feature","geometry":{"type":"Point","coordinates":[-6.283765,36.514401]},"properties":{"id":"VUT/CA/08522","type":"VUT","group":"Completa","address":"CALLE Callejón del Blanco Blq. 6 Plta/Piso 1 Pta/Letra d, piso 1, puerta d","postal_code":"11008","places":6,"units":2,"registered":"2019-08-08","catastro":"3346403QA4434E0004WO","holder":null,"holder_count":null}},{"type":"Feature","geometry":{"type":"Point","coordinates":[-6.272046,36.512988]},"properties":{"id":"VUT/CA/08527","type":"VUT","group":"Completa","address":"CALLE PALMONES Nº 21 Plta/Piso 4 Pta/Letra J, piso 4, puerta J","postal_code":"11012","places":8,"units":4,"registered":"2019-08-08","catastro":"4445701QA4444E0008MJ","holder":null,"holder_count":null}},{"type":"Feature","geometry":{"type":"Point","coordinates":[-6.294043,36.530612]},"properties":{"id":"VUT/CA/08546","type":"VUT","group":"Completa","address":"CALLE CRISTOBAL COLON Nº 23-25 Plta/Piso 3 Pta/Letra B, piso 3, puerta B","postal_code":"11005","places":4,"units":2,"registered":"2019-08-09","catastro":"2464826QA4426C0014PT","holder":null,"holder_count":null}},{"type":"Feature","geometry":{"type":"Point","coordinates":[-6.304122,36.532482]},"properties":{"id":"VUT/CA/08561","type":"VUT","group":"Completa","address":"CALLE BOLIVIA Nº 6 y 8 Plta/Piso 1 Pta/Letra B, piso 1, puerta B","postal_code":"11002","places":5,"units":3,"registered":"2019-08-13","catastro":"1465302QA4416E0010MG","holder":null,"holder_count":null}},{"type":"Feature","geometry":{"type":"Point","coordinates":[-6.304147,36.529292]},"properties":{"id":"VUT/CA/08566","type":"VUT","group":"Completa","address":"CALLE PARAGUAY Nº 8 Plta/Piso 2 Pta/Letra B, piso 2, puerta B","postal_code":"11002","places":6,"units":3,"registered":"2019-08-14","catastro":"1562817QA4416B0007DA","holder":null,"holder_count":null}},{"type":"Feature","geometry":{"type":"Point","coordinates":[-6.273065,36.49784]},"properties":{"id":"VUT/CA/08577","type":"VUT","group":"Completa","address":"PASEO MARITIMO Nº 27 Esc. 1 Plta/Piso 4 Pta/Letra C, piso 4, puerta C","postal_code":"11011","places":5,"units":3,"registered":"2019-08-16","catastro":"4428807QA4442G0033LJ","holder":null,"holder_count":null}},{"type":"Feature","geometry":{"type":"Point","coordinates":[-6.294019,36.529435]},"properties":{"id":"VUT/CA/08583","type":"VUT","group":"Completa","address":"CALLE FABIO RUFINO Nº 7 Plta/Piso BJ Pta/Letra A, piso BJ, puerta A","postal_code":"11005","places":2,"units":1,"registered":"2019-08-19","catastro":"2362315QA4426C0011TW","holder":"GADES 2012 DESARROLLOS INMOBILIARIOS,S.L.","holder_count":6}},{"type":"Feature","geometry":{"type":"Point","coordinates":[-6.280819,36.509765]},"properties":{"id":"VUT/CA/08593","type":"VUT","group":"Completa","address":"AVENIDA AMILCAR BARCA 35 Plta/Piso 6 Pta/Letra 4, piso 6, puerta 4","postal_code":"11009","places":8,"units":4,"registered":"2019-08-19","catastro":"3641412QA4434B0071UT","holder":null,"holder_count":null}},{"type":"Feature","geometry":{"type":"Point","coordinates":[-6.301928,36.530656]},"properties":{"id":"VUT/CA/08594","type":"VUT","group":"Completa","address":"CALLE REPUBLICA DOMINICANA Nº 11 Plta/Piso BAJO Pta/Letra 3, piso BAJO, puerta 3","postal_code":"11001","places":4,"units":1,"registered":"2019-08-19","catastro":"1664515QA4416D0004TE","holder":null,"holder_count":null}},{"type":"Feature","geometry":{"type":"Point","coordinates":[-6.297246,36.52995]},"properties":{"id":"VUT/CA/08596","type":"VUT","group":"Completa","address":"CALLE ARBOLI Nº 15 Plta/Piso 1 Pta/Letra C, piso 1, puerta C","postal_code":"11006","places":4,"units":1,"registered":"2019-08-19","catastro":"2063327QA4426C0007XQ","holder":"ALQUILER VACACIONAL TURISMO E INNOVACIÓN SOCIAL SCA","holder_count":81}},{"type":"Feature","geometry":{"type":"Point","coordinates":[-6.289909,36.526853]},"properties":{"id":"VUT/CA/08600","type":"VUT","group":"Completa","address":"CALLE MIRADOR Nº 17 Plta/Piso 2 Pta/Letra C, piso 2, puerta C","postal_code":"11006","places":6,"units":2,"registered":"2019-08-19","catastro":"2760504QA4426B0011FH","holder":"DUNA BEDUINA SERVICIOS TURISTÍCOS, S.L.","holder_count":77}},{"type":"Feature","geometry":{"type":"Point","coordinates":[-6.291937,36.52928]},"properties":{"id":"VUT/CA/08604","type":"VUT","group":"Completa","address":"CALLE SOPRANIS Nº 5 Plta/Piso 4, piso 4","postal_code":"11005","places":2,"units":1,"registered":"2019-08-19","catastro":"2562401QA4426D0007IP","holder":null,"holder_count":null}},{"type":"Feature","geometry":{"type":"Point","coordinates":[-6.299505,36.532902]},"properties":{"id":"VUT/CA/08611","type":"VUT","group":"Completa","address":"CALLE SANTA INÉS Nº 8 Plta/Piso BJ Pta/Letra DCH, piso BJ, puerta DCH","postal_code":"11003","places":4,"units":2,"registered":"2019-08-21","catastro":"1966116QA4416F0001RK","holder":null,"holder_count":null}},{"type":"Feature","geometry":{"type":"Point","coordinates":[-6.293913,36.533024]},"properties":{"id":"VUT/CA/08628","type":"VUT","group":"Completa","address":"CALLE RAMON Y CAJAL Nº 1 Plta/Piso 2º Pta/Letra D, piso 2º, puerta D","postal_code":"11004","places":2,"units":1,"registered":"2019-08-22","catastro":"2367506QA4426G0004EA","holder":null,"holder_count":null}},{"type":"Feature","geometry":{"type":"Point","coordinates":[-6.281207,36.510417]},"properties":{"id":"VUT/CA/08629","type":"VUT","group":"Completa","address":"CALLE ANTONIO ACCAME Nº 10 Plta/Piso 2 Pta/Letra A, piso 2, puerta A","postal_code":"11009","places":5,"units":2,"registered":"2019-08-22","catastro":"3642704QA4434B0106UP","holder":"DUNA BEDUINA SERVICIOS TURISTÍCOS, S.L.","holder_count":77}},{"type":"Feature","geometry":{"type":"Point","coordinates":[-6.300435,36.536859]},"properties":{"id":"VUT/CA/08632","type":"VUT","group":"Completa","address":"CALLE SAN ISIDRO Nº 12 Plta/Piso BAJO Pta/Letra A, piso BAJO, puerta A","postal_code":"11003","places":2,"units":1,"registered":"2019-08-23","catastro":"1770309QA4417B0007ET","holder":null,"holder_count":null}},{"type":"Feature","geometry":{"type":"Point","coordinates":[-6.278466,36.507982]},"properties":{"id":"VUT/CA/08633","type":"VUT","group":"Completa","address":"CALLE BRASIL Nº 4 Plta/Piso 2 Pta/Letra A, piso 2, puerta A","postal_code":"11009","places":5,"units":3,"registered":"2019-08-23","catastro":"3839104QA4433H0003UK","holder":"CONTRESH SHOP, S.L.","holder_count":1}},{"type":"Feature","geometry":{"type":"Point","coordinates":[-6.300503,36.533715]},"properties":{"id":"VUT/CA/08634","type":"VUT","group":"Completa","address":"CALLE BENJUMEDA Nº 30 Plta/Piso 1 Pta/Letra c, piso 1, puerta c","postal_code":"11005","places":6,"units":3,"registered":"2019-08-23","catastro":"1767505QA4416H0007ZL","holder":null,"holder_count":null}},{"type":"Feature","geometry":{"type":"Point","coordinates":[-6.272745,36.498228]},"properties":{"id":"VUT/CA/08635","type":"VUT","group":"Completa","address":"CALLE NEREIDAS Nº 4 Esc. 2 Plta/Piso 7 Pta/Letra D, piso 7, puerta D","postal_code":"11011","places":8,"units":4,"registered":"2019-08-23","catastro":"4428802QA4442G0086SO","holder":null,"holder_count":null}},{"type":"Feature","geometry":{"type":"Point","coordinates":[-6.284823,36.515983]},"properties":{"id":"VUT/CA/08643","type":"VUT","group":"Completa","address":"CALLE AMILCAR BARCA Nº 11 Plta/Piso 1 Pta/Letra C, piso 1, puerta C","postal_code":"11008","places":5,"units":3,"registered":"2019-08-26","catastro":"3248407QA4434G0007DU","holder":null,"holder_count":null}},{"type":"Feature","geometry":{"type":"Point","coordinates":[-6.272952,36.499012]},"properties":{"id":"VUT/CA/08645","type":"VUT","group":"Completa","address":"PASEO MARITIMO Nº 26 Plta/Piso 9 Pta/Letra E, piso 9, puerta E","postal_code":"11011","places":5,"units":2,"registered":"2019-08-26","catastro":"4329901QA4442g1072UL","holder":"DUNA BEDUINA SERVICIOS TURISTÍCOS, S.L.","holder_count":77}},{"type":"Feature","geometry":{"type":"Point","coordinates":[-6.29354,36.532856]},"properties":{"id":"VUT/CA/08646","type":"VUT","group":"Completa","address":"AVENIDA CUATRO DE DICIEMBRE DE 1977 Nº 20-21 Plta/Piso 11 Pta/Letra A, piso 11, puerta A","postal_code":"11005","places":7,"units":4,"registered":"2019-08-26","catastro":"2366402QA4426E0040TJ","holder":null,"holder_count":null}},{"type":"Feature","geometry":{"type":"Point","coordinates":[-6.27421,36.502413]},"properties":{"id":"VUT/CA/08652","type":"VUT","group":"Completa","address":"PLAZA MADRID Nº 4 Plta/Piso 1 Pta/Letra 5, piso 1, puerta 5","postal_code":"11010","places":4,"units":2,"registered":"2019-08-26","catastro":"4233902QA4443C0005IW","holder":null,"holder_count":null}},{"type":"Feature","geometry":{"type":"Point","coordinates":[-6.301928,36.530656]},"properties":{"id":"VUT/CA/08654","type":"VUT","group":"Completa","address":"CALLE REPUBLICA ARGENTINA Nº 11-13 Plta/Piso 2 Pta/Letra 4, piso 2, puerta 4","postal_code":"11002","places":4,"units":2,"registered":"2019-08-27","catastro":"1664515QA4416D0013AO","holder":null,"holder_count":null}},{"type":"Feature","geometry":{"type":"Point","coordinates":[-6.293938,36.534588]},"properties":{"id":"VUT/CA/08665","type":"VUT","group":"Completa","address":"PLAZA Plaza de España Nº 14 Plta/Piso 2 Pta/Letra A, piso 2, puerta A","postal_code":"11006","places":4,"units":1,"registered":"2019-08-27","catastro":"2368404QA4426G0009FH","holder":null,"holder_count":null}},{"type":"Feature","geometry":{"type":"Point","coordinates":[-6.28105,36.516317]},"properties":{"id":"VUT/CA/08676","type":"VUT","group":"Completa","address":"CALLE HUERTA DEL OBISPO Nº 6 Plta/Piso 1 Pta/Letra B, piso 1, puerta B","postal_code":"11008","places":4,"units":2,"registered":"2019-08-29","catastro":"3548502QA4434H0015XZ","holder":"ALQUILER VACACIONAL TURISMO E INNOVACIÓN SOCIAL SCA","holder_count":81}},{"type":"Feature","geometry":{"type":"Point","coordinates":[-6.27167,36.499194]},"properties":{"id":"VUT/CA/08694","type":"VUT","group":"Completa","address":"PLAZA JEREZ Nº 8 Plta/Piso 1 Pta/Letra b, piso 1, puerta b","postal_code":"11010","places":4,"units":2,"registered":"2019-09-02","catastro":"4429302QA4442G0052KU","holder":null,"holder_count":null}},{"type":"Feature","geometry":{"type":"Point","coordinates":[-6.297479,36.533745]},"properties":{"id":"VUT/CA/08714","type":"VUT","group":"Completa","address":"CALLE Sagasta Nº 9 Plta/Piso 2 Pta/Letra izq, piso 2, puerta izq","postal_code":"11001","places":6,"units":3,"registered":"2019-09-05","catastro":"2068614QA4426G0003AP","holder":null,"holder_count":null}},{"type":"Feature","geometry":{"type":"Point","coordinates":[-6.30439,36.529106]},"properties":{"id":"VUT/CA/08722","type":"VUT","group":"Completa","address":"CALLE Paraguay Nº 11 Plta/Piso Bajo Pta/Letra B, piso Bajo, puerta B","postal_code":"11002","places":4,"units":1,"registered":"2019-09-06","catastro":"1462906QA4416A0007XW","holder":null,"holder_count":null}},{"type":"Feature","geometry":{"type":"Point","coordinates":[-6.281786,36.518709]},"properties":{"id":"VUT/CA/08732","type":"VUT","group":"Completa","address":"CALLE DR JOSE MANUEL PASCUAL Y PASCUAL Nº 2 Plta/Piso 5 Pta/Letra A, piso 5, puerta A","postal_code":"11008","places":6,"units":3,"registered":"2019-09-09","catastro":"3551503QA4435B0013YT","holder":"MAROLA PONIENTE SL","holder_count":1}},{"type":"Feature","geometry":{"type":"Point","coordinates":[-6.30464,36.52828]},"properties":{"id":"VUT/CA/08739","type":"VUT","group":"Completa","address":"AVENIDA CAMPO DEL SUR Nº 40 Plta/Piso 8 Pta/Letra C, piso 8, puerta C","postal_code":"11002","places":6,"units":3,"registered":"2019-09-10","catastro":"1461601QA4416A0035WZ","holder":null,"holder_count":null}},{"type":"Feature","geometry":{"type":"Point","coordinates":[-6.293913,36.533024]},"properties":{"id":"VUT/CA/08749","type":"VUT","group":"Completa","address":"CALLE DOCTOR RAMON Y CAJAL Nº 1 Plta/Piso BAJO Pta/Letra C, piso BAJO, puerta C","postal_code":"11004","places":4,"units":1,"registered":"2019-09-13","catastro":"2367506QA4426G1002XU","holder":"GADES GESTIÓN TURÍSTICA SL","holder_count":12}},{"type":"Feature","geometry":{"type":"Point","coordinates":[-6.303735,36.529974]},"properties":{"id":"VUT/CA/08764","type":"VUT","group":"Completa","address":"CALLE SAN FÉLIX Nº 1 Plta/Piso BAJO Pta/Letra B, piso BAJO, puerta B","postal_code":"11002","places":4,"units":1,"registered":"2019-09-18","catastro":"1563701QA4416D0006AT","holder":"LOMARAND INVERSIONES S.L","holder_count":1}},{"type":"Feature","geometry":{"type":"Point","coordinates":[-6.286206,36.52021]},"properties":{"id":"VUT/CA/08767","type":"VUT","group":"Completa","address":"AVENIDA FERNANDEZ LADREDA 9 Blq. 6 Plta/Piso 6 Pta/Letra D, piso 6, puerta D","postal_code":"11006","places":6,"units":2,"registered":"2019-09-18","catastro":"3153513QA4435C0286IE","holder":"DUNA BEDUINA SERVICIOS TURISTÍCOS, S.L.","holder_count":77}},{"type":"Feature","geometry":{"type":"Point","coordinates":[-6.272952,36.499012]},"properties":{"id":"VUT/CA/08768","type":"VUT","group":"Completa","address":"CALLE SIRENAS Nº 4 Plta/Piso 3 Pta/Letra D, piso 3, puerta D","postal_code":"11011","places":6,"units":3,"registered":"2019-09-18","catastro":"4329901QA4442G0694BO","holder":"DOMINGUEZ ROJAS SPORT S.L.","holder_count":1}},{"type":"Feature","geometry":{"type":"Point","coordinates":[-6.293909,36.530654]},"properties":{"id":"VUT/CA/08773","type":"VUT","group":"Completa","address":"CALLE CRISTOBAL COLON Nº 21 Plta/Piso BAJA Pta/Letra B, piso BAJA, puerta B","postal_code":"11005","places":4,"units":1,"registered":"2019-09-19","catastro":"2464813QA4426C0006UM","holder":"BRICKSTARTER SL","holder_count":1}},{"type":"Feature","geometry":{"type":"Point","coordinates":[-6.295621,36.53054]},"properties":{"id":"VUT/CA/08778","type":"VUT","group":"Completa","address":"CALLE Barrocal Nº 2 Plta/Piso Bajo Pta/Letra A, piso Bajo, puerta A","postal_code":"11005","places":4,"units":2,"registered":"2019-09-21","catastro":"2264511QA4426C0006HM","holder":null,"holder_count":null}},{"type":"Feature","geometry":{"type":"Point","coordinates":[-6.301667,36.533118]},"properties":{"id":"VUT/CA/08785","type":"VUT","group":"Completa","address":"CALLE SACRAMENTO Nº 69 Plta/Piso BAJA Pta/Letra IZQUIERDA, piso BAJA, puerta IZQUIERDA","postal_code":"11002","places":5,"units":3,"registered":"2019-09-23","catastro":"1767712QA4416F0001DK","holder":null,"holder_count":null}},{"type":"Feature","geometry":{"type":"Point","coordinates":[-6.29354,36.532856]},"properties":{"id":"VUT/CA/08793","type":"VUT","group":"Completa","address":"AVENIDA 4 DE DICIEMBRE DE 1977 Nº 20 Plta/Piso 1 Pta/Letra D, piso 1, puerta D","postal_code":"11006","places":6,"units":2,"registered":"2019-09-26","catastro":"2366402QA4426E0022HT","holder":"MARTA ROBLES SL","holder_count":2}},{"type":"Feature","geometry":{"type":"Point","coordinates":[-6.30338,36.529229]},"properties":{"id":"VUT/CA/08795","type":"VUT","group":"Completa","address":"CALLE Pericón de Cádiz Nº 17 Esc. 2 Plta/Piso 0 Pta/Letra A, piso 0, puerta A","postal_code":"11002","places":5,"units":3,"registered":"2019-09-26","catastro":"1562915QA4416B0018UL","holder":"AC GESTION CADIZ S.L.","holder_count":39}},{"type":"Feature","geometry":{"type":"Point","coordinates":[-6.289507,36.527894]},"properties":{"id":"VUT/CA/08816","type":"VUT","group":"Completa","address":"CALLE GOLETA Nº 6 Plta/Piso BJ Pta/Letra B, piso BJ, puerta B","postal_code":"11006","places":4,"units":1,"registered":"2019-10-01","catastro":"2861801QA4426B0002DP","holder":null,"holder_count":null}},{"type":"Feature","geometry":{"type":"Point","coordinates":[-6.302575,36.530771]},"properties":{"id":"VUT/CA/08821","type":"VUT","group":"Completa","address":"PLAZA DE LA REINA Nº 2 Plta/Piso 4 Pta/Letra IZQ, piso 4, puerta IZQ","postal_code":"11002","places":6,"units":3,"registered":"2019-10-02","catastro":"1664804QA4416D0039JY","holder":null,"holder_count":null}},{"type":"Feature","geometry":{"type":"Point","coordinates":[-6.304296,36.529396]},"properties":{"id":"VUT/CA/08828","type":"VUT","group":"Completa","address":"CALLE PARAGUAY Nº 6 Plta/Piso 2 Pta/Letra a, piso 2, puerta a","postal_code":"11002","places":2,"units":1,"registered":"2019-10-02","catastro":"1562818QA4416B0009QD","holder":null,"holder_count":null}},{"type":"Feature","geometry":{"type":"Point","coordinates":[-6.298118,36.536001]},"properties":{"id":"VUT/CA/08830","type":"VUT","group":"Completa","address":"CALLE Horozco Nº 4 Plta/Piso 4 Pta/Letra izq, piso 4, puerta izq","postal_code":"11003","places":5,"units":2,"registered":"2019-10-02","catastro":"1970409QA4417B0005SE","holder":null,"holder_count":null}},{"type":"Feature","geometry":{"type":"Point","coordinates":[-6.298118,36.536001]},"properties":{"id":"VUT/CA/08831","type":"VUT","group":"Completa","address":"CALLE Horozco Nº 4 Plta/Piso 1, piso 1","postal_code":"11003","places":7,"units":3,"registered":"2019-10-02","catastro":"1970409QA4417B0002OM","holder":null,"holder_count":null}},{"type":"Feature","geometry":{"type":"Point","coordinates":[-6.275462,36.503436]},"properties":{"id":"VUT/CA/08832","type":"VUT","group":"Completa","address":"AVENIDA Cayetano del Toro Nº 38 Portal B Plta/Piso 4 Pta/Letra D, piso 4, puerta D","postal_code":"11010","places":4,"units":2,"registered":"2019-10-03","catastro":"4134806QA4443C0066RX","holder":null,"holder_count":null}},{"type":"Feature","geometry":{"type":"Point","coordinates":[-6.272166,36.496883]},"properties":{"id":"VUT/CA/08840","type":"VUT","group":"Completa","address":"AVENIDA JOSE LEON DE CARRANZA Nº 20 Portal DPD Plta/Piso 4ª Pta/Letra S, piso 4ª, puerta S","postal_code":"11011","places":8,"units":3,"registered":"2019-10-04","catastro":"4427901QA4442E0283TJ","holder":null,"holder_count":null}},{"type":"Feature","geometry":{"type":"Point","coordinates":[-6.302891,36.532064]},"properties":{"id":"VUT/CA/08842","type":"VUT","group":"Completa","address":"CALLE Diego Arias Nº 12 Esc. Derecha Plta/Piso 2º, piso 2º","postal_code":"11002","places":5,"units":2,"registered":"2019-10-08","catastro":"1665805QA4416F0008OW","holder":null,"holder_count":null}},{"type":"Feature","geometry":{"type":"Point","coordinates":[-6.276369,36.503887]},"properties":{"id":"VUT/CA/08843","type":"VUT","group":"Por habitaciones","address":"CALLE PASEO MARITIMO Nº 8 Plta/Piso 9 Pta/Letra H, piso 9, puerta H","postal_code":"11010","places":6,"units":3,"registered":"2019-10-08","catastro":"4134813QA4443C0167ZE","holder":null,"holder_count":null}},{"type":"Feature","geometry":{"type":"Point","coordinates":[-6.301636,36.535409]},"properties":{"id":"VUT/CA/08854","type":"VUT","group":"Completa","address":"CALLE HERCULES Nº 6 Plta/Piso BAJO Pta/Letra B, piso BAJO, puerta B","postal_code":"11003","places":4,"units":2,"registered":"2019-10-09","catastro":"1769802QA4416H0002AF","holder":null,"holder_count":null}},{"type":"Feature","geometry":{"type":"Point","coordinates":[-6.298707,36.529097]},"properties":{"id":"VUT/CA/08855","type":"VUT","group":"Completa","address":"CALLE GARAICOECHEA Nº 19 Plta/Piso 1 Pta/Letra A, piso 1, puerta A","postal_code":"11005","places":3,"units":1,"registered":"2019-10-09","catastro":"1962337QA4416D0004GE","holder":null,"holder_count":null}},{"type":"Feature","geometry":{"type":"Point","coordinates":[-6.298255,36.536342]},"properties":{"id":"VUT/CA/08856","type":"VUT","group":"Completa","address":"CALLE CALDERÓN DE LA BARCA Nº 14 Plta/Piso 3 Pta/Letra 13, piso 3, puerta 13","postal_code":"11003","places":2,"units":1,"registered":"2019-10-09","catastro":"1970406QA4417B0029EZ","holder":"LITTLE APARTMENTS S.L.","holder_count":20}},{"type":"Feature","geometry":{"type":"Point","coordinates":[-6.294961,36.535024]},"properties":{"id":"VUT/CA/08857","type":"VUT","group":"Completa","address":"CALLE ANTONIO LÓPEZ Nº 14 Compl.Dom. CASA DEL PINTOR","postal_code":"11004","places":6,"units":2,"registered":"2019-10-09","catastro":"2369817QA4426G0004TA","holder":null,"holder_count":null}},{"type":"Feature","geometry":{"type":"Point","coordinates":[-6.294829,36.532672]},"properties":{"id":"VUT/CA/08858","type":"VUT","group":"Completa","address":"CALLE ROSARIO Portal 18 Plta/Piso 3, piso 3","postal_code":"11004","places":4,"units":1,"registered":"2019-10-09","catastro":"2366109QA4426E0004OH","holder":null,"holder_count":null}},{"type":"Feature","geometry":{"type":"Point","coordinates":[-6.300661,36.53478]},"properties":{"id":"VUT/CA/08866","type":"VUT","group":"Completa","address":"CALLE NAVAS Nº 2 Plta/Piso 3 Pta/Letra B, piso 3, puerta B","postal_code":"11006","places":3,"units":1,"registered":"2019-10-11","catastro":"1768609QA4416H0014QM","holder":null,"holder_count":null}},{"type":"Feature","geometry":{"type":"Point","coordinates":[-6.293787,36.532106]},"properties":{"id":"VUT/CA/08879","type":"VUT","group":"Completa","address":"CALLE SAN FRANCISCO Nº 30 Plta/Piso 1 Pta/Letra B, piso 1, puerta B","postal_code":"11005","places":5,"units":3,"registered":"2019-10-14","catastro":"2466705QA4426E0002PF","holder":null,"holder_count":null}},{"type":"Feature","geometry":{"type":"Point","coordinates":[-6.297207,36.532619]},"properties":{"id":"VUT/CA/08882","type":"VUT","group":"Completa","address":"CALLE SAN MIGUEL Nº 4 Plta/Piso 3º Compl.Dom. DERECHA, piso 3º","postal_code":"11001","places":6,"units":2,"registered":"2019-10-14","catastro":"2166707QA4426E0009DZ","holder":"DUNA BEDUINA SERVICIOS TURISTÍCOS, S.L.","holder_count":77}},{"type":"Feature","geometry":{"type":"Point","coordinates":[-6.294783,36.536152]},"properties":{"id":"VUT/CA/08885","type":"VUT","group":"Completa","address":"CALLE ISABEL LA CATÓLICA Nº 24 Plta/Piso 2ª Pta/Letra B, piso 2ª, puerta B","postal_code":"11004","places":5,"units":2,"registered":"2019-10-22","catastro":"2270405QA4427A0010QM","holder":null,"holder_count":null}},{"type":"Feature","geometry":{"type":"Point","coordinates":[-6.299604,36.536416]},"properties":{"id":"VUT/CA/08891","type":"VUT","group":"Completa","address":"CALLE Adolfo de castro Nº 16 Plta/Piso 3 Pta/Letra B Compl.Dom. Atico, piso 3, puerta B","postal_code":"11003","places":5,"units":2,"registered":"2019-10-16","catastro":"1870609QA4417B0015SP","holder":null,"holder_count":null}},{"type":"Feature","geometry":{"type":"Point","coordinates":[-6.286154,36.52313]},"properties":{"id":"VUT/CA/08899","type":"VUT","group":"Completa","address":"AVENIDA ANDALUCIA Nº 21 Plta/Piso 1 Pta/Letra F, piso 1, puerta F","postal_code":"11007","places":8,"units":4,"registered":"2019-10-17","catastro":"3157605QA4435E0032AX","holder":null,"holder_count":null}},{"type":"Feature","geometry":{"type":"Point","coordinates":[-6.297032,36.530038]},"properties":{"id":"VUT/CA/08907","type":"VUT","group":"Completa","address":"CALLE ARBOLI Portal 14 Plta/Piso Bajo, piso Bajo","postal_code":"11005","places":4,"units":2,"registered":"2019-10-18","catastro":"2163909QA4426C0002JL","holder":null,"holder_count":null}},{"type":"Feature","geometry":{"type":"Point","coordinates":[-6.30022,36.532788]},"properties":{"id":"VUT/CA/08912","type":"VUT","group":"Completa","address":"CALLE SAN JOSÉ Nº 49 Plta/Piso 3 Pta/Letra IZDA, piso 3, puerta IZDA","postal_code":"11003","places":6,"units":2,"registered":"2019-10-21","catastro":"1866114QA4416F0007MQ","holder":"APARTMENTS TIME S.L.","holder_count":55}},{"type":"Feature","geometry":{"type":"Point","coordinates":[-6.294852,36.530345]},"properties":{"id":"VUT/CA/08924","type":"VUT","group":"Completa","address":"CALLE BARROCAL Nº 15 Plta/Piso 2, piso 2","postal_code":"11005","places":4,"units":2,"registered":"2019-10-22","catastro":"2363808QA4426C0001PK","holder":"MAR DE GADES S.L.","holder_count":1}},{"type":"Feature","geometry":{"type":"Point","coordinates":[-6.280076,36.510153]},"properties":{"id":"VUT/CA/08926","type":"VUT","group":"Completa","address":"CALLE CRUZ ROJA ESPAÑOLA Nº 7 Plta/Piso 6 Pta/Letra D, piso 6, puerta D","postal_code":"11009","places":4,"units":1,"registered":"2019-10-22","catastro":"3741204QA4434B0024YL","holder":"ALQUILER VACACIONAL TURISMO E INNOVACIÓN SOCIAL SCA","holder_count":81}},{"type":"Feature","geometry":{"type":"Point","coordinates":[-6.276369,36.503887]},"properties":{"id":"VUT/CA/08929","type":"VUT","group":"Completa","address":"PASEO Paseo Marítimo Nº 8 Portal 8 Plta/Piso 3º Pta/Letra G, piso 3º, puerta G","postal_code":"11010","places":6,"units":3,"registered":"2019-10-22","catastro":"4134813QA4443C0118PG","holder":null,"holder_count":null}},{"type":"Feature","geometry":{"type":"Point","coordinates":[-6.27821,36.507204]},"properties":{"id":"VUT/CA/08943","type":"VUT","group":"Completa","address":"CALLE GENERAL MUÑOZ ARENILLAS Nº 6 Plta/Piso 4 Pta/Letra J, piso 4, puerta J","postal_code":"11010","places":2,"units":1,"registered":"2019-10-22","catastro":"3838501QA4433H0269XE","holder":null,"holder_count":null}},{"type":"Feature","geometry":{"type":"Point","coordinates":[-6.302244,36.532251]},"properties":{"id":"VUT/CA/08951","type":"VUT","group":"Completa","address":"PLAZA JESUS NAZARENO Nº 5 Plta/Piso 1, piso 1","postal_code":"11002","places":6,"units":3,"registered":"2019-10-23","catastro":"1665208QA4416F0002YL","holder":null,"holder_count":null}},{"type":"Feature","geometry":{"type":"Point","coordinates":[-6.272166,36.496883]},"properties":{"id":"VUT/CA/08959","type":"VUT","group":"Completa","address":"PASEO Marítimo Nº 29 Plta/Piso 11 Pta/Letra B, piso 11, puerta B","postal_code":"11011","places":6,"units":2,"registered":"2019-10-23","catastro":"4427901QA4442E0188UL","holder":null,"holder_count":null}},{"type":"Feature","geometry":{"type":"Point","coordinates":[-6.294788,36.534561]},"properties":{"id":"VUT/CA/08962","type":"VUT","group":"Completa","address":"CALLE Rafael de la Viesca Nº 10 Plta/Piso Baja Pta/Letra Derecha, piso Baja, puerta Derecha","postal_code":"11004","places":4,"units":2,"registered":"2019-10-23","catastro":"2368215QA4426G0001QI","holder":null,"holder_count":null}},{"type":"Feature","geometry":{"type":"Point","coordinates":[-6.299931,36.534784]},"properties":{"id":"VUT/CA/08980","type":"VUT","group":"Completa","address":"CALLE PLATA Nº 8 Plta/Piso ÁTICO, piso ÁTICO","postal_code":"11003","places":4,"units":2,"registered":"2019-10-24","catastro":"1868301QA4416H0009XZ","holder":"GADES GESTIÓN TURÍSTICA SL","holder_count":12}},{"type":"Feature","geometry":{"type":"Point","coordinates":[-6.293367,36.529171]},"properties":{"id":"VUT/CA/08983","type":"VUT","group":"Completa","address":"CALLE POSADILLA Nº 4 Plta/Piso 2 Pta/Letra DCHA, piso 2, puerta DCHA","postal_code":"11005","places":6,"units":2,"registered":"2019-10-24","catastro":"2462203QA4426A0005QR","holder":null,"holder_count":null}},{"type":"Feature","geometry":{"type":"Point","coordinates":[-6.277295,36.509666]},"properties":{"id":"VUT/CA/08992","type":"VUT","group":"Completa","address":"CALLE ATLÁNTIDA Nº 6 Plta/Piso 3 Pta/Letra DCH, piso 3, puerta DCH","postal_code":"11009","places":4,"units":2,"registered":"2019-10-25","catastro":"3941903QA4434B0006BU","holder":null,"holder_count":null}},{"type":"Feature","geometry":{"type":"Point","coordinates":[-6.299378,36.529468]},"properties":{"id":"VUT/CA/08998","type":"VUT","group":"Completa","address":"CALLE CRUZ Nº 18 Plta/Piso 1 Pta/Letra DCHA, piso 1, puerta DCHA","postal_code":"11003","places":6,"units":3,"registered":"2019-10-25","catastro":"1962345QA4416D0001AM","holder":null,"holder_count":null}},{"type":"Feature","geometry":{"type":"Point","coordinates":[-6.297181,36.534807]},"properties":{"id":"VUT/CA/09001","type":"VUT","group":"Completa","address":"PLAZA MINA Nº 4 Plta/Piso 3 Pta/Letra A, piso 3, puerta A","postal_code":"11002","places":2,"units":1,"registered":"2019-10-25","catastro":"2068407QA4426G0008KG","holder":"HIDALGO ANDREY HERMANOS SL","holder_count":1}},{"type":"Feature","geometry":{"type":"Point","coordinates":[-6.299639,36.536972]},"properties":{"id":"VUT/CA/09013","type":"VUT","group":"Completa","address":"CALLE BENDICIÓN DE DIOS Nº 21 Plta/Piso BAJO Pta/Letra IZQUIERDA, piso BAJO, puerta IZQUIERDA","postal_code":"11003","places":4,"units":2,"registered":"2019-10-28","catastro":"1871502QA4417B0001IX","holder":null,"holder_count":null}},{"type":"Feature","geometry":{"type":"Point","coordinates":[-6.298471,36.530958]},"properties":{"id":"VUT/CA/09023","type":"VUT","group":"Completa","address":"CALLE HOSPITAL DE MUJERES Nº 4 Plta/Piso 2 Pta/Letra Q, piso 2, puerta Q","postal_code":"11001","places":2,"units":1,"registered":"2019-10-28","catastro":"1964907QA4416D0046TP","holder":null,"holder_count":null}},{"type":"Feature","geometry":{"type":"Point","coordinates":[-6.30033,36.529349]},"properties":{"id":"VUT/CA/09028","type":"VUT","group":"Completa","address":"CALLE PASQUIN Nº 23 Plta/Piso 1 Pta/Letra IZQUIERDA, piso 1, puerta IZQUIERDA","postal_code":"11002","places":3,"units":2,"registered":"2019-10-28","catastro":"1862122QA4416B0009RD","holder":null,"holder_count":null}},{"type":"Feature","geometry":{"type":"Point","coordinates":[-6.293091,36.530005]},"properties":{"id":"VUT/CA/09037","type":"VUT","group":"Completa","address":"PLAZA San Juan de Dios Nº 6-7 Plta/Piso 3 Pta/Letra Izquierda, piso 3, puerta Izquierda","postal_code":"11005","places":4,"units":2,"registered":"2019-10-28","catastro":"2463914QA4426C0006GM","holder":null,"holder_count":null}},{"type":"Feature","geometry":{"type":"Point","coordinates":[-6.30338,36.529229]},"properties":{"id":"VUT/CA/09039","type":"VUT","group":"Por habitaciones","address":"CALLE PERICÓN DE CÁDIZ Nº 17 Plta/Piso 2 Pta/Letra D, piso 2, puerta D","postal_code":"11002","places":2,"units":1,"registered":"2019-10-28","catastro":"1562915QA4416B0041ZP","holder":null,"holder_count":null}},{"type":"Feature","geometry":{"type":"Point","coordinates":[-6.30249,36.529073]},"properties":{"id":"VUT/CA/09042","type":"VUT","group":"Completa","address":"CALLE PERICÓN DE CÁDIZ Nº 2B Plta/Piso BAJO Pta/Letra IZQ, piso BAJO, puerta IZQ","postal_code":"11002","places":5,"units":3,"registered":"2019-10-29","catastro":"1662602QA4416B0010RA","holder":null,"holder_count":null}},{"type":"Feature","geometry":{"type":"Point","coordinates":[-6.274451,36.501378]},"properties":{"id":"VUT/CA/09043","type":"VUT","group":"Completa","address":"PLAZA HELIOS Nº 4 Plta/Piso ENTREPLANT Pta/Letra B, piso ENTREPLANT, puerta B","postal_code":"11001","places":4,"units":2,"registered":"2019-10-29","catastro":"4232802QA4443A0083UG","holder":null,"holder_count":null}},{"type":"Feature","geometry":{"type":"Point","coordinates":[-6.29989,36.534924]},"properties":{"id":"VUT/CA/09046","type":"VUT","group":"Completa","address":"CALLE PLATA Nº 5 Plta/Piso 2 Pta/Letra IZDA, piso 2, puerta IZDA","postal_code":"11007","places":6,"units":3,"registered":"2019-10-29","catastro":"1868208QA4416H0007PL","holder":null,"holder_count":null}},{"type":"Feature","geometry":{"type":"Point","coordinates":[-6.272745,36.498228]},"properties":{"id":"VUT/CA/09059","type":"VUT","group":"Completa","address":"CALLE NEREIDAS Nº 4 Esc. IZQ Plta/Piso 3 Pta/Letra A, piso 3, puerta A","postal_code":"11011","places":6,"units":3,"registered":"2019-10-30","catastro":"4428802QA4442G0029LH","holder":null,"holder_count":null}},{"type":"Feature","geometry":{"type":"Point","coordinates":[-6.30439,36.529106]},"properties":{"id":"VUT/CA/09061","type":"VUT","group":"Completa","address":"CALLE PARAGUAY Nº 11 Plta/Piso BAJO Pta/Letra A, piso BAJO, puerta A","postal_code":"11002","places":4,"units":2,"registered":"2019-10-30","catastro":"1462906QA4416A0006ZQ","holder":null,"holder_count":null}},{"type":"Feature","geometry":{"type":"Point","coordinates":[-6.301658,36.53517]},"properties":{"id":"VUT/CA/09062","type":"VUT","group":"Completa","address":"CALLE NAVAS Nº 16 Plta/Piso 2 Pta/Letra IZQUIERDA, piso 2, puerta IZQUIERDA","postal_code":"11003","places":6,"units":3,"registered":"2019-10-30","catastro":"1668306QA4416H0006AK","holder":null,"holder_count":null}},{"type":"Feature","geometry":{"type":"Point","coordinates":[-6.302998,36.528084]},"properties":{"id":"VUT/CA/09063","type":"VUT","group":"Por habitaciones","address":"CALLE ARRICRUZ Nº 7 Plta/Piso 2ª Pta/Letra D, piso 2ª, puerta D","postal_code":"11002","places":3,"units":2,"registered":"2019-10-30","catastro":"1661701QA4416B0037GO","holder":null,"holder_count":null}},{"type":"Feature","geometry":{"type":"Point","coordinates":[-6.274647,36.504417]},"properties":{"id":"VUT/CA/09078","type":"VUT","group":"Completa","address":"CALLE PINTOR ZULOAGA Nº 29 Plta/Piso 2 Pta/Letra B, piso 2, puerta B","postal_code":"11011","places":6,"units":3,"registered":"2019-10-30","catastro":"4235202QA4443E0047BR","holder":null,"holder_count":null}},{"type":"Feature","geometry":{"type":"Point","coordinates":[-6.291344,36.530448]},"properties":{"id":"VUT/CA/09079","type":"VUT","group":"Completa","address":"AVENIDA DEL PUERTO Nº 2 Plta/Piso 9 Pta/Letra C Compl.Dom. EDIFICIO FÉNIX, piso 9, puerta C","postal_code":"11006","places":2,"units":1,"registered":"2019-10-30","catastro":"2663201QA4426D0018TK","holder":"ALQUILER VACACIONAL TURISMO E INNOVACIÓN SOCIAL SCA","holder_count":81}},{"type":"Feature","geometry":{"type":"Point","coordinates":[-6.276369,36.503887]},"properties":{"id":"VUT/CA/09084","type":"VUT","group":"Completa","address":"PASEO MARITIMO Nº 8 Plta/Piso 1 Pta/Letra C, piso 1, puerta C","postal_code":"11010","places":7,"units":3,"registered":"2019-11-04","catastro":"4134813QA4443C0099KM","holder":"ROANSA INTEGRAL S.L.","holder_count":1}},{"type":"Feature","geometry":{"type":"Point","coordinates":[-6.30037,36.52973]},"properties":{"id":"VUT/CA/09091","type":"VUT","group":"Completa","address":"CALLE PASQUÍN Nº 5 Plta/Piso BAJO Pta/Letra D, piso BAJO, puerta D","postal_code":"11002","places":4,"units":2,"registered":"2019-11-07","catastro":"1862115QA4416B0014HG","holder":null,"holder_count":null}},{"type":"Feature","geometry":{"type":"Point","coordinates":[-6.298918,36.531944]},"properties":{"id":"VUT/CA/09098","type":"VUT","group":"Completa","address":"CALLE SACRAMENTO Nº 28 Plta/Piso 1, piso 1","postal_code":"11001","places":8,"units":5,"registered":"2019-11-11","catastro":"1965706QA4416F0001YK","holder":"INTERIORES Y REFORMAS A & J, S.L.","holder_count":1}},{"type":"Feature","geometry":{"type":"Point","coordinates":[-6.289858,36.52696]},"properties":{"id":"VUT/CA/09103","type":"VUT","group":"Completa","address":"CALLE MIRADOR Nº 17 Plta/Piso BAJO Pta/Letra B, piso BAJO, puerta B","postal_code":"11006","places":6,"units":2,"registered":"2019-11-11","catastro":"2760504QA4426B0002IP","holder":null,"holder_count":null}},{"type":"Feature","geometry":{"type":"Point","coordinates":[-6.303152,36.5324]},"properties":{"id":"VUT/CA/09121","type":"VUT","group":"Completa","address":"CALLE Encarnación Nº 26-28 Plta/Piso 1 Pta/Letra A, piso 1, puerta A","postal_code":"11002","places":2,"units":1,"registered":"2019-11-12","catastro":"1565911QA4416F0003BB","holder":null,"holder_count":null}},{"type":"Feature","geometry":{"type":"Point","coordinates":[-6.273065,36.49784]},"properties":{"id":"VUT/CA/09127","type":"VUT","group":"Completa","address":"CALLE PASEO MARÍTIMO Nº 27 Plta/Piso 5 Pta/Letra A, piso 5, puerta A","postal_code":"11010","places":6,"units":3,"registered":"2019-11-12","catastro":"4428807QA4442G0067ZL","holder":"ALQUILER VACACIONAL TURISMO E INNOVACIÓN SOCIAL SCA","holder_count":81}},{"type":"Feature","geometry":{"type":"Point","coordinates":[-6.296712,36.53128]},"properties":{"id":"VUT/CA/09132","type":"VUT","group":"Completa","address":"CALLE SACRAMENTO Nº 12 Plta/Piso 4, piso 4","postal_code":"11001","places":4,"units":1,"registered":"2019-11-12","catastro":"2264802QA4426C0004KZ","holder":"ARPOIL SL","holder_count":1}},{"type":"Feature","geometry":{"type":"Point","coordinates":[-6.289507,36.527894]},"properties":{"id":"VUT/CA/09133","type":"VUT","group":"Completa","address":"CALLE GOLETA Nº 6 Plta/Piso 1 Pta/Letra A, piso 1, puerta A","postal_code":"11007","places":4,"units":2,"registered":"2019-11-12","catastro":"2861801QA4426B0004GS","holder":"ALQUILER VACACIONAL TURISMO E INNOVACIÓN SOCIAL SCA","holder_count":81}},{"type":"Feature","geometry":{"type":"Point","coordinates":[-6.297343,36.529875]},"properties":{"id":"VUT/CA/09136","type":"VUT","group":"Completa","address":"CALLE ARBOLÍ Nº 17 Plta/Piso 3 Pta/Letra DCHA, piso 3, puerta DCHA","postal_code":"11005","places":4,"units":2,"registered":"2019-11-12","catastro":"2063328QA4426C0007IQ","holder":null,"holder_count":null}},{"type":"Feature","geometry":{"type":"Point","coordinates":[-6.27901,36.506917]},"properties":{"id":"VUT/CA/09137","type":"VUT","group":"Completa","address":"PASEO MARITIMO Nº 3 Plta/Piso 7 Pta/Letra A, piso 7, puerta A","postal_code":"11010","places":6,"units":2,"registered":"2019-11-12","catastro":"3838503QA4433H0211BY","holder":null,"holder_count":null}},{"type":"Feature","geometry":{"type":"Point","coordinates":[-6.296158,36.533992]},"properties":{"id":"VUT/CA/09140","type":"VUT","group":"Completa","address":"CALLE ROSARIO Nº 3 Plta/Piso 2 Pta/Letra C Compl.Dom. DEPARTAMENTO NÚMERO 6, piso 2, puerta C","postal_code":"11004","places":4,"units":2,"registered":"2019-11-13","catastro":"2168505QA4426G0005HS","holder":null,"holder_count":null}},{"type":"Feature","geometry":{"type":"Point","coordinates":[-6.280557,36.520079]},"properties":{"id":"VUT/CA/09145","type":"VUT","group":"Completa","address":"CALLE FEDERICO GARCIA LORCA Nº 13 Plta/Piso 5º Pta/Letra IZQ, piso 5º, puerta IZQ","postal_code":"11008","places":6,"units":3,"registered":"2019-11-14","catastro":"3652101QA4435B0040PM","holder":null,"holder_count":null}},{"type":"Feature","geometry":{"type":"Point","coordinates":[-6.298095,36.534441]},"properties":{"id":"VUT/CA/09147","type":"VUT","group":"Completa","address":"CALLE CÁNOVAS DEL CASTILLO Nº 5 Plta/Piso 1 Pta/Letra A, piso 1, puerta A","postal_code":"11003","places":6,"units":2,"registered":"2019-11-14","catastro":"2068603QA4426G0005PS","holder":null,"holder_count":null}},{"type":"Feature","geometry":{"type":"Point","coordinates":[-6.299803,36.530348]},"properties":{"id":"VUT/CA/09148","type":"VUT","group":"Completa","address":"CALLE MARIA ARTEAGA Nº 4 Plta/Piso 2º, piso 2º","postal_code":"11002","places":2,"units":1,"registered":"2019-11-14","catastro":"1863213QA4416D0003XW","holder":null,"holder_count":null}},{"type":"Feature","geometry":{"type":"Point","coordinates":[-6.294487,36.529935]},"properties":{"id":"VUT/CA/09152","type":"VUT","group":"Completa","address":"CALLE COBOS Nº 10 Portal 10 Plta/Piso 2 Pta/Letra A, piso 2, puerta A","postal_code":"11005","places":4,"units":1,"registered":"2019-11-14","catastro":"2363402QA4426C2001TF","holder":null,"holder_count":null}},{"type":"Feature","geometry":{"type":"Point","coordinates":[-6.281735,36.515935]},"properties":{"id":"VUT/CA/09154","type":"VUT","group":"Completa","address":"AVENIDA ANDALUCIA Nº 73 Esc. A Plta/Piso 3 Pta/Letra D, piso 3, puerta D","postal_code":"11007","places":4,"units":1,"registered":"2019-11-14","catastro":"3548512QA4434H0132US","holder":null,"holder_count":null}},{"type":"Feature","geometry":{"type":"Point","coordinates":[-6.291344,36.530448]},"properties":{"id":"VUT/CA/09164","type":"VUT","group":"Completa","address":"AVENIDA DEL PUERTO Nº 2 Plta/Piso 10 Pta/Letra B, piso 10, puerta B","postal_code":"11006","places":5,"units":3,"registered":"2019-11-15","catastro":"2663201QA4426D0021TK","holder":"WOLF ACQUISITIONS, S.L.","holder_count":2}},{"type":"Feature","geometry":{"type":"Point","coordinates":[-6.280819,36.509765]},"properties":{"id":"VUT/CA/09165","type":"VUT","group":"Completa","address":"AVENIDA AMILCAR BARCA Nº 31 Plta/Piso 9 Pta/Letra 01 Compl.Dom. EDIFICIO ISECOTEL, piso 9, puerta 01","postal_code":"11009","places":4,"units":2,"registered":"2019-11-15","catastro":"3641412QA4434B0095WM","holder":"WOLF ACQUISITIONS, S.L.","holder_count":2}},{"type":"Feature","geometry":{"type":"Point","coordinates":[-6.285649,36.52047]},"properties":{"id":"VUT/CA/09187","type":"VUT","group":"Completa","address":"CALLE ROCHESTER Nº 1 Plta/Piso 4 Pta/Letra E Compl.Dom. EDIFICIO PUERTATIERRA, piso 4, puerta E","postal_code":"11008","places":2,"units":1,"registered":"2019-11-19","catastro":"3153503QA4435C0022IB","holder":null,"holder_count":null}},{"type":"Feature","geometry":{"type":"Point","coordinates":[-6.294983,36.53029]},"properties":{"id":"VUT/CA/09188","type":"VUT","group":"Completa","address":"CALLE BARROCAL Nº 8 Plta/Piso BJ Pta/Letra IZQ, piso BJ, puerta IZQ","postal_code":"11005","places":4,"units":1,"registered":"2019-11-19","catastro":"2364706QA4426C0002JL","holder":null,"holder_count":null}},{"type":"Feature","geometry":{"type":"Point","coordinates":[-6.271351,36.512576]},"properties":{"id":"VUT/CA/09195","type":"VUT","group":"Completa","address":"AVENIDA DE LA BAHIA Nº 9 Plta/Piso 10 Pta/Letra D, piso 10, puerta D","postal_code":"11012","places":8,"units":4,"registered":"2019-11-19","catastro":"4444301QA4444C0040XL","holder":null,"holder_count":null}},{"type":"Feature","geometry":{"type":"Point","coordinates":[-6.278666,36.510642]},"properties":{"id":"VUT/CA/09202","type":"VUT","group":"Completa","address":"CALLE TRILLE Nº 6-8","postal_code":"11009","places":8,"units":4,"registered":"2019-11-20","catastro":"3842602QA4434B0018ZH","holder":null,"holder_count":null}},{"type":"Feature","geometry":{"type":"Point","coordinates":[-6.295721,36.536154]},"properties":{"id":"VUT/CA/09208","type":"VUT","group":"Completa","address":"CALLE Santiago Terry Nº 11 Plta/Piso 3 Pta/Letra C, piso 3, puerta C","postal_code":"11004","places":4,"units":2,"registered":"2019-11-20","catastro":"2269106QA4426G0028MY","holder":null,"holder_count":null}},{"type":"Feature","geometry":{"type":"Point","coordinates":[-6.292428,36.52939]},"properties":{"id":"VUT/CA/09210","type":"VUT","group":"Completa","address":"CALLE SOPRANIS Nº 1 Plta/Piso 2 Pta/Letra IZQ, piso 2, puerta IZQ","postal_code":"11006","places":4,"units":2,"registered":"2019-11-20","catastro":"2562201QA4426B0010MG","holder":null,"holder_count":null}},{"type":"Feature","geometry":{"type":"Point","coordinates":[-6.297566,36.52964]},"properties":{"id":"VUT/CA/09211","type":"VUT","group":"Completa","address":"CALLE ARBOLI Nº 27 Plta/Piso BAJO, piso BAJO","postal_code":"11005","places":6,"units":3,"registered":"2019-11-20","catastro":"2063334QA4426C0001YK","holder":null,"holder_count":null}},{"type":"Feature","geometry":{"type":"Point","coordinates":[-6.284157,36.52172]},"properties":{"id":"VUT/CA/09216","type":"VUT","group":"Completa","address":"CALLE GRANJA SAN ILDEFONSO Nº 10 Plta/Piso 9 Pta/Letra D, piso 9, puerta D","postal_code":"11007","places":5,"units":2,"registered":"2019-11-20","catastro":"3253317QA4435C0025WM","holder":null,"holder_count":null}},{"type":"Feature","geometry":{"type":"Point","coordinates":[-6.289592,36.52783]},"properties":{"id":"VUT/CA/09219","type":"VUT","group":"Completa","address":"CALLE GOLETA Nº 1 Calif.Nº DUP Plta/Piso 1, piso 1","postal_code":"11002","places":4,"units":1,"registered":"2019-11-20","catastro":"2861705QA4426B1001LU","holder":null,"holder_count":null}},{"type":"Feature","geometry":{"type":"Point","coordinates":[-6.281813,36.516656]},"properties":{"id":"VUT/CA/09222","type":"VUT","group":"Completa","address":"CALLE MIGUEL MARTINEZ DE PINILLOS Portal 9 Plta/Piso 5 Pta/Letra B, piso 5, puerta B","postal_code":"11008","places":4,"units":1,"registered":"2019-11-21","catastro":"3549101QA4434G0108QA","holder":null,"holder_count":null}},{"type":"Feature","geometry":{"type":"Point","coordinates":[-6.292816,36.530867]},"properties":{"id":"VUT/CA/09237","type":"VUT","group":"Completa","address":"CALLE NUEVA Nº 1 Plta/Piso 3 Pta/Letra B Compl.Dom. DUPLEX, piso 3, puerta B","postal_code":"11005","places":6,"units":3,"registered":"2019-11-21","catastro":"2464508QA4426C0007QQ","holder":"ERITHEA 1965, S.L.","holder_count":1}},{"type":"Feature","geometry":{"type":"Point","coordinates":[-6.293214,36.531975]},"properties":{"id":"VUT/CA/09238","type":"VUT","group":"Completa","address":"AVENIDA 4 DE DICIEMBRE DE 1977 Nº 26-27 Plta/Piso 3 Pta/Letra C-3, piso 3, puerta C-3","postal_code":"11006","places":4,"units":2,"registered":"2019-11-21","catastro":"2465202QA4426E0014DM","holder":null,"holder_count":null}},{"type":"Feature","geometry":{"type":"Point","coordinates":[-6.293214,36.531975]},"properties":{"id":"VUT/CA/09246","type":"VUT","group":"Completa","address":"AVENIDA 4 DE DICIEMBRE DE 1977 Nº 26-27 Plta/Piso 3 Pta/Letra C-1, piso 3, puerta C-1","postal_code":"11003","places":4,"units":2,"registered":"2019-11-22","catastro":"2465202QA4426E0014DM","holder":null,"holder_count":null}},{"type":"Feature","geometry":{"type":"Point","coordinates":[-6.291738,36.527269]},"properties":{"id":"VUT/CA/09248","type":"VUT","group":"Completa","address":"CALLE Concepción Arenal Nº 1 y 2 Plta/Piso 1 Pta/Letra Centro-izq, piso 1, puerta Centro-izq","postal_code":"11006","places":4,"units":3,"registered":"2019-11-22","catastro":"2660801QA4426B0016SZ","holder":null,"holder_count":null}},{"type":"Feature","geometry":{"type":"Point","coordinates":[-6.278413,36.514436]},"properties":{"id":"VUT/CA/09254","type":"VUT","group":"Completa","address":"AVENIDA PORTUGAL Nº 45 Plta/Piso 3 Pta/Letra B, piso 3, puerta B","postal_code":"11008","places":6,"units":3,"registered":"2019-11-22","catastro":"3846201QA4434F0009PM","holder":null,"holder_count":null}},{"type":"Feature","geometry":{"type":"Point","coordinates":[-6.293787,36.532106]},"properties":{"id":"VUT/CA/09264","type":"VUT","group":"Completa","address":"CALLE SAN FRANCISCO Nº 30 Plta/Piso 1 Pta/Letra A, piso 1, puerta A","postal_code":"11005","places":8,"units":3,"registered":"2019-11-22","catastro":"2466705QA4426E0002PF","holder":null,"holder_count":null}},{"type":"Feature","geometry":{"type":"Point","coordinates":[-6.27355,36.499846]},"properties":{"id":"VUT/CA/09268","type":"VUT","group":"Completa","address":"AVENIDA JOSÉ LEÓN DE CARRANZA Nº 4 Blq. 4-A Plta/Piso 7 Pta/Letra D, piso 7, puerta D","postal_code":"11011","places":5,"units":3,"registered":"2019-11-25","catastro":"4230304QA4443A0051KG","holder":null,"holder_count":null}},{"type":"Feature","geometry":{"type":"Point","coordinates":[-6.271537,36.512986]},"properties":{"id":"VUT/CA/09275","type":"VUT","group":"Completa","address":"AVENIDA DE LA BAHÍA Nº 11 Plta/Piso 3 Pta/Letra C, piso 3, puerta C","postal_code":"11012","places":5,"units":4,"registered":"2019-11-25","catastro":"4445501QA4444E0011GJ","holder":null,"holder_count":null}},{"type":"Feature","geometry":{"type":"Point","coordinates":[-6.293858,36.530033]},"properties":{"id":"VUT/CA/09294","type":"VUT","group":"Completa","address":"CALLE RUIZ DE BUSTAMENTE Nº 2 Plta/Piso 2 Pta/Letra A, piso 2, puerta A","postal_code":"11005","places":4,"units":2,"registered":"2019-11-26","catastro":"2363409QA4426C0005UX","holder":null,"holder_count":null}},{"type":"Feature","geometry":{"type":"Point","coordinates":[-6.301928,36.530656]},"properties":{"id":"VUT/CA/09309","type":"VUT","group":"Completa","address":"CALLE REPUBLICA DOMINICANA Nº 11 Plta/Piso 1 Pta/Letra D, piso 1, puerta D","postal_code":"11002","places":4,"units":1,"registered":"2019-11-27","catastro":"1664515QA4416D0009PI","holder":null,"holder_count":null}},{"type":"Feature","geometry":{"type":"Point","coordinates":[-6.294926,36.534044]},"properties":{"id":"VUT/CA/09310","type":"VUT","group":"Completa","address":"CALLE BEATO DIEGO Nº 7 Plta/Piso 2, piso 2","postal_code":"11004","places":7,"units":4,"registered":"2019-11-27","catastro":"2367103QA4426E0004YH","holder":"ALQUILER VACACIONAL TURISMO E INNOVACIÓN SOCIAL SCA","holder_count":81}},{"type":"Feature","geometry":{"type":"Point","coordinates":[-6.293229,36.531772]},"properties":{"id":"VUT/CA/09324","type":"VUT","group":"Completa","address":"CALLE CHURRUCA Nº 9 Plta/Piso 5 Pta/Letra A, piso 5, puerta A","postal_code":"11005","places":4,"units":2,"registered":"2019-11-27","catastro":"2465901QA4426E0001XD","holder":"ALQUILER VACACIONAL TURISMO E INNOVACIÓN SOCIAL SCA","holder_count":81}},{"type":"Feature","geometry":{"type":"Point","coordinates":[-6.276984,36.506633]},"properties":{"id":"VUT/CA/09339","type":"VUT","group":"Completa","address":"AVENIDA CAYETANO DEL TORO Nº 17 Plta/Piso 1 Pta/Letra D, piso 1, puerta D","postal_code":"11010","places":3,"units":2,"registered":"2019-11-28","catastro":"4037205QA4443E0004LL","holder":null,"holder_count":null}},{"type":"Feature","geometry":{"type":"Point","coordinates":[-6.302651,36.529473]},"properties":{"id":"VUT/CA/09377","type":"VUT","group":"Completa","address":"CALLE CRISTO DE LA MISERICORDIA Nº 9","postal_code":"11003","places":5,"units":2,"registered":"2019-12-02","catastro":"1662810QA4416B0003UU","holder":null,"holder_count":null}},{"type":"Feature","geometry":{"type":"Point","coordinates":[-6.295149,36.535314]},"properties":{"id":"VUT/CA/09378","type":"VUT","group":"Completa","address":"CALLE ISABEL LA CATOLICA Nº 7 Plta/Piso 2, piso 2","postal_code":"11004","places":8,"units":2,"registered":"2019-12-02","catastro":"2369802QA4426G0003AP","holder":null,"holder_count":null}},{"type":"Feature","geometry":{"type":"Point","coordinates":[-6.300536,36.528636]},"properties":{"id":"VUT/CA/09379","type":"VUT","group":"Completa","address":"CALLE REGIMIENTO DE INFANTERÍA Nº 13 Plta/Piso 1 Pta/Letra A, piso 1, puerta A","postal_code":"11005","places":4,"units":3,"registered":"2019-12-02","catastro":"1861102QA4416B0001ET","holder":null,"holder_count":null}},{"type":"Feature","geometry":{"type":"Point","coordinates":[-6.298706,36.529152]},"properties":{"id":"VUT/CA/09380","type":"VUT","group":"Completa","address":"CALLE GARAICOECHEA Nº 17 Plta/Piso 2, piso 2","postal_code":"11005","places":4,"units":2,"registered":"2019-12-02","catastro":"1962336QA4416D0004YE","holder":null,"holder_count":null}},{"type":"Feature","geometry":{"type":"Point","coordinates":[-6.284846,36.522665]},"properties":{"id":"VUT/CA/09383","type":"VUT","group":"Completa","address":"PLAZA San Severiano Nº 1 Plta/Piso 5 Pta/Letra I, piso 5, puerta I","postal_code":"11007","places":6,"units":3,"registered":"2019-12-02","catastro":"3155401QA4435E0131TQ","holder":"Promociones Justal, SL.","holder_count":1}},{"type":"Feature","geometry":{"type":"Point","coordinates":[-6.279361,36.508819]},"properties":{"id":"VUT/CA/09389","type":"VUT","group":"Completa","address":"CALLE ALMIRANTE VIERNA Nº 17 Plta/Piso 1, piso 1","postal_code":"11009","places":6,"units":4,"registered":"2019-12-03","catastro":"3740306QA4434B0002UE","holder":null,"holder_count":null}},{"type":"Feature","geometry":{"type":"Point","coordinates":[-6.285986,36.52109]},"properties":{"id":"VUT/CA/09397","type":"VUT","group":"Por habitaciones","address":"AVENIDA FERNANDEZ LADREDA Nº 7 Plta/Piso 1 Pta/Letra A, piso 1, puerta A","postal_code":"11006","places":2,"units":2,"registered":"2019-12-03","catastro":"3153501QA4435C0156KW","holder":null,"holder_count":null}},{"type":"Feature","geometry":{"type":"Point","coordinates":[-6.276094,36.510644]},"properties":{"id":"VUT/CA/09404","type":"VUT","group":"Completa","address":"CALLE SALVADOR DEL MUNDO Nº 1 Plta/Piso BAJO Pta/Letra B, piso BAJO, puerta B","postal_code":"11009","places":4,"units":3,"registered":"2019-12-03","catastro":"4042504QA4444C0001YG","holder":null,"holder_count":null}},{"type":"Feature","geometry":{"type":"Point","coordinates":[-6.279468,36.508013]},"properties":{"id":"VUT/CA/09441","type":"VUT","group":"Por habitaciones","address":"AVENIDA AMILCAR BARCA Nº 47 Plta/Piso 2 Pta/Letra F, piso 2, puerta F","postal_code":"11009","places":4,"units":2,"registered":"2019-12-10","catastro":"3839101QA4433H0016DT","holder":null,"holder_count":null}},{"type":"Feature","geometry":{"type":"Point","coordinates":[-6.293565,36.536537]},"properties":{"id":"VUT/CA/09444","type":"VUT","group":"Completa","address":"CALLE COSTA RICA Nº 2 Plta/Piso 2 Pta/Letra D, piso 2, puerta D","postal_code":"11010","places":2,"units":2,"registered":"2019-12-10","catastro":"2370303QA4427A0013BE","holder":null,"holder_count":null}},{"type":"Feature","geometry":{"type":"Point","coordinates":[-6.286206,36.52021]},"properties":{"id":"VUT/CA/09445","type":"VUT","group":"Completa","address":"AVENIDA FERNÁNDEZ LADREDA Nº 9 Portal 3 Plta/Piso 4 Pta/Letra D, piso 4, puerta D","postal_code":"11008","places":2,"units":2,"registered":"2019-12-10","catastro":"3153513QA4435C0214EZ","holder":null,"holder_count":null}},{"type":"Feature","geometry":{"type":"Point","coordinates":[-6.276963,36.523914]},"properties":{"id":"VUT/CA/09447","type":"VUT","group":"Completa","address":"PASEO PRINCIPE DE ASTURIAS Nº 14 Plta/Piso 12 Pta/Letra B, piso 12, puerta B","postal_code":"11012","places":7,"units":4,"registered":"2019-12-10","catastro":"3957901QA4435F0210TZ","holder":"recauto express sl","holder_count":1}},{"type":"Feature","geometry":{"type":"Point","coordinates":[-6.300167,36.532015]},"properties":{"id":"VUT/CA/09451","type":"VUT","group":"Completa","address":"CALLE SAGASTA Nº 47 Plta/Piso BJ Pta/Letra V-2, piso BJ, puerta V-2","postal_code":"11001","places":4,"units":3,"registered":"2019-12-11","catastro":"1865107QA4416F0004WZ","holder":null,"holder_count":null}},{"type":"Feature","geometry":{"type":"Point","coordinates":[-6.296787,36.530891]},"properties":{"id":"VUT/CA/09452","type":"VUT","group":"Completa","address":"PLAZA TOPETE Nº 8 Plta/Piso 2, piso 2","postal_code":"11001","places":8,"units":4,"registered":"2019-12-11","catastro":"2164418QA4426C0003AB","holder":null,"holder_count":null}},{"type":"Feature","geometry":{"type":"Point","coordinates":[-6.300459,36.533128]},"properties":{"id":"VUT/CA/09455","type":"VUT","group":"Completa","address":"CALLE TORRE Nº 22 Plta/Piso 3, piso 3","postal_code":"11003","places":3,"units":1,"registered":"2019-12-11","catastro":"1866104QA4416F0008UW","holder":null,"holder_count":null}},{"type":"Feature","geometry":{"type":"Point","coordinates":[-6.280018,36.511039]},"properties":{"id":"VUT/CA/09464","type":"VUT","group":"Completa","address":"CALLE CRUZ ROJA ESPAÑOLA Nº 3 Plta/Piso 2 Pta/Letra A, piso 2, puerta A","postal_code":"11009","places":6,"units":3,"registered":"2019-12-12","catastro":"3742801QA4434B0068JT","holder":"VILLALOBOS AGENCIA SERVICIO Y ASISTENCIA SL","holder_count":1}},{"type":"Feature","geometry":{"type":"Point","coordinates":[-6.274348,36.500397]},"properties":{"id":"VUT/CA/09471","type":"VUT","group":"Completa","address":"CALLE VILLA DE PARADAS Nº 3 Plta/Piso 7 Pta/Letra F, piso 7, puerta F","postal_code":"11011","places":5,"units":2,"registered":"2019-12-12","catastro":"4230301QA4443A0072YU","holder":null,"holder_count":null}},{"type":"Feature","geometry":{"type":"Point","coordinates":[-6.296268,36.533383]},"properties":{"id":"VUT/CA/09483","type":"VUT","group":"Completa","address":"CALLE VALVERDE Nº 10 Plta/Piso 1 Pta/Letra C, piso 1, puerta C","postal_code":"11002","places":4,"units":1,"registered":"2019-12-13","catastro":"2267722QA4426E0007BL","holder":null,"holder_count":null}},{"type":"Feature","geometry":{"type":"Point","coordinates":[-6.300916,36.532139]},"properties":{"id":"VUT/CA/09490","type":"VUT","group":"Completa","address":"CALLE san jose Nº 59 Plta/Piso 3 Pta/Letra izquerda, piso 3, puerta izquerda","postal_code":"11001","places":3,"units":2,"registered":"2019-12-13","catastro":"1765205QA4416F0006ZM","holder":null,"holder_count":null}},{"type":"Feature","geometry":{"type":"Point","coordinates":[-6.306469,36.533446]},"properties":{"id":"VUT/CA/09492","type":"VUT","group":"Completa","address":"AVENIDA DUQUE DE NÁJERA Nº 7 Blq. E Plta/Piso 12 Pta/Letra A, piso 12, puerta A","postal_code":"11002","places":8,"units":5,"registered":"2019-12-13","catastro":"1267601QA4416E0126XI","holder":null,"holder_count":null}},{"type":"Feature","geometry":{"type":"Point","coordinates":[-6.302575,36.530771]},"properties":{"id":"VUT/CA/09496","type":"VUT","group":"Completa","address":"CALLE BELÉN Nº 13 Plta/Piso 3 Pta/Letra DCHA, piso 3, puerta DCHA","postal_code":"11002","places":4,"units":3,"registered":"2019-12-16","catastro":"1664804QA4416D0067DW","holder":null,"holder_count":null}},{"type":"Feature","geometry":{"type":"Point","coordinates":[-6.273139,36.510874]},"properties":{"id":"VUT/CA/09497","type":"VUT","group":"Completa","address":"CALLE BARBATE Nº 11D Plta/Piso 2 Pta/Letra B, piso 2, puerta B","postal_code":"11012","places":6,"units":2,"registered":"2019-12-16","catastro":"4243509QA4444C0013EQ","holder":"FAGOSA CB","holder_count":1}},{"type":"Feature","geometry":{"type":"Point","coordinates":[-6.292724,36.528407]},"properties":{"id":"VUT/CA/09501","type":"VUT","group":"Completa","address":"CALLE SANTA MARIA Nº 3 Plta/Piso ATICO Pta/Letra B, piso ATICO, puerta B","postal_code":"11006","places":4,"units":1,"registered":"2019-12-16","catastro":"2561104QA4426B0010KG","holder":null,"holder_count":null}},{"type":"Feature","geometry":{"type":"Point","coordinates":[-6.273621,36.505055]},"properties":{"id":"VUT/CA/09512","type":"VUT","group":"Completa","address":"CALLE VELAZQUEZ Nº 15 Blq. 1 Plta/Piso 6 Pta/Letra 1, piso 6, puerta 1","postal_code":"11010","places":6,"units":3,"registered":"2019-12-16","catastro":"4236401QA4443E0211EY","holder":null,"holder_count":null}},{"type":"Feature","geometry":{"type":"Point","coordinates":[-6.297342,36.533762]},"properties":{"id":"VUT/CA/09515","type":"VUT","group":"Completa","address":"CALLE Calle  Sagasta Nº 6 Plta/Piso 1º Pta/Letra IZQUIRDA, piso 1º, puerta IZQUIRDA","postal_code":"11001","places":4,"units":2,"registered":"2019-12-17","catastro":"2167703QA4426E0003XG","holder":null,"holder_count":null}},{"type":"Feature","geometry":{"type":"Point","coordinates":[-6.300761,36.528601]},"properties":{"id":"VUT/CA/09516","type":"VUT","group":"Completa","address":"CALLE REGIMIENTO DE INFANTERIA DE CADIZ Nº 15 Plta/Piso 1º Pta/Letra B, piso 1º, puerta B","postal_code":"11002","places":4,"units":3,"registered":"2019-12-17","catastro":"1861101QA4416B0002KY","holder":null,"holder_count":null}},{"type":"Feature","geometry":{"type":"Point","coordinates":[-6.294984,36.532573]},"properties":{"id":"VUT/CA/09521","type":"VUT","group":"Completa","address":"CALLE SAN ANDRÉS Nº 5 Plta/Piso 3, piso 3","postal_code":"11004","places":4,"units":2,"registered":"2019-12-17","catastro":"2266516QA4426E0004MH","holder":null,"holder_count":null}},{"type":"Feature","geometry":{"type":"Point","coordinates":[-6.27448,36.503705]},"properties":{"id":"VUT/CA/09522","type":"VUT","group":"Completa","address":"CALLE Pintor Godoy Nº 2 Esc. A Plta/Piso 3 Pta/Letra 2, piso 3, puerta 2","postal_code":"11009","places":5,"units":3,"registered":"2019-12-17","catastro":"4234101QA4443C0009XY","holder":null,"holder_count":null}},{"type":"Feature","geometry":{"type":"Point","coordinates":[-6.29918,36.532515]},"properties":{"id":"VUT/CA/09523","type":"VUT","group":"Completa","address":"CALLE SAGASTA Nº 32/34 Portal 1 Esc. 1 Plta/Piso 1 Pta/Letra A, piso 1, puerta A","postal_code":"11001","places":3,"units":2,"registered":"2019-12-17","catastro":"1966601QA4416F0001IK","holder":null,"holder_count":null}},{"type":"Feature","geometry":{"type":"Point","coordinates":[-6.279126,36.516373]},"properties":{"id":"VUT/CA/09525","type":"VUT","group":"Por habitaciones","address":"CALLE Parlamento Nº 24 Blq. A Plta/Piso 3 Pta/Letra Izq, piso 3, puerta Izq","postal_code":"11008","places":3,"units":3,"registered":"2019-12-17","catastro":"3748301QA4434H0047SZ","holder":null,"holder_count":null}},{"type":"Feature","geometry":{"type":"Point","coordinates":[-6.27448,36.503705]},"properties":{"id":"VUT/CA/09527","type":"VUT","group":"Completa","address":"CALLE PINTOR GODOY Nº 2 Esc. A Plta/Piso 3 Pta/Letra 1, piso 3, puerta 1","postal_code":"11009","places":5,"units":3,"registered":"2019-12-17","catastro":"4234101QA4443C0008ZT","holder":null,"holder_count":null}},{"type":"Feature","geometry":{"type":"Point","coordinates":[-6.277817,36.514237]},"properties":{"id":"VUT/CA/09529","type":"VUT","group":"Completa","address":"CALLE San Juan Bosco Nº 4 Blq. 3 Plta/Piso 5 Pta/Letra D, piso 5, puerta D","postal_code":"11009","places":4,"units":2,"registered":"2019-12-17","catastro":"3945128QA4434F0403RY","holder":null,"holder_count":null}},{"type":"Feature","geometry":{"type":"Point","coordinates":[-6.293909,36.530654]},"properties":{"id":"VUT/CA/09534","type":"VUT","group":"Completa","address":"CALLE CRISTOBAL COLON Nº 21 Plta/Piso 2 Pta/Letra D, piso 2, puerta D","postal_code":"11005","places":4,"units":1,"registered":"2019-12-17","catastro":"2464813QA4426C0014ST","holder":null,"holder_count":null}},{"type":"Feature","geometry":{"type":"Point","coordinates":[-6.306469,36.533446]},"properties":{"id":"VUT/CA/09535","type":"VUT","group":"Completa","address":"AVENIDA DUQUE DE NÁJERA Nº 7 Blq. E Plta/Piso 11 Pta/Letra A, piso 11, puerta A","postal_code":"11002","places":8,"units":4,"registered":"2019-12-17","catastro":"1267601QA4416E0122KR","holder":"AC GESTION CADIZ S.L.","holder_count":39}},{"type":"Feature","geometry":{"type":"Point","coordinates":[-6.294051,36.534144]},"properties":{"id":"VUT/CA/09536","type":"VUT","group":"Completa","address":"CALLE Beato Diego de Cádiz Nº 13 Plta/Piso 3 Pta/Letra c, piso 3, puerta c","postal_code":"11007","places":6,"units":3,"registered":"2019-12-17","catastro":"2367301QA4426G0015RL","holder":null,"holder_count":null}},{"type":"Feature","geometry":{"type":"Point","coordinates":[-6.295679,36.532824]},"properties":{"id":"VUT/CA/09550","type":"VUT","group":"Completa","address":"CALLE CANOVAS DEL CASTILLO Nº 48 Plta/Piso BAJO Pta/Letra B, piso BAJO, puerta B","postal_code":"11002","places":4,"units":2,"registered":"2019-12-20","catastro":"2267717QA4426E0003ZG","holder":"FOMENTO DE CAPITALES DEL SUR S.L.","holder_count":1}},{"type":"Feature","geometry":{"type":"Point","coordinates":[-6.271746,36.498628]},"properties":{"id":"VUT/CA/09558","type":"VUT","group":"Completa","address":"PLAZA JEREZ DE LA FRONTERA Nº 12 Esc. 4 Plta/Piso 7 Pta/Letra B, piso 7, puerta B","postal_code":"11011","places":6,"units":3,"registered":"2019-12-27","catastro":"4429301QA4442G0262XB","holder":"FOMENTO DE CAPITALES DEL SUR, S.L.","holder_count":1}},{"type":"Feature","geometry":{"type":"Point","coordinates":[-6.293985,36.531302]},"properties":{"id":"VUT/CA/09561","type":"VUT","group":"Por habitaciones","address":"CALLE SANTO CRISTO Nº 14 Plta/Piso 2, piso 2","postal_code":"11005","places":6,"units":5,"registered":"2019-12-28","catastro":"2365612QA4426E0005WJ","holder":null,"holder_count":null}},{"type":"Feature","geometry":{"type":"Point","coordinates":[-6.301489,36.532169]},"properties":{"id":"VUT/CA/09564","type":"VUT","group":"Completa","address":"CALLE TORRE Nº 47 Plta/Piso 3 Pta/Letra IZQ, piso 3, puerta IZQ","postal_code":"11002","places":4,"units":1,"registered":"2019-12-31","catastro":"1665408QA4416F0005JX","holder":null,"holder_count":null}},{"type":"Feature","geometry":{"type":"Point","coordinates":[-6.295376,36.532851]},"properties":{"id":"VUT/CA/09570","type":"VUT","group":"Completa","address":"CALLE COLUMELA Nº 29 Plta/Piso 3, piso 3","postal_code":"11004","places":6,"units":2,"registered":"2020-01-03","catastro":"2266503QA4426E0005EJ","holder":"APARTMENTS TIME S.L.","holder_count":55}},{"type":"Feature","geometry":{"type":"Point","coordinates":[-6.295525,36.530494]},"properties":{"id":"VUT/CA/09574","type":"VUT","group":"Completa","address":"CALLE BARROCAL Nº 4 Plta/Piso 2 Pta/Letra B, piso 2, puerta B","postal_code":"11005","places":4,"units":2,"registered":"2020-01-03","catastro":"2264510QA4426C0010IQ","holder":null,"holder_count":null}},{"type":"Feature","geometry":{"type":"Point","coordinates":[-6.300265,36.530119]},"properties":{"id":"VUT/CA/09586","type":"VUT","group":"Completa","address":"CALLE CARDOSO Nº 21 Plta/Piso 2 Pta/Letra A, piso 2, puerta A","postal_code":"11002","places":2,"units":1,"registered":"2020-01-07","catastro":"1863220QA4416D0010HY","holder":"ALQUILER VACACIONAL TURISMO E INNOVACIÓN SOCIAL SCA","holder_count":81}},{"type":"Feature","geometry":{"type":"Point","coordinates":[-6.276797,36.504936]},"properties":{"id":"VUT/CA/09590","type":"VUT","group":"Completa","address":"GLORIETA ANA ORANTES Nº 2 Esc. 1 Plta/Piso 6 Pta/Letra C, piso 6, puerta C","postal_code":"11010","places":4,"units":1,"registered":"2020-01-07","catastro":"4036710QA4443E0032WG","holder":"ALQUILER VACACIONAL TURISMO E INNOVACIÓN SOCIAL SCA","holder_count":81}},{"type":"Feature","geometry":{"type":"Point","coordinates":[-6.299938,36.533182]},"properties":{"id":"VUT/CA/09591","type":"VUT","group":"Completa","address":"CALLE SANTA INÉS Nº 7 Plta/Piso 1, piso 1","postal_code":"11003","places":2,"units":1,"registered":"2020-01-07","catastro":"1866109QA4416F0002ML","holder":null,"holder_count":null}},{"type":"Feature","geometry":{"type":"Point","coordinates":[-6.294457,36.53171]},"properties":{"id":"VUT/CA/09597","type":"VUT","group":"Por habitaciones","address":"CALLE FEDUCHY Nº 15 Plta/Piso 3 Pta/Letra A, piso 3, puerta A","postal_code":"11005","places":6,"units":3,"registered":"2020-01-09","catastro":"2365606QA4426E0004BH","holder":null,"holder_count":null}},{"type":"Feature","geometry":{"type":"Point","coordinates":[-6.295002,36.53215]},"properties":{"id":"VUT/CA/09601","type":"VUT","group":"Completa","address":"CALLE CARDENAL ZAPATA Nº 4 Plta/Piso BAJO Pta/Letra D, piso BAJO, puerta D","postal_code":"11004","places":2,"units":1,"registered":"2020-01-09","catastro":"2266520QA4426E0009FZ","holder":"AC GESTION CADIZ S.L.","holder_count":39}},{"type":"Feature","geometry":{"type":"Point","coordinates":[-6.294077,36.530522]},"properties":{"id":"VUT/CA/09605","type":"VUT","group":"Completa","address":"CALLE CRISTOBAL COLON Nº 22 Plta/Piso ENTREPLANT, piso ENTREPLANT","postal_code":"11005","places":4,"units":3,"registered":"2020-01-10","catastro":"2363303QA4426C0005KX","holder":null,"holder_count":null}},{"type":"Feature","geometry":{"type":"Point","coordinates":[-6.27901,36.506917]},"properties":{"id":"VUT/CA/09609","type":"VUT","group":"Completa","address":"PASEO MARÍTIMO Nº 1 Plta/Piso ATICO Pta/Letra F Compl.Dom. RESIDENCIAL REINA VICTORIA, piso ATICO, puerta F","postal_code":"11010","places":4,"units":2,"registered":"2020-01-10","catastro":"3838503QA4433H0076GQ","holder":"CADIZ4RENTALS, S.L.","holder_count":2}},{"type":"Feature","geometry":{"type":"Point","coordinates":[-6.272952,36.499012]},"properties":{"id":"VUT/CA/09610","type":"VUT","group":"Completa","address":"AVENIDA JOSE LEÓN DE CARRANZA Nº 12 Plta/Piso 11 Pta/Letra D, piso 11, puerta D","postal_code":"11011","places":6,"units":3,"registered":"2020-01-10","catastro":"4329901QA4442G0319YK","holder":null,"holder_count":null}},{"type":"Feature","geometry":{"type":"Point","coordinates":[-6.271521,36.49642]},"properties":{"id":"VUT/CA/09611","type":"VUT","group":"Completa","address":"PASEO MARITIMO Nº 30 Plta/Piso 7 Pta/Letra A, piso 7, puerta A","postal_code":"11012","places":8,"units":3,"registered":"2020-01-10","catastro":"4426304QA4442E0206LP","holder":null,"holder_count":null}},{"type":"Feature","geometry":{"type":"Point","coordinates":[-6.296691,36.529914]},"properties":{"id":"VUT/CA/09613","type":"VUT","group":"Completa","address":"CALLE Obispo Urquinaona Nº 17 Plta/Piso 3 Pta/Letra C, piso 3, puerta C","postal_code":"11005","places":5,"units":2,"registered":"2020-01-12","catastro":"2163921QA4426C0017FI","holder":null,"holder_count":null}},{"type":"Feature","geometry":{"type":"Point","coordinates":[-6.304219,36.528096]},"properties":{"id":"VUT/CA/09614","type":"VUT","group":"Completa","address":"CALLE CAMPO DEL SUR Nº 36 Plta/Piso 1 Pta/Letra c, piso 1, puerta c","postal_code":"11007","places":8,"units":3,"registered":"2020-01-13","catastro":"1461507QA4416A0004UX","holder":null,"holder_count":null}},{"type":"Feature","geometry":{"type":"Point","coordinates":[-6.300163,36.53153]},"properties":{"id":"VUT/CA/09615","type":"VUT","group":"Completa","address":"CALLE SAGASTA Nº 48-50 Portal 1 Plta/Piso 2 Pta/Letra IZQ (F), piso 2, puerta IZQ (F)","postal_code":"11002","places":3,"units":2,"registered":"2020-01-13","catastro":"1864945QA4416D0022XG","holder":null,"holder_count":null}},{"type":"Feature","geometry":{"type":"Point","coordinates":[-6.285486,36.519331]},"properties":{"id":"VUT/CA/09620","type":"VUT","group":"Completa","address":"CALLE CONDESA VILLAFUENTE BERMEJA Nº 5 Plta/Piso 1 Pta/Letra B, piso 1, puerta B","postal_code":"11008","places":4,"units":3,"registered":"2020-01-13","catastro":"3252702QA4435A0002EA","holder":null,"holder_count":null}},{"type":"Feature","geometry":{"type":"Point","coordinates":[-6.297606,36.534186]},"properties":{"id":"VUT/CA/09625","type":"VUT","group":"Completa","address":"CALLE CÁNOVAS DEL CASTILLO Nº 17 Plta/Piso 2 Pta/Letra B, piso 2, puerta B","postal_code":"11001","places":5,"units":3,"registered":"2020-01-14","catastro":"2068609QA4426G0009XH","holder":null,"holder_count":null}},{"type":"Feature","geometry":{"type":"Point","coordinates":[-6.295802,36.536252]},"properties":{"id":"VUT/CA/09634","type":"VUT","group":"Completa","address":"ALAMEDA APODACA Nº 22 Plta/Piso 4 Pta/Letra A, piso 4, puerta A","postal_code":"11004","places":6,"units":2,"registered":"2020-01-15","catastro":"2169307QA4426G0006OD","holder":null,"holder_count":null}},{"type":"Feature","geometry":{"type":"Point","coordinates":[-6.29122,36.529138]},"properties":{"id":"VUT/CA/09637","type":"VUT","group":"Completa","address":"CALLE GLORIA Nº 5 Plta/Piso 2 Pta/Letra A, piso 2, puerta A","postal_code":"11005","places":4,"units":2,"registered":"2020-01-16","catastro":"2662317QA4426D0003JY","holder":null,"holder_count":null}},{"type":"Feature","geometry":{"type":"Point","coordinates":[-6.275714,36.506024]},"properties":{"id":"VUT/CA/09638","type":"VUT","group":"Completa","address":"CALLE Pintor Zuloaga Nº 18 Plta/Piso 1 Pta/Letra c, piso 1, puerta c","postal_code":"11010","places":3,"units":1,"registered":"2020-01-16","catastro":"4037504QA4443G0022AE","holder":null,"holder_count":null}},{"type":"Feature","geometry":{"type":"Point","coordinates":[-6.297843,36.533515]},"properties":{"id":"VUT/CA/09639","type":"VUT","group":"Completa","address":"CALLE SAGASTA Nº 13 Plta/Piso 1 Pta/Letra B, piso 1, puerta B","postal_code":"11001","places":5,"units":2,"registered":"2020-01-16","catastro":"1967413QA4416H0011QB","holder":null,"holder_count":null}},{"type":"Feature","geometry":{"type":"Point","coordinates":[-6.297829,36.534451]},"properties":{"id":"VUT/CA/09641","type":"VUT","group":"Completa","address":"CALLE CANOVAS DEL CASTILLO Portal 8 Plta/Piso 3 Pta/Letra I, piso 3, puerta I","postal_code":"11001","places":7,"units":3,"registered":"2020-01-16","catastro":"2068514QA4426G0007AF","holder":null,"holder_count":null}},{"type":"Feature","geometry":{"type":"Point","coordinates":[-6.275462,36.503436]},"properties":{"id":"VUT/CA/09642","type":"VUT","group":"Completa","address":"AVENIDA Cayetano del Toro Nº 38 Esc. A Plta/Piso 4 Pta/Letra C, piso 4, puerta C","postal_code":"11010","places":3,"units":2,"registered":"2020-01-16","catastro":"4134806QA4443C0037UW","holder":null,"holder_count":null}},{"type":"Feature","geometry":{"type":"Point","coordinates":[-6.272952,36.499012]},"properties":{"id":"VUT/CA/09650","type":"VUT","group":"Completa","address":"AVENIDA PASEO MARITIMO Nº 23 Plta/Piso 4 Pta/Letra E Compl.Dom. DELFIN 2, piso 4, puerta E","postal_code":"11010","places":4,"units":2,"registered":"2020-01-17","catastro":"4329901QA4442G0860QD","holder":null,"holder_count":null}},{"type":"Feature","geometry":{"type":"Point","coordinates":[-6.300151,36.533281]},"properties":{"id":"VUT/CA/09657","type":"VUT","group":"Completa","address":"CALLE DE LA TORRE Nº 14 Calif.Nº DUP Plta/Piso 4, piso 4","postal_code":"11003","places":2,"units":1,"registered":"2020-01-18","catastro":"1866107QA4416F0007PQ","holder":null,"holder_count":null}},{"type":"Feature","geometry":{"type":"Point","coordinates":[-6.301253,36.532204]},"properties":{"id":"VUT/CA/09659","type":"VUT","group":"Completa","address":"CALLE HOSPITAL DE MUJERES Nº 39 Plta/Piso BAJO Pta/Letra IZQUIERDA, piso BAJO, puerta IZQUIERDA","postal_code":"11008","places":4,"units":1,"registered":"2020-01-19","catastro":"1765208QA4416F0001BK","holder":null,"holder_count":null}},{"type":"Feature","geometry":{"type":"Point","coordinates":[-6.302503,36.531779]},"properties":{"id":"VUT/CA/09670","type":"VUT","group":"Completa","address":"PLAZA JESÚS NAZARENO Nº 15 Plta/Piso 5 Pta/Letra E, piso 5, puerta E","postal_code":"11002","places":4,"units":3,"registered":"2020-01-20","catastro":"1665813QA4416F0029MJ","holder":null,"holder_count":null}},{"type":"Feature","geometry":{"type":"Point","coordinates":[-6.298925,36.534092]},"properties":{"id":"VUT/CA/09673","type":"VUT","group":"Completa","address":"CALLE junquera Nº 2 Plta/Piso 1 Pta/Letra a, piso 1, puerta a","postal_code":"11001","places":3,"units":3,"registered":"2020-01-20","catastro":"1968704QA4416H0005UJ","holder":null,"holder_count":null}},{"type":"Feature","geometry":{"type":"Point","coordinates":[-6.300783,36.531264]},"properties":{"id":"VUT/CA/09674","type":"VUT","group":"Completa","address":"CALLE MATEO DE ALBA Nº 2 Plta/Piso 1, piso 1","postal_code":"11002","places":6,"units":3,"registered":"2020-01-20","catastro":"1764910QA4416D0002SQ","holder":null,"holder_count":null}},{"type":"Feature","geometry":{"type":"Point","coordinates":[-6.293909,36.530654]},"properties":{"id":"VUT/CA/09675","type":"VUT","group":"Completa","address":"CALLE CRISTOBAL COLON Nº 21 Plta/Piso 3 Pta/Letra D, piso 3, puerta D","postal_code":"11005","places":4,"units":2,"registered":"2020-01-20","catastro":"2464813QA4426C0016FU","holder":null,"holder_count":null}},{"type":"Feature","geometry":{"type":"Point","coordinates":[-6.304332,36.532343]},"properties":{"id":"VUT/CA/09677","type":"VUT","group":"Completa","address":"CALLE BOLIVIA Nº 13 Plta/Piso 2, piso 2","postal_code":"11002","places":4,"units":2,"registered":"2020-01-20","catastro":"1466616QA4416E0001KO","holder":null,"holder_count":null}},{"type":"Feature","geometry":{"type":"Point","coordinates":[-6.29226,36.527775]},"properties":{"id":"VUT/CA/09682","type":"VUT","group":"Completa","address":"CALLE SAN JUAN BAUTISTA DE LA SALLE Nº 10 Plta/Piso 4, piso 4","postal_code":"11005","places":3,"units":1,"registered":"2020-01-21","catastro":"2561611QA4426B0005ED","holder":"DUNA BEDUINA SERVICIOS TURISTÍCOS, S.L.","holder_count":77}},{"type":"Feature","geometry":{"type":"Point","coordinates":[-6.291575,36.528454]},"properties":{"id":"VUT/CA/09683","type":"VUT","group":"Por habitaciones","address":"CALLE Yedra Nº 5 Plta/Piso BAJO Pta/Letra IZQ, piso BAJO, puerta IZQ","postal_code":"11006","places":6,"units":2,"registered":"2020-01-21","catastro":"2661110QA4426B0001IO","holder":null,"holder_count":null}},{"type":"Feature","geometry":{"type":"Point","coordinates":[-6.301305,36.53529]},"properties":{"id":"VUT/CA/09688","type":"VUT","group":"Completa","address":"CALLE CEBALLOS Nº 1-3-5 Plta/Piso B Pta/Letra 1, piso B, puerta 1","postal_code":"11003","places":4,"units":2,"registered":"2020-01-21","catastro":"1769810QA4416H0108LM","holder":null,"holder_count":null}},{"type":"Feature","geometry":{"type":"Point","coordinates":[-6.301681,36.534356]},"properties":{"id":"VUT/CA/09689","type":"VUT","group":"Completa","address":"CALLE CEBALLOS Nº 18 Plta/Piso 2 Pta/Letra C, piso 2, puerta C","postal_code":"11003","places":6,"units":3,"registered":"2020-01-21","catastro":"1768801QA4416H0006QK","holder":null,"holder_count":null}},{"type":"Feature","geometry":{"type":"Point","coordinates":[-6.277473,36.507835]},"properties":{"id":"VUT/CA/09697","type":"VUT","group":"Completa","address":"AVENIDA CAYETANO DEL TORO Nº 1 Plta/Piso 1 Pta/Letra A, piso 1, puerta A","postal_code":"11010","places":4,"units":3,"registered":"2020-01-22","catastro":"3938301QA4433H0030HD","holder":null,"holder_count":null}},{"type":"Feature","geometry":{"type":"Point","coordinates":[-6.301141,36.532926]},"properties":{"id":"VUT/CA/09708","type":"VUT","group":"Completa","address":"CALLE SACRAMENTO Nº 61 Plta/Piso Bajo Pta/Letra B, piso Bajo, puerta B","postal_code":"11003","places":6,"units":2,"registered":"2020-01-22","catastro":"1766215QA4416F0003JB","holder":null,"holder_count":null}},{"type":"Feature","geometry":{"type":"Point","coordinates":[-6.279468,36.508013]},"properties":{"id":"VUT/CA/09751","type":"VUT","group":"Completa","address":"CALLE Amilcar Barca Nº 47 Plta/Piso 4 Pta/Letra C, piso 4, puerta C","postal_code":"11009","places":5,"units":2,"registered":"2020-01-24","catastro":"3839101QA4433H0030ZD","holder":null,"holder_count":null}},{"type":"Feature","geometry":{"type":"Point","coordinates":[-6.293091,36.530005]},"properties":{"id":"VUT/CA/09752","type":"VUT","group":"Completa","address":"PLAZA SAN JUAN DE DIOS Nº 6, 7 Esc. 3 Plta/Piso IZDA, piso IZDA","postal_code":"11005","places":4,"units":2,"registered":"2020-01-25","catastro":"2463914QA4426C0006GM","holder":null,"holder_count":null}},{"type":"Feature","geometry":{"type":"Point","coordinates":[-6.278817,36.523283]},"properties":{"id":"VUT/CA/09755","type":"VUT","group":"Completa","address":"CALLE América Blq. 5 Portal A Plta/Piso 6 Pta/Letra C, piso 6, puerta C","postal_code":"11012","places":7,"units":3,"registered":"2020-01-26","catastro":"3756601QA4435F0026AT","holder":null,"holder_count":null}},{"type":"Feature","geometry":{"type":"Point","coordinates":[-6.301707,36.530568]},"properties":{"id":"VUT/CA/09758","type":"VUT","group":"Completa","address":"CALLE Republica Dominicana Nº 4 Plta/Piso 1 Pta/Letra Izquierda, piso 1, puerta Izquierda","postal_code":"11003","places":2,"units":1,"registered":"2020-01-27","catastro":"1763104QA4416d0004LE","holder":null,"holder_count":null}},{"type":"Feature","geometry":{"type":"Point","coordinates":[-6.301707,36.530568]},"properties":{"id":"VUT/CA/09760","type":"VUT","group":"Completa","address":"CALLE Republica Dominicana Nº 4 Plta/Piso 1 Pta/Letra Derecha, piso 1, puerta Derecha","postal_code":"11003","places":2,"units":1,"registered":"2020-01-27","catastro":"1763104QA4416d0004LE","holder":null,"holder_count":null}},{"type":"Feature","geometry":{"type":"Point","coordinates":[-6.30338,36.529229]},"properties":{"id":"VUT/CA/09763","type":"VUT","group":"Completa","address":"CALLE SAN FELIX Nº 8 Portal 1 Plta/Piso 1 Pta/Letra D, piso 1, puerta D","postal_code":"11002","places":3,"units":1,"registered":"2020-01-27","catastro":"1562915QA4416B0009QD","holder":"DUNA BEDUINA SERVICIOS TURISTÍCOS, S.L.","holder_count":77}},{"type":"Feature","geometry":{"type":"Point","coordinates":[-6.299114,36.53044]},"properties":{"id":"VUT/CA/09765","type":"VUT","group":"Completa","address":"CALLE ROBLES Nº 7 Plta/Piso PB Pta/Letra B, piso PB, puerta B","postal_code":"11003","places":4,"units":1,"registered":"2020-01-27","catastro":"1963204QA4416D0002TQ","holder":null,"holder_count":null}},{"type":"Feature","geometry":{"type":"Point","coordinates":[-6.301843,36.53206]},"properties":{"id":"VUT/CA/09774","type":"VUT","group":"Completa","address":"CALLE ENCARNACION Nº 5 Plta/Piso BAJO Pta/Letra A Compl.Dom. BARRIO LA VIÑA, piso BAJO, puerta A","postal_code":"11002","places":2,"units":1,"registered":"2020-01-28","catastro":"1665412QA4416F0010TQ","holder":null,"holder_count":null}},{"type":"Feature","geometry":{"type":"Point","coordinates":[-6.303885,36.531435]},"properties":{"id":"VUT/CA/09801","type":"VUT","group":"Completa","address":"CALLE LA ROSA Nº 48 Plta/Piso 3, piso 3","postal_code":"11002","places":4,"units":1,"registered":"2020-01-28","catastro":"1564801QA4416D0001GM","holder":null,"holder_count":null}},{"type":"Feature","geometry":{"type":"Point","coordinates":[-6.293214,36.531975]},"properties":{"id":"VUT/CA/09802","type":"VUT","group":"Completa","address":"AVENIDA CUATRO DE DICIEMBRE DE 1977 Nº 26-27 Plta/Piso 3 Pta/Letra C-2, piso 3, puerta C-2","postal_code":"11006","places":2,"units":1,"registered":"2020-01-28","catastro":"2465202QA4426E0014DM","holder":null,"holder_count":null}},{"type":"Feature","geometry":{"type":"Point","coordinates":[-6.298794,36.535913]},"properties":{"id":"VUT/CA/09810","type":"VUT","group":"Completa","address":"CALLE ADOLFO DE CASTRO Nº 10 Plta/Piso 4ª Pta/Letra IZQ, piso 4ª, puerta IZQ","postal_code":"11003","places":2,"units":1,"registered":"2020-01-29","catastro":"1969306QA4416H0008JB","holder":null,"holder_count":null}},{"type":"Feature","geometry":{"type":"Point","coordinates":[-6.297854,36.530296]},"properties":{"id":"VUT/CA/09811","type":"VUT","group":"Completa","address":"PLAZA LIBERTAD 15 Nº 15 Plta/Piso 3 Pta/Letra IZ, piso 3, puerta IZ","postal_code":"11005","places":9,"units":3,"registered":"2020-01-29","catastro":"2063305QA4426C0006GM","holder":null,"holder_count":null}},{"type":"Feature","geometry":{"type":"Point","coordinates":[-6.304396,36.529506]},"properties":{"id":"VUT/CA/09817","type":"VUT","group":"Completa","address":"CALLE PARAGUAY Nº 3 Plta/Piso BAJO Pta/Letra C, piso BAJO, puerta C","postal_code":"11002","places":2,"units":1,"registered":"2020-01-30","catastro":"1462902QA4416A0012AR","holder":null,"holder_count":null}},{"type":"Feature","geometry":{"type":"Point","coordinates":[-6.30338,36.529229]},"properties":{"id":"VUT/CA/09824","type":"VUT","group":"Completa","address":"CALLE LUBET Nº 5-9 Plta/Piso 2 Pta/Letra I, piso 2, puerta I","postal_code":"11002","places":4,"units":2,"registered":"2020-01-30","catastro":"1562915QA4416B0046EG","holder":null,"holder_count":null}},{"type":"Feature","geometry":{"type":"Point","coordinates":[-6.28386,36.514807]},"properties":{"id":"VUT/CA/09837","type":"VUT","group":"Completa","address":"CALLE callejon del blanco Nº 2 Plta/Piso 1 Pta/Letra G, piso 1, puerta G","postal_code":"11008","places":5,"units":2,"registered":"2020-01-31","catastro":"3346401QA4434E0007PS","holder":null,"holder_count":null}},{"type":"Feature","geometry":{"type":"Point","coordinates":[-6.299649,36.534253]},"properties":{"id":"VUT/CA/09839","type":"VUT","group":"Completa","address":"CALLE CERVANTES Nº 24 Plta/Piso 1 Pta/Letra A, piso 1, puerta A","postal_code":"11003","places":2,"units":1,"registered":"2020-01-31","catastro":"1867207QA4416F0006KM","holder":"ALQUILER VACACIONAL TURISMO E INNOVACIÓN SOCIAL SCA","holder_count":81}},{"type":"Feature","geometry":{"type":"Point","coordinates":[-6.27979,36.518187]},"properties":{"id":"VUT/CA/09840","type":"VUT","group":"Completa","address":"CALLE ALFONSO ARAMBURU Nº 1 Plta/Piso 4, piso 4","postal_code":"11008","places":4,"units":1,"registered":"2020-01-31","catastro":"3650301QA4435B0055BS","holder":null,"holder_count":null}},{"type":"Feature","geometry":{"type":"Point","coordinates":[-6.273687,36.500305]},"properties":{"id":"VUT/CA/09841","type":"VUT","group":"Completa","address":"AVENIDA JOSÉ LEÓN DE CARRANZA Nº 4 TRIPL. Plta/Piso 12 Pta/Letra F, piso 12, puerta F","postal_code":"11011","places":5,"units":2,"registered":"2020-01-31","catastro":"4230303QA4443A0210OG","holder":null,"holder_count":null}},{"type":"Feature","geometry":{"type":"Point","coordinates":[-6.278881,36.514338]},"properties":{"id":"VUT/CA/09846","type":"VUT","group":"Completa","address":"AVENIDA PORTUGAL Nº 36 Plta/Piso 1 Pta/Letra D, piso 1, puerta D","postal_code":"11008","places":6,"units":3,"registered":"2020-01-31","catastro":"3746611QA4434F0003XJ","holder":null,"holder_count":null}},{"type":"Feature","geometry":{"type":"Point","coordinates":[-6.273432,36.512785]},"properties":{"id":"VUT/CA/09851","type":"VUT","group":"Completa","address":"CALLE BARBATE Nº 62 Portal TRIPLICADO Plta/Piso 1 Pta/Letra B, piso 1, puerta B","postal_code":"11012","places":5,"units":2,"registered":"2020-01-31","catastro":"4344101QA4444C0026FA","holder":null,"holder_count":null}},{"type":"Feature","geometry":{"type":"Point","coordinates":[-6.299376,36.531034]},"properties":{"id":"VUT/CA/09852","type":"VUT","group":"Completa","address":"CALLE SAN FRANCISCO JAVIER Nº 5 Plta/Piso BAJA Pta/Letra IZQUIERDA, piso BAJA, puerta IZQUIERDA","postal_code":"11002","places":4,"units":1,"registered":"2020-02-03","catastro":"1864927QA4416D0002GQ","holder":null,"holder_count":null}},{"type":"Feature","geometry":{"type":"Point","coordinates":[-6.286437,36.521852]},"properties":{"id":"VUT/CA/09854","type":"VUT","group":"Completa","address":"CALLE FRANCISCO GARCÍA MERCHÁN Nº 3 Esc. 2º Plta/Piso BAJO Pta/Letra A, piso BAJO, puerta A","postal_code":"11008","places":4,"units":2,"registered":"2020-02-04","catastro":"3154801qa4435c0003ju","holder":null,"holder_count":null}},{"type":"Feature","geometry":{"type":"Point","coordinates":[-6.297127,36.532753]},"properties":{"id":"VUT/CA/09855","type":"VUT","group":"Completa","address":"CALLE ANCHA Nº 37 Plta/Piso 3 Pta/Letra A, piso 3, puerta A","postal_code":"11001","places":6,"units":2,"registered":"2020-02-04","catastro":"2066311QA4426E0010SL","holder":null,"holder_count":null}},{"type":"Feature","geometry":{"type":"Point","coordinates":[-6.299618,36.534071]},"properties":{"id":"VUT/CA/09858","type":"VUT","group":"Por habitaciones","address":"CALLE TORRE Nº 5 Plta/Piso 2 Pta/Letra IZQUIE., piso 2, puerta IZQUIE.","postal_code":"11003","places":4,"units":2,"registered":"2020-02-04","catastro":"1867210QA4416F0006KM","holder":null,"holder_count":null}},{"type":"Feature","geometry":{"type":"Point","coordinates":[-6.281354,36.52019]},"properties":{"id":"VUT/CA/09860","type":"VUT","group":"Completa","address":"CALLE DR. RODRÍGUEZ LÓPEZ Nº 1 Plta/Piso 4º Pta/Letra DCHA, piso 4º, puerta DCHA","postal_code":"11008","places":4,"units":3,"registered":"2020-02-14","catastro":"3553501QA4435D0035FH","holder":null,"holder_count":null}},{"type":"Feature","geometry":{"type":"Point","coordinates":[-6.297343,36.532629]},"properties":{"id":"VUT/CA/09861","type":"VUT","group":"Completa","address":"CALLE SAN MIGUEL Nº 7 Plta/Piso 2 Pta/Letra D, piso 2, puerta D","postal_code":"11001","places":5,"units":3,"registered":"2020-02-04","catastro":"2066313QA4426E0015SQ","holder":"DUNA BEDUINA SERVICIOS TURISTÍCOS, S.L.","holder_count":77}},{"type":"Feature","geometry":{"type":"Point","coordinates":[-6.272214,36.497554]},"properties":{"id":"VUT/CA/09865","type":"VUT","group":"Completa","address":"CALLE CARACOLAS Nº 7 Plta/Piso 2 Pta/Letra C, piso 2, puerta C","postal_code":"11011","places":4,"units":2,"registered":"2020-02-04","catastro":"4428808QA4442G0007AM","holder":null,"holder_count":null}},{"type":"Feature","geometry":{"type":"Point","coordinates":[-6.30338,36.529229]},"properties":{"id":"VUT/CA/09869","type":"VUT","group":"Completa","address":"CALLE PERICÓN Nº 17 Portal 2-3 Plta/Piso 2 Pta/Letra A, piso 2, puerta A","postal_code":"11002","places":4,"units":1,"registered":"2020-02-04","catastro":"1562915QA4416B0038ZP","holder":null,"holder_count":null}},{"type":"Feature","geometry":{"type":"Point","coordinates":[-6.297098,36.531394]},"properties":{"id":"VUT/CA/09870","type":"VUT","group":"Completa","address":"CALLE COLUMELA Nº 2 Calif.Nº DPDO Plta/Piso 2, piso 2","postal_code":"11001","places":6,"units":3,"registered":"2020-02-04","catastro":"2164103QA4426C0004UZ","holder":null,"holder_count":null}},{"type":"Feature","geometry":{"type":"Point","coordinates":[-6.295291,36.535353]},"properties":{"id":"VUT/CA/09871","type":"VUT","group":"Completa","address":"CALLE ISABEL LA CATOLICA Nº 10 Plta/Piso BJ, piso BJ","postal_code":"11004","places":4,"units":2,"registered":"2020-02-05","catastro":"2269316QA4426G0002TO","holder":null,"holder_count":null}},{"type":"Feature","geometry":{"type":"Point","coordinates":[-6.276887,36.508623]},"properties":{"id":"VUT/CA/09876","type":"VUT","group":"Completa","address":"CALLE EJERCITO DE AFRICA Nº 15 Plta/Piso 4 Pta/Letra C, piso 4, puerta C","postal_code":"11009","places":5,"units":2,"registered":"2020-02-05","catastro":"4040901qa4444a0012ht","holder":null,"holder_count":null}},{"type":"Feature","geometry":{"type":"Point","coordinates":[-6.298424,36.535781]},"properties":{"id":"VUT/CA/09878","type":"VUT","group":"Completa","address":"CALLE ADOLFO DE CASTRO Nº 6 Plta/Piso 2, piso 2","postal_code":"11003","places":4,"units":2,"registered":"2020-02-05","catastro":"1969308QA4416H0011SB","holder":null,"holder_count":null}},{"type":"Feature","geometry":{"type":"Point","coordinates":[-6.289507,36.527894]},"properties":{"id":"VUT/CA/09883","type":"VUT","group":"Completa","address":"CALLE GOLETA Nº 6 Plta/Piso 1 Pta/Letra B, piso 1, puerta B","postal_code":"11009","places":4,"units":2,"registered":"2020-02-05","catastro":"2861801QA4426B0005HD","holder":null,"holder_count":null}},{"type":"Feature","geometry":{"type":"Point","coordinates":[-6.272745,36.498228]},"properties":{"id":"VUT/CA/09884","type":"VUT","group":"Completa","address":"CALLE NEREIDAS Nº 4 Esc. 1 Plta/Piso 4 Pta/Letra C, piso 4, puerta C","postal_code":"11011","places":5,"units":3,"registered":"2020-02-05","catastro":"4428802QA4442G0034ZK","holder":null,"holder_count":null}},{"type":"Feature","geometry":{"type":"Point","coordinates":[-6.298497,36.536602]},"properties":{"id":"VUT/CA/09887","type":"VUT","group":"Completa","address":"ALAMEDA HERMANAS CARVIA BERNAL Nº 10 Plta/Piso ATICO, piso ATICO","postal_code":"11003","places":4,"units":2,"registered":"2020-02-07","catastro":"1970404QA4417B0012JU","holder":null,"holder_count":null}},{"type":"Feature","geometry":{"type":"Point","coordinates":[-6.290892,36.527848]},"properties":{"id":"VUT/CA/09895","type":"VUT","group":"Completa","address":"CALLE TENIENTE ANDUJAR Nº 5 Plta/Piso BAJO, piso BAJO","postal_code":"11006","places":4,"units":2,"registered":"2020-02-10","catastro":"2660303QA4426B0002XP","holder":"AC GESTION CADIZ S.L.","holder_count":39}},{"type":"Feature","geometry":{"type":"Point","coordinates":[-6.301636,36.535409]},"properties":{"id":"VUT/CA/09899","type":"VUT","group":"Completa","address":"CALLE HERCULES Nº 6 Plta/Piso BAJO Pta/Letra A, piso BAJO, puerta A","postal_code":"11003","places":4,"units":2,"registered":"2020-02-10","catastro":"1769802QA4416H0018QR","holder":null,"holder_count":null}},{"type":"Feature","geometry":{"type":"Point","coordinates":[-6.297539,36.536095]},"properties":{"id":"VUT/CA/09907","type":"VUT","group":"Completa","address":"CALLE CALDERON DE LA BARCA Nº 7 Plta/Piso 4, piso 4","postal_code":"11003","places":4,"units":2,"registered":"2020-02-10","catastro":"2070907QA4427A0005UZ","holder":null,"holder_count":null}},{"type":"Feature","geometry":{"type":"Point","coordinates":[-6.29031,36.528607]},"properties":{"id":"VUT/CA/09909","type":"VUT","group":"Completa","address":"CALLE SANTO DOMINGO Nº 3 Plta/Piso 2 Pta/Letra A, piso 2, puerta A","postal_code":"11006","places":4,"units":2,"registered":"2020-02-10","catastro":"2762705QA4426B0013BK","holder":null,"holder_count":null}},{"type":"Feature","geometry":{"type":"Point","coordinates":[-6.300258,36.537112]},"properties":{"id":"VUT/CA/09911","type":"VUT","group":"Completa","address":"CALLE Carmen Coronada Nº 16 Plta/Piso 3ro, piso 3ro","postal_code":"11003","places":4,"units":2,"registered":"2020-02-11","catastro":"1871703QA4417B0005YE","holder":null,"holder_count":null}},{"type":"Feature","geometry":{"type":"Point","coordinates":[-6.296594,36.532631]},"properties":{"id":"VUT/CA/09922","type":"VUT","group":"Completa","address":"CALLE VALVERDE Nº 20 Plta/Piso 1º Pta/Letra IZQUIERDA, piso 1º, puerta IZQUIERDA","postal_code":"11004","places":3,"units":2,"registered":"2020-02-11","catastro":"2166501QA4426E0003FG","holder":null,"holder_count":null}},{"type":"Feature","geometry":{"type":"Point","coordinates":[-6.296594,36.532631]},"properties":{"id":"VUT/CA/09923","type":"VUT","group":"Completa","address":"CALLE VALVERDE Nº 20 Plta/Piso 1º Pta/Letra CENTRO, piso 1º, puerta CENTRO","postal_code":"11004","places":3,"units":1,"registered":"2020-02-11","catastro":"2166501QA4426E0003FG","holder":null,"holder_count":null}},{"type":"Feature","geometry":{"type":"Point","coordinates":[-6.296594,36.532631]},"properties":{"id":"VUT/CA/09924","type":"VUT","group":"Completa","address":"CALLE VALVERDE Nº 20 Plta/Piso 1º Pta/Letra DERECHA, piso 1º, puerta DERECHA","postal_code":"11004","places":3,"units":1,"registered":"2020-02-11","catastro":"2166501QA4426E0003FG","holder":null,"holder_count":null}},{"type":"Feature","geometry":{"type":"Point","coordinates":[-6.296692,36.532194]},"properties":{"id":"VUT/CA/09937","type":"VUT","group":"Completa","address":"CALLE NOVENA Nº 16 Plta/Piso 5 Pta/Letra C, piso 5, puerta C","postal_code":"11001","places":4,"units":1,"registered":"2020-02-12","catastro":"2165203QA4426E0016WW","holder":null,"holder_count":null}},{"type":"Feature","geometry":{"type":"Point","coordinates":[-6.293091,36.530005]},"properties":{"id":"VUT/CA/09939","type":"VUT","group":"Completa","address":"PLAZA SAN JUAN DE DIOS Nº 8 Esc. d Plta/Piso 1 Pta/Letra D, piso 1, puerta D","postal_code":"11001","places":8,"units":3,"registered":"2020-02-12","catastro":"2463914QA4426C0001PK","holder":null,"holder_count":null}},{"type":"Feature","geometry":{"type":"Point","coordinates":[-6.301112,36.534345]},"properties":{"id":"VUT/CA/09946","type":"VUT","group":"Completa","address":"CALLE soledad Nº 8/10 Plta/Piso bj, piso bj","postal_code":"11003","places":4,"units":2,"registered":"2020-02-13","catastro":"1768603QA4416H0007SL","holder":"AC GESTION CADIZ S.L.","holder_count":39}},{"type":"Feature","geometry":{"type":"Point","coordinates":[-6.29989,36.534924]},"properties":{"id":"VUT/CA/09950","type":"VUT","group":"Completa","address":"CALLE P Nº 5","postal_code":"11003","places":4,"units":2,"registered":"2020-02-14","catastro":"1868208QA4416H0003YG","holder":null,"holder_count":null}},{"type":"Feature","geometry":{"type":"Point","coordinates":[-6.29539,36.532267]},"properties":{"id":"VUT/CA/09951","type":"VUT","group":"Completa","address":"CALLE JOSE DEL TORO Nº 24 Plta/Piso 2, piso 2","postal_code":"11004","places":6,"units":3,"registered":"2020-02-14","catastro":"2266522QA4426E0003EG","holder":null,"holder_count":null}},{"type":"Feature","geometry":{"type":"Point","coordinates":[-6.279207,36.50759]},"properties":{"id":"VUT/CA/09952","type":"VUT","group":"Completa","address":"CALLE BRASIL Nº 12 Plta/Piso 6 Pta/Letra A, piso 6, puerta A","postal_code":"11009","places":4,"units":1,"registered":"2020-02-14","catastro":"3839108QA4433H0096JG","holder":null,"holder_count":null}},{"type":"Feature","geometry":{"type":"Point","coordinates":[-6.301208,36.531717]},"properties":{"id":"VUT/CA/09953","type":"VUT","group":"Completa","address":"CALLE SAN JOSE Nº 65 Plta/Piso 2 Pta/Letra DCHA, piso 2, puerta DCHA","postal_code":"11002","places":4,"units":2,"registered":"2020-02-14","catastro":"1765910QA4416F0006ZM","holder":"HERMANOS QUIRÓS MELERO C.B.","holder_count":2}},{"type":"Feature","geometry":{"type":"Point","coordinates":[-6.271521,36.49642]},"properties":{"id":"VUT/CA/09955","type":"VUT","group":"Completa","address":"PASEO Paseo Maritimo Nº 30 Esc. 1 Plta/Piso 6 Pta/Letra B, piso 6, puerta B","postal_code":"11011","places":6,"units":3,"registered":"2020-02-14","catastro":"4426304QA4442E0195OM","holder":null,"holder_count":null}},{"type":"Feature","geometry":{"type":"Point","coordinates":[-6.273414,36.499763]},"properties":{"id":"VUT/CA/09962","type":"VUT","group":"Completa","address":"AVENIDA José León de Carranza Nº 13 Plta/Piso 6 Pta/Letra izquierda, piso 6, puerta izquierda","postal_code":"11011","places":5,"units":3,"registered":"2020-02-17","catastro":"4230305QA4443A0012MA","holder":null,"holder_count":null}},{"type":"Feature","geometry":{"type":"Point","coordinates":[-6.293711,36.53083]},"properties":{"id":"VUT/CA/09963","type":"VUT","group":"Completa","address":"CALLE CRISTOBAL COLON Nº 15 Plta/Piso BAJO Pta/Letra C, piso BAJO, puerta C","postal_code":"11005","places":6,"units":2,"registered":"2020-02-17","catastro":"2464810QA4426C0003MB","holder":"ALQUILER VACACIONAL TURISMO E INNOVACIÓN SOCIAL SCA","holder_count":81}},{"type":"Feature","geometry":{"type":"Point","coordinates":[-6.293165,36.529988]},"properties":{"id":"VUT/CA/09969","type":"VUT","group":"Completa","address":"PLAZA SAN JUAN DE DIOS Nº 8 Esc. D Pta/Letra D, puerta D","postal_code":"11001","places":6,"units":2,"registered":"2020-02-18","catastro":"2463915QA4426C0003ZB","holder":null,"holder_count":null}},{"type":"Feature","geometry":{"type":"Point","coordinates":[-6.295089,36.533245]},"properties":{"id":"VUT/CA/09973","type":"VUT","group":"Completa","address":"CALLE Columela Nº 38 Plta/Piso 2, piso 2","postal_code":"11004","places":6,"units":2,"registered":"2020-02-18","catastro":"2267907QA4426E0005FJ","holder":null,"holder_count":null}},{"type":"Feature","geometry":{"type":"Point","coordinates":[-6.273065,36.49784]},"properties":{"id":"VUT/CA/09978","type":"VUT","group":"Completa","address":"PASEO PASEO MARÍTIMO Nº 27 Esc. 1 Plta/Piso 10 Pta/Letra C, piso 10, puerta C","postal_code":"11011","places":6,"units":3,"registered":"2020-02-18","catastro":"4428807QA4442G0051IY","holder":null,"holder_count":null}},{"type":"Feature","geometry":{"type":"Point","coordinates":[-6.290312,36.528067]},"properties":{"id":"VUT/CA/09983","type":"VUT","group":"Completa","address":"CALLE BOTICA Nº 10 Plta/Piso BAJOS Pta/Letra INT, piso BAJOS, puerta INT","postal_code":"11006","places":2,"units":1,"registered":"2020-02-19","catastro":"2761904QA4426B0002YP","holder":"MINIXAGU SL","holder_count":1}},{"type":"Feature","geometry":{"type":"Point","coordinates":[-6.280125,36.509877]},"properties":{"id":"VUT/CA/09988","type":"VUT","group":"Completa","address":"CALLE CRUZ ROJA ESPAÑOLA Portal 10 Plta/Piso BAJO Pta/Letra DER, piso BAJO, puerta DER","postal_code":"11009","places":6,"units":3,"registered":"2020-02-19","catastro":"3641406QA4434B0007YI","holder":null,"holder_count":null}},{"type":"Feature","geometry":{"type":"Point","coordinates":[-6.273971,36.500802]},"properties":{"id":"VUT/CA/09989","type":"VUT","group":"Completa","address":"AVENIDA JOSE LEÓN DE CARRANZA Nº 2 Portal A Plta/Piso 6 Pta/Letra D, piso 6, puerta D","postal_code":"11011","places":4,"units":2,"registered":"2020-02-19","catastro":"4231902QA4443A0066KR","holder":null,"holder_count":null}},{"type":"Feature","geometry":{"type":"Point","coordinates":[-6.295903,36.534334]},"properties":{"id":"VUT/CA/09995","type":"VUT","group":"Completa","address":"PLAZA SAN FRANCISCO Nº 1 Plta/Piso 5º Pta/Letra ATICO, piso 5º, puerta ATICO","postal_code":"11004","places":2,"units":1,"registered":"2020-02-19","catastro":"2268702QA4426G0001II","holder":null,"holder_count":null}},{"type":"Feature","geometry":{"type":"Point","coordinates":[-6.295903,36.534334]},"properties":{"id":"VUT/CA/09996","type":"VUT","group":"Completa","address":"PLAZA SAN FRANCISCO Nº 1 Plta/Piso 2º Pta/Letra DERECHA, piso 2º, puerta DERECHA","postal_code":"11004","places":4,"units":2,"registered":"2020-02-19","catastro":"2268702QA4426G0001II","holder":null,"holder_count":null}},{"type":"Feature","geometry":{"type":"Point","coordinates":[-6.302057,36.535905]},"properties":{"id":"VUT/CA/10011","type":"VUT","group":"Completa","address":"CALLE SAN DIMAS Nº 2 Plta/Piso BJ Pta/Letra C, piso BJ, puerta C","postal_code":"11003","places":4,"units":3,"registered":"2020-02-20","catastro":"1669303QA4416H0003OG","holder":null,"holder_count":null}},{"type":"Feature","geometry":{"type":"Point","coordinates":[-6.304386,36.528503]},"properties":{"id":"VUT/CA/10012","type":"VUT","group":"Completa","address":"CALLE PARAGUAY Nº 17 Plta/Piso 3 Pta/Letra A, piso 3, puerta A","postal_code":"11002","places":4,"units":1,"registered":"2020-02-20","catastro":"1461206QA4416A0007SW","holder":null,"holder_count":null}},{"type":"Feature","geometry":{"type":"Point","coordinates":[-6.294178,36.534426]},"properties":{"id":"VUT/CA/10013","type":"VUT","group":"Completa","address":"CALLE DOCTOR ZURITA Nº 3 Plta/Piso 3 Pta/Letra A, piso 3, puerta A","postal_code":"11004","places":6,"units":2,"registered":"2020-02-20","catastro":"2368212QA4426G0011RG","holder":null,"holder_count":null}},{"type":"Feature","geometry":{"type":"Point","coordinates":[-6.302485,36.532145]},"properties":{"id":"VUT/CA/10016","type":"VUT","group":"Completa","address":"CALLE ENCARNACION 16 Plta/Piso BAJO Pta/Letra INTERIOR, piso BAJO, puerta INTERIOR","postal_code":"11005","places":6,"units":2,"registered":"2020-02-20","catastro":"1665810QA4416F0001BK","holder":null,"holder_count":null}},{"type":"Feature","geometry":{"type":"Point","coordinates":[-6.276984,36.506633]},"properties":{"id":"VUT/CA/10023","type":"VUT","group":"Completa","address":"CALLE ALONSO CANO Nº 1 Plta/Piso 7 Pta/Letra B, piso 7, puerta B","postal_code":"11010","places":6,"units":3,"registered":"2020-02-21","catastro":"4037205QA4443E0035KK","holder":null,"holder_count":null}},{"type":"Feature","geometry":{"type":"Point","coordinates":[-6.301313,36.536104]},"properties":{"id":"VUT/CA/10029","type":"VUT","group":"Completa","address":"CALLE GENERAL MORLA Nº 2 Plta/Piso 2 Pta/Letra B, piso 2, puerta B","postal_code":"11003","places":4,"units":1,"registered":"2020-02-25","catastro":"1770707QA4417B0001KX","holder":null,"holder_count":null}},{"type":"Feature","geometry":{"type":"Point","coordinates":[-6.301313,36.536104]},"properties":{"id":"VUT/CA/10030","type":"VUT","group":"Completa","address":"CALLE GENERAL MORLA Nº 2 Plta/Piso 2 Pta/Letra A, piso 2, puerta A","postal_code":"11003","places":4,"units":1,"registered":"2020-02-25","catastro":"1770707QA4417B0001KX","holder":null,"holder_count":null}},{"type":"Feature","geometry":{"type":"Point","coordinates":[-6.304422,36.528949]},"properties":{"id":"VUT/CA/10034","type":"VUT","group":"Completa","address":"CALLE PERICÓN DE CÁDIZ Nº 29 Plta/Piso PRIMERA, piso PRIMERA","postal_code":"11002","places":6,"units":2,"registered":"2020-02-25","catastro":"1462907QA4416A0001WL","holder":"DUNA BEDUINA SERVICIOS TURISTÍCOS, S.L.","holder_count":77}},{"type":"Feature","geometry":{"type":"Point","coordinates":[-6.304422,36.528949]},"properties":{"id":"VUT/CA/10036","type":"VUT","group":"Completa","address":"CALLE PERICÓN DE CÁDIZ Nº 29 Plta/Piso BAJA, piso BAJA","postal_code":"11002","places":6,"units":2,"registered":"2020-02-25","catastro":"1462907QA4416A0001WL","holder":"DUNA BEDUINA SERVICIOS TURISTÍCOS, S.L.","holder_count":77}},{"type":"Feature","geometry":{"type":"Point","coordinates":[-6.3035,36.528089]},"properties":{"id":"VUT/CA/10040","type":"VUT","group":"Completa","address":"CALLE SAN FELIX Nº 14 Plta/Piso BAJO Pta/Letra IZDA, piso BAJO, puerta IZDA","postal_code":"11002","places":8,"units":3,"registered":"2020-02-26","catastro":"1561901QA4416B0018KL","holder":"FESCOT REAL ESTATE SL","holder_count":1}},{"type":"Feature","geometry":{"type":"Point","coordinates":[-6.295136,36.530236]},"properties":{"id":"VUT/CA/10044","type":"VUT","group":"Completa","address":"CALLE BARROCAL Nº 7 Plta/Piso 2 Pta/Letra B, piso 2, puerta B","postal_code":"11005","places":4,"units":3,"registered":"2020-02-26","catastro":"2363805QA4426C0010SQ","holder":null,"holder_count":null}},{"type":"Feature","geometry":{"type":"Point","coordinates":[-6.295472,36.534328]},"properties":{"id":"VUT/CA/10045","type":"VUT","group":"Por habitaciones","address":"CALLE San Francisco Nº 2 Plta/Piso 1º Pta/Letra Izq, piso 1º, puerta Izq","postal_code":"11004","places":2,"units":5,"registered":"2020-02-26","catastro":"2268511QA4426G0009HH","holder":"FRASCO HOSTELEROS SL","holder_count":1}},{"type":"Feature","geometry":{"type":"Point","coordinates":[-6.30154,36.532288]},"properties":{"id":"VUT/CA/10047","type":"VUT","group":"Completa","address":"CALLE HOSPITAL DE MUJERES Nº 41 Plta/Piso 3 Pta/Letra IZQ, piso 3, puerta IZQ","postal_code":"11001","places":6,"units":3,"registered":"2020-02-27","catastro":"1766712QA4416F0006DM","holder":null,"holder_count":null}},{"type":"Feature","geometry":{"type":"Point","coordinates":[-6.300307,36.529883]},"properties":{"id":"VUT/CA/10060","type":"VUT","group":"Completa","address":"CALLE Pasquín Nº 4 Plta/Piso 3 Pta/Letra dcha, piso 3, puerta dcha","postal_code":"11002","places":2,"units":1,"registered":"2020-02-27","catastro":"1862333QA4416D0006ST","holder":null,"holder_count":null}},{"type":"Feature","geometry":{"type":"Point","coordinates":[-6.29983,36.530407]},"properties":{"id":"VUT/CA/10064","type":"VUT","group":"Completa","address":"CALLE MARÍA ARTEAGA Nº 5 Plta/Piso BAJO Pta/Letra A Compl.Dom. INTERIOR, piso BAJO, puerta A","postal_code":"11004","places":2,"units":1,"registered":"2020-02-27","catastro":"1864936QA4416D0008YU","holder":null,"holder_count":null}},{"type":"Feature","geometry":{"type":"Point","coordinates":[-6.271724,36.499674]},"properties":{"id":"VUT/CA/10065","type":"VUT","group":"Completa","address":"PLAZA JEREZ DE LA FRONTERA Portal 6 Plta/Piso 2 Pta/Letra B, piso 2, puerta B","postal_code":"11011","places":6,"units":3,"registered":"2020-02-27","catastro":"4429305QA4443A0025RZ","holder":null,"holder_count":null}},{"type":"Feature","geometry":{"type":"Point","coordinates":[-6.30439,36.529106]},"properties":{"id":"VUT/CA/10082","type":"VUT","group":"Completa","address":"CALLE Paraguay Blq. 11 Plta/Piso 1 Pta/Letra B, piso 1, puerta B","postal_code":"11002","places":2,"units":1,"registered":"2020-03-02","catastro":"1462906QA4416A0009QR","holder":null,"holder_count":null}},{"type":"Feature","geometry":{"type":"Point","coordinates":[-6.279289,36.521372]},"properties":{"id":"VUT/CA/10090","type":"VUT","group":"Completa","address":"CALLE Victor Gonzalez Nº 2 Plta/Piso bajo Pta/Letra A, piso bajo, puerta A","postal_code":"11007","places":8,"units":3,"registered":"2020-03-02","catastro":"3754601QA4435D0009DX","holder":null,"holder_count":null}},{"type":"Feature","geometry":{"type":"Point","coordinates":[-6.292288,36.530439]},"properties":{"id":"VUT/CA/10099","type":"VUT","group":"Completa","address":"CALLE Nueva Nº 12 Plta/Piso 3 Pta/Letra B, piso 3, puerta B","postal_code":"11005","places":4,"units":1,"registered":"2020-03-03","catastro":"2564601QA4426D0004MU","holder":null,"holder_count":null}},{"type":"Feature","geometry":{"type":"Point","coordinates":[-6.300703,36.533289]},"properties":{"id":"VUT/CA/10121","type":"VUT","group":"Por habitaciones","address":"CALLE VIRGILI Nº 2 Plta/Piso 2 Pta/Letra IZQUIERDA, piso 2, puerta IZQUIERDA","postal_code":"11003","places":2,"units":1,"registered":"2020-03-05","catastro":"1766209QA4416F0008KW","holder":null,"holder_count":null}},{"type":"Feature","geometry":{"type":"Point","coordinates":[-6.271521,36.49642]},"properties":{"id":"VUT/CA/10125","type":"VUT","group":"Completa","address":"PASEO MARITIMO Nº 30 Plta/Piso 7 Pta/Letra J, piso 7, puerta J","postal_code":"11011","places":8,"units":4,"registered":"2020-03-05","catastro":"4426304QA4442E0215WH","holder":null,"holder_count":null}},{"type":"Feature","geometry":{"type":"Point","coordinates":[-6.274683,36.505791]},"properties":{"id":"VUT/CA/10137","type":"VUT","group":"Completa","address":"CALLE GOYA Nº 15 Plta/Piso 4 Pta/Letra C, piso 4, puerta C","postal_code":"11010","places":6,"units":3,"registered":"2020-03-06","catastro":"4237702QA4443E0015RR","holder":null,"holder_count":null}},{"type":"Feature","geometry":{"type":"Point","coordinates":[-6.298839,36.532368]},"properties":{"id":"VUT/CA/10140","type":"VUT","group":"Completa","address":"CALLE ROSARIO CEPEDA Nº 11 Plta/Piso PRIMERO Pta/Letra IZQUIERDA, piso PRIMERO, puerta IZQUIERDA","postal_code":"11001","places":7,"units":3,"registered":"2020-03-06","catastro":"1966613QA4416F0003XB","holder":null,"holder_count":null}},{"type":"Feature","geometry":{"type":"Point","coordinates":[-6.299102,36.533826]},"properties":{"id":"VUT/CA/10145","type":"VUT","group":"Completa","address":"CALLE SAN JOSÉ Nº 23 Plta/Piso 1 Pta/Letra IZQ, piso 1, puerta IZQ","postal_code":"11003","places":8,"units":3,"registered":"2020-03-06","catastro":"1867411QA4416H0003OG","holder":"ALQUILER VACACIONAL TURISMO E INNOVACIÓN SOCIAL SCA","holder_count":81}},{"type":"Feature","geometry":{"type":"Point","coordinates":[-6.271521,36.49642]},"properties":{"id":"VUT/CA/10148","type":"VUT","group":"Completa","address":"PASEO MARITIMO Nº 0030 Blq. 1 Plta/Piso 01 Pta/Letra E Compl.Dom. PS MARITIMO 0030 1 01 E, piso 01, puerta E","postal_code":"11011","places":6,"units":3,"registered":"2020-03-06","catastro":"4426304QA4442E0138HU","holder":null,"holder_count":null}},{"type":"Feature","geometry":{"type":"Point","coordinates":[-6.299102,36.533826]},"properties":{"id":"VUT/CA/10149","type":"VUT","group":"Completa","address":"CALLE SAN JOSÉ Nº 23 Plta/Piso 1 Pta/Letra DCH, piso 1, puerta DCH","postal_code":"11003","places":8,"units":3,"registered":"2020-03-06","catastro":"1867411QA4416H0003OG","holder":"ALQUILER VACACIONAL TURISMO E INNOVACIÓN SOCIAL SCA","holder_count":81}},{"type":"Feature","geometry":{"type":"Point","coordinates":[-6.302707,36.529662]},"properties":{"id":"VUT/CA/10152","type":"VUT","group":"Completa","address":"CALLE VIRGEN DE LA PALMA Nº 12 Plta/Piso 1, piso 1","postal_code":"11002","places":8,"units":3,"registered":"2020-03-06","catastro":"1662808QA4416B0001FT","holder":null,"holder_count":null}},{"type":"Feature","geometry":{"type":"Point","coordinates":[-6.301255,36.529893]},"properties":{"id":"VUT/CA/10153","type":"VUT","group":"Completa","address":"CALLE PORTERIA DE CAPUCHINOS Nº 4 Plta/Piso 0 Pta/Letra DCHA, piso 0, puerta DCHA","postal_code":"11002","places":4,"units":1,"registered":"2020-03-06","catastro":"1762211QA4416B0001TT","holder":null,"holder_count":null}},{"type":"Feature","geometry":{"type":"Point","coordinates":[-6.301305,36.53529]},"properties":{"id":"VUT/CA/10155","type":"VUT","group":"Completa","address":"CALLE CEBALLOS Nº 1 Esc. 1 Plta/Piso 1 Pta/Letra 12, piso 1, puerta 12","postal_code":"11003","places":2,"units":1,"registered":"2020-03-08","catastro":"1769810QA4416H0126IS","holder":null,"holder_count":null}},{"type":"Feature","geometry":{"type":"Point","coordinates":[-6.299392,36.529903]},"properties":{"id":"VUT/CA/10158","type":"VUT","group":"Completa","address":"CALLE CRUZ Nº 10 Plta/Piso 2 Pta/Letra C, piso 2, puerta C","postal_code":"11002","places":3,"units":2,"registered":"2020-03-09","catastro":"1962349QA4416D0014AP","holder":"SANTAMAR CADIZ S.L.","holder_count":1}},{"type":"Feature","geometry":{"type":"Point","coordinates":[-6.27493,36.501545]},"properties":{"id":"VUT/CA/10164","type":"VUT","group":"Completa","address":"AVENIDA CAYETANO DEL TORO Nº 54 Plta/Piso 6 Pta/Letra Q, piso 6, puerta Q","postal_code":"11011","places":4,"units":1,"registered":"2020-03-10","catastro":"4232801QA4443A0134DU","holder":null,"holder_count":null}},{"type":"Feature","geometry":{"type":"Point","coordinates":[-6.294205,36.536068]},"properties":{"id":"VUT/CA/10166","type":"VUT","group":"Completa","address":"CALLE Manuel Rancés Nº 29 Plta/Piso 1 Pta/Letra Izq, piso 1, puerta Izq","postal_code":"11004","places":8,"units":3,"registered":"2020-03-10","catastro":"2370502QA4427A0004DB","holder":null,"holder_count":null}},{"type":"Feature","geometry":{"type":"Point","coordinates":[-6.293741,36.531223]},"properties":{"id":"VUT/CA/10172","type":"VUT","group":"Completa","address":"CALLE MANZANARES Nº 1 Plta/Piso 2 Pta/Letra B, piso 2, puerta B","postal_code":"11005","places":6,"units":3,"registered":"2020-03-10","catastro":"2365611QA4426E0011LB","holder":null,"holder_count":null}},{"type":"Feature","geometry":{"type":"Point","coordinates":[-6.300503,36.533715]},"properties":{"id":"VUT/CA/10189","type":"VUT","group":"Completa","address":"CALLE calle benjumeda Nº 30 Plta/Piso 2 Pta/Letra D, piso 2, puerta D","postal_code":"11003","places":4,"units":2,"registered":"2020-03-11","catastro":"1767505QA4416H0012MZ","holder":null,"holder_count":null}},{"type":"Feature","geometry":{"type":"Point","coordinates":[-6.298872,36.531585]},"properties":{"id":"VUT/CA/10194","type":"VUT","group":"Completa","address":"CALLE FERNÁNDEZ SHAW Nº 10 Plta/Piso BAJO Pta/Letra IZQ, piso BAJO, puerta IZQ","postal_code":"11002","places":3,"units":2,"registered":"2020-03-12","catastro":"1965502QA4416F0002OL","holder":null,"holder_count":null}},{"type":"Feature","geometry":{"type":"Point","coordinates":[-6.295168,36.532842]},"properties":{"id":"VUT/CA/10199","type":"VUT","group":"Completa","address":"CALLE ROSARIO Nº 27 Plta/Piso 3 Pta/Letra B, piso 3, puerta B","postal_code":"11004","places":6,"units":3,"registered":"2020-03-12","catastro":"2266506QA4426E0009AZ","holder":null,"holder_count":null}},{"type":"Feature","geometry":{"type":"Point","coordinates":[-6.295089,36.533245]},"properties":{"id":"VUT/CA/10201","type":"VUT","group":"Completa","address":"CALLE COLUMELA Nº 38 Plta/Piso BAJO, piso BAJO","postal_code":"11004","places":2,"units":1,"registered":"2020-03-12","catastro":"2267907QA4426E0003SG","holder":"ANCHA ASESORES, S.L.","holder_count":2}},{"type":"Feature","geometry":{"type":"Point","coordinates":[-6.293571,36.536206]},"properties":{"id":"VUT/CA/10214","type":"VUT","group":"Completa","address":"CALLE CONDE O'REILLY Nº 1 Plta/Piso BAJO Pta/Letra B, piso BAJO, puerta B","postal_code":"11003","places":3,"units":1,"registered":"2020-03-13","catastro":"2470701QA4427A0002WK","holder":null,"holder_count":null}},{"type":"Feature","geometry":{"type":"Point","coordinates":[-6.294823,36.534749]},"properties":{"id":"VUT/CA/10220","type":"VUT","group":"Completa","address":"CALLE MANUEL RANCES Nº 6 Plta/Piso 1 Pta/Letra B, piso 1, puerta B","postal_code":"11004","places":4,"units":1,"registered":"2020-03-16","catastro":"2268305QA4426G0004XA","holder":null,"holder_count":null}},{"type":"Feature","geometry":{"type":"Point","coordinates":[-6.303593,36.530068]},"properties":{"id":"VUT/CA/10222","type":"VUT","group":"Completa","address":"CALLE Mariana de Pineda Nº 66 Plta/Piso 2 Pta/Letra B, piso 2, puerta B","postal_code":"11002","places":4,"units":2,"registered":"2020-03-18","catastro":"1563501QA4416D0011TU","holder":null,"holder_count":null}},{"type":"Feature","geometry":{"type":"Point","coordinates":[-6.301997,36.535053]},"properties":{"id":"VUT/CA/10241","type":"VUT","group":"Completa","address":"CALLE HERCULES Blq. 12 Plta/Piso 3 Pta/Letra A, piso 3, puerta A","postal_code":"11003","places":4,"units":2,"registered":"2020-03-31","catastro":"1668302QA4416H0064GS","holder":null,"holder_count":null}},{"type":"Feature","geometry":{"type":"Point","coordinates":[-6.301515,36.533734]},"properties":{"id":"VUT/CA/10247","type":"VUT","group":"Completa","address":"CALLE SOELDAD Nº 22 Plta/Piso BAJO Pta/Letra A, piso BAJO, puerta A","postal_code":"11003","places":2,"units":1,"registered":"2020-03-31","catastro":"1767704QA4416F0002GL","holder":"Gadirson SL","holder_count":1}},{"type":"Feature","geometry":{"type":"Point","coordinates":[-6.294781,36.533548]},"properties":{"id":"VUT/CA/10259","type":"VUT","group":"Completa","address":"CALLE GENERAL LUQUE Nº 1 Plta/Piso 2 Pta/Letra B(2), piso 2, puerta B(2)","postal_code":"11004","places":4,"units":1,"registered":"2020-04-01","catastro":"2367902QA4426E0001ED","holder":"GENTEEL HOME GESTORA S.L.U.","holder_count":5}},{"type":"Feature","geometry":{"type":"Point","coordinates":[-6.294781,36.533548]},"properties":{"id":"VUT/CA/10260","type":"VUT","group":"Completa","address":"CALLE GENERAL LUQUE Nº 1 Plta/Piso 2 Pta/Letra A(1), piso 2, puerta A(1)","postal_code":"11004","places":4,"units":2,"registered":"2020-04-01","catastro":"2367902QA4426E0001ED","holder":"GENTEEL HOME GESTORA S.L.U.","holder_count":5}},{"type":"Feature","geometry":{"type":"Point","coordinates":[-6.295988,36.530134]},"properties":{"id":"VUT/CA/10273","type":"VUT","group":"Completa","address":"CALLE COMPAÑÍA Portal 17 Plta/Piso 1 Pta/Letra A, piso 1, puerta A","postal_code":"11005","places":3,"units":1,"registered":"2020-04-01","catastro":"2263803QA4426c0005MX","holder":null,"holder_count":null}},{"type":"Feature","geometry":{"type":"Point","coordinates":[-6.303743,36.529826]},"properties":{"id":"VUT/CA/10290","type":"VUT","group":"Completa","address":"CALLE SAN FELIX Nº 1 Calif.Nº DUPLICADO Plta/Piso 2 Pta/Letra B, piso 2, puerta B","postal_code":"11002","places":6,"units":2,"registered":"2020-04-07","catastro":"1563702QA4416D0011XU","holder":null,"holder_count":null}},{"type":"Feature","geometry":{"type":"Point","coordinates":[-6.294673,36.533696]},"properties":{"id":"VUT/CA/10299","type":"VUT","group":"Completa","address":"CALLE GENERAL LUQUE Nº 4 Plta/Piso 2 Pta/Letra C, piso 2, puerta C","postal_code":"11004","places":5,"units":2,"registered":"2020-04-13","catastro":"2367109QA4426E0020QE","holder":null,"holder_count":null}},{"type":"Feature","geometry":{"type":"Point","coordinates":[-6.278666,36.510642]},"properties":{"id":"VUT/CA/10301","type":"VUT","group":"Completa","address":"CALLE TRILLE Nº 6 Plta/Piso 8 Pta/Letra A, piso 8, puerta A","postal_code":"11009","places":8,"units":4,"registered":"2020-04-13","catastro":"3842602QA4434B0022XJ","holder":null,"holder_count":null}},{"type":"Feature","geometry":{"type":"Point","coordinates":[-6.275785,36.510081]},"properties":{"id":"VUT/CA/10303","type":"VUT","group":"Completa","address":"CALLE SALVADOR DEL MUNDO Nº 3 Plta/Piso 1 Pta/Letra C, piso 1, puerta C","postal_code":"11009","places":3,"units":2,"registered":"2020-04-13","catastro":"4042502QA4444C0003DJ","holder":null,"holder_count":null}},{"type":"Feature","geometry":{"type":"Point","coordinates":[-6.280675,36.512424]},"properties":{"id":"VUT/CA/10318","type":"VUT","group":"Completa","address":"CALLE COPRANIS Nº 1 Plta/Piso 1ª Pta/Letra B, piso 1ª, puerta B","postal_code":"11008","places":6,"units":2,"registered":"2020-04-17","catastro":"3644707QA4434D0033DB","holder":null,"holder_count":null}},{"type":"Feature","geometry":{"type":"Point","coordinates":[-6.294126,36.529697]},"properties":{"id":"VUT/CA/10320","type":"VUT","group":"Completa","address":"CALLE PELOTA Nº 8 Plta/Piso 3 Pta/Letra C Compl.Dom. ÁTICO, piso 3, puerta C","postal_code":"11005","places":2,"units":1,"registered":"2020-04-17","catastro":"2363414QA4426C0005WX","holder":null,"holder_count":null}},{"type":"Feature","geometry":{"type":"Point","coordinates":[-6.294855,36.530553]},"properties":{"id":"VUT/CA/10321","type":"VUT","group":"Completa","address":"CALLE VILLALOBOS Nº 1 Plta/Piso 4 Pta/Letra A Compl.Dom. ÁTICO, piso 4, puerta A","postal_code":"11005","places":2,"units":1,"registered":"2020-04-17","catastro":"2364704QA4426C0013UR","holder":null,"holder_count":null}},{"type":"Feature","geometry":{"type":"Point","coordinates":[-6.300228,36.535433]},"properties":{"id":"VUT/CA/10327","type":"VUT","group":"Completa","address":"CALLE VEEDOR Nº 12 Plta/Piso 1 Pta/Letra 1, piso 1, puerta 1","postal_code":"11003","places":2,"units":1,"registered":"2020-04-22","catastro":"1869707QA4416H0001BD","holder":null,"holder_count":null}},{"type":"Feature","geometry":{"type":"Point","coordinates":[-6.295136,36.530236]},"properties":{"id":"VUT/CA/10332","type":"VUT","group":"Completa","address":"CALLE BARROCAL Nº 7 Plta/Piso BAJO, piso BAJO","postal_code":"11005","places":6,"units":2,"registered":"2020-04-26","catastro":"2363805QA4426C0002UL","holder":"APARTMENTS TIME S.L.","holder_count":55}},{"type":"Feature","geometry":{"type":"Point","coordinates":[-6.279468,36.508013]},"properties":{"id":"VUT/CA/10349","type":"VUT","group":"Completa","address":"AVENIDA AVD. AMILCAR BARCA Nº 47 Plta/Piso 6 Pta/Letra B, piso 6, puerta B","postal_code":"11009","places":2,"units":1,"registered":"2020-04-29","catastro":"3839101QA4433H0045PW","holder":null,"holder_count":null}},{"type":"Feature","geometry":{"type":"Point","coordinates":[-6.279468,36.508013]},"properties":{"id":"VUT/CA/10350","type":"VUT","group":"Completa","address":"AVENIDA AVD. AMILCAR BARCA Nº 47 Plta/Piso 6 Pta/Letra D, piso 6, puerta D","postal_code":"11009","places":4,"units":3,"registered":"2020-04-29","catastro":"3839101QA4433H0047SR","holder":null,"holder_count":null}},{"type":"Feature","geometry":{"type":"Point","coordinates":[-6.297546,36.529691]},"properties":{"id":"VUT/CA/10359","type":"VUT","group":"Completa","address":"CALLE ARBOLI Nº 25 Esc. 1 Plta/Piso 01 Pta/Letra B, piso 01, puerta B","postal_code":"11005","places":10,"units":5,"registered":"2020-05-06","catastro":"2063333QA4426C0005QX","holder":null,"holder_count":null}},{"type":"Feature","geometry":{"type":"Point","coordinates":[-6.280799,36.519095]},"properties":{"id":"VUT/CA/10387","type":"VUT","group":"Completa","address":"CALLE GIRASOL Nº 18 Plta/Piso 2 Pta/Letra CI, piso 2, puerta CI","postal_code":"11008","places":5,"units":3,"registered":"2020-05-19","catastro":"3651905QA4435B0006TQ","holder":null,"holder_count":null}},{"type":"Feature","geometry":{"type":"Point","coordinates":[-6.297342,36.533762]},"properties":{"id":"VUT/CA/10398","type":"VUT","group":"Completa","address":"CALLE Sagasta 6 Nº 6 Plta/Piso 2 Pta/Letra I, piso 2, puerta I","postal_code":"11001","places":8,"units":4,"registered":"2020-05-21","catastro":"2167703QA4426E0006WK","holder":null,"holder_count":null}},{"type":"Feature","geometry":{"type":"Point","coordinates":[-6.276982,36.504045]},"properties":{"id":"VUT/CA/10402","type":"VUT","group":"Completa","address":"PASEO MARÍTIMO Nº 5 Plta/Piso 3º Pta/Letra D Compl.Dom. EDIFICIO ATLÁNTICO 1, piso 3º, puerta D","postal_code":"11010","places":6,"units":2,"registered":"2020-05-25","catastro":"4035904QA4443E0047DR","holder":null,"holder_count":null}},{"type":"Feature","geometry":{"type":"Point","coordinates":[-6.301226,36.532889]},"properties":{"id":"VUT/CA/10416","type":"VUT","group":"Completa","address":"CALLE SACRAMENTO Plta/Piso 3 Pta/Letra A, piso 3, puerta A","postal_code":"11003","places":2,"units":1,"registered":"2020-05-27","catastro":"1766808QA4416F0006IM","holder":null,"holder_count":null}},{"type":"Feature","geometry":{"type":"Point","coordinates":[-6.277505,36.517854]},"properties":{"id":"VUT/CA/10419","type":"VUT","group":"Completa","address":"AVENIDA SAN SEVERIANO Nº 37 Plta/Piso 3 Pta/Letra A, piso 3, puerta A","postal_code":"11007","places":6,"units":3,"registered":"2020-05-27","catastro":"3950213QA4435B0070DZ","holder":null,"holder_count":null}},{"type":"Feature","geometry":{"type":"Point","coordinates":[-6.298302,36.529741]},"properties":{"id":"VUT/CA/10457","type":"VUT","group":"Completa","address":"PLAZA Libertad Nº 9 Plta/Piso 3 Pta/Letra B, piso 3, puerta B","postal_code":"11005","places":6,"units":3,"registered":"2020-06-07","catastro":"1962312QA4416D0013AO","holder":null,"holder_count":null}},{"type":"Feature","geometry":{"type":"Point","coordinates":[-6.294115,36.530088]},"properties":{"id":"VUT/CA/10470","type":"VUT","group":"Completa","address":"CALLE RUIZ DE BUSTAMANTE Nº 6 Portal BAJO","postal_code":"11005","places":6,"units":2,"registered":"2020-06-09","catastro":"2363407QA4426C0001IK","holder":null,"holder_count":null}},{"type":"Feature","geometry":{"type":"Point","coordinates":[-6.293764,36.536073]},"properties":{"id":"VUT/CA/10512","type":"VUT","group":"Completa","address":"PLAZA ARGÚELLES Nº 7","postal_code":"11003","places":4,"units":1,"registered":"2020-06-16","catastro":"2470704QA4427A0007AM","holder":null,"holder_count":null}},{"type":"Feature","geometry":{"type":"Point","coordinates":[-6.299891,36.533788]},"properties":{"id":"VUT/CA/10513","type":"VUT","group":"Completa","address":"CALLE TORRE Nº 15 Pta/Letra AT, puerta AT","postal_code":"11003","places":6,"units":2,"registered":"2020-06-16","catastro":"1867213QA4416F2014MQ","holder":"CONTRATACIONES HOSTELERAS S.L.U.","holder_count":3}},{"type":"Feature","geometry":{"type":"Point","coordinates":[-6.299891,36.533788]},"properties":{"id":"VUT/CA/10515","type":"VUT","group":"Completa","address":"CALLE TORRE Nº 15 Plta/Piso 2 Pta/Letra C, piso 2, puerta C","postal_code":"11003","places":8,"units":3,"registered":"2020-06-16","catastro":"1867213QA4416F2012ZX","holder":"CONTRATACIONES HOSTELERAS S.L.U.","holder_count":3}},{"type":"Feature","geometry":{"type":"Point","coordinates":[-6.301688,36.528906]},"properties":{"id":"VUT/CA/10517","type":"VUT","group":"Completa","address":"CALLE DOCTORES MELENDEZ Portal 20 Plta/Piso 4 Pta/Letra A, piso 4, puerta A","postal_code":"11002","places":5,"units":3,"registered":"2020-06-16","catastro":"1661302QA4416B0028WE","holder":null,"holder_count":null}},{"type":"Feature","geometry":{"type":"Point","coordinates":[-6.300523,36.533845]},"properties":{"id":"VUT/CA/10524","type":"VUT","group":"Completa","address":"CALLE ZARAGOZA Nº 19 Plta/Piso 2 Pta/Letra IZQ, piso 2, puerta IZQ","postal_code":"11003","places":4,"units":1,"registered":"2020-06-17","catastro":"1868720QA4416H0011HB","holder":null,"holder_count":null}},{"type":"Feature","geometry":{"type":"Point","coordinates":[-6.293571,36.536206]},"properties":{"id":"VUT/CA/10525","type":"VUT","group":"Completa","address":"CALLE CONDE O'REILLY Nº 1 Plta/Piso 1 Pta/Letra C, piso 1, puerta C","postal_code":"11004","places":4,"units":2,"registered":"2020-06-17","catastro":"2470701QA4427A0007UM","holder":"ALQUILER VACACIONAL TURISMO E INNOVACIÓN SOCIAL SCA","holder_count":81}},{"type":"Feature","geometry":{"type":"Point","coordinates":[-6.271746,36.498628]},"properties":{"id":"VUT/CA/10527","type":"VUT","group":"Completa","address":"PLAZA JEREZ DE LA FRONTERA Nº 11 Esc. 5 Plta/Piso 2 Pta/Letra A, piso 2, puerta A","postal_code":"11011","places":4,"units":2,"registered":"2020-06-17","catastro":"4429301QA4442G0145IY","holder":null,"holder_count":null}},{"type":"Feature","geometry":{"type":"Point","coordinates":[-6.291084,36.527854]},"properties":{"id":"VUT/CA/10542","type":"VUT","group":"Completa","address":"CALLE PUBLICO Nº 2 Plta/Piso 1 Pta/Letra DHA, piso 1, puerta DHA","postal_code":"11006","places":6,"units":3,"registered":"2020-06-18","catastro":"2661704QA4426B0002YP","holder":"APARTMENTS TIME S.L.","holder_count":55}},{"type":"Feature","geometry":{"type":"Point","coordinates":[-6.29745,36.533423]},"properties":{"id":"VUT/CA/10550","type":"VUT","group":"Completa","address":"CALLE Ancha Nº 22 Plta/Piso Atico Pta/Letra B, piso Atico, puerta B","postal_code":"11001","places":4,"units":1,"registered":"2020-06-20","catastro":"2167721QA4426E0011BB","holder":null,"holder_count":null}},{"type":"Feature","geometry":{"type":"Point","coordinates":[-6.286206,36.52021]},"properties":{"id":"VUT/CA/10551","type":"VUT","group":"Completa","address":"CALLE Fernandez ladreda (ahora Manuel de la Pinta) Nº 9","postal_code":"11008","places":10,"units":4,"registered":"2020-06-20","catastro":"3153513QA4435C0294DI","holder":null,"holder_count":null}},{"type":"Feature","geometry":{"type":"Point","coordinates":[-6.29745,36.533423]},"properties":{"id":"VUT/CA/10553","type":"VUT","group":"Completa","address":"CALLE Ancha Nº 22 Plta/Piso Atico Pta/Letra A, piso Atico, puerta A","postal_code":"11001","places":3,"units":1,"registered":"2020-06-20","catastro":"2167721QA4426E0011BB","holder":null,"holder_count":null}},{"type":"Feature","geometry":{"type":"Point","coordinates":[-6.29745,36.533423]},"properties":{"id":"VUT/CA/10554","type":"VUT","group":"Completa","address":"CALLE Ancha Nº 22 Plta/Piso Atico Pta/Letra C, piso Atico, puerta C","postal_code":"11001","places":5,"units":2,"registered":"2020-06-20","catastro":"2167721QA4426E0011BB","holder":null,"holder_count":null}},{"type":"Feature","geometry":{"type":"Point","coordinates":[-6.272952,36.499012]},"properties":{"id":"VUT/CA/10556","type":"VUT","group":"Completa","address":"PASEO MARITIMO Nº 26 Plta/Piso 4 Pta/Letra F Compl.Dom. DELFIN 13, piso 4, puerta F","postal_code":"11001","places":6,"units":3,"registered":"2020-06-21","catastro":"4329901QA4442G1043PX","holder":null,"holder_count":null}},{"type":"Feature","geometry":{"type":"Point","coordinates":[-6.300235,36.534127]},"properties":{"id":"VUT/CA/10558","type":"VUT","group":"Completa","address":"CALLE ZARAGOZA Nº 11-13 Plta/Piso 2 Pta/Letra D, piso 2, puerta D","postal_code":"11003","places":6,"units":3,"registered":"2020-06-21","catastro":"1868717QA4416H0005DJ","holder":null,"holder_count":null}},{"type":"Feature","geometry":{"type":"Point","coordinates":[-6.293388,36.529362]},"properties":{"id":"VUT/CA/10567","type":"VUT","group":"Completa","address":"CALLE FABIO RUFINO Nº 4 Plta/Piso 3 Pta/Letra C, piso 3, puerta C","postal_code":"11005","places":4,"units":2,"registered":"2020-06-22","catastro":"2462202QA4426A0008KU","holder":null,"holder_count":null}},{"type":"Feature","geometry":{"type":"Point","coordinates":[-6.294702,36.530474]},"properties":{"id":"VUT/CA/10568","type":"VUT","group":"Completa","address":"CALLE BARROCAL Nº 17 Plta/Piso 1 Pta/Letra A, piso 1, puerta A","postal_code":"11005","places":2,"units":1,"registered":"2020-06-22","catastro":"2363809QA4426C0003ZB","holder":"ALQUILER VACACIONAL TURISMO E INNOVACIÓN SOCIAL SCA","holder_count":81}},{"type":"Feature","geometry":{"type":"Point","coordinates":[-6.293388,36.529362]},"properties":{"id":"VUT/CA/10573","type":"VUT","group":"Completa","address":"CALLE FABIO RUFINO Nº 4 Plta/Piso 2º Pta/Letra A, piso 2º, puerta A","postal_code":"11005","places":4,"units":1,"registered":"2020-06-22","catastro":"2462202QA4426A0006HT","holder":null,"holder_count":null}},{"type":"Feature","geometry":{"type":"Point","coordinates":[-6.293388,36.529362]},"properties":{"id":"VUT/CA/10574","type":"VUT","group":"Completa","address":"CALLE FABIO RUFINO Nº 4 Plta/Piso 2ª Pta/Letra C, piso 2ª, puerta C","postal_code":"11005","places":4,"units":1,"registered":"2020-06-22","catastro":"2462202QA4426A0007JY","holder":null,"holder_count":null}},{"type":"Feature","geometry":{"type":"Point","coordinates":[-6.293388,36.529362]},"properties":{"id":"VUT/CA/10576","type":"VUT","group":"Completa","address":"CALLE FABIO RUFINO Nº 4 Plta/Piso 2 Pta/Letra B, piso 2, puerta B","postal_code":"11004","places":4,"units":1,"registered":"2020-06-23","catastro":"2462202QA4426A0007JY","holder":null,"holder_count":null}},{"type":"Feature","geometry":{"type":"Point","coordinates":[-6.293388,36.529362]},"properties":{"id":"VUT/CA/10577","type":"VUT","group":"Completa","address":"CALLE FABIO RUFINO Nº 4 Plta/Piso 3 Pta/Letra A, piso 3, puerta A","postal_code":"11004","places":4,"units":1,"registered":"2020-06-23","catastro":"2462202QA4426A0008KU","holder":null,"holder_count":null}},{"type":"Feature","geometry":{"type":"Point","coordinates":[-6.27397,36.500583]},"properties":{"id":"VUT/CA/10579","type":"VUT","group":"Completa","address":"CALLE VILLA DE PARADAS Nº 1 Plta/Piso BAJO Pta/Letra DCHA 1, piso BAJO, puerta DCHA 1","postal_code":"11011","places":4,"units":1,"registered":"2020-06-23","catastro":"4230302QA4443A0016MG","holder":"GESTORA GADITANA SA","holder_count":2}},{"type":"Feature","geometry":{"type":"Point","coordinates":[-6.27397,36.500583]},"properties":{"id":"VUT/CA/10580","type":"VUT","group":"Completa","address":"CALLE VILLA DE PARADAS Nº 1 Plta/Piso BAJO Pta/Letra DCHA 2, piso BAJO, puerta DCHA 2","postal_code":"11011","places":6,"units":2,"registered":"2020-06-23","catastro":"4230302QA4443A0021WJ","holder":"GESTORA GADITANA SA","holder_count":2}},{"type":"Feature","geometry":{"type":"Point","coordinates":[-6.304756,36.529378]},"properties":{"id":"VUT/CA/10581","type":"VUT","group":"Completa","address":"CALLE ANGEL Nº 6 Plta/Piso 1 Pta/Letra C, piso 1, puerta C","postal_code":"11002","places":3,"units":1,"registered":"2020-06-23","catastro":"1462914QA4416A0008XE","holder":"DELGADO DE MENDOZA PATRIMONIAL SL","holder_count":1}},{"type":"Feature","geometry":{"type":"Point","coordinates":[-6.300755,36.532783]},"properties":{"id":"VUT/CA/10594","type":"VUT","group":"Completa","address":"CALLE SACRAMENTO Nº 55 Plta/Piso 3 Pta/Letra 1, piso 3, puerta 1","postal_code":"11003","places":2,"units":1,"registered":"2020-06-24","catastro":"1866117QA4416F0002XL","holder":"ALQUILER VACACIONAL TURISMO E INNOVACIÓN SOCIAL SCA","holder_count":81}},{"type":"Feature","geometry":{"type":"Point","coordinates":[-6.290758,36.536125]},"properties":{"id":"VUT/CA/10595","type":"VUT","group":"Completa","address":"PLAZA TRES CARABELAS, DE LAS Nº 5 Plta/Piso BAJO Pta/Letra A, piso BAJO, puerta A","postal_code":"11004","places":4,"units":1,"registered":"2020-06-24","catastro":"2670401QA4427B0051IG","holder":null,"holder_count":null}},{"type":"Feature","geometry":{"type":"Point","coordinates":[-6.300719,36.530732]},"properties":{"id":"VUT/CA/10598","type":"VUT","group":"Completa","address":"CALLE SAGASTA Nº 72 Plta/Piso 2 Pta/Letra DERECHA Compl.Dom. CALLA SAGASTA 72 PISO 2 DERECHA, piso 2, puerta DERECHA","postal_code":"11002","places":4,"units":2,"registered":"2020-06-25","catastro":"1864902QA4416D0003YW","holder":null,"holder_count":null}},{"type":"Feature","geometry":{"type":"Point","coordinates":[-6.288193,36.524386]},"properties":{"id":"VUT/CA/10603","type":"VUT","group":"Completa","address":"CALLE NUESTRA SEÑORA (VIRGEN) DEL PERPETUO SOCORRO Nº 2 Plta/Piso 2 Pta/Letra 10, piso 2, puerta 10","postal_code":"11006","places":6,"units":2,"registered":"2020-06-25","catastro":"2957205QA4425F0009LD","holder":null,"holder_count":null}},{"type":"Feature","geometry":{"type":"Point","coordinates":[-6.29589,36.534]},"properties":{"id":"VUT/CA/10622","type":"VUT","group":"Completa","address":"CALLE Beato Diego de Cádiz Nº 4 Plta/Piso 3, piso 3","postal_code":"11004","places":5,"units":2,"registered":"2020-06-27","catastro":"2268707QA4426G0002IO","holder":null,"holder_count":null}},{"type":"Feature","geometry":{"type":"Point","coordinates":[-6.293388,36.529362]},"properties":{"id":"VUT/CA/10629","type":"VUT","group":"Completa","address":"CALLE FABIO RUFINO Nº 4 Plta/Piso 3 Pta/Letra B, piso 3, puerta B","postal_code":"11005","places":4,"units":2,"registered":"2020-06-29","catastro":"2462202QA4426A0008KU","holder":"LITTLE APARTMENTS S.L.","holder_count":20}},{"type":"Feature","geometry":{"type":"Point","coordinates":[-6.293388,36.529362]},"properties":{"id":"VUT/CA/10630","type":"VUT","group":"Completa","address":"CALLE FABIO RUFINO Nº 4 Plta/Piso 1 Pta/Letra C, piso 1, puerta C","postal_code":"11005","places":2,"units":1,"registered":"2020-06-29","catastro":"2462202QA4426A0005GR","holder":null,"holder_count":null}},{"type":"Feature","geometry":{"type":"Point","coordinates":[-6.294844,36.534304]},"properties":{"id":"VUT/CA/10631","type":"VUT","group":"Completa","address":"CALLE MANUEL RANCES Nº 1 Plta/Piso 2 Pta/Letra A, piso 2, puerta A","postal_code":"11001","places":6,"units":3,"registered":"2020-06-29","catastro":"2368701QA4426G0006LD","holder":null,"holder_count":null}},{"type":"Feature","geometry":{"type":"Point","coordinates":[-6.293388,36.529362]},"properties":{"id":"VUT/CA/10632","type":"VUT","group":"Completa","address":"CALLE FABIO RUFINO Nº 4 Plta/Piso 1 Pta/Letra B, piso 1, puerta B","postal_code":"11005","places":6,"units":2,"registered":"2020-06-29","catastro":"2462202QA4426A0005GR","holder":null,"holder_count":null}},{"type":"Feature","geometry":{"type":"Point","coordinates":[-6.293388,36.529362]},"properties":{"id":"VUT/CA/10633","type":"VUT","group":"Completa","address":"CALLE FABIO RUFINO Nº 4 Plta/Piso 1 Pta/Letra A, piso 1, puerta A","postal_code":"11005","places":4,"units":1,"registered":"2020-06-29","catastro":"2462202QA4426A0004FE","holder":null,"holder_count":null}},{"type":"Feature","geometry":{"type":"Point","coordinates":[-6.301928,36.530656]},"properties":{"id":"VUT/CA/10634","type":"VUT","group":"Completa","address":"CALLE REPUBLICA DOMINICANA Nº 11 Plta/Piso 2 Pta/Letra 2, piso 2, puerta 2","postal_code":"11002","places":6,"units":2,"registered":"2020-06-29","catastro":"1664515QA4416D0011OU","holder":null,"holder_count":null}},{"type":"Feature","geometry":{"type":"Point","coordinates":[-6.27475,36.501048]},"properties":{"id":"VUT/CA/10639","type":"VUT","group":"Completa","address":"CALLE NEPTUNO Nº 6 Plta/Piso 3 Pta/Letra J, piso 3, puerta J","postal_code":"11011","places":4,"units":2,"registered":"2020-06-29","catastro":"4232804QA4443A0012ZA","holder":null,"holder_count":null}},{"type":"Feature","geometry":{"type":"Point","coordinates":[-6.293215,36.528669]},"properties":{"id":"VUT/CA/10644","type":"VUT","group":"Completa","address":"CALLE MESÓN Nº 18 Plta/Piso 3, piso 3","postal_code":"11005","places":4,"units":2,"registered":"2020-06-30","catastro":"2462413QA4426C0001XK","holder":null,"holder_count":null}},{"type":"Feature","geometry":{"type":"Point","coordinates":[-6.293215,36.528669]},"properties":{"id":"VUT/CA/10646","type":"VUT","group":"Completa","address":"CALLE MESÓN Nº 18 Plta/Piso 2, piso 2","postal_code":"11005","places":8,"units":4,"registered":"2020-06-30","catastro":"2462413QA4426C0001XK","holder":null,"holder_count":null}},{"type":"Feature","geometry":{"type":"Point","coordinates":[-6.290654,36.526315]},"properties":{"id":"VUT/CA/10649","type":"VUT","group":"Completa","address":"CALLE CONCEPCIÓN ARENAL Nº 1 Blq. 2 Plta/Piso BAJA Pta/Letra DCH, piso BAJA, puerta DCH","postal_code":"11010","places":5,"units":2,"registered":"2020-06-30","catastro":"2759802QA4425H0011KU","holder":null,"holder_count":null}},{"type":"Feature","geometry":{"type":"Point","coordinates":[-6.304997,36.529628]},"properties":{"id":"VUT/CA/10651","type":"VUT","group":"Completa","address":"AVENIDA DUQUE DE NAJERA Nº 4 Plta/Piso BAJO Pta/Letra IZQ 2 Compl.Dom. BAJO IZQUIERDA 2, piso BAJO, puerta IZQ 2","postal_code":"11002","places":4,"units":2,"registered":"2020-06-30","catastro":"1462802QA4416A4302QZ","holder":null,"holder_count":null}},{"type":"Feature","geometry":{"type":"Point","coordinates":[-6.301059,36.534734]},"properties":{"id":"VUT/CA/10653","type":"VUT","group":"Completa","address":"CALLE SOLEDAD Nº 3-5 Plta/Piso 1 Pta/Letra IZQ, piso 1, puerta IZQ","postal_code":"11003","places":6,"units":3,"registered":"2020-06-30","catastro":"1768810QA4416H0002TF","holder":null,"holder_count":null}},{"type":"Feature","geometry":{"type":"Point","coordinates":[-6.278129,36.50737]},"properties":{"id":"VUT/CA/10655","type":"VUT","group":"Completa","address":"CALLE MUÑOZ ARENILLAS Nº 5 Esc. 1 Plta/Piso 2ª Pta/Letra DCHA, piso 2ª, puerta DCHA","postal_code":"11009","places":6,"units":3,"registered":"2020-06-30","catastro":"3938813QA4433H0005OB","holder":null,"holder_count":null}},{"type":"Feature","geometry":{"type":"Point","coordinates":[-6.299997,36.534815]},"properties":{"id":"VUT/CA/10656","type":"VUT","group":"Completa","address":"CALLE PLATA Nº 7 Plta/Piso 2 Pta/Letra A, piso 2, puerta A","postal_code":"11003","places":6,"units":3,"registered":"2020-06-30","catastro":"1868209QA4416H0012ZZ","holder":"APARTMENTS TIME S.L.","holder_count":55}},{"type":"Feature","geometry":{"type":"Point","coordinates":[-6.299997,36.534815]},"properties":{"id":"VUT/CA/10657","type":"VUT","group":"Completa","address":"CALLE PLATA Portal 7 Plta/Piso 2 Pta/Letra B, piso 2, puerta B","postal_code":"11003","places":8,"units":4,"registered":"2020-06-30","catastro":"1868209QA4416H0013XX","holder":"APARTMENTS TIME S.L.","holder_count":55}},{"type":"Feature","geometry":{"type":"Point","coordinates":[-6.298153,36.532679]},"properties":{"id":"VUT/CA/10658","type":"VUT","group":"Completa","address":"CALLE MARQUES DEL REAL TESORO Nº 3 Plta/Piso B Compl.Dom. BAJO, piso B","postal_code":"11001","places":6,"units":3,"registered":"2020-06-30","catastro":"1966512QA4416F0001UK","holder":null,"holder_count":null}},{"type":"Feature","geometry":{"type":"Point","coordinates":[-6.297329,36.532542]},"properties":{"id":"VUT/CA/10659","type":"VUT","group":"Completa","address":"CALLE SAN MIGUEL Nº 3 Portal 6 Plta/Piso 3 Pta/Letra 3, piso 3, puerta 3","postal_code":"11001","places":8,"units":3,"registered":"2020-06-30","catastro":"2166706QA4426E0012RZ","holder":null,"holder_count":null}},{"type":"Feature","geometry":{"type":"Point","coordinates":[-6.274079,36.503601]},"properties":{"id":"VUT/CA/10669","type":"VUT","group":"Completa","address":"CALLE PINTOR ZULOAGA Nº 33 Plta/Piso 1 Pta/Letra D, piso 1, puerta D","postal_code":"11010","places":4,"units":3,"registered":"2020-07-02","catastro":"4234402QA4443C0046XI","holder":null,"holder_count":null}},{"type":"Feature","geometry":{"type":"Point","coordinates":[-6.274536,36.503229]},"properties":{"id":"VUT/CA/10672","type":"VUT","group":"Completa","address":"PLAZA BEQUER Nº 3 Plta/Piso BAJO Pta/Letra IZQUIERDA, piso BAJO, puerta IZQUIERDA","postal_code":"11010","places":5,"units":2,"registered":"2020-07-03","catastro":"4234804QA4443C0100WM","holder":null,"holder_count":null}},{"type":"Feature","geometry":{"type":"Point","coordinates":[-6.301636,36.535409]},"properties":{"id":"VUT/CA/10674","type":"VUT","group":"Completa","address":"CALLE hercules Nº 6 Plta/Piso 4 Pta/Letra A, piso 4, puerta A","postal_code":"11001","places":4,"units":2,"registered":"2020-07-03","catastro":"1769802QA4416H0016XW","holder":"ALQUILER VACACIONAL TURISMO E INNOVACIÓN SOCIAL SCA","holder_count":81}},{"type":"Feature","geometry":{"type":"Point","coordinates":[-6.285666,36.525023]},"properties":{"id":"VUT/CA/10682","type":"VUT","group":"Completa","address":"CALLE PERGOLAS Nº 3 Plta/Piso 3 Pta/Letra H, piso 3, puerta H","postal_code":"11007","places":4,"units":2,"registered":"2020-07-04","catastro":"3158909QA4435G0015UY","holder":null,"holder_count":null}},{"type":"Feature","geometry":{"type":"Point","coordinates":[-6.301325,36.529597]},"properties":{"id":"VUT/CA/10683","type":"VUT","group":"Completa","address":"CALLE PORTERÍA DE CAPUCHINOS Nº 10 Plta/Piso BAJO Pta/Letra IZQ., piso BAJO, puerta IZQ.","postal_code":"11002","places":2,"units":1,"registered":"2020-07-05","catastro":"1762208QA4416B0001TT","holder":"ALQUILER VACACIONAL TURISMO E INNOVACIÓN SOCIAL SCA","holder_count":81}},{"type":"Feature","geometry":{"type":"Point","coordinates":[-6.286206,36.52021]},"properties":{"id":"VUT/CA/10690","type":"VUT","group":"Completa","address":"AVENIDA FERNANDEZ LADREDA Nº 9 Plta/Piso 1 Pta/Letra A, piso 1, puerta A","postal_code":"11008","places":6,"units":3,"registered":"2020-07-06","catastro":"3153513QA4435C0171HA","holder":null,"holder_count":null}},{"type":"Feature","geometry":{"type":"Point","coordinates":[-6.275333,36.50321]},"properties":{"id":"VUT/CA/10702","type":"VUT","group":"Completa","address":"AVENIDA Cayetano del Toro Nº 42 Plta/Piso Entresuelo Pta/Letra E, piso Entresuelo, puerta E","postal_code":"11010","places":2,"units":1,"registered":"2020-07-07","catastro":"4134807QA4443C0068GQ","holder":null,"holder_count":null}},{"type":"Feature","geometry":{"type":"Point","coordinates":[-6.29018,36.526743]},"properties":{"id":"VUT/CA/10703","type":"VUT","group":"Completa","address":"CALLE San Roque Nº 2 Plta/Piso 2 Pta/Letra A, piso 2, puerta A","postal_code":"11006","places":4,"units":2,"registered":"2020-07-07","catastro":"2760501QA4426B0007OG","holder":null,"holder_count":null}},{"type":"Feature","geometry":{"type":"Point","coordinates":[-6.275221,36.504175]},"properties":{"id":"VUT/CA/10707","type":"VUT","group":"Completa","address":"CALLE ZURBARAN Nº 1 Plta/Piso 4 Pta/Letra B, piso 4, puerta B","postal_code":"11010","places":6,"units":3,"registered":"2020-07-08","catastro":"4135501QA4443E0015IR","holder":null,"holder_count":null}},{"type":"Feature","geometry":{"type":"Point","coordinates":[-6.301073,36.534938]},"properties":{"id":"VUT/CA/10717","type":"VUT","group":"Completa","address":"CALLE NAVAS Nº 8 Plta/Piso 3, piso 3","postal_code":"11002","places":3,"units":1,"registered":"2020-07-10","catastro":"1768808QA4416H0004HH","holder":null,"holder_count":null}},{"type":"Feature","geometry":{"type":"Point","coordinates":[-6.277122,36.509297]},"properties":{"id":"VUT/CA/10724","type":"VUT","group":"Completa","address":"CALLE FANTASIA BETICA Nº 2A Plta/Piso 2 Pta/Letra B, piso 2, puerta B","postal_code":"11009","places":5,"units":3,"registered":"2020-07-12","catastro":"4041701QA4444A0019BS","holder":null,"holder_count":null}},{"type":"Feature","geometry":{"type":"Point","coordinates":[-6.271754,36.496063]},"properties":{"id":"VUT/CA/10733","type":"VUT","group":"Completa","address":"GLORIETA Cortadura Nº 1 Esc. 1 Plta/Piso 7 Pta/Letra C, piso 7, puerta C","postal_code":"11011","places":6,"units":3,"registered":"2020-07-13","catastro":"4426303QA4442E0071WW","holder":null,"holder_count":null}},{"type":"Feature","geometry":{"type":"Point","coordinates":[-6.292428,36.52939]},"properties":{"id":"VUT/CA/10739","type":"VUT","group":"Completa","address":"CALLE SOPRANIS Nº 1 Plta/Piso 1º Pta/Letra B, piso 1º, puerta B","postal_code":"11005","places":4,"units":2,"registered":"2020-07-13","catastro":"2562201QA4426B0007MG","holder":null,"holder_count":null}},{"type":"Feature","geometry":{"type":"Point","coordinates":[-6.298904,36.534016]},"properties":{"id":"VUT/CA/10740","type":"VUT","group":"Completa","address":"CALLE San José Nº 19 Plta/Piso 2, piso 2","postal_code":"11001","places":6,"units":3,"registered":"2020-07-13","catastro":"1968706QA4416H0001ZD","holder":null,"holder_count":null}},{"type":"Feature","geometry":{"type":"Point","coordinates":[-6.293571,36.536206]},"properties":{"id":"VUT/CA/10770","type":"VUT","group":"Completa","address":"CALLE CONDE O'REILLY Nº 1 Plta/Piso BAJO Pta/Letra C, piso BAJO, puerta C","postal_code":"11004","places":4,"units":1,"registered":"2020-07-16","catastro":"2470701QA4427A0003EL","holder":null,"holder_count":null}},{"type":"Feature","geometry":{"type":"Point","coordinates":[-6.286954,36.522807]},"properties":{"id":"VUT/CA/10775","type":"VUT","group":"Completa","address":"CALLE SANTA MARIA DE LA SOLEDAD Nº 4 Plta/Piso E Pta/Letra J, piso E, puerta J","postal_code":"11008","places":4,"units":2,"registered":"2020-07-16","catastro":"3055901QA4435E0138JI","holder":null,"holder_count":null}},{"type":"Feature","geometry":{"type":"Point","coordinates":[-6.299649,36.534253]},"properties":{"id":"VUT/CA/10780","type":"VUT","group":"Completa","address":"CALLE CERVANTES Nº 24 Plta/Piso BAJO Pta/Letra C, piso BAJO, puerta C","postal_code":"11003","places":3,"units":1,"registered":"2020-07-16","catastro":"1867207QA4416F0004HZ","holder":null,"holder_count":null}},{"type":"Feature","geometry":{"type":"Point","coordinates":[-6.296957,36.534149]},"properties":{"id":"VUT/CA/10782","type":"VUT","group":"Completa","address":"CALLE SAGASTA Nº 5 Plta/Piso 2 Pta/Letra DCH, piso 2, puerta DCH","postal_code":"11004","places":4,"units":2,"registered":"2020-07-16","catastro":"2068506QA4426G0004OA","holder":"ALQUILER VACACIONAL TURISMO E INNOVACIÓN SOCIAL SCA","holder_count":81}},{"type":"Feature","geometry":{"type":"Point","coordinates":[-6.2942,36.53377]},"properties":{"id":"VUT/CA/10784","type":"VUT","group":"Completa","address":"CALLE ARGANTONIO Nº 2 Plta/Piso 3 Pta/Letra B, piso 3, puerta B","postal_code":"11004","places":4,"units":1,"registered":"2020-07-17","catastro":"2367409QA4426G0011UG","holder":null,"holder_count":null}},{"type":"Feature","geometry":{"type":"Point","coordinates":[-6.294524,36.532662]},"properties":{"id":"VUT/CA/10786","type":"VUT","group":"Completa","address":"CALLE MARQUES DE VALDEIÑIGO Nº 1 Plta/Piso 1 Pta/Letra B, piso 1, puerta B","postal_code":"11004","places":5,"units":3,"registered":"2020-07-18","catastro":"2366107QA4426E0006HK","holder":null,"holder_count":null}},{"type":"Feature","geometry":{"type":"Point","coordinates":[-6.277568,36.518441]},"properties":{"id":"VUT/CA/10787","type":"VUT","group":"Completa","address":"AVENIDA SAN SEVERIANO Nº 31 Plta/Piso 1 Pta/Letra D, piso 1, puerta D","postal_code":"11007","places":4,"units":2,"registered":"2020-07-18","catastro":"3950215QA4435B0040PM","holder":null,"holder_count":null}},{"type":"Feature","geometry":{"type":"Point","coordinates":[-6.292577,36.528653]},"properties":{"id":"VUT/CA/10795","type":"VUT","group":"Completa","address":"CALLE JABONERIA Nº 5 Plta/Piso 4, piso 4","postal_code":"11005","places":6,"units":2,"registered":"2020-07-21","catastro":"2562707QA4426B0005ED","holder":"APARTMENTS TIME S.L.","holder_count":55}},{"type":"Feature","geometry":{"type":"Point","coordinates":[-6.292577,36.528653]},"properties":{"id":"VUT/CA/10798","type":"VUT","group":"Completa","address":"CALLE JABONERIA Nº 5 Plta/Piso 3, piso 3","postal_code":"11005","places":6,"units":2,"registered":"2020-07-21","catastro":"2562707QA4426B0004WS","holder":null,"holder_count":null}},{"type":"Feature","geometry":{"type":"Point","coordinates":[-6.271754,36.496063]},"properties":{"id":"VUT/CA/10799","type":"VUT","group":"Completa","address":"GLORIETA DE CORTADURA Nº 1 Plta/Piso 4 Pta/Letra J, piso 4, puerta J","postal_code":"11010","places":4,"units":2,"registered":"2020-07-21","catastro":"4426303QA4442E0045II","holder":null,"holder_count":null}},{"type":"Feature","geometry":{"type":"Point","coordinates":[-6.271754,36.496063]},"properties":{"id":"VUT/CA/10800","type":"VUT","group":"Completa","address":"GLORIETA DE CORTADURA Nº 1 Plta/Piso 3 Pta/Letra J, piso 3, puerta J","postal_code":"11010","places":4,"units":2,"registered":"2020-07-21","catastro":"4426303QA4442E0034MM","holder":null,"holder_count":null}},{"type":"Feature","geometry":{"type":"Point","coordinates":[-6.300517,36.536547]},"properties":{"id":"VUT/CA/10802","type":"VUT","group":"Completa","address":"CALLE SAN ISIDRO Nº 5 Plta/Piso 1 Pta/Letra B, piso 1, puerta B","postal_code":"11003","places":6,"units":2,"registered":"2020-07-21","catastro":"1870803QA4417B0005TE","holder":null,"holder_count":null}},{"type":"Feature","geometry":{"type":"Point","coordinates":[-6.273687,36.500305]},"properties":{"id":"VUT/CA/10805","type":"VUT","group":"Completa","address":"AVENIDA JOSE LEON DE CARRANZA Nº 4 TRIP Blq. 6 Plta/Piso BAJA Pta/Letra 1 BIS, piso BAJA, puerta 1 BIS","postal_code":"11001","places":5,"units":2,"registered":"2020-07-22","catastro":"4230303QA4443A0075RP","holder":"DUNA BEDUINA SERVICIOS TURISTÍCOS, S.L.","holder_count":77}},{"type":"Feature","geometry":{"type":"Point","coordinates":[-6.294727,36.530555]},"properties":{"id":"VUT/CA/10824","type":"VUT","group":"Completa","address":"CALLE Villalobos Nº 8 Plta/Piso 1 Pta/Letra A, piso 1, puerta A","postal_code":"11005","places":2,"units":1,"registered":"2020-07-26","catastro":"2364614QA4426C0003DB","holder":null,"holder_count":null}},{"type":"Feature","geometry":{"type":"Point","coordinates":[-6.296543,36.530479]},"properties":{"id":"VUT/CA/10829","type":"VUT","group":"Completa","address":"CALLE ARBOLI Nº 1 Plta/Piso 1 Pta/Letra A, piso 1, puerta A","postal_code":"11005","places":8,"units":4,"registered":"2020-07-28","catastro":"2063321QA4426C0004AZ","holder":"LIKERCLAEM 2030 SL","holder_count":1}},{"type":"Feature","geometry":{"type":"Point","coordinates":[-6.269456,36.496458]},"properties":{"id":"VUT/CA/10854","type":"VUT","group":"Completa","address":"CALLE Adelfas Nº 3 Plta/Piso 3 Pta/Letra C, piso 3, puerta C","postal_code":"11011","places":4,"units":3,"registered":"2020-08-07","catastro":"4726201QA4442F0043YG","holder":null,"holder_count":null}},{"type":"Feature","geometry":{"type":"Point","coordinates":[-6.280557,36.520079]},"properties":{"id":"VUT/CA/10857","type":"VUT","group":"Completa","address":"CALLE DOCTOR RODRIGUEZ LOPEZ Nº 2","postal_code":"11008","places":6,"units":3,"registered":"2020-08-10","catastro":"3652101QA4435B0104SW","holder":null,"holder_count":null}},{"type":"Feature","geometry":{"type":"Point","coordinates":[-6.293711,36.53083]},"properties":{"id":"VUT/CA/10860","type":"VUT","group":"Completa","address":"CALLE CRISTOBAL COLON Nº 15 Plta/Piso 2º Pta/Letra A, piso 2º, puerta A","postal_code":"11005","places":6,"units":3,"registered":"2020-08-11","catastro":"2464810QA4426C0006EM","holder":"DUNA BEDUINA SERVICIOS TURISTÍCOS, S.L.","holder_count":77}},{"type":"Feature","geometry":{"type":"Point","coordinates":[-6.300384,36.533198]},"properties":{"id":"VUT/CA/10864","type":"VUT","group":"Completa","address":"CALLE TORRE Nº 20 Plta/Piso ATICO, piso ATICO","postal_code":"11003","places":4,"units":1,"registered":"2020-08-11","catastro":"1866105QA4416F0007GQ","holder":null,"holder_count":null}},{"type":"Feature","geometry":{"type":"Point","coordinates":[-6.302074,36.535141]},"properties":{"id":"VUT/CA/10868","type":"VUT","group":"Completa","address":"CALLE HÉRCULES Nº 17 Plta/Piso 2 Pta/Letra A, piso 2, puerta A","postal_code":"11003","places":8,"units":4,"registered":"2020-08-12","catastro":"1669606QA4416H0003WG","holder":null,"holder_count":null}},{"type":"Feature","geometry":{"type":"Point","coordinates":[-6.295814,36.534011]},"properties":{"id":"VUT/CA/10870","type":"VUT","group":"Completa","address":"CALLE BEATO DIEGO Nº 6 Plta/Piso BAJO Pta/Letra D Compl.Dom. CALLE BEATO DIEGO Nº6 BAJO DCHA, piso BAJO, puerta D","postal_code":"11004","places":2,"units":2,"registered":"2020-08-13","catastro":"2268706QA4426G0002XO","holder":null,"holder_count":null}},{"type":"Feature","geometry":{"type":"Point","coordinates":[-6.302066,36.529824]},"properties":{"id":"VUT/CA/10876","type":"VUT","group":"Completa","address":"CALLE VIRGEN DE LAS PENAS Nº 4 Plta/Piso 1 Pta/Letra B, piso 1, puerta B","postal_code":"11002","places":6,"units":2,"registered":"2020-08-14","catastro":"1762122QA4416B0013DF","holder":null,"holder_count":null}},{"type":"Feature","geometry":{"type":"Point","coordinates":[-6.301208,36.531717]},"properties":{"id":"VUT/CA/10886","type":"VUT","group":"Completa","address":"CALLE SAN JOSÉ Nº 65 Calif.Nº DPDO Plta/Piso 4 Compl.Dom. ÁTICO, piso 4","postal_code":"11003","places":6,"units":3,"registered":"2020-08-19","catastro":"1765910QA4416F0010XQ","holder":null,"holder_count":null}},{"type":"Feature","geometry":{"type":"Point","coordinates":[-6.301208,36.531717]},"properties":{"id":"VUT/CA/10887","type":"VUT","group":"Completa","address":"CALLE SAN JOSÉ Nº 65 Calif.Nº DPDO Plta/Piso BJ Pta/Letra DCH, piso BJ, puerta DCH","postal_code":"11003","places":4,"units":1,"registered":"2020-08-19","catastro":"1765910QA4416F0003KB","holder":null,"holder_count":null}},{"type":"Feature","geometry":{"type":"Point","coordinates":[-6.296815,36.532821]},"properties":{"id":"VUT/CA/10892","type":"VUT","group":"Completa","address":"CALLE JOSÉ DEL TORO Nº 5 Plta/Piso 2º Pta/Letra IZQ, piso 2º, puerta IZQ","postal_code":"11001","places":4,"units":4,"registered":"2020-08-19","catastro":"2166903QA4426E0003WG","holder":null,"holder_count":null}},{"type":"Feature","geometry":{"type":"Point","coordinates":[-6.276524,36.505878]},"properties":{"id":"VUT/CA/10895","type":"VUT","group":"Completa","address":"AVENIDA CAYETANO DEL TORO Nº 21 Plta/Piso 3 Pta/Letra G Compl.Dom. EDIFICIO CANTABRICO, piso 3, puerta G","postal_code":"11010","places":4,"units":1,"registered":"2020-08-20","catastro":"4037509QA4443G0068ZF","holder":"ÓLEO CANELA, S.L.","holder_count":1}},{"type":"Feature","geometry":{"type":"Point","coordinates":[-6.293711,36.53083]},"properties":{"id":"VUT/CA/10908","type":"VUT","group":"Completa","address":"CALLE CRISTOBAL COLON Nº 15 Plta/Piso 1 Pta/Letra B, piso 1, puerta B","postal_code":"11005","places":4,"units":2,"registered":"2020-08-26","catastro":"2464810QA4426C0005WX","holder":"ALQUILER VACACIONAL TURISMO E INNOVACIÓN SOCIAL SCA","holder_count":81}},{"type":"Feature","geometry":{"type":"Point","coordinates":[-6.27167,36.499194]},"properties":{"id":"VUT/CA/10909","type":"VUT","group":"Completa","address":"PLAZA JEREZ DE LA FRONTERA Nº 9 Plta/Piso 3 Pta/Letra B, piso 3, puerta B","postal_code":"11011","places":7,"units":3,"registered":"2020-08-26","catastro":"4429302QA4442G0092MS","holder":"ALQUILER VACACIONAL TURISMO E INNOVACIÓN SOCIAL SCA","holder_count":81}},{"type":"Feature","geometry":{"type":"Point","coordinates":[-6.295964,36.532608]},"properties":{"id":"VUT/CA/10910","type":"VUT","group":"Completa","address":"CALLE JOSE DEL TORO Nº 16 Plta/Piso 3 Pta/Letra C, piso 3, puerta C","postal_code":"11004","places":2,"units":2,"registered":"2020-08-27","catastro":"2266809QA4426E0011EB","holder":null,"holder_count":null}},{"type":"Feature","geometry":{"type":"Point","coordinates":[-6.283765,36.514401]},"properties":{"id":"VUT/CA/10921","type":"VUT","group":"Completa","address":"AVENIDA Amílcar Barca Nº 19 Plta/Piso 6 Pta/Letra dcha, piso 6, puerta dcha","postal_code":"11008","places":4,"units":2,"registered":"2020-09-04","catastro":"3346403QA4434E0052SL","holder":null,"holder_count":null}},{"type":"Feature","geometry":{"type":"Point","coordinates":[-6.29018,36.526743]},"properties":{"id":"VUT/CA/10931","type":"VUT","group":"Completa","address":"CALLE San roque Nº 2 Plta/Piso 1 Pta/Letra c, piso 1, puerta c","postal_code":"11006","places":4,"units":2,"registered":"2020-09-07","catastro":"2760501QA4426B0006IF","holder":null,"holder_count":null}},{"type":"Feature","geometry":{"type":"Point","coordinates":[-6.275929,36.50257]},"properties":{"id":"VUT/CA/10955","type":"VUT","group":"Completa","address":"PASEO MARÍTIMO Nº 12 Plta/Piso BJ Pta/Letra B, piso BJ, puerta B","postal_code":"11010","places":7,"units":3,"registered":"2020-09-11","catastro":"4134811QA4443C0040WW","holder":"DUNA BEDUINA SERVICIOS TURISTÍCOS, S.L.","holder_count":77}},{"type":"Feature","geometry":{"type":"Point","coordinates":[-6.29396,36.536335]},"properties":{"id":"VUT/CA/10956","type":"VUT","group":"Completa","address":"PLAZA ARGÜELLES Nº 8 Plta/Piso 3 Pta/Letra CENTRO, piso 3, puerta CENTRO","postal_code":"11004","places":4,"units":2,"registered":"2020-09-11","catastro":"2370306QA4427A0007ZM","holder":null,"holder_count":null}},{"type":"Feature","geometry":{"type":"Point","coordinates":[-6.274062,36.506206]},"properties":{"id":"VUT/CA/10957","type":"VUT","group":"Completa","address":"CALLE GOYA Nº 21 Plta/Piso 2 Pta/Letra D, piso 2, puerta D","postal_code":"11010","places":6,"units":3,"registered":"2020-09-11","catastro":"4237902QA4443E0008IM","holder":"ALQUILER VACACIONAL TURISMO E INNOVACIÓN SOCIAL SCA","holder_count":81}},{"type":"Feature","geometry":{"type":"Point","coordinates":[-6.275328,36.502605]},"properties":{"id":"VUT/CA/10958","type":"VUT","group":"Completa","address":"CALLE JOSÉ GARCÍA AGULLO Nº 2 Plta/Piso 7 Pta/Letra A, piso 7, puerta A","postal_code":"11010","places":4,"units":2,"registered":"2020-09-11","catastro":"4134809QA4443C0040WW","holder":"DUNA BEDUINA SERVICIOS TURISTÍCOS, S.L.","holder_count":77}},{"type":"Feature","geometry":{"type":"Point","coordinates":[-6.281898,36.514585]},"properties":{"id":"VUT/CA/10959","type":"VUT","group":"Por habitaciones","address":"AVENIDA ANDALUCÍA Nº 84 Plta/Piso 4 Pta/Letra E, piso 4, puerta E","postal_code":"11008","places":6,"units":4,"registered":"2020-09-11","catastro":"3447805QA4434E0052BL","holder":null,"holder_count":null}},{"type":"Feature","geometry":{"type":"Point","coordinates":[-6.301271,36.533717]},"properties":{"id":"VUT/CA/10960","type":"VUT","group":"Completa","address":"CALLE Virgili Nº 7 Plta/Piso Bajo Pta/Letra Izq, piso Bajo, puerta Izq","postal_code":"11003","places":5,"units":2,"registered":"2020-09-11","catastro":"1767906QA4416F0002KL","holder":null,"holder_count":null}},{"type":"Feature","geometry":{"type":"Point","coordinates":[-6.298302,36.529741]},"properties":{"id":"VUT/CA/10976","type":"VUT","group":"Completa","address":"PLAZA LIBERTAD Nº 9 Plta/Piso 2 Pta/Letra D, piso 2, puerta D","postal_code":"11005","places":4,"units":2,"registered":"2020-09-15","catastro":"1962312QA4416D0011OU","holder":null,"holder_count":null}},{"type":"Feature","geometry":{"type":"Point","coordinates":[-6.277569,36.510842]},"properties":{"id":"VUT/CA/10977","type":"VUT","group":"Completa","address":"CALLE TANGUILLOS Nº 6 Plta/Piso 3 Pta/Letra DCHA, piso 3, puerta DCHA","postal_code":"11009","places":4,"units":2,"registered":"2020-09-15","catastro":"3942204QA4434B0008IO","holder":null,"holder_count":null}},{"type":"Feature","geometry":{"type":"Point","coordinates":[-6.271521,36.49642]},"properties":{"id":"VUT/CA/10998","type":"VUT","group":"Completa","address":"PASEO MARÍTIMO Nº 30 Plta/Piso 9 Pta/Letra L, piso 9, puerta L","postal_code":"11011","places":6,"units":3,"registered":"2020-09-23","catastro":"4426304QA4442E0241LP","holder":"ALQUILER VACACIONAL TURISMO E INNOVACIÓN SOCIAL SCA","holder_count":81}},{"type":"Feature","geometry":{"type":"Point","coordinates":[-6.284889,36.51609]},"properties":{"id":"VUT/CA/11003","type":"VUT","group":"Completa","address":"AVENIDA Amilcar Barca Nº 7 Plta/Piso Bajo Pta/Letra A, piso Bajo, puerta A","postal_code":"11008","places":4,"units":2,"registered":"2020-09-23","catastro":"3248408QA4434G0001HQ","holder":null,"holder_count":null}},{"type":"Feature","geometry":{"type":"Point","coordinates":[-6.273667,36.49951]},"properties":{"id":"VUT/CA/11008","type":"VUT","group":"Completa","address":"CALLE SIRENAS Nº 1 Plta/Piso 5 Pta/Letra G Compl.Dom. EDIFICIO ATLÁNTICO 5, piso 5, puerta G","postal_code":"11011","places":4,"units":2,"registered":"2020-09-23","catastro":"4230307QA4443A0085QJ","holder":null,"holder_count":null}},{"type":"Feature","geometry":{"type":"Point","coordinates":[-6.270311,36.496319]},"properties":{"id":"VUT/CA/11009","type":"VUT","group":"Completa","address":"AVENIDA PERIODISTA BEATRIZ CIENFUEGOS Nº 19 Esc. K Plta/Piso 1 Pta/Letra C, piso 1, puerta C","postal_code":"11011","places":4,"units":1,"registered":"2020-09-23","catastro":"4627707QA4442F0019OM","holder":"ALQUILER VACACIONAL TURISMO E INNOVACIÓN SOCIAL SCA","holder_count":81}},{"type":"Feature","geometry":{"type":"Point","coordinates":[-6.304858,36.533288]},"properties":{"id":"VUT/CA/11012","type":"VUT","group":"Completa","address":"CALLE DOCTOR MARANON Nº 8 Plta/Piso 2 Pta/Letra G, piso 2, puerta G","postal_code":"11002","places":6,"units":3,"registered":"2020-09-23","catastro":"1467510QA4416G0052QJ","holder":null,"holder_count":null}},{"type":"Feature","geometry":{"type":"Point","coordinates":[-6.297369,36.534397]},"properties":{"id":"VUT/CA/11016","type":"VUT","group":"Completa","address":"CALLE SAN PEDRO Nº 5 Plta/Piso 2 Pta/Letra A, piso 2, puerta A","postal_code":"11004","places":4,"units":2,"registered":"2020-09-24","catastro":"2068503QA4426G0003RP","holder":null,"holder_count":null}},{"type":"Feature","geometry":{"type":"Point","coordinates":[-6.295988,36.530134]},"properties":{"id":"VUT/CA/11021","type":"VUT","group":"Completa","address":"CALLE COMPAÑÍA Nº 17 Plta/Piso 4º Pta/Letra A, piso 4º, puerta A","postal_code":"11005","places":4,"units":2,"registered":"2020-09-25","catastro":"2263803QA4426C0011EW","holder":null,"holder_count":null}},{"type":"Feature","geometry":{"type":"Point","coordinates":[-6.29629,36.534174]},"properties":{"id":"VUT/CA/11028","type":"VUT","group":"Completa","address":"PLAZA SAN FRANCISCO Nº 8 Plta/Piso 2, piso 2","postal_code":"11004","places":6,"units":3,"registered":"2020-09-28","catastro":"2168503QA4426G0001JI","holder":"ROSARIO 1 HOSTELERÍA S.L.U.","holder_count":2}},{"type":"Feature","geometry":{"type":"Point","coordinates":[-6.29629,36.534174]},"properties":{"id":"VUT/CA/11029","type":"VUT","group":"Completa","address":"PLAZA SAN FRANCISCO Nº 8 Plta/Piso 3, piso 3","postal_code":"11004","places":6,"units":3,"registered":"2020-09-28","catastro":"2168503QA4426G0001JI","holder":"ROSARIO 1 HOSTELERÍA S.L.U.","holder_count":2}},{"type":"Feature","geometry":{"type":"Point","coordinates":[-6.302141,36.533488]},"properties":{"id":"VUT/CA/11037","type":"VUT","group":"Completa","address":"PLAZA DEL FALLA Nº 6 Compl.Dom. 1 02 01","postal_code":"11003","places":6,"units":3,"registered":"2020-09-29","catastro":"1667502QA4416H0002BF","holder":null,"holder_count":null}},{"type":"Feature","geometry":{"type":"Point","coordinates":[-6.278236,36.508133]},"properties":{"id":"VUT/CA/11038","type":"VUT","group":"Completa","address":"AVENIDA ANA DE VIYA Nº 54 Plta/Piso 9 Pta/Letra DCH Compl.Dom. ÁTICO, piso 9, puerta DCH","postal_code":"11009","places":3,"units":2,"registered":"2020-09-30","catastro":"3839102QA4433H0017MY","holder":null,"holder_count":null}},{"type":"Feature","geometry":{"type":"Point","coordinates":[-6.294837,36.529666]},"properties":{"id":"VUT/CA/11039","type":"VUT","group":"Completa","address":"PLAZA DE LA CATEDRAL Nº 6 Plta/Piso 1ª, piso 1ª","postal_code":"11005","places":6,"units":3,"registered":"2020-09-30","catastro":"2363816QA4426C0003AB","holder":null,"holder_count":null}},{"type":"Feature","geometry":{"type":"Point","coordinates":[-6.294869,36.531365]},"properties":{"id":"VUT/CA/11040","type":"VUT","group":"Completa","address":"PLAZA CANDELARIA Nº 3 Plta/Piso 4 Pta/Letra C, piso 4, puerta C","postal_code":"11005","places":6,"units":3,"registered":"2020-09-30","catastro":"2364219QA4426C0015TY","holder":"ALQUILER VACACIONAL TURISMO E INNOVACIÓN SOCIAL SCA","holder_count":81}},{"type":"Feature","geometry":{"type":"Point","coordinates":[-6.273621,36.505055]},"properties":{"id":"VUT/CA/11047","type":"VUT","group":"Completa","address":"CALLE VELAZQUEZ Nº 15 Blq. 3 Plta/Piso 3 Pta/Letra 2, piso 3, puerta 2","postal_code":"11010","places":4,"units":3,"registered":"2020-10-01","catastro":"4236401QA4443E0315PD","holder":null,"holder_count":null}},{"type":"Feature","geometry":{"type":"Point","coordinates":[-6.300843,36.535482]},"properties":{"id":"VUT/CA/11048","type":"VUT","group":"Completa","address":"PLAZA MENTIDERO Nº 21 Plta/Piso 1 Pta/Letra DRCHA, piso 1, puerta DRCHA","postal_code":"11003","places":4,"units":1,"registered":"2020-10-02","catastro":"1869701QA4416H0004GH","holder":null,"holder_count":null}},{"type":"Feature","geometry":{"type":"Point","coordinates":[-6.304997,36.529628]},"properties":{"id":"VUT/CA/11050","type":"VUT","group":"Completa","address":"CALLE Angel Nº 1 Plta/Piso Bajo Pta/Letra B, piso Bajo, puerta B","postal_code":"11002","places":4,"units":2,"registered":"2020-10-02","catastro":"1462802QA4416A0030LH","holder":null,"holder_count":null}},{"type":"Feature","geometry":{"type":"Point","coordinates":[-6.304997,36.529628]},"properties":{"id":"VUT/CA/11051","type":"VUT","group":"Completa","address":"CALLE Angel Nº 1 Plta/Piso Bajo Pta/Letra G, piso Bajo, puerta G","postal_code":"11002","places":6,"units":3,"registered":"2020-10-02","catastro":"1462802QA4416A0026KG","holder":null,"holder_count":null}},{"type":"Feature","geometry":{"type":"Point","coordinates":[-6.305221,36.533226]},"properties":{"id":"VUT/CA/11052","type":"VUT","group":"Completa","address":"CALLE DOCTOR MARAÑÓN Nº 10 Plta/Piso 1º Pta/Letra B Izqda, piso 1º, puerta B Izqda","postal_code":"11002","places":6,"units":2,"registered":"2020-10-05","catastro":"1467513QA4416G0024OZ","holder":null,"holder_count":null}},{"type":"Feature","geometry":{"type":"Point","coordinates":[-6.296859,36.53435]},"properties":{"id":"VUT/CA/11062","type":"VUT","group":"Completa","address":"CALLE SAN PEDRO Nº 18","postal_code":"11004","places":7,"units":2,"registered":"2020-10-14","catastro":"2068421QA4426G0007BF","holder":null,"holder_count":null}},{"type":"Feature","geometry":{"type":"Point","coordinates":[-6.301255,36.529893]},"properties":{"id":"VUT/CA/11063","type":"VUT","group":"Completa","address":"CALLE PORTERIA DE CAPUCHINOS Nº 4 Plta/Piso 1 Pta/Letra IZQ, piso 1, puerta IZQ","postal_code":"11002","places":4,"units":1,"registered":"2020-10-14","catastro":"1762211QA4416B0004II","holder":null,"holder_count":null}},{"type":"Feature","geometry":{"type":"Point","coordinates":[-6.272952,36.499012]},"properties":{"id":"VUT/CA/11065","type":"VUT","group":"Completa","address":"CALLE PASEO MARITIMO Nº 23 Plta/Piso 6 Pta/Letra E, piso 6, puerta E","postal_code":"11011","places":4,"units":2,"registered":"2020-10-14","catastro":"4329901QA4442G0872PX","holder":null,"holder_count":null}},{"type":"Feature","geometry":{"type":"Point","coordinates":[-6.298051,36.535869]},"properties":{"id":"VUT/CA/11067","type":"VUT","group":"Completa","address":"CALLE Horozco Nº 3 Plta/Piso 1º Pta/Letra B, piso 1º, puerta B","postal_code":"11002","places":4,"units":1,"registered":"2020-10-14","catastro":"2069102QA4426G0001TI","holder":"NUEVO GADIR S.L.","holder_count":2}},{"type":"Feature","geometry":{"type":"Point","coordinates":[-6.298051,36.535869]},"properties":{"id":"VUT/CA/11068","type":"VUT","group":"Completa","address":"CALLE Horozco Nº 3 Plta/Piso 1º Pta/Letra A, piso 1º, puerta A","postal_code":"11002","places":4,"units":1,"registered":"2020-10-14","catastro":"2069102QA4426G0001TI","holder":"NUEVO GADIR S.L.","holder_count":2}},{"type":"Feature","geometry":{"type":"Point","coordinates":[-6.292647,36.530338]},"properties":{"id":"VUT/CA/11071","type":"VUT","group":"Completa","address":"PLAZA SAN JUAN DE DIOS Nº 1 Plta/Piso 3 Pta/Letra B, piso 3, puerta B","postal_code":"11005","places":4,"units":1,"registered":"2020-10-16","catastro":"2463909QA4426C0015EY","holder":"DUNA BEDUINA SERVICIOS TURISTÍCOS, S.L.","holder_count":77}},{"type":"Feature","geometry":{"type":"Point","coordinates":[-6.271659,36.512126]},"properties":{"id":"VUT/CA/11072","type":"VUT","group":"Completa","address":"CALLE PALMONES Nº 17 Plta/Piso 2 Pta/Letra IZQ, piso 2, puerta IZQ","postal_code":"11012","places":4,"units":2,"registered":"2020-10-17","catastro":"4444601QA4444C0001UG","holder":null,"holder_count":null}},{"type":"Feature","geometry":{"type":"Point","coordinates":[-6.272565,36.497408]},"properties":{"id":"VUT/CA/11073","type":"VUT","group":"Completa","address":"PASEO MARITIMO Nº 28 Plta/Piso 9 Pta/Letra D Compl.Dom. 28 DUPLICADO, piso 9, puerta D","postal_code":"11010","places":4,"units":1,"registered":"2020-10-17","catastro":"4428805QA4442G0100EL","holder":null,"holder_count":null}},{"type":"Feature","geometry":{"type":"Point","coordinates":[-6.280649,36.51421]},"properties":{"id":"VUT/CA/11079","type":"VUT","group":"Completa","address":"CALLE POETA NIETO Nº 5 Plta/Piso 1 Pta/Letra E, piso 1, puerta E","postal_code":"11009","places":4,"units":2,"registered":"2020-10-19","catastro":"3646807QA4434F0005IL","holder":null,"holder_count":null}},{"type":"Feature","geometry":{"type":"Point","coordinates":[-6.299095,36.535468]},"properties":{"id":"VUT/CA/11081","type":"VUT","group":"Completa","address":"CALLE OBISPO CERERO Nº 1 Plta/Piso 2 Pta/Letra 4, piso 2, puerta 4","postal_code":"11003","places":12,"units":6,"registered":"2020-10-20","catastro":"1869408QA4416H0002KF","holder":null,"holder_count":null}},{"type":"Feature","geometry":{"type":"Point","coordinates":[-6.298051,36.535869]},"properties":{"id":"VUT/CA/11090","type":"VUT","group":"Completa","address":"CALLE HOROZCO Nº 3 Plta/Piso 1 Pta/Letra C, piso 1, puerta C","postal_code":"11002","places":4,"units":1,"registered":"2020-10-21","catastro":"2069102QA4426G0001TI","holder":null,"holder_count":null}},{"type":"Feature","geometry":{"type":"Point","coordinates":[-6.298051,36.535869]},"properties":{"id":"VUT/CA/11091","type":"VUT","group":"Completa","address":"CALLE HOROZCO Nº 3 Plta/Piso BAJO Compl.Dom. BAJO, piso BAJO","postal_code":"11002","places":2,"units":1,"registered":"2020-10-21","catastro":"2069102QA4426G0001TI","holder":null,"holder_count":null}},{"type":"Feature","geometry":{"type":"Point","coordinates":[-6.285811,36.519719]},"properties":{"id":"VUT/CA/11094","type":"VUT","group":"Por habitaciones","address":"PLAZA ALMUDAINA Nº 2 Plta/Piso 9 Pta/Letra B, piso 9, puerta B","postal_code":"11008","places":6,"units":4,"registered":"2020-10-21","catastro":"3152603QA4435A0018YQ","holder":null,"holder_count":null}},{"type":"Feature","geometry":{"type":"Point","coordinates":[-6.29381,36.531422]},"properties":{"id":"VUT/CA/11100","type":"VUT","group":"Completa","address":"PLAZA MENDIZABAL Nº 1 Plta/Piso 3, piso 3","postal_code":"11005","places":8,"units":4,"registered":"2020-10-22","catastro":"2365610QA4426E0006IK","holder":null,"holder_count":null}},{"type":"Feature","geometry":{"type":"Point","coordinates":[-6.291344,36.530448]},"properties":{"id":"VUT/CA/11103","type":"VUT","group":"Completa","address":"AVENIDA DEL PUERTO Nº 2 Plta/Piso 6 Pta/Letra IZQ Compl.Dom. PUERTA 1ª, piso 6, puerta IZQ","postal_code":"11006","places":4,"units":2,"registered":"2020-10-23","catastro":"2663201QA4426D0025OX","holder":"WOLF ACQUISITIONS","holder_count":1}},{"type":"Feature","geometry":{"type":"Point","coordinates":[-6.298938,36.535956]},"properties":{"id":"VUT/CA/11109","type":"VUT","group":"Completa","address":"CALLE FERNÁN CABALLERO Nº 5 Plta/Piso 1 Pta/Letra A, piso 1, puerta A","postal_code":"11003","places":6,"units":2,"registered":"2020-10-26","catastro":"1969304QA4416H2002SP","holder":null,"holder_count":null}},{"type":"Feature","geometry":{"type":"Point","coordinates":[-6.298938,36.535956]},"properties":{"id":"VUT/CA/11110","type":"VUT","group":"Completa","address":"CALLE FERNÁN CABALLERO Nº 5 Plta/Piso 1º Pta/Letra B, piso 1º, puerta B","postal_code":"11003","places":6,"units":2,"registered":"2020-10-26","catastro":"1969304QA4416H0005LJ","holder":"PROPOBRI SL","holder_count":1}},{"type":"Feature","geometry":{"type":"Point","coordinates":[-6.295124,36.53354]},"properties":{"id":"VUT/CA/11125","type":"VUT","group":"Completa","address":"CALLE SAN FRANCISCO Nº 11 Esc. 1 Plta/Piso 3 Pta/Letra DR, piso 3, puerta DR","postal_code":"11004","places":4,"units":2,"registered":"2020-11-03","catastro":"2267905QA4426E0005LJ","holder":null,"holder_count":null}},{"type":"Feature","geometry":{"type":"Point","coordinates":[-6.279207,36.50759]},"properties":{"id":"VUT/CA/11146","type":"VUT","group":"Completa","address":"CALLE BRASIL Nº 12 Plta/Piso 2 Pta/Letra K, piso 2, puerta K","postal_code":"11009","places":2,"units":1,"registered":"2020-11-10","catastro":"3839108QA4433H0062GD","holder":null,"holder_count":null}},{"type":"Feature","geometry":{"type":"Point","coordinates":[-6.275407,36.505068]},"properties":{"id":"VUT/CA/11153","type":"VUT","group":"Completa","address":"PLAZA PLAZA ESQUIVEL Portal 1 Esc. IZQ Plta/Piso ENTPL Pta/Letra Q, piso ENTPL, puerta Q","postal_code":"11010","places":6,"units":3,"registered":"2020-11-17","catastro":"4136901QA4443E0016UT","holder":null,"holder_count":null}},{"type":"Feature","geometry":{"type":"Point","coordinates":[-6.29396,36.536335]},"properties":{"id":"VUT/CA/11175","type":"VUT","group":"Completa","address":"PLAZA Argüelles Nº 8 Plta/Piso 1 Pta/Letra izq., piso 1, puerta izq.","postal_code":"11004","places":6,"units":2,"registered":"2020-12-01","catastro":"2370306QA4427A0003JL","holder":null,"holder_count":null}},{"type":"Feature","geometry":{"type":"Point","coordinates":[-6.283765,36.514401]},"properties":{"id":"VUT/CA/11177","type":"VUT","group":"Completa","address":"CALLE Marianista Cubillo Nº 2 Plta/Piso 8 Pta/Letra derecha, piso 8, puerta derecha","postal_code":"11008","places":4,"units":2,"registered":"2020-12-01","catastro":"3346403QA4434E0036WO","holder":null,"holder_count":null}},{"type":"Feature","geometry":{"type":"Point","coordinates":[-6.300122,36.530413]},"properties":{"id":"VUT/CA/11181","type":"VUT","group":"Completa","address":"CALLE MARÍA ARTEAGA Nº 12 Plta/Piso 3 Pta/Letra IZQ, piso 3, puerta IZQ","postal_code":"11002","places":4,"units":2,"registered":"2020-12-03","catastro":"1863210QA4416D0007XY","holder":null,"holder_count":null}},{"type":"Feature","geometry":{"type":"Point","coordinates":[-6.301208,36.531717]},"properties":{"id":"VUT/CA/11185","type":"VUT","group":"Completa","address":"CALLE SAN JOSÉ Nº 65 Calif.Nº DPDO Plta/Piso 3 Pta/Letra DCH, piso 3, puerta DCH","postal_code":"11003","places":6,"units":3,"registered":"2020-12-09","catastro":"1765910QA4416F0008MW","holder":"ESTUDIO MARE NOSTRUM, SL.","holder_count":1}},{"type":"Feature","geometry":{"type":"Point","coordinates":[-6.299114,36.53044]},"properties":{"id":"VUT/CA/11201","type":"VUT","group":"Completa","address":"CALLE Robles Nº 7 Plta/Piso 2 Pta/Letra A, piso 2, puerta A","postal_code":"11002","places":4,"units":1,"registered":"2020-12-17","catastro":"1963204QA4416D0005IR","holder":null,"holder_count":null}},{"type":"Feature","geometry":{"type":"Point","coordinates":[-6.301312,36.529988]},"properties":{"id":"VUT/CA/11202","type":"VUT","group":"Completa","address":"CALLE PORTERIA DE CAPUCHINOS Nº 2","postal_code":"11002","places":12,"units":5,"registered":"2020-12-17","catastro":"1762212QA4416B0007BA","holder":null,"holder_count":null}},{"type":"Feature","geometry":{"type":"Point","coordinates":[-6.274874,36.502439]},"properties":{"id":"VUT/CA/11208","type":"VUT","group":"Completa","address":"CALLE JOSE GARCIA AGULLO Plta/Piso 11 Pta/Letra I, piso 11, puerta I","postal_code":"11009","places":4,"units":2,"registered":"2020-12-18","catastro":"4133501QA4443C0239XP","holder":null,"holder_count":null}},{"type":"Feature","geometry":{"type":"Point","coordinates":[-6.29918,36.532515]},"properties":{"id":"VUT/CA/11216","type":"VUT","group":"Completa","address":"CALLE SAGASTA Nº 32-34 Plta/Piso 3 Pta/Letra A, piso 3, puerta A","postal_code":"11001","places":8,"units":3,"registered":"2020-12-21","catastro":"1966601QA4416F0005SX","holder":null,"holder_count":null}},{"type":"Feature","geometry":{"type":"Point","coordinates":[-6.274451,36.501378]},"properties":{"id":"VUT/CA/11220","type":"VUT","group":"Completa","address":"GLORIETA HELIOS Nº 4 Plta/Piso 4 Pta/Letra D, piso 4, puerta D","postal_code":"11011","places":7,"units":4,"registered":"2020-12-23","catastro":"4232802QA4443A0046TD","holder":null,"holder_count":null}},{"type":"Feature","geometry":{"type":"Point","coordinates":[-6.276359,36.510009]},"properties":{"id":"VUT/CA/11224","type":"VUT","group":"Completa","address":"CALLE GARCIA CARRERA Nº 43 Plta/Piso 1 Pta/Letra 1, piso 1, puerta 1","postal_code":"11009","places":4,"units":1,"registered":"2020-12-24","catastro":"4041201QA4444A0001IB","holder":null,"holder_count":null}},{"type":"Feature","geometry":{"type":"Point","coordinates":[-6.294518,36.53531]},"properties":{"id":"VUT/CA/11238","type":"VUT","group":"Completa","address":"CALLE MANUEL RANCES 19 Nº 19 Plta/Piso 1 Pta/Letra IZQ, piso 1, puerta IZQ","postal_code":"11004","places":6,"units":2,"registered":"2021-01-10","catastro":"2369403QA4426G0003RP","holder":null,"holder_count":null}},{"type":"Feature","geometry":{"type":"Point","coordinates":[-6.293214,36.531975]},"properties":{"id":"VUT/CA/11239","type":"VUT","group":"Completa","address":"AVENIDA Cuatro de Diciembre de 1977 Nº 26 Plta/Piso 3 Pta/Letra A, piso 3, puerta A","postal_code":"11006","places":4,"units":2,"registered":"2021-01-11","catastro":"2465202QA4426E0012AZ","holder":null,"holder_count":null}},{"type":"Feature","geometry":{"type":"Point","coordinates":[-6.293499,36.531979]},"properties":{"id":"VUT/CA/11250","type":"VUT","group":"Completa","address":"CALLE VALENZUELA Nº 3 Plta/Piso 1 Pta/Letra 1 Compl.Dom. VIVIENDA CON FINES TURISTICOS, piso 1, puerta 1","postal_code":"11005","places":4,"units":2,"registered":"2021-01-13","catastro":"2465201QA4426E0003LG","holder":"ROMERO RAMIREZ INVERSIONES S.L.","holder_count":1}},{"type":"Feature","geometry":{"type":"Point","coordinates":[-6.271724,36.499674]},"properties":{"id":"VUT/CA/11251","type":"VUT","group":"Completa","address":"PLAZA JEREZ DE LA FRONTERA Blq. 6 Plta/Piso 1 Pta/Letra D, piso 1, puerta D","postal_code":"11011","places":4,"units":2,"registered":"2021-01-14","catastro":"4429305QA4443A0021MJ","holder":null,"holder_count":null}},{"type":"Feature","geometry":{"type":"Point","coordinates":[-6.30105,36.536258]},"properties":{"id":"VUT/CA/11281","type":"VUT","group":"Completa","address":"CALLE ENRIQUE DE LAS MARINAS Nº 36 Plta/Piso BAJO Pta/Letra DERECHA, piso BAJO, puerta DERECHA","postal_code":"11003","places":6,"units":2,"registered":"2021-01-26","catastro":"1770604QA4417B0001PX","holder":null,"holder_count":null}},{"type":"Feature","geometry":{"type":"Point","coordinates":[-6.296447,36.529461]},"properties":{"id":"VUT/CA/11283","type":"VUT","group":"Completa","address":"CALLE SAN JUAN Nº 32 Plta/Piso 2 Pta/Letra IZQ, piso 2, puerta IZQ","postal_code":"11005","places":4,"units":1,"registered":"2021-01-26","catastro":"2262113QA4426A0005UR","holder":null,"holder_count":null}},{"type":"Feature","geometry":{"type":"Point","coordinates":[-6.285554,36.526097]},"properties":{"id":"VUT/CA/11288","type":"VUT","group":"Completa","address":"CALLE Tamarindos Nº 9-11 Plta/Piso 1 Pta/Letra B-izda, piso 1, puerta B-izda","postal_code":"11007","places":6,"units":3,"registered":"2021-01-27","catastro":"3159505QA4435G0181II","holder":null,"holder_count":null}},{"type":"Feature","geometry":{"type":"Point","coordinates":[-6.29895,36.531798]},"properties":{"id":"VUT/CA/11312","type":"VUT","group":"Completa","address":"CALLE FERNANDEZ SHAW Nº 1,3,5 Plta/Piso 2 Pta/Letra D, piso 2, puerta D","postal_code":"11001","places":4,"units":2,"registered":"2021-02-05","catastro":"1965708QA4416F0013PR","holder":"GADES 2012 DESARROLLOS INMOBILIARIOS,S.L.","holder_count":6}},{"type":"Feature","geometry":{"type":"Point","coordinates":[-6.294527,36.530866]},"properties":{"id":"VUT/CA/11315","type":"VUT","group":"Completa","address":"CALLE NICARAGUA Nº 8 Plta/Piso 1 Pta/Letra B, piso 1, puerta B","postal_code":"11005","places":6,"units":2,"registered":"2021-02-05","catastro":"2364212QA4426C0001MK","holder":"HIPPIE PUERTO SL","holder_count":2}},{"type":"Feature","geometry":{"type":"Point","coordinates":[-6.294527,36.530866]},"properties":{"id":"VUT/CA/11316","type":"VUT","group":"Completa","address":"CALLE NICARAGUA Nº 8 Plta/Piso 3º Pta/Letra B, piso 3º, puerta B","postal_code":"11005","places":4,"units":1,"registered":"2021-02-05","catastro":"2364212QA4426C0001MK","holder":"HIPPIE PUERTO SL","holder_count":2}},{"type":"Feature","geometry":{"type":"Point","coordinates":[-6.294527,36.530866]},"properties":{"id":"VUT/CA/11317","type":"VUT","group":"Completa","address":"CALLE NICARAGUA Nº 8 Plta/Piso ATICO, piso ATICO","postal_code":"11005","places":6,"units":2,"registered":"2021-02-05","catastro":"2364212QA4426C0001MK","holder":"APARTAMENTOS MARQUEZ SL","holder_count":2}},{"type":"Feature","geometry":{"type":"Point","coordinates":[-6.29629,36.534174]},"properties":{"id":"VUT/CA/11318","type":"VUT","group":"Completa","address":"PLAZA SAN FRANCISCO Nº 8 Plta/Piso 1ª, piso 1ª","postal_code":"11004","places":6,"units":3,"registered":"2021-02-05","catastro":"2168503QA4426G0001JI","holder":"APARTAMENTOS MARQUEZ SL","holder_count":2}},{"type":"Feature","geometry":{"type":"Point","coordinates":[-6.272166,36.496883]},"properties":{"id":"VUT/CA/11325","type":"VUT","group":"Completa","address":"CALLE PASEO MARITIMO Nº 29 Plta/Piso 2 Pta/Letra G, piso 2, puerta G","postal_code":"11011","places":6,"units":3,"registered":"2021-02-08","catastro":"4427901QA4442E0121RH","holder":null,"holder_count":null}},{"type":"Feature","geometry":{"type":"Point","coordinates":[-6.302518,36.534785]},"properties":{"id":"VUT/CA/11337","type":"VUT","group":"Por habitaciones","address":"CALLE SAN TELMO Nº 2 Plta/Piso 2 Pta/Letra B, piso 2, puerta B","postal_code":"11005","places":1,"units":2,"registered":"2021-02-11","catastro":"1668809QA4416H0010DL","holder":null,"holder_count":null}},{"type":"Feature","geometry":{"type":"Point","coordinates":[-6.296447,36.529461]},"properties":{"id":"VUT/CA/11349","type":"VUT","group":"Completa","address":"CALLE SAN JUAN Nº 32 Portal 32 Plta/Piso 2, piso 2","postal_code":"11002","places":4,"units":2,"registered":"2021-02-15","catastro":"2262113QA4426A0003TW","holder":null,"holder_count":null}},{"type":"Feature","geometry":{"type":"Point","coordinates":[-6.30396,36.532499]},"properties":{"id":"VUT/CA/11360","type":"VUT","group":"Completa","address":"CALLE BARQUILLA DE LOPE Nº 3 Plta/Piso 2 Pta/Letra C, piso 2, puerta C","postal_code":"11002","places":4,"units":2,"registered":"2021-02-18","catastro":"1465307QA4416E0008MH","holder":"MANZANAVEINTE ADMINISTRACIONES S.L.","holder_count":1}},{"type":"Feature","geometry":{"type":"Point","coordinates":[-6.289138,36.527764]},"properties":{"id":"VUT/CA/11363","type":"VUT","group":"Completa","address":"CALLE Goleta Nº 12-14 Plta/Piso 2º Pta/Letra D, piso 2º, puerta D","postal_code":"11006","places":4,"units":1,"registered":"2021-02-19","catastro":"2861802QA4426B0004QS","holder":null,"holder_count":null}},{"type":"Feature","geometry":{"type":"Point","coordinates":[-6.279159,36.508728]},"properties":{"id":"VUT/CA/11371","type":"VUT","group":"Completa","address":"CALLE DOCTOR FLEMING Blq. 4 Plta/Piso 7 Pta/Letra B, piso 7, puerta B","postal_code":"11009","places":4,"units":2,"registered":"2021-02-22","catastro":"3740305QA4434B0014US","holder":null,"holder_count":null}},{"type":"Feature","geometry":{"type":"Point","coordinates":[-6.295099,36.530068]},"properties":{"id":"VUT/CA/11373","type":"VUT","group":"Completa","address":"CALLE BARROCAL Nº 9-11 Plta/Piso 2 Pta/Letra D, piso 2, puerta D","postal_code":"11005","places":4,"units":1,"registered":"2021-02-23","catastro":"2363806QA4426C0001GK","holder":null,"holder_count":null}},{"type":"Feature","geometry":{"type":"Point","coordinates":[-6.300553,36.530265]},"properties":{"id":"VUT/CA/11386","type":"VUT","group":"Completa","address":"CALLE SAGASTA Nº 84 Plta/Piso 1 Pta/Letra D, piso 1, puerta D","postal_code":"11002","places":4,"units":2,"registered":"2021-02-25","catastro":"1863202QA4416D0011QU","holder":"APARTMENTS TIME S.L.","holder_count":55}},{"type":"Feature","geometry":{"type":"Point","coordinates":[-6.302074,36.535141]},"properties":{"id":"VUT/CA/11392","type":"VUT","group":"Completa","address":"CALLE HERCULES Nº 17 Plta/Piso 2 Pta/Letra A, piso 2, puerta A","postal_code":"11003","places":10,"units":5,"registered":"2021-02-26","catastro":"1669606QA4416H0003WG","holder":null,"holder_count":null}},{"type":"Feature","geometry":{"type":"Point","coordinates":[-6.299631,36.529827]},"properties":{"id":"VUT/CA/11400","type":"VUT","group":"Completa","address":"CALLE SAN VICENTE Nº 2 Plta/Piso 2º, piso 2º","postal_code":"11002","places":4,"units":2,"registered":"2021-03-02","catastro":"1963704QA4416D0003EW","holder":"AC GESTION CADIZ S.L.","holder_count":39}},{"type":"Feature","geometry":{"type":"Point","coordinates":[-6.27549,36.50446]},"properties":{"id":"VUT/CA/11407","type":"VUT","group":"Completa","address":"CALLE Velazquez Nº 1 Esc. Izquierda Plta/Piso 8 Pta/Letra Derecha, piso 8, puerta Derecha","postal_code":"11009","places":6,"units":3,"registered":"2021-03-03","catastro":"4136701QA4443E0041GZ","holder":"Robayna Leclere S.L.","holder_count":1}},{"type":"Feature","geometry":{"type":"Point","coordinates":[-6.300355,36.529574]},"properties":{"id":"VUT/CA/11411","type":"VUT","group":"Completa","address":"CALLE PASQUIN Nº 11-13 Plta/Piso BAJO Pta/Letra A, piso BAJO, puerta A","postal_code":"11002","places":6,"units":3,"registered":"2021-03-04","catastro":"1862119QA4416B0009RD","holder":null,"holder_count":null}},{"type":"Feature","geometry":{"type":"Point","coordinates":[-6.304997,36.529628]},"properties":{"id":"VUT/CA/11423","type":"VUT","group":"Completa","address":"CALLE ANGEL Blq. 1 Plta/Piso B Pta/Letra A, piso B, puerta A","postal_code":"11002","places":5,"units":3,"registered":"2021-03-05","catastro":"1462802QA4416A0029ZK","holder":null,"holder_count":null}},{"type":"Feature","geometry":{"type":"Point","coordinates":[-6.280819,36.509765]},"properties":{"id":"VUT/CA/11437","type":"VUT","group":"Completa","address":"CALLE AMILCAR BARCA Nº 33 Plta/Piso 2 Pta/Letra 11, piso 2, puerta 11","postal_code":"11009","places":4,"units":2,"registered":"2021-03-09","catastro":"3641412QA4434B0026MZ","holder":null,"holder_count":null}},{"type":"Feature","geometry":{"type":"Point","coordinates":[-6.295099,36.530068]},"properties":{"id":"VUT/CA/11439","type":"VUT","group":"Completa","address":"CALLE Barrocal Nº 9-11 Plta/Piso BAJO Pta/Letra A, piso BAJO, puerta A","postal_code":"11005","places":6,"units":2,"registered":"2021-03-09","catastro":"2363806QA4426C0001GK","holder":"LOVITI SUR S.L.","holder_count":1}},{"type":"Feature","geometry":{"type":"Point","coordinates":[-6.27443,36.507177]},"properties":{"id":"VUT/CA/11444","type":"VUT","group":"Completa","address":"CALLE Pintor Ruiz Luna Nº 2 Plta/Piso 2 Pta/Letra 24, piso 2, puerta 24","postal_code":"11010","places":6,"units":3,"registered":"2021-03-10","catastro":"4238901QA4443G0024FT","holder":null,"holder_count":null}},{"type":"Feature","geometry":{"type":"Point","coordinates":[-6.294848,36.53085]},"properties":{"id":"VUT/CA/11448","type":"VUT","group":"Completa","address":"CALLE NICARAGUA Nº 2 Esc. 1 Plta/Piso 2 Pta/Letra 1, piso 2, puerta 1","postal_code":"11005","places":10,"units":5,"registered":"2021-03-11","catastro":"2364215QA4426C0002TL","holder":null,"holder_count":null}},{"type":"Feature","geometry":{"type":"Point","coordinates":[-6.296543,36.530479]},"properties":{"id":"VUT/CA/11459","type":"VUT","group":"Completa","address":"CALLE ARBOLÍ Nº 1 Plta/Piso 3 Pta/Letra A, piso 3, puerta A","postal_code":"11005","places":2,"units":1,"registered":"2021-03-15","catastro":"2063321QA4426C0008GW","holder":null,"holder_count":null}},{"type":"Feature","geometry":{"type":"Point","coordinates":[-6.302891,36.532064]},"properties":{"id":"VUT/CA/11473","type":"VUT","group":"Completa","address":"CALLE DIEGO ARIAS Nº 12 Plta/Piso BAJO Pta/Letra DCHA, piso BAJO, puerta DCHA","postal_code":"11002","places":2,"units":1,"registered":"2021-03-16","catastro":"1665805QA4416F0004TZ","holder":null,"holder_count":null}},{"type":"Feature","geometry":{"type":"Point","coordinates":[-6.279129,36.509327]},"properties":{"id":"VUT/CA/11485","type":"VUT","group":"Completa","address":"CALLE ANA DE VIYA Nº 40 Plta/Piso 1 Pta/Letra C, piso 1, puerta C","postal_code":"11009","places":6,"units":3,"registered":"2021-03-17","catastro":"3740303QA4434B0078SS","holder":"APARTMENTS TIME S.L.","holder_count":55}},{"type":"Feature","geometry":{"type":"Point","coordinates":[-6.304885,36.529279]},"properties":{"id":"VUT/CA/11494","type":"VUT","group":"Por habitaciones","address":"CALLE Pericón de Cádiz Nº 37 Esc. 1º Plta/Piso Bajo Pta/Letra Izquierda, piso Bajo, puerta Izquierda","postal_code":"11002","places":6,"units":5,"registered":"2021-03-18","catastro":"1462801QA4416A0062PH","holder":"VIGA FV SPV23, S.L.","holder_count":1}},{"type":"Feature","geometry":{"type":"Point","coordinates":[-6.297386,36.533807]},"properties":{"id":"VUT/CA/11520","type":"VUT","group":"Completa","address":"CALLE SAGASTA Nº 7 Plta/Piso ÁTICO Compl.Dom. ÁTICO-AZOTEA, piso ÁTICO","postal_code":"11004","places":4,"units":2,"registered":"2021-03-23","catastro":"2068613QA4426G0007YF","holder":"MARTA ROBLES SL","holder_count":2}},{"type":"Feature","geometry":{"type":"Point","coordinates":[-6.303358,36.529773]},"properties":{"id":"VUT/CA/11537","type":"VUT","group":"Completa","address":"CALLE VIRGEN DE LA PALMA Nº 15 Plta/Piso 3, piso 3","postal_code":"11002","places":6,"units":3,"registered":"2021-03-26","catastro":"1563518QA4416D0006FT","holder":null,"holder_count":null}},{"type":"Feature","geometry":{"type":"Point","coordinates":[-6.300757,36.534463]},"properties":{"id":"VUT/CA/11542","type":"VUT","group":"Completa","address":"PLAZA VIUDAS Nº 7 Plta/Piso BJ Pta/Letra B, piso BJ, puerta B","postal_code":"11003","places":4,"units":1,"registered":"2021-03-28","catastro":"1768613QA4416H0002QF","holder":null,"holder_count":null}},{"type":"Feature","geometry":{"type":"Point","coordinates":[-6.295268,36.533828]},"properties":{"id":"VUT/CA/11547","type":"VUT","group":"Completa","address":"CALLE SAN FRANCISCO 8, 2º IZDA Nº 8 Plta/Piso 2 Pta/Letra IZDA, piso 2, puerta IZDA","postal_code":"11004","places":4,"units":3,"registered":"2021-03-30","catastro":"2367114QA4426E0007SL","holder":"GADES 2012 DESARROLLOS INMOBILIARIOS,S.L.","holder_count":6}},{"type":"Feature","geometry":{"type":"Point","coordinates":[-6.295099,36.530068]},"properties":{"id":"VUT/CA/11549","type":"VUT","group":"Completa","address":"CALLE Barrocal Nº 9-11 Plta/Piso 2 Pta/Letra F, piso 2, puerta F","postal_code":"11005","places":2,"units":1,"registered":"2021-03-30","catastro":"2363806QA4426C0001GK","holder":null,"holder_count":null}},{"type":"Feature","geometry":{"type":"Point","coordinates":[-6.27624,36.506253]},"properties":{"id":"VUT/CA/11555","type":"VUT","group":"Completa","address":"CALLE ALONSO CANO Nº 3 Plta/Piso ENTREPLANT Pta/Letra B, piso ENTREPLANT, puerta B","postal_code":"11010","places":4,"units":2,"registered":"2021-03-30","catastro":"4037204QA4443E0079KR","holder":null,"holder_count":null}},{"type":"Feature","geometry":{"type":"Point","coordinates":[-6.272166,36.496883]},"properties":{"id":"VUT/CA/11589","type":"VUT","group":"Completa","address":"EDIFICIO LAS CARACOLAS, PASEO MARITIMO Nº 29 Plta/Piso 4 Pta/Letra G, piso 4, puerta G","postal_code":"11011","places":4,"units":3,"registered":"2021-04-09","catastro":"4427901QA4442E0137JY","holder":null,"holder_count":null}},{"type":"Feature","geometry":{"type":"Point","coordinates":[-6.298413,36.53477]},"properties":{"id":"VUT/CA/11596","type":"VUT","group":"Completa","address":"PLAZA DE SAN ANTONIO Nº 7D Plta/Piso 2 Pta/Letra B Compl.Dom. EDIFICIO APOLO PZA SAN ANTONIO 7D ESQUINA PRESIDENTE RIVADAVIA Nº 1, piso 2, puerta B","postal_code":"11001","places":4,"units":2,"registered":"2021-04-11","catastro":"1968402QA4416H0007WL","holder":null,"holder_count":null}},{"type":"Feature","geometry":{"type":"Point","coordinates":[-6.299687,36.535023]},"properties":{"id":"VUT/CA/11599","type":"VUT","group":"Completa","address":"CALLE PLATA Nº 4 Plta/Piso BAJO Pta/Letra B, piso BAJO, puerta B","postal_code":"11003","places":2,"units":2,"registered":"2021-04-13","catastro":"1868303QA4416H0001OD","holder":null,"holder_count":null}},{"type":"Feature","geometry":{"type":"Point","coordinates":[-6.299687,36.535023]},"properties":{"id":"VUT/CA/11600","type":"VUT","group":"Completa","address":"CALLE PLATA Nº 4 Plta/Piso 2 Pta/Letra C, piso 2, puerta C","postal_code":"11003","places":2,"units":2,"registered":"2021-04-13","catastro":"1868303QA4416H0001OD","holder":null,"holder_count":null}},{"type":"Feature","geometry":{"type":"Point","coordinates":[-6.298076,36.529691]},"properties":{"id":"VUT/CA/11605","type":"VUT","group":"Completa","address":"CALLE Desamparados Nº 2 Plta/Piso 2, piso 2","postal_code":"11005","places":6,"units":3,"registered":"2021-04-14","catastro":"2063340QA4426C0003SB","holder":null,"holder_count":null}},{"type":"Feature","geometry":{"type":"Point","coordinates":[-6.275731,36.503962]},"properties":{"id":"VUT/CA/11610","type":"VUT","group":"Completa","address":"AVENIDA Cayetano del Toro Nº 34 Portal Izq Plta/Piso 7 Pta/Letra D, piso 7, puerta D","postal_code":"11011","places":6,"units":3,"registered":"2021-04-14","catastro":"4134804QA4443C0109LO","holder":null,"holder_count":null}},{"type":"Feature","geometry":{"type":"Point","coordinates":[-6.29287,36.530378]},"properties":{"id":"VUT/CA/11619","type":"VUT","group":"Completa","address":"CALLE FLAMENCO Nº 11 Esc. 1 Plta/Piso 1 Pta/Letra DRCHA, piso 1, puerta DRCHA","postal_code":"11005","places":6,"units":3,"registered":"2021-04-16","catastro":"2463905QA4426C0005YX","holder":"AC GESTION CADIZ S.L.","holder_count":39}},{"type":"Feature","geometry":{"type":"Point","coordinates":[-6.296237,36.530119]},"properties":{"id":"VUT/CA/11624","type":"VUT","group":"Completa","address":"CALLE Obispo Urquinaona Nº 8 Plta/Piso 1 Pta/Letra A, piso 1, puerta A","postal_code":"11004","places":4,"units":2,"registered":"2021-04-16","catastro":"2263801QA4426C0003EB","holder":"SHERRYFLAT S.L","holder_count":1}},{"type":"Feature","geometry":{"type":"Point","coordinates":[-6.272952,36.499012]},"properties":{"id":"VUT/CA/11645","type":"VUT","group":"Completa","address":"CALLE NEREIDAS Nº 1 Plta/Piso 8 Pta/Letra A, piso 8, puerta A","postal_code":"11011","places":6,"units":3,"registered":"2021-04-21","catastro":"4329901QA4442G0762MS","holder":null,"holder_count":null}},{"type":"Feature","geometry":{"type":"Point","coordinates":[-6.271712,36.504167]},"properties":{"id":"VUT/CA/11650","type":"VUT","group":"Completa","address":"CALLE Doctor Orozco Acuaviva Nº 4 Plta/Piso Bajo Pta/Letra Iz, piso Bajo, puerta Iz","postal_code":"11011","places":11,"units":6,"registered":"2021-04-22","catastro":"4435604QA4443E0008AM","holder":null,"holder_count":null}},{"type":"Feature","geometry":{"type":"Point","coordinates":[-6.29546,36.531638]},"properties":{"id":"VUT/CA/11665","type":"VUT","group":"Completa","address":"CALLE Montañés Nº 3 Plta/Piso 1 Pta/Letra IZQ, piso 1, puerta IZQ","postal_code":"11001","places":4,"units":1,"registered":"2021-04-24","catastro":"2265906QA4426E0011ZB","holder":null,"holder_count":null}},{"type":"Feature","geometry":{"type":"Point","coordinates":[-6.304997,36.529628]},"properties":{"id":"VUT/CA/11667","type":"VUT","group":"Completa","address":"AVENIDA DUQUE DE NÁJERA Nº 4 Plta/Piso BAJO Pta/Letra DERECHA/B, piso BAJO, puerta DERECHA/B","postal_code":"11002","places":6,"units":3,"registered":"2021-04-25","catastro":"1462802QA4416A4202ZK","holder":null,"holder_count":null}},{"type":"Feature","geometry":{"type":"Point","coordinates":[-6.304997,36.529628]},"properties":{"id":"VUT/CA/11668","type":"VUT","group":"Completa","address":"AVENIDA DUQUE DE NAJERA Nº 04 Plta/Piso BAJO Pta/Letra DERECHA A, piso BAJO, puerta DERECHA A","postal_code":"11002","places":6,"units":3,"registered":"2021-04-25","catastro":"1462802QA4416A4201BJ","holder":null,"holder_count":null}},{"type":"Feature","geometry":{"type":"Point","coordinates":[-6.296237,36.530119]},"properties":{"id":"VUT/CA/11674","type":"VUT","group":"Completa","address":"CALLE OBISPO URQUINAONA Nº 8 Plta/Piso 2 Pta/Letra A, piso 2, puerta A","postal_code":"11005","places":6,"units":2,"registered":"2021-04-26","catastro":"2263801QA4426C0005TX","holder":"DUNA BEDUINA SERVICIOS TURISTÍCOS, S.L.","holder_count":77}},{"type":"Feature","geometry":{"type":"Point","coordinates":[-6.280907,36.518564]},"properties":{"id":"VUT/CA/11681","type":"VUT","group":"Completa","address":"CALLE Fco García de sola Nº 17 Plta/Piso 3 Pta/Letra Derecho, piso 3, puerta Derecho","postal_code":"11008","places":7,"units":2,"registered":"2021-04-27","catastro":"3651811QA4435B0008UE","holder":null,"holder_count":null}},{"type":"Feature","geometry":{"type":"Point","coordinates":[-6.299392,36.529903]},"properties":{"id":"VUT/CA/11684","type":"VUT","group":"Completa","address":"CALLE CRUZ Nº 10 Plta/Piso BAJO Pta/Letra D, piso BAJO, puerta D","postal_code":"11002","places":4,"units":2,"registered":"2021-04-28","catastro":"1962349QA4416D0005TR","holder":null,"holder_count":null}},{"type":"Feature","geometry":{"type":"Point","coordinates":[-6.300122,36.530413]},"properties":{"id":"VUT/CA/11687","type":"VUT","group":"Completa","address":"CALLE MARIA ARTEAGA Nº 12 Plta/Piso 2 Pta/Letra DCHA, piso 2, puerta DCHA","postal_code":"11002","places":6,"units":2,"registered":"2021-04-28","catastro":"1863210QA4416D0005BR","holder":"LITTLE APARTMENTS S.L.","holder_count":20}},{"type":"Feature","geometry":{"type":"Point","coordinates":[-6.275349,36.52036]},"properties":{"id":"VUT/CA/11695","type":"VUT","group":"Completa","address":"CALLE EDUARDO BENOT Nº 4 Plta/Piso 1 Pta/Letra A, piso 1, puerta A","postal_code":"11012","places":10,"units":3,"registered":"2021-04-30","catastro":"4153702QA4445C0001TO","holder":null,"holder_count":null}},{"type":"Feature","geometry":{"type":"Point","coordinates":[-6.296237,36.530119]},"properties":{"id":"VUT/CA/11697","type":"VUT","group":"Completa","address":"CALLE OBISPO URQUINAONA Nº 8 Plta/Piso BAJO Pta/Letra B, piso BAJO, puerta B","postal_code":"11005","places":4,"units":4,"registered":"2021-04-30","catastro":"2263801QA4426C0002WL","holder":"ALQUILER VACACIONAL TURISMO E INNOVACIÓN SOCIAL SCA","holder_count":81}},{"type":"Feature","geometry":{"type":"Point","coordinates":[-6.305177,36.528582]},"properties":{"id":"VUT/CA/11698","type":"VUT","group":"Completa","address":"CALLE PERICÓN DE CÁDIZ Nº 22 Plta/Piso BAJO Pta/Letra A, piso BAJO, puerta A","postal_code":"11002","places":5,"units":3,"registered":"2021-04-30","catastro":"1461101QA4416A0054KA","holder":null,"holder_count":null}},{"type":"Feature","geometry":{"type":"Point","coordinates":[-6.279129,36.509327]},"properties":{"id":"VUT/CA/11705","type":"VUT","group":"Completa","address":"AVENIDA Ana de Viya Nº 44 dpdo Calif.Nº dpdo Plta/Piso 3 Pta/Letra H, piso 3, puerta H","postal_code":"11009","places":6,"units":3,"registered":"2021-05-02","catastro":"3740303QA4434B0022JJ","holder":null,"holder_count":null}},{"type":"Feature","geometry":{"type":"Point","coordinates":[-6.300635,36.531182]},"properties":{"id":"VUT/CA/11709","type":"VUT","group":"Completa","address":"CALLE SAGASTA Nº 59 Plta/Piso 2 Pta/Letra IZQ, piso 2, puerta IZQ","postal_code":"11002","places":10,"units":3,"registered":"2021-05-03","catastro":"1764911QA4416D0007EY","holder":null,"holder_count":null}},{"type":"Feature","geometry":{"type":"Point","coordinates":[-6.299357,36.531851]},"properties":{"id":"VUT/CA/11720","type":"VUT","group":"Completa","address":"CALLE ROSARIO CEPEDA Nº 17-19 Esc. D Plta/Piso 1 Pta/Letra A, piso 1, puerta A","postal_code":"11001","places":6,"units":3,"registered":"2021-05-04","catastro":"1865408QA4416F0001BK","holder":null,"holder_count":null}},{"type":"Feature","geometry":{"type":"Point","coordinates":[-6.271916,36.505165]},"properties":{"id":"VUT/CA/11724","type":"VUT","group":"Completa","address":"CALLE INFANTE DE ORLEANS Nº 3 Plta/Piso BAJO Pta/Letra C, piso BAJO, puerta C","postal_code":"11011","places":4,"units":2,"registered":"2021-05-04","catastro":"4436404QA4443E0019HI","holder":null,"holder_count":null}},{"type":"Feature","geometry":{"type":"Point","coordinates":[-6.297774,36.531747]},"properties":{"id":"VUT/CA/11732","type":"VUT","group":"Completa","address":"CALLE SAN MIGUEL Nº 22 Esc. 1 Plta/Piso ENT Pta/Letra 01, piso ENT, puerta 01","postal_code":"11001","places":4,"units":1,"registered":"2021-05-06","catastro":"2065401QA4426E0004FH","holder":"NEBRO Y ASOCIADOS, S.L.","holder_count":1}},{"type":"Feature","geometry":{"type":"Point","coordinates":[-6.294619,36.534431]},"properties":{"id":"VUT/CA/11745","type":"VUT","group":"Por habitaciones","address":"CALLE RAFAEL DE LA VIESCA Nº 7 Plta/Piso 3, piso 3","postal_code":"11004","places":2,"units":1,"registered":"2021-05-07","catastro":"2368703QA4426G0005DS","holder":null,"holder_count":null}},{"type":"Feature","geometry":{"type":"Point","coordinates":[-6.279714,36.513788]},"properties":{"id":"VUT/CA/11758","type":"VUT","group":"Completa","address":"AVENIDA MARÍA AUXILIADORA Nº 3 Plta/Piso 1 Pta/Letra A, piso 1, puerta A","postal_code":"11009","places":7,"units":3,"registered":"2021-05-10","catastro":"3746620QA4434F0001TG","holder":null,"holder_count":null}},{"type":"Feature","geometry":{"type":"Point","coordinates":[-6.293704,36.530108]},"properties":{"id":"VUT/CA/11760","type":"VUT","group":"Completa","address":"CALLE MARQUÉS DE CÁDIZ Nº 4 Plta/Piso 1 Pta/Letra 4, piso 1, puerta 4","postal_code":"11005","places":4,"units":1,"registered":"2021-05-10","catastro":"2363309QA4426C0004WZ","holder":"DUNA BEDUINA SERVICIOS TURISTÍCOS, S.L.","holder_count":77}},{"type":"Feature","geometry":{"type":"Point","coordinates":[-6.304147,36.529292]},"properties":{"id":"VUT/CA/11761","type":"VUT","group":"Completa","address":"CALLE PARAGUAY Nº 8 Plta/Piso 1 Pta/Letra B, piso 1, puerta B","postal_code":"11002","places":6,"units":3,"registered":"2021-05-10","catastro":"1562817QA4416B0005AO","holder":null,"holder_count":null}},{"type":"Feature","geometry":{"type":"Point","coordinates":[-6.297514,36.531597]},"properties":{"id":"VUT/CA/11772","type":"VUT","group":"Completa","address":"CALLE SACRAMENTO Nº 23 Plta/Piso 1 Pta/Letra B, piso 1, puerta B","postal_code":"11001","places":2,"units":1,"registered":"2021-05-11","catastro":"2065406QA4426E0003SG","holder":null,"holder_count":null}},{"type":"Feature","geometry":{"type":"Point","coordinates":[-6.27701,36.510059]},"properties":{"id":"VUT/CA/11785","type":"VUT","group":"Completa","address":"CALLE AMOR BRUJO Nº 7 Plta/Piso 4 Pta/Letra C, piso 4, puerta C","postal_code":"11009","places":4,"units":2,"registered":"2021-05-12","catastro":"3941303QA4434B0015WD","holder":null,"holder_count":null}},{"type":"Feature","geometry":{"type":"Point","coordinates":[-6.294503,36.534415]},"properties":{"id":"VUT/CA/11786","type":"VUT","group":"Completa","address":"CALLE RAFAEL DE LA VIESCA Nº 9","postal_code":"11004","places":10,"units":5,"registered":"2021-05-12","catastro":"2368704QA4426G0003BP","holder":null,"holder_count":null}},{"type":"Feature","geometry":{"type":"Point","coordinates":[-6.304997,36.529628]},"properties":{"id":"VUT/CA/11788","type":"VUT","group":"Completa","address":"CALLE ANGEL Nº 15 Calif.Nº A Portal 1 Plta/Piso BJ Pta/Letra F, piso BJ, puerta F","postal_code":"11002","places":5,"units":3,"registered":"2021-05-12","catastro":"1462802QA4416A0027LH","holder":null,"holder_count":null}},{"type":"Feature","geometry":{"type":"Point","coordinates":[-6.299674,36.53388]},"properties":{"id":"VUT/CA/11791","type":"VUT","group":"Completa","address":"CALLE TORRE Calif.Nº 8 Plta/Piso 1 Pta/Letra IZQ., piso 1, puerta IZQ.","postal_code":"11003","places":4,"units":2,"registered":"2021-05-13","catastro":"1867405QA4416H0005UJ","holder":null,"holder_count":null}},{"type":"Feature","geometry":{"type":"Point","coordinates":[-6.301217,36.536332]},"properties":{"id":"VUT/CA/11816","type":"VUT","group":"Completa","address":"CALLE ENRIQUE DE LAS MARINAS Nº 38 Plta/Piso 2 Pta/Letra IZQ, piso 2, puerta IZQ","postal_code":"11003","places":5,"units":3,"registered":"2021-05-17","catastro":"1770705QA4417B0006TR","holder":null,"holder_count":null}},{"type":"Feature","geometry":{"type":"Point","coordinates":[-6.293229,36.536264]},"properties":{"id":"VUT/CA/11825","type":"VUT","group":"Completa","address":"CALLE CONDE O'REILLY Blq. 5 Plta/Piso 3 Pta/Letra IZ, piso 3, puerta IZ","postal_code":"11004","places":6,"units":3,"registered":"2021-05-18","catastro":"2470602QA4427A0006AX","holder":"EXOTERMIA INNOVACION EN SOSTENIBILIDAD, S.L","holder_count":1}},{"type":"Feature","geometry":{"type":"Point","coordinates":[-6.271746,36.498628]},"properties":{"id":"VUT/CA/11863","type":"VUT","group":"Completa","address":"PLAZA JEREZ DE LA FRONTERA Nº 15 Plta/Piso 7 Pta/Letra B, piso 7, puerta B","postal_code":"11011","places":5,"units":2,"registered":"2021-05-23","catastro":"4429301qa4442g0274iy","holder":null,"holder_count":null}},{"type":"Feature","geometry":{"type":"Point","coordinates":[-6.293909,36.531532]},"properties":{"id":"VUT/CA/11874","type":"VUT","group":"Completa","address":"CALLE ROSARIO Nº 51 Plta/Piso BJ Pta/Letra B, piso BJ, puerta B","postal_code":"11005","places":5,"units":2,"registered":"2021-05-24","catastro":"2365609QA4426E0001ZD","holder":"DUNA BEDUINA SERVICIOS TURISTÍCOS, S.L.","holder_count":77}},{"type":"Feature","geometry":{"type":"Point","coordinates":[-6.29797,36.535667]},"properties":{"id":"VUT/CA/11875","type":"VUT","group":"Completa","address":"CALLE Buenos Aires Nº 12 Plta/Piso 2 Pta/Letra D, piso 2, puerta D","postal_code":"11003","places":6,"units":2,"registered":"2021-05-24","catastro":"2069110QA4426G0006OD","holder":null,"holder_count":null}},{"type":"Feature","geometry":{"type":"Point","coordinates":[-6.274348,36.500397]},"properties":{"id":"VUT/CA/11881","type":"VUT","group":"Completa","address":"CALLE VILLA DE PARADAS Nº 3 Plta/Piso 8 Pta/Letra A, piso 8, puerta A","postal_code":"11011","places":3,"units":2,"registered":"2021-05-24","catastro":"4230301QA4443A0075OP","holder":null,"holder_count":null}},{"type":"Feature","geometry":{"type":"Point","coordinates":[-6.297343,36.532629]},"properties":{"id":"VUT/CA/11886","type":"VUT","group":"Completa","address":"CALLE SAN MIGUEL Portal 7 Plta/Piso 1 Pta/Letra C, piso 1, puerta C","postal_code":"11001","places":10,"units":3,"registered":"2021-05-25","catastro":"2066313QA4426E0010UL","holder":null,"holder_count":null}},{"type":"Feature","geometry":{"type":"Point","coordinates":[-6.293909,36.530654]},"properties":{"id":"VUT/CA/11888","type":"VUT","group":"Completa","address":"CALLE CRISTÓBAL COLÓN Nº 21 Plta/Piso 4 Pta/Letra A, piso 4, puerta A","postal_code":"11005","places":7,"units":3,"registered":"2021-05-25","catastro":"2464813QA4426C0017GI","holder":null,"holder_count":null}},{"type":"Feature","geometry":{"type":"Point","coordinates":[-6.3042,36.532125]},"properties":{"id":"VUT/CA/11892","type":"VUT","group":"Completa","address":"CALLE Callejón del Hospital Nº 2 Esc. Izquierda Plta/Piso 3 Pta/Letra A, piso 3, puerta A","postal_code":"11002","places":6,"units":3,"registered":"2021-05-25","catastro":"1465301QA4416E0008GH","holder":null,"holder_count":null}},{"type":"Feature","geometry":{"type":"Point","coordinates":[-6.30325,36.529773]},"properties":{"id":"VUT/CA/11899","type":"VUT","group":"Completa","address":"CALLE VIRGEN DE LA PALMA Nº 13 Plta/Piso 1 Pta/Letra D, piso 1, puerta D","postal_code":"11002","places":4,"units":2,"registered":"2021-05-26","catastro":"1563517QA4416D0003WW","holder":null,"holder_count":null}},{"type":"Feature","geometry":{"type":"Point","coordinates":[-6.293278,36.528737]},"properties":{"id":"VUT/CA/11917","type":"VUT","group":"Completa","address":"CALLE MESON Nº 16 Plta/Piso 3, piso 3","postal_code":"11005","places":4,"units":2,"registered":"2021-05-27","catastro":"2462414QA4426C0007FQ","holder":null,"holder_count":null}},{"type":"Feature","geometry":{"type":"Point","coordinates":[-6.294915,36.534568]},"properties":{"id":"VUT/CA/11925","type":"VUT","group":"Completa","address":"CALLE RAFAEL DE LA VIESCA Nº 8 Plta/Piso 4 Pta/Letra DCHA., piso 4, puerta DCHA.","postal_code":"11004","places":4,"units":2,"registered":"2021-05-27","catastro":"2268306QA4426G0009DH","holder":"ALQUILER VACACIONAL TURISMO E INNOVACIÓN SOCIAL SCA","holder_count":81}},{"type":"Feature","geometry":{"type":"Point","coordinates":[-6.300416,36.536675]},"properties":{"id":"VUT/CA/11952","type":"VUT","group":"Completa","address":"CALLE SAN ISIDRO Nº 9 Plta/Piso BAJA, piso BAJA","postal_code":"11003","places":4,"units":2,"registered":"2021-05-31","catastro":"1870805QA4417B0001LX","holder":null,"holder_count":null}},{"type":"Feature","geometry":{"type":"Point","coordinates":[-6.299877,36.530363]},"properties":{"id":"VUT/CA/11963","type":"VUT","group":"Completa","address":"CALLE MARIA ARTEAGA Nº 8 Plta/Piso 2 Pta/Letra B, piso 2, puerta B","postal_code":"11002","places":2,"units":1,"registered":"2021-06-01","catastro":"1863212QA4416D0006HT","holder":"APARTMENTS TIME S.L.","holder_count":55}},{"type":"Feature","geometry":{"type":"Point","coordinates":[-6.298374,36.536417]},"properties":{"id":"VUT/CA/11964","type":"VUT","group":"Completa","address":"CALLE ALAMEDA APODACA Nº 11 Portal 11 Plta/Piso BAJO Pta/Letra V4, piso BAJO, puerta V4","postal_code":"11003","places":2,"units":1,"registered":"2021-06-01","catastro":"1970405QA4417B0044EU","holder":null,"holder_count":null}},{"type":"Feature","geometry":{"type":"Point","coordinates":[-6.296332,36.535615]},"properties":{"id":"VUT/CA/11972","type":"VUT","group":"Completa","address":"CALLE GENERAL MENACHO Nº 3 Plta/Piso 1 Pta/Letra C, piso 1, puerta C","postal_code":"11004","places":4,"units":2,"registered":"2021-06-02","catastro":"2169301QA4426G0004XA","holder":null,"holder_count":null}},{"type":"Feature","geometry":{"type":"Point","coordinates":[-6.30194,36.531656]},"properties":{"id":"VUT/CA/11974","type":"VUT","group":"Completa","address":"CALLE TORRE Nº 57 Plta/Piso BAJO Pta/Letra B, piso BAJO, puerta B","postal_code":"11002","places":4,"units":2,"registered":"2021-06-02","catastro":"1665610QA4416F0002DL","holder":null,"holder_count":null}},{"type":"Feature","geometry":{"type":"Point","coordinates":[-6.299193,36.531924]},"properties":{"id":"VUT/CA/11989","type":"VUT","group":"Completa","address":"CALLE ROSARIO CEPEDA Nº 28 Plta/Piso BAJO Pta/Letra C, piso BAJO, puerta C","postal_code":"11001","places":4,"units":1,"registered":"2021-06-03","catastro":"1965704QA4416F0003DB","holder":null,"holder_count":null}},{"type":"Feature","geometry":{"type":"Point","coordinates":[-6.281714,36.519967]},"properties":{"id":"VUT/CA/11992","type":"VUT","group":"Por habitaciones","address":"CALLE ANTONIO MACHADO Nº 5 Plta/Piso 1 Pta/Letra IZQ, piso 1, puerta IZQ","postal_code":"11008","places":4,"units":2,"registered":"2021-06-03","catastro":"3552111QA4435B0002OB","holder":null,"holder_count":null}},{"type":"Feature","geometry":{"type":"Point","coordinates":[-6.296332,36.535615]},"properties":{"id":"VUT/CA/11994","type":"VUT","group":"Completa","address":"CALLE GENERAL MENACHO Nº 3 Plta/Piso 1 Pta/Letra B, piso 1, puerta B","postal_code":"11004","places":3,"units":1,"registered":"2021-06-03","catastro":"2169301QA4426G0005MS","holder":null,"holder_count":null}},{"type":"Feature","geometry":{"type":"Point","coordinates":[-6.279429,36.51466]},"properties":{"id":"VUT/CA/11997","type":"VUT","group":"Completa","address":"CALLE CAMPOS ELISEOS Nº 1 Plta/Piso 2 Pta/Letra A, piso 2, puerta A","postal_code":"11008","places":6,"units":3,"registered":"2021-06-03","catastro":"3746205QA4434F0005RL","holder":null,"holder_count":null}},{"type":"Feature","geometry":{"type":"Point","coordinates":[-6.280318,36.516154]},"properties":{"id":"VUT/CA/11998","type":"VUT","group":"Completa","address":"CALLE SAN SALVADOR Nº 4 Plta/Piso 6 Pta/Letra IZQUIERDA, piso 6, puerta IZQUIERDA","postal_code":"11008","places":6,"units":4,"registered":"2021-06-03","catastro":"3548506QA4434H0028XI","holder":null,"holder_count":null}},{"type":"Feature","geometry":{"type":"Point","coordinates":[-6.293711,36.53083]},"properties":{"id":"VUT/CA/11999","type":"VUT","group":"Completa","address":"CALLE CRISTOBAL COLON Nº 15 Plta/Piso 2 Pta/Letra B, piso 2, puerta B","postal_code":"11004","places":6,"units":2,"registered":"2021-06-03","catastro":"2464810QA4426C0007RQ","holder":null,"holder_count":null}},{"type":"Feature","geometry":{"type":"Point","coordinates":[-6.292647,36.530338]},"properties":{"id":"VUT/CA/12005","type":"VUT","group":"Completa","address":"PLAZA SAN JUAN DE DIOS Nº 1 Plta/Piso 1 Pta/Letra A, piso 1, puerta A","postal_code":"11005","places":4,"units":1,"registered":"2021-06-03","catastro":"2463909QA4426C0006BM","holder":null,"holder_count":null}},{"type":"Feature","geometry":{"type":"Point","coordinates":[-6.294781,36.533548]},"properties":{"id":"VUT/CA/12006","type":"VUT","group":"Completa","address":"CALLE GENERAL LUQUE Nº 1 Plta/Piso 2 Pta/Letra C, piso 2, puerta C","postal_code":"11004","places":4,"units":1,"registered":"2021-06-04","catastro":"2367902QA4426E0001ED","holder":"PERNOCTACIONES HOSTELERAS, S.L","holder_count":1}},{"type":"Feature","geometry":{"type":"Point","coordinates":[-6.280492,36.511978]},"properties":{"id":"VUT/CA/12010","type":"VUT","group":"Completa","address":"CALLE AVENIDA ANA DE VIYA Portal 20 Plta/Piso 8 Pta/Letra A, piso 8, puerta A","postal_code":"11009","places":6,"units":3,"registered":"2021-06-04","catastro":"3644708QA4434D0048AO","holder":null,"holder_count":null}},{"type":"Feature","geometry":{"type":"Point","coordinates":[-6.295099,36.530068]},"properties":{"id":"VUT/CA/12014","type":"VUT","group":"Completa","address":"CALLE BARROCAL Nº 9-11 Plta/Piso BAJO Pta/Letra C, piso BAJO, puerta C","postal_code":"11002","places":6,"units":2,"registered":"2021-06-04","catastro":"2363806QA4426C0001GK","holder":null,"holder_count":null}},{"type":"Feature","geometry":{"type":"Point","coordinates":[-6.297759,36.529561]},"properties":{"id":"VUT/CA/12020","type":"VUT","group":"Completa","address":"CALLE DESAMPARADOS Nº 6 Plta/Piso 1 Pta/Letra A, piso 1, puerta A","postal_code":"11005","places":4,"units":2,"registered":"2021-06-04","catastro":"2063336QA4426C0019HP","holder":null,"holder_count":null}},{"type":"Feature","geometry":{"type":"Point","coordinates":[-6.295099,36.530068]},"properties":{"id":"VUT/CA/12023","type":"VUT","group":"Completa","address":"CALLE Barrocal Nº 9 Calif.Nº 11 Plta/Piso Bajo Pta/Letra E, piso Bajo, puerta E","postal_code":"11005","places":4,"units":2,"registered":"2021-06-05","catastro":"2363806QA4426C0001GK","holder":null,"holder_count":null}},{"type":"Feature","geometry":{"type":"Point","coordinates":[-6.279468,36.508013]},"properties":{"id":"VUT/CA/12025","type":"VUT","group":"Completa","address":"CALLE DOCTOR FLEMING (ENTRADA AVDA AMILCAR BARCA 47) Nº 7 Plta/Piso 1 Pta/Letra F-1, piso 1, puerta F-1","postal_code":"11010","places":4,"units":1,"registered":"2021-06-06","catastro":"3839101QA4433H0008IM","holder":null,"holder_count":null}},{"type":"Feature","geometry":{"type":"Point","coordinates":[-6.300517,36.536547]},"properties":{"id":"VUT/CA/12043","type":"VUT","group":"Completa","address":"CALLE SAN ISIDRO Nº 5 Plta/Piso BAJO Pta/Letra A, piso BAJO, puerta A","postal_code":"11003","places":4,"units":2,"registered":"2021-06-07","catastro":"1870803QA4417B1001XB","holder":null,"holder_count":null}},{"type":"Feature","geometry":{"type":"Point","coordinates":[-6.2805,36.519645]},"properties":{"id":"VUT/CA/12058","type":"VUT","group":"Completa","address":"CALLE VICENTE ALEIXANDRE Nº 6 Plta/Piso ATICO Pta/Letra B, piso ATICO, puerta B","postal_code":"11008","places":4,"units":1,"registered":"2021-06-08","catastro":"3550102QA4435S0085RA","holder":"INVERSIONES VALOR FUTURO S.L.","holder_count":2}},{"type":"Feature","geometry":{"type":"Point","coordinates":[-6.2805,36.519645]},"properties":{"id":"VUT/CA/12059","type":"VUT","group":"Completa","address":"CALLE VICENTE ALEIXANDRE Nº 6 Plta/Piso ATICO Pta/Letra C, piso ATICO, puerta C","postal_code":"11008","places":4,"units":1,"registered":"2021-06-08","catastro":"3550102QA4435S0086TS","holder":"INVERSIONES VALOR FUTURO S.L.","holder_count":2}},{"type":"Feature","geometry":{"type":"Point","coordinates":[-6.300208,36.528854]},"properties":{"id":"VUT/CA/12065","type":"VUT","group":"Completa","address":"CALLE PASQUIN Nº 28 Plta/Piso BAJO Pta/Letra B, piso BAJO, puerta B","postal_code":"11002","places":4,"units":2,"registered":"2021-06-09","catastro":"1862325QA4416D0001IM","holder":"PETRINDIANO SL","holder_count":2}},{"type":"Feature","geometry":{"type":"Point","coordinates":[-6.300242,36.533241]},"properties":{"id":"VUT/CA/12086","type":"VUT","group":"Completa","address":"CALLE TORRE Nº 16/18 Plta/Piso 2 Pta/Letra B, piso 2, puerta B","postal_code":"11003","places":4,"units":2,"registered":"2021-06-10","catastro":"1866106QA4416F0012EE","holder":null,"holder_count":null}},{"type":"Feature","geometry":{"type":"Point","coordinates":[-6.304934,36.533548]},"properties":{"id":"VUT/CA/12087","type":"VUT","group":"Completa","address":"CALLE JOSE PAREDES MONGE Nº 2 Plta/Piso 1 Pta/Letra D, piso 1, puerta D","postal_code":"11002","places":6,"units":3,"registered":"2021-06-10","catastro":"1467503QA4416G0085SK","holder":null,"holder_count":null}},{"type":"Feature","geometry":{"type":"Point","coordinates":[-6.304114,36.528892]},"properties":{"id":"VUT/CA/12091","type":"VUT","group":"Completa","address":"CALLE PERICON DE CADIZ Nº 14","postal_code":"11002","places":6,"units":3,"registered":"2021-06-10","catastro":"1561101QA4416B0006MP","holder":null,"holder_count":null}},{"type":"Feature","geometry":{"type":"Point","coordinates":[-6.299989,36.532445]},"properties":{"id":"VUT/CA/12094","type":"VUT","group":"Completa","address":"CALLE SACRAMENTO Nº 40 Plta/Piso BAJO Pta/Letra DCHA, piso BAJO, puerta DCHA","postal_code":"11003","places":4,"units":2,"registered":"2021-06-10","catastro":"1866604QA4416F0002ZL","holder":"URBANSUITE GESTIÓN TURÍSTICA SL","holder_count":1}},{"type":"Feature","geometry":{"type":"Point","coordinates":[-6.27167,36.499194]},"properties":{"id":"VUT/CA/12097","type":"VUT","group":"Completa","address":"PLAZA Jerez de la Frontera Nº 7 Plta/Piso 1 Pta/Letra B, piso 1, puerta B","postal_code":"11011","places":4,"units":2,"registered":"2021-06-11","catastro":"4429302QA4442G0056XA","holder":null,"holder_count":null}},{"type":"Feature","geometry":{"type":"Point","coordinates":[-6.294193,36.530106]},"properties":{"id":"VUT/CA/12107","type":"VUT","group":"Completa","address":"CALLE RUIZ DE BUSTAMANTE Nº 8 Plta/Piso 3 Pta/Letra IQDA, piso 3, puerta IQDA","postal_code":"11005","places":4,"units":2,"registered":"2021-06-13","catastro":"2363406QA4426C0009UE","holder":null,"holder_count":null}},{"type":"Feature","geometry":{"type":"Point","coordinates":[-6.28566,36.524242]},"properties":{"id":"VUT/CA/12126","type":"VUT","group":"Completa","address":"CALLE HIBISCOS Nº 3 Plta/Piso 1 Pta/Letra D, piso 1, puerta D","postal_code":"11007","places":5,"units":3,"registered":"2021-06-14","catastro":"3157106QA4435E0023JH","holder":null,"holder_count":null}},{"type":"Feature","geometry":{"type":"Point","coordinates":[-6.274488,36.501]},"properties":{"id":"VUT/CA/12127","type":"VUT","group":"Completa","address":"CALLE NEPTUNO Portal 3 Plta/Piso 1 Pta/Letra A, piso 1, puerta A","postal_code":"11011","places":7,"units":3,"registered":"2021-06-14","catastro":"4231901QA4443A0019MK","holder":null,"holder_count":null}},{"type":"Feature","geometry":{"type":"Point","coordinates":[-6.303593,36.530068]},"properties":{"id":"VUT/CA/12150","type":"VUT","group":"Completa","address":"CALLE CORRALON DE LOS CARROS Nº 66 Plta/Piso 1º Pta/Letra B, piso 1º, puerta B","postal_code":"11002","places":7,"units":4,"registered":"2021-06-16","catastro":"1563501QA4416D0008TU","holder":"APARTMENTS TIME S.L.","holder_count":55}},{"type":"Feature","geometry":{"type":"Point","coordinates":[-6.273065,36.49784]},"properties":{"id":"VUT/CA/12155","type":"VUT","group":"Completa","address":"CALLE Paseo Marítimo Nº 27 Esc. 2 Plta/Piso Bajo Pta/Letra A, piso Bajo, puerta A","postal_code":"11011","places":8,"units":3,"registered":"2021-06-17","catastro":"4428807QA4442G0016IY","holder":null,"holder_count":null}},{"type":"Feature","geometry":{"type":"Point","coordinates":[-6.303582,36.529782]},"properties":{"id":"VUT/CA/12156","type":"VUT","group":"Completa","address":"CALLE VIRGEN DE LA PALMA Nº 21","postal_code":"11002","places":12,"units":3,"registered":"2021-06-17","catastro":"1563521QA4416D0001OM","holder":"DUNA BEDUINA SERVICIOS TURISTÍCOS, S.L.","holder_count":77}},{"type":"Feature","geometry":{"type":"Point","coordinates":[-6.273667,36.49951]},"properties":{"id":"VUT/CA/12167","type":"VUT","group":"Completa","address":"CALLE SIRENAS Nº 1 Portal 11011 Esc. 11 Pta/Letra I Compl.Dom. PASEO MARITIMO, puerta I","postal_code":"11011","places":6,"units":2,"registered":"2021-06-17","catastro":"4230307QA4443A0147QJ","holder":null,"holder_count":null}},{"type":"Feature","geometry":{"type":"Point","coordinates":[-6.277306,36.5072]},"properties":{"id":"VUT/CA/12168","type":"VUT","group":"Completa","address":"AVENIDA Cayetano del Toro Nº 5 Plta/Piso 6 Pta/Letra I Compl.Dom. EDIFICIO HÉRCULES, piso 6, puerta I","postal_code":"11010","places":6,"units":4,"registered":"2021-06-17","catastro":"3938310QA4433H0298AM","holder":null,"holder_count":null}},{"type":"Feature","geometry":{"type":"Point","coordinates":[-6.299361,36.53057]},"properties":{"id":"VUT/CA/12171","type":"VUT","group":"Completa","address":"CALLE ROBLES Nº 2 Plta/Piso BAJO Pta/Letra 2, piso BAJO, puerta 2","postal_code":"11002","places":4,"units":1,"registered":"2021-06-18","catastro":"1964706QA4416D0008IU","holder":"APARTMENTS TIME S.L.","holder_count":55}},{"type":"Feature","geometry":{"type":"Point","coordinates":[-6.297156,36.536218]},"properties":{"id":"VUT/CA/12197","type":"VUT","group":"Completa","address":"ALAMEDA APODACA Nº 17 Plta/Piso 3 Pta/Letra A, piso 3, puerta A","postal_code":"11003","places":7,"units":3,"registered":"2021-06-21","catastro":"2170703QA4427A0008RQ","holder":"ALQUILER VACACIONAL TURISMO E INNOVACIÓN SOCIAL SCA","holder_count":81}},{"type":"Feature","geometry":{"type":"Point","coordinates":[-6.285946,36.519395]},"properties":{"id":"VUT/CA/12200","type":"VUT","group":"Completa","address":"PLAZA DE LA ALMUDAINA Nº 5 Plta/Piso BAJO, piso BAJO","postal_code":"11008","places":4,"units":2,"registered":"2021-06-22","catastro":"3151201QA4435A0022FW","holder":null,"holder_count":null}},{"type":"Feature","geometry":{"type":"Point","coordinates":[-6.274451,36.501378]},"properties":{"id":"VUT/CA/12212","type":"VUT","group":"Completa","address":"GLORIETA HELIOS Nº 4 Plta/Piso 7º Pta/Letra D, piso 7º, puerta D","postal_code":"11011","places":8,"units":4,"registered":"2021-06-23","catastro":"4232802QA4443A0064JW","holder":"ALQUILER VACACIONAL TURISMO E INNOVACIÓN SOCIAL SCA","holder_count":81}},{"type":"Feature","geometry":{"type":"Point","coordinates":[-6.294557,36.534782]},"properties":{"id":"VUT/CA/12215","type":"VUT","group":"Completa","address":"CALLE ANTONIO LOPEZ Nº 7 Plta/Piso 2 Pta/Letra A, piso 2, puerta A","postal_code":"11004","places":8,"units":4,"registered":"2021-06-23","catastro":"2368205QA4426G0001UI","holder":"GESTION DE PATRIMONIOS CASAS DE ERITREA CB","holder_count":2}},{"type":"Feature","geometry":{"type":"Point","coordinates":[-6.294557,36.534782]},"properties":{"id":"VUT/CA/12216","type":"VUT","group":"Completa","address":"CALLE ANTONIO LOPEZ Nº 7 Plta/Piso 2 Pta/Letra B, piso 2, puerta B","postal_code":"11004","places":2,"units":1,"registered":"2021-06-23","catastro":"2368205QA4426G0001UI","holder":"GESTION DE PATRIMONIOS CASAS DE ERITREA CB","holder_count":2}},{"type":"Feature","geometry":{"type":"Point","coordinates":[-6.291738,36.527269]},"properties":{"id":"VUT/CA/12217","type":"VUT","group":"Completa","address":"CALLE CONCEPCIÓN ARENAL Nº 2 Plta/Piso 3 Pta/Letra DERECHA, piso 3, puerta DERECHA","postal_code":"11006","places":6,"units":3,"registered":"2021-06-23","catastro":"2660801QA4426B0022GQ","holder":null,"holder_count":null}},{"type":"Feature","geometry":{"type":"Point","coordinates":[-6.299891,36.533788]},"properties":{"id":"VUT/CA/12220","type":"VUT","group":"Completa","address":"CALLE TORRE Nº 15 Plta/Piso 2 Pta/Letra B, piso 2, puerta B","postal_code":"11010","places":6,"units":2,"registered":"2021-06-24","catastro":"1867213QA4416F2011BZ","holder":"GH HOSTELERA S.L.U.","holder_count":2}},{"type":"Feature","geometry":{"type":"Point","coordinates":[-6.299891,36.533788]},"properties":{"id":"VUT/CA/12222","type":"VUT","group":"Completa","address":"CALLE TORRE Nº 15 Plta/Piso 2 Pta/Letra D, piso 2, puerta D","postal_code":"11010","places":8,"units":3,"registered":"2021-06-24","catastro":"1867213QA4416F2013XM","holder":"GH HOSTELERA S.L.U.","holder_count":2}},{"type":"Feature","geometry":{"type":"Point","coordinates":[-6.27167,36.499194]},"properties":{"id":"VUT/CA/12225","type":"VUT","group":"Completa","address":"PLAZA JEREZ DE LA FRONTERA Nº 7 Plta/Piso 1 Pta/Letra C, piso 1, puerta C","postal_code":"11001","places":4,"units":1,"registered":"2021-06-24","catastro":"4429302QA4442G0057MS","holder":null,"holder_count":null}},{"type":"Feature","geometry":{"type":"Point","coordinates":[-6.300544,36.528977]},"properties":{"id":"VUT/CA/12243","type":"VUT","group":"Completa","address":"CALLE SARGENTO DAPONTE Nº 4 Plta/Piso bajo Pta/Letra A, piso bajo, puerta A","postal_code":"11002","places":4,"units":1,"registered":"2021-06-27","catastro":"1862705QA4416B1001AE","holder":"APARTMENTS TIME S.L.","holder_count":55}},{"type":"Feature","geometry":{"type":"Point","coordinates":[-6.276903,36.504576]},"properties":{"id":"VUT/CA/12257","type":"VUT","group":"Completa","address":"CALLE virgen de las angustias Nº 6 Plta/Piso 2 Pta/Letra g, piso 2, puerta g","postal_code":"11010","places":4,"units":2,"registered":"2021-06-28","catastro":"4035901QA4443E0016PT","holder":null,"holder_count":null}},{"type":"Feature","geometry":{"type":"Point","coordinates":[-6.295099,36.530068]},"properties":{"id":"VUT/CA/12260","type":"VUT","group":"Completa","address":"CALLE BARROCAL Nº 9-11 Plta/Piso 1 Pta/Letra B, piso 1, puerta B","postal_code":"11005","places":4,"units":1,"registered":"2021-06-29","catastro":"2363806QA4426C0001GK","holder":null,"holder_count":null}},{"type":"Feature","geometry":{"type":"Point","coordinates":[-6.295099,36.530068]},"properties":{"id":"VUT/CA/12261","type":"VUT","group":"Completa","address":"CALLE BARROCAL Nº 9-11 Plta/Piso 1 Pta/Letra C, piso 1, puerta C","postal_code":"11005","places":4,"units":1,"registered":"2021-06-29","catastro":"2363806QA4426C0001GK","holder":null,"holder_count":null}},{"type":"Feature","geometry":{"type":"Point","coordinates":[-6.298243,36.532408]},"properties":{"id":"VUT/CA/12270","type":"VUT","group":"Completa","address":"CALLE marques del real tesoro Nº 9 Plta/Piso bajo Pta/Letra izquierda, piso bajo, puerta izquierda","postal_code":"11001","places":4,"units":2,"registered":"2021-06-29","catastro":"1966515QA4416F0004FZ","holder":null,"holder_count":null}},{"type":"Feature","geometry":{"type":"Point","coordinates":[-6.279207,36.50759]},"properties":{"id":"VUT/CA/12273","type":"VUT","group":"Completa","address":"CALLE Brasil Nº 12 Plta/Piso 9 Pta/Letra D, piso 9, puerta D","postal_code":"11010","places":4,"units":1,"registered":"2021-06-29","catastro":"3839108QA4433H0132BK","holder":null,"holder_count":null}},{"type":"Feature","geometry":{"type":"Point","coordinates":[-6.302575,36.530771]},"properties":{"id":"VUT/CA/12289","type":"VUT","group":"Completa","address":"CALLE MARTÍNEZ CAMPOS Nº 5 Plta/Piso 4 Pta/Letra DCHA, piso 4, puerta DCHA","postal_code":"11002","places":12,"units":3,"registered":"2021-06-30","catastro":"1664804QA4416D0017QD","holder":"AZURIA CAPITAL SL","holder_count":2}},{"type":"Feature","geometry":{"type":"Point","coordinates":[-6.2723,36.504966]},"properties":{"id":"VUT/CA/12290","type":"VUT","group":"Completa","address":"PLAZA LA FUENTE Nº 7 Plta/Piso BAJO Pta/Letra A, piso BAJO, puerta A","postal_code":"11011","places":12,"units":3,"registered":"2021-06-30","catastro":"4336303QA4443E0013TW","holder":"AZURIA CAPITAL SL","holder_count":2}},{"type":"Feature","geometry":{"type":"Point","coordinates":[-6.304885,36.529279]},"properties":{"id":"VUT/CA/12291","type":"VUT","group":"Completa","address":"AVENIDA DUQUE DE NAJERA Nº 2 Esc. 2 Plta/Piso BAJO Pta/Letra DCHA, piso BAJO, puerta DCHA","postal_code":"11002","places":15,"units":4,"registered":"2021-06-30","catastro":"1462801QA4416A0041KQ","holder":"AZUR CAPITAL SL","holder_count":2}},{"type":"Feature","geometry":{"type":"Point","coordinates":[-6.304885,36.529279]},"properties":{"id":"VUT/CA/12292","type":"VUT","group":"Completa","address":"AVENIDA DUQUE DE NAJERA Nº 2 Esc. 3 Plta/Piso BAJA Pta/Letra IZQDA, piso BAJA, puerta IZQDA","postal_code":"11002","places":15,"units":4,"registered":"2021-06-30","catastro":"1462801QA4416A0052EO","holder":"AZUR CAPITAL SL","holder_count":2}},{"type":"Feature","geometry":{"type":"Point","coordinates":[-6.306469,36.533446]},"properties":{"id":"VUT/CA/12293","type":"VUT","group":"Completa","address":"AVENIDA DUQUE DE NÁJERA Nº 7 Blq. C Plta/Piso 5 Pta/Letra IZQUIERDA, piso 5, puerta IZQUIERDA","postal_code":"11002","places":8,"units":4,"registered":"2021-06-30","catastro":"1267601QA4416E0040RD","holder":null,"holder_count":null}},{"type":"Feature","geometry":{"type":"Point","coordinates":[-6.296858,36.533714]},"properties":{"id":"VUT/CA/12300","type":"VUT","group":"Completa","address":"CALLE CANOVAS DEL CASTILLO Nº 28 Plta/Piso 2 Pta/Letra D, piso 2, puerta D","postal_code":"11001","places":5,"units":3,"registered":"2021-07-01","catastro":"2167214QA4426E0004YH","holder":null,"holder_count":null}},{"type":"Feature","geometry":{"type":"Point","coordinates":[-6.3035,36.528089]},"properties":{"id":"VUT/CA/12305","type":"VUT","group":"Completa","address":"CALLE SAN FELIX Nº 14 Plta/Piso 1º Pta/Letra D, piso 1º, puerta D","postal_code":"11002","places":12,"units":3,"registered":"2021-07-01","catastro":"1561901QA4416B0019LB","holder":"CONSTRUCCIONES Y REFORMAS AZUR 2020 SL","holder_count":2}},{"type":"Feature","geometry":{"type":"Point","coordinates":[-6.296299,36.535792]},"properties":{"id":"VUT/CA/12321","type":"VUT","group":"Por habitaciones","address":"CALLE GENERAL MENACHO Nº 7","postal_code":"11004","places":4,"units":1,"registered":"2021-07-03","catastro":"2169303QA4426G0001FI","holder":null,"holder_count":null}},{"type":"Feature","geometry":{"type":"Point","coordinates":[-6.284023,36.519646]},"properties":{"id":"VUT/CA/12323","type":"VUT","group":"Completa","address":"CALLE CIUDAD DE SANTANDER Nº 1 Plta/Piso 3 Pta/Letra A, piso 3, puerta A","postal_code":"11007","places":4,"units":2,"registered":"2021-07-04","catastro":"3352215QA4435A0005XF","holder":null,"holder_count":null}},{"type":"Feature","geometry":{"type":"Point","coordinates":[-6.30379,36.531703]},"properties":{"id":"VUT/CA/12326","type":"VUT","group":"Completa","address":"CALLE SAN RAFAEL Nº 30 Plta/Piso 2, piso 2","postal_code":"11002","places":4,"units":2,"registered":"2021-07-04","catastro":"1565902QA4416F0003SB","holder":"AC GESTION CADIZ S.L.","holder_count":39}},{"type":"Feature","geometry":{"type":"Point","coordinates":[-6.298645,36.530459]},"properties":{"id":"VUT/CA/12337","type":"VUT","group":"Completa","address":"PLAZA LIBERTAD Nº 4 Plta/Piso 2 Pta/Letra DCHA, piso 2, puerta DCHA","postal_code":"11005","places":4,"units":2,"registered":"2021-07-05","catastro":"1963303QA4416D0003QW","holder":null,"holder_count":null}},{"type":"Feature","geometry":{"type":"Point","coordinates":[-6.29354,36.532856]},"properties":{"id":"VUT/CA/12340","type":"VUT","group":"Completa","address":"AVENIDA CUATRO DE DICIEMBRE DE 1977 Nº 20-21 Plta/Piso 1 Pta/Letra C, piso 1, puerta C","postal_code":"11006","places":4,"units":2,"registered":"2021-07-06","catastro":"2366402QA4426E0046AM","holder":null,"holder_count":null}},{"type":"Feature","geometry":{"type":"Point","coordinates":[-6.303137,36.528658]},"properties":{"id":"VUT/CA/12353","type":"VUT","group":"Completa","address":"CALLE lubet Nº 14 Plta/Piso 2 Pta/Letra a, piso 2, puerta a","postal_code":"11001","places":6,"units":3,"registered":"2021-07-07","catastro":"1561301QA4416B0014DG","holder":null,"holder_count":null}},{"type":"Feature","geometry":{"type":"Point","coordinates":[-6.286206,36.52021]},"properties":{"id":"VUT/CA/12359","type":"VUT","group":"Completa","address":"AVENIDA FERNANDEZ LADREDA Nº 9 Portal 5 Plta/Piso 1 Pta/Letra C, piso 1, puerta C","postal_code":"11008","places":6,"units":3,"registered":"2021-07-07","catastro":"3153513QA4435C0246EZ","holder":null,"holder_count":null}},{"type":"Feature","geometry":{"type":"Point","coordinates":[-6.299281,36.531559]},"properties":{"id":"VUT/CA/12367","type":"VUT","group":"Completa","address":"CALLE HOSPITAL DE MUJERES Nº 9 Plta/Piso 3, piso 3","postal_code":"11001","places":2,"units":1,"registered":"2021-07-09","catastro":"1965714QA4416F0006PM","holder":null,"holder_count":null}},{"type":"Feature","geometry":{"type":"Point","coordinates":[-6.300208,36.534994]},"properties":{"id":"VUT/CA/12378","type":"VUT","group":"Completa","address":"CALLE VEA MURGUÍA Nº 4 Plta/Piso 2 Pta/Letra D, piso 2, puerta D","postal_code":"11003","places":4,"units":1,"registered":"2021-07-09","catastro":"1869711QA4416H0007SL","holder":null,"holder_count":null}},{"type":"Feature","geometry":{"type":"Point","coordinates":[-6.27901,36.506917]},"properties":{"id":"VUT/CA/12385","type":"VUT","group":"Completa","address":"CALLE Paseo Marítimo Nº 2 Plta/Piso 9 Pta/Letra E, piso 9, puerta E","postal_code":"11010","places":5,"units":4,"registered":"2021-07-10","catastro":"3838503QA4433H0137FM","holder":null,"holder_count":null}},{"type":"Feature","geometry":{"type":"Point","coordinates":[-6.27624,36.511225]},"properties":{"id":"VUT/CA/12388","type":"VUT","group":"Completa","address":"CALLE san gabriel Nº 3 Plta/Piso 3 Pta/Letra b, piso 3, puerta b","postal_code":"11009","places":5,"units":3,"registered":"2021-07-11","catastro":"4043501QA4444C0010DZ","holder":null,"holder_count":null}},{"type":"Feature","geometry":{"type":"Point","coordinates":[-6.302998,36.528084]},"properties":{"id":"VUT/CA/12391","type":"VUT","group":"Completa","address":"CALLE VENEZUELA Nº 2 Plta/Piso BAJO Pta/Letra IZQDA, piso BAJO, puerta IZQDA","postal_code":"11002","places":12,"units":3,"registered":"2021-07-12","catastro":"1661701QA4416B0026UQ","holder":null,"holder_count":null}},{"type":"Feature","geometry":{"type":"Point","coordinates":[-6.302929,36.535028]},"properties":{"id":"VUT/CA/12400","type":"VUT","group":"Completa","address":"CALLE SAN JUDAS Nº 1 Plta/Piso BAJO Pta/Letra DCHA, piso BAJO, puerta DCHA","postal_code":"11003","places":15,"units":4,"registered":"2021-07-12","catastro":"1568302QA4416H0001QD","holder":null,"holder_count":null}},{"type":"Feature","geometry":{"type":"Point","coordinates":[-6.301518,36.532577]},"properties":{"id":"VUT/CA/12410","type":"VUT","group":"Completa","address":"CALLE SOLANO Nº 16 Plta/Piso 2 Pta/Letra 6, piso 2, puerta 6","postal_code":"11002","places":15,"units":4,"registered":"2021-07-13","catastro":"1766708QA4416F0007TQ","holder":"CONSTRUCCIONES Y REFORMAS AZUR 2020 SL","holder_count":2}},{"type":"Feature","geometry":{"type":"Point","coordinates":[-6.295099,36.530068]},"properties":{"id":"VUT/CA/12413","type":"VUT","group":"Completa","address":"CALLE BARROCAL Nº 9-11 Plta/Piso 2 Pta/Letra A, piso 2, puerta A","postal_code":"11005","places":4,"units":1,"registered":"2021-07-14","catastro":"2363806QA4426C0001GK","holder":null,"holder_count":null}},{"type":"Feature","geometry":{"type":"Point","coordinates":[-6.297166,36.532123]},"properties":{"id":"VUT/CA/12420","type":"VUT","group":"Completa","address":"CALLE BARRIÉ Nº 25 Plta/Piso 1, piso 1","postal_code":"11001","places":8,"units":4,"registered":"2021-07-14","catastro":"2166713QA4426E0003AG","holder":null,"holder_count":null}},{"type":"Feature","geometry":{"type":"Point","coordinates":[-6.298538,36.529177]},"properties":{"id":"VUT/CA/12427","type":"VUT","group":"Completa","address":"CALLE GARAICOECHEA Nº 8 Plta/Piso BAJO Pta/Letra DCHA, piso BAJO, puerta DCHA","postal_code":"11005","places":4,"units":3,"registered":"2021-07-15","catastro":"1962326QA4416D0001OM","holder":null,"holder_count":null}},{"type":"Feature","geometry":{"type":"Point","coordinates":[-6.27701,36.510059]},"properties":{"id":"VUT/CA/12428","type":"VUT","group":"Completa","address":"CALLE AMOR BRUJO Nº 7 Plta/Piso 1 Pta/Letra C, piso 1, puerta C","postal_code":"11009","places":6,"units":3,"registered":"2021-07-15","catastro":"3941303QA4434B0003HR","holder":null,"holder_count":null}},{"type":"Feature","geometry":{"type":"Point","coordinates":[-6.300661,36.53478]},"properties":{"id":"VUT/CA/12456","type":"VUT","group":"Completa","address":"CALLE NAVAS Nº 2 Plta/Piso 1 Pta/Letra A, piso 1, puerta A","postal_code":"11003","places":3,"units":1,"registered":"2021-07-20","catastro":"1768609QA4416H0007BL","holder":null,"holder_count":null}},{"type":"Feature","geometry":{"type":"Point","coordinates":[-6.279597,36.508701]},"properties":{"id":"VUT/CA/12457","type":"VUT","group":"Completa","address":"CALLE ALMIRANTE VIERNA Nº 14","postal_code":"11009","places":4,"units":1,"registered":"2021-07-20","catastro":"3740806QA4434B0002RE","holder":null,"holder_count":null}},{"type":"Feature","geometry":{"type":"Point","coordinates":[-6.278967,36.510512]},"properties":{"id":"VUT/CA/12466","type":"VUT","group":"Completa","address":"CALLE TRILLE Nº 2 Calif.Nº A Plta/Piso 10, piso 10","postal_code":"11009","places":4,"units":2,"registered":"2021-07-21","catastro":"3842601QA4434B0032BQ","holder":null,"holder_count":null}},{"type":"Feature","geometry":{"type":"Point","coordinates":[-6.301228,36.535896]},"properties":{"id":"VUT/CA/12469","type":"VUT","group":"Completa","address":"PLAZA DEL MENTIDERO Nº 4 Plta/Piso 3 Pta/Letra IZDA, piso 3, puerta IZDA","postal_code":"11003","places":6,"units":3,"registered":"2021-07-22","catastro":"1770613QA4417B0006MR","holder":null,"holder_count":null}},{"type":"Feature","geometry":{"type":"Point","coordinates":[-6.294511,36.529822]},"properties":{"id":"VUT/CA/12483","type":"VUT","group":"Completa","address":"CALLE COBOS Nº 12 Plta/Piso 3 Pta/Letra A, piso 3, puerta A","postal_code":"11005","places":5,"units":2,"registered":"2021-07-24","catastro":"2363401QA4426C0006TM","holder":null,"holder_count":null}},{"type":"Feature","geometry":{"type":"Point","coordinates":[-6.302034,36.532256]},"properties":{"id":"VUT/CA/12498","type":"VUT","group":"Completa","address":"CALLE PLAZA JESUS NAZARENO Nº 2 Plta/Piso 1 Pta/Letra DERCHA, piso 1, puerta DERCHA","postal_code":"11002","places":6,"units":2,"registered":"2021-07-27","catastro":"1665403QA4416F0008ZW","holder":"GADES GESTIÓN TURÍSTICA SL","holder_count":12}},{"type":"Feature","geometry":{"type":"Point","coordinates":[-6.292014,36.527706]},"properties":{"id":"VUT/CA/12505","type":"VUT","group":"Completa","address":"CALLE SANTA MARÍA Nº 25 Plta/Piso 4, piso 4","postal_code":"11006","places":4,"units":1,"registered":"2021-07-28","catastro":"2561609QA4426B0006DF","holder":null,"holder_count":null}},{"type":"Feature","geometry":{"type":"Point","coordinates":[-6.292014,36.527706]},"properties":{"id":"VUT/CA/12506","type":"VUT","group":"Completa","address":"CALLE SANTA MARÍA Nº 25 Plta/Piso 2, piso 2","postal_code":"11006","places":7,"units":3,"registered":"2021-07-28","catastro":"2561609QA4426B0004AS","holder":null,"holder_count":null}},{"type":"Feature","geometry":{"type":"Point","coordinates":[-6.300332,36.535547]},"properties":{"id":"VUT/CA/12508","type":"VUT","group":"Completa","address":"CALLE VEEDOR Nº 9 Plta/Piso BJ Pta/Letra D, piso BJ, puerta D","postal_code":"11003","places":7,"units":3,"registered":"2021-07-28","catastro":"1869112QA4416H0001FD","holder":null,"holder_count":null}},{"type":"Feature","geometry":{"type":"Point","coordinates":[-6.277269,36.511329]},"properties":{"id":"VUT/CA/12511","type":"VUT","group":"Completa","address":"CALLE Tanguillo Nº 7 Plta/Piso 4 Pta/Letra Izq, piso 4, puerta Izq","postal_code":"11009","places":6,"units":2,"registered":"2021-07-28","catastro":"3943601QA4434D0020IP","holder":null,"holder_count":null}},{"type":"Feature","geometry":{"type":"Point","coordinates":[-6.301069,36.530576]},"properties":{"id":"VUT/CA/12518","type":"VUT","group":"Completa","address":"CALLE ROSA Nº 4 Plta/Piso 3 Pta/Letra CENTRO, piso 3, puerta CENTRO","postal_code":"11002","places":4,"units":2,"registered":"2021-07-29","catastro":"1763209QA4416D0013TO","holder":null,"holder_count":null}},{"type":"Feature","geometry":{"type":"Point","coordinates":[-6.269768,36.505923]},"properties":{"id":"VUT/CA/12524","type":"VUT","group":"Completa","address":"CALLE CARLOS HAYA Nº 1 Plta/Piso 1 Pta/Letra A, piso 1, puerta A","postal_code":"11011","places":4,"units":2,"registered":"2021-07-29","catastro":"4637605QA4443F0001UW","holder":null,"holder_count":null}},{"type":"Feature","geometry":{"type":"Point","coordinates":[-6.300332,36.535547]},"properties":{"id":"VUT/CA/12528","type":"VUT","group":"Completa","address":"CALLE VEEDOR Nº 9 Plta/Piso 1º Pta/Letra B Compl.Dom. INTERIOR DERECHA, piso 1º, puerta B","postal_code":"11003","places":7,"units":2,"registered":"2021-07-30","catastro":"1869112QA4416H0001FD","holder":null,"holder_count":null}},{"type":"Feature","geometry":{"type":"Point","coordinates":[-6.300332,36.535547]},"properties":{"id":"VUT/CA/12529","type":"VUT","group":"Completa","address":"CALLE VEEDOR Nº 9 Plta/Piso 1 Pta/Letra C Compl.Dom. EXTERIOR DERECHA, piso 1, puerta C","postal_code":"11003","places":7,"units":2,"registered":"2021-07-30","catastro":"1869112QA4416H0001FD","holder":null,"holder_count":null}},{"type":"Feature","geometry":{"type":"Point","coordinates":[-6.27355,36.499846]},"properties":{"id":"VUT/CA/12532","type":"VUT","group":"Completa","address":"AVENIDA jose leon de carranza Nº 4 Plta/Piso 6 Pta/Letra d, piso 6, puerta d","postal_code":"11011","places":6,"units":3,"registered":"2021-07-30","catastro":"4230304QA4443A0049LH","holder":null,"holder_count":null}},{"type":"Feature","geometry":{"type":"Point","coordinates":[-6.27821,36.507204]},"properties":{"id":"VUT/CA/12536","type":"VUT","group":"Completa","address":"CALLE GENERAL MUÑOZ ARENILLAS Nº 2 Portal 2 Plta/Piso 11 Pta/Letra I, piso 11, puerta I","postal_code":"11010","places":4,"units":2,"registered":"2021-08-02","catastro":"3838501QA4433H0057UA","holder":null,"holder_count":null}},{"type":"Feature","geometry":{"type":"Point","coordinates":[-6.295099,36.530068]},"properties":{"id":"VUT/CA/12537","type":"VUT","group":"Completa","address":"CALLE Barrocal Nº 9-11 Plta/Piso 1º Pta/Letra A, piso 1º, puerta A","postal_code":"11005","places":4,"units":1,"registered":"2021-08-02","catastro":"2363806QA4426C0001GK","holder":null,"holder_count":null}},{"type":"Feature","geometry":{"type":"Point","coordinates":[-6.277099,36.515971]},"properties":{"id":"VUT/CA/12566","type":"VUT","group":"Completa","address":"AVENIDA SAN SEVERIANO Nº 22 Plta/Piso 2ª Pta/Letra DCH, piso 2ª, puerta DCH","postal_code":"11012","places":5,"units":3,"registered":"2021-08-07","catastro":"3948901QA4434H0055WE","holder":null,"holder_count":null}},{"type":"Feature","geometry":{"type":"Point","coordinates":[-6.293704,36.530108]},"properties":{"id":"VUT/CA/12568","type":"VUT","group":"Completa","address":"CALLE Marqués de Cádiz Nº 4 Plta/Piso 1 Pta/Letra 3, piso 1, puerta 3","postal_code":"11005","places":4,"units":1,"registered":"2021-08-08","catastro":"2363309QA4426C0003QB","holder":null,"holder_count":null}},{"type":"Feature","geometry":{"type":"Point","coordinates":[-6.299361,36.53057]},"properties":{"id":"VUT/CA/12579","type":"VUT","group":"Completa","address":"CALLE ROBLES Nº 2 Plta/Piso BAJO Pta/Letra 3, piso BAJO, puerta 3","postal_code":"11002","places":4,"units":1,"registered":"2021-08-10","catastro":"1964706QA4416D0008IU","holder":null,"holder_count":null}},{"type":"Feature","geometry":{"type":"Point","coordinates":[-6.297908,36.533711]},"properties":{"id":"VUT/CA/12586","type":"VUT","group":"Completa","address":"CALLE ANCHA Nº 19 Plta/Piso ENTREPLANT Pta/Letra 1, piso ENTREPLANT, puerta 1","postal_code":"11001","places":4,"units":1,"registered":"2021-08-12","catastro":"1967411QA4416H0002MF","holder":"DUNA BEDUINA SERVICIOS TURISTÍCOS, S.L.","holder_count":77}},{"type":"Feature","geometry":{"type":"Point","coordinates":[-6.295099,36.530068]},"properties":{"id":"VUT/CA/12589","type":"VUT","group":"Completa","address":"CALLE BARROCAL Nº 9-11 Plta/Piso 2 Pta/Letra B, piso 2, puerta B","postal_code":"11005","places":4,"units":1,"registered":"2021-08-13","catastro":"2363806QA4426C0001GK","holder":null,"holder_count":null}},{"type":"Feature","geometry":{"type":"Point","coordinates":[-6.297353,36.531461]},"properties":{"id":"VUT/CA/12592","type":"VUT","group":"Completa","address":"CALLE Barrie Blq. 40 Plta/Piso 1, piso 1","postal_code":"11010","places":2,"units":1,"registered":"2021-08-13","catastro":"2164101QA4426C0001OK","holder":"APARTMENTS TIME S.L.","holder_count":55}},{"type":"Feature","geometry":{"type":"Point","coordinates":[-6.30274,36.535386]},"properties":{"id":"VUT/CA/12599","type":"VUT","group":"Completa","address":"CALLE BARTOLOME LLOMPART Nº 1 Plta/Piso 2 Pta/Letra C, piso 2, puerta C","postal_code":"11003","places":8,"units":4,"registered":"2021-08-15","catastro":"1569501QA4416H0008SB","holder":null,"holder_count":null}},{"type":"Feature","geometry":{"type":"Point","coordinates":[-6.294783,36.536152]},"properties":{"id":"VUT/CA/12611","type":"VUT","group":"Completa","address":"CALLE Isabel la Católica Nº 24 Plta/Piso 2 Pta/Letra A, piso 2, puerta A","postal_code":"11004","places":4,"units":2,"registered":"2021-08-18","catastro":"2270405QA4427A0009EW","holder":"APARTMENTS TIME S.L.","holder_count":55}},{"type":"Feature","geometry":{"type":"Point","coordinates":[-6.302066,36.529824]},"properties":{"id":"VUT/CA/12618","type":"VUT","group":"Completa","address":"CALLE VIRGEN DE LAS PENAS Nº 4 Plta/Piso BAJO Pta/Letra B, piso BAJO, puerta B","postal_code":"11002","places":8,"units":2,"registered":"2021-08-19","catastro":"1762122QA4416B0011AS","holder":null,"holder_count":null}},{"type":"Feature","geometry":{"type":"Point","coordinates":[-6.297854,36.530296]},"properties":{"id":"VUT/CA/12624","type":"VUT","group":"Por habitaciones","address":"PLAZA DE LA LIBERTAD Nº 15 Plta/Piso 2 Pta/Letra B, piso 2, puerta B","postal_code":"11005","places":2,"units":1,"registered":"2021-08-20","catastro":"2063305QA4426C0004DZ","holder":null,"holder_count":null}},{"type":"Feature","geometry":{"type":"Point","coordinates":[-6.292724,36.528407]},"properties":{"id":"VUT/CA/12625","type":"VUT","group":"Completa","address":"CALLE SANTA MARIA Nº 3 Plta/Piso 3º Pta/Letra A, piso 3º, puerta A","postal_code":"11005","places":7,"units":2,"registered":"2021-08-20","catastro":"2561104QA4426B0007KG","holder":null,"holder_count":null}},{"type":"Feature","geometry":{"type":"Point","coordinates":[-6.295785,36.533734]},"properties":{"id":"VUT/CA/12626","type":"VUT","group":"Completa","address":"CALLE rosario Nº 8 Plta/Piso 1 Pta/Letra B, piso 1, puerta B","postal_code":"11004","places":6,"units":2,"registered":"2021-08-20","catastro":"2267912QA4426E0009DZ","holder":null,"holder_count":null}},{"type":"Feature","geometry":{"type":"Point","coordinates":[-6.273687,36.500305]},"properties":{"id":"VUT/CA/12629","type":"VUT","group":"Completa","address":"AVENIDA José León de Carranza Nº 4 Esc. 1 Plta/Piso 12 Pta/Letra L Compl.Dom. Edificio Atlántico 6, piso 12, puerta L","postal_code":"11011","places":4,"units":2,"registered":"2021-08-21","catastro":"4230303QA4443A0216GZ","holder":null,"holder_count":null}},{"type":"Feature","geometry":{"type":"Point","coordinates":[-6.289592,36.52783]},"properties":{"id":"VUT/CA/12638","type":"VUT","group":"Completa","address":"CALLE GOLETA Nº 1 Calif.Nº DUPLICADO Plta/Piso BAJO, piso BAJO","postal_code":"11006","places":4,"units":1,"registered":"2021-08-24","catastro":"2861705QA4426B1001LU","holder":null,"holder_count":null}},{"type":"Feature","geometry":{"type":"Point","coordinates":[-6.279468,36.508013]},"properties":{"id":"VUT/CA/12641","type":"VUT","group":"Completa","address":"AVENIDA AMILCAR BARCA Nº 47 Plta/Piso 9 Pta/Letra A, piso 9, puerta A","postal_code":"11009","places":6,"units":2,"registered":"2021-08-24","catastro":"3839101QA4433H0068RL","holder":null,"holder_count":null}},{"type":"Feature","geometry":{"type":"Point","coordinates":[-6.289552,36.527468]},"properties":{"id":"VUT/CA/12646","type":"VUT","group":"Completa","address":"CALLE TENIENTE ANDUJAR Nº 34 Plta/Piso BAJO Pta/Letra IZQ, piso BAJO, puerta IZQ","postal_code":"11006","places":5,"units":3,"registered":"2021-08-25","catastro":"2861711QA4426B0003RA","holder":null,"holder_count":null}},{"type":"Feature","geometry":{"type":"Point","coordinates":[-6.284823,36.515983]},"properties":{"id":"VUT/CA/12651","type":"VUT","group":"Por habitaciones","address":"AVENIDA Amilcar Barca Nº 11 Plta/Piso 3º Pta/Letra B, piso 3º, puerta B","postal_code":"11008","places":5,"units":4,"registered":"2021-08-27","catastro":"3248407QA4434G0014JA","holder":null,"holder_count":null}},{"type":"Feature","geometry":{"type":"Point","coordinates":[-6.299361,36.53057]},"properties":{"id":"VUT/CA/12652","type":"VUT","group":"Completa","address":"CALLE ROBLES Nº 2 Plta/Piso BAJO Pta/Letra 4, piso BAJO, puerta 4","postal_code":"11002","places":4,"units":2,"registered":"2021-08-27","catastro":"1964706QA4416D0008IU","holder":null,"holder_count":null}},{"type":"Feature","geometry":{"type":"Point","coordinates":[-6.300307,36.529883]},"properties":{"id":"VUT/CA/12668","type":"VUT","group":"Por habitaciones","address":"CALLE PASQUÍN Nº 4 Plta/Piso BAJO, piso BAJO","postal_code":"11002","places":6,"units":4,"registered":"2021-08-31","catastro":"1862333QA4416D0001UM","holder":null,"holder_count":null}},{"type":"Feature","geometry":{"type":"Point","coordinates":[-6.273667,36.49951]},"properties":{"id":"VUT/CA/12671","type":"VUT","group":"Completa","address":"CALLE Sirenas Portal 1 Plta/Piso 2 Pta/Letra I Compl.Dom. Edificio Atlántico 5, piso 2, puerta I","postal_code":"11011","places":4,"units":2,"registered":"2021-08-31","catastro":"4230307QA4443A0057TZ","holder":null,"holder_count":null}},{"type":"Feature","geometry":{"type":"Point","coordinates":[-6.299775,36.531797]},"properties":{"id":"VUT/CA/12679","type":"VUT","group":"Completa","address":"CALLE HOSPITAL DE MUJERES Nº 17 Plta/Piso 3 Pta/Letra D, piso 3, puerta D","postal_code":"11001","places":5,"units":2,"registered":"2021-08-31","catastro":"1865411QA4416F0007EQ","holder":null,"holder_count":null}},{"type":"Feature","geometry":{"type":"Point","coordinates":[-6.289547,36.527793]},"properties":{"id":"VUT/CA/12685","type":"VUT","group":"Completa","address":"CALLE GOLETA Nº 1 Plta/Piso 1 Pta/Letra C, piso 1, puerta C","postal_code":"11006","places":4,"units":3,"registered":"2021-09-01","catastro":"2861706QA4426B0007DG","holder":null,"holder_count":null}},{"type":"Feature","geometry":{"type":"Point","coordinates":[-6.300072,36.534154]},"properties":{"id":"VUT/CA/12689","type":"VUT","group":"Completa","address":"CALLE Zaragoza Nº 10 Plta/Piso bajo ext. Pta/Letra Izq., piso bajo ext., puerta Izq.","postal_code":"11005","places":6,"units":2,"registered":"2021-09-02","catastro":"1867202QA4416F4001YP","holder":null,"holder_count":null}},{"type":"Feature","geometry":{"type":"Point","coordinates":[-6.294566,36.534086]},"properties":{"id":"VUT/CA/12691","type":"VUT","group":"Completa","address":"CALLE BEATO DIEGO JOSE DE CADIZ Nº 11 Plta/Piso 1 Pta/Letra IZ, piso 1, puerta IZ","postal_code":"11004","places":4,"units":1,"registered":"2021-09-02","catastro":"2367105QA4426E0002XF","holder":null,"holder_count":null}},{"type":"Feature","geometry":{"type":"Point","coordinates":[-6.299247,36.536829]},"properties":{"id":"VUT/CA/12692","type":"VUT","group":"Completa","address":"CALLE Vea Murguia Nº 38 Plta/Piso Bajo B, piso Bajo B","postal_code":"11003","places":4,"units":2,"registered":"2021-09-03","catastro":"1871508QA4417B0002JM","holder":null,"holder_count":null}},{"type":"Feature","geometry":{"type":"Point","coordinates":[-6.294013,36.53014]},"properties":{"id":"VUT/CA/12693","type":"VUT","group":"Completa","address":"CALLE Ruiz de Bustamante Nº 3 Plta/Piso 1 Pta/Letra C, piso 1, puerta C","postal_code":"11006","places":8,"units":2,"registered":"2021-09-03","catastro":"2363311QA4426C0008BW","holder":"LITTLE APARTMENTS S.L.","holder_count":20}},{"type":"Feature","geometry":{"type":"Point","coordinates":[-6.273414,36.499763]},"properties":{"id":"VUT/CA/12699","type":"VUT","group":"Completa","address":"AVENIDA JOSE LEON DE CARRANZA Nº 6 Plta/Piso 6 Pta/Letra DCHA, piso 6, puerta DCHA","postal_code":"11011","places":4,"units":2,"registered":"2021-09-04","catastro":"4230305QA4443A0011XP","holder":null,"holder_count":null}},{"type":"Feature","geometry":{"type":"Point","coordinates":[-6.293474,36.530294]},"properties":{"id":"VUT/CA/12702","type":"VUT","group":"Completa","address":"CALLE FLAMENCO Nº 2 Plta/Piso 3 Pta/Letra A, piso 3, puerta A","postal_code":"11005","places":6,"units":3,"registered":"2021-09-06","catastro":"2464517QA4426C0007OQ","holder":null,"holder_count":null}},{"type":"Feature","geometry":{"type":"Point","coordinates":[-6.293474,36.530294]},"properties":{"id":"VUT/CA/12703","type":"VUT","group":"Completa","address":"CALLE FLAMENCO Nº 2 Plta/Piso 3 Pta/Letra B, piso 3, puerta B","postal_code":"11005","places":6,"units":2,"registered":"2021-09-06","catastro":"2464517QA4426C0008PW","holder":null,"holder_count":null}},{"type":"Feature","geometry":{"type":"Point","coordinates":[-6.293474,36.530294]},"properties":{"id":"VUT/CA/12704","type":"VUT","group":"Completa","address":"CALLE FLAMENCO Nº 2 Plta/Piso 2 Pta/Letra B, piso 2, puerta B","postal_code":"11005","places":6,"units":2,"registered":"2021-09-06","catastro":"2464517QA4426C0006IM","holder":null,"holder_count":null}},{"type":"Feature","geometry":{"type":"Point","coordinates":[-6.293474,36.530294]},"properties":{"id":"VUT/CA/12712","type":"VUT","group":"Completa","address":"CALLE FLAMENCO Nº 2 Plta/Piso BAJO Pta/Letra B, piso BAJO, puerta B","postal_code":"11005","places":4,"units":1,"registered":"2021-09-07","catastro":"2464517QA4426C0002RL","holder":null,"holder_count":null}},{"type":"Feature","geometry":{"type":"Point","coordinates":[-6.293474,36.530294]},"properties":{"id":"VUT/CA/12713","type":"VUT","group":"Completa","address":"CALLE FLAMENCO Nº 2 Plta/Piso 1 Pta/Letra A, piso 1, puerta A","postal_code":"11005","places":6,"units":2,"registered":"2021-09-07","catastro":"2464517QA4426C0003TB","holder":null,"holder_count":null}},{"type":"Feature","geometry":{"type":"Point","coordinates":[-6.292508,36.52786]},"properties":{"id":"VUT/CA/12714","type":"VUT","group":"Completa","address":"CALLE SAN JUAN BAUTISTA DE LA SALLE Nº 6 Plta/Piso BAJO, piso BAJO","postal_code":"11005","places":4,"units":1,"registered":"2021-09-07","catastro":"2561613QA4426B0001JO","holder":null,"holder_count":null}},{"type":"Feature","geometry":{"type":"Point","coordinates":[-6.294013,36.53014]},"properties":{"id":"VUT/CA/12716","type":"VUT","group":"Completa","address":"CALLE RUIZ DE BUSTAMANTE Nº 3 Plta/Piso BAJO Pta/Letra C, piso BAJO, puerta C","postal_code":"11005","places":2,"units":1,"registered":"2021-09-07","catastro":"2363311QA4426C0005JX","holder":null,"holder_count":null}},{"type":"Feature","geometry":{"type":"Point","coordinates":[-6.300801,36.530494]},"properties":{"id":"VUT/CA/12717","type":"VUT","group":"Completa","address":"CALLE SAGASTA Nº 76 Plta/Piso 3 Pta/Letra DCH, piso 3, puerta DCH","postal_code":"11002","places":4,"units":1,"registered":"2021-09-08","catastro":"1863206QA4416D0008FU","holder":null,"holder_count":null}},{"type":"Feature","geometry":{"type":"Point","coordinates":[-6.283066,36.519318]},"properties":{"id":"VUT/CA/12718","type":"VUT","group":"Completa","address":"CALLE GENERAL GARCIA ESCAMEZ Nº 4 Plta/Piso 1 Pta/Letra A, piso 1, puerta A","postal_code":"11008","places":6,"units":3,"registered":"2021-09-08","catastro":"3550802QA4435B0006MQ","holder":null,"holder_count":null}},{"type":"Feature","geometry":{"type":"Point","coordinates":[-6.302493,36.531604]},"properties":{"id":"VUT/CA/12722","type":"VUT","group":"Completa","address":"PLAZA JESÚS NAZARENO Nº 18-20 Plta/Piso BJ Pta/Letra B, piso BJ, puerta B","postal_code":"11002","places":4,"units":2,"registered":"2021-09-08","catastro":"1665601QA4416F0003YB","holder":null,"holder_count":null}},{"type":"Feature","geometry":{"type":"Point","coordinates":[-6.300242,36.533241]},"properties":{"id":"VUT/CA/12723","type":"VUT","group":"Completa","address":"CALLE LA TORRE Portal 16 Plta/Piso 4 Pta/Letra B, piso 4, puerta B","postal_code":"11003","places":6,"units":2,"registered":"2021-09-09","catastro":"1866106QA4416F0016UU","holder":null,"holder_count":null}},{"type":"Feature","geometry":{"type":"Point","coordinates":[-6.294333,36.529242]},"properties":{"id":"VUT/CA/12724","type":"VUT","group":"Completa","address":"CALLE ARCO DE LA ROSA Nº 2-3 Plta/Piso 2º Pta/Letra B, piso 2º, puerta B","postal_code":"11005","places":4,"units":2,"registered":"2021-09-09","catastro":"2362319QA4426C0001AK","holder":null,"holder_count":null}},{"type":"Feature","geometry":{"type":"Point","coordinates":[-6.293474,36.530294]},"properties":{"id":"VUT/CA/12725","type":"VUT","group":"Completa","address":"CALLE FLAMENCO Nº 2 Plta/Piso 2 Pta/Letra A, piso 2, puerta A","postal_code":"11005","places":6,"units":2,"registered":"2021-09-09","catastro":"2464517QA4426C0005UX","holder":null,"holder_count":null}},{"type":"Feature","geometry":{"type":"Point","coordinates":[-6.279468,36.508013]},"properties":{"id":"VUT/CA/12727","type":"VUT","group":"Completa","address":"AVENIDA AMILCAR BARCA Nº 47 Plta/Piso 8 Pta/Letra B, piso 8, puerta B","postal_code":"11009","places":4,"units":1,"registered":"2021-09-09","catastro":"3839101QA4433H0061BS","holder":"APARTMENTS TIME S.L.","holder_count":55}},{"type":"Feature","geometry":{"type":"Point","coordinates":[-6.274488,36.501]},"properties":{"id":"VUT/CA/12731","type":"VUT","group":"Completa","address":"CALLE NEPTUNO Blq. 3 Plta/Piso 5 Pta/Letra C, piso 5, puerta C","postal_code":"11011","places":2,"units":1,"registered":"2021-09-09","catastro":"4231901QA4443A0028YQ","holder":null,"holder_count":null}},{"type":"Feature","geometry":{"type":"Point","coordinates":[-6.29941,36.53094]},"properties":{"id":"VUT/CA/12733","type":"VUT","group":"Completa","address":"CALLE SAN FRANCISCO JAVIER Nº 7 Plta/Piso 2º Pta/Letra IZQUIERDA, piso 2º, puerta IZQUIERDA","postal_code":"11002","places":8,"units":3,"registered":"2021-09-09","catastro":"1864928QA4416D0007YY","holder":"APARTMENTS TIME S.L.","holder_count":55}},{"type":"Feature","geometry":{"type":"Point","coordinates":[-6.302886,36.528872]},"properties":{"id":"VUT/CA/12734","type":"VUT","group":"Completa","address":"CALLE ARRICRUZ Nº 2 Plta/Piso 1 Pta/Letra 2, piso 1, puerta 2","postal_code":"11002","places":4,"units":1,"registered":"2021-09-09","catastro":"1561306QA4416B0001WT","holder":"TRIBIÑO ARQUITECTOS SL","holder_count":1}},{"type":"Feature","geometry":{"type":"Point","coordinates":[-6.299095,36.535468]},"properties":{"id":"VUT/CA/12736","type":"VUT","group":"Completa","address":"CALLE OBISPO CERERO Nº 1 Plta/Piso 1, piso 1","postal_code":"11003","places":10,"units":4,"registered":"2021-09-10","catastro":"1869408QA4416H0001JD","holder":"GENTEEL HOME GESTORA S.L.U.","holder_count":5}},{"type":"Feature","geometry":{"type":"Point","coordinates":[-6.278244,36.507944]},"properties":{"id":"VUT/CA/12740","type":"VUT","group":"Completa","address":"CALLE BRASIL Nº 2 Plta/Piso 7 Pta/Letra C, piso 7, puerta C","postal_code":"11009","places":4,"units":2,"registered":"2021-09-12","catastro":"3839103QA4433H0020OY","holder":null,"holder_count":null}},{"type":"Feature","geometry":{"type":"Point","coordinates":[-6.301451,36.531484]},"properties":{"id":"VUT/CA/12743","type":"VUT","group":"Completa","address":"CALLE SAN JOSE Nº 71 Plta/Piso 1º Pta/Letra IZDA. EXT., piso 1º, puerta IZDA. EXT.","postal_code":"11002","places":5,"units":2,"registered":"2021-09-13","catastro":"1764111QA4416D0009LI","holder":"ALQUILER VACACIONAL TURISMO E INNOVACIÓN SOCIAL SCA","holder_count":81}},{"type":"Feature","geometry":{"type":"Point","coordinates":[-6.286023,36.525487]},"properties":{"id":"VUT/CA/12744","type":"VUT","group":"Completa","address":"CALLE tamarindos Nº 12 Plta/Piso 2 Pta/Letra d, piso 2, puerta d","postal_code":"11007","places":4,"units":2,"registered":"2021-09-13","catastro":"3158901qa4435g0030dg","holder":null,"holder_count":null}},{"type":"Feature","geometry":{"type":"Point","coordinates":[-6.297843,36.533515]},"properties":{"id":"VUT/CA/12747","type":"VUT","group":"Completa","address":"CALLE Sagasta Nº 13 Plta/Piso 2 Pta/Letra B, piso 2, puerta B","postal_code":"11001","places":4,"units":2,"registered":"2021-09-14","catastro":"1967413QA4416H0013EX","holder":null,"holder_count":null}},{"type":"Feature","geometry":{"type":"Point","coordinates":[-6.299974,36.53196]},"properties":{"id":"VUT/CA/12750","type":"VUT","group":"Completa","address":"CALLE SAGASTA Nº 42 Plta/Piso 3 Pta/Letra B, piso 3, puerta B","postal_code":"11001","places":4,"units":2,"registered":"2021-09-14","catastro":"1865401QA4416F0011PW","holder":null,"holder_count":null}},{"type":"Feature","geometry":{"type":"Point","coordinates":[-6.304885,36.529279]},"properties":{"id":"VUT/CA/12751","type":"VUT","group":"Completa","address":"CALLE PERICON DE CADIZ Nº 37 Plta/Piso 4 Pta/Letra D Compl.Dom. 3º GRUPO ANGEL, piso 4, puerta D","postal_code":"11002","places":6,"units":3,"registered":"2021-09-14","catastro":"1462801QA4416A0029SK","holder":null,"holder_count":null}},{"type":"Feature","geometry":{"type":"Point","coordinates":[-6.2947,36.534855]},"properties":{"id":"VUT/CA/12760","type":"VUT","group":"Completa","address":"CALLE MANUEL RANCÉS Nº 13 Plta/Piso 1, piso 1","postal_code":"11004","places":4,"units":2,"registered":"2021-09-16","catastro":"2368204QA4426G0002XO","holder":null,"holder_count":null}},{"type":"Feature","geometry":{"type":"Point","coordinates":[-6.285379,36.517123]},"properties":{"id":"VUT/CA/12762","type":"VUT","group":"Completa","address":"PLAZA Escritor Ramon Solis Nº 8 Plta/Piso 5 Pta/Letra D, piso 5, puerta D","postal_code":"11008","places":5,"units":2,"registered":"2021-09-16","catastro":"3149305QA4434G0009YO","holder":null,"holder_count":null}},{"type":"Feature","geometry":{"type":"Point","coordinates":[-6.296416,36.535781]},"properties":{"id":"VUT/CA/12763","type":"VUT","group":"Completa","address":"CALLE GENERAL MENACHO Nº 4 Plta/Piso 2 Pta/Letra DECH, piso 2, puerta DECH","postal_code":"11004","places":4,"units":3,"registered":"2021-09-17","catastro":"2170610QA4427A0008DQ","holder":null,"holder_count":null}},{"type":"Feature","geometry":{"type":"Point","coordinates":[-6.296416,36.535781]},"properties":{"id":"VUT/CA/12764","type":"VUT","group":"Completa","address":"CALLE GENERAL MENACHO Nº 4 Esc. 1 Plta/Piso 02 Pta/Letra IZ, piso 02, puerta IZ","postal_code":"11004","places":4,"units":3,"registered":"2021-09-17","catastro":"2170610QA4427A0009FW","holder":null,"holder_count":null}},{"type":"Feature","geometry":{"type":"Point","coordinates":[-6.299604,36.536416]},"properties":{"id":"VUT/CA/12769","type":"VUT","group":"Completa","address":"CALLE Adolfo de Castro Nº 16 Plta/Piso 1º Pta/Letra b, piso 1º, puerta b","postal_code":"11003","places":4,"units":2,"registered":"2021-09-19","catastro":"1870609QA4417B0009OU","holder":null,"holder_count":null}},{"type":"Feature","geometry":{"type":"Point","coordinates":[-6.277182,36.50431]},"properties":{"id":"VUT/CA/12771","type":"VUT","group":"Completa","address":"CALLE VIRGEN DE LAS ANGUSTIAS Nº 8 Plta/Piso 2 Pta/Letra B, piso 2, puerta B","postal_code":"11010","places":4,"units":1,"registered":"2021-09-20","catastro":"4035905QA4443E0024TP","holder":null,"holder_count":null}},{"type":"Feature","geometry":{"type":"Point","coordinates":[-6.275409,36.501726]},"properties":{"id":"VUT/CA/12772","type":"VUT","group":"Completa","address":"PASEO MARITIMO Nº 15 Plta/Piso 5 Pta/Letra IZD, piso 5, puerta IZD","postal_code":"11010","places":3,"units":1,"registered":"2021-09-20","catastro":"4133506QA4443C0022QD","holder":"RESALEX DE OLES, S.L.","holder_count":1}},{"type":"Feature","geometry":{"type":"Point","coordinates":[-6.294715,36.534792]},"properties":{"id":"VUT/CA/12773","type":"VUT","group":"Completa","address":"CALLE MANUEL RANCES Nº 11 Plta/Piso 1 Pta/Letra DERECHA, piso 1, puerta DERECHA","postal_code":"11004","places":4,"units":2,"registered":"2021-09-20","catastro":"2368203QA4426G0003FP","holder":null,"holder_count":null}},{"type":"Feature","geometry":{"type":"Point","coordinates":[-6.303989,36.528096]},"properties":{"id":"VUT/CA/12774","type":"VUT","group":"Completa","address":"AVENIDA CAMPO DEL SUR Nº 34 Esc. BAJO Plta/Piso DER, piso DER","postal_code":"11002","places":12,"units":4,"registered":"2021-09-20","catastro":"1461506QA4416A0026FG","holder":"EXPLOTACIONES AGRARIAS UTRERA-MARTIA SL","holder_count":1}},{"type":"Feature","geometry":{"type":"Point","coordinates":[-6.304109,36.533887]},"properties":{"id":"VUT/CA/12775","type":"VUT","group":"Completa","address":"CALLE Benito Pérez Galdós Nº 84 Blq. A Plta/Piso 1ª Pta/Letra A4, piso 1ª, puerta A4","postal_code":"11002","places":5,"units":4,"registered":"2021-09-20","catastro":"1467506QA4416G0218XQ","holder":null,"holder_count":null}},{"type":"Feature","geometry":{"type":"Point","coordinates":[-6.302324,36.528825]},"properties":{"id":"VUT/CA/12777","type":"VUT","group":"Completa","address":"CALLE PROFESOR ALCINA QUESADA Nº 14 Plta/Piso 3 Pta/Letra DH, piso 3, puerta DH","postal_code":"11002","places":5,"units":3,"registered":"2021-09-20","catastro":"1661301QA4416B0025DM","holder":null,"holder_count":null}},{"type":"Feature","geometry":{"type":"Point","coordinates":[-6.30379,36.531703]},"properties":{"id":"VUT/CA/12778","type":"VUT","group":"Completa","address":"CALLE SAN RAFAEL Nº 30 Plta/Piso 1, piso 1","postal_code":"11002","places":6,"units":2,"registered":"2021-09-20","catastro":"1565902QA4416F0002AL","holder":null,"holder_count":null}},{"type":"Feature","geometry":{"type":"Point","coordinates":[-6.29797,36.535667]},"properties":{"id":"VUT/CA/12779","type":"VUT","group":"Completa","address":"CALLE Buenos Aires Nº 12 Plta/Piso 3º Pta/Letra D, piso 3º, puerta D","postal_code":"11003","places":6,"units":2,"registered":"2021-09-20","catastro":"2069110QA4426G0008AG","holder":null,"holder_count":null}},{"type":"Feature","geometry":{"type":"Point","coordinates":[-6.298802,36.533788]},"properties":{"id":"VUT/CA/12780","type":"VUT","group":"Completa","address":"CALLE CERVANTES Nº 25 Plta/Piso BJ Pta/Letra IZQ, piso BJ, puerta IZQ","postal_code":"11003","places":6,"units":2,"registered":"2021-09-21","catastro":"1967423QA4416H0010JL","holder":null,"holder_count":null}},{"type":"Feature","geometry":{"type":"Point","coordinates":[-6.30464,36.52828]},"properties":{"id":"VUT/CA/12785","type":"VUT","group":"Completa","address":"AVENIDA CAMPO DEL SUR Nº 40 Plta/Piso 8 Pta/Letra D, piso 8, puerta D","postal_code":"11002","places":12,"units":3,"registered":"2021-09-22","catastro":"1461601QA4416A0036EX","holder":null,"holder_count":null}},{"type":"Feature","geometry":{"type":"Point","coordinates":[-6.297918,36.534012]},"properties":{"id":"VUT/CA/12786","type":"VUT","group":"Completa","address":"CALLE Ancha Nº 12 Plta/Piso 3º Pta/Letra IZQ, piso 3º, puerta IZQ","postal_code":"11001","places":5,"units":5,"registered":"2021-09-22","catastro":"2068619QA4426G0007FF","holder":null,"holder_count":null}},{"type":"Feature","geometry":{"type":"Point","coordinates":[-6.285986,36.52109]},"properties":{"id":"VUT/CA/12788","type":"VUT","group":"Completa","address":"CALLE GRANJA SAN IDELFONSO Nº 4 Plta/Piso 9 Pta/Letra B, piso 9, puerta B","postal_code":"11008","places":5,"units":3,"registered":"2021-09-22","catastro":"3153501QA4435C0050OH","holder":null,"holder_count":null}},{"type":"Feature","geometry":{"type":"Point","coordinates":[-6.299938,36.533182]},"properties":{"id":"VUT/CA/12790","type":"VUT","group":"Completa","address":"CALLE SANTA INES Nº 7 Plta/Piso 3, piso 3","postal_code":"11003","places":2,"units":1,"registered":"2021-09-23","catastro":"1866109QA4416F0004WZ","holder":null,"holder_count":null}},{"type":"Feature","geometry":{"type":"Point","coordinates":[-6.272952,36.499012]},"properties":{"id":"VUT/CA/12792","type":"VUT","group":"Completa","address":"PASEO PASEO MARÍTIMO Nº 26 Blq. 13 Plta/Piso 4º Pta/Letra B Compl.Dom. CONJUNTO RESIDENCIAL LOS DELFINES (DELFÍN 13), piso 4º, puerta B","postal_code":"11011","places":5,"units":2,"registered":"2021-09-23","catastro":"4329901QA4442G1039OZ","holder":"DUNA BEDUINA SERVICIOS TURISTÍCOS, S.L.","holder_count":77}},{"type":"Feature","geometry":{"type":"Point","coordinates":[-6.298576,36.535408]},"properties":{"id":"VUT/CA/12794","type":"VUT","group":"Completa","address":"CALLE ENRIQUE DE LAS MARINAS Nº 5-7 Plta/Piso BAJA Pta/Letra B, piso BAJA, puerta B","postal_code":"11003","places":4,"units":3,"registered":"2021-09-23","catastro":"1969315QA4416H0033KD","holder":null,"holder_count":null}},{"type":"Feature","geometry":{"type":"Point","coordinates":[-6.295485,36.535612]},"properties":{"id":"VUT/CA/12795","type":"VUT","group":"Completa","address":"CALLE Ahumada Nº 5 Plta/Piso Bajo Pta/Letra A, piso Bajo, puerta A","postal_code":"11004","places":6,"units":2,"registered":"2021-09-23","catastro":"2269303QA4426G0010SF","holder":null,"holder_count":null}},{"type":"Feature","geometry":{"type":"Point","coordinates":[-6.300544,36.528977]},"properties":{"id":"VUT/CA/12798","type":"VUT","group":"Completa","address":"CALLE SARGENTO DAPONTE Nº 4 Plta/Piso 2 Pta/Letra B, piso 2, puerta B","postal_code":"11002","places":4,"units":1,"registered":"2021-09-23","catastro":"1862705QA4416B0008BS","holder":null,"holder_count":null}},{"type":"Feature","geometry":{"type":"Point","coordinates":[-6.29797,36.535667]},"properties":{"id":"VUT/CA/12800","type":"VUT","group":"Completa","address":"CALLE Buenos Aires Nº 12 Plta/Piso 3 Pta/Letra izquierda, piso 3, puerta izquierda","postal_code":"11003","places":6,"units":2,"registered":"2021-09-23","catastro":"2069110QA4426G0007PF","holder":"HISPALARIA INVERSIONES SLU","holder_count":2}},{"type":"Feature","geometry":{"type":"Point","coordinates":[-6.299924,36.53448]},"properties":{"id":"VUT/CA/12807","type":"VUT","group":"Completa","address":"CALLE ZAARGOZA Nº 5 Plta/Piso BAJO, piso BAJO","postal_code":"11003","places":4,"units":2,"registered":"2021-09-28","catastro":"1868714QA4416H0002YF","holder":"PAMASA 2000 S.L.","holder_count":1}},{"type":"Feature","geometry":{"type":"Point","coordinates":[-6.296237,36.530119]},"properties":{"id":"VUT/CA/12812","type":"VUT","group":"Completa","address":"CALLE Obispo Urquinaona Nº 8 Plta/Piso 1 Pta/Letra B, piso 1, puerta B","postal_code":"11005","places":4,"units":2,"registered":"2021-09-29","catastro":"2263801QA4426C0004RZ","holder":null,"holder_count":null}},{"type":"Feature","geometry":{"type":"Point","coordinates":[-6.301373,36.533774]},"properties":{"id":"VUT/CA/12815","type":"VUT","group":"Completa","address":"CALLE Virgili Nº 7 Calif.Nº Duplicado Plta/Piso 1 Pta/Letra D, piso 1, puerta D","postal_code":"11003","places":6,"units":3,"registered":"2021-09-29","catastro":"1767907QA4416F0004YZ","holder":null,"holder_count":null}},{"type":"Feature","geometry":{"type":"Point","coordinates":[-6.27901,36.506917]},"properties":{"id":"VUT/CA/12822","type":"VUT","group":"Completa","address":"PASEO MARITIMO Nº 2 Plta/Piso ATICO Pta/Letra A, piso ATICO, puerta A","postal_code":"11010","places":6,"units":3,"registered":"2021-10-01","catastro":"3838503QA4433H0151XI","holder":"DUNA BEDUINA SERVICIOS TURISTÍCOS, S.L.","holder_count":77}},{"type":"Feature","geometry":{"type":"Point","coordinates":[-6.279444,36.517536]},"properties":{"id":"VUT/CA/12823","type":"VUT","group":"Completa","address":"CALLE FRANCISCO GARCÍA DE SOLA Nº 25 Plta/Piso 2 Pta/Letra IZQDA., piso 2, puerta IZQDA.","postal_code":"11008","places":6,"units":3,"registered":"2021-10-01","catastro":"3750701QA4435B0006JQ","holder":null,"holder_count":null}},{"type":"Feature","geometry":{"type":"Point","coordinates":[-6.274845,36.505727]},"properties":{"id":"VUT/CA/12825","type":"VUT","group":"Completa","address":"CALLE GOYA Nº 13 Plta/Piso 3 Pta/Letra C, piso 3, puerta C","postal_code":"11010","places":6,"units":3,"registered":"2021-10-01","catastro":"4237701QA4443E0011FM","holder":null,"holder_count":null}},{"type":"Feature","geometry":{"type":"Point","coordinates":[-6.301253,36.530836]},"properties":{"id":"VUT/CA/12828","type":"VUT","group":"Completa","address":"CALLE ROSA Nº 11 Plta/Piso 1º Pta/Letra IZQUIERDA, piso 1º, puerta IZQUIERDA","postal_code":"11002","places":6,"units":3,"registered":"2021-10-04","catastro":"1764919QA4416D0003WW","holder":null,"holder_count":null}},{"type":"Feature","geometry":{"type":"Point","coordinates":[-6.293782,36.53034]},"properties":{"id":"VUT/CA/12829","type":"VUT","group":"Completa","address":"CALLE MARQUÉS DE CÁDIZ Nº 8 Plta/Piso 3 Pta/Letra DCH, piso 3, puerta DCH","postal_code":"11005","places":4,"units":2,"registered":"2021-10-04","catastro":"2363307QA4426C0009SE","holder":null,"holder_count":null}},{"type":"Feature","geometry":{"type":"Point","coordinates":[-6.292919,36.536801]},"properties":{"id":"VUT/CA/12836","type":"VUT","group":"Completa","address":"CALLE HONDURAS Nº 5 Plta/Piso 3 Pta/Letra A, piso 3, puerta A","postal_code":"11004","places":6,"units":3,"registered":"2021-10-05","catastro":"2470307QA4427A0007XM","holder":"ANTIGUO CAFE MUNDIAL S.L","holder_count":1}},{"type":"Feature","geometry":{"type":"Point","coordinates":[-6.280675,36.512424]},"properties":{"id":"VUT/CA/12838","type":"VUT","group":"Completa","address":"CALLE Marques de Cropani Nº 1 Plta/Piso 4 Pta/Letra B, piso 4, puerta B","postal_code":"11008","places":4,"units":3,"registered":"2021-10-05","catastro":"3644707QA4434D0039LE","holder":null,"holder_count":null}},{"type":"Feature","geometry":{"type":"Point","coordinates":[-6.276622,36.505285]},"properties":{"id":"VUT/CA/12840","type":"VUT","group":"Completa","address":"GLORIETA INGENIERO LA CIERVA Nº 1 Plta/Piso 3 Pta/Letra D Compl.Dom. EDIFICIO CANDIDA QUEVEDO, piso 3, puerta D","postal_code":"11010","places":2,"units":1,"registered":"2021-10-06","catastro":"4036704QA4443E0014OE","holder":null,"holder_count":null}},{"type":"Feature","geometry":{"type":"Point","coordinates":[-6.30232,36.535553]},"properties":{"id":"VUT/CA/12841","type":"VUT","group":"Completa","address":"CALLE San Dimas Nº 3 Portal 2a Plta/Piso 2 Pta/Letra c, piso 2, puerta c","postal_code":"11003","places":4,"units":2,"registered":"2021-10-06","catastro":"1669301QA4416H0010KL","holder":null,"holder_count":null}},{"type":"Feature","geometry":{"type":"Point","coordinates":[-6.294126,36.529697]},"properties":{"id":"VUT/CA/12855","type":"VUT","group":"Completa","address":"CALLE pelota Nº 8 Plta/Piso 3 Pta/Letra B, piso 3, puerta B","postal_code":"11005","places":4,"units":2,"registered":"2021-10-11","catastro":"2363414QA4426C0007RQ","holder":"DUNA BEDUINA SERVICIOS TURISTÍCOS, S.L.","holder_count":77}},{"type":"Feature","geometry":{"type":"Point","coordinates":[-6.299512,36.530285]},"properties":{"id":"VUT/CA/12859","type":"VUT","group":"Completa","address":"CALLE Cardoso Nº 9 Plta/Piso 2 Pta/Letra IZQ, piso 2, puerta IZQ","postal_code":"11002","places":7,"units":3,"registered":"2021-10-14","catastro":"1864933QA4416D0008WU","holder":null,"holder_count":null}},{"type":"Feature","geometry":{"type":"Point","coordinates":[-6.300648,36.533431]},"properties":{"id":"VUT/CA/12865","type":"VUT","group":"Completa","address":"CALLE Virgili Nº 1 Plta/Piso bajo Pta/Letra dcha, piso bajo, puerta dcha","postal_code":"11003","places":6,"units":3,"registered":"2021-10-15","catastro":"1767512QA4416H0002YF","holder":null,"holder_count":null}},{"type":"Feature","geometry":{"type":"Point","coordinates":[-6.29739,36.52975]},"properties":{"id":"VUT/CA/12869","type":"VUT","group":"Completa","address":"CALLE ARBOLÍ Nº 24-26 Plta/Piso 1 Pta/Letra A, piso 1, puerta A","postal_code":"11005","places":4,"units":2,"registered":"2021-10-16","catastro":"2163904QA4426C0004BZ","holder":null,"holder_count":null}},{"type":"Feature","geometry":{"type":"Point","coordinates":[-6.304396,36.529506]},"properties":{"id":"VUT/CA/12873","type":"VUT","group":"Completa","address":"CALLE Paraguay Nº 3 Plta/Piso Bajo Pta/Letra B, piso Bajo, puerta B","postal_code":"11002","places":3,"units":2,"registered":"2021-10-17","catastro":"1462902QA4416A0011PE","holder":null,"holder_count":null}},{"type":"Feature","geometry":{"type":"Point","coordinates":[-6.293764,36.536073]},"properties":{"id":"VUT/CA/12878","type":"VUT","group":"Completa","address":"PLAZA ARGÜELLES Nº 7 Plta/Piso 2 Pta/Letra F, piso 2, puerta F","postal_code":"11004","places":2,"units":1,"registered":"2021-10-18","catastro":"2470704QA4427A0010AM","holder":null,"holder_count":null}},{"type":"Feature","geometry":{"type":"Point","coordinates":[-6.295485,36.535612]},"properties":{"id":"VUT/CA/12881","type":"VUT","group":"Completa","address":"CALLE AHUMADA Nº 5 Plta/Piso BJ Pta/Letra B, piso BJ, puerta B","postal_code":"11004","places":2,"units":1,"registered":"2021-10-18","catastro":"2269303QA4426G0011DG","holder":null,"holder_count":null}},{"type":"Feature","geometry":{"type":"Point","coordinates":[-6.299724,36.535683]},"properties":{"id":"VUT/CA/12883","type":"VUT","group":"Completa","address":"CALLE VEA MURGUIA Nº 11 Plta/Piso 1 Pta/Letra IZQ, piso 1, puerta IZQ","postal_code":"11003","places":3,"units":1,"registered":"2021-10-19","catastro":"1869402QA4416H0004SH","holder":null,"holder_count":null}},{"type":"Feature","geometry":{"type":"Point","coordinates":[-6.274874,36.502439]},"properties":{"id":"VUT/CA/12885","type":"VUT","group":"Completa","address":"CALLE GARCÍA AGUYÓ Nº 1 Plta/Piso 10 Pta/Letra G, piso 10, puerta G","postal_code":"11010","places":6,"units":2,"registered":"2021-10-19","catastro":"4133501QA4443C0228FW","holder":null,"holder_count":null}},{"type":"Feature","geometry":{"type":"Point","coordinates":[-6.295485,36.535612]},"properties":{"id":"VUT/CA/12890","type":"VUT","group":"Completa","address":"CALLE AHUMADA Nª5  1ºA Portal 5 Plta/Piso 1 Pta/Letra A, piso 1, puerta A","postal_code":"11004","places":6,"units":2,"registered":"2021-10-20","catastro":"2269303QA4426G0012FH","holder":null,"holder_count":null}},{"type":"Feature","geometry":{"type":"Point","coordinates":[-6.276887,36.508623]},"properties":{"id":"VUT/CA/12893","type":"VUT","group":"Completa","address":"CALLE EJERCITO DE AFRICA Nº 15 Plta/Piso 3 Pta/Letra B, piso 3, puerta B","postal_code":"11009","places":4,"units":2,"registered":"2021-10-21","catastro":"4040901qa4444a0008gr","holder":null,"holder_count":null}},{"type":"Feature","geometry":{"type":"Point","coordinates":[-6.289554,36.526615]},"properties":{"id":"VUT/CA/12894","type":"VUT","group":"Completa","address":"PLAZA santa elena Nº 5 Plta/Piso 1, piso 1","postal_code":"11009","places":6,"units":3,"registered":"2021-10-21","catastro":"2760511QA4426B0003XA","holder":null,"holder_count":null}},{"type":"Feature","geometry":{"type":"Point","coordinates":[-6.303185,36.533173]},"properties":{"id":"VUT/CA/12898","type":"VUT","group":"Completa","address":"CALLE SOLANO Nº 27 Plta/Piso BAJO Pta/Letra A, piso BAJO, puerta A","postal_code":"11002","places":4,"units":2,"registered":"2021-10-22","catastro":"1567507QA4416H0005UJ","holder":null,"holder_count":null}},{"type":"Feature","geometry":{"type":"Point","coordinates":[-6.301928,36.530656]},"properties":{"id":"VUT/CA/12900","type":"VUT","group":"Completa","address":"CALLE REPUBLICA DOMINICANA Nº 11-13 Plta/Piso ATICO Pta/Letra 2, piso ATICO, puerta 2","postal_code":"11002","places":2,"units":1,"registered":"2021-10-23","catastro":"1664515QA4416D0015DA","holder":null,"holder_count":null}},{"type":"Feature","geometry":{"type":"Point","coordinates":[-6.294702,36.530474]},"properties":{"id":"VUT/CA/12907","type":"VUT","group":"Completa","address":"CALLE BARROCAL Nº 17 Plta/Piso BJ Pta/Letra A, piso BJ, puerta A","postal_code":"11005","places":4,"units":1,"registered":"2021-10-25","catastro":"2363809QA4426C1001JH","holder":"ALQUILER VACACIONAL TURISMO E INNOVACIÓN SOCIAL SCA","holder_count":81}},{"type":"Feature","geometry":{"type":"Point","coordinates":[-6.27624,36.511225]},"properties":{"id":"VUT/CA/12908","type":"VUT","group":"Completa","address":"CALLE san gabriel Nº 3 Plta/Piso 3 Pta/Letra c, piso 3, puerta c","postal_code":"11009","places":5,"units":3,"registered":"2021-10-25","catastro":"4043501QA4444C0011FX","holder":null,"holder_count":null}},{"type":"Feature","geometry":{"type":"Point","coordinates":[-6.296775,36.531177]},"properties":{"id":"VUT/CA/12911","type":"VUT","group":"Completa","address":"CALLE Doctor   Dacarrete Nº 3 Plta/Piso azotea Compl.Dom. Piso ático en planta de azotea, piso azotea","postal_code":"11001","places":4,"units":1,"registered":"2021-10-26","catastro":"2164402QA4426C0006SM","holder":null,"holder_count":null}},{"type":"Feature","geometry":{"type":"Point","coordinates":[-6.297537,36.53241]},"properties":{"id":"VUT/CA/12917","type":"VUT","group":"Completa","address":"CALLE San Miguel Nº 9 Plta/Piso BAJO Pta/Letra IZQUIERDA, piso BAJO, puerta IZQUIERDA","postal_code":"11001","places":6,"units":3,"registered":"2021-10-27","catastro":"2066605QA4426E0002GF","holder":"GADES GESTIÓN TURÍSTICA SL","holder_count":12}},{"type":"Feature","geometry":{"type":"Point","coordinates":[-6.30396,36.532499]},"properties":{"id":"VUT/CA/12920","type":"VUT","group":"Completa","address":"CALLE Barquilla de Lope Nº 3 Plta/Piso Bajo Pta/Letra B, piso Bajo, puerta B","postal_code":"11002","places":4,"units":2,"registered":"2021-10-27","catastro":"1465307QA4416E0002JP","holder":null,"holder_count":null}},{"type":"Feature","geometry":{"type":"Point","coordinates":[-6.293565,36.536537]},"properties":{"id":"VUT/CA/12929","type":"VUT","group":"Completa","address":"CALLE Costa Rica Nº 2 Plta/Piso 4º Pta/Letra D, piso 4º, puerta D","postal_code":"11004","places":4,"units":2,"registered":"2021-11-02","catastro":"2370303QA4427A0020QU","holder":null,"holder_count":null}},{"type":"Feature","geometry":{"type":"Point","coordinates":[-6.297244,36.531551]},"properties":{"id":"VUT/CA/12943","type":"VUT","group":"Completa","address":"CALLE BARRIE Nº 36 Plta/Piso BAJO Pta/Letra A, piso BAJO, puerta A","postal_code":"11001","places":3,"units":2,"registered":"2021-11-03","catastro":"2165701QA4426E0001GD","holder":"PETRINDIANO SL","holder_count":2}},{"type":"Feature","geometry":{"type":"Point","coordinates":[-6.301208,36.531717]},"properties":{"id":"VUT/CA/12944","type":"VUT","group":"Completa","address":"CALLE SAN JOSE Nº 65 Calif.Nº D Plta/Piso 3 Pta/Letra D, piso 3, puerta D","postal_code":"11003","places":5,"units":2,"registered":"2021-11-03","catastro":"1765910QA4416F0008MW","holder":"HACEDORES INVERSIONES S.L.","holder_count":1}},{"type":"Feature","geometry":{"type":"Point","coordinates":[-6.270368,36.500904]},"properties":{"id":"VUT/CA/12956","type":"VUT","group":"Completa","address":"GLORIETA ZONA FRANCA Nº 3 Plta/Piso 5 Pta/Letra C Compl.Dom. GLORIETA ZONA FRANCA 3, piso 5, puerta C","postal_code":"11011","places":5,"units":2,"registered":"2021-11-05","catastro":"4532416QA4443C0003PM","holder":"LUNA INVESTMENT GROUP, S.L.","holder_count":1}},{"type":"Feature","geometry":{"type":"Point","coordinates":[-6.303221,36.531885]},"properties":{"id":"VUT/CA/12964","type":"VUT","group":"Completa","address":"CALLE DIEGO ARIAS Nº 9-15 Esc. IZQ Plta/Piso 4 Pta/Letra D, piso 4, puerta D","postal_code":"11002","places":6,"units":3,"registered":"2021-11-08","catastro":"1565915QA4416F0066OL","holder":null,"holder_count":null}},{"type":"Feature","geometry":{"type":"Point","coordinates":[-6.304934,36.533548]},"properties":{"id":"VUT/CA/12967","type":"VUT","group":"Completa","address":"CALLE Jose Paredes Monge Nº 2 Plta/Piso 3 Pta/Letra d, piso 3, puerta d","postal_code":"11002","places":4,"units":3,"registered":"2021-11-09","catastro":"1467503QA4416G0101QU","holder":null,"holder_count":null}},{"type":"Feature","geometry":{"type":"Point","coordinates":[-6.301013,36.534989]},"properties":{"id":"VUT/CA/12975","type":"VUT","group":"Completa","address":"CALLE NAVAS Nº 11 Plta/Piso 1, piso 1","postal_code":"11003","places":2,"units":1,"registered":"2021-11-10","catastro":"1768315QA4416H0010SL","holder":"GADIRSON S.L.","holder_count":1}},{"type":"Feature","geometry":{"type":"Point","coordinates":[-6.294829,36.532672]},"properties":{"id":"VUT/CA/12977","type":"VUT","group":"Completa","address":"CALLE ROSARIO Nº 18 Plta/Piso Bajo, piso Bajo","postal_code":"11004","places":4,"units":2,"registered":"2021-11-11","catastro":"2366109QA4426E1001RA","holder":null,"holder_count":null}},{"type":"Feature","geometry":{"type":"Point","coordinates":[-6.295099,36.530068]},"properties":{"id":"VUT/CA/12981","type":"VUT","group":"Completa","address":"CALLE BARROCAL Nº 9 Plta/Piso 2 Pta/Letra c, piso 2, puerta c","postal_code":"11005","places":4,"units":1,"registered":"2021-11-11","catastro":"2363806QA4426C0001GK","holder":null,"holder_count":null}},{"type":"Feature","geometry":{"type":"Point","coordinates":[-6.284716,36.515855]},"properties":{"id":"VUT/CA/12992","type":"VUT","group":"Completa","address":"AVENIDA AMILCAR BARCA Nº 15 Plta/Piso 4 Pta/Letra E, piso 4, puerta E","postal_code":"11008","places":6,"units":2,"registered":"2021-11-16","catastro":"3248406QA4434G0020AF","holder":"ALQUILER VACACIONAL TURISMO E INNOVACIÓN SOCIAL SCA","holder_count":81}},{"type":"Feature","geometry":{"type":"Point","coordinates":[-6.294019,36.529435]},"properties":{"id":"VUT/CA/13005","type":"VUT","group":"Completa","address":"CALLE FABIO RUFINO Nº 7 Plta/Piso 1º Pta/Letra B, piso 1º, puerta B","postal_code":"11005","places":4,"units":2,"registered":"2021-11-18","catastro":"2362315QA4426C0004QZ","holder":"GADES 2012 DESARROLLOS INMOBILIARIOS,S.L.","holder_count":6}},{"type":"Feature","geometry":{"type":"Point","coordinates":[-6.298707,36.529097]},"properties":{"id":"VUT/CA/13012","type":"VUT","group":"Completa","address":"CALLE GARAICOECHEA Nº 19 Plta/Piso 1 Pta/Letra D, piso 1, puerta D","postal_code":"11005","places":4,"units":1,"registered":"2021-11-19","catastro":"1962337QA4416D0010KY","holder":null,"holder_count":null}},{"type":"Feature","geometry":{"type":"Point","coordinates":[-6.296505,36.532752]},"properties":{"id":"VUT/CA/13018","type":"VUT","group":"Completa","address":"CALLE José del Toro Nº 8 Plta/Piso 4 Pta/Letra derecha, piso 4, puerta derecha","postal_code":"11004","places":4,"units":3,"registered":"2021-11-22","catastro":"2266813QA4426E0011SB","holder":null,"holder_count":null}},{"type":"Feature","geometry":{"type":"Point","coordinates":[-6.297438,36.534425]},"properties":{"id":"VUT/CA/13020","type":"VUT","group":"Completa","address":"CALLE SAN PEDRO Nº 3 Plta/Piso BAJO Pta/Letra INTERIOR, piso BAJO, puerta INTERIOR","postal_code":"11004","places":4,"units":3,"registered":"2021-11-22","catastro":"2068502QA4426G0002JO","holder":null,"holder_count":null}},{"type":"Feature","geometry":{"type":"Point","coordinates":[-6.297908,36.533711]},"properties":{"id":"VUT/CA/13021","type":"VUT","group":"Completa","address":"CALLE ANCHA Nº 19 Plta/Piso 1 Pta/Letra C, piso 1, puerta C","postal_code":"11001","places":5,"units":3,"registered":"2021-11-22","catastro":"1967411QA4416H0002MF","holder":"DUNA BEDUINA SERVICIOS TURISTÍCOS, S.L.","holder_count":77}},{"type":"Feature","geometry":{"type":"Point","coordinates":[-6.294019,36.529435]},"properties":{"id":"VUT/CA/13023","type":"VUT","group":"Completa","address":"CALLE Fabio Rufino Nº 7 Plta/Piso 3 Pta/Letra A, piso 3, puerta A","postal_code":"11005","places":2,"units":1,"registered":"2021-11-22","catastro":"2362315qa4426c0007rq","holder":"LITTLE APARTMENTS S.L.","holder_count":20}},{"type":"Feature","geometry":{"type":"Point","coordinates":[-6.297158,36.53592]},"properties":{"id":"VUT/CA/13027","type":"VUT","group":"Completa","address":"CALLE CALLDERON DE LA BARCA Nº 3","postal_code":"11003","places":12,"units":4,"registered":"2021-11-23","catastro":"2170713QA4427A0001FJ","holder":"CONTRATACIONES HOSTELERAS SLU","holder_count":1}},{"type":"Feature","geometry":{"type":"Point","coordinates":[-6.306469,36.533446]},"properties":{"id":"VUT/CA/13028","type":"VUT","group":"Completa","address":"AVENIDA Duque de Najera Nº 7 Blq. E Plta/Piso 2 Pta/Letra C, piso 2, puerta C","postal_code":"11002","places":7,"units":4,"registered":"2021-11-23","catastro":"1267601QA4416E0088JE","holder":"DUNA BEDUINA SERVICIOS TURISTÍCOS, S.L.","holder_count":77}},{"type":"Feature","geometry":{"type":"Point","coordinates":[-6.299891,36.533788]},"properties":{"id":"VUT/CA/13033","type":"VUT","group":"Completa","address":"CALLE TORRE Nº 15 Plta/Piso 1 Pta/Letra B, piso 1, puerta B","postal_code":"11003","places":4,"units":2,"registered":"2021-11-24","catastro":"1867213QA4416F2007LB","holder":"DUNA BEDUINA SERVICIOS TURISTÍCOS, S.L.","holder_count":77}},{"type":"Feature","geometry":{"type":"Point","coordinates":[-6.298451,36.531522]},"properties":{"id":"VUT/CA/13034","type":"VUT","group":"Completa","address":"CALLE Jose de Dios Nº 5 Plta/Piso 2 Pta/Letra drch, piso 2, puerta drch","postal_code":"11001","places":4,"units":2,"registered":"2021-11-24","catastro":"1965510QA4416F0005AX","holder":null,"holder_count":null}},{"type":"Feature","geometry":{"type":"Point","coordinates":[-6.300001,36.53697]},"properties":{"id":"VUT/CA/13035","type":"VUT","group":"Completa","address":"CALLE CARMEN Nº 12 Plta/Piso ATICO, piso ATICO","postal_code":"11003","places":4,"units":2,"registered":"2021-11-25","catastro":"1871705QA4417B0001BX","holder":"MIRANDA PROMOCION Y DESARROLLO S.L.","holder_count":2}},{"type":"Feature","geometry":{"type":"Point","coordinates":[-6.271626,36.503476]},"properties":{"id":"VUT/CA/13039","type":"VUT","group":"Completa","address":"CALLE JUAN SEBASTIAN EL CANO Nº 2 Plta/Piso BAJO Pta/Letra A, piso BAJO, puerta A","postal_code":"11011","places":6,"units":2,"registered":"2021-11-25","catastro":"4434402QA4443C0013TU","holder":"AC GESTION CADIZ S.L.","holder_count":39}},{"type":"Feature","geometry":{"type":"Point","coordinates":[-6.290554,36.5288]},"properties":{"id":"VUT/CA/13040","type":"VUT","group":"Completa","address":"CALLE SOPRANIS Nº 28 Plta/Piso 1 Pta/Letra B, piso 1, puerta B","postal_code":"11006","places":6,"units":2,"registered":"2021-11-25","catastro":"2662311QA4426D0007DP","holder":null,"holder_count":null}},{"type":"Feature","geometry":{"type":"Point","coordinates":[-6.274859,36.504798]},"properties":{"id":"VUT/CA/13041","type":"VUT","group":"Completa","address":"CALLE PINTOR GODOY Nº 1 Blq. 1 Plta/Piso 1 Pta/Letra C1, piso 1, puerta C1","postal_code":"11010","places":2,"units":1,"registered":"2021-11-25","catastro":"4236701QA4443E0063MF","holder":null,"holder_count":null}},{"type":"Feature","geometry":{"type":"Point","coordinates":[-6.296858,36.533714]},"properties":{"id":"VUT/CA/13042","type":"VUT","group":"Completa","address":"CALLE CÁNOVAS DEL CASTILLO Nº 28 Plta/Piso 3 Pta/Letra DCHA, piso 3, puerta DCHA","postal_code":"11001","places":8,"units":4,"registered":"2021-11-25","catastro":"2167214QA4426E0006IK","holder":null,"holder_count":null}},{"type":"Feature","geometry":{"type":"Point","coordinates":[-6.296249,36.533876]},"properties":{"id":"VUT/CA/13043","type":"VUT","group":"Completa","address":"CALLE valverde Nº 2 Plta/Piso 1, piso 1","postal_code":"11003","places":4,"units":1,"registered":"2021-11-26","catastro":"2267726QA4426E0001RD","holder":null,"holder_count":null}},{"type":"Feature","geometry":{"type":"Point","coordinates":[-6.296249,36.533876]},"properties":{"id":"VUT/CA/13044","type":"VUT","group":"Completa","address":"CALLE valverde Nº 2 Plta/Piso 2, piso 2","postal_code":"11003","places":6,"units":2,"registered":"2021-11-26","catastro":"2267726QA4426E0001RD","holder":null,"holder_count":null}},{"type":"Feature","geometry":{"type":"Point","coordinates":[-6.300001,36.53697]},"properties":{"id":"VUT/CA/13045","type":"VUT","group":"Completa","address":"CALLE CARMEN CORONADA Nº 12 Plta/Piso 2 Pta/Letra DCHA, piso 2, puerta DCHA","postal_code":"11003","places":6,"units":3,"registered":"2021-11-26","catastro":"1871705QA4417B0001BX","holder":null,"holder_count":null}},{"type":"Feature","geometry":{"type":"Point","coordinates":[-6.300001,36.53697]},"properties":{"id":"VUT/CA/13046","type":"VUT","group":"Completa","address":"CALLE CARMEN CORONADA Nº 12 Plta/Piso 2 Pta/Letra IZQ, piso 2, puerta IZQ","postal_code":"11003","places":6,"units":3,"registered":"2021-11-26","catastro":"1871705QA4417B0001BX","holder":null,"holder_count":null}},{"type":"Feature","geometry":{"type":"Point","coordinates":[-6.300001,36.53697]},"properties":{"id":"VUT/CA/13047","type":"VUT","group":"Completa","address":"CALLE CARMEN CORONADA Nº 12 Plta/Piso 1, piso 1","postal_code":"11003","places":6,"units":3,"registered":"2021-11-26","catastro":"1871705QA4417B0001BX","holder":"MIRANDA PROMOCION Y DESARROLLO S.L.","holder_count":2}},{"type":"Feature","geometry":{"type":"Point","coordinates":[-6.300001,36.53697]},"properties":{"id":"VUT/CA/13048","type":"VUT","group":"Completa","address":"CALLE CARMEN CORONADA Nº 12 Plta/Piso BAJO, piso BAJO","postal_code":"11003","places":6,"units":3,"registered":"2021-11-26","catastro":"1871705QA4417B0001BX","holder":"SOLVING CONSULTORES ASESORES, S.L.","holder_count":1}},{"type":"Feature","geometry":{"type":"Point","coordinates":[-6.297207,36.532619]},"properties":{"id":"VUT/CA/13050","type":"VUT","group":"Completa","address":"CALLE SAN MIGUEL Nº 4 Plta/Piso 2º Pta/Letra IZQDA, piso 2º, puerta IZQDA","postal_code":"11001","places":6,"units":2,"registered":"2021-11-26","catastro":"2166707QA4426E0006PK","holder":null,"holder_count":null}},{"type":"Feature","geometry":{"type":"Point","coordinates":[-6.297908,36.533711]},"properties":{"id":"VUT/CA/13052","type":"VUT","group":"Completa","address":"CALLE ANCHA Nº 19 Plta/Piso 1 Pta/Letra B, piso 1, puerta B","postal_code":"11001","places":6,"units":3,"registered":"2021-11-26","catastro":"1967411QA4416H0002MF","holder":"APARTMENTS TIME S.L.","holder_count":55}},{"type":"Feature","geometry":{"type":"Point","coordinates":[-6.294173,36.529203]},"properties":{"id":"VUT/CA/13054","type":"VUT","group":"Completa","address":"CALLE ARCO DE LA ROSA Nº 4 Plta/Piso 3 Pta/Letra VIV-F, piso 3, puerta VIV-F","postal_code":"11005","places":6,"units":3,"registered":"2021-11-26","catastro":"2362318QA4426C0001WK","holder":"ATRIOCADIZ 3 S.L.","holder_count":1}},{"type":"Feature","geometry":{"type":"Point","coordinates":[-6.294173,36.529203]},"properties":{"id":"VUT/CA/13056","type":"VUT","group":"Completa","address":"CALLE ARCO DE LA ROSA Nº 4 Plta/Piso 3 Pta/Letra VIV-G, piso 3, puerta VIV-G","postal_code":"11005","places":6,"units":3,"registered":"2021-11-26","catastro":"2362318QA4426C0001WK","holder":"ATRIOCADIZ 3, S.L.","holder_count":1}},{"type":"Feature","geometry":{"type":"Point","coordinates":[-6.277044,36.518568]},"properties":{"id":"VUT/CA/13058","type":"VUT","group":"Completa","address":"AVENIDA DEL PERU Nº 8 Plta/Piso 2 Pta/Letra F, piso 2, puerta F","postal_code":"11007","places":4,"units":2,"registered":"2021-11-26","catastro":"3950204QA4435B0019KA","holder":null,"holder_count":null}},{"type":"Feature","geometry":{"type":"Point","coordinates":[-6.29797,36.535667]},"properties":{"id":"VUT/CA/13059","type":"VUT","group":"Completa","address":"CALLE BUENOS AIRES Nº 12 Plta/Piso B Pta/Letra D, piso B, puerta D","postal_code":"11003","places":6,"units":2,"registered":"2021-11-26","catastro":"2069110QA4426G0002TO","holder":"HISPALARIA INVERSIONES SLU","holder_count":2}},{"type":"Feature","geometry":{"type":"Point","coordinates":[-6.292895,36.53016]},"properties":{"id":"VUT/CA/13060","type":"VUT","group":"Completa","address":"PLAZA SAN JUAN DE DIOS Nº 3 Plta/Piso 2 Pta/Letra B, piso 2, puerta B","postal_code":"11005","places":6,"units":2,"registered":"2021-11-26","catastro":"2463911QA4426C0005PX","holder":null,"holder_count":null}},{"type":"Feature","geometry":{"type":"Point","coordinates":[-6.294173,36.529203]},"properties":{"id":"VUT/CA/13062","type":"VUT","group":"Completa","address":"CALLE ARCO DE LA ROSA Nº 4 Plta/Piso 1 Pta/Letra C, piso 1, puerta C","postal_code":"11005","places":6,"units":3,"registered":"2021-11-27","catastro":"2362318QA4426C0001WK","holder":"ATRIO INNOVACION ECONÓMICA, S.L.","holder_count":2}},{"type":"Feature","geometry":{"type":"Point","coordinates":[-6.294173,36.529203]},"properties":{"id":"VUT/CA/13063","type":"VUT","group":"Completa","address":"CALLE ARCO DE LA ROSA Nº 4 Plta/Piso 1 Pta/Letra A, piso 1, puerta A","postal_code":"11005","places":6,"units":3,"registered":"2021-11-27","catastro":"2362318QA4426C0001WK","holder":"ATRIO INNOVACION ECONÓMICA, S.L.","holder_count":2}},{"type":"Feature","geometry":{"type":"Point","coordinates":[-6.294173,36.529203]},"properties":{"id":"VUT/CA/13064","type":"VUT","group":"Completa","address":"CALLE ARCO DE LA ROSA Nº 4 Plta/Piso 1 Pta/Letra B, piso 1, puerta B","postal_code":"11005","places":6,"units":3,"registered":"2021-11-27","catastro":"2362318QA4426C0001WK","holder":null,"holder_count":null}},{"type":"Feature","geometry":{"type":"Point","coordinates":[-6.294173,36.529203]},"properties":{"id":"VUT/CA/13065","type":"VUT","group":"Completa","address":"CALLE ARCO DE LA ROSA Nº 4 Plta/Piso 2 Pta/Letra E, piso 2, puerta E","postal_code":"11005","places":6,"units":3,"registered":"2021-11-27","catastro":"2362318QA4426C0001WK","holder":null,"holder_count":null}},{"type":"Feature","geometry":{"type":"Point","coordinates":[-6.278624,36.508474]},"properties":{"id":"VUT/CA/13067","type":"VUT","group":"Completa","address":"CALLE DOCTOR FLEMING Nº 1 Calif.Nº DUP Plta/Piso 4 Pta/Letra A, piso 4, puerta A","postal_code":"11009","places":6,"units":2,"registered":"2021-11-27","catastro":"3839110QA4433H0056EP","holder":null,"holder_count":null}},{"type":"Feature","geometry":{"type":"Point","coordinates":[-6.297718,36.531809]},"properties":{"id":"VUT/CA/13068","type":"VUT","group":"Completa","address":"CALLE SAN MIGUEL Nº 20 Plta/Piso 2, piso 2","postal_code":"11001","places":8,"units":4,"registered":"2021-11-28","catastro":"2065402qa4426e0001bd","holder":null,"holder_count":null}},{"type":"Feature","geometry":{"type":"Point","coordinates":[-6.297718,36.531809]},"properties":{"id":"VUT/CA/13069","type":"VUT","group":"Completa","address":"CALLE SAN MIGUEL Nº 20 Plta/Piso 1, piso 1","postal_code":"11001","places":8,"units":4,"registered":"2021-11-28","catastro":"2065402qa4426e0001bd","holder":null,"holder_count":null}},{"type":"Feature","geometry":{"type":"Point","coordinates":[-6.293474,36.530294]},"properties":{"id":"VUT/CA/13070","type":"VUT","group":"Completa","address":"CALLE Flamenco Nº 2 Plta/Piso 1 Pta/Letra B, piso 1, puerta B","postal_code":"11005","places":4,"units":1,"registered":"2021-11-29","catastro":"2464517QA4426C0004YZ","holder":null,"holder_count":null}},{"type":"Feature","geometry":{"type":"Point","coordinates":[-6.293474,36.530294]},"properties":{"id":"VUT/CA/13071","type":"VUT","group":"Completa","address":"CALLE Flamenco Nº 2 Plta/Piso 0 Pta/Letra A, piso 0, puerta A","postal_code":"11005","places":4,"units":1,"registered":"2021-11-29","catastro":"2464517QA4426C1001QH","holder":null,"holder_count":null}},{"type":"Feature","geometry":{"type":"Point","coordinates":[-6.298792,36.532483]},"properties":{"id":"VUT/CA/13075","type":"VUT","group":"Completa","address":"CALLE ROSARIO CEPEDA Nº 9 Plta/Piso 3 Pta/Letra A, piso 3, puerta A","postal_code":"11001","places":4,"units":1,"registered":"2021-11-29","catastro":"1966612QA4416F0005GX","holder":"Brickstarter 004, SL","holder_count":1}},{"type":"Feature","geometry":{"type":"Point","coordinates":[-6.29797,36.535667]},"properties":{"id":"VUT/CA/13076","type":"VUT","group":"Completa","address":"CALLE BUENOS AIRES Nº 12 Plta/Piso 0 Pta/Letra IZQ, piso 0, puerta IZQ","postal_code":"11003","places":4,"units":1,"registered":"2021-11-29","catastro":"2069110QA4426G1001WY","holder":"BRICKSTARTER 004, SL","holder_count":1}},{"type":"Feature","geometry":{"type":"Point","coordinates":[-6.274874,36.502439]},"properties":{"id":"VUT/CA/13077","type":"VUT","group":"Completa","address":"CALLE JOSE GARCIA AGULLO Nº 1 Plta/Piso 5 Pta/Letra G, piso 5, puerta G","postal_code":"11010","places":5,"units":2,"registered":"2021-11-29","catastro":"4133501QA4443C0175BI","holder":null,"holder_count":null}},{"type":"Feature","geometry":{"type":"Point","coordinates":[-6.296672,36.534169]},"properties":{"id":"VUT/CA/13078","type":"VUT","group":"Completa","address":"CALLE SAN PEDRO Nº 20 Plta/Piso 1, piso 1","postal_code":"11004","places":6,"units":3,"registered":"2021-11-29","catastro":"2168508QA4426G0006ZD","holder":null,"holder_count":null}},{"type":"Feature","geometry":{"type":"Point","coordinates":[-6.29965,36.530167]},"properties":{"id":"VUT/CA/13079","type":"VUT","group":"Completa","address":"CALLE CARDOSO Nº 11","postal_code":"11002","places":10,"units":5,"registered":"2021-11-29","catastro":"1863215QA4416D0001GM","holder":"DALTONS BUILDING S.L.","holder_count":2}},{"type":"Feature","geometry":{"type":"Point","coordinates":[-6.290207,36.527676]},"properties":{"id":"VUT/CA/13080","type":"VUT","group":"Completa","address":"CALLE TENIENTE ANDÚJAR Nº 26 Plta/Piso 3 Pta/Letra IZQ, piso 3, puerta IZQ","postal_code":"11006","places":4,"units":1,"registered":"2021-11-29","catastro":"2761916QA4426B0008QH","holder":"BITIONA 001, SL","holder_count":2}},{"type":"Feature","geometry":{"type":"Point","coordinates":[-6.299932,36.536932]},"properties":{"id":"VUT/CA/13081","type":"VUT","group":"Completa","address":"CALLE CARMEN CORONADA Nº 10 Plta/Piso 2, piso 2","postal_code":"11003","places":6,"units":2,"registered":"2021-11-29","catastro":"1871706QA4417B0003IQ","holder":"BITIONA 001","holder_count":1}},{"type":"Feature","geometry":{"type":"Point","coordinates":[-6.299877,36.530363]},"properties":{"id":"VUT/CA/13082","type":"VUT","group":"Completa","address":"CALLE MARÍA ARTEAGA Nº 8 Plta/Piso 2 Pta/Letra IZQ, piso 2, puerta IZQ","postal_code":"11003","places":6,"units":2,"registered":"2021-11-29","catastro":"1863212QA4416D0005GR","holder":null,"holder_count":null}},{"type":"Feature","geometry":{"type":"Point","coordinates":[-6.301489,36.532169]},"properties":{"id":"VUT/CA/13088","type":"VUT","group":"Completa","address":"CALLE TORRE Nº 47 Plta/Piso 1 Pta/Letra IZQ, piso 1, puerta IZQ","postal_code":"11002","places":4,"units":1,"registered":"2021-11-30","catastro":"1665408QA4416F0002FL","holder":"BITIONA 001, SL","holder_count":2}},{"type":"Feature","geometry":{"type":"Point","coordinates":[-6.292879,36.536156]},"properties":{"id":"VUT/CA/13089","type":"VUT","group":"Completa","address":"CALLE REPUBLICA EL SAVADOR Nº 4 Plta/Piso 3, piso 3","postal_code":"11004","places":6,"units":2,"registered":"2021-11-30","catastro":"2470605QA4427A0004DB","holder":null,"holder_count":null}},{"type":"Feature","geometry":{"type":"Point","coordinates":[-6.300413,36.536127]},"properties":{"id":"VUT/CA/13092","type":"VUT","group":"Completa","address":"CALLE BENDICIÓN DE DIOS Nº 4 Plta/Piso 2º, piso 2º","postal_code":"11003","places":4,"units":1,"registered":"2021-11-30","catastro":"1870815QA4417B0003GQ","holder":null,"holder_count":null}},{"type":"Feature","geometry":{"type":"Point","coordinates":[-6.302518,36.534785]},"properties":{"id":"VUT/CA/13094","type":"VUT","group":"Completa","address":"CALLE SAN TELMO Nº 2 Plta/Piso BAJA, piso BAJA","postal_code":"11003","places":4,"units":1,"registered":"2021-12-01","catastro":"1668809QA4416H0001UD","holder":null,"holder_count":null}},{"type":"Feature","geometry":{"type":"Point","coordinates":[-6.303955,36.531277]},"properties":{"id":"VUT/CA/13096","type":"VUT","group":"Completa","address":"CALLE Jose celestino Mutis Nº 3 Plta/Piso 1 Pta/Letra B, piso 1, puerta B","postal_code":"11002","places":4,"units":2,"registered":"2021-12-01","catastro":"1564813QA4416D0007PY","holder":"AC GESTION CADIZ S.L.","holder_count":39}},{"type":"Feature","geometry":{"type":"Point","coordinates":[-6.29825,36.534939]},"properties":{"id":"VUT/CA/13098","type":"VUT","group":"Completa","address":"CALLE PRESIDENTE RIVADAVIA Nº 2 Portal A","postal_code":"11001","places":8,"units":2,"registered":"2021-12-01","catastro":"2068108QA4426G0022MM","holder":null,"holder_count":null}},{"type":"Feature","geometry":{"type":"Point","coordinates":[-6.29825,36.534939]},"properties":{"id":"VUT/CA/13100","type":"VUT","group":"Completa","address":"CALLE PRESSIDENTE RIVADAVIA Nº 2 Plta/Piso 2 Pta/Letra B, piso 2, puerta B","postal_code":"11001","places":4,"units":1,"registered":"2021-12-01","catastro":"2068108QA4426G0020ZZ","holder":null,"holder_count":null}},{"type":"Feature","geometry":{"type":"Point","coordinates":[-6.293214,36.531975]},"properties":{"id":"VUT/CA/13102","type":"VUT","group":"Completa","address":"AVENIDA CUATRO DE DICIEMBRE DE1977 Nº 26-27 Plta/Piso 6 Pta/Letra B Compl.Dom. ATICO B, piso 6, puerta B","postal_code":"11006","places":5,"units":2,"registered":"2021-12-01","catastro":"2465202QA4426E0022KT","holder":null,"holder_count":null}},{"type":"Feature","geometry":{"type":"Point","coordinates":[-6.293214,36.531975]},"properties":{"id":"VUT/CA/13103","type":"VUT","group":"Completa","address":"AVENIDA CUATRO DE DICIEMBRE DE 1977 Nº 26-27 Plta/Piso 6 Pta/Letra B Compl.Dom. ATICO B-2, piso 6, puerta B","postal_code":"11006","places":5,"units":2,"registered":"2021-12-01","catastro":"2465202QA4426E0022KT","holder":null,"holder_count":null}},{"type":"Feature","geometry":{"type":"Point","coordinates":[-6.297386,36.533807]},"properties":{"id":"VUT/CA/13105","type":"VUT","group":"Completa","address":"CALLE Sagasta Plta/Piso 3 Pta/Letra 1, piso 3, puerta 1","postal_code":"11001","places":10,"units":4,"registered":"2021-12-01","catastro":"2068613QA4426G0006TD","holder":null,"holder_count":null}},{"type":"Feature","geometry":{"type":"Point","coordinates":[-6.291127,36.527736]},"properties":{"id":"VUT/CA/13107","type":"VUT","group":"Completa","address":"CALLE PUBLICO Nº 4 Plta/Piso 1 Pta/Letra D, piso 1, puerta D","postal_code":"11006","places":6,"units":3,"registered":"2021-12-02","catastro":"2661705QA4426B0002GP","holder":null,"holder_count":null}},{"type":"Feature","geometry":{"type":"Point","coordinates":[-6.293575,36.530576]},"properties":{"id":"VUT/CA/13108","type":"VUT","group":"Completa","address":"CALLE CRISTOBAL COLON Nº 14 Plta/Piso 1 Pta/Letra B, piso 1, puerta B","postal_code":"11005","places":6,"units":3,"registered":"2021-12-02","catastro":"2464501QA4426C0003EB","holder":null,"holder_count":null}},{"type":"Feature","geometry":{"type":"Point","coordinates":[-6.294333,36.529242]},"properties":{"id":"VUT/CA/13112","type":"VUT","group":"Completa","address":"CALLE Arco de la Rosa Nº 2 Plta/Piso Bajo Pta/Letra B, piso Bajo, puerta B","postal_code":"11005","places":2,"units":1,"registered":"2021-12-04","catastro":"2362319QA4426C0001AK","holder":"LITTLE APARTMENTS S.L.","holder_count":20}},{"type":"Feature","geometry":{"type":"Point","coordinates":[-6.296858,36.533714]},"properties":{"id":"VUT/CA/13117","type":"VUT","group":"Completa","address":"CALLE CANOVAS DEL CASTILLO Nº 28 Plta/Piso 5 Pta/Letra DERECJA, piso 5, puerta DERECJA","postal_code":"11001","places":6,"units":4,"registered":"2021-12-07","catastro":"2167214QA4426E0010OL","holder":null,"holder_count":null}},{"type":"Feature","geometry":{"type":"Point","coordinates":[-6.294104,36.531757]},"properties":{"id":"VUT/CA/13118","type":"VUT","group":"Completa","address":"CALLE Rosario Nº 49 Plta/Piso 3º Pta/Letra G, piso 3º, puerta G","postal_code":"11005","places":6,"units":3,"registered":"2021-12-08","catastro":"2365207QA4426E0009KZ","holder":null,"holder_count":null}},{"type":"Feature","geometry":{"type":"Point","coordinates":[-6.294104,36.531757]},"properties":{"id":"VUT/CA/13119","type":"VUT","group":"Completa","address":"CALLE Rosario Nº 49 Plta/Piso 3º Pta/Letra H, piso 3º, puerta H","postal_code":"11005","places":6,"units":3,"registered":"2021-12-08","catastro":"2365207QA4426E0010HL","holder":null,"holder_count":null}},{"type":"Feature","geometry":{"type":"Point","coordinates":[-6.295469,36.530797]},"properties":{"id":"VUT/CA/13123","type":"VUT","group":"Completa","address":"PLAZA Candelaria Nº 12 Portal 2","postal_code":"11005","places":6,"units":3,"registered":"2021-12-11","catastro":"2264502QA4426C0005UX","holder":null,"holder_count":null}},{"type":"Feature","geometry":{"type":"Point","coordinates":[-6.294783,36.536152]},"properties":{"id":"VUT/CA/13143","type":"VUT","group":"Completa","address":"CALLE ISABEL LA CATOLICA Nº 24 Plta/Piso 1 Pta/Letra A, piso 1, puerta A","postal_code":"11004","places":4,"units":2,"registered":"2021-12-16","catastro":"2270405QA4427A0006MX","holder":"DUNA BEDUINA SERVICIOS TURISTÍCOS, S.L.","holder_count":77}},{"type":"Feature","geometry":{"type":"Point","coordinates":[-6.296712,36.53128]},"properties":{"id":"VUT/CA/13144","type":"VUT","group":"Completa","address":"CALLE SACRAMENTO Nº 12 Plta/Piso 1 Pta/Letra B, piso 1, puerta B","postal_code":"11003","places":3,"units":2,"registered":"2021-12-16","catastro":"2264802QA4426C0005LX","holder":"DUNA BEDUINA SERVICIOS TURISTÍCOS, S.L.","holder_count":77}},{"type":"Feature","geometry":{"type":"Point","coordinates":[-6.296712,36.53128]},"properties":{"id":"VUT/CA/13145","type":"VUT","group":"Completa","address":"CALLE SACRAMENTO Nº 12 Plta/Piso 1 Pta/Letra A, piso 1, puerta A","postal_code":"11003","places":3,"units":1,"registered":"2021-12-16","catastro":"2264802QA4426C0008XW","holder":"DUNA BEDUINA SERVICIOS TURISTÍCOS, S.L.","holder_count":77}},{"type":"Feature","geometry":{"type":"Point","coordinates":[-6.30071,36.532701]},"properties":{"id":"VUT/CA/13148","type":"VUT","group":"Completa","address":"CALLE SACRAMENTO Nº 46 Plta/Piso BAJA, piso BAJA","postal_code":"11001","places":2,"units":1,"registered":"2021-12-17","catastro":"1766503QA4416F0002HL","holder":null,"holder_count":null}},{"type":"Feature","geometry":{"type":"Point","coordinates":[-6.302066,36.529824]},"properties":{"id":"VUT/CA/13154","type":"VUT","group":"Completa","address":"CALLE VIRGEN DE LAS PENAS Nº 4 Plta/Piso 1º Pta/Letra A, piso 1º, puerta A","postal_code":"11002","places":4,"units":2,"registered":"2021-12-19","catastro":"1762122QA4416B0012SD","holder":null,"holder_count":null}},{"type":"Feature","geometry":{"type":"Point","coordinates":[-6.295099,36.530068]},"properties":{"id":"VUT/CA/13159","type":"VUT","group":"Completa","address":"CALLE BARROCAL Nº 9-11 Plta/Piso 1 Pta/Letra D, piso 1, puerta D","postal_code":"11005","places":4,"units":1,"registered":"2021-12-20","catastro":"2363806QA4426C0001GK","holder":"APARTMENTS TIME S.L.","holder_count":55}},{"type":"Feature","geometry":{"type":"Point","coordinates":[-6.276115,36.506781]},"properties":{"id":"VUT/CA/13163","type":"VUT","group":"Completa","address":"CALLE PINTOR ZULOAGA Nº 12 Plta/Piso 1º Pta/Letra C, piso 1º, puerta C","postal_code":"11010","places":5,"units":2,"registered":"2021-12-21","catastro":"4037202QA4443E0010KX","holder":null,"holder_count":null}},{"type":"Feature","geometry":{"type":"Point","coordinates":[-6.293909,36.531532]},"properties":{"id":"VUT/CA/13165","type":"VUT","group":"Completa","address":"CALLE ROSARIO Nº 51 Plta/Piso BJ Pta/Letra A, piso BJ, puerta A","postal_code":"11004","places":6,"units":2,"registered":"2021-12-22","catastro":"2365609QA4426E0001ZD","holder":"MAIREGUI, S.L","holder_count":2}},{"type":"Feature","geometry":{"type":"Point","coordinates":[-6.293909,36.531532]},"properties":{"id":"VUT/CA/13166","type":"VUT","group":"Completa","address":"CALLE ROSARIO Nº 51 Plta/Piso 2 Pta/Letra B, piso 2, puerta B","postal_code":"11004","places":4,"units":1,"registered":"2021-12-22","catastro":"2365609QA4426E0001ZD","holder":"MAIREGUI, S.L","holder_count":2}},{"type":"Feature","geometry":{"type":"Point","coordinates":[-6.300517,36.536547]},"properties":{"id":"VUT/CA/13169","type":"VUT","group":"Completa","address":"CALLE SAN ISIDRO Nº 5 Plta/Piso 2 Pta/Letra A, piso 2, puerta A","postal_code":"11003","places":4,"units":1,"registered":"2021-12-22","catastro":"1870803QA4417B0007UT","holder":"LITTLE APARTMENTS S.L.","holder_count":20}},{"type":"Feature","geometry":{"type":"Point","coordinates":[-6.2995,36.530678]},"properties":{"id":"VUT/CA/13171","type":"VUT","group":"Completa","address":"CALLE SAN FRANCISCO JAVIER Nº 11 Plta/Piso Bajo Pta/Letra C, piso Bajo, puerta C","postal_code":"11002","places":4,"units":2,"registered":"2021-12-22","catastro":"1864930QA4416D0001FM","holder":"APARTMENTS TIME S.L.","holder_count":55}},{"type":"Feature","geometry":{"type":"Point","coordinates":[-6.300601,36.531941]},"properties":{"id":"VUT/CA/13172","type":"VUT","group":"Completa","address":"CALLE HOSPITAL DE MUJERES Nº 42 Plta/Piso 2 Pta/Letra A, piso 2, puerta A","postal_code":"11001","places":2,"units":1,"registered":"2021-12-22","catastro":"1765405QA4416F2011RZ","holder":null,"holder_count":null}},{"type":"Feature","geometry":{"type":"Point","coordinates":[-6.294333,36.529242]},"properties":{"id":"VUT/CA/13196","type":"VUT","group":"Completa","address":"PASAJE ARCO DE LA ROSA Nº 2/3 Plta/Piso BAJA Pta/Letra A, piso BAJA, puerta A","postal_code":"11005","places":2,"units":1,"registered":"2021-12-28","catastro":"2362319QA4426C0001AK","holder":null,"holder_count":null}},{"type":"Feature","geometry":{"type":"Point","coordinates":[-6.304392,36.529317]},"properties":{"id":"VUT/CA/13197","type":"VUT","group":"Completa","address":"CALLE PARAGUAY Nº 7 Plta/Piso BJ Pta/Letra B, piso BJ, puerta B","postal_code":"11002","places":4,"units":1,"registered":"2021-12-29","catastro":"1462904QA4416A0010RW","holder":null,"holder_count":null}},{"type":"Feature","geometry":{"type":"Point","coordinates":[-6.303735,36.529974]},"properties":{"id":"VUT/CA/13198","type":"VUT","group":"Completa","address":"CALLE San Félix Nº 1 Plta/Piso Bajo Pta/Letra A, piso Bajo, puerta A","postal_code":"11004","places":5,"units":2,"registered":"2021-12-29","catastro":"1563701QA4416D0005PR","holder":null,"holder_count":null}},{"type":"Feature","geometry":{"type":"Point","coordinates":[-6.281999,36.519937]},"properties":{"id":"VUT/CA/13210","type":"VUT","group":"Completa","address":"CALLE ANTONIO MACHADO Portal 6 Plta/Piso 2C Pta/Letra C, piso 2C, puerta C","postal_code":"11008","places":7,"units":4,"registered":"2022-01-04","catastro":"3552801QA4435B0078YY","holder":null,"holder_count":null}},{"type":"Feature","geometry":{"type":"Point","coordinates":[-6.296299,36.535915]},"properties":{"id":"VUT/CA/13214","type":"VUT","group":"Completa","address":"CALLE GENERAL MENACHO Nº 6 Plta/Piso 3 Compl.Dom. ATICO, piso 3","postal_code":"11004","places":4,"units":2,"registered":"2022-01-05","catastro":"2170609QA4427A0005TZ","holder":null,"holder_count":null}},{"type":"Feature","geometry":{"type":"Point","coordinates":[-6.298505,36.534971]},"properties":{"id":"VUT/CA/13223","type":"VUT","group":"Completa","address":"PLAZA San Antonio Nº 5 Plta/Piso 2, piso 2","postal_code":"11001","places":8,"units":4,"registered":"2022-01-09","catastro":"2068110QA4426G0001XI","holder":null,"holder_count":null}},{"type":"Feature","geometry":{"type":"Point","coordinates":[-6.301069,36.530576]},"properties":{"id":"VUT/CA/13228","type":"VUT","group":"Completa","address":"CALLE ROSA Nº 4 Plta/Piso BJ Pta/Letra IZQ, piso BJ, puerta IZQ","postal_code":"11002","places":4,"units":2,"registered":"2022-01-10","catastro":"1763209QA4416D0004XE","holder":null,"holder_count":null}},{"type":"Feature","geometry":{"type":"Point","coordinates":[-6.296859,36.53435]},"properties":{"id":"VUT/CA/13240","type":"VUT","group":"Completa","address":"CALLE SAN PEDRO Nº 18 Plta/Piso 1 Pta/Letra 05, piso 1, puerta 05","postal_code":"11004","places":4,"units":2,"registered":"2022-01-12","catastro":"2068421QA4426G0006LD","holder":"LITTLE APARTMENTS S.L.","holder_count":20}},{"type":"Feature","geometry":{"type":"Point","coordinates":[-6.295467,36.534925]},"properties":{"id":"VUT/CA/13241","type":"VUT","group":"Completa","address":"CALLE ISABEL LA CATOLICA Nº 2 Plta/Piso 3 Pta/Letra I, piso 3, puerta I","postal_code":"11004","places":4,"units":2,"registered":"2022-01-12","catastro":"2168305QA4426G0005IS","holder":null,"holder_count":null}},{"type":"Feature","geometry":{"type":"Point","coordinates":[-6.2995,36.530678]},"properties":{"id":"VUT/CA/13244","type":"VUT","group":"Completa","address":"CALLE SAN FRANCISCO JAVIER Nº 11 Plta/Piso 1 Pta/Letra E, piso 1, puerta E","postal_code":"11002","places":4,"units":2,"registered":"2022-01-13","catastro":"1864930QA4416D0010BY","holder":"2 KDIZ INN CB","holder_count":1}},{"type":"Feature","geometry":{"type":"Point","coordinates":[-6.285651,36.517599]},"properties":{"id":"VUT/CA/13252","type":"VUT","group":"Completa","address":"PLAZA Escritor Ramón Solis Nº 11 Plta/Piso 4º Pta/Letra D, piso 4º, puerta D","postal_code":"11008","places":7,"units":3,"registered":"2022-01-14","catastro":"3149302QA4434G0007MU","holder":null,"holder_count":null}},{"type":"Feature","geometry":{"type":"Point","coordinates":[-6.302075,36.530345]},"properties":{"id":"VUT/CA/13260","type":"VUT","group":"Completa","address":"CALLE HERMANO IGNACIO Nº 16 Plta/Piso 1, piso 1","postal_code":"11002","places":5,"units":3,"registered":"2022-01-15","catastro":"1763803QA4416D0002DQ","holder":null,"holder_count":null}},{"type":"Feature","geometry":{"type":"Point","coordinates":[-6.301328,36.532585]},"properties":{"id":"VUT/CA/13263","type":"VUT","group":"Completa","address":"CALLE Solano Nº 13 Plta/Piso 3 Pta/Letra D, piso 3, puerta D","postal_code":"11002","places":6,"units":2,"registered":"2022-01-16","catastro":"1766814QA4416F0007DQ","holder":null,"holder_count":null}},{"type":"Feature","geometry":{"type":"Point","coordinates":[-6.298579,36.532533]},"properties":{"id":"VUT/CA/13264","type":"VUT","group":"Completa","address":"CALLE ROSARIO CEPEDA Nº 10.12 Plta/Piso 2 Pta/Letra IZQUIERDA, piso 2, puerta IZQUIERDA","postal_code":"11001","places":4,"units":3,"registered":"2022-01-17","catastro":"1966506QA4416F0006IM","holder":null,"holder_count":null}},{"type":"Feature","geometry":{"type":"Point","coordinates":[-6.289592,36.52783]},"properties":{"id":"VUT/CA/13265","type":"VUT","group":"Completa","address":"CALLE GOLETA Nº 1D Plta/Piso 3, piso 3","postal_code":"11006","places":2,"units":1,"registered":"2022-01-17","catastro":"2861705QA4426B0004QS","holder":null,"holder_count":null}},{"type":"Feature","geometry":{"type":"Point","coordinates":[-6.298933,36.530064]},"properties":{"id":"VUT/CA/13266","type":"VUT","group":"Completa","address":"CALLE ABREU Nº 1 Plta/Piso 3 Pta/Letra B, piso 3, puerta B","postal_code":"11003","places":2,"units":1,"registered":"2022-01-17","catastro":"1962305QA4416D0007KY","holder":null,"holder_count":null}},{"type":"Feature","geometry":{"type":"Point","coordinates":[-6.284453,36.522153]},"properties":{"id":"VUT/CA/13274","type":"VUT","group":"Completa","address":"CALLE Granja San Ildefonso Nº 5 Esc. IZQ Plta/Piso 6 Pta/Letra D, piso 6, puerta D","postal_code":"11007","places":8,"units":3,"registered":"2022-01-17","catastro":"3254203QA4435C0119LM","holder":null,"holder_count":null}},{"type":"Feature","geometry":{"type":"Point","coordinates":[-6.295837,36.533057]},"properties":{"id":"VUT/CA/13280","type":"VUT","group":"Completa","address":"CALLE CANOVAS DEL CASTILLO Nº 40 Plta/Piso BAJO Pta/Letra A, piso BAJO, puerta A","postal_code":"11004","places":6,"units":2,"registered":"2022-01-19","catastro":"2267719QA4426E0003HG","holder":null,"holder_count":null}},{"type":"Feature","geometry":{"type":"Point","coordinates":[-6.282278,36.514291]},"properties":{"id":"VUT/CA/13281","type":"VUT","group":"Completa","address":"CALLE MARIANISTA CUBILLO Nº 3 Calif.Nº 0 Blq. 0 Portal 0 Esc. 0 Plta/Piso 1º Pta/Letra B, piso 1º, puerta B","postal_code":"11008","places":10,"units":4,"registered":"2022-01-19","catastro":"3546705QA4434F0002FH","holder":null,"holder_count":null}},{"type":"Feature","geometry":{"type":"Point","coordinates":[-6.30111,36.53553]},"properties":{"id":"VUT/CA/13289","type":"VUT","group":"Completa","address":"PLAZA MENTIDERO Nº 19 Plta/Piso 1 Y 2, piso 1 Y 2","postal_code":"11003","places":10,"units":5,"registered":"2022-01-20","catastro":"1769808QA4416H0002LF","holder":null,"holder_count":null}},{"type":"Feature","geometry":{"type":"Point","coordinates":[-6.27979,36.518187]},"properties":{"id":"VUT/CA/13292","type":"VUT","group":"Completa","address":"CALLE FRANCISCO GARCIA DE SOLA Nº 21 Plta/Piso BJ Pta/Letra D, piso BJ, puerta D","postal_code":"11008","places":4,"units":2,"registered":"2022-01-20","catastro":"3650301QA4435B0001RL","holder":null,"holder_count":null}},{"type":"Feature","geometry":{"type":"Point","coordinates":[-6.298413,36.53477]},"properties":{"id":"VUT/CA/13296","type":"VUT","group":"Completa","address":"PLAZA SAN ANTONIO Nº 7 Calif.Nº D Plta/Piso 2 Pta/Letra C, piso 2, puerta C","postal_code":"11003","places":4,"units":1,"registered":"2022-01-21","catastro":"1968402QA4416H0008EB","holder":null,"holder_count":null}},{"type":"Feature","geometry":{"type":"Point","coordinates":[-6.304885,36.529279]},"properties":{"id":"VUT/CA/13300","type":"VUT","group":"Completa","address":"CALLE Pericón de Cádiz Nº 37 Plta/Piso 3 Pta/Letra C, piso 3, puerta C","postal_code":"11002","places":6,"units":3,"registered":"2022-01-22","catastro":"1462801QA4416A0069JM","holder":null,"holder_count":null}},{"type":"Feature","geometry":{"type":"Point","coordinates":[-6.294333,36.529242]},"properties":{"id":"VUT/CA/13318","type":"VUT","group":"Completa","address":"CALLE ARCO DE LA ROSA Nº 2-3 Plta/Piso 1 Pta/Letra B, piso 1, puerta B","postal_code":"11005","places":4,"units":2,"registered":"2022-01-25","catastro":"2362319QA4426C0006HM","holder":null,"holder_count":null}},{"type":"Feature","geometry":{"type":"Point","coordinates":[-6.280128,36.51149]},"properties":{"id":"VUT/CA/13349","type":"VUT","group":"Por habitaciones","address":"AVENIDA ANA DE VIYA Nº 26 Plta/Piso 1 Pta/Letra B, piso 1, puerta B","postal_code":"11009","places":6,"units":3,"registered":"2022-01-31","catastro":"3643502QA4434D0003EX","holder":null,"holder_count":null}},{"type":"Feature","geometry":{"type":"Point","coordinates":[-6.283765,36.514401]},"properties":{"id":"VUT/CA/13351","type":"VUT","group":"Completa","address":"CALLE MARIANISTA CUBILLO Nº 2 Plta/Piso 1ª Pta/Letra DCHA, piso 1ª, puerta DCHA","postal_code":"11008","places":5,"units":3,"registered":"2022-01-31","catastro":"3346403QA4434E0022FZ","holder":null,"holder_count":null}},{"type":"Feature","geometry":{"type":"Point","coordinates":[-6.272565,36.497408]},"properties":{"id":"VUT/CA/13361","type":"VUT","group":"Completa","address":"CALLE Paseo Marítimo, 28 duplicado Blq. 28 Portal DUPLICADO Plta/Piso 10 Pta/Letra D Compl.Dom. Edificio Comodoro 2, piso 10, puerta D","postal_code":"11011","places":4,"units":1,"registered":"2022-02-01","catastro":"4428805QA4442G0105IQ","holder":null,"holder_count":null}},{"type":"Feature","geometry":{"type":"Point","coordinates":[-6.2995,36.530678]},"properties":{"id":"VUT/CA/13370","type":"VUT","group":"Completa","address":"CALLE SAN FRANCISCO JAVIER Nº 11 Plta/Piso BAJO Pta/Letra D, piso BAJO, puerta D","postal_code":"11002","places":4,"units":2,"registered":"2022-02-02","catastro":"1864930QA4416D0004JE","holder":"APARTMENTS TIME S.L.","holder_count":55}},{"type":"Feature","geometry":{"type":"Point","coordinates":[-6.296505,36.532752]},"properties":{"id":"VUT/CA/13393","type":"VUT","group":"Completa","address":"CALLE JOSE DEL TORO Nº 8 Plta/Piso 4 Pta/Letra IZQ, piso 4, puerta IZQ","postal_code":"11004","places":4,"units":1,"registered":"2022-02-04","catastro":"2266813QA4426E0012DZ","holder":"APTURAIRE4 S.L.","holder_count":1}},{"type":"Feature","geometry":{"type":"Point","coordinates":[-6.302651,36.529473]},"properties":{"id":"VUT/CA/13409","type":"VUT","group":"Completa","address":"CALLE CRISTO DE LA MISERICORDIA Nº 9 Blq. 9 Plta/Piso BJ Pta/Letra B, piso BJ, puerta B","postal_code":"11002","places":4,"units":2,"registered":"2022-02-07","catastro":"1662810QA4416B0003UU","holder":null,"holder_count":null}},{"type":"Feature","geometry":{"type":"Point","coordinates":[-6.299006,36.529385]},"properties":{"id":"VUT/CA/13414","type":"VUT","group":"Completa","address":"CALLE CRUZ Nº 22 Esc. 2 Plta/Piso 2 Pta/Letra C, piso 2, puerta C","postal_code":"11002","places":4,"units":1,"registered":"2022-02-08","catastro":"1962342QA4416D0057WK","holder":null,"holder_count":null}},{"type":"Feature","geometry":{"type":"Point","coordinates":[-6.301633,36.53529]},"properties":{"id":"VUT/CA/13415","type":"VUT","group":"Completa","address":"CALLE NAVAS Nº 15-17 Plta/Piso 3 Pta/Letra B-DERECHA, piso 3, puerta B-DERECHA","postal_code":"11003","places":5,"units":3,"registered":"2022-02-08","catastro":"1769813QA4416H0004HH","holder":null,"holder_count":null}},{"type":"Feature","geometry":{"type":"Point","coordinates":[-6.30338,36.529229]},"properties":{"id":"VUT/CA/13437","type":"VUT","group":"Completa","address":"CALLE PERICÓN DE CÁDIZ Nº 17 Plta/Piso BAJO Pta/Letra I, piso BAJO, puerta I","postal_code":"11002","places":2,"units":1,"registered":"2022-02-11","catastro":"1562915QA4416B0026SQ","holder":null,"holder_count":null}},{"type":"Feature","geometry":{"type":"Point","coordinates":[-6.264968,36.507262]},"properties":{"id":"VUT/CA/13439","type":"VUT","group":"Completa","address":"CALLE REALL Nº 4 Plta/Piso B Pta/Letra 1, piso B, puerta 1","postal_code":"11011","places":2,"units":1,"registered":"2022-02-13","catastro":"5039707QA4453G0046KW","holder":null,"holder_count":null}},{"type":"Feature","geometry":{"type":"Point","coordinates":[-6.264968,36.507262]},"properties":{"id":"VUT/CA/13440","type":"VUT","group":"Completa","address":"CALLE REAL Nº 4 Plta/Piso B Pta/Letra 2, piso B, puerta 2","postal_code":"11011","places":2,"units":1,"registered":"2022-02-13","catastro":"5039707QA4453G0047LE","holder":null,"holder_count":null}},{"type":"Feature","geometry":{"type":"Point","coordinates":[-6.294039,36.531784]},"properties":{"id":"VUT/CA/13475","type":"VUT","group":"Completa","address":"CALLE ROSARIO Nº 22 Plta/Piso 1 Pta/Letra F, piso 1, puerta F","postal_code":"11005","places":2,"units":1,"registered":"2022-02-16","catastro":"2365306QA4426E0005OJ","holder":null,"holder_count":null}},{"type":"Feature","geometry":{"type":"Point","coordinates":[-6.2995,36.530678]},"properties":{"id":"VUT/CA/13489","type":"VUT","group":"Completa","address":"CALLE SAN FRANCISCO JAVIER Nº 11 Plta/Piso 2 Pta/Letra A, piso 2, puerta A","postal_code":"11002","places":6,"units":2,"registered":"2022-02-18","catastro":"1864930QA4416D0011ZU","holder":"CONTRATACIONES HOSTELERAS S.L.U.","holder_count":3}},{"type":"Feature","geometry":{"type":"Point","coordinates":[-6.302493,36.531604]},"properties":{"id":"VUT/CA/13491","type":"VUT","group":"Completa","address":"CALLE Jesus Nazareno Nº 18 Plta/Piso 3 Pta/Letra 12, piso 3, puerta 12","postal_code":"11002","places":3,"units":2,"registered":"2022-02-18","catastro":"1665601QA4416F0012SE","holder":null,"holder_count":null}},{"type":"Feature","geometry":{"type":"Point","coordinates":[-6.304519,36.528941]},"properties":{"id":"VUT/CA/13496","type":"VUT","group":"Por habitaciones","address":"CALLE PERICON DE CADIZ Nº 31 Plta/Piso 3, piso 3","postal_code":"11002","places":6,"units":3,"registered":"2022-02-19","catastro":"1462908QA4416A0003DZ","holder":null,"holder_count":null}},{"type":"Feature","geometry":{"type":"Point","coordinates":[-6.303913,36.530511]},"properties":{"id":"VUT/CA/13531","type":"VUT","group":"Completa","address":"CALLE José Celestino Mutis Calif.Nº 8 Plta/Piso 3 Pta/Letra B, piso 3, puerta B","postal_code":"11002","places":5,"units":2,"registered":"2022-02-24","catastro":"1563107QA4416D0008BU","holder":null,"holder_count":null}},{"type":"Feature","geometry":{"type":"Point","coordinates":[-6.275134,36.502866]},"properties":{"id":"VUT/CA/13545","type":"VUT","group":"Completa","address":"AVENIDA CAYETANO DEL TORO Nº 44 Esc. 1 Plta/Piso 5º Pta/Letra F, piso 5º, puerta F","postal_code":"11010","places":4,"units":2,"registered":"2022-02-25","catastro":"4134808QA4443C0031LL","holder":null,"holder_count":null}},{"type":"Feature","geometry":{"type":"Point","coordinates":[-6.306469,36.533446]},"properties":{"id":"VUT/CA/13553","type":"VUT","group":"Por habitaciones","address":"AVENIDA Duque de Nájera Nº 7 Blq. E Plta/Piso 5 Pta/Letra A, piso 5, puerta A","postal_code":"11002","places":6,"units":3,"registered":"2022-02-28","catastro":"1267601QA4416E0098QP","holder":null,"holder_count":null}},{"type":"Feature","geometry":{"type":"Point","coordinates":[-6.301636,36.535409]},"properties":{"id":"VUT/CA/13569","type":"VUT","group":"Completa","address":"CALLE HERCULES Nº 6 Plta/Piso 1 Pta/Letra B, piso 1, puerta B","postal_code":"11003","places":3,"units":1,"registered":"2022-03-02","catastro":"1769802QA4416H0006GK","holder":null,"holder_count":null}},{"type":"Feature","geometry":{"type":"Point","coordinates":[-6.27355,36.499846]},"properties":{"id":"VUT/CA/13577","type":"VUT","group":"Completa","address":"AVENIDA JOSÉ LEÓN DE CARRANZA Nº 4 Plta/Piso 1 Pta/Letra IZQ, piso 1, puerta IZQ","postal_code":"11011","places":6,"units":3,"registered":"2022-03-02","catastro":"4230304QA4443A0040PU","holder":null,"holder_count":null}},{"type":"Feature","geometry":{"type":"Point","coordinates":[-6.297438,36.534425]},"properties":{"id":"VUT/CA/13580","type":"VUT","group":"Completa","address":"CALLE SAN PEDRO Nº 3 Plta/Piso 4 Pta/Letra IZQ Compl.Dom. ATICO, piso 4, puerta IZQ","postal_code":"11004","places":5,"units":3,"registered":"2022-03-03","catastro":"2068502QA4426G0007XF","holder":null,"holder_count":null}},{"type":"Feature","geometry":{"type":"Point","coordinates":[-6.290098,36.528196]},"properties":{"id":"VUT/CA/13593","type":"VUT","group":"Completa","address":"CALLE BOTICA Nº 4 Pta/Letra A Compl.Dom. ENTREPLANTA, puerta A","postal_code":"11002","places":4,"units":1,"registered":"2022-03-04","catastro":"2761906QA4426B0006TF","holder":null,"holder_count":null}},{"type":"Feature","geometry":{"type":"Point","coordinates":[-6.29226,36.529834]},"properties":{"id":"VUT/CA/13597","type":"VUT","group":"Completa","address":"PLAZA San Juan de Dios Nº 14 Plta/Piso 3 Pta/Letra izquierda, piso 3, puerta izquierda","postal_code":"11005","places":8,"units":3,"registered":"2022-03-04","catastro":"2563502QA4426D0005QI","holder":"ALQUILER VACACIONAL TURISMO E INNOVACIÓN SOCIAL SCA","holder_count":81}},{"type":"Feature","geometry":{"type":"Point","coordinates":[-6.30325,36.529773]},"properties":{"id":"VUT/CA/13607","type":"VUT","group":"Completa","address":"CALLE VIRGEN DE LA PALMA Nº 13 Plta/Piso 1 Pta/Letra IZQUIERDA, piso 1, puerta IZQUIERDA","postal_code":"11002","places":6,"units":2,"registered":"2022-03-07","catastro":"1563517QA4416D0004EE","holder":null,"holder_count":null}},{"type":"Feature","geometry":{"type":"Point","coordinates":[-6.272952,36.499012]},"properties":{"id":"VUT/CA/13615","type":"VUT","group":"Completa","address":"CALLE SIRENAS Nº 4 Plta/Piso 1 Pta/Letra C, piso 1, puerta C","postal_code":"11011","places":4,"units":2,"registered":"2022-03-08","catastro":"4329901QA4442G0685FE","holder":null,"holder_count":null}},{"type":"Feature","geometry":{"type":"Point","coordinates":[-6.300661,36.53478]},"properties":{"id":"VUT/CA/13620","type":"VUT","group":"Completa","address":"CALLE navas Nº 2 Plta/Piso 2 Pta/Letra A, piso 2, puerta A","postal_code":"11003","places":4,"units":1,"registered":"2022-03-08","catastro":"1768609QA4416H0010BL","holder":"AC GESTION CADIZ S.L.","holder_count":39}},{"type":"Feature","geometry":{"type":"Point","coordinates":[-6.285958,36.524272]},"properties":{"id":"VUT/CA/13623","type":"VUT","group":"Completa","address":"CALLE HIBISCOS Nº 5 Plta/Piso 11 Pta/Letra A, piso 11, puerta A","postal_code":"11007","places":4,"units":2,"registered":"2022-03-08","catastro":"3157110QA4435E0234JU","holder":null,"holder_count":null}},{"type":"Feature","geometry":{"type":"Point","coordinates":[-6.300971,36.528894]},"properties":{"id":"VUT/CA/13645","type":"VUT","group":"Completa","address":"CALLE CERCA DE CAPUCHINOS Nº 1 Plta/Piso 2 Pta/Letra B, piso 2, puerta B","postal_code":"11002","places":4,"units":2,"registered":"2022-03-09","catastro":"1762224QA4416B0017HK","holder":"APARTMENTS TIME S.L.","holder_count":55}},{"type":"Feature","geometry":{"type":"Point","coordinates":[-6.296332,36.535615]},"properties":{"id":"VUT/CA/13652","type":"VUT","group":"Completa","address":"CALLE GENERAL MENACHO Nº 3 Plta/Piso BAJO Pta/Letra B, piso BAJO, puerta B","postal_code":"11004","places":6,"units":2,"registered":"2022-03-10","catastro":"2169301QA4426G0002BO","holder":null,"holder_count":null}},{"type":"Feature","geometry":{"type":"Point","coordinates":[-6.297004,36.53079]},"properties":{"id":"VUT/CA/13656","type":"VUT","group":"Completa","address":"PLAZA topete Nº 4 Plta/Piso 2 Pta/Letra f, piso 2, puerta f","postal_code":"11001","places":8,"units":4,"registered":"2022-03-10","catastro":"2063315QA4426C0019LP","holder":null,"holder_count":null}},{"type":"Feature","geometry":{"type":"Point","coordinates":[-6.294333,36.529242]},"properties":{"id":"VUT/CA/13687","type":"VUT","group":"Completa","address":"CALLE ARCO DE LA ROSA Nº 2 y 3 Plta/Piso 2 Pta/Letra C Compl.Dom. PROMOCION ARCO DE LA ROSA, piso 2, puerta C","postal_code":"11005","places":4,"units":2,"registered":"2022-03-15","catastro":"2362319QA4426C0010JQ","holder":"LITTLE APARTMENTS S.L.","holder_count":20}},{"type":"Feature","geometry":{"type":"Point","coordinates":[-6.29287,36.530378]},"properties":{"id":"VUT/CA/13703","type":"VUT","group":"Completa","address":"CALLE FLAMENCO Nº 11 Plta/Piso 2 Pta/Letra IZ, piso 2, puerta IZ","postal_code":"11005","places":6,"units":2,"registered":"2022-03-16","catastro":"2463905QA4426C0008OW","holder":"APARTMENTS TIME S.L.","holder_count":55}},{"type":"Feature","geometry":{"type":"Point","coordinates":[-6.273065,36.49784]},"properties":{"id":"VUT/CA/13708","type":"VUT","group":"Completa","address":"CALLE PASEO MARITIMO Nº 27 Esc. 2 Plta/Piso 11 Pta/Letra B, piso 11, puerta B","postal_code":"11011","places":5,"units":2,"registered":"2022-03-16","catastro":"4428807QA4442G0086AO","holder":"DUNA BEDUINA SERVICIOS TURISTÍCOS, S.L.","holder_count":77}},{"type":"Feature","geometry":{"type":"Point","coordinates":[-6.275785,36.510081]},"properties":{"id":"VUT/CA/13711","type":"VUT","group":"Completa","address":"CALLE SALVADOR DEL MUNDO Nº 3 Plta/Piso 3 Pta/Letra A, piso 3, puerta A","postal_code":"11012","places":8,"units":3,"registered":"2022-03-16","catastro":"4042502QA4444C0015XE","holder":null,"holder_count":null}},{"type":"Feature","geometry":{"type":"Point","coordinates":[-6.302419,36.529652]},"properties":{"id":"VUT/CA/13716","type":"VUT","group":"Completa","address":"CALLE CRISTO DE LA MISERICORDIA Nº 6 Portal DUPLICADO Plta/Piso 1 Pta/Letra E, piso 1, puerta E","postal_code":"11002","places":4,"units":1,"registered":"2022-03-17","catastro":"1662204QA4416B0020DK","holder":"APARTMENTS TIME S.L.","holder_count":55}},{"type":"Feature","geometry":{"type":"Point","coordinates":[-6.302419,36.529652]},"properties":{"id":"VUT/CA/13717","type":"VUT","group":"Completa","address":"CALLE CRISTO DE LA MISERICORDIA Nº 6 Portal DUPLICADO Plta/Piso 1 Pta/Letra D, piso 1, puerta D","postal_code":"11002","places":4,"units":1,"registered":"2022-03-17","catastro":"1662204QA4416B0019GB","holder":"APARTMENTS TIME S.L.","holder_count":55}},{"type":"Feature","geometry":{"type":"Point","coordinates":[-6.29413,36.53017]},"properties":{"id":"VUT/CA/13731","type":"VUT","group":"Completa","address":"CALLE RUIZ DE BUSTAMANTE Nº 5 Plta/Piso 3 Pta/Letra DCHA, piso 3, puerta DCHA","postal_code":"11005","places":7,"units":3,"registered":"2022-03-20","catastro":"2363312QA4426C0006RM","holder":null,"holder_count":null}},{"type":"Feature","geometry":{"type":"Point","coordinates":[-6.294333,36.529242]},"properties":{"id":"VUT/CA/13738","type":"VUT","group":"Completa","address":"PASAJE ARCO DE LA ROSA Nº 2-3 Plta/Piso 1 Pta/Letra C, piso 1, puerta C","postal_code":"11005","places":4,"units":2,"registered":"2022-03-21","catastro":"2362319QA4426C0007JQ","holder":"ROBAYNA LECLERE S.L.","holder_count":1}},{"type":"Feature","geometry":{"type":"Point","coordinates":[-6.272166,36.496883]},"properties":{"id":"VUT/CA/13743","type":"VUT","group":"Completa","address":"PASEO Marítimo Nº 29 Esc. izqda Plta/Piso 2 Pta/Letra F, piso 2, puerta F","postal_code":"11011","places":7,"units":3,"registered":"2022-03-21","catastro":"4427901QA4442E0120EG","holder":null,"holder_count":null}},{"type":"Feature","geometry":{"type":"Point","coordinates":[-6.300496,36.53612]},"properties":{"id":"VUT/CA/13746","type":"VUT","group":"Completa","address":"CALLE ENRIQUE DE LAS MARINAS Portal 31 Plta/Piso 2 Pta/Letra A, piso 2, puerta A","postal_code":"11003","places":6,"units":2,"registered":"2022-03-22","catastro":"1870816QA4417B0001XX","holder":null,"holder_count":null}},{"type":"Feature","geometry":{"type":"Point","coordinates":[-6.275731,36.503962]},"properties":{"id":"VUT/CA/13752","type":"VUT","group":"Completa","address":"CALLE CARLOS HAYA Blq. 7 Plta/Piso 4 Pta/Letra A, piso 4, puerta A","postal_code":"11010","places":6,"units":3,"registered":"2022-03-22","catastro":"4134804QA4443C0109LO","holder":null,"holder_count":null}},{"type":"Feature","geometry":{"type":"Point","coordinates":[-6.28246,36.513661]},"properties":{"id":"VUT/CA/13760","type":"VUT","group":"Completa","address":"PLAZA SANTO ANGEL DE LA GUARDA Blq. 1 Plta/Piso 5 Pta/Letra C, piso 5, puerta C","postal_code":"11008","places":7,"units":3,"registered":"2022-03-22","catastro":"3546714QA4434F0020AT","holder":null,"holder_count":null}},{"type":"Feature","geometry":{"type":"Point","coordinates":[-6.270794,36.497186]},"properties":{"id":"VUT/CA/13762","type":"VUT","group":"Completa","address":"AVENIDA José León de Carranza Nº 5 Esc. A Plta/Piso 2 Pta/Letra C, piso 2, puerta C","postal_code":"11009","places":6,"units":3,"registered":"2022-03-23","catastro":"4627705QA4442F0006RD","holder":null,"holder_count":null}},{"type":"Feature","geometry":{"type":"Point","coordinates":[-6.303133,36.533565]},"properties":{"id":"VUT/CA/13786","type":"VUT","group":"Completa","address":"CALLE BENITO PÉREZ GALDÓS Nº 80 Plta/Piso BAJO Pta/Letra B, piso BAJO, puerta B","postal_code":"11002","places":4,"units":1,"registered":"2022-03-25","catastro":"1567503QA4416H0003GG","holder":null,"holder_count":null}},{"type":"Feature","geometry":{"type":"Point","coordinates":[-6.271746,36.498628]},"properties":{"id":"VUT/CA/13799","type":"VUT","group":"Completa","address":"PLAZA Jerez Nº 11 Plta/Piso 1 Pta/Letra B, piso 1, puerta B","postal_code":"11011","places":4,"units":1,"registered":"2022-03-26","catastro":"4429301QA4442G0114OU","holder":null,"holder_count":null}},{"type":"Feature","geometry":{"type":"Point","coordinates":[-6.302542,36.534664]},"properties":{"id":"VUT/CA/13806","type":"VUT","group":"Completa","address":"CALLE SANTA ROSALIA Nº 1 Plta/Piso 0 Pta/Letra DCHA, piso 0, puerta DCHA","postal_code":"11003","places":4,"units":1,"registered":"2022-03-28","catastro":"1668806QA4416H0001ED","holder":null,"holder_count":null}},{"type":"Feature","geometry":{"type":"Point","coordinates":[-6.2995,36.530678]},"properties":{"id":"VUT/CA/13809","type":"VUT","group":"Completa","address":"CALLE SAN FRANCISCO JAVIER Nº 11 Plta/Piso 1 Pta/Letra A, piso 1, puerta A","postal_code":"11002","places":4,"units":2,"registered":"2022-03-28","catastro":"1864930QA4416D0006LT","holder":null,"holder_count":null}},{"type":"Feature","geometry":{"type":"Point","coordinates":[-6.296859,36.53435]},"properties":{"id":"VUT/CA/13822","type":"VUT","group":"Completa","address":"CALLE SAN PEDRO Nº 18 Plta/Piso 2 Pta/Letra H, piso 2, puerta H","postal_code":"11004","places":4,"units":3,"registered":"2022-03-30","catastro":"2068421QA4426G0017RZ","holder":null,"holder_count":null}},{"type":"Feature","geometry":{"type":"Point","coordinates":[-6.294983,36.53029]},"properties":{"id":"VUT/CA/13834","type":"VUT","group":"Completa","address":"CALLE BARROCAL Nº 8 Plta/Piso 3 Pta/Letra DERECHA, piso 3, puerta DERECHA","postal_code":"11005","places":6,"units":2,"registered":"2022-03-31","catastro":"2364706QA4426C0006ZM","holder":null,"holder_count":null}},{"type":"Feature","geometry":{"type":"Point","coordinates":[-6.296063,36.531147]},"properties":{"id":"VUT/CA/13835","type":"VUT","group":"Completa","address":"CALLE SACRAMENTO Nº 7 Plta/Piso 3 Pta/Letra 13, piso 3, puerta 13","postal_code":"11001","places":4,"units":2,"registered":"2022-03-31","catastro":"2265718QA4426E0031HA","holder":"LITTLE APARTMENTS S.L.","holder_count":20}},{"type":"Feature","geometry":{"type":"Point","coordinates":[-6.272565,36.497408]},"properties":{"id":"VUT/CA/13852","type":"VUT","group":"Completa","address":"PASEO Maritimo Nº 28 Calif.Nº DP Plta/Piso 7 Pta/Letra D, piso 7, puerta D","postal_code":"11011","places":4,"units":1,"registered":"2022-04-02","catastro":"4428805QA4442G0090JP","holder":null,"holder_count":null}},{"type":"Feature","geometry":{"type":"Point","coordinates":[-6.271742,36.511323]},"properties":{"id":"VUT/CA/13857","type":"VUT","group":"Completa","address":"PLAZA Arillo Nº 24 Plta/Piso 1º Pta/Letra B, piso 1º, puerta B","postal_code":"11012","places":6,"units":3,"registered":"2022-04-03","catastro":"4443901QA4444C0010BZ","holder":null,"holder_count":null}},{"type":"Feature","geometry":{"type":"Point","coordinates":[-6.273922,36.503328]},"properties":{"id":"VUT/CA/13878","type":"VUT","group":"Completa","address":"CALLE PINTOR ZULOAGA Nº 35 Plta/Piso 3 Pta/Letra A, piso 3, puerta A","postal_code":"11010","places":6,"units":3,"registered":"2022-04-05","catastro":"4234401QA4443C0037UW","holder":null,"holder_count":null}},{"type":"Feature","geometry":{"type":"Point","coordinates":[-6.303285,36.528978]},"properties":{"id":"VUT/CA/13910","type":"VUT","group":"Completa","address":"CALLE PERICON DE CADIZ Nº 6 Plta/Piso BAJO Pta/Letra A, piso BAJO, puerta A","postal_code":"11002","places":2,"units":1,"registered":"2022-04-09","catastro":"1561203QA4416B0005ZO","holder":null,"holder_count":null}},{"type":"Feature","geometry":{"type":"Point","coordinates":[-6.278807,36.514451]},"properties":{"id":"VUT/CA/13916","type":"VUT","group":"Completa","address":"AVENIDA PORTUGAL Nº 43 Plta/Piso 2 Pta/Letra B, piso 2, puerta B","postal_code":"11008","places":6,"units":4,"registered":"2022-04-10","catastro":"3747508QA4434H0030KU","holder":null,"holder_count":null}},{"type":"Feature","geometry":{"type":"Point","coordinates":[-6.292647,36.530338]},"properties":{"id":"VUT/CA/13920","type":"VUT","group":"Completa","address":"PLAZA SAN JUAN DE DIOS Nº 1 Plta/Piso 2 Pta/Letra C, piso 2, puerta C","postal_code":"11005","places":5,"units":2,"registered":"2022-04-11","catastro":"2463909QA4426C0012ME","holder":"DUNA BEDUINA SERVICIOS TURISTÍCOS, S.L.","holder_count":77}},{"type":"Feature","geometry":{"type":"Point","coordinates":[-6.292647,36.530338]},"properties":{"id":"VUT/CA/13921","type":"VUT","group":"Completa","address":"PLAZA SAN JUAN DE DIOS Nº 1 Plta/Piso 2 Pta/Letra B, piso 2, puerta B","postal_code":"11005","places":5,"units":2,"registered":"2022-04-11","catastro":"2463909QA4426C0011XW","holder":"DUNA BEDUINA SERVICIOS TURISTÍCOS, S.L.","holder_count":77}},{"type":"Feature","geometry":{"type":"Point","coordinates":[-6.300698,36.53521]},"properties":{"id":"VUT/CA/13929","type":"VUT","group":"Completa","address":"CALLE CERVANTES Nº 42-44 Plta/Piso BAJO Pta/Letra B, piso BAJO, puerta B","postal_code":"11003","places":6,"units":2,"registered":"2022-04-12","catastro":"1768306QA4416H0003MG","holder":null,"holder_count":null}},{"type":"Feature","geometry":{"type":"Point","coordinates":[-6.274399,36.506509]},"properties":{"id":"VUT/CA/13943","type":"VUT","group":"Completa","address":"CALLE SANTISIMO CRISTO DE LAS AGUAS Nº 8 Plta/Piso 4 Pta/Letra A, piso 4, puerta A","postal_code":"11010","places":6,"units":3,"registered":"2022-04-13","catastro":"4238704qA4443G0005BG","holder":null,"holder_count":null}},{"type":"Feature","geometry":{"type":"Point","coordinates":[-6.300338,36.534028]},"properties":{"id":"VUT/CA/13944","type":"VUT","group":"Completa","address":"CALLE ZARAGOZA Nº 15 Plta/Piso 0 Pta/Letra IZQ, piso 0, puerta IZQ","postal_code":"11003","places":2,"units":1,"registered":"2022-04-13","catastro":"1868718QA4416H0002LF","holder":null,"holder_count":null}},{"type":"Feature","geometry":{"type":"Point","coordinates":[-6.279597,36.508701]},"properties":{"id":"VUT/CA/13952","type":"VUT","group":"Completa","address":"CALLE Almirante Vierna Nº 14 Plta/Piso Bajo Pta/Letra A, piso Bajo, puerta A","postal_code":"11009","places":6,"units":3,"registered":"2022-04-17","catastro":"3740806QA4434B0001EW","holder":null,"holder_count":null}},{"type":"Feature","geometry":{"type":"Point","coordinates":[-6.298354,36.5337]},"properties":{"id":"VUT/CA/13958","type":"VUT","group":"Completa","address":"CALLE CERVANTES Nº 17 Plta/Piso 1 Pta/Letra C, piso 1, puerta C","postal_code":"11001","places":4,"units":1,"registered":"2022-04-18","catastro":"1967419QA4416H0005YJ","holder":null,"holder_count":null}},{"type":"Feature","geometry":{"type":"Point","coordinates":[-6.272952,36.499012]},"properties":{"id":"VUT/CA/13963","type":"VUT","group":"Completa","address":"AVENIDA José León de Carranza Nº 8 Plta/Piso 11 Pta/Letra D, piso 11, puerta D","postal_code":"11011","places":4,"units":1,"registered":"2022-04-18","catastro":"4329901QA4442G0154MS","holder":null,"holder_count":null}},{"type":"Feature","geometry":{"type":"Point","coordinates":[-6.302493,36.531604]},"properties":{"id":"VUT/CA/13986","type":"VUT","group":"Completa","address":"CALLE JESUS NAZARENO Nº 18 Plta/Piso 1 Pta/Letra A, piso 1, puerta A","postal_code":"11002","places":4,"units":1,"registered":"2022-04-20","catastro":"1665601QA4416F0005IX","holder":null,"holder_count":null}},{"type":"Feature","geometry":{"type":"Point","coordinates":[-6.302485,36.532145]},"properties":{"id":"VUT/CA/13987","type":"VUT","group":"Completa","address":"CALLE ENCARNACION Nº 16 Y 18 Plta/Piso BAJO Pta/Letra EXTERIOR, piso BAJO, puerta EXTERIOR","postal_code":"11002","places":2,"units":1,"registered":"2022-04-21","catastro":"1665810QA4416F0001BK","holder":null,"holder_count":null}},{"type":"Feature","geometry":{"type":"Point","coordinates":[-6.29872,36.533721]},"properties":{"id":"VUT/CA/13996","type":"VUT","group":"Completa","address":"CALLE CERVANTES Nº 23 Esc. 1 Plta/Piso 4 Pta/Letra 6, piso 4, puerta 6","postal_code":"11001","places":4,"units":2,"registered":"2022-04-22","catastro":"1967422QA4416H0008OB","holder":"ALQUILER VACACIONAL TURISMO E INNOVACIÓN SOCIAL SCA","holder_count":81}},{"type":"Feature","geometry":{"type":"Point","coordinates":[-6.303498,36.530652]},"properties":{"id":"VUT/CA/14011","type":"VUT","group":"Completa","address":"CALLE VIDAL Nº 8 Plta/Piso BAJO Pta/Letra A, piso BAJO, puerta A","postal_code":"11002","places":4,"units":2,"registered":"2022-04-22","catastro":"1563901QA4416D0001FM","holder":null,"holder_count":null}},{"type":"Feature","geometry":{"type":"Point","coordinates":[-6.294335,36.530713]},"properties":{"id":"VUT/CA/14013","type":"VUT","group":"Completa","address":"CALLE COBOS Nº 1 Plta/Piso 2, piso 2","postal_code":"11005","places":5,"units":2,"registered":"2022-04-23","catastro":"2364606QA4426C0004GZ","holder":null,"holder_count":null}},{"type":"Feature","geometry":{"type":"Point","coordinates":[-6.271428,36.50547]},"properties":{"id":"VUT/CA/14017","type":"VUT","group":"Completa","address":"PLAZA VIRGEN DE LORETO Nº 13 Plta/Piso 4 Pta/Letra A, piso 4, puerta A","postal_code":"11011","places":6,"units":3,"registered":"2022-04-23","catastro":"4536801QA4443F0013FA","holder":null,"holder_count":null}},{"type":"Feature","geometry":{"type":"Point","coordinates":[-6.297843,36.532875]},"properties":{"id":"VUT/CA/14019","type":"VUT","group":"Completa","address":"CALLE Cervantes Nº 1 Plta/Piso bajo Pta/Letra derecha, piso bajo, puerta derecha","postal_code":"11001","places":4,"units":2,"registered":"2022-04-23","catastro":"2066316QA4426E0007AL","holder":null,"holder_count":null}},{"type":"Feature","geometry":{"type":"Point","coordinates":[-6.294518,36.53531]},"properties":{"id":"VUT/CA/14035","type":"VUT","group":"Completa","address":"CALLE MANUEL RANCES Nº 19 Plta/Piso ENTREPLANT, piso ENTREPLANT","postal_code":"11004","places":4,"units":2,"registered":"2022-04-25","catastro":"2369403QA4426G0017GZ","holder":null,"holder_count":null}},{"type":"Feature","geometry":{"type":"Point","coordinates":[-6.303593,36.530068]},"properties":{"id":"VUT/CA/14052","type":"VUT","group":"Completa","address":"BUENOS AIRES Nº 18 Plta/Piso ATICO, piso ATICO","postal_code":"11003","places":6,"units":3,"registered":"2022-04-26","catastro":"1563501QA4416D0012YI","holder":null,"holder_count":null}},{"type":"Feature","geometry":{"type":"Point","coordinates":[-6.301861,36.531648]},"properties":{"id":"VUT/CA/14054","type":"VUT","group":"Completa","address":"CALLE TORRE Nº 46 Plta/Piso 2 Pta/Letra D, piso 2, puerta D","postal_code":"11002","places":3,"units":1,"registered":"2022-04-27","catastro":"1764106QA4416D0012QI","holder":null,"holder_count":null}},{"type":"Feature","geometry":{"type":"Point","coordinates":[-6.272262,36.497716]},"properties":{"id":"VUT/CA/14074","type":"VUT","group":"Completa","address":"AVENIDA José León de Carranza Nº 18DPD Esc. A Plta/Piso 5º Pta/Letra C, piso 5º, puerta C","postal_code":"11011","places":5,"units":3,"registered":"2022-04-29","catastro":"4428804QA4442G0070JL","holder":null,"holder_count":null}},{"type":"Feature","geometry":{"type":"Point","coordinates":[-6.304011,36.531781]},"properties":{"id":"VUT/CA/14076","type":"VUT","group":"Completa","address":"CALLE SAN RAFAEL Nº 49-51 Plta/Piso 1 Pta/Letra D, piso 1, puerta D","postal_code":"11002","places":6,"units":2,"registered":"2022-04-29","catastro":"1565817QA4416F0041RM","holder":null,"holder_count":null}},{"type":"Feature","geometry":{"type":"Point","coordinates":[-6.276024,36.512785]},"properties":{"id":"VUT/CA/14110","type":"VUT","group":"Completa","address":"CALLE MEDINA SIDONIA Nº 15 Plta/Piso 7 Pta/Letra B, piso 7, puerta B","postal_code":"11012","places":4,"units":2,"registered":"2022-05-03","catastro":"4044302QA4444C0300ZM","holder":null,"holder_count":null}},{"type":"Feature","geometry":{"type":"Point","coordinates":[-6.299327,36.536381]},"properties":{"id":"VUT/CA/14115","type":"VUT","group":"Completa","address":"CALLE Vea Murguía Nº 25 Plta/Piso 4º Pta/Letra I, piso 4º, puerta I","postal_code":"11003","places":8,"units":3,"registered":"2022-05-03","catastro":"1970801QA4417B0007RT","holder":null,"holder_count":null}},{"type":"Feature","geometry":{"type":"Point","coordinates":[-6.303989,36.528338]},"properties":{"id":"VUT/CA/14116","type":"VUT","group":"Completa","address":"CALLE VENEZUELA Nº 6 Plta/Piso 6 Pta/Letra A, piso 6, puerta A","postal_code":"11002","places":6,"units":3,"registered":"2022-05-04","catastro":"1461503QA4416A0017RO","holder":null,"holder_count":null}},{"type":"Feature","geometry":{"type":"Point","coordinates":[-6.265729,36.507015]},"properties":{"id":"VUT/CA/14117","type":"VUT","group":"Completa","address":"CALLE CARRACA Nº 1 Blq. A Plta/Piso 2 Pta/Letra CEN, piso 2, puerta CEN","postal_code":"11011","places":4,"units":1,"registered":"2022-05-04","catastro":"5038101QA4453G0016YR","holder":null,"holder_count":null}},{"type":"Feature","geometry":{"type":"Point","coordinates":[-6.28051,36.51108]},"properties":{"id":"VUT/CA/14120","type":"VUT","group":"Completa","address":"CALLE DOROTEA Nº 8 Esc. 1 Plta/Piso 00 Pta/Letra 1 Compl.Dom. BAJO, piso 00, puerta 1","postal_code":"11009","places":4,"units":2,"registered":"2022-05-04","catastro":"3643508QA4434D0004SM","holder":"LUZIMO 2017 S.L.","holder_count":1}},{"type":"Feature","geometry":{"type":"Point","coordinates":[-6.275911,36.507064]},"properties":{"id":"VUT/CA/14123","type":"VUT","group":"Completa","address":"CALLE Santa Teresa de Jesús Nº 17 Plta/Piso 3 Pta/Letra D, piso 3, puerta D","postal_code":"11010","places":4,"units":1,"registered":"2022-05-04","catastro":"4138101QA4443G0041QH","holder":null,"holder_count":null}},{"type":"Feature","geometry":{"type":"Point","coordinates":[-6.212423,36.449113]},"properties":{"id":"VUT/CA/14141","type":"VUT","group":"Por habitaciones","address":"CALLE PELOTA Nº 8 Plta/Piso 2, piso 2","postal_code":"11005","places":4,"units":1,"registered":"2022-05-05","catastro":"9975501QA4397F0054GI","holder":null,"holder_count":null}},{"type":"Feature","geometry":{"type":"Point","coordinates":[-6.2795,36.516977]},"properties":{"id":"VUT/CA/14142","type":"VUT","group":"Por habitaciones","address":"CALLE FRANCISCO GARCIA DE SOLA Nº 29 Plta/Piso BJ Pta/Letra B, piso BJ, puerta B","postal_code":"11008","places":2,"units":1,"registered":"2022-05-05","catastro":"3749901QA4434H0037AF","holder":null,"holder_count":null}},{"type":"Feature","geometry":{"type":"Point","coordinates":[-6.294647,36.53252]},"properties":{"id":"VUT/CA/14164","type":"VUT","group":"Completa","address":"CALLE Marqués de Valdeíñigo Nº 4 Plta/Piso 3 Pta/Letra I, piso 3, puerta I","postal_code":"11004","places":6,"units":3,"registered":"2022-05-08","catastro":"2366601QA4426E0010YL","holder":null,"holder_count":null}},{"type":"Feature","geometry":{"type":"Point","coordinates":[-6.301843,36.53206]},"properties":{"id":"VUT/CA/14173","type":"VUT","group":"Completa","address":"CALLE ENCARNACIÓN Nº 5 Plta/Piso 2 Pta/Letra B, piso 2, puerta B","postal_code":"11002","places":6,"units":3,"registered":"2022-05-09","catastro":"1665412QA4416F0007TQ","holder":null,"holder_count":null}},{"type":"Feature","geometry":{"type":"Point","coordinates":[-6.286396,36.523648]},"properties":{"id":"VUT/CA/14177","type":"VUT","group":"Completa","address":"CALLE SANTA CRUZ DE TENERIFE Nº 5 Plta/Piso 1 Pta/Letra A, piso 1, puerta A","postal_code":"11007","places":8,"units":3,"registered":"2022-05-09","catastro":"3057207QA4435E0037ER","holder":null,"holder_count":null}},{"type":"Feature","geometry":{"type":"Point","coordinates":[-6.276408,36.511083]},"properties":{"id":"VUT/CA/14204","type":"VUT","group":"Completa","address":"CALLE SAN GABRIEL Nº 12 Plta/Piso 1 Pta/Letra C, piso 1, puerta C","postal_code":"11009","places":6,"units":3,"registered":"2022-05-11","catastro":"4043601QA4444C0019EU","holder":null,"holder_count":null}},{"type":"Feature","geometry":{"type":"Point","coordinates":[-6.2995,36.530678]},"properties":{"id":"VUT/CA/14226","type":"VUT","group":"Completa","address":"CALLE SAN FRANCISCO JAVIER Nº 11 Plta/Piso Bajo Pta/Letra E, piso Bajo, puerta E","postal_code":"11002","places":4,"units":1,"registered":"2022-05-12","catastro":"1864930QA4416D0005KR","holder":"APARTMENTS TIME S.L.","holder_count":55}},{"type":"Feature","geometry":{"type":"Point","coordinates":[-6.265403,36.507126]},"properties":{"id":"VUT/CA/14231","type":"VUT","group":"Completa","address":"CALLE CARRACA Nº 5 Plta/Piso BAJO Pta/Letra A, piso BAJO, puerta A","postal_code":"11011","places":3,"units":1,"registered":"2022-05-13","catastro":"5039703QA4453G0001KG","holder":null,"holder_count":null}},{"type":"Feature","geometry":{"type":"Point","coordinates":[-6.296361,36.533595]},"properties":{"id":"VUT/CA/14232","type":"VUT","group":"Completa","address":"CALLE VALVERDE Nº 7 Plta/Piso BAJO Pta/Letra D, piso BAJO, puerta D","postal_code":"11004","places":3,"units":1,"registered":"2022-05-13","catastro":"2167209QA4426E0001ID","holder":null,"holder_count":null}},{"type":"Feature","geometry":{"type":"Point","coordinates":[-6.301253,36.532204]},"properties":{"id":"VUT/CA/14240","type":"VUT","group":"Completa","address":"CALLE HOSPITAL DE MUJERES Nº 39 Plta/Piso 4 Pta/Letra IZQ, piso 4, puerta IZQ","postal_code":"11001","places":4,"units":1,"registered":"2022-05-13","catastro":"1765208QA4416F0009TE","holder":null,"holder_count":null}},{"type":"Feature","geometry":{"type":"Point","coordinates":[-6.301253,36.532204]},"properties":{"id":"VUT/CA/14241","type":"VUT","group":"Completa","address":"CALLE HOSPITAL DE MUJERES Nº 39 Plta/Piso 4 Pta/Letra DCHA, piso 4, puerta DCHA","postal_code":"11001","places":6,"units":3,"registered":"2022-05-13","catastro":"1765208QA4416F0008RW","holder":null,"holder_count":null}},{"type":"Feature","geometry":{"type":"Point","coordinates":[-6.301861,36.531648]},"properties":{"id":"VUT/CA/14274","type":"VUT","group":"Completa","address":"CALLE TORRE Nº 46 Esc. 1 Plta/Piso 1 Pta/Letra C, piso 1, puerta C","postal_code":"11002","places":4,"units":2,"registered":"2022-05-17","catastro":"1764106QA4416D0007XY","holder":null,"holder_count":null}},{"type":"Feature","geometry":{"type":"Point","coordinates":[-6.298258,36.534039]},"properties":{"id":"VUT/CA/14293","type":"VUT","group":"Completa","address":"CALLE ANCHA Nº 9 Plta/Piso 3 Pta/Letra 29, piso 3, puerta 29","postal_code":"11001","places":4,"units":1,"registered":"2022-05-18","catastro":"1967406QA4416H0020JE","holder":null,"holder_count":null}},{"type":"Feature","geometry":{"type":"Point","coordinates":[-6.277582,36.509864]},"properties":{"id":"VUT/CA/14295","type":"VUT","group":"Completa","address":"CALLE EJERCITO DE AFRICA Nº 3 Plta/Piso BJ Pta/Letra IZQ Compl.Dom. LA CALLE HA SIDO RENOMBRADA POR CALLE MODESTA CALVO, piso BJ, puerta IZQ","postal_code":"11009","places":4,"units":2,"registered":"2022-05-18","catastro":"3941908QA4434B0009XP","holder":null,"holder_count":null}},{"type":"Feature","geometry":{"type":"Point","coordinates":[-6.294333,36.529242]},"properties":{"id":"VUT/CA/14299","type":"VUT","group":"Completa","address":"PASAJE ARCO DE LA ROSA Nº 3 Plta/Piso BAJO Pta/Letra C, piso BAJO, puerta C","postal_code":"11005","places":4,"units":2,"registered":"2022-05-18","catastro":"2362319QA4426C0004FZ","holder":null,"holder_count":null}},{"type":"Feature","geometry":{"type":"Point","coordinates":[-6.284218,36.519697]},"properties":{"id":"VUT/CA/14302","type":"VUT","group":"Completa","address":"AVENIDA ANDALUCIA Nº 63 Plta/Piso 1 Pta/Letra C, piso 1, puerta C","postal_code":"11007","places":8,"units":4,"registered":"2022-05-19","catastro":"3352216QA4435A0014FB","holder":null,"holder_count":null}},{"type":"Feature","geometry":{"type":"Point","coordinates":[-6.300601,36.531941]},"properties":{"id":"VUT/CA/14323","type":"VUT","group":"Completa","address":"CALLE HOSPITAL DE MUJERES Nº 42 Plta/Piso 2 Pta/Letra B, piso 2, puerta B","postal_code":"11001","places":4,"units":1,"registered":"2022-05-21","catastro":"1765405QA4416F0002WL","holder":"GENTEEL HOME GESTORA S.L.U.","holder_count":5}},{"type":"Feature","geometry":{"type":"Point","coordinates":[-6.276821,36.506945]},"properties":{"id":"VUT/CA/14345","type":"VUT","group":"Completa","address":"CALLE santa teresa de jesus 18-20 Nº 18 Plta/Piso 1 Pta/Letra d, piso 1, puerta d","postal_code":"11010","places":4,"units":2,"registered":"2022-05-23","catastro":"3938306QA4433H0006MZ","holder":null,"holder_count":null}},{"type":"Feature","geometry":{"type":"Point","coordinates":[-6.300601,36.531941]},"properties":{"id":"VUT/CA/14357","type":"VUT","group":"Completa","address":"CALLE HOSPITAL DE MUJERES Nº 42 Plta/Piso 1 Pta/Letra C, piso 1, puerta C","postal_code":"11001","places":4,"units":2,"registered":"2022-05-24","catastro":"1765405QA4416F2005QK","holder":null,"holder_count":null}},{"type":"Feature","geometry":{"type":"Point","coordinates":[-6.271724,36.499674]},"properties":{"id":"VUT/CA/14368","type":"VUT","group":"Completa","address":"PLAZA JEREZ DE LA FRONTERA 6 Nº 6 Plta/Piso 1 Pta/Letra A, piso 1, puerta A","postal_code":"11010","places":4,"units":2,"registered":"2022-05-24","catastro":"4429305QA4443A0018MJ","holder":null,"holder_count":null}},{"type":"Feature","geometry":{"type":"Point","coordinates":[-6.301253,36.530836]},"properties":{"id":"VUT/CA/14378","type":"VUT","group":"Completa","address":"CALLE ROSA Calif.Nº 11 Plta/Piso 2ª Pta/Letra DERECHA, piso 2ª, puerta DERECHA","postal_code":"11002","places":6,"units":3,"registered":"2022-05-25","catastro":"1764919QA4416D0006TT","holder":null,"holder_count":null}},{"type":"Feature","geometry":{"type":"Point","coordinates":[-6.269427,36.505853]},"properties":{"id":"VUT/CA/14383","type":"VUT","group":"Completa","address":"CALLE PLUS ULTRA Nº 1 Plta/Piso 1 Pta/Letra C, piso 1, puerta C","postal_code":"11011","places":6,"units":3,"registered":"2022-05-25","catastro":"4636309QA4443F0003TR","holder":null,"holder_count":null}},{"type":"Feature","geometry":{"type":"Point","coordinates":[-6.296416,36.535781]},"properties":{"id":"VUT/CA/14384","type":"VUT","group":"Completa","address":"CALLE CALLE GENERAL MENACHO Portal 4 Plta/Piso BAJO Pta/Letra IZQ, piso BAJO, puerta IZQ","postal_code":"11004","places":6,"units":3,"registered":"2022-05-25","catastro":"2170610QA4427A0005PZ","holder":null,"holder_count":null}},{"type":"Feature","geometry":{"type":"Point","coordinates":[-6.301333,36.529264]},"properties":{"id":"VUT/CA/14391","type":"VUT","group":"Completa","address":"CALLE PORTERIA DE CAPUCHINOS Nº 22 Plta/Piso BAJO, piso BAJO","postal_code":"11002","places":4,"units":2,"registered":"2022-05-26","catastro":"1762204QA4416B0001GT","holder":"VIÑACAI, S.L.","holder_count":1}},{"type":"Feature","geometry":{"type":"Point","coordinates":[-6.27895,36.515319]},"properties":{"id":"VUT/CA/14427","type":"VUT","group":"Completa","address":"CALLE Recreo Nº 28","postal_code":"11008","places":8,"units":4,"registered":"2022-05-30","catastro":"3747501QA4434H0084JM","holder":null,"holder_count":null}},{"type":"Feature","geometry":{"type":"Point","coordinates":[-6.290758,36.536125]},"properties":{"id":"VUT/CA/14445","type":"VUT","group":"Completa","address":"PLAZA TRES CARABELAS Nº 5 Plta/Piso 8 Pta/Letra D, piso 8, puerta D","postal_code":"11004","places":5,"units":2,"registered":"2022-05-31","catastro":"2670401QA4427B0032KW","holder":"88 PUBLICIDAD SL","holder_count":1}},{"type":"Feature","geometry":{"type":"Point","coordinates":[-6.285567,36.523463]},"properties":{"id":"VUT/CA/14462","type":"VUT","group":"Completa","address":"CALLE ACACIAS Nº 16 Plta/Piso 4 Pta/Letra E, piso 4, puerta E","postal_code":"11007","places":2,"units":2,"registered":"2022-06-01","catastro":"3156503QA4435E0045JO","holder":null,"holder_count":null}},{"type":"Feature","geometry":{"type":"Point","coordinates":[-6.281207,36.510417]},"properties":{"id":"VUT/CA/14474","type":"VUT","group":"Completa","address":"CALLE Amílcar Barca Nº 29 Esc. 1 Plta/Piso 2 Pta/Letra f, piso 2, puerta f","postal_code":"11009","places":7,"units":5,"registered":"2022-06-01","catastro":"3642704QA4434B0008YO","holder":null,"holder_count":null}},{"type":"Feature","geometry":{"type":"Point","coordinates":[-6.292281,36.529009]},"properties":{"id":"VUT/CA/14481","type":"VUT","group":"Completa","address":"CALLE Manuel Henríquez Nº 8 Plta/Piso 3 Pta/Letra I Compl.Dom. Catastralmente Plaza de las Canastas. Ático I, piso 3, puerta I","postal_code":"11005","places":6,"units":2,"registered":"2022-06-02","catastro":"2562604QA4426B0012XJ","holder":null,"holder_count":null}},{"type":"Feature","geometry":{"type":"Point","coordinates":[-6.275974,36.509712]},"properties":{"id":"VUT/CA/14516","type":"VUT","group":"Completa","address":"CALLE Garcia Carrera Nº 45","postal_code":"11009","places":4,"units":2,"registered":"2022-06-03","catastro":"4041401QA4444A0006ZW","holder":null,"holder_count":null}},{"type":"Feature","geometry":{"type":"Point","coordinates":[-6.275557,36.507609]},"properties":{"id":"VUT/CA/14529","type":"VUT","group":"Completa","address":"CALLE MURILLO Nº 5 Plta/Piso BAJO Pta/Letra C, piso BAJO, puerta C","postal_code":"11010","places":6,"units":2,"registered":"2022-06-04","catastro":"4138118QA4443G0020BQ","holder":null,"holder_count":null}},{"type":"Feature","geometry":{"type":"Point","coordinates":[-6.278987,36.511865]},"properties":{"id":"VUT/CA/14556","type":"VUT","group":"Por habitaciones","address":"CALLE Cronos Nº 1 Plta/Piso 2 Pta/Letra D, piso 2, puerta D","postal_code":"11009","places":2,"units":2,"registered":"2022-06-06","catastro":"3843801QA4434D0008KR","holder":null,"holder_count":null}},{"type":"Feature","geometry":{"type":"Point","coordinates":[-6.304114,36.528892]},"properties":{"id":"VUT/CA/14560","type":"VUT","group":"Completa","address":"CALLE PERICON DE CADIZ Nº 14 Plta/Piso BAJO Pta/Letra A, piso BAJO, puerta A","postal_code":"11002","places":4,"units":1,"registered":"2022-06-06","catastro":"1561101QA4416B0002LY","holder":null,"holder_count":null}},{"type":"Feature","geometry":{"type":"Point","coordinates":[-6.271249,36.505076]},"properties":{"id":"VUT/CA/14567","type":"VUT","group":"Completa","address":"PLAZA VIRGEN DE LORETO Nº 10 Plta/Piso BAJO Pta/Letra IZQ, piso BAJO, puerta IZQ","postal_code":"11011","places":4,"units":3,"registered":"2022-06-07","catastro":"4536804QA4443F0020XG","holder":null,"holder_count":null}},{"type":"Feature","geometry":{"type":"Point","coordinates":[-6.296691,36.529914]},"properties":{"id":"VUT/CA/14570","type":"VUT","group":"Completa","address":"CALLE OBISPO URQUINAONA Nº 17 Plta/Piso 3 Pta/Letra A, piso 3, puerta A","postal_code":"11005","places":4,"units":1,"registered":"2022-06-07","catastro":"2163921QA4426C0015SY","holder":null,"holder_count":null}},{"type":"Feature","geometry":{"type":"Point","coordinates":[-6.292895,36.53016]},"properties":{"id":"VUT/CA/14607","type":"VUT","group":"Completa","address":"PLAZA SAN JUAN DE DIOS Nº 3 Plta/Piso 2 Pta/Letra A, piso 2, puerta A","postal_code":"11005","places":6,"units":2,"registered":"2022-06-09","catastro":"2463911QA4426C0004OZ","holder":"CADIZ4RENTALS, S.L.","holder_count":2}},{"type":"Feature","geometry":{"type":"Point","coordinates":[-6.275018,36.504725]},"properties":{"id":"VUT/CA/14617","type":"VUT","group":"Completa","address":"CALLE velazquez Blq. 3 Portal 3 Esc. centro Plta/Piso 1 Pta/Letra A, piso 1, puerta A","postal_code":"11010","places":4,"units":2,"registered":"2022-06-09","catastro":"4135201QA4443E0002OJ","holder":null,"holder_count":null}},{"type":"Feature","geometry":{"type":"Point","coordinates":[-6.273971,36.500802]},"properties":{"id":"VUT/CA/14629","type":"VUT","group":"Completa","address":"AVENIDA PERIODISTA BEATRIZ CIENFUEGOS Nº 2 Portal 2 Esc. 1 Plta/Piso 5 Pta/Letra C, piso 5, puerta C","postal_code":"11011","places":4,"units":2,"registered":"2022-06-10","catastro":"4231902QA4443A0061DX","holder":"ALQUILER VACACIONAL TURISMO E INNOVACIÓN SOCIAL SCA","holder_count":81}},{"type":"Feature","geometry":{"type":"Point","coordinates":[-6.299786,36.53503]},"properties":{"id":"VUT/CA/14637","type":"VUT","group":"Completa","address":"CALLE PLATA Nº 3 Plta/Piso BAJO, piso BAJO","postal_code":"11003","places":2,"units":1,"registered":"2022-06-11","catastro":"1868207QA4416H0001KD","holder":null,"holder_count":null}},{"type":"Feature","geometry":{"type":"Point","coordinates":[-6.291868,36.529756]},"properties":{"id":"VUT/CA/14642","type":"VUT","group":"Completa","address":"CALLE SOTO Nº 3 Plta/Piso BAJO Pta/Letra A, piso BAJO, puerta A","postal_code":"11005","places":4,"units":2,"registered":"2022-06-12","catastro":"2563504QA4426D0002HT","holder":"ALQUILER VACACIONAL TURISMO E INNOVACIÓN SOCIAL SCA","holder_count":81}},{"type":"Feature","geometry":{"type":"Point","coordinates":[-6.299114,36.53044]},"properties":{"id":"VUT/CA/14648","type":"VUT","group":"Completa","address":"CALLE ROBLES Nº 7 Plta/Piso 2 Pta/Letra B, piso 2, puerta B","postal_code":"11002","places":2,"units":1,"registered":"2022-06-13","catastro":"1963204QA4416D0006OT","holder":"PROBAHIA PROYECTOS Y DESARROLLOS INTEGRALES SL","holder_count":1}},{"type":"Feature","geometry":{"type":"Point","coordinates":[-6.30464,36.52828]},"properties":{"id":"VUT/CA/14656","type":"VUT","group":"Completa","address":"AVENIDA Campo del sur Nº 40 Plta/Piso 2 Pta/Letra D, piso 2, puerta D","postal_code":"11002","places":6,"units":3,"registered":"2022-06-13","catastro":"1461601QA4416A0012IR","holder":null,"holder_count":null}},{"type":"Feature","geometry":{"type":"Point","coordinates":[-6.280076,36.510153]},"properties":{"id":"VUT/CA/14672","type":"VUT","group":"Completa","address":"CALLE CRUZ ROJA ESPAÑOLA Nº 9 Plta/Piso 4 Pta/Letra A, piso 4, puerta A","postal_code":"11009","places":5,"units":3,"registered":"2022-06-14","catastro":"3741204QA4434B0094OX","holder":null,"holder_count":null}},{"type":"Feature","geometry":{"type":"Point","coordinates":[-6.293087,36.53086]},"properties":{"id":"VUT/CA/14678","type":"VUT","group":"Completa","address":"CALLE CRISTOBAL COLON Nº 4 Plta/Piso 4 Pta/Letra B, piso 4, puerta B","postal_code":"11005","places":2,"units":1,"registered":"2022-06-14","catastro":"2464520QA4426C0009AE","holder":"AC GESTION CADIZ S.L.","holder_count":39}},{"type":"Feature","geometry":{"type":"Point","coordinates":[-6.280702,36.510612]},"properties":{"id":"VUT/CA/14695","type":"VUT","group":"Completa","address":"CALLE CRUZ ROJA ESPAÑOLA Nº 2 Plta/Piso 2 Pta/Letra D, piso 2, puerta D","postal_code":"11009","places":6,"units":3,"registered":"2022-06-15","catastro":"3642702QA4434B0009SP","holder":null,"holder_count":null}},{"type":"Feature","geometry":{"type":"Point","coordinates":[-6.299547,36.536154]},"properties":{"id":"VUT/CA/14709","type":"VUT","group":"Completa","address":"CALLE VEA MURGUIA Nº 26 Calif.Nº 3","postal_code":"11003","places":6,"units":2,"registered":"2022-06-16","catastro":"1870611QA4417B0003JQ","holder":null,"holder_count":null}},{"type":"Feature","geometry":{"type":"Point","coordinates":[-6.274452,36.510353]},"properties":{"id":"VUT/CA/14718","type":"VUT","group":"Completa","address":"AVENIDA SEGUNDA AGUADA Nº 20 Plta/Piso 8 Pta/Letra C, piso 8, puerta C","postal_code":"11012","places":4,"units":3,"registered":"2022-06-16","catastro":"4242801QA4444A0084AP","holder":null,"holder_count":null}},{"type":"Feature","geometry":{"type":"Point","coordinates":[-6.300496,36.53612]},"properties":{"id":"VUT/CA/14721","type":"VUT","group":"Completa","address":"CALLE ENRIQUE DE LAS MARINAS Nº 31 Plta/Piso BAJO Pta/Letra B, piso BAJO, puerta B","postal_code":"11003","places":2,"units":1,"registered":"2022-06-17","catastro":"1870816QA4417B0001XX","holder":null,"holder_count":null}},{"type":"Feature","geometry":{"type":"Point","coordinates":[-6.301843,36.53206]},"properties":{"id":"VUT/CA/14725","type":"VUT","group":"Completa","address":"CALLE ENCARNACION Nº 5 Plta/Piso 1 Pta/Letra D, piso 1, puerta D","postal_code":"11002","places":6,"units":3,"registered":"2022-06-17","catastro":"1665412QA4416F0005EX","holder":null,"holder_count":null}},{"type":"Feature","geometry":{"type":"Point","coordinates":[-6.298791,36.533978]},"properties":{"id":"VUT/CA/14736","type":"VUT","group":"Completa","address":"CALLE San Jose Nº 14 Plta/Piso Baja Pta/Letra B, piso Baja, puerta B","postal_code":"11001","places":2,"units":2,"registered":"2022-06-18","catastro":"1967401QA4416H0002YF","holder":"VIVIENDAS SÁNCHEZ MORGADO SL","holder_count":1}},{"type":"Feature","geometry":{"type":"Point","coordinates":[-6.275931,36.507562]},"properties":{"id":"VUT/CA/14739","type":"VUT","group":"Completa","address":"CALLE SANTA TERESA DE JESÚS Nº 10 Plta/Piso 1 Pta/Letra B, piso 1, puerta B","postal_code":"11010","places":5,"units":2,"registered":"2022-06-19","catastro":"4039909QA4443G0002XS","holder":null,"holder_count":null}},{"type":"Feature","geometry":{"type":"Point","coordinates":[-6.274488,36.501]},"properties":{"id":"VUT/CA/14769","type":"VUT","group":"Completa","address":"CALLE NEPTUNO Nº 5 Plta/Piso 6 Pta/Letra B, piso 6, puerta B","postal_code":"11011","places":8,"units":4,"registered":"2022-06-21","catastro":"4231901QA4443A0048BG","holder":null,"holder_count":null}},{"type":"Feature","geometry":{"type":"Point","coordinates":[-6.291937,36.528376]},"properties":{"id":"VUT/CA/14805","type":"VUT","group":"Completa","address":"CALLE TENIENTE ANDUJAR Nº 2 Plta/Piso BAJO Pta/Letra 1, piso BAJO, puerta 1","postal_code":"11006","places":2,"units":1,"registered":"2022-06-23","catastro":"2661101QA4426B0003WA","holder":null,"holder_count":null}},{"type":"Feature","geometry":{"type":"Point","coordinates":[-6.296237,36.536]},"properties":{"id":"VUT/CA/14812","type":"VUT","group":"Completa","address":"CALLE GENERAL MENACHO Nº 8 Plta/Piso BAJO Pta/Letra IZDA, piso BAJO, puerta IZDA","postal_code":"11002","places":4,"units":2,"registered":"2022-06-23","catastro":"2170608QA4427A0001GJ","holder":"AC GESTION CADIZ S.L.","holder_count":39}},{"type":"Feature","geometry":{"type":"Point","coordinates":[-6.297759,36.529561]},"properties":{"id":"VUT/CA/14817","type":"VUT","group":"Completa","address":"CALLE DESAMPARADOS Nº 6 Plta/Piso 3 Pta/Letra A Compl.Dom. ., piso 3, puerta A","postal_code":"11005","places":5,"units":2,"registered":"2022-06-23","catastro":"2063336QA4426C0029MJ","holder":"GADES GESTIÓN TURÍSTICA SL","holder_count":12}},{"type":"Feature","geometry":{"type":"Point","coordinates":[-6.302419,36.529652]},"properties":{"id":"VUT/CA/14828","type":"VUT","group":"Completa","address":"CALLE CRISTO DE LA MISERICORDIA Nº 6 Portal DUPLICADO Plta/Piso 2 Pta/Letra E, piso 2, puerta E","postal_code":"11002","places":4,"units":1,"registered":"2022-06-24","catastro":"1662204QA4416B0026LQ","holder":"APARTMENTS TIME S.L.","holder_count":55}},{"type":"Feature","geometry":{"type":"Point","coordinates":[-6.274951,36.509655]},"properties":{"id":"VUT/CA/14838","type":"VUT","group":"Completa","address":"AVENIDA DE LA SANIDAD PUBLICA Nº 41 Plta/Piso 3 Pta/Letra B Compl.Dom. (ANTIGUA AVENIDA DE JUAN CARLOS I Nº 41), piso 3, puerta B","postal_code":"11012","places":5,"units":3,"registered":"2022-06-24","catastro":"4141201QA4444A0006TW","holder":null,"holder_count":null}},{"type":"Feature","geometry":{"type":"Point","coordinates":[-6.300544,36.528977]},"properties":{"id":"VUT/CA/14847","type":"VUT","group":"Completa","address":"CALLE SARGENTO DAPONTE Nº 4 Plta/Piso 2 Pta/Letra C, piso 2, puerta C","postal_code":"11002","places":6,"units":2,"registered":"2022-06-27","catastro":"1862705QA4416B0009ZD","holder":null,"holder_count":null}},{"type":"Feature","geometry":{"type":"Point","coordinates":[-6.301333,36.529264]},"properties":{"id":"VUT/CA/14848","type":"VUT","group":"Completa","address":"CALLE Porteria de Capuchinos Nº 22 Plta/Piso 1, piso 1","postal_code":"11002","places":5,"units":3,"registered":"2022-06-27","catastro":"1762204QA4416B0001GT","holder":null,"holder_count":null}},{"type":"Feature","geometry":{"type":"Point","coordinates":[-6.300724,36.530981]},"properties":{"id":"VUT/CA/14860","type":"VUT","group":"Completa","address":"CALLE SAGASTA Nº 63 Plta/Piso 2 Pta/Letra A, piso 2, puerta A","postal_code":"11002","places":6,"units":2,"registered":"2022-06-27","catastro":"1764913QA4416D0001GM","holder":"APARTMENTS TIME S.L.","holder_count":55}},{"type":"Feature","geometry":{"type":"Point","coordinates":[-6.27397,36.500583]},"properties":{"id":"VUT/CA/14869","type":"VUT","group":"Completa","address":"CALLE VILLA DE PARADAS Nº 1 Plta/Piso 1 Pta/Letra IZQ, piso 1, puerta IZQ","postal_code":"11011","places":4,"units":1,"registered":"2022-06-28","catastro":"4230302QA4443A1902FY","holder":null,"holder_count":null}},{"type":"Feature","geometry":{"type":"Point","coordinates":[-6.291344,36.530448]},"properties":{"id":"VUT/CA/14872","type":"VUT","group":"Completa","address":"AVENIDA DEL PUERTO Nº 2 Plta/Piso 6 Pta/Letra 111, piso 6, puerta 111","postal_code":"11006","places":4,"units":2,"registered":"2022-06-28","catastro":"2663201QA4426D0011ZA","holder":"INVERSIERRA RUSTICA SL","holder_count":1}},{"type":"Feature","geometry":{"type":"Point","coordinates":[-6.29031,36.528607]},"properties":{"id":"VUT/CA/14925","type":"VUT","group":"Completa","address":"CALLE SANTO DOMINGO Nº 3 Plta/Piso BJ Pta/Letra B, piso BJ, puerta B","postal_code":"11006","places":2,"units":1,"registered":"2022-07-01","catastro":"2762705QA4426B0003DA","holder":null,"holder_count":null}},{"type":"Feature","geometry":{"type":"Point","coordinates":[-6.301465,36.530618]},"properties":{"id":"VUT/CA/14966","type":"VUT","group":"Completa","address":"CALLE PAZ Nº 1 Plta/Piso BAJO Pta/Letra B, piso BAJO, puerta B","postal_code":"11002","places":4,"units":2,"registered":"2022-07-05","catastro":"1664512QA4416D0008TU","holder":null,"holder_count":null}},{"type":"Feature","geometry":{"type":"Point","coordinates":[-6.300601,36.531941]},"properties":{"id":"VUT/CA/14994","type":"VUT","group":"Completa","address":"CALLE HOSPITAL DE MUJERES Nº 42 Plta/Piso 1 Pta/Letra D, piso 1, puerta D","postal_code":"11002","places":4,"units":1,"registered":"2022-07-06","catastro":"1765405QA4416F0002WL","holder":"BUFETE CASTAÑEDA SL","holder_count":1}},{"type":"Feature","geometry":{"type":"Point","coordinates":[-6.298366,36.535999]},"properties":{"id":"VUT/CA/15017","type":"VUT","group":"Completa","address":"PLAZA La Oca Nº 1","postal_code":"11003","places":2,"units":1,"registered":"2022-07-08","catastro":"1970413QA4417B0001JX","holder":"La Oca, S.L.","holder_count":1}},{"type":"Feature","geometry":{"type":"Point","coordinates":[-6.277083,36.511659]},"properties":{"id":"VUT/CA/15027","type":"VUT","group":"Completa","address":"CALLE TRILLE Nº 15 Plta/Piso 3 Pta/Letra IZ, piso 3, puerta IZ","postal_code":"11009","places":4,"units":2,"registered":"2022-07-10","catastro":"3943202QA4434D0008KR","holder":null,"holder_count":null}},{"type":"Feature","geometry":{"type":"Point","coordinates":[-6.269558,36.505466]},"properties":{"id":"VUT/CA/15034","type":"VUT","group":"Completa","address":"CALLE Plus Ultra Nº 7 Plta/Piso 7º Pta/Letra b, piso 7º, puerta b","postal_code":"11011","places":6,"units":3,"registered":"2022-07-11","catastro":"4636306QA4443F0026KZ","holder":null,"holder_count":null}},{"type":"Feature","geometry":{"type":"Point","coordinates":[-6.286954,36.522807]},"properties":{"id":"VUT/CA/15037","type":"VUT","group":"Completa","address":"CALLE SANTA MARIA SOLEDAD Nº 4 Plta/Piso 1 Pta/Letra F Compl.Dom. EDIFICIO SANTA MARÍA DEL MAR, piso 1, puerta F","postal_code":"11008","places":2,"units":1,"registered":"2022-07-11","catastro":"3055901QA4435E0150MF","holder":null,"holder_count":null}},{"type":"Feature","geometry":{"type":"Point","coordinates":[-6.271521,36.49642]},"properties":{"id":"VUT/CA/15062","type":"VUT","group":"Completa","address":"AVENIDA jose leon de carranza Nº 26 Plta/Piso 2 Pta/Letra R, piso 2, puerta R","postal_code":"11011","places":4,"units":2,"registered":"2022-07-12","catastro":"4426304QA4442E0336BA","holder":null,"holder_count":null}},{"type":"Feature","geometry":{"type":"Point","coordinates":[-6.300601,36.531941]},"properties":{"id":"VUT/CA/15065","type":"VUT","group":"Completa","address":"CALLE HOSPITAL DE MUJERES Nº 42 Plta/Piso 2 Pta/Letra C, piso 2, puerta C","postal_code":"11002","places":4,"units":1,"registered":"2022-07-13","catastro":"1765405QA4416F2013YM","holder":"AC GESTION CADIZ S.L.","holder_count":39}},{"type":"Feature","geometry":{"type":"Point","coordinates":[-6.280819,36.509765]},"properties":{"id":"VUT/CA/15068","type":"VUT","group":"Completa","address":"AVENIDA AMILCAR BARCA Nº 35 Plta/Piso 1 Pta/Letra 106, piso 1, puerta 106","postal_code":"11009","places":6,"units":3,"registered":"2022-07-13","catastro":"3641412QA4434B0008AO","holder":null,"holder_count":null}},{"type":"Feature","geometry":{"type":"Point","coordinates":[-6.297127,36.532753]},"properties":{"id":"VUT/CA/15074","type":"VUT","group":"Completa","address":"CALLE ANCHA Nº 37 Esc. 1 Plta/Piso 02 Pta/Letra 08, piso 02, puerta 08","postal_code":"11001","places":4,"units":3,"registered":"2022-07-13","catastro":"2066311QA4426E0009FZ","holder":null,"holder_count":null}},{"type":"Feature","geometry":{"type":"Point","coordinates":[-6.281744,36.52161]},"properties":{"id":"VUT/CA/15083","type":"VUT","group":"Completa","address":"CALLE Tolosa Latour Nº 19 Esc. interior Plta/Piso -3 Pta/Letra A, piso -3, puerta A","postal_code":"11007","places":6,"units":3,"registered":"2022-07-13","catastro":"3456703QA4435E0041BT","holder":null,"holder_count":null}},{"type":"Feature","geometry":{"type":"Point","coordinates":[-6.290554,36.5288]},"properties":{"id":"VUT/CA/15092","type":"VUT","group":"Completa","address":"CALLE Sopranis Nº 28 Plta/Piso 2 Pta/Letra B, piso 2, puerta B","postal_code":"11006","places":4,"units":2,"registered":"2022-07-14","catastro":"2662311QA4426D0009GS","holder":"CADIZ PLANET SL","holder_count":2}},{"type":"Feature","geometry":{"type":"Point","coordinates":[-6.290554,36.5288]},"properties":{"id":"VUT/CA/15093","type":"VUT","group":"Completa","address":"CALLE Sopranis Nº 28 Plta/Piso 1 Pta/Letra A, piso 1, puerta A","postal_code":"11006","places":4,"units":2,"registered":"2022-07-14","catastro":"2662311QA4426D0006SO","holder":"CADIZ PLANET SL","holder_count":2}},{"type":"Feature","geometry":{"type":"Point","coordinates":[-6.274928,36.503579]},"properties":{"id":"VUT/CA/15102","type":"VUT","group":"Completa","address":"PLAZA Bequer Nº 1 Esc. 3 Plta/Piso 7 Pta/Letra dcha, piso 7, puerta dcha","postal_code":"11010","places":6,"units":3,"registered":"2022-07-15","catastro":"4234801QA4443C0103QE","holder":null,"holder_count":null}},{"type":"Feature","geometry":{"type":"Point","coordinates":[-6.303221,36.531885]},"properties":{"id":"VUT/CA/15103","type":"VUT","group":"Completa","address":"CALLE Diego Arias Nº 11 Esc. izq Plta/Piso 4 Pta/Letra F, piso 4, puerta F","postal_code":"11002","places":6,"units":3,"registered":"2022-07-15","catastro":"1565915QA4416F0068AZ","holder":null,"holder_count":null}},{"type":"Feature","geometry":{"type":"Point","coordinates":[-6.301636,36.535409]},"properties":{"id":"VUT/CA/15123","type":"VUT","group":"Completa","address":"CALLE HERCULES Nº 6 Plta/Piso 2 Pta/Letra C, piso 2, puerta C","postal_code":"11003","places":4,"units":1,"registered":"2022-07-18","catastro":"1769802QA4416H0011JB","holder":"Ovando Suites, S.L.","holder_count":1}},{"type":"Feature","geometry":{"type":"Point","coordinates":[-6.293087,36.53086]},"properties":{"id":"VUT/CA/15125","type":"VUT","group":"Completa","address":"CALLE Cristóbal Colón Nº 4 y 6 Plta/Piso 1 Pta/Letra A, piso 1, puerta A","postal_code":"11005","places":3,"units":2,"registered":"2022-07-18","catastro":"2464520QA4426C0003TB","holder":null,"holder_count":null}},{"type":"Feature","geometry":{"type":"Point","coordinates":[-6.271916,36.505165]},"properties":{"id":"VUT/CA/15126","type":"VUT","group":"Completa","address":"CALLE Infante de Orleans Nº 3 Plta/Piso 4 Pta/Letra A Compl.Dom. Barriada Loreto, piso 4, puerta A","postal_code":"11011","places":5,"units":3,"registered":"2022-07-19","catastro":"4436404QA4443E0013PW","holder":null,"holder_count":null}},{"type":"Feature","geometry":{"type":"Point","coordinates":[-6.296287,36.535706]},"properties":{"id":"VUT/CA/15137","type":"VUT","group":"Completa","address":"CALLE GENERAL MENACHO Nº 5 Plta/Piso 1, piso 1","postal_code":"11004","places":2,"units":1,"registered":"2022-07-19","catastro":"2169302QA4426G0002YO","holder":null,"holder_count":null}},{"type":"Feature","geometry":{"type":"Point","coordinates":[-6.302014,36.528966]},"properties":{"id":"VUT/CA/15139","type":"VUT","group":"Completa","address":"CALLE Profesor Alcina Quesada Nº 9 Plta/Piso Bajo Pta/Letra Derecha, piso Bajo, puerta Derecha","postal_code":"11002","places":5,"units":3,"registered":"2022-07-19","catastro":"1662607QA4416B0009TD","holder":null,"holder_count":null}},{"type":"Feature","geometry":{"type":"Point","coordinates":[-6.273667,36.49951]},"properties":{"id":"VUT/CA/15145","type":"VUT","group":"Completa","address":"CALLE Sirenas Nº 1 Plta/Piso 7 Pta/Letra H Compl.Dom. Edificio Atlántico 5, piso 7, puerta H","postal_code":"11011","places":4,"units":2,"registered":"2022-07-20","catastro":"4230307QA4443A0106KA","holder":null,"holder_count":null}},{"type":"Feature","geometry":{"type":"Point","coordinates":[-6.294028,36.533417]},"properties":{"id":"VUT/CA/15165","type":"VUT","group":"Completa","address":"CALLE CORNETA SOTO GUERRERO Nº 7 Plta/Piso 3 Pta/Letra IZQUIERDA, piso 3, puerta IZQUIERDA","postal_code":"11004","places":6,"units":3,"registered":"2022-07-21","catastro":"2367502QA4426G0001PI","holder":"APARTMENTS TIME S.L.","holder_count":55}},{"type":"Feature","geometry":{"type":"Point","coordinates":[-6.28386,36.514807]},"properties":{"id":"VUT/CA/15169","type":"VUT","group":"Completa","address":"CALLE CALLEJON DEL BLANCO Nº 2 Plta/Piso 3 Pta/Letra H, piso 3, puerta H","postal_code":"11008","places":8,"units":3,"registered":"2022-07-22","catastro":"3346401QA4434E0024ZM","holder":"GENTEEL HOME GESTORA S.L.U.","holder_count":5}},{"type":"Feature","geometry":{"type":"Point","coordinates":[-6.300517,36.536547]},"properties":{"id":"VUT/CA/15189","type":"VUT","group":"Completa","address":"CALLE SAN ISIDRO Nº 5 Plta/Piso 1 Pta/Letra A, piso 1, puerta A","postal_code":"11003","places":2,"units":1,"registered":"2022-07-25","catastro":"1870803QA4417B0004RW","holder":null,"holder_count":null}},{"type":"Feature","geometry":{"type":"Point","coordinates":[-6.280076,36.510153]},"properties":{"id":"VUT/CA/15192","type":"VUT","group":"Completa","address":"CALLE CRUZ ROJA ESPAÑOLA Nº 7 Plta/Piso 5 Pta/Letra D, piso 5, puerta D","postal_code":"11009","places":6,"units":3,"registered":"2022-07-25","catastro":"3741204QA4434B0020WG","holder":"AC GESTION CADIZ S.L.","holder_count":39}},{"type":"Feature","geometry":{"type":"Point","coordinates":[-6.300464,36.531973]},"properties":{"id":"VUT/CA/15196","type":"VUT","group":"Completa","address":"CALLE HOSPITAL DE MUJERES Nº 27 Plta/Piso 3 Pta/Letra I, piso 3, puerta I","postal_code":"11005","places":6,"units":3,"registered":"2022-07-26","catastro":"1865109QA4416F0009WE","holder":null,"holder_count":null}},{"type":"Feature","geometry":{"type":"Point","coordinates":[-6.2942,36.533078]},"properties":{"id":"VUT/CA/15198","type":"VUT","group":"Completa","address":"CALLE RAMON Y CAJAL Nº 1 Calif.Nº DUPLICADO Plta/Piso 4 Pta/Letra B, piso 4, puerta B","postal_code":"11004","places":4,"units":2,"registered":"2022-07-26","catastro":"2367507QA4426G0001OI","holder":"APARTMENTS TIME S.L.","holder_count":55}},{"type":"Feature","geometry":{"type":"Point","coordinates":[-6.2942,36.533078]},"properties":{"id":"VUT/CA/15206","type":"VUT","group":"Completa","address":"CALLE RAMON Y CAJAL Nº 1D Plta/Piso 2 Pta/Letra D, piso 2, puerta D","postal_code":"11004","places":6,"units":2,"registered":"2022-07-26","catastro":"2367507QA4426G0001OI","holder":"APARTMENTS TIME S.L.","holder_count":55}},{"type":"Feature","geometry":{"type":"Point","coordinates":[-6.2795,36.516977]},"properties":{"id":"VUT/CA/15207","type":"VUT","group":"Completa","address":"AVENIDA AVENIDA DE LA SANIDAD PUBLICA Nº 26 Plta/Piso 2B, piso 2B","postal_code":"11008","places":6,"units":3,"registered":"2022-07-26","catastro":"3749901QA4434H0125TI","holder":null,"holder_count":null}},{"type":"Feature","geometry":{"type":"Point","coordinates":[-6.299095,36.535821]},"properties":{"id":"VUT/CA/15216","type":"VUT","group":"Completa","address":"CALLE FERNAN CABALLERO Nº 2 Plta/Piso 2º, piso 2º","postal_code":"11003","places":13,"units":5,"registered":"2022-07-27","catastro":"1970712QA4417B0003XQ","holder":"APARTMENTS TIME S.L.","holder_count":55}},{"type":"Feature","geometry":{"type":"Point","coordinates":[-6.299102,36.530788]},"properties":{"id":"VUT/CA/15217","type":"VUT","group":"Completa","address":"CALLE SANTA LUCIA Nº 4 Plta/Piso 1 Pta/Letra B, piso 1, puerta B","postal_code":"11002","places":2,"units":1,"registered":"2022-07-27","catastro":"1964912QA4416D0003GW","holder":null,"holder_count":null}},{"type":"Feature","geometry":{"type":"Point","coordinates":[-6.296979,36.532365]},"properties":{"id":"VUT/CA/15221","type":"VUT","group":"Completa","address":"CALLE BARRIE Nº 19 Plta/Piso 1, piso 1","postal_code":"11001","places":4,"units":2,"registered":"2022-07-28","catastro":"2166710QA4426E0001TD","holder":null,"holder_count":null}},{"type":"Feature","geometry":{"type":"Point","coordinates":[-6.300105,36.536384]},"properties":{"id":"VUT/CA/15222","type":"VUT","group":"Completa","address":"CALLE Bendición de Dios Nº 9 Plta/Piso 1 Pta/Letra 4, piso 1, puerta 4","postal_code":"11003","places":2,"units":1,"registered":"2022-07-28","catastro":"1870604QA4417B0013AI","holder":null,"holder_count":null}},{"type":"Feature","geometry":{"type":"Point","coordinates":[-6.298413,36.53477]},"properties":{"id":"VUT/CA/15226","type":"VUT","group":"Completa","address":"PLAZA SAN ANTONIO Nº 7 Plta/Piso 4, piso 4","postal_code":"11003","places":6,"units":3,"registered":"2022-07-28","catastro":"1968402QA4416H0012RZ","holder":"AC GESTION CADIZ S.L.","holder_count":39}},{"type":"Feature","geometry":{"type":"Point","coordinates":[-6.298413,36.53477]},"properties":{"id":"VUT/CA/15227","type":"VUT","group":"Completa","address":"PLAZA SAN ANTONIO Nº 7 Plta/Piso 3 Pta/Letra B, piso 3, puerta B","postal_code":"11003","places":4,"units":2,"registered":"2022-07-28","catastro":"1968402QA4416H0010WL","holder":null,"holder_count":null}},{"type":"Feature","geometry":{"type":"Point","coordinates":[-6.284846,36.522665]},"properties":{"id":"VUT/CA/15228","type":"VUT","group":"Completa","address":"PLAZA SAN SEVERIANO Nº 1 Esc. 1 Plta/Piso 5º Pta/Letra A, piso 5º, puerta A","postal_code":"11007","places":6,"units":3,"registered":"2022-07-28","catastro":"3155401QA4435E0123ML","holder":"AC GESTION CADIZ S.L.","holder_count":39}},{"type":"Feature","geometry":{"type":"Point","coordinates":[-6.294476,36.532172]},"properties":{"id":"VUT/CA/15233","type":"VUT","group":"Completa","address":"CALLE ROSARIO Nº 43 Plta/Piso 1 Pta/Letra IZDA, piso 1, puerta IZDA","postal_code":"11004","places":6,"units":2,"registered":"2022-07-29","catastro":"2365204QA4426E0002UF","holder":"GADES 2012 DESARROLLOS INMOBILIARIOS,S.L.","holder_count":6}},{"type":"Feature","geometry":{"type":"Point","coordinates":[-6.304934,36.533548]},"properties":{"id":"VUT/CA/15234","type":"VUT","group":"Completa","address":"CALLE JOSE PAREDES MONGE Nº 2 Plta/Piso 3 Pta/Letra G, piso 3, puerta G","postal_code":"11002","places":5,"units":3,"registered":"2022-07-29","catastro":"1467503QA4416G0104RP","holder":null,"holder_count":null}},{"type":"Feature","geometry":{"type":"Point","coordinates":[-6.283849,36.520727]},"properties":{"id":"VUT/CA/15241","type":"VUT","group":"Completa","address":"CALLE BRUNETE Nº 2 Blq. DPL Plta/Piso 4 Pta/Letra C, piso 4, puerta C","postal_code":"11007","places":6,"units":3,"registered":"2022-07-31","catastro":"3253307QA4435C0002FY","holder":null,"holder_count":null}},{"type":"Feature","geometry":{"type":"Point","coordinates":[-6.293764,36.536073]},"properties":{"id":"VUT/CA/15243","type":"VUT","group":"Por habitaciones","address":"PLAZA Argüelles Nº 7 Portal 7 Plta/Piso 1 Pta/Letra A, piso 1, puerta A","postal_code":"11004","places":4,"units":2,"registered":"2022-07-31","catastro":"2470704QA4427A0005OZ","holder":null,"holder_count":null}},{"type":"Feature","geometry":{"type":"Point","coordinates":[-6.275033,36.520575]},"properties":{"id":"VUT/CA/15246","type":"VUT","group":"Completa","address":"AVENIDA Avenida de la Bahía,33 Nº 33 Plta/Piso 9 Pta/Letra D, piso 9, puerta D","postal_code":"11012","places":6,"units":3,"registered":"2022-08-01","catastro":"4153901QA4445C0036US","holder":null,"holder_count":null}},{"type":"Feature","geometry":{"type":"Point","coordinates":[-6.297908,36.533711]},"properties":{"id":"VUT/CA/15252","type":"VUT","group":"Completa","address":"CALLE ANCHA Nº 19 Plta/Piso 1 Pta/Letra A, piso 1, puerta A","postal_code":"11001","places":6,"units":2,"registered":"2022-08-02","catastro":"1967411QA4416H0002MF","holder":"DUNA BEDUINA SERVICIOS TURISTÍCOS, S.L.","holder_count":77}},{"type":"Feature","geometry":{"type":"Point","coordinates":[-6.285543,36.520935]},"properties":{"id":"VUT/CA/15253","type":"VUT","group":"Completa","address":"AVENIDA ANDALUCIA Nº 32 Plta/Piso 5 Pta/Letra A, piso 5, puerta A","postal_code":"11008","places":8,"units":4,"registered":"2022-08-02","catastro":"3153502QA4435C0058EQ","holder":null,"holder_count":null}},{"type":"Feature","geometry":{"type":"Point","coordinates":[-6.295928,36.531171]},"properties":{"id":"VUT/CA/15259","type":"VUT","group":"Completa","address":"CALLE SACRAMENTO Nº 5 Plta/Piso 3 Pta/Letra 2, piso 3, puerta 2","postal_code":"11001","places":2,"units":1,"registered":"2022-08-03","catastro":"2265717QA4426E0004SH","holder":null,"holder_count":null}},{"type":"Feature","geometry":{"type":"Point","coordinates":[-6.295378,36.531574]},"properties":{"id":"VUT/CA/15271","type":"VUT","group":"Completa","address":"CALLE MONTAÑÉS Nº 1 Plta/Piso 3ª Pta/Letra IZDA., piso 3ª, puerta IZDA.","postal_code":"11001","places":5,"units":3,"registered":"2022-08-03","catastro":"2265905QA4426E0006PK","holder":null,"holder_count":null}},{"type":"Feature","geometry":{"type":"Point","coordinates":[-6.293913,36.533024]},"properties":{"id":"VUT/CA/15277","type":"VUT","group":"Completa","address":"CALLE Doctor Ramon y Cajal Nº 1 Plta/Piso 2 Pta/Letra A, piso 2, puerta A","postal_code":"11004","places":4,"units":1,"registered":"2022-08-04","catastro":"2367506QA4426G0008UG","holder":null,"holder_count":null}},{"type":"Feature","geometry":{"type":"Point","coordinates":[-6.271521,36.49642]},"properties":{"id":"VUT/CA/15295","type":"VUT","group":"Completa","address":"AVENIDA Periodista Beatriz Cienfuegos (antigua José León de Carranza) Nº 26 Plta/Piso 11 Pta/Letra M, piso 11, puerta M","postal_code":"11011","places":2,"units":1,"registered":"2022-08-06","catastro":"4426304QA4442E0377EJ","holder":"ALQUILER VACACIONAL TURISMO E INNOVACIÓN SOCIAL SCA","holder_count":81}},{"type":"Feature","geometry":{"type":"Point","coordinates":[-6.300517,36.536547]},"properties":{"id":"VUT/CA/15354","type":"VUT","group":"Completa","address":"CALLE SAN ISIDRO Nº 5 Plta/Piso BAJO Pta/Letra B, piso BAJO, puerta B","postal_code":"11003","places":2,"units":2,"registered":"2022-08-15","catastro":"1870803QA4417B0002WM","holder":null,"holder_count":null}},{"type":"Feature","geometry":{"type":"Point","coordinates":[-6.290098,36.528196]},"properties":{"id":"VUT/CA/15381","type":"VUT","group":"Completa","address":"CALLE BOTICA Nº 4 Plta/Piso ENTREPLANT Pta/Letra B Compl.Dom. EDIFICIO OLANO, piso ENTREPLANT, puerta B","postal_code":"11006","places":6,"units":2,"registered":"2022-08-18","catastro":"2761906QA4426B0007YG","holder":"GADES 2012 DESARROLLOS INMOBILIARIOS,S.L.","holder_count":6}},{"type":"Feature","geometry":{"type":"Point","coordinates":[-6.29745,36.533423]},"properties":{"id":"VUT/CA/15398","type":"VUT","group":"Completa","address":"CALLE ANCHA Nº 22 Esc. 1 Plta/Piso 1 Pta/Letra 1, piso 1, puerta 1","postal_code":"11001","places":4,"units":2,"registered":"2022-08-23","catastro":"2167721QA4426E0002FF","holder":null,"holder_count":null}},{"type":"Feature","geometry":{"type":"Point","coordinates":[-6.301788,36.533429]},"properties":{"id":"VUT/CA/15408","type":"VUT","group":"Completa","address":"CALLE SOLEDAD Nº 30 Plta/Piso BAJO Pta/Letra A, piso BAJO, puerta A","postal_code":"11005","places":4,"units":2,"registered":"2022-08-25","catastro":"1767701QA4416F0002AL","holder":null,"holder_count":null}},{"type":"Feature","geometry":{"type":"Point","coordinates":[-6.274954,36.511613]},"properties":{"id":"VUT/CA/15422","type":"VUT","group":"Completa","address":"AVENIDA SEGUNDA AGUADA Nº 16 Plta/Piso 10 Pta/Letra C, piso 10, puerta C","postal_code":"11012","places":6,"units":3,"registered":"2022-08-29","catastro":"4143903QA4444C0192ID","holder":null,"holder_count":null}},{"type":"Feature","geometry":{"type":"Point","coordinates":[-6.296109,36.530856]},"properties":{"id":"VUT/CA/15427","type":"VUT","group":"Completa","address":"CALLE DOCTOR DACARRETE Nº 8 Plta/Piso BJ, piso BJ","postal_code":"11001","places":2,"units":1,"registered":"2022-08-29","catastro":"2264810QA4426C0001FK","holder":null,"holder_count":null}},{"type":"Feature","geometry":{"type":"Point","coordinates":[-6.296109,36.530856]},"properties":{"id":"VUT/CA/15429","type":"VUT","group":"Completa","address":"CALLE DOCTOR DACARRETE Nº 8 Plta/Piso 3, piso 3","postal_code":"11001","places":2,"units":1,"registered":"2022-08-29","catastro":"2264810QA4426C0001FK","holder":null,"holder_count":null}},{"type":"Feature","geometry":{"type":"Point","coordinates":[-6.29204,36.528481]},"properties":{"id":"VUT/CA/15432","type":"VUT","group":"Completa","address":"CALLE SUAREZ DE SALAZAR Portal 7-9 Plta/Piso 2º Pta/Letra C, piso 2º, puerta C","postal_code":"11006","places":4,"units":2,"registered":"2022-08-29","catastro":"2562610QA4426B0011WH","holder":null,"holder_count":null}},{"type":"Feature","geometry":{"type":"Point","coordinates":[-6.298794,36.535913]},"properties":{"id":"VUT/CA/15438","type":"VUT","group":"Completa","address":"CALLE Adolfo de Castro Nº 10 Plta/Piso 3 Pta/Letra izquierda, piso 3, puerta izquierda","postal_code":"11003","places":5,"units":3,"registered":"2022-08-30","catastro":"1969306QA4416H0007HL","holder":null,"holder_count":null}},{"type":"Feature","geometry":{"type":"Point","coordinates":[-6.297246,36.52995]},"properties":{"id":"VUT/CA/15446","type":"VUT","group":"Completa","address":"CALLE ARBOLI Nº 15 Plta/Piso 2 Pta/Letra C, piso 2, puerta C","postal_code":"11005","places":4,"units":1,"registered":"2022-08-31","catastro":"2063327QA4426C0011MW","holder":null,"holder_count":null}},{"type":"Feature","geometry":{"type":"Point","coordinates":[-6.293985,36.531302]},"properties":{"id":"VUT/CA/15448","type":"VUT","group":"Completa","address":"CALLE SANTO CRISTO Nº 14 Plta/Piso BAJO Pta/Letra 1, piso BAJO, puerta 1","postal_code":"11005","places":4,"units":2,"registered":"2022-08-31","catastro":"2365612QA4426E0003MG","holder":null,"holder_count":null}},{"type":"Feature","geometry":{"type":"Point","coordinates":[-6.295938,36.530242]},"properties":{"id":"VUT/CA/15449","type":"VUT","group":"Completa","address":"CALLE COMPAÑIA Nº 14 Plta/Piso 1 Pta/Letra C, piso 1, puerta C","postal_code":"11005","places":6,"units":3,"registered":"2022-08-31","catastro":"2263211QA4426C4001OP","holder":null,"holder_count":null}},{"type":"Feature","geometry":{"type":"Point","coordinates":[-6.296858,36.533714]},"properties":{"id":"VUT/CA/15454","type":"VUT","group":"Completa","address":"CALLE CANOVAS DEL CASTILLO Nº 28 Plta/Piso 1 Pta/Letra IZQ, piso 1, puerta IZQ","postal_code":"11001","places":7,"units":5,"registered":"2022-09-01","catastro":"2167214QA4426E0003TG","holder":null,"holder_count":null}},{"type":"Feature","geometry":{"type":"Point","coordinates":[-6.296858,36.533714]},"properties":{"id":"VUT/CA/15455","type":"VUT","group":"Completa","address":"CALLE CANOVAS DEL CASTILLO Nº 28 Plta/Piso 1 Pta/Letra DER, piso 1, puerta DER","postal_code":"11001","places":7,"units":5,"registered":"2022-09-01","catastro":"2167214QA4426E0002RF","holder":null,"holder_count":null}},{"type":"Feature","geometry":{"type":"Point","coordinates":[-6.299573,36.536732]},"properties":{"id":"VUT/CA/15456","type":"VUT","group":"Por habitaciones","address":"CALLE Carmen Coronada Nº 6 Plta/Piso 2 Pta/Letra A Compl.Dom. Cádiz, piso 2, puerta A","postal_code":"11003","places":6,"units":3,"registered":"2022-09-01","catastro":"1870303QA4417B0007PT","holder":null,"holder_count":null}},{"type":"Feature","geometry":{"type":"Point","coordinates":[-6.299299,36.530963]},"properties":{"id":"VUT/CA/15463","type":"VUT","group":"Completa","address":"CALLE SAN FRANCISCO JAVIER Nº 12 Plta/Piso BAJO Pta/Letra A, piso BAJO, puerta A","postal_code":"11002","places":4,"units":1,"registered":"2022-09-02","catastro":"1964902qa4416D0020OD","holder":null,"holder_count":null}},{"type":"Feature","geometry":{"type":"Point","coordinates":[-6.296255,36.530874]},"properties":{"id":"VUT/CA/15464","type":"VUT","group":"Completa","address":"CALLE DOCTOR DACARRETE Nº 11 Esc. 1 Plta/Piso 02 Pta/Letra DR, piso 02, puerta DR","postal_code":"11001","places":6,"units":3,"registered":"2022-09-03","catastro":"2164406QA4426C0006WM","holder":null,"holder_count":null}},{"type":"Feature","geometry":{"type":"Point","coordinates":[-6.2995,36.530678]},"properties":{"id":"VUT/CA/15465","type":"VUT","group":"Completa","address":"CALLE SAN FRANCISCO JAVIER Nº 11 Plta/Piso BAJO Pta/Letra B, piso BAJO, puerta B","postal_code":"11002","places":4,"units":2,"registered":"2022-09-03","catastro":"1864930QA4416D0002GQ","holder":null,"holder_count":null}},{"type":"Feature","geometry":{"type":"Point","coordinates":[-6.300754,36.530645]},"properties":{"id":"VUT/CA/15467","type":"VUT","group":"Completa","address":"CALLE sagasta Nº 74 Plta/Piso 1 Pta/Letra derecha, piso 1, puerta derecha","postal_code":"11002","places":4,"units":1,"registered":"2022-09-03","catastro":"1864901QA4416D0002LQ","holder":"APARTMENTS TIME S.L.","holder_count":55}},{"type":"Feature","geometry":{"type":"Point","coordinates":[-6.273086,36.503656]},"properties":{"id":"VUT/CA/15469","type":"VUT","group":"Completa","address":"CALLE Sorolla Nº 20 Plta/Piso 3 Pta/Letra C, piso 3, puerta C","postal_code":"11010","places":8,"units":3,"registered":"2022-09-04","catastro":"4334202QA4443C0011ET","holder":null,"holder_count":null}},{"type":"Feature","geometry":{"type":"Point","coordinates":[-6.302532,36.528088]},"properties":{"id":"VUT/CA/15473","type":"VUT","group":"Completa","address":"AVENIDA CAMPO DEL SUR Nº 28 Plta/Piso 1 Pta/Letra B, piso 1, puerta B","postal_code":"11002","places":10,"units":5,"registered":"2022-09-05","catastro":"1661601QA4416B0002IY","holder":"ALMO GESTION EMPRESARIAL SL","holder_count":1}},{"type":"Feature","geometry":{"type":"Point","coordinates":[-6.291346,36.529139]},"properties":{"id":"VUT/CA/15478","type":"VUT","group":"Completa","address":"CALLE SOPRANIS Nº 14 Plta/Piso 1 Pta/Letra B, piso 1, puerta B","postal_code":"11005","places":4,"units":2,"registered":"2022-09-06","catastro":"2662207QA4426B0004BS","holder":"AC GESTION CADIZ S.L.","holder_count":39}},{"type":"Feature","geometry":{"type":"Point","coordinates":[-6.298609,36.534273]},"properties":{"id":"VUT/CA/15480","type":"VUT","group":"Completa","address":"CALLE San José Nº 11 Plta/Piso 1 Pta/Letra A, piso 1, puerta A","postal_code":"11001","places":6,"units":2,"registered":"2022-09-06","catastro":"1968604qa4416h0008yb","holder":"GADES GESTIÓN TURÍSTICA SL","holder_count":12}},{"type":"Feature","geometry":{"type":"Point","coordinates":[-6.27624,36.506253]},"properties":{"id":"VUT/CA/15487","type":"VUT","group":"Completa","address":"CALLE ALONSO CANO Nº 3 Plta/Piso 2 Pta/Letra E, piso 2, puerta E","postal_code":"11010","places":4,"units":2,"registered":"2022-09-07","catastro":"4037204QA4443E0012GQ","holder":null,"holder_count":null}},{"type":"Feature","geometry":{"type":"Point","coordinates":[-6.293858,36.530033]},"properties":{"id":"VUT/CA/15491","type":"VUT","group":"Completa","address":"CALLE RUIZ DE BUSTAMANTE Nº 2 Plta/Piso BJ Pta/Letra IZ, piso BJ, puerta IZ","postal_code":"11005","places":2,"units":1,"registered":"2022-09-08","catastro":"2363409QA4426C0002RL","holder":null,"holder_count":null}},{"type":"Feature","geometry":{"type":"Point","coordinates":[-6.290995,36.528889]},"properties":{"id":"VUT/CA/15493","type":"VUT","group":"Completa","address":"CALLE Sopranis Nº 23 Plta/Piso 2 Pta/Letra Der, piso 2, puerta Der","postal_code":"11006","places":4,"units":1,"registered":"2022-09-08","catastro":"2662907QA4426B0006RF","holder":null,"holder_count":null}},{"type":"Feature","geometry":{"type":"Point","coordinates":[-6.296692,36.532194]},"properties":{"id":"VUT/CA/15494","type":"VUT","group":"Completa","address":"CALLE NOVENA Blq. 3 Esc. 1 Plta/Piso 4 Pta/Letra C, piso 4, puerta C","postal_code":"11001","places":4,"units":2,"registered":"2022-09-08","catastro":"2165203QA4426E0013XX","holder":null,"holder_count":null}},{"type":"Feature","geometry":{"type":"Point","coordinates":[-6.27475,36.501048]},"properties":{"id":"VUT/CA/15501","type":"VUT","group":"Completa","address":"CALLE NEPTUNO Nº 6","postal_code":"11011","places":6,"units":3,"registered":"2022-09-09","catastro":"4232804QA4443A0021RJ","holder":null,"holder_count":null}},{"type":"Feature","geometry":{"type":"Point","coordinates":[-6.29686,36.53362]},"properties":{"id":"VUT/CA/15502","type":"VUT","group":"Completa","address":"CALLE CANOVAS DEL CASTILLO 31 Esc. 1 Plta/Piso 3 Pta/Letra B, piso 3, puerta B","postal_code":"11001","places":4,"units":2,"registered":"2022-09-09","catastro":"2167707QA4426E0009KZ","holder":null,"holder_count":null}},{"type":"Feature","geometry":{"type":"Point","coordinates":[-6.289802,36.526577]},"properties":{"id":"VUT/CA/15507","type":"VUT","group":"Completa","address":"CALLE San Roque Nº 6 Plta/Piso 2 Pta/Letra A, piso 2, puerta A","postal_code":"11006","places":4,"units":1,"registered":"2022-09-10","catastro":"2760513QA4426B0001GO","holder":null,"holder_count":null}},{"type":"Feature","geometry":{"type":"Point","coordinates":[-6.289802,36.526577]},"properties":{"id":"VUT/CA/15508","type":"VUT","group":"Completa","address":"CALLE San Roque Nº 6 Plta/Piso 2 Pta/Letra B, piso 2, puerta B","postal_code":"11006","places":4,"units":1,"registered":"2022-09-10","catastro":"2760513QA4426B0001GO","holder":null,"holder_count":null}},{"type":"Feature","geometry":{"type":"Point","coordinates":[-6.289802,36.526577]},"properties":{"id":"VUT/CA/15516","type":"VUT","group":"Completa","address":"CALLE SAN ROQUE Nº 6 Plta/Piso 3 Pta/Letra A, piso 3, puerta A","postal_code":"11006","places":5,"units":2,"registered":"2022-09-12","catastro":"2760513QA4426B0001GO","holder":null,"holder_count":null}},{"type":"Feature","geometry":{"type":"Point","coordinates":[-6.289802,36.526577]},"properties":{"id":"VUT/CA/15517","type":"VUT","group":"Completa","address":"CALLE SAN ROQUE Nº 6 Plta/Piso 1 Pta/Letra B, piso 1, puerta B","postal_code":"11006","places":4,"units":1,"registered":"2022-09-12","catastro":"2760513QA4426B0001GO","holder":null,"holder_count":null}},{"type":"Feature","geometry":{"type":"Point","coordinates":[-6.289802,36.526577]},"properties":{"id":"VUT/CA/15518","type":"VUT","group":"Completa","address":"CALLE SAN ROQUE Nº 6 Plta/Piso 3 Pta/Letra B, piso 3, puerta B","postal_code":"11006","places":4,"units":1,"registered":"2022-09-12","catastro":"2760513QA4426B0001GO","holder":null,"holder_count":null}},{"type":"Feature","geometry":{"type":"Point","coordinates":[-6.289802,36.526577]},"properties":{"id":"VUT/CA/15519","type":"VUT","group":"Completa","address":"CALLE SAN ROQUE Nº 6 Plta/Piso BAJO Pta/Letra C, piso BAJO, puerta C","postal_code":"11006","places":4,"units":1,"registered":"2022-09-12","catastro":"2760513QA4426B0001GO","holder":"SURRIBAS INVESTMENTS, S.L.","holder_count":2}},{"type":"Feature","geometry":{"type":"Point","coordinates":[-6.289802,36.526577]},"properties":{"id":"VUT/CA/15520","type":"VUT","group":"Completa","address":"CALLE SAN ROQUE Nº 6 Plta/Piso 1 Pta/Letra C, piso 1, puerta C","postal_code":"11006","places":4,"units":1,"registered":"2022-09-12","catastro":"2760513QA4426B0001GO","holder":"SURRIBAS INVESTMENTS, S.L.","holder_count":2}},{"type":"Feature","geometry":{"type":"Point","coordinates":[-6.280018,36.511039]},"properties":{"id":"VUT/CA/15521","type":"VUT","group":"Completa","address":"CALLE ANTONIO ACCAME Portal 6 Plta/Piso 1 Pta/Letra B, piso 1, puerta B","postal_code":"11009","places":6,"units":3,"registered":"2022-09-12","catastro":"3742801QA4434B0051EF","holder":"AC GESTION CADIZ S.L.","holder_count":39}},{"type":"Feature","geometry":{"type":"Point","coordinates":[-6.289802,36.526577]},"properties":{"id":"VUT/CA/15525","type":"VUT","group":"Completa","address":"CALLE SAN ROQUE Nº 6 Plta/Piso BAJO Pta/Letra B, piso BAJO, puerta B","postal_code":"11006","places":4,"units":1,"registered":"2022-09-13","catastro":"2760513QA4426B0001GO","holder":"QUINNESTS.L.","holder_count":2}},{"type":"Feature","geometry":{"type":"Point","coordinates":[-6.289802,36.526577]},"properties":{"id":"VUT/CA/15527","type":"VUT","group":"Completa","address":"CALLE SAN ROQUE Nº 6 Plta/Piso 2 Pta/Letra C, piso 2, puerta C","postal_code":"11006","places":4,"units":1,"registered":"2022-09-13","catastro":"2760513QA4426B0001GO","holder":"QUINNESTS.L.","holder_count":2}},{"type":"Feature","geometry":{"type":"Point","coordinates":[-6.289802,36.526577]},"properties":{"id":"VUT/CA/15528","type":"VUT","group":"Completa","address":"CALLE SAN ROQUE Nº 6 Plta/Piso 3 Pta/Letra C, piso 3, puerta C","postal_code":"11006","places":4,"units":1,"registered":"2022-09-13","catastro":"2760513QA4426B0001GO","holder":null,"holder_count":null}},{"type":"Feature","geometry":{"type":"Point","coordinates":[-6.2946,36.529824]},"properties":{"id":"VUT/CA/15529","type":"VUT","group":"Completa","address":"CALLE cobos Nº 19 Plta/Piso 1 Pta/Letra a, piso 1, puerta a","postal_code":"11005","places":4,"units":2,"registered":"2022-09-13","catastro":"2363814qa4426c0006lm","holder":null,"holder_count":null}},{"type":"Feature","geometry":{"type":"Point","coordinates":[-6.289802,36.526577]},"properties":{"id":"VUT/CA/15530","type":"VUT","group":"Completa","address":"CALLE SAN ROQUE Nº 6 Plta/Piso BAJO Pta/Letra A, piso BAJO, puerta A","postal_code":"11006","places":4,"units":1,"registered":"2022-09-13","catastro":"2760513QA4426B0001GO","holder":"ANVIFER INVERSIONES SL","holder_count":2}},{"type":"Feature","geometry":{"type":"Point","coordinates":[-6.289802,36.526577]},"properties":{"id":"VUT/CA/15531","type":"VUT","group":"Completa","address":"CALLE SAN ROQUE Nº 6 Plta/Piso 1 Pta/Letra A, piso 1, puerta A","postal_code":"11006","places":5,"units":2,"registered":"2022-09-13","catastro":"2760513QA4426B0001GO","holder":"ANVIFER INVERSIONES SL","holder_count":2}},{"type":"Feature","geometry":{"type":"Point","coordinates":[-6.304997,36.529628]},"properties":{"id":"VUT/CA/15534","type":"VUT","group":"Completa","address":"CALLE ANGEL Km 1 Plta/Piso BAJA Pta/Letra 16E, piso BAJA, puerta 16E","postal_code":"11002","places":4,"units":2,"registered":"2022-09-13","catastro":"1462802QA4416A2801LH","holder":"ALQUILER VACACIONAL TURISMO E INNOVACIÓN SOCIAL SCA","holder_count":81}},{"type":"Feature","geometry":{"type":"Point","coordinates":[-6.281032,36.518671]},"properties":{"id":"VUT/CA/15536","type":"VUT","group":"Completa","address":"CALLE FRANCISCO GARCIA DE SOLA Portal 15 Plta/Piso 1 Pta/Letra D, piso 1, puerta D","postal_code":"11008","places":6,"units":3,"registered":"2022-09-14","catastro":"3651812QA4435B0001OL","holder":null,"holder_count":null}},{"type":"Feature","geometry":{"type":"Point","coordinates":[-6.297362,36.531815]},"properties":{"id":"VUT/CA/15538","type":"VUT","group":"Por habitaciones","address":"CALLE BARRIE Nº 31 Plta/Piso B Pta/Letra DCH, piso B, puerta DCH","postal_code":"11001","places":6,"units":3,"registered":"2022-09-14","catastro":"2065404QA4426E0001GD","holder":null,"holder_count":null}},{"type":"Feature","geometry":{"type":"Point","coordinates":[-6.29825,36.534939]},"properties":{"id":"VUT/CA/15540","type":"VUT","group":"Completa","address":"CALLE PRESIDENTE RIVADAVIA Nº 2 Pta/Letra C, puerta C","postal_code":"11001","places":4,"units":2,"registered":"2022-09-14","catastro":"2068108QA4426G0021XX","holder":null,"holder_count":null}},{"type":"Feature","geometry":{"type":"Point","coordinates":[-6.294238,36.533262]},"properties":{"id":"VUT/CA/15541","type":"VUT","group":"Completa","address":"CALLE ARGANTONIO Nº 8 Plta/Piso 2 Pta/Letra A, piso 2, puerta A","postal_code":"11004","places":6,"units":2,"registered":"2022-09-14","catastro":"2367508QA4426G0001KI","holder":"APARTMENTS TIME S.L.","holder_count":55}},{"type":"Feature","geometry":{"type":"Point","coordinates":[-6.301533,36.531045]},"properties":{"id":"VUT/CA/15543","type":"VUT","group":"Completa","address":"CALLE Calle San José Nº 70 Plta/Piso 2, piso 2","postal_code":"11002","places":8,"units":3,"registered":"2022-09-14","catastro":"1764902QA4416D0004GE","holder":null,"holder_count":null}},{"type":"Feature","geometry":{"type":"Point","coordinates":[-6.2952,36.535215]},"properties":{"id":"VUT/CA/15549","type":"VUT","group":"Completa","address":"CALLE ISABEL LA CATÓLICA Nº 5 Plta/Piso 3 Pta/Letra IZQ, piso 3, puerta IZQ","postal_code":"11008","places":4,"units":2,"registered":"2022-09-15","catastro":"2369801QA4426G0010YF","holder":null,"holder_count":null}},{"type":"Feature","geometry":{"type":"Point","coordinates":[-6.303745,36.531776]},"properties":{"id":"VUT/CA/15552","type":"VUT","group":"Completa","address":"CALLE SAN RAFAEL Nº 28 Plta/Piso 2 Pta/Letra C, piso 2, puerta C","postal_code":"11002","places":5,"units":3,"registered":"2022-09-15","catastro":"1565903QA4416F0011EW","holder":"APARTMENTS TIME S.L.","holder_count":55}},{"type":"Feature","geometry":{"type":"Point","coordinates":[-6.294333,36.529242]},"properties":{"id":"VUT/CA/15556","type":"VUT","group":"Por habitaciones","address":"CALLE ARCO DELA ROSA Nº 2-3 Plta/Piso 3 Pta/Letra A, piso 3, puerta A","postal_code":"11005","places":4,"units":2,"registered":"2022-09-16","catastro":"2362319QA4426C0011KW","holder":null,"holder_count":null}},{"type":"Feature","geometry":{"type":"Point","coordinates":[-6.299767,36.533567]},"properties":{"id":"VUT/CA/15557","type":"VUT","group":"Completa","address":"CALLE Benjumeda Nº 23 Plta/Piso 1 Pta/Letra A, piso 1, puerta A","postal_code":"11003","places":4,"units":2,"registered":"2022-09-16","catastro":"1867418QA4416H0004RH","holder":null,"holder_count":null}},{"type":"Feature","geometry":{"type":"Point","coordinates":[-6.292506,36.528468]},"properties":{"id":"VUT/CA/15558","type":"VUT","group":"Completa","address":"CALLE Santa María Nº 2 Calif.Nº Dº Plta/Piso Baja, piso Baja","postal_code":"11005","places":8,"units":3,"registered":"2022-09-16","catastro":"2562708QA4426B0001IO","holder":null,"holder_count":null}},{"type":"Feature","geometry":{"type":"Point","coordinates":[-6.294354,36.535395]},"properties":{"id":"VUT/CA/15562","type":"VUT","group":"Completa","address":"CALLE MANUEL RANCÉS Nº 21 Plta/Piso B Pta/Letra B, piso B, puerta B","postal_code":"11004","places":4,"units":2,"registered":"2022-09-17","catastro":"2369404QA4426G0003DP","holder":null,"holder_count":null}},{"type":"Feature","geometry":{"type":"Point","coordinates":[-6.300276,36.52958]},"properties":{"id":"VUT/CA/15563","type":"VUT","group":"Completa","address":"CALLE PASQUIN Nº 12 Plta/Piso BAJO Pta/Letra B, piso BAJO, puerta B","postal_code":"11002","places":4,"units":1,"registered":"2022-09-17","catastro":"1862329QA4416D0008TU","holder":null,"holder_count":null}},{"type":"Feature","geometry":{"type":"Point","coordinates":[-6.298526,36.529573]},"properties":{"id":"VUT/CA/15564","type":"VUT","group":"Completa","address":"CALLE ARCO DE GARAICOCHEA Nº 3 Plta/Piso BAJO Pta/Letra A, piso BAJO, puerta A","postal_code":"11005","places":6,"units":3,"registered":"2022-09-18","catastro":"1962331QA4416D0001RM","holder":"AFREY 2002 S.L.","holder_count":1}},{"type":"Feature","geometry":{"type":"Point","coordinates":[-6.272563,36.504535]},"properties":{"id":"VUT/CA/15565","type":"VUT","group":"Completa","address":"CALLE INFANTE DE ORLEANS Nº 4 Plta/Piso 3 Pta/Letra 3, piso 3, puerta 3","postal_code":"11011","places":6,"units":3,"registered":"2022-09-18","catastro":"4435101QA4443E0319RJ","holder":null,"holder_count":null}},{"type":"Feature","geometry":{"type":"Point","coordinates":[-6.302419,36.529652]},"properties":{"id":"VUT/CA/15566","type":"VUT","group":"Completa","address":"CALLE CRISTO DE LA MISERICORDIA Nº 6 Portal DUPLICADO Plta/Piso 2 Pta/Letra B, piso 2, puerta B","postal_code":"11002","places":4,"units":1,"registered":"2022-09-19","catastro":"1662204QA4416B0023HZ","holder":null,"holder_count":null}},{"type":"Feature","geometry":{"type":"Point","coordinates":[-6.300724,36.530981]},"properties":{"id":"VUT/CA/15567","type":"VUT","group":"Completa","address":"CALLE SAGASTA Nº 63 Plta/Piso 2 Pta/Letra B, piso 2, puerta B","postal_code":"11002","places":6,"units":2,"registered":"2022-09-19","catastro":"1764913QA4416D0001GM","holder":"APARTMENTS TIME S.L.","holder_count":55}},{"type":"Feature","geometry":{"type":"Point","coordinates":[-6.302419,36.529652]},"properties":{"id":"VUT/CA/15568","type":"VUT","group":"Completa","address":"CALLE CRISTO DE LA MISERICORDIA Nº 6 Portal DUPLICADO Plta/Piso 2 Pta/Letra D, piso 2, puerta D","postal_code":"11002","places":4,"units":1,"registered":"2022-09-19","catastro":"1662204QA4416B0025KM","holder":null,"holder_count":null}},{"type":"Feature","geometry":{"type":"Point","coordinates":[-6.297707,36.531469]},"properties":{"id":"VUT/CA/15572","type":"VUT","group":"Completa","address":"CALLE Sacramento Nº 16 Calif.Nº Duplicado Plta/Piso 3 Pta/Letra F, piso 3, puerta F","postal_code":"11001","places":5,"units":3,"registered":"2022-09-19","catastro":"2065601QA4426E0024DU","holder":null,"holder_count":null}},{"type":"Feature","geometry":{"type":"Point","coordinates":[-6.297707,36.531469]},"properties":{"id":"VUT/CA/15573","type":"VUT","group":"Completa","address":"CALLE Sacrameto Nº 16 Calif.Nº DUPLICADO Plta/Piso 1 Pta/Letra D, piso 1, puerta D","postal_code":"11001","places":5,"units":3,"registered":"2022-09-19","catastro":"2065601QA4426E0004XH","holder":null,"holder_count":null}},{"type":"Feature","geometry":{"type":"Point","coordinates":[-6.302419,36.529652]},"properties":{"id":"VUT/CA/15576","type":"VUT","group":"Completa","address":"CALLE Cristo de la misericordia Nº 6 Portal DUPLICADO Plta/Piso 1 Pta/Letra F, piso 1, puerta F","postal_code":"11002","places":4,"units":1,"registered":"2022-09-19","catastro":"1662204QA4416B0021FL","holder":null,"holder_count":null}},{"type":"Feature","geometry":{"type":"Point","coordinates":[-6.302419,36.529652]},"properties":{"id":"VUT/CA/15577","type":"VUT","group":"Completa","address":"CALLE CRISTO DE LA MISERICORDIA Nº 6 Portal DUPLICADO Plta/Piso 2 Pta/Letra A, piso 2, puerta A","postal_code":"11002","places":4,"units":1,"registered":"2022-09-19","catastro":"1662204QA4416B0022GB","holder":null,"holder_count":null}},{"type":"Feature","geometry":{"type":"Point","coordinates":[-6.294238,36.533262]},"properties":{"id":"VUT/CA/15588","type":"VUT","group":"Completa","address":"CALLE Argantonio Nº 8 Plta/Piso 5, piso 5","postal_code":"11004","places":6,"units":2,"registered":"2022-09-20","catastro":"2367508QA4426G0001KI","holder":"APARTMENTS TIME S.L.","holder_count":55}},{"type":"Feature","geometry":{"type":"Point","coordinates":[-6.292663,36.527911]},"properties":{"id":"VUT/CA/15591","type":"VUT","group":"Completa","address":"CALLE SAN JUAN BAUTISTA DE LA SALLE Km 4 Plta/Piso 1 Pta/Letra B, piso 1, puerta B","postal_code":"11008","places":4,"units":2,"registered":"2022-09-21","catastro":"2561614QA4426B0004YS","holder":"GADES GESTIÓN TURÍSTICA SL","holder_count":12}},{"type":"Feature","geometry":{"type":"Point","coordinates":[-6.293571,36.536206]},"properties":{"id":"VUT/CA/15592","type":"VUT","group":"Completa","address":"CALLE CONDE  O'REILLY Nº 1 Plta/Piso 2 Pta/Letra B, piso 2, puerta B","postal_code":"11002","places":4,"units":2,"registered":"2022-09-21","catastro":"2470701QA4427A0010UM","holder":null,"holder_count":null}},{"type":"Feature","geometry":{"type":"Point","coordinates":[-6.294983,36.53029]},"properties":{"id":"VUT/CA/15599","type":"VUT","group":"Completa","address":"CALLE BARROCAL Nº 8 Plta/Piso 3 Pta/Letra I, piso 3, puerta I","postal_code":"11005","places":4,"units":2,"registered":"2022-09-22","catastro":"2364706QA4426C0006ZM","holder":"AC GESTION CADIZ S.L.","holder_count":39}},{"type":"Feature","geometry":{"type":"Point","coordinates":[-6.28246,36.513661]},"properties":{"id":"VUT/CA/15600","type":"VUT","group":"Completa","address":"PLAZA SANTO ANGEL DE LA GUARDA Nº 1 Plta/Piso 9 Pta/Letra A, piso 9, puerta A","postal_code":"11008","places":7,"units":4,"registered":"2022-09-22","catastro":"3546714QA4434F0034XH","holder":null,"holder_count":null}},{"type":"Feature","geometry":{"type":"Point","coordinates":[-6.273971,36.500802]},"properties":{"id":"VUT/CA/15605","type":"VUT","group":"Completa","address":"PASEO PASEO MARÍTIMO Nº19 5ºE Nº 19 Plta/Piso 5 Pta/Letra E, piso 5, puerta E","postal_code":"11011","places":6,"units":2,"registered":"2022-09-22","catastro":"4231902QA4443A0133BY","holder":null,"holder_count":null}},{"type":"Feature","geometry":{"type":"Point","coordinates":[-6.28246,36.513661]},"properties":{"id":"VUT/CA/15606","type":"VUT","group":"Completa","address":"PLAZA SANTO ANGEL DE LA GUARDA Nº 1 Plta/Piso 4 Pta/Letra A, piso 4, puerta A","postal_code":"11008","places":7,"units":4,"registered":"2022-09-22","catastro":"3546714QA4434F0014IW","holder":null,"holder_count":null}},{"type":"Feature","geometry":{"type":"Point","coordinates":[-6.29018,36.526743]},"properties":{"id":"VUT/CA/15610","type":"VUT","group":"Completa","address":"CALLE SAN ROQUE Nº 2 Plta/Piso BAJO Pta/Letra C, piso BAJO, puerta C","postal_code":"11006","places":6,"units":2,"registered":"2022-09-23","catastro":"2760501QA4426B0003TA","holder":null,"holder_count":null}},{"type":"Feature","geometry":{"type":"Point","coordinates":[-6.280857,36.512863]},"properties":{"id":"VUT/CA/15612","type":"VUT","group":"Completa","address":"AVENIDA Ana de Villa Nº 14 Plta/Piso 4 Pta/Letra D, piso 4, puerta D","postal_code":"11008","places":7,"units":3,"registered":"2022-09-24","catastro":"3544324QA4434D0009BT","holder":"SMART RENT PATRIMONIAL S.L.","holder_count":2}},{"type":"Feature","geometry":{"type":"Point","coordinates":[-6.280076,36.510153]},"properties":{"id":"VUT/CA/15620","type":"VUT","group":"Completa","address":"CALLE CRUZ ROJA ESPAÑOLA Nº 7 Plta/Piso 7 Pta/Letra D, piso 7, puerta D","postal_code":"11009","places":6,"units":3,"registered":"2022-09-26","catastro":"3741204QA4434B0028PM","holder":null,"holder_count":null}},{"type":"Feature","geometry":{"type":"Point","coordinates":[-6.276524,36.505878]},"properties":{"id":"VUT/CA/15631","type":"VUT","group":"Completa","address":"AVENIDA Cayetano del Toro Nº 21 Plta/Piso 1 Pta/Letra E-2, piso 1, puerta E-2","postal_code":"11010","places":4,"units":1,"registered":"2022-09-27","catastro":"4037509QA4443G0049IQ","holder":null,"holder_count":null}},{"type":"Feature","geometry":{"type":"Point","coordinates":[-6.274665,36.518219]},"properties":{"id":"VUT/CA/15632","type":"VUT","group":"Completa","address":"CALLE HÉRCULES Nº 13 Plta/Piso BJ Pta/Letra A, piso BJ, puerta A","postal_code":"11003","places":4,"units":2,"registered":"2022-09-27","catastro":"4150404QA4445A0022AY","holder":null,"holder_count":null}},{"type":"Feature","geometry":{"type":"Point","coordinates":[-6.29535,36.536192]},"properties":{"id":"VUT/CA/15634","type":"VUT","group":"Completa","address":"CALLE AHUMADA Nº 18 Plta/Piso 3 Pta/Letra A, piso 3, puerta A","postal_code":"11005","places":6,"units":2,"registered":"2022-09-27","catastro":"2269108QA4426G0008RG","holder":"APARTMENTS TIME S.L.","holder_count":55}},{"type":"Feature","geometry":{"type":"Point","coordinates":[-6.30109,36.534272]},"properties":{"id":"VUT/CA/15635","type":"VUT","group":"Completa","address":"CALLE SOLEDAD Nº 12 Plta/Piso 1 Compl.Dom. EXTERIOR, piso 1","postal_code":"11003","places":6,"units":3,"registered":"2022-09-27","catastro":"1768602QA4416H0006WK","holder":"PANES COVER SL","holder_count":1}},{"type":"Feature","geometry":{"type":"Point","coordinates":[-6.295485,36.535612]},"properties":{"id":"VUT/CA/15639","type":"VUT","group":"Completa","address":"CALLE AHUMADA Nº 5 Plta/Piso 2 Pta/Letra C, piso 2, puerta C","postal_code":"11004","places":4,"units":2,"registered":"2022-09-28","catastro":"2269303QA4426G0017LZ","holder":null,"holder_count":null}},{"type":"Feature","geometry":{"type":"Point","coordinates":[-6.280857,36.512863]},"properties":{"id":"VUT/CA/15640","type":"VUT","group":"Completa","address":"AVENIDA Ana de Villa Nº 14 Plta/Piso 4 Pta/Letra I, piso 4, puerta I","postal_code":"11008","places":5,"units":2,"registered":"2022-09-28","catastro":"3544324QA4434D0009BT","holder":"SMART RENT PATRIMONIAL S.L.","holder_count":2}},{"type":"Feature","geometry":{"type":"Point","coordinates":[-6.274536,36.503229]},"properties":{"id":"VUT/CA/15641","type":"VUT","group":"Completa","address":"PLAZA BECQUER Nº 3 Blq. 3 Esc. CENTRO Plta/Piso 2 Pta/Letra C, piso 2, puerta C","postal_code":"11010","places":7,"units":3,"registered":"2022-09-28","catastro":"4234804QA4443C0038TE","holder":null,"holder_count":null}},{"type":"Feature","geometry":{"type":"Point","coordinates":[-6.274874,36.502439]},"properties":{"id":"VUT/CA/15642","type":"VUT","group":"Completa","address":"CALLE JOSE GARCÍA AGULLO Nº 1 Portal 4 Plta/Piso 8 Pta/Letra H Compl.Dom. EDIFICIO ATLÁNTICO 4, piso 8, puerta H","postal_code":"11010","places":7,"units":3,"registered":"2022-09-28","catastro":"4133501QA4443C0203KY","holder":null,"holder_count":null}},{"type":"Feature","geometry":{"type":"Point","coordinates":[-6.298579,36.532533]},"properties":{"id":"VUT/CA/15647","type":"VUT","group":"Completa","address":"CALLE ROSARIO CEPEDA Nº 10 Plta/Piso 1 Pta/Letra IZ, piso 1, puerta IZ","postal_code":"11001","places":4,"units":2,"registered":"2022-09-29","catastro":"1966506QA4416F0004YZ","holder":"AC GESTION CADIZ S.L.","holder_count":39}},{"type":"Feature","geometry":{"type":"Point","coordinates":[-6.302542,36.534664]},"properties":{"id":"VUT/CA/15649","type":"VUT","group":"Completa","address":"CALLE SANTA ROSALIA Nº 1 Esc. 1 Plta/Piso 1 Pta/Letra A, piso 1, puerta A","postal_code":"11003","places":6,"units":2,"registered":"2022-09-29","catastro":"1668806QA4416H0003TG","holder":"JIMENEZ MERLO SL","holder_count":2}},{"type":"Feature","geometry":{"type":"Point","coordinates":[-6.301177,36.532405]},"properties":{"id":"VUT/CA/15662","type":"VUT","group":"Completa","address":"CALLE TORRE Nº 38 Plta/Piso 1 Pta/Letra 6, piso 1, puerta 6","postal_code":"11003","places":5,"units":2,"registered":"2022-10-03","catastro":"1765201QA4416F0008PW","holder":null,"holder_count":null}},{"type":"Feature","geometry":{"type":"Point","coordinates":[-6.285946,36.519395]},"properties":{"id":"VUT/CA/15664","type":"VUT","group":"Completa","address":"PLAZA ALMUDAINA Nº 5 Plta/Piso 8 Pta/Letra A, piso 8, puerta A","postal_code":"11008","places":6,"units":2,"registered":"2022-10-03","catastro":"3151201QA4435A0015PZ","holder":"SERAE S. COOP. AND.","holder_count":3}},{"type":"Feature","geometry":{"type":"Point","coordinates":[-6.276214,36.504384]},"properties":{"id":"VUT/CA/15665","type":"VUT","group":"Completa","address":"CALLE DOCTOR HERRERA QUEVEDO Nº 2 Plta/Piso 8 Pta/Letra B, piso 8, puerta B","postal_code":"11010","places":8,"units":3,"registered":"2022-10-03","catastro":"4035903QA4443E0045WW","holder":"SERAE S. COOP. AND.","holder_count":3}},{"type":"Feature","geometry":{"type":"Point","coordinates":[-6.276369,36.503887]},"properties":{"id":"VUT/CA/15669","type":"VUT","group":"Completa","address":"PASEO Marítimo Nº 8 Plta/Piso Bajo Pta/Letra HS, piso Bajo, puerta HS","postal_code":"11010","places":4,"units":2,"registered":"2022-10-04","catastro":"4134813QA4443C0011MT","holder":null,"holder_count":null}},{"type":"Feature","geometry":{"type":"Point","coordinates":[-6.299609,36.536039]},"properties":{"id":"VUT/CA/15690","type":"VUT","group":"Completa","address":"CALLE Vea Murguía Nº 24 Plta/Piso 3 Pta/Letra A, piso 3, puerta A","postal_code":"11003","places":6,"units":3,"registered":"2022-10-06","catastro":"1870612QA4417B0032MZ","holder":"HICI CÁDIZ SL","holder_count":1}},{"type":"Feature","geometry":{"type":"Point","coordinates":[-6.280857,36.512863]},"properties":{"id":"VUT/CA/15696","type":"VUT","group":"Completa","address":"AVENIDA Ana de villa Nº 14 Portal 14 Plta/Piso 3 Pta/Letra D, piso 3, puerta D","postal_code":"11008","places":8,"units":3,"registered":"2022-10-07","catastro":"3544324QA4434D0008LR","holder":"Smart Rent Gestion de Inmuebles","holder_count":1}},{"type":"Feature","geometry":{"type":"Point","coordinates":[-6.302542,36.534664]},"properties":{"id":"VUT/CA/15709","type":"VUT","group":"Completa","address":"CALLE SANTA ROSALIA Nº 1 Esc. 1 Plta/Piso 1 Pta/Letra B, piso 1, puerta B","postal_code":"11003","places":4,"units":1,"registered":"2022-10-13","catastro":"1668806QA4416H0004YH","holder":"JIMENEZ MERLO SL","holder_count":2}},{"type":"Feature","geometry":{"type":"Point","coordinates":[-6.300601,36.531941]},"properties":{"id":"VUT/CA/15710","type":"VUT","group":"Completa","address":"CALLE HOSPITAL DE MUJERES Nº 42 Plta/Piso 1 Pta/Letra F, piso 1, puerta F","postal_code":"11002","places":6,"units":2,"registered":"2022-10-13","catastro":"1765405QA4416F2008RZ","holder":"LA CARBONA JEREZANA SL","holder_count":1}},{"type":"Feature","geometry":{"type":"Point","coordinates":[-6.296038,36.536161]},"properties":{"id":"VUT/CA/15711","type":"VUT","group":"Completa","address":"CALLE General Menacho Nº 13 Plta/Piso 1B, piso 1B","postal_code":"11004","places":4,"units":2,"registered":"2022-10-13","catastro":"2169306QA4426G0003BP","holder":null,"holder_count":null}},{"type":"Feature","geometry":{"type":"Point","coordinates":[-6.301856,36.532773]},"properties":{"id":"VUT/CA/15712","type":"VUT","group":"Completa","address":"CALLE SOLANO Nº 21 Portal DUPLICADO Plta/Piso 3, piso 3","postal_code":"11002","places":3,"units":2,"registered":"2022-10-13","catastro":"1766817QA4416F0005GX","holder":null,"holder_count":null}},{"type":"Feature","geometry":{"type":"Point","coordinates":[-6.285651,36.517599]},"properties":{"id":"VUT/CA/15714","type":"VUT","group":"Por habitaciones","address":"PLAZA ESCRITOR RAMÓN SOLIS Nº 11 Plta/Piso 3º Pta/Letra D, piso 3º, puerta D","postal_code":"11008","places":4,"units":2,"registered":"2022-10-14","catastro":"3149302QA4434G0005ZT","holder":null,"holder_count":null}},{"type":"Feature","geometry":{"type":"Point","coordinates":[-6.286156,36.523129]},"properties":{"id":"VUT/CA/15721","type":"VUT","group":"Completa","address":"AVENIDA ANDALUCIA Nº 21 Plta/Piso 2 Pta/Letra D, piso 2, puerta D","postal_code":"11007","places":4,"units":2,"registered":"2022-10-17","catastro":"3157605QA4435E0036GE","holder":"DOÑASUR, S.L.","holder_count":1}},{"type":"Feature","geometry":{"type":"Point","coordinates":[-6.286156,36.523129]},"properties":{"id":"VUT/CA/15725","type":"VUT","group":"Completa","address":"AVENIDA ANDALUCIA Nº 21 Plta/Piso 1 Pta/Letra D, piso 1, puerta D","postal_code":"11007","places":6,"units":3,"registered":"2022-10-17","catastro":"3157605QA4435E0030OB","holder":"GRAY 2008, S.L.","holder_count":1}},{"type":"Feature","geometry":{"type":"Point","coordinates":[-6.27952,36.515896]},"properties":{"id":"VUT/CA/15744","type":"VUT","group":"Completa","address":"CALLE Francisco Garcia de Sola Nº 42 Plta/Piso bajo Pta/Letra izq, piso bajo, puerta izq","postal_code":"11008","places":6,"units":4,"registered":"2022-10-20","catastro":"3748901QA4434H0105OJ","holder":null,"holder_count":null}},{"type":"Feature","geometry":{"type":"Point","coordinates":[-6.286521,36.521539]},"properties":{"id":"VUT/CA/15784","type":"VUT","group":"Completa","address":"CALLE SANTA MARIA DE SOLEDAD Nº 11 Plta/Piso 1 Pta/Letra H, piso 1, puerta H","postal_code":"11008","places":6,"units":3,"registered":"2022-10-28","catastro":"3154808QA4435C0004SI","holder":"AC GESTION CADIZ S.L.","holder_count":39}},{"type":"Feature","geometry":{"type":"Point","coordinates":[-6.280462,36.514876]},"properties":{"id":"VUT/CA/15832","type":"VUT","group":"Completa","address":"CALLE RECREO Nº 2 Plta/Piso 1º, piso 1º","postal_code":"11008","places":4,"units":2,"registered":"2022-11-07","catastro":"3646301QA4434F0002MH","holder":"LITTLE APARTMENTS S.L.","holder_count":20}},{"type":"Feature","geometry":{"type":"Point","coordinates":[-6.280462,36.514876]},"properties":{"id":"VUT/CA/15833","type":"VUT","group":"Completa","address":"CALLE RECREO Nº 2 Plta/Piso BAJO, piso BAJO","postal_code":"11008","places":4,"units":2,"registered":"2022-11-07","catastro":"3646301QA4434F1001BD","holder":null,"holder_count":null}},{"type":"Feature","geometry":{"type":"Point","coordinates":[-6.276674,36.508287]},"properties":{"id":"VUT/CA/15841","type":"VUT","group":"Por habitaciones","address":"AVENIDA MARCONI Nº 10 Plta/Piso 1 Pta/Letra B, piso 1, puerta B","postal_code":"11009","places":4,"units":2,"registered":"2022-11-09","catastro":"4039301QA4443G0002KS","holder":"DUNA BEDUINA SERVICIOS TURISTÍCOS, S.L.","holder_count":77}},{"type":"Feature","geometry":{"type":"Point","coordinates":[-6.275521,36.502536]},"properties":{"id":"VUT/CA/15908","type":"VUT","group":"Completa","address":"CALLE JOSE GARCIA AGULLO Nº 4 Plta/Piso BAJO Pta/Letra B, piso BAJO, puerta B","postal_code":"11010","places":4,"units":2,"registered":"2022-11-22","catastro":"4134810QA4443C0068GQ","holder":null,"holder_count":null}},{"type":"Feature","geometry":{"type":"Point","coordinates":[-6.273971,36.500802]},"properties":{"id":"VUT/CA/15929","type":"VUT","group":"Completa","address":"AVENIDA PERIODISTA BEATRIZ CIENFUEGOS Nº 2 Blq. 2 Esc. I Plta/Piso 1 Pta/Letra C, piso 1, puerta C","postal_code":"11011","places":4,"units":2,"registered":"2022-11-24","catastro":"4231902QA4443A0078RD","holder":null,"holder_count":null}},{"type":"Feature","geometry":{"type":"Point","coordinates":[-6.276495,36.514734]},"properties":{"id":"VUT/CA/15953","type":"VUT","group":"Completa","address":"PLAZA SANTA ANA Nº 6 Plta/Piso 2 Pta/Letra D, piso 2, puerta D","postal_code":"11012","places":4,"units":2,"registered":"2022-11-28","catastro":"4047925QA4444E0133QD","holder":null,"holder_count":null}},{"type":"Feature","geometry":{"type":"Point","coordinates":[-6.281676,36.513089]},"properties":{"id":"VUT/CA/16000","type":"VUT","group":"Completa","address":"PLAZA SAN LEONARDO Nº 1 Esc. A Plta/Piso 2º Pta/Letra B Compl.Dom. EDIFICIO RESIDENCIAL NUEVO SAN JOSE, piso 2º, puerta B","postal_code":"11008","places":4,"units":1,"registered":"2022-12-12","catastro":"3544345QA4434D0156YJ","holder":"DUNA BEDUINA SERVICIOS TURISTÍCOS, S.L.","holder_count":77}},{"type":"Feature","geometry":{"type":"Point","coordinates":[-6.286206,36.52021]},"properties":{"id":"VUT/CA/16017","type":"VUT","group":"Completa","address":"AVENIDA Alcalde Manuel La Pinta Nº 9 Plta/Piso 0 Pta/Letra 2A1, piso 0, puerta 2A1","postal_code":"11007","places":6,"units":2,"registered":"2022-12-14","catastro":"3153513QA4435C2941GP","holder":null,"holder_count":null}},{"type":"Feature","geometry":{"type":"Point","coordinates":[-6.284823,36.515983]},"properties":{"id":"VUT/CA/16046","type":"VUT","group":"Completa","address":"CALLE Amilcar Barca Nº 11 Plta/Piso 2º Pta/Letra D, piso 2º, puerta D","postal_code":"11008","places":4,"units":2,"registered":"2022-12-22","catastro":"3248407QA4434G0012GO","holder":null,"holder_count":null}},{"type":"Feature","geometry":{"type":"Point","coordinates":[-6.280662,36.511438]},"properties":{"id":"VUT/CA/16047","type":"VUT","group":"Completa","address":"CALLE PEREIRA Nº 1 Plta/Piso 2 Pta/Letra C, piso 2, puerta C","postal_code":"11009","places":4,"units":2,"registered":"2022-12-23","catastro":"3643510QA4434D0010YE","holder":"ALQUILER VACACIONAL TURISMO E INNOVACIÓN SOCIAL SCA","holder_count":81}},{"type":"Feature","geometry":{"type":"Point","coordinates":[-6.278712,36.509711]},"properties":{"id":"VUT/CA/16052","type":"VUT","group":"Completa","address":"AVENIDA ANA DE VIYA Nº 19 Esc. B Plta/Piso BJ Pta/Letra IZQ, piso BJ, puerta IZQ","postal_code":"11008","places":6,"units":3,"registered":"2022-12-27","catastro":"3940105qa4434b0011eo","holder":null,"holder_count":null}},{"type":"Feature","geometry":{"type":"Point","coordinates":[-6.277182,36.50431]},"properties":{"id":"VUT/CA/16100","type":"VUT","group":"Completa","address":"CALLE VIRGEN DE LAS ANGUSTIAS Nº 8 Plta/Piso 2 Pta/Letra D, piso 2, puerta D","postal_code":"11010","places":4,"units":1,"registered":"2023-01-10","catastro":"4035905QA4443E0026US","holder":null,"holder_count":null}},{"type":"Feature","geometry":{"type":"Point","coordinates":[-6.271746,36.498628]},"properties":{"id":"VUT/CA/16128","type":"VUT","group":"Completa","address":"PLAZA PLAZA JEREZ DE LA FRONTERA Nº 14 Plta/Piso 2 Pta/Letra A, piso 2, puerta A","postal_code":"11011","places":4,"units":2,"registered":"2023-01-15","catastro":"4429301QA4442G0157JG","holder":null,"holder_count":null}},{"type":"Feature","geometry":{"type":"Point","coordinates":[-6.273971,36.500802]},"properties":{"id":"VUT/CA/16135","type":"VUT","group":"Completa","address":"PASEO MARÍTIMO Nº 19 Plta/Piso 1 Pta/Letra B, piso 1, puerta B","postal_code":"11011","places":4,"units":2,"registered":"2023-01-16","catastro":"4231902QA4443A0110ES","holder":null,"holder_count":null}},{"type":"Feature","geometry":{"type":"Point","coordinates":[-6.286546,36.522026]},"properties":{"id":"VUT/CA/16293","type":"VUT","group":"Completa","address":"CALLE SANTA MARIA SOLEDAD Nº 7 Plta/Piso BAJO Pta/Letra IZQ, piso BAJO, puerta IZQ","postal_code":"11008","places":6,"units":3,"registered":"2023-02-02","catastro":"3055507QA4435E0027ZB","holder":null,"holder_count":null}},{"type":"Feature","geometry":{"type":"Point","coordinates":[-6.283765,36.514401]},"properties":{"id":"VUT/CA/16295","type":"VUT","group":"Completa","address":"CALLE CALLEJON DEL BLANCO Portal 6 Plta/Piso 1 Pta/Letra IZQ, piso 1, puerta IZQ","postal_code":"11008","places":4,"units":2,"registered":"2023-02-02","catastro":"3346403QA4434E0003QI","holder":null,"holder_count":null}},{"type":"Feature","geometry":{"type":"Point","coordinates":[-6.280076,36.510153]},"properties":{"id":"VUT/CA/16343","type":"VUT","group":"Completa","address":"CALLE CRUZ ROJA ESPAÑOLA Nº 7 Plta/Piso 3 Pta/Letra D, piso 3, puerta D","postal_code":"11009","places":6,"units":3,"registered":"2023-02-07","catastro":"3741204QA4434B0012BP","holder":null,"holder_count":null}},{"type":"Feature","geometry":{"type":"Point","coordinates":[-6.275154,36.501844]},"properties":{"id":"VUT/CA/16379","type":"VUT","group":"Completa","address":"CALLE CEUTA Nº 2 Plta/Piso 2 Pta/Letra B, piso 2, puerta B","postal_code":"11011","places":4,"units":1,"registered":"2023-02-11","catastro":"4133505QA4443C0037RW","holder":null,"holder_count":null}},{"type":"Feature","geometry":{"type":"Point","coordinates":[-6.274488,36.501]},"properties":{"id":"VUT/CA/16381","type":"VUT","group":"Completa","address":"PLAZA ELIOS Nº 3 Plta/Piso 1, piso 1","postal_code":"11011","places":6,"units":4,"registered":"2023-02-11","catastro":"4231901QA4443A0073DI","holder":null,"holder_count":null}},{"type":"Feature","geometry":{"type":"Point","coordinates":[-6.277182,36.50431]},"properties":{"id":"VUT/CA/16444","type":"VUT","group":"Completa","address":"CALLE VIRGEN DE LAS ANGUSTIAS Nº 8 Plta/Piso 2 Pta/Letra A, piso 2, puerta A","postal_code":"11010","places":4,"units":1,"registered":"2023-02-16","catastro":"4035905QA4443E0023RO","holder":null,"holder_count":null}},{"type":"Feature","geometry":{"type":"Point","coordinates":[-6.281573,36.512737]},"properties":{"id":"VUT/CA/16446","type":"VUT","group":"Completa","address":"PLAZA San Leonardo Nº 1 Blq. A Plta/Piso 1 Pta/Letra D, piso 1, puerta D","postal_code":"11008","places":4,"units":1,"registered":"2023-02-16","catastro":"3544345QA4434D0001OB","holder":null,"holder_count":null}},{"type":"Feature","geometry":{"type":"Point","coordinates":[-6.283897,36.521437]},"properties":{"id":"VUT/CA/16449","type":"VUT","group":"Completa","address":"CALLE BRUNETE Nº 2 Portal B Plta/Piso 1 Pta/Letra G, piso 1, puerta G","postal_code":"11007","places":4,"units":2,"registered":"2023-02-16","catastro":"3253318QA4435C0059DW","holder":null,"holder_count":null}},{"type":"Feature","geometry":{"type":"Point","coordinates":[-6.284823,36.515983]},"properties":{"id":"VUT/CA/16463","type":"VUT","group":"Completa","address":"AVENIDA Amilcar Barca Nº 11 Plta/Piso 1 Pta/Letra b, piso 1, puerta b","postal_code":"11008","places":6,"units":3,"registered":"2023-02-17","catastro":"3248407QA4434G0006SY","holder":null,"holder_count":null}},{"type":"Feature","geometry":{"type":"Point","coordinates":[-6.281573,36.512737]},"properties":{"id":"VUT/CA/16517","type":"VUT","group":"Completa","address":"PLAZA SAN LEONARDO Nº 1 Portal 2 Plta/Piso 2 Pta/Letra A, piso 2, puerta A","postal_code":"11008","places":5,"units":2,"registered":"2023-02-22","catastro":"3544345QA4434D0001OB","holder":"GADES GESTIÓN TURÍSTICA SL","holder_count":12}},{"type":"Feature","geometry":{"type":"Point","coordinates":[-6.281676,36.513089]},"properties":{"id":"VUT/CA/16611","type":"VUT","group":"Completa","address":"PLAZA San Leonardo Nº 1 Portal D Plta/Piso 1 Pta/Letra B, piso 1, puerta B","postal_code":"11008","places":5,"units":2,"registered":"2023-03-05","catastro":"3544345QA4434D0001OB","holder":null,"holder_count":null}},{"type":"Feature","geometry":{"type":"Point","coordinates":[-6.275154,36.501844]},"properties":{"id":"VUT/CA/16699","type":"VUT","group":"Completa","address":"CALLE CEUTA Nº 2 Plta/Piso BJ Pta/Letra A, piso BJ, puerta A","postal_code":"11011","places":4,"units":2,"registered":"2023-03-12","catastro":"4133505QA4443C0027BK","holder":null,"holder_count":null}},{"type":"Feature","geometry":{"type":"Point","coordinates":[-6.281676,36.513089]},"properties":{"id":"VUT/CA/16707","type":"VUT","group":"Completa","address":"PLAZA SAN LEONARDO Nº 1 Portal E Plta/Piso 2 Pta/Letra C, piso 2, puerta C","postal_code":"11008","places":4,"units":1,"registered":"2023-03-13","catastro":"3544345QA4434D0234HR","holder":null,"holder_count":null}},{"type":"Feature","geometry":{"type":"Point","coordinates":[-6.272952,36.499012]},"properties":{"id":"VUT/CA/16759","type":"VUT","group":"Completa","address":"PASEO Marítimo Nº 26 Plta/Piso 2 Pta/Letra C, piso 2, puerta C","postal_code":"11011","places":2,"units":1,"registered":"2023-03-16","catastro":"4329901QA4442G1028QD","holder":null,"holder_count":null}},{"type":"Feature","geometry":{"type":"Point","coordinates":[-6.275407,36.505068]},"properties":{"id":"VUT/CA/16808","type":"VUT","group":"Completa","address":"PLAZA Esquivel Blq. 1 Plta/Piso 1 Pta/Letra G, piso 1, puerta G","postal_code":"11010","places":6,"units":3,"registered":"2023-03-20","catastro":"4136901QA4443E0029JG","holder":null,"holder_count":null}},{"type":"Feature","geometry":{"type":"Point","coordinates":[-6.264968,36.507262]},"properties":{"id":"VUT/CA/16821","type":"VUT","group":"Completa","address":"CALLE REAL Nº 4 Plta/Piso 1 Pta/Letra B, piso 1, puerta B","postal_code":"11011","places":4,"units":3,"registered":"2023-03-21","catastro":"5039707QA4453G0050LE","holder":null,"holder_count":null}},{"type":"Feature","geometry":{"type":"Point","coordinates":[-6.270311,36.496319]},"properties":{"id":"VUT/CA/16837","type":"VUT","group":"Completa","address":"AVENIDA periodista beatriz cienfuegos Nº 19 Esc. k Plta/Piso 2 Pta/Letra c, piso 2, puerta c","postal_code":"11011","places":3,"units":1,"registered":"2023-03-22","catastro":"4627707QA4442F0024AW","holder":null,"holder_count":null}},{"type":"Feature","geometry":{"type":"Point","coordinates":[-6.280022,36.516298]},"properties":{"id":"VUT/CA/16924","type":"VUT","group":"Completa","address":"CALLE PARLAMENTO Nº 15 Plta/Piso 2 Pta/Letra DR, piso 2, puerta DR","postal_code":"11008","places":6,"units":4,"registered":"2023-03-30","catastro":"3749708QA4434H0003KS","holder":null,"holder_count":null}},{"type":"Feature","geometry":{"type":"Point","coordinates":[-6.280696,36.514835]},"properties":{"id":"VUT/CA/16977","type":"VUT","group":"Completa","address":"CALLE RECREO Nº 2 Calif.Nº DUPLICADO Plta/Piso 1 Pta/Letra DERECHA, piso 1, puerta DERECHA","postal_code":"11008","places":4,"units":2,"registered":"2023-04-05","catastro":"3646318QA4434F0007HZ","holder":null,"holder_count":null}},{"type":"Feature","geometry":{"type":"Point","coordinates":[-6.276495,36.514734]},"properties":{"id":"VUT/CA/17125","type":"VUT","group":"Completa","address":"PLAZA SANTA ANA Nº 6 Plta/Piso 1 Pta/Letra D, piso 1, puerta D","postal_code":"11012","places":4,"units":2,"registered":"2023-04-17","catastro":"4047925QA4444E0129MS","holder":null,"holder_count":null}},{"type":"Feature","geometry":{"type":"Point","coordinates":[-6.283765,36.514401]},"properties":{"id":"VUT/CA/17187","type":"VUT","group":"Completa","address":"CALLE MARIANISTA CUBILLO Nº 2 Plta/Piso 2 Pta/Letra IZQ, piso 2, puerta IZQ","postal_code":"11008","places":5,"units":3,"registered":"2023-04-22","catastro":"3346403QA4434E0023GX","holder":null,"holder_count":null}},{"type":"Feature","geometry":{"type":"Point","coordinates":[-6.276903,36.504576]},"properties":{"id":"VUT/CA/17221","type":"VUT","group":"Completa","address":"CALLE Virgen de las Angustias Nº 6 Plta/Piso 2 Pta/Letra A, piso 2, puerta A","postal_code":"11012","places":2,"units":1,"registered":"2023-04-25","catastro":"4035901QA4443E0010RX","holder":null,"holder_count":null}},{"type":"Feature","geometry":{"type":"Point","coordinates":[-6.264968,36.507262]},"properties":{"id":"VUT/CA/17359","type":"VUT","group":"Completa","address":"CALLE CARRACA Nº 9 Plta/Piso BJ Pta/Letra A, piso BJ, puerta A","postal_code":"11011","places":4,"units":2,"registered":"2023-05-03","catastro":"5039707QA4453G0023QI","holder":null,"holder_count":null}},{"type":"Feature","geometry":{"type":"Point","coordinates":[-6.276617,36.509765]},"properties":{"id":"VUT/CA/17402","type":"VUT","group":"Completa","address":"CALLE LA VIDA BREVE Portal 3 Plta/Piso BAJO Pta/Letra B, piso BAJO, puerta B","postal_code":"11009","places":4,"units":3,"registered":"2023-05-06","catastro":"4041803QA4444A0010PE","holder":null,"holder_count":null}},{"type":"Feature","geometry":{"type":"Point","coordinates":[-6.302014,36.528966]},"properties":{"id":"VUT/CA/17585","type":"VUT","group":"Completa","address":"CALLE PROFESOR ALCINA QUESADA Nº 9 Plta/Piso 1 Pta/Letra DCHA, piso 1, puerta DCHA","postal_code":"11002","places":6,"units":3,"registered":"2023-05-19","catastro":"1662607QA4416B0001BT","holder":null,"holder_count":null}},{"type":"Feature","geometry":{"type":"Point","coordinates":[-6.275731,36.503962]},"properties":{"id":"VUT/CA/17622","type":"VUT","group":"Completa","address":"AVENIDA CAYETANO DEL TORO Nº 34 Plta/Piso 1 Pta/Letra B, piso 1, puerta B","postal_code":"11010","places":4,"units":2,"registered":"2023-05-23","catastro":"4134804QA4443C0059TK","holder":null,"holder_count":null}},{"type":"Feature","geometry":{"type":"Point","coordinates":[-6.281694,36.513081]},"properties":{"id":"VUT/CA/17648","type":"VUT","group":"Completa","address":"PLAZA san leonardo Nº 1 Blq. c Plta/Piso 1 Pta/Letra a, piso 1, puerta a","postal_code":"11008","places":3,"units":1,"registered":"2023-05-24","catastro":"3544345QA4434D0195PZ","holder":null,"holder_count":null}},{"type":"Feature","geometry":{"type":"Point","coordinates":[-6.28202,36.520521]},"properties":{"id":"VUT/CA/17650","type":"VUT","group":"Completa","address":"CALLE Ciudad de Santander Nº 18 Plta/Piso bajo Pta/Letra centro izq, piso bajo, puerta centro izq","postal_code":"11007","places":6,"units":2,"registered":"2023-05-24","catastro":"3552102QA4435B0006TQ","holder":null,"holder_count":null}},{"type":"Feature","geometry":{"type":"Point","coordinates":[-6.286396,36.523648]},"properties":{"id":"VUT/CA/17837","type":"VUT","group":"Completa","address":"CALLE SANTA CRUZ DE TENERIFE Nº 5 Plta/Piso 1 Pta/Letra 12, piso 1, puerta 12","postal_code":"11007","places":4,"units":1,"registered":"2023-06-06","catastro":"3057207QA4435E0035QW","holder":null,"holder_count":null}},{"type":"Feature","geometry":{"type":"Point","coordinates":[-6.277473,36.507835]},"properties":{"id":"VUT/CA/17850","type":"VUT","group":"Completa","address":"AVENIDA Calletano del Toro Nº 1 Plta/Piso 1 Pta/Letra D, piso 1, puerta D","postal_code":"11010","places":4,"units":2,"registered":"2023-06-07","catastro":"3938301QA4433H0033LH","holder":null,"holder_count":null}},{"type":"Feature","geometry":{"type":"Point","coordinates":[-6.28682,36.523963]},"properties":{"id":"VUT/CA/17927","type":"VUT","group":"Completa","address":"AVENIDA ANDALUCÍA, DE Nº 11 Plta/Piso 1 Pta/Letra C, piso 1, puerta C","postal_code":"11007","places":5,"units":2,"registered":"2023-06-12","catastro":"3057209QA4435E0005ZR","holder":null,"holder_count":null}},{"type":"Feature","geometry":{"type":"Point","coordinates":[-6.280857,36.512863]},"properties":{"id":"VUT/CA/18001","type":"VUT","group":"Completa","address":"AVENIDA ANA DE VIYA Nº 14 Plta/Piso 1 Pta/Letra I, piso 1, puerta I","postal_code":"11008","places":4,"units":2,"registered":"2023-06-20","catastro":"3544324QA4434D0003FX","holder":null,"holder_count":null}},{"type":"Feature","geometry":{"type":"Point","coordinates":[-6.274348,36.500397]},"properties":{"id":"VUT/CA/18006","type":"VUT","group":"Completa","address":"CALLE Villa de Paradas Nº 3 Plta/Piso 1 Pta/Letra H, piso 1, puerta H","postal_code":"11011","places":6,"units":2,"registered":"2023-06-20","catastro":"4230301QA4443A0024LB","holder":null,"holder_count":null}},{"type":"Feature","geometry":{"type":"Point","coordinates":[-6.27809,36.514399]},"properties":{"id":"VUT/CA/18024","type":"VUT","group":"Completa","address":"AVENIDA PORTUGAL Nº 47 Plta/Piso 1º Pta/Letra B, piso 1º, puerta B","postal_code":"11008","places":6,"units":3,"registered":"2023-06-19","catastro":"3847404QA4434H0084OM","holder":"AC GESTION CADIZ S.L.","holder_count":39}},{"type":"Feature","geometry":{"type":"Point","coordinates":[-6.279126,36.516373]},"properties":{"id":"VUT/CA/18037","type":"VUT","group":"Completa","address":"CALLE FRANCISCO GARCIA DE SOLA Nº 37 Plta/Piso 1 Pta/Letra DCHA, piso 1, puerta DCHA","postal_code":"11008","places":6,"units":3,"registered":"2023-06-20","catastro":"3748301QA4434H0011IJ","holder":null,"holder_count":null}},{"type":"Feature","geometry":{"type":"Point","coordinates":[-6.272745,36.498228]},"properties":{"id":"VUT/CA/18093","type":"VUT","group":"Completa","address":"CALLE NEREIDAS Nº 4 Esc. 2 Plta/Piso 1 Pta/Letra C, piso 1, puerta C","postal_code":"11011","places":6,"units":3,"registered":"2023-06-23","catastro":"4428802QA4442G0061HD","holder":null,"holder_count":null}},{"type":"Feature","geometry":{"type":"Point","coordinates":[-6.281171,36.518795]},"properties":{"id":"VUT/CA/18123","type":"VUT","group":"Completa","address":"CALLE FRANCISCO GARCIA DE SOLA Nº 13 Esc. 1 Plta/Piso 2 Pta/Letra IZQ, piso 2, puerta IZQ","postal_code":"11008","places":6,"units":2,"registered":"2023-06-26","catastro":"3651813QA4435B0006MQ","holder":null,"holder_count":null}},{"type":"Feature","geometry":{"type":"Point","coordinates":[-6.272952,36.499012]},"properties":{"id":"VUT/CA/18149","type":"VUT","group":"Completa","address":"AVENIDA PERIODISTA BEATRIZ CIENFUEGOS Nº 12 Plta/Piso 1 Pta/Letra D, piso 1, puerta D","postal_code":"11010","places":8,"units":3,"registered":"2023-06-28","catastro":"4329901QA4442G0278ZP","holder":null,"holder_count":null}},{"type":"Feature","geometry":{"type":"Point","coordinates":[-6.286502,36.521387]},"properties":{"id":"VUT/CA/18402","type":"VUT","group":"Completa","address":"CALLE Santa Maria Soledad Nº 13 Plta/Piso 1 Pta/Letra C, piso 1, puerta C","postal_code":"11008","places":6,"units":3,"registered":"2023-07-18","catastro":"3154807QA4435C0003WU","holder":null,"holder_count":null}},{"type":"Feature","geometry":{"type":"Point","coordinates":[-6.27957,36.516556]},"properties":{"id":"VUT/CA/18419","type":"VUT","group":"Completa","address":"CALLE PARLAMENTO Nº 21 Plta/Piso 1º Pta/Letra Drcha, piso 1º, puerta Drcha","postal_code":"11008","places":7,"units":4,"registered":"2023-07-20","catastro":"3749705QA4434H0001SP","holder":null,"holder_count":null}},{"type":"Feature","geometry":{"type":"Point","coordinates":[-6.276506,36.511396]},"properties":{"id":"VUT/CA/18481","type":"VUT","group":"Completa","address":"CALLE San Gabriel Nº 4 Plta/Piso 2 Pta/Letra C, piso 2, puerta C","postal_code":"11010","places":6,"units":3,"registered":"2023-07-26","catastro":"4043701QA4444C0007ZZ","holder":null,"holder_count":null}},{"type":"Feature","geometry":{"type":"Point","coordinates":[-6.27624,36.506253]},"properties":{"id":"VUT/CA/18549","type":"VUT","group":"Completa","address":"CALLE ALONSO CANO Nº 3 Plta/Piso 2 Pta/Letra C, piso 2, puerta C","postal_code":"11010","places":5,"units":3,"registered":"2023-08-02","catastro":"4037204QA4443E0010DX","holder":null,"holder_count":null}},{"type":"Feature","geometry":{"type":"Point","coordinates":[-6.28646,36.526419]},"properties":{"id":"VUT/CA/18567","type":"VUT","group":"Completa","address":"AVENIDA BAHIA BLANCA Nº 3 Plta/Piso 1 Pta/Letra C, piso 1, puerta C","postal_code":"11007","places":8,"units":4,"registered":"2023-08-04","catastro":"3159502QA4435G0018TO","holder":null,"holder_count":null}},{"type":"Feature","geometry":{"type":"Point","coordinates":[-6.285666,36.525023]},"properties":{"id":"VUT/CA/18639","type":"VUT","group":"Completa","address":"CALLE PERGOLAS Nº 3 Plta/Piso 1 Pta/Letra E, piso 1, puerta E","postal_code":"11007","places":4,"units":2,"registered":"2023-08-16","catastro":"3158909QA4435G0006QM","holder":null,"holder_count":null}},{"type":"Feature","geometry":{"type":"Point","coordinates":[-6.275627,36.509831]},"properties":{"id":"VUT/CA/18641","type":"VUT","group":"Completa","address":"CALLE SALVADOR DEL MUNDO Nº 4 Plta/Piso 2 Pta/Letra G, piso 2, puerta G","postal_code":"11009","places":2,"units":1,"registered":"2023-08-16","catastro":"4042501QA4444C0015DE","holder":null,"holder_count":null}},{"type":"Feature","geometry":{"type":"Point","coordinates":[-6.306469,36.533446]},"properties":{"id":"VUT/CA/18664","type":"VUT","group":"Completa","address":"AVENIDA DUQUE DE NÁJERA Nº 7 Blq. D Plta/Piso 1 Pta/Letra A, piso 1, puerta A","postal_code":"11002","places":10,"units":5,"registered":"2023-08-19","catastro":"1267601QA4416E0047AB","holder":null,"holder_count":null}},{"type":"Feature","geometry":{"type":"Point","coordinates":[-6.276707,36.507891]},"properties":{"id":"VUT/CA/18725","type":"VUT","group":"Completa","address":"CALLE PINTOR ZULOAGA Nº 4 Plta/Piso BAJA Pta/Letra A, piso BAJA, puerta A","postal_code":"11010","places":6,"units":3,"registered":"2023-08-29","catastro":"3939405QA4433H0029JG","holder":null,"holder_count":null}},{"type":"Feature","geometry":{"type":"Point","coordinates":[-6.302324,36.528825]},"properties":{"id":"VUT/CA/18728","type":"VUT","group":"Completa","address":"CALLE PROFESOR ALCINA QUESADA Nº 14 Plta/Piso BAJO Pta/Letra D, piso BAJO, puerta D","postal_code":"11002","places":6,"units":3,"registered":"2023-08-29","catastro":"1661301QA4416B0029JR","holder":null,"holder_count":null}},{"type":"Feature","geometry":{"type":"Point","coordinates":[-6.273687,36.500305]},"properties":{"id":"VUT/CA/18756","type":"VUT","group":"Completa","address":"AVENIDA Periodista Beatriz Cienfuegos Nº 4 Calif.Nº Triplicado Esc. 1 Plta/Piso 2 Pta/Letra A, piso 2, puerta A","postal_code":"11011","places":6,"units":3,"registered":"2023-09-04","catastro":"4230303QA4443A0084PH","holder":null,"holder_count":null}},{"type":"Feature","geometry":{"type":"Point","coordinates":[-6.286521,36.521539]},"properties":{"id":"VUT/CA/18762","type":"VUT","group":"Completa","address":"CALLE SANTA MARIA SOLEDAD Nº 11 Plta/Piso 2 Pta/Letra E, piso 2, puerta E","postal_code":"11008","places":6,"units":3,"registered":"2023-09-04","catastro":"3154808QA4435C0005DO","holder":"APARTMENTS TIME S.L.","holder_count":55}},{"type":"Feature","geometry":{"type":"Point","coordinates":[-6.276524,36.505878]},"properties":{"id":"VUT/CA/18877","type":"VUT","group":"Completa","address":"AVENIDA CAYETANO DEL TORO Nº 21 Plta/Piso 2 Pta/Letra F, piso 2, puerta F","postal_code":"11010","places":4,"units":1,"registered":"2023-09-28","catastro":"4037509QA4443G0056ST","holder":null,"holder_count":null}},{"type":"Feature","geometry":{"type":"Point","coordinates":[-6.280649,36.51421]},"properties":{"id":"VUT/CA/18878","type":"VUT","group":"Completa","address":"CALLE POETA NIETO Plta/Piso 2 Pta/Letra E, piso 2, puerta E","postal_code":"11009","places":4,"units":1,"registered":"2023-09-29","catastro":"3646807QA4434F0010PZ","holder":null,"holder_count":null}},{"type":"Feature","geometry":{"type":"Point","coordinates":[-6.281714,36.519967]},"properties":{"id":"VUT/CA/18909","type":"VUT","group":"Completa","address":"CALLE ANTONIO MACHADO Nº 5 Plta/Piso BAJA Pta/Letra DCHA, piso BAJA, puerta DCHA","postal_code":"11008","places":6,"units":3,"registered":"2023-10-05","catastro":"3552111QA4435B0007FW","holder":null,"holder_count":null}},{"type":"Feature","geometry":{"type":"Point","coordinates":[-6.279541,36.521793]},"properties":{"id":"VUT/CA/18915","type":"VUT","group":"Completa","address":"CALLE CALLE ENRIQUE CALBO Nº 4 Plta/Piso 1º Pta/Letra C, piso 1º, puerta C","postal_code":"11007","places":4,"units":2,"registered":"2023-10-06","catastro":"3754804QA4435D0002KG","holder":null,"holder_count":null}},{"type":"Feature","geometry":{"type":"Point","coordinates":[-6.276473,36.514185]},"properties":{"id":"VUT/CA/18976","type":"VUT","group":"Completa","address":"AVENIDA DE PORTUGAL Nº 56 Plta/Piso 1 Pta/Letra D, piso 1, puerta D","postal_code":"11012","places":4,"units":2,"registered":"2023-10-23","catastro":"4045201QA4444E0020KM","holder":null,"holder_count":null}},{"type":"Feature","geometry":{"type":"Point","coordinates":[-6.280819,36.509765]},"properties":{"id":"VUT/CA/18982","type":"VUT","group":"Completa","address":"AVENIDA AMILCAR BARCA Nº 31 Plta/Piso 201, piso 201","postal_code":"11009","places":4,"units":1,"registered":"2023-10-24","catastro":"3641412QA4434B0016HF","holder":null,"holder_count":null}},{"type":"Feature","geometry":{"type":"Point","coordinates":[-6.284194,36.520662]},"properties":{"id":"VUT/CA/18995","type":"VUT","group":"Completa","address":"CALLE SANTA MARIA DE LA CABEZA Nº 11 Blq. 11 Portal 11 Plta/Piso 1 Pta/Letra C, piso 1, puerta C","postal_code":"11007","places":8,"units":2,"registered":"2023-10-26","catastro":"3253308QA4435C0005EO","holder":null,"holder_count":null}},{"type":"Feature","geometry":{"type":"Point","coordinates":[-6.274488,36.501]},"properties":{"id":"VUT/CA/19015","type":"VUT","group":"Completa","address":"CALLE Neptuno Nº 5 Plta/Piso Bajo Pta/Letra a, piso Bajo, puerta a","postal_code":"11011","places":6,"units":3,"registered":"2023-10-29","catastro":"4231901QA4443A0053XJ","holder":null,"holder_count":null}},{"type":"Feature","geometry":{"type":"Point","coordinates":[-6.278987,36.511865]},"properties":{"id":"VUT/CA/19016","type":"VUT","group":"Completa","address":"CALLE DRAGO Nº 3 Plta/Piso 2 Pta/Letra B, piso 2, puerta B","postal_code":"11009","places":6,"units":3,"registered":"2023-10-30","catastro":"3843801QA4434D0022ES","holder":null,"holder_count":null}},{"type":"Feature","geometry":{"type":"Point","coordinates":[-6.275307,36.50419]},"properties":{"id":"VUT/CA/19079","type":"VUT","group":"Completa","address":"CALLE ZURBARÁN Nº 2 Plta/Piso 2 Pta/Letra a, piso 2, puerta a","postal_code":"11010","places":6,"units":3,"registered":"2023-11-10","catastro":"4135501QA4443E0057GA","holder":"GADES GESTIÓN TURÍSTICA","holder_count":1}},{"type":"Feature","geometry":{"type":"Point","coordinates":[-6.277083,36.511659]},"properties":{"id":"VUT/CA/19163","type":"VUT","group":"Completa","address":"CALLE TRILLE Nº 15 Plta/Piso 1 Pta/Letra DRCHA, piso 1, puerta DRCHA","postal_code":"11009","places":4,"units":2,"registered":"2023-11-26","catastro":"3943202QA4434D0003DX","holder":null,"holder_count":null}},{"type":"Feature","geometry":{"type":"Point","coordinates":[-6.275448,36.508013]},"properties":{"id":"VUT/CA/19204","type":"VUT","group":"Completa","address":"CALLE SANTA TERESA Nº 3 Plta/Piso BAJO Pta/Letra DCHA, piso BAJO, puerta DCHA","postal_code":"11010","places":4,"units":2,"registered":"2023-12-04","catastro":"4139501QA4443G0235WL","holder":null,"holder_count":null}},{"type":"Feature","geometry":{"type":"Point","coordinates":[-6.282278,36.514291]},"properties":{"id":"VUT/CA/19212","type":"VUT","group":"Completa","address":"CALLE MARIANISTA CUBILLO Nº 3 Plta/Piso 2 Pta/Letra C, piso 2, puerta C","postal_code":"11008","places":5,"units":3,"registered":"2023-12-06","catastro":"3546705QA4434F0008BX","holder":null,"holder_count":null}},{"type":"Feature","geometry":{"type":"Point","coordinates":[-6.279207,36.50759]},"properties":{"id":"VUT/CA/19216","type":"VUT","group":"Completa","address":"CALLE BRASIL Nº 12 Esc. 1 Plta/Piso 2 Pta/Letra E, piso 2, puerta E","postal_code":"11009","places":7,"units":3,"registered":"2023-12-07","catastro":"3839108QA4433H0056SP","holder":null,"holder_count":null}},{"type":"Feature","geometry":{"type":"Point","coordinates":[-6.290764,36.536639]},"properties":{"id":"VUT/CA/19225","type":"VUT","group":"Completa","address":"PLAZA TRES CARABELAS Nº 2 Esc. 1 Plta/Piso BAJO Pta/Letra 2, piso BAJO, puerta 2","postal_code":"11004","places":3,"units":1,"registered":"2023-12-11","catastro":"2670202QA4427B0014UD","holder":null,"holder_count":null}},{"type":"Feature","geometry":{"type":"Point","coordinates":[-6.276385,36.50505]},"properties":{"id":"VUT/CA/19276","type":"VUT","group":"Completa","address":"AVENIDA CAYETANO DEL TORO Nº 26 Plta/Piso 1º Pta/Letra DCHA-A, piso 1º, puerta DCHA-A","postal_code":"11010","places":4,"units":2,"registered":"2023-12-18","catastro":"4036705QA4443E0002OJ","holder":null,"holder_count":null}},{"type":"Feature","geometry":{"type":"Point","coordinates":[-6.288177,36.524036]},"properties":{"id":"VUT/CA/19349","type":"VUT","group":"Completa","address":"CALLE SANTA MARIA DEL MAR Nº 6 Plta/Piso BAJO Pta/Letra DERECHA, piso BAJO, puerta DERECHA","postal_code":"11008","places":12,"units":3,"registered":"2024-01-04","catastro":"2857403QA4425H0010GY","holder":null,"holder_count":null}},{"type":"Feature","geometry":{"type":"Point","coordinates":[-6.285071,36.525869]},"properties":{"id":"VUT/CA/19351","type":"VUT","group":"Completa","address":"AVENIDA BAHIA BLANCA Nº 8D Plta/Piso 1 Pta/Letra A, piso 1, puerta A","postal_code":"11007","places":5,"units":3,"registered":"2024-01-04","catastro":"3159520QA4435G0004PZ","holder":null,"holder_count":null}},{"type":"Feature","geometry":{"type":"Point","coordinates":[-6.27421,36.502413]},"properties":{"id":"VUT/CA/19435","type":"VUT","group":"Completa","address":"PLAZA Madrid Nº 4 Plta/Piso 1 Pta/Letra 3, piso 1, puerta 3","postal_code":"11010","places":6,"units":2,"registered":"2024-01-16","catastro":"4233902QA4443C0003YM","holder":null,"holder_count":null}},{"type":"Feature","geometry":{"type":"Point","coordinates":[-6.273621,36.505055]},"properties":{"id":"VUT/CA/19512","type":"VUT","group":"Completa","address":"CALLE VELAZQUEZ Nº 15 Blq. 2 Plta/Piso 1 Pta/Letra 4, piso 1, puerta 4","postal_code":"11010","places":5,"units":3,"registered":"2024-01-25","catastro":"4236401QA4443E0244RU","holder":null,"holder_count":null}},{"type":"Feature","geometry":{"type":"Point","coordinates":[-6.282639,36.5143]},"properties":{"id":"VUT/CA/19564","type":"VUT","group":"Completa","address":"CALLE MARIANISTA CUBILLO Nº 7 Plta/Piso 2º Pta/Letra H, piso 2º, puerta H","postal_code":"11008","places":3,"units":1,"registered":"2024-01-29","catastro":"3546701QA4434F0024JO","holder":"APARTMENTS TIME S.L.","holder_count":55}},{"type":"Feature","geometry":{"type":"Point","coordinates":[-6.279709,36.508826]},"properties":{"id":"VUT/CA/19581","type":"VUT","group":"Completa","address":"CALLE ERNESTINA MUÑOZ DE MIGUEL Nº 10-12 Plta/Piso BJ Pta/Letra B, piso BJ, puerta B","postal_code":"11009","places":2,"units":1,"registered":"2024-01-31","catastro":"3740804QA4434B0026RZ","holder":null,"holder_count":null}},{"type":"Feature","geometry":{"type":"Point","coordinates":[-6.272245,36.504009]},"properties":{"id":"VUT/CA/19664","type":"VUT","group":"Completa","address":"CALLE ALCALDE MANUEL LA PINTA Nº 16 Plta/Piso 1 Pta/Letra 00, piso 1, puerta 00","postal_code":"11011","places":6,"units":4,"registered":"2024-02-06","catastro":"4435605QA4443E0008BM","holder":null,"holder_count":null}},{"type":"Feature","geometry":{"type":"Point","coordinates":[-6.283026,36.516706]},"properties":{"id":"VUT/CA/19670","type":"VUT","group":"Completa","address":"AVENIDA ANDALUCIA Nº 68 Plta/Piso 1, piso 1","postal_code":"11008","places":8,"units":4,"registered":"2024-02-06","catastro":"3349504QA4434G0010PU","holder":null,"holder_count":null}},{"type":"Feature","geometry":{"type":"Point","coordinates":[-6.275714,36.506024]},"properties":{"id":"VUT/CA/19687","type":"VUT","group":"Completa","address":"CALLE PINTOR ZULOAGA Nº 18 Esc. 1 Plta/Piso 1 Pta/Letra B, piso 1, puerta B","postal_code":"11010","places":4,"units":1,"registered":"2024-02-08","catastro":"4037504QA4443G0025FY","holder":null,"holder_count":null}},{"type":"Feature","geometry":{"type":"Point","coordinates":[-6.285133,36.523963]},"properties":{"id":"VUT/CA/19727","type":"VUT","group":"Completa","address":"CALLE SANTA CRUZ DE TENERIFE Nº 6 Plta/Piso BAJO Pta/Letra A, piso BAJO, puerta A","postal_code":"11007","places":4,"units":2,"registered":"2024-02-13","catastro":"3257701QA4435E0003BW","holder":null,"holder_count":null}},{"type":"Feature","geometry":{"type":"Point","coordinates":[-6.280844,36.516274]},"properties":{"id":"VUT/CA/19736","type":"VUT","group":"Completa","address":"CALLE Huerta del Obispo Nº 8 Plta/Piso bajo Pta/Letra b, piso bajo, puerta b","postal_code":"11008","places":4,"units":1,"registered":"2024-02-14","catastro":"3548503QA4434H0004MD","holder":null,"holder_count":null}},{"type":"Feature","geometry":{"type":"Point","coordinates":[-6.274536,36.503229]},"properties":{"id":"VUT/CA/19837","type":"VUT","group":"Completa","address":"PLAZA Bécquer Nº 3 Esc. B Plta/Piso 1º Pta/Letra A, piso 1º, puerta A","postal_code":"11010","places":6,"units":3,"registered":"2024-02-27","catastro":"4234804QA4443C0032XB","holder":null,"holder_count":null}},{"type":"Feature","geometry":{"type":"Point","coordinates":[-6.276322,36.508123]},"properties":{"id":"VUT/CA/19856","type":"VUT","group":"Completa","address":"CALLE MURILLO Nº 5 Plta/Piso bajo Pta/Letra D, piso bajo, puerta D","postal_code":"11010","places":4,"units":2,"registered":"2024-03-01","catastro":"4039315QA4443G0003ED","holder":"Gades Gestión Turística SL","holder_count":1}},{"type":"Feature","geometry":{"type":"Point","coordinates":[-6.276385,36.50505]},"properties":{"id":"VUT/CA/19888","type":"VUT","group":"Completa","address":"AVENIDA CAYETANO DEL TORO Nº 26 Plta/Piso 1 Pta/Letra D-D, piso 1, puerta D-D","postal_code":"11010","places":6,"units":2,"registered":"2024-03-05","catastro":"4036705QA4443E2001RS","holder":null,"holder_count":null}},{"type":"Feature","geometry":{"type":"Point","coordinates":[-6.280431,36.518771]},"properties":{"id":"VUT/CA/19973","type":"VUT","group":"Completa","address":"CALLE ANTONIO MACHADO Nº 17 Plta/Piso BAJO Pta/Letra IZQUIERDA, piso BAJO, puerta IZQUIERDA","postal_code":"11008","places":5,"units":3,"registered":"2024-03-14","catastro":"3651903QA4435B0016JI","holder":null,"holder_count":null}},{"type":"Feature","geometry":{"type":"Point","coordinates":[-6.285861,36.519908]},"properties":{"id":"VUT/CA/20109","type":"VUT","group":"Completa","address":"CALLE GUADIX Nº 3 Plta/Piso 2 Pta/Letra B, piso 2, puerta B","postal_code":"11008","places":6,"units":3,"registered":"2024-03-27","catastro":"3152902QA4435A0004ZD","holder":null,"holder_count":null}},{"type":"Feature","geometry":{"type":"Point","coordinates":[-6.283916,36.516442]},"properties":{"id":"VUT/CA/20120","type":"VUT","group":"Completa","address":"CALLE Arqueóloga María José Cisneros Nº 6 Portal Bajo Pta/Letra 1A, puerta 1A","postal_code":"11008","places":5,"units":1,"registered":"2024-03-27","catastro":"3248404QA4434G0078DA","holder":null,"holder_count":null}},{"type":"Feature","geometry":{"type":"Point","coordinates":[-6.279535,36.521421]},"properties":{"id":"VUT/CA/20189","type":"VUT","group":"Completa","address":"CALLE VÍCTOR GONZÁLEZ Nº 1 Plta/Piso BAJO Pta/Letra IZQUIERDA, piso BAJO, puerta IZQUIERDA","postal_code":"11007","places":8,"units":3,"registered":"2024-04-05","catastro":"3754806QA4435D0009BX","holder":null,"holder_count":null}},{"type":"Feature","geometry":{"type":"Point","coordinates":[-6.285881,36.5217]},"properties":{"id":"VUT/CA/20209","type":"VUT","group":"Completa","address":"AVENIDA ANDALUCIA Nº 26 Plta/Piso 1 Pta/Letra C, piso 1, puerta C","postal_code":"11008","places":6,"units":3,"registered":"2024-04-08","catastro":"3154804QA4435C0003ZU","holder":null,"holder_count":null}},{"type":"Feature","geometry":{"type":"Point","coordinates":[-6.272565,36.497408]},"properties":{"id":"VUT/CA/20216","type":"VUT","group":"Completa","address":"CALLE Paseo Marítimo Nº 28 Plta/Piso 2 Pta/Letra D, piso 2, puerta D","postal_code":"11011","places":3,"units":1,"registered":"2024-04-08","catastro":"4428805QA4442G0065QJ","holder":null,"holder_count":null}},{"type":"Feature","geometry":{"type":"Point","coordinates":[-6.283861,36.516616]},"properties":{"id":"VUT/CA/20387","type":"VUT","group":"Completa","address":"CALLE ARQUEOLOGA JOSEFA CISNEROS Nº 3 Plta/Piso BAJO Pta/Letra DERECHA, piso BAJO, puerta DERECHA","postal_code":"11008","places":2,"units":1,"registered":"2024-04-23","catastro":"3349507QA4434G0015LS","holder":null,"holder_count":null}},{"type":"Feature","geometry":{"type":"Point","coordinates":[-6.273621,36.505055]},"properties":{"id":"VUT/CA/20418","type":"VUT","group":"Completa","address":"CALLE VELAZQUEZ Nº 15 Blq. 4 Plta/Piso BAJO Pta/Letra B, piso BAJO, puerta B","postal_code":"11010","places":4,"units":2,"registered":"2024-04-25","catastro":"4236401QA4443E0399QR","holder":null,"holder_count":null}},{"type":"Feature","geometry":{"type":"Point","coordinates":[-6.286011,36.522896]},"properties":{"id":"VUT/CA/20497","type":"VUT","group":"Completa","address":"AVENIDA DE ANDALUCIA Nº 31 Plta/Piso 2 Pta/Letra B, piso 2, puerta B","postal_code":"11007","places":6,"units":2,"registered":"2024-05-02","catastro":"3157603QA4435E0004BE","holder":null,"holder_count":null}},{"type":"Feature","geometry":{"type":"Point","coordinates":[-6.281676,36.513089]},"properties":{"id":"VUT/CA/20511","type":"VUT","group":"Completa","address":"PLAZA SAN LEONARDO Nº 1 Blq. D Plta/Piso 1 Pta/Letra A, piso 1, puerta A","postal_code":"11008","places":4,"units":1,"registered":"2024-05-04","catastro":"3544345QA4434D0211XP","holder":null,"holder_count":null}},{"type":"Feature","geometry":{"type":"Point","coordinates":[-6.271117,36.504422]},"properties":{"id":"VUT/CA/20527","type":"VUT","group":"Completa","address":"CALLE HERMANOS ORTIZ ECHAGÜE Nº 6 Plta/Piso BAJO Pta/Letra D, piso BAJO, puerta D","postal_code":"11011","places":6,"units":3,"registered":"2024-05-06","catastro":"4535203QA4443F0020UG","holder":null,"holder_count":null}},{"type":"Feature","geometry":{"type":"Point","coordinates":[-6.281192,36.514962]},"properties":{"id":"VUT/CA/20624","type":"VUT","group":"Completa","address":"AVENIDA PORTUGAL Nº 3 Plta/Piso 2 Pta/Letra G, piso 2, puerta G","postal_code":"11008","places":4,"units":2,"registered":"2024-05-13","catastro":"3547402QA4434H0105OJ","holder":null,"holder_count":null}},{"type":"Feature","geometry":{"type":"Point","coordinates":[-6.285811,36.519719]},"properties":{"id":"VUT/CA/20645","type":"VUT","group":"Completa","address":"PLAZA ALMUDAINA Nº 2 Plta/Piso BAJO, piso BAJO","postal_code":"11008","places":4,"units":2,"registered":"2024-05-14","catastro":"3152603QA4435A0026AY","holder":null,"holder_count":null}},{"type":"Feature","geometry":{"type":"Point","coordinates":[-6.275448,36.508013]},"properties":{"id":"VUT/CA/20667","type":"VUT","group":"Completa","address":"PLAZA SANTA TERESA Nº 7 Plta/Piso 2 Pta/Letra B, piso 2, puerta B","postal_code":"11010","places":4,"units":2,"registered":"2024-05-15","catastro":"4139501QA4443G0192GO","holder":null,"holder_count":null}},{"type":"Feature","geometry":{"type":"Point","coordinates":[-6.27443,36.507177]},"properties":{"id":"VUT/CA/20676","type":"VUT","group":"Completa","address":"CALLE PINTOR RUIZ LUNA Nº 2 Plta/Piso 2 Pta/Letra 17, piso 2, puerta 17","postal_code":"11010","places":6,"units":3,"registered":"2024-05-15","catastro":"4238901QA4443G0017PQ","holder":null,"holder_count":null}},{"type":"Feature","geometry":{"type":"Point","coordinates":[-6.269427,36.505853]},"properties":{"id":"VUT/CA/20680","type":"VUT","group":"Completa","address":"CALLE PLUS ULTRA Nº 1 Plta/Piso 2 Pta/Letra C, piso 2, puerta C","postal_code":"11010","places":4,"units":2,"registered":"2024-05-16","catastro":"4636309QA4443F0007OI","holder":null,"holder_count":null}},{"type":"Feature","geometry":{"type":"Point","coordinates":[-6.277269,36.511329]},"properties":{"id":"VUT/CA/20692","type":"VUT","group":"Completa","address":"CALLE TANGUILLOS Nº 5 Plta/Piso 1 Pta/Letra IZQ Compl.Dom. DISTRITO DE SEGISMUNDO MOREL, ZONA DE TRILLE, piso 1, puerta IZQ","postal_code":"11009","places":7,"units":3,"registered":"2024-05-17","catastro":"3943601QA4434D0024SF","holder":null,"holder_count":null}},{"type":"Feature","geometry":{"type":"Point","coordinates":[-6.277915,36.507001]},"properties":{"id":"VUT/CA/20766","type":"VUT","group":"Completa","address":"CALLE General Muñoz Arenillas Nº 9 Plta/Piso 1 Pta/Letra A, piso 1, puerta A","postal_code":"11010","places":6,"units":3,"registered":"2024-05-22","catastro":"3938812QA4433H0003ZK","holder":"GADES GESTIÓN TURÍSTICA SL","holder_count":12}},{"type":"Feature","geometry":{"type":"Point","coordinates":[-6.280799,36.519095]},"properties":{"id":"VUT/CA/20799","type":"VUT","group":"Completa","address":"CALLE ANTONIO MACHADO Nº 13 Plta/Piso BJ Pta/Letra DCH, piso BJ, puerta DCH","postal_code":"11008","places":5,"units":3,"registered":"2024-05-24","catastro":"3651905QA4435B0015AU","holder":null,"holder_count":null}},{"type":"Feature","geometry":{"type":"Point","coordinates":[-6.286775,36.522656]},"properties":{"id":"VUT/CA/20842","type":"VUT","group":"Por habitaciones","address":"CALLE SANTA MARIA SOLEDAD Nº 5 Plta/Piso 0 Pta/Letra I, piso 0, puerta I","postal_code":"11008","places":6,"units":6,"registered":"2024-05-28","catastro":"3055303QA4435E0002RQ","holder":"GRUPO MALACUCA SL","holder_count":2}},{"type":"Feature","geometry":{"type":"Point","coordinates":[-6.290764,36.536639]},"properties":{"id":"VUT/CA/20843","type":"VUT","group":"Completa","address":"PLAZA DE LAS TRES CARABELAS Nº 2 Plta/Piso BAJO Pta/Letra DERECHA, piso BAJO, puerta DERECHA","postal_code":"11004","places":3,"units":1,"registered":"2024-05-28","catastro":"2670202QA4427B0013YS","holder":"DUNA BEDUINA SERVICIOS TURISTÍCOS, S.L.","holder_count":77}},{"type":"Feature","geometry":{"type":"Point","coordinates":[-6.274874,36.502439]},"properties":{"id":"VUT/CA/20914","type":"VUT","group":"Completa","address":"CALLE jose garcia agullo Nº 1 Plta/Piso 1 Pta/Letra A, piso 1, puerta A","postal_code":"11010","places":8,"units":4,"registered":"2024-06-03","catastro":"4133501QA4443C0214EF","holder":"JUAN FERREZUELO, S. L.","holder_count":1}},{"type":"Feature","geometry":{"type":"Point","coordinates":[-6.275462,36.503436]},"properties":{"id":"VUT/CA/20929","type":"VUT","group":"Completa","address":"AVENIDA CAYETANO DEL TORO Nº 38 Esc. C Plta/Piso 2 Pta/Letra C, piso 2, puerta C","postal_code":"11010","places":5,"units":3,"registered":"2024-06-03","catastro":"4134806QA4443C0087LF","holder":null,"holder_count":null}},{"type":"Feature","geometry":{"type":"Point","coordinates":[-6.27481,36.50695]},"properties":{"id":"VUT/CA/20942","type":"VUT","group":"Completa","address":"CALLE MURILLO Nº 29 Plta/Piso 1 Pta/Letra IZQ, piso 1, puerta IZQ","postal_code":"11010","places":3,"units":3,"registered":"2024-06-04","catastro":"4238709QA4443G0002HS","holder":null,"holder_count":null}},{"type":"Feature","geometry":{"type":"Point","coordinates":[-6.27092,36.505632]},"properties":{"id":"VUT/CA/20972","type":"VUT","group":"Completa","address":"PLAZA Virgen de Loreto Nº 2 Plta/Piso 2 Pta/Letra a, piso 2, puerta a","postal_code":"11011","places":5,"units":3,"registered":"2024-06-06","catastro":"4537604QA4443F0005PY","holder":null,"holder_count":null}},{"type":"Feature","geometry":{"type":"Point","coordinates":[-6.274451,36.501378]},"properties":{"id":"VUT/CA/20980","type":"VUT","group":"Completa","address":"GLORIETA Helios Nº 4 Esc. 1 Plta/Piso 2 Pta/Letra A, piso 2, puerta A","postal_code":"11011","places":5,"units":3,"registered":"2024-06-07","catastro":"4232802QA4443A0031HQ","holder":null,"holder_count":null}},{"type":"Feature","geometry":{"type":"Point","coordinates":[-6.279447,36.514967]},"properties":{"id":"VUT/CA/21000","type":"VUT","group":"Completa","address":"CALLE CAMPOS ELISEOS Nº 3 Calif.Nº D","postal_code":"11008","places":7,"units":4,"registered":"2024-06-09","catastro":"3747603QA4434F0028QD","holder":null,"holder_count":null}},{"type":"Feature","geometry":{"type":"Point","coordinates":[-6.275119,36.510013]},"properties":{"id":"VUT/CA/21015","type":"VUT","group":"Completa","address":"AVENIDA DE LA SANIDAD PUBLICA Nº 37 Plta/Piso 00 Pta/Letra IZ, piso 00, puerta IZ","postal_code":"11012","places":5,"units":3,"registered":"2024-06-11","catastro":"4141203QA4444A0008WR","holder":null,"holder_count":null}},{"type":"Feature","geometry":{"type":"Point","coordinates":[-6.274584,36.506442]},"properties":{"id":"VUT/CA/21110","type":"VUT","group":"Completa","address":"CALLE MURILLO Nº 35 Plta/Piso BAJO Pta/Letra B, piso BAJO, puerta B","postal_code":"11010","places":8,"units":3,"registered":"2024-06-17","catastro":"4238706QA4443G0010JJ","holder":null,"holder_count":null}},{"type":"Feature","geometry":{"type":"Point","coordinates":[-6.27979,36.518187]},"properties":{"id":"VUT/CA/21145","type":"VUT","group":"Completa","address":"AVENIDA DE LA CONSTITUCIÓN DE 1812 Nº 8 Plta/Piso 1 Pta/Letra DERECHA, piso 1, puerta DERECHA","postal_code":"11007","places":6,"units":3,"registered":"2024-06-19","catastro":"3650301QA4435B0028WJ","holder":null,"holder_count":null}},{"type":"Feature","geometry":{"type":"Point","coordinates":[-6.269456,36.496458]},"properties":{"id":"VUT/CA/21195","type":"VUT","group":"Completa","address":"CALLE ADELFA Nº 13 Plta/Piso 2 Pta/Letra D, piso 2, puerta D","postal_code":"11011","places":4,"units":3,"registered":"2024-06-24","catastro":"4726201QA4442F0156LT","holder":null,"holder_count":null}},{"type":"Feature","geometry":{"type":"Point","coordinates":[-6.27717,36.506356]},"properties":{"id":"VUT/CA/21225","type":"VUT","group":"Completa","address":"AVENIDA CAYETANO DEL TORO Nº 22 Blq. DPD Plta/Piso 1 Pta/Letra D, piso 1, puerta D","postal_code":"11010","places":6,"units":2,"registered":"2024-06-25","catastro":"3938810QA4433H0032MG","holder":null,"holder_count":null}},{"type":"Feature","geometry":{"type":"Point","coordinates":[-6.275714,36.506024]},"properties":{"id":"VUT/CA/21226","type":"VUT","group":"Completa","address":"CALLE PINTOR ZULOAGA Nº 18 Plta/Piso 1 Pta/Letra A, piso 1, puerta A","postal_code":"11010","places":4,"units":2,"registered":"2024-06-25","catastro":"4037504QA4443G0024DT","holder":null,"holder_count":null}},{"type":"Feature","geometry":{"type":"Point","coordinates":[-6.272023,36.511753]},"properties":{"id":"VUT/CA/21286","type":"VUT","group":"Completa","address":"CALLE ARILLO Nº 30 Plta/Piso 2 Pta/Letra IZQ, piso 2, puerta IZQ","postal_code":"11012","places":5,"units":3,"registered":"2024-07-01","catastro":"4444704QA4444C0001GG","holder":null,"holder_count":null}},{"type":"Feature","geometry":{"type":"Point","coordinates":[-6.281675,36.52062]},"properties":{"id":"VUT/CA/21294","type":"VUT","group":"Completa","address":"CALLE utrera Nº 6 Plta/Piso bajo Pta/Letra derecha, piso bajo, puerta derecha","postal_code":"11008","places":4,"units":2,"registered":"2024-07-02","catastro":"3553801QA4435D0044OX","holder":null,"holder_count":null}},{"type":"Feature","geometry":{"type":"Point","coordinates":[-6.270794,36.497186]},"properties":{"id":"VUT/CA/21307","type":"VUT","group":"Completa","address":"AVENIDA PERIODISTA BEATRIZ CIEN FUEGOS Nº 1 Portal 1 Plta/Piso 1 Pta/Letra B, piso 1, puerta B","postal_code":"11011","places":6,"units":3,"registered":"2024-07-02","catastro":"4627705QA4442F0001XI","holder":null,"holder_count":null}},{"type":"Feature","geometry":{"type":"Point","coordinates":[-6.27443,36.507177]},"properties":{"id":"VUT/CA/21336","type":"VUT","group":"Completa","address":"CALLE PINTOR RUIZ LUNA Nº 2 Plta/Piso 1 Pta/Letra 17, piso 1, puerta 17","postal_code":"11012","places":8,"units":4,"registered":"2024-07-04","catastro":"4238901QA4443G0081UZ","holder":null,"holder_count":null}},{"type":"Feature","geometry":{"type":"Point","coordinates":[-6.280675,36.512424]},"properties":{"id":"VUT/CA/21352","type":"VUT","group":"Completa","address":"AVENIDA ANA DE VIYA Nº 16 Plta/Piso BAJO Pta/Letra D, piso BAJO, puerta D","postal_code":"11007","places":10,"units":2,"registered":"2024-07-04","catastro":"3644707QA4434D0043BR","holder":"APARTMENTS TIME S.L.","holder_count":55}},{"type":"Feature","geometry":{"type":"Point","coordinates":[-6.2718,36.504908]},"properties":{"id":"VUT/CA/21391","type":"VUT","group":"Completa","address":"CALLE Infante de Orleans Nº 7 Plta/Piso 2 Pta/Letra B, piso 2, puerta B","postal_code":"11011","places":4,"units":2,"registered":"2024-07-09","catastro":"4436402QA4443E0006AZ","holder":null,"holder_count":null}},{"type":"Feature","geometry":{"type":"Point","coordinates":[-6.278129,36.50737]},"properties":{"id":"VUT/CA/21415","type":"VUT","group":"Completa","address":"CALLE GENERAL MUÑOZ ARENILLAS Nº 5 Plta/Piso 1º Pta/Letra D, piso 1º, puerta D","postal_code":"11010","places":6,"units":2,"registered":"2024-07-11","catastro":"3938813QA4433H0002YJ","holder":null,"holder_count":null}},{"type":"Feature","geometry":{"type":"Point","coordinates":[-6.271312,36.505215]},"properties":{"id":"VUT/CA/21422","type":"VUT","group":"Completa","address":"PLAZA Virgen de Loreto Nº 11 Plta/Piso 2 Pta/Letra D, piso 2, puerta D","postal_code":"11011","places":4,"units":2,"registered":"2024-07-11","catastro":"4536803QA4443F0008UO","holder":null,"holder_count":null}},{"type":"Feature","geometry":{"type":"Point","coordinates":[-6.275614,36.514678]},"properties":{"id":"VUT/CA/21431","type":"VUT","group":"Completa","address":"PLAZA Santa Ana Nº 4 Plta/Piso 2 Pta/Letra A, piso 2, puerta A","postal_code":"11012","places":5,"units":3,"registered":"2024-07-12","catastro":"4047903QA4444E0137XJ","holder":null,"holder_count":null}},{"type":"Feature","geometry":{"type":"Point","coordinates":[-6.283343,36.522422]},"properties":{"id":"VUT/CA/21448","type":"VUT","group":"Completa","address":"CALLE TOLOSA LATOUR Nº 3A Plta/Piso 1 Pta/Letra A, piso 1, puerta A","postal_code":"11007","places":4,"units":3,"registered":"2024-07-15","catastro":"3456714QA4435E0105WU","holder":null,"holder_count":null}},{"type":"Feature","geometry":{"type":"Point","coordinates":[-6.279714,36.513788]},"properties":{"id":"VUT/CA/21477","type":"VUT","group":"Completa","address":"AVENIDA MARIA AUXILIADORA Nº 5 Plta/Piso 1 Pta/Letra G, piso 1, puerta G","postal_code":"11009","places":8,"units":4,"registered":"2024-07-17","catastro":"3746620QA4434F0013FQ","holder":null,"holder_count":null}},{"type":"Feature","geometry":{"type":"Point","coordinates":[-6.275154,36.501844]},"properties":{"id":"VUT/CA/21562","type":"VUT","group":"Completa","address":"CALLE CEUTA Nº 2 Plta/Piso BAJA Pta/Letra C, piso BAJA, puerta C","postal_code":"11011","places":4,"units":2,"registered":"2024-07-24","catastro":"4133505QA4443C0029XB","holder":"ARROYO RETAMILLA SL","holder_count":1}},{"type":"Feature","geometry":{"type":"Point","coordinates":[-6.277163,36.518922]},"properties":{"id":"VUT/CA/21921","type":"VUT","group":"Completa","address":"AVENIDA DEL GUADALQUIVIR Nº 23 Portal INTERIOR Plta/Piso BAJO Pta/Letra DERECHA, piso BAJO, puerta DERECHA","postal_code":"11012","places":6,"units":2,"registered":"2024-09-04","catastro":"3950202QA4435B0114ZO","holder":null,"holder_count":null}},{"type":"Feature","geometry":{"type":"Point","coordinates":[-6.275134,36.502866]},"properties":{"id":"VUT/CA/22059","type":"VUT","group":"Completa","address":"AVENIDA CAYETANO DEL TORO Nº 44 Plta/Piso 1 Pta/Letra D, piso 1, puerta D","postal_code":"11010","places":6,"units":3,"registered":"2019-10-14","catastro":"4134808QA4443C0006EE","holder":"ALTABARA S.L","holder_count":1}},{"type":"Feature","geometry":{"type":"Point","coordinates":[-6.281354,36.52019]},"properties":{"id":"VUT/CA/22060","type":"VUT","group":"Completa","address":"CALLE BELLAVISTA Nº 2 Plta/Piso BAJO Pta/Letra D, piso BAJO, puerta D","postal_code":"11008","places":5,"units":3,"registered":"2024-10-01","catastro":"3553501QA4435D0002DG","holder":null,"holder_count":null}},{"type":"Feature","geometry":{"type":"Point","coordinates":[-6.264968,36.507262]},"properties":{"id":"VUT/CA/22111","type":"VUT","group":"Completa","address":"CALLE REAL Nº 4 Esc. 2 Plta/Piso 1 Pta/Letra C Compl.Dom. ESQUINA CALLE BAJALES 6, piso 1, puerta C","postal_code":"11011","places":2,"units":1,"registered":"2024-10-08","catastro":"5039707QA4453G0051BR","holder":null,"holder_count":null}},{"type":"Feature","geometry":{"type":"Point","coordinates":[-6.282278,36.514291]},"properties":{"id":"VUT/CA/22194","type":"VUT","group":"Completa","address":"CALLE Marianista Cuvillo Km 0 Calif.Nº 0 Blq. 0 Portal 0 Esc. 0 Plta/Piso 1º Pta/Letra B, piso 1º, puerta B","postal_code":"11008","places":9,"units":4,"registered":"2024-10-19","catastro":"3546705QA4434F0002FH","holder":null,"holder_count":null}},{"type":"Feature","geometry":{"type":"Point","coordinates":[-6.285986,36.52109]},"properties":{"id":"VUT/CA/22208","type":"VUT","group":"Completa","address":"AVENIDA ALCALDE MANUEL DE LA PINTA Nº 7 Plta/Piso 1 Pta/Letra B, piso 1, puerta B","postal_code":"11008","places":4,"units":2,"registered":"2024-10-22","catastro":"3153501QA4435C0157LE","holder":"AC GESTION CADIZ S.L.","holder_count":39}},{"type":"Feature","geometry":{"type":"Point","coordinates":[-6.2756,36.506175]},"properties":{"id":"VUT/CA/22216","type":"VUT","group":"Completa","address":"CALLE PINTOR ZULOAGA Nº 19 Plta/Piso BJ Pta/Letra A, piso BJ, puerta A","postal_code":"11010","places":6,"units":3,"registered":"2024-10-24","catastro":"4137906QA4443E0117GO","holder":"SERAE S. COOP. AND.","holder_count":3}},{"type":"Feature","geometry":{"type":"Point","coordinates":[-6.281813,36.516656]},"properties":{"id":"VUT/CA/22306","type":"VUT","group":"Completa","address":"CALLE miguel martinez de pinillos Blq. 1 Plta/Piso 1º Pta/Letra D, piso 1º, puerta D","postal_code":"11008","places":8,"units":4,"registered":"2024-11-06","catastro":"3549101QA4434G0014QA","holder":null,"holder_count":null}},{"type":"Feature","geometry":{"type":"Point","coordinates":[-6.286396,36.523648]},"properties":{"id":"VUT/CA/22329","type":"VUT","group":"Completa","address":"CALLE SANTA CRUZ DE TENERIFE Nº 5 Plta/Piso 1 Pta/Letra B, piso 1, puerta B","postal_code":"11007","places":6,"units":3,"registered":"2024-11-11","catastro":"3057207QA4435E0037ER","holder":null,"holder_count":null}},{"type":"Feature","geometry":{"type":"Point","coordinates":[-6.278385,36.521014]},"properties":{"id":"VUT/CA/22441","type":"VUT","group":"Completa","address":"CALLE PORVENIR Nº 3 Plta/Piso 1 Pta/Letra 74, piso 1, puerta 74","postal_code":"1100","places":8,"units":3,"registered":"2024-11-28","catastro":"3754201QA4435D0034DG","holder":null,"holder_count":null}},{"type":"Feature","geometry":{"type":"Point","coordinates":[-6.277527,36.512678]},"properties":{"id":"VUT/CA/22442","type":"VUT","group":"Completa","address":"CALLE ALEGRIA Nº 1 Esc. C Plta/Piso 1 Pta/Letra B4, piso 1, puerta B4","postal_code":"11009","places":6,"units":2,"registered":"2024-11-28","catastro":"3944201QA4434D0104DE","holder":null,"holder_count":null}},{"type":"Feature","geometry":{"type":"Point","coordinates":[-6.282985,36.518947]},"properties":{"id":"VUT/CA/22545","type":"VUT","group":"Completa","address":"CALLE dr gomez plana Nº 1 Portal 7 Plta/Piso 2 Pta/Letra b, piso 2, puerta b","postal_code":"1008","places":3,"units":3,"registered":"2024-12-15","catastro":"3451201QA4435B0052AO","holder":null,"holder_count":null}},{"type":"Feature","geometry":{"type":"Point","coordinates":[-6.27443,36.507177]},"properties":{"id":"VUT/CA/22562","type":"VUT","group":"Completa","address":"CALLE PINTOR JUSTO RUIZ LUNA Nº 2 Plta/Piso 2 Pta/Letra 10, piso 2, puerta 10","postal_code":"11010","places":2,"units":3,"registered":"2024-12-17","catastro":"4238901QA4443G0010EJ","holder":null,"holder_count":null}},{"type":"Feature","geometry":{"type":"Point","coordinates":[-6.275448,36.508013]},"properties":{"id":"VUT/CA/22577","type":"VUT","group":"Completa","address":"CALLE SANTA TERESA JESÚS Nº 7 Plta/Piso 0 Pta/Letra 1, piso 0, puerta 1","postal_code":"11010","places":4,"units":2,"registered":"2024-12-20","catastro":"4139501QA4443G0200XH","holder":null,"holder_count":null}},{"type":"Feature","geometry":{"type":"Point","coordinates":[-6.270187,36.504708]},"properties":{"id":"VUT/CA/22677","type":"VUT","group":"Completa","address":"CALLE MARÍA SILVA CRUZ LA LIBERTARIA Nº 17 Plta/Piso 2 Pta/Letra A, piso 2, puerta A","postal_code":"11011","places":5,"units":3,"registered":"2025-01-10","catastro":"4636701QA4443F0005BY","holder":null,"holder_count":null}},{"type":"Feature","geometry":{"type":"Point","coordinates":[-6.280819,36.509765]},"properties":{"id":"VUT/CA/22694","type":"VUT","group":"Completa","address":"AVENIDA ALMICAR BARCA Nº 31 Plta/Piso 1 Pta/Letra 109, piso 1, puerta 109","postal_code":"11009","places":3,"units":1,"registered":"2025-01-14","catastro":"3641412QA4434B0011AO","holder":"AC GESTION CADIZ S.L.","holder_count":39}},{"type":"Feature","geometry":{"type":"Point","coordinates":[-6.276813,36.516839]},"properties":{"id":"VUT/CA/22701","type":"VUT","group":"Completa","address":"CALLE VERACRUZ Nº 2 Plta/Piso BAJO, piso BAJO","postal_code":"11007","places":3,"units":1,"registered":"2025-01-15","catastro":"3950220QA4435B0024KD","holder":null,"holder_count":null}},{"type":"Feature","geometry":{"type":"Point","coordinates":[-6.28386,36.514807]},"properties":{"id":"VUT/CA/22778","type":"VUT","group":"Completa","address":"CALLE CALLEJÓN DEL BLANCO Nº 4 Plta/Piso 1 Pta/Letra C, piso 1, puerta C","postal_code":"11004","places":4,"units":2,"registered":"2025-01-22","catastro":"3346401QA4434E0004UO","holder":null,"holder_count":null}},{"type":"Feature","geometry":{"type":"Point","coordinates":[-6.274488,36.501]},"properties":{"id":"VUT/CA/22821","type":"VUT","group":"Completa","address":"CALLE NEPTUNO Nº 7 Plta/Piso BAJA Pta/Letra A, piso BAJA, puerta A","postal_code":"11011","places":6,"units":3,"registered":"2025-01-28","catastro":"4231901QA4443A0071AY","holder":null,"holder_count":null}},{"type":"Feature","geometry":{"type":"Point","coordinates":[-6.275209,36.509109]},"properties":{"id":"VUT/CA/22947","type":"VUT","group":"Completa","address":"CALLE SANTO TOMAS Nº 3 Plta/Piso 1 Pta/Letra A, piso 1, puerta A","postal_code":"11009","places":6,"units":3,"registered":"2025-02-11","catastro":"4141701QA4444A0011RR","holder":"AC GESTION CADIZ S.L.","holder_count":39}},{"type":"Feature","geometry":{"type":"Point","coordinates":[-6.284453,36.522153]},"properties":{"id":"VUT/CA/22982","type":"VUT","group":"Completa","address":"CALLE GRANJA DE SAN ILDEFONSO Nº 5 Plta/Piso 1 Pta/Letra C, piso 1, puerta C","postal_code":"11008","places":5,"units":2,"registered":"2025-02-25","catastro":"3254203QA4435C0043IS","holder":null,"holder_count":null}},{"type":"Feature","geometry":{"type":"Point","coordinates":[-6.276524,36.505878]},"properties":{"id":"VUT/CA/23013","type":"VUT","group":"Completa","address":"AVENIDA CAYETANO DEL TORO Nº 21 Plta/Piso ENT Pta/Letra 5-1A, piso ENT, puerta 5-1A","postal_code":"11010","places":3,"units":1,"registered":"2025-02-17","catastro":"4037509QA4443G0140WK","holder":"APARTMENTS TIME S.L.","holder_count":55}},{"type":"Feature","geometry":{"type":"Point","coordinates":[-6.276524,36.505878]},"properties":{"id":"VUT/CA/23016","type":"VUT","group":"Completa","address":"AVENIDA CAYETANO DEL TORO Nº 21 Plta/Piso 5-1-B, piso 5-1-B","postal_code":"11010","places":3,"units":1,"registered":"2025-02-17","catastro":"4037509QA4443G0140WK","holder":"APARTMENTS TIME S.L.","holder_count":55}},{"type":"Feature","geometry":{"type":"Point","coordinates":[-6.271746,36.498628]},"properties":{"id":"VUT/CA/23080","type":"VUT","group":"Completa","address":"PLAZA Jerez de la Frontera Nº 10 Plta/Piso 2 Pta/Letra B, piso 2, puerta B","postal_code":"11011","places":6,"units":4,"registered":"2025-02-23","catastro":"4429301QA4442G0150PI","holder":null,"holder_count":null}},{"type":"Feature","geometry":{"type":"Point","coordinates":[-6.279846,36.517733]},"properties":{"id":"VUT/CA/23104","type":"VUT","group":"Completa","address":"CALLE Poeta Ayrolo Nº 5 Plta/Piso 2 Pta/Letra Izq, piso 2, puerta Izq","postal_code":"11008","places":4,"units":2,"registered":"2025-02-26","catastro":"3750801QA4435B0049YO","holder":null,"holder_count":null}},{"type":"Feature","geometry":{"type":"Point","coordinates":[-6.273971,36.500802]},"properties":{"id":"VUT/CA/23148","type":"VUT","group":"Completa","address":"AVENIDA PERIODISTA BEATRIZ CIENFUEGOS Nº 2 Portal 2 Esc. 2 Plta/Piso 2 Pta/Letra B, piso 2, puerta B","postal_code":"11011","places":4,"units":2,"registered":"2025-03-03","catastro":"4231902QA4443A0081RD","holder":null,"holder_count":null}},{"type":"Feature","geometry":{"type":"Point","coordinates":[-6.278385,36.521014]},"properties":{"id":"VUT/CA/23155","type":"VUT","group":"Completa","address":"CALLE PINTOR VINIEGRA Portal 2 Plta/Piso 1 Pta/Letra 46, piso 1, puerta 46","postal_code":"11007","places":5,"units":2,"registered":"2025-03-03","catastro":"3754201QA4435D0059OA","holder":null,"holder_count":null}},{"type":"Feature","geometry":{"type":"Point","coordinates":[-6.27597,36.506339]},"properties":{"id":"VUT/CA/23222","type":"VUT","group":"Completa","address":"CALLE pintor zuloaga Nº 14 Plta/Piso Bajo Pta/Letra D, piso Bajo, puerta D","postal_code":"11010","places":7,"units":3,"registered":"2025-03-06","catastro":"4037203QA4443E0013UW","holder":null,"holder_count":null}},{"type":"Feature","geometry":{"type":"Point","coordinates":[-6.277381,36.509492]},"properties":{"id":"VUT/CA/23341","type":"VUT","group":"Completa","address":"CALLE Modesta Calvo Nº 9 Plta/Piso Bajo Pta/Letra B, piso Bajo, puerta B","postal_code":"11009","places":2,"units":1,"registered":"2025-03-15","catastro":"3941905QA4434B0010HI","holder":null,"holder_count":null}},{"type":"Feature","geometry":{"type":"Point","coordinates":[-6.273988,36.504137]},"properties":{"id":"VUT/CA/23373","type":"VUT","group":"Por habitaciones","address":"CALLE PINTOR CLEMENTE DE TORRES Nº 7 Plta/Piso 1º Pta/Letra A, piso 1º, puerta A","postal_code":"11010","places":3,"units":2,"registered":"2025-03-17","catastro":"4235404QA4443E0002DJ","holder":null,"holder_count":null}},{"type":"Feature","geometry":{"type":"Point","coordinates":[-6.279722,36.515186]},"properties":{"id":"VUT/CA/23432","type":"VUT","group":"Completa","address":"CALLE gas Nº 10 Plta/Piso 1 Pta/Letra A, piso 1, puerta A","postal_code":"11008","places":6,"units":3,"registered":"2025-03-20","catastro":"3747601QA4434F0024WO","holder":null,"holder_count":null}},{"type":"Feature","geometry":{"type":"Point","coordinates":[-6.281192,36.515775]},"properties":{"id":"VUT/CA/23440","type":"VUT","group":"Completa","address":"CALLE PARLAMENTO Nº 9 Plta/Piso 1 Pta/Letra B, piso 1, puerta B","postal_code":"11008","places":4,"units":1,"registered":"2025-03-20","catastro":"3548509QA4434H0020KM","holder":null,"holder_count":null}},{"type":"Feature","geometry":{"type":"Point","coordinates":[-6.284823,36.515983]},"properties":{"id":"VUT/CA/23443","type":"VUT","group":"Completa","address":"AVENIDA AMILCAR BARCA Nº 11 Plta/Piso BAJO Pta/Letra A, piso BAJO, puerta A","postal_code":"11008","places":5,"units":3,"registered":"2025-03-20","catastro":"3248407QA4434G0001UQ","holder":null,"holder_count":null}},{"type":"Feature","geometry":{"type":"Point","coordinates":[-6.284823,36.515983]},"properties":{"id":"VUT/CA/23448","type":"VUT","group":"Completa","address":"AVENIDA AMILCAR BARCA Nº 11 Plta/Piso 1 Pta/Letra A, piso 1, puerta A","postal_code":"11010","places":8,"units":3,"registered":"2025-03-20","catastro":"3248407QA4434G0005AT","holder":"Gades Gestión Turística","holder_count":1}},{"type":"Feature","geometry":{"type":"Point","coordinates":[-6.281445,36.521036]},"properties":{"id":"VUT/CA/23458","type":"VUT","group":"Completa","address":"CALLE CIUDAD DE SANTANDER Nº 20 Blq. 1 Plta/Piso 2 Pta/Letra B, piso 2, puerta B","postal_code":"11007","places":4,"units":2,"registered":"2025-03-20","catastro":"3553201QA4435D0006TL","holder":null,"holder_count":null}},{"type":"Feature","geometry":{"type":"Point","coordinates":[-6.276851,36.51106]},"properties":{"id":"VUT/CA/23511","type":"VUT","group":"Completa","address":"CALLE GARCIA CARRERA Nº 37 Plta/Piso 1 Pta/Letra D, piso 1, puerta D","postal_code":"11009","places":6,"units":2,"registered":"2025-03-24","catastro":"4043807QA4444C0004UK","holder":null,"holder_count":null}},{"type":"Feature","geometry":{"type":"Point","coordinates":[-6.275448,36.508013]},"properties":{"id":"VUT/CA/23517","type":"VUT","group":"Completa","address":"CALLE SANTA TERESA DE JESUS Nº 1 Plta/Piso 1 Pta/Letra IZQ, piso 1, puerta IZQ","postal_code":"11010","places":8,"units":3,"registered":"2025-03-24","catastro":"4139501QA4443G0114UQ","holder":"GRUPO MALACUCA SL","holder_count":2}},{"type":"Feature","geometry":{"type":"Point","coordinates":[-6.279456,36.521936]},"properties":{"id":"VUT/CA/23522","type":"VUT","group":"Completa","address":"CALLE ENRIQUE CALBO Nº 7 Pta/Letra IZQ, puerta IZQ","postal_code":"11007","places":5,"units":2,"registered":"2025-03-24","catastro":"3754209QA4435D0006BL","holder":null,"holder_count":null}},{"type":"Feature","geometry":{"type":"Point","coordinates":[-6.272952,36.499012]},"properties":{"id":"VUT/CA/23690","type":"VUT","group":"Completa","address":"PASEO Paseo Marítimo Nº 26 Plta/Piso 2 Pta/Letra B, piso 2, puerta B","postal_code":"11011","places":4,"units":2,"registered":"2025-03-31","catastro":"4329901QA4442G1027MS","holder":null,"holder_count":null}},{"type":"Feature","geometry":{"type":"Point","coordinates":[-6.284823,36.515983]},"properties":{"id":"VUT/CA/23712","type":"VUT","group":"Completa","address":"AVENIDA AMILCAR BARCA Nº 11 Plta/Piso 1 Pta/Letra D, piso 1, puerta D","postal_code":"11008","places":5,"units":3,"registered":"2025-03-31","catastro":"3248407QA4434G0008FI","holder":null,"holder_count":null}},{"type":"Feature","geometry":{"type":"Point","coordinates":[-6.278551,36.514594]},"properties":{"id":"VUT/CA/23783","type":"VUT","group":"Por habitaciones","address":"CALLE FRANCISCO GARCIA DE SOLA Nº 51 Plta/Piso 2 Pta/Letra IZQ, piso 2, puerta IZQ","postal_code":"11008","places":4,"units":3,"registered":"2025-04-01","catastro":"3846202QA4434F0007JZ","holder":null,"holder_count":null}},{"type":"Feature","geometry":{"type":"Point","coordinates":[-6.285946,36.522733]},"properties":{"id":"VUT/CA/23786","type":"VUT","group":"Completa","address":"CALLE JUAN  RAMON JIMENEZ Nº 1 Portal D Plta/Piso 2 Pta/Letra D, piso 2, puerta D","postal_code":"11008","places":5,"units":2,"registered":"2025-04-01","catastro":"3157601QA4435E0009UI","holder":"SERVICIOS INMOBILIARIOS SAN SEVERIANO S.L.","holder_count":3}},{"type":"Feature","geometry":{"type":"Point","coordinates":[-6.285986,36.52109]},"properties":{"id":"VUT/CA/23788","type":"VUT","group":"Completa","address":"AVENIDA ALCALDE MANUEL DE LA PINTA Nº 7 Plta/Piso 2 Pta/Letra A, piso 2, puerta A","postal_code":"11007","places":4,"units":2,"registered":"2025-04-01","catastro":"3153501QA4435C0158BR","holder":null,"holder_count":null}},{"type":"Feature","geometry":{"type":"Point","coordinates":[-6.2795,36.516977]},"properties":{"id":"VUT/CA/23806","type":"VUT","group":"Completa","address":"CALLE FRANCISCO GARCIA DE SOLA Nº 29 Plta/Piso 2 Pta/Letra D, piso 2, puerta D","postal_code":"11008","places":4,"units":2,"registered":"2025-04-01","catastro":"3749901QA4434H0026EY","holder":"AC GESTION CADIZ S.L.","holder_count":39}},{"type":"Feature","geometry":{"type":"Point","coordinates":[-6.28566,36.524242]},"properties":{"id":"VUT/CA/23815","type":"VUT","group":"Completa","address":"CALLE HIBISCOS Nº 3 Portal 3 Plta/Piso 0 Pta/Letra B, piso 0, puerta B","postal_code":"11007","places":2,"units":1,"registered":"2025-04-01","catastro":"3157106QA4435E0018GF","holder":"TEMATICOS BADAJOZ S.L.","holder_count":1}},{"type":"Feature","geometry":{"type":"Point","coordinates":[-6.277444,36.509614]},"properties":{"id":"VUT/CA/23822","type":"VUT","group":"Completa","address":"CALLE MATRONA MODESTA CALVO Nº 7 Plta/Piso 1 Pta/Letra IZQ, piso 1, puerta IZQ","postal_code":"11009","places":5,"units":3,"registered":"2025-04-01","catastro":"3941906QA4434B0007WI","holder":"AC GESTION CADIZ S.L.","holder_count":39}},{"type":"Feature","geometry":{"type":"Point","coordinates":[-6.272952,36.499012]},"properties":{"id":"VUT/CA/23880","type":"VUT","group":"Completa","address":"CALLE NEREIDAS Nº 3 Plta/Piso 1 Pta/Letra D, piso 1, puerta D","postal_code":"11007","places":5,"units":3,"registered":"2025-04-02","catastro":"4329901QA4442G0789ZP","holder":"SERVICIOS INMOBILIARIOS SAN SEVERIANO S.L.","holder_count":3}},{"type":"Feature","geometry":{"type":"Point","coordinates":[-6.302668,36.529005]},"properties":{"id":"VUT/CA/23909","type":"VUT","group":"Completa","address":"CALLE PERICON DE CADIZ Nº 2 Plta/Piso BJ Pta/Letra Derecha, piso BJ, puerta Derecha","postal_code":"11002","places":2,"units":2,"registered":"2025-04-03","catastro":"1662601QA4416B0010KA","holder":null,"holder_count":null}},{"type":"Feature","geometry":{"type":"Point","coordinates":[-6.273621,36.505055]},"properties":{"id":"VUT/CA/23918","type":"VUT","group":"Completa","address":"CALLE VELAZQUEZ Nº 15 Plta/Piso 1 Pta/Letra 8, piso 1, puerta 8","postal_code":"11010","places":5,"units":3,"registered":"2025-04-03","catastro":"4236401QA4443E0186IA","holder":"SERVICIOS INMOBILIARIOS SAN SEVERIANO S.L.","holder_count":3}},{"type":"Feature","geometry":{"type":"Point","coordinates":[-6.273407,36.503784]},"properties":{"id":"VUT/CA/24245","type":"VUT","group":"Completa","address":"CALLE Sorolla Nº 23 Plta/Piso 1 Pta/Letra A, piso 1, puerta A","postal_code":"11010","places":7,"units":3,"registered":"2025-05-15","catastro":"4335904QA4443E0001QH","holder":null,"holder_count":null}},{"type":"Feature","geometry":{"type":"Point","coordinates":[-6.285358,36.522942]},"properties":{"id":"VUT/CA/24257","type":"VUT","group":"Completa","address":"CALLE JUAN RAMON JIEMENEZ Nº 5","postal_code":"11007","places":4,"units":2,"registered":"2025-05-19","catastro":"3156505QA4435E1001QZ","holder":null,"holder_count":null}},{"type":"Feature","geometry":{"type":"Point","coordinates":[-6.2723,36.504966]},"properties":{"id":"VUT/CA/24271","type":"VUT","group":"Completa","address":"PLAZA Plaza la Fuente Blq. 7 Plta/Piso 1 Pta/Letra D, piso 1, puerta D","postal_code":"11011","places":7,"units":3,"registered":"2025-05-20","catastro":"4336303QA4443E0004XL","holder":null,"holder_count":null}}]}