{"type":"FeatureCollection","municipio":{"slug":"chipiona","name":"Chipiona","total":708,"places":3957,"source_updated_at":"2026-10-05"},"features":[{"type":"Feature","geometry":{"type":"Point","coordinates":[-6.431221,36.743393]},"properties":{"id":"VUT/CA/00034","type":"VUT","group":"Completa","address":"AVENIDA SANLUCAR DE BARRAMEDA Nº 58 Plta/Piso 02 Pta/Letra A, piso 02, puerta A","postal_code":"11550","places":4,"units":1,"registered":"2016-05-12","catastro":"9597507QA2699H0006PK","holder":null,"holder_count":null}},{"type":"Feature","geometry":{"type":"Point","coordinates":[-6.430337,36.743261]},"properties":{"id":"VUT/CA/00096","type":"VUT","group":"Completa","address":"CALLE PAQUITA RICO Nº 2 Plta/Piso 2 Pta/Letra C, piso 2, puerta C","postal_code":"11550","places":5,"units":2,"registered":"2016-05-18","catastro":"9696803QA2699F0019YP","holder":null,"holder_count":null}},{"type":"Feature","geometry":{"type":"Point","coordinates":[-6.436217,36.73939]},"properties":{"id":"VUT/CA/00135","type":"VUT","group":"Completa","address":"CALLE NUESTRA SEÑORA DE LA O Nº 5 Plta/Piso 01, piso 01","postal_code":"11550","places":8,"units":2,"registered":"2016-05-19","catastro":"9093408QA2699C0004PJ","holder":null,"holder_count":null}},{"type":"Feature","geometry":{"type":"Point","coordinates":[-6.432467,36.732853]},"properties":{"id":"VUT/CA/00380","type":"VUT","group":"Completa","address":"CALLE MIGUEL DE CERVANTES Nº 98 Esc. 1 Plta/Piso 00 Pta/Letra C, piso 00, puerta C","postal_code":"11550","places":6,"units":2,"registered":"2016-06-03","catastro":"9485002QA2698E0010QZ","holder":null,"holder_count":null}},{"type":"Feature","geometry":{"type":"Point","coordinates":[-6.417545,36.695159]},"properties":{"id":"VUT/CA/00758","type":"VUT","group":"Completa","address":"CALLE BEETHOVEN Nº 4 Blq. 1 Portal 1 Plta/Piso 1 Pta/Letra A Compl.Dom. URBANIZACIÓN MAR ABIERTO - COSTA BALLENA, piso 1, puerta A","postal_code":"11550","places":4,"units":2,"registered":"2016-07-15","catastro":"0744102QA3604D0116RZ","holder":null,"holder_count":null}},{"type":"Feature","geometry":{"type":"Point","coordinates":[-6.433938,36.729726]},"properties":{"id":"VUT/CA/01397","type":"VUT","group":"Completa","address":"CALLE CARACOLA Nº 4","postal_code":"11550","places":6,"units":2,"registered":"2016-10-10","catastro":"9382502QA2698C0001IB","holder":null,"holder_count":null}},{"type":"Feature","geometry":{"type":"Point","coordinates":[-6.433852,36.718245]},"properties":{"id":"VUT/CA/01406","type":"VUT","group":"Completa","address":"AVENIDA DE LA LAGUNA Nº 43 Portal 8 Plta/Piso 2 Pta/Letra C Compl.Dom. RESIDENCIAL TORRELAGUNA, piso 2, puerta C","postal_code":"11550","places":8,"units":3,"registered":"2016-10-10","catastro":"9369101QA2696G0115ID","holder":null,"holder_count":null}},{"type":"Feature","geometry":{"type":"Point","coordinates":[-6.437089,36.737408]},"properties":{"id":"VUT/CA/01444","type":"VUT","group":"Completa","address":"CALLE PIO BAROJA Nº 2 Plta/Piso 1, piso 1","postal_code":"11550","places":7,"units":3,"registered":"2016-10-17","catastro":"9091737QA2699A0003UZ","holder":null,"holder_count":null}},{"type":"Feature","geometry":{"type":"Point","coordinates":[-6.432179,36.742174]},"properties":{"id":"VUT/CA/01663","type":"VUT","group":"Completa","address":"CALLE EL BARRIO Nº 14-16 Portal 5 Pta/Letra D, puerta D","postal_code":"11550","places":4,"units":2,"registered":"2016-11-23","catastro":"9395220QA2699E0019IQ","holder":null,"holder_count":null}},{"type":"Feature","geometry":{"type":"Point","coordinates":[-6.433161,36.740149]},"properties":{"id":"VUT/CA/01759","type":"VUT","group":"Completa","address":"CALLE NUESTRA SEÑORA DE LA O Nº 48 Plta/Piso 1 Pta/Letra 6C, piso 1, puerta 6C","postal_code":"11550","places":4,"units":2,"registered":"2016-11-29","catastro":"9394418QA2699C0013FM","holder":null,"holder_count":null}},{"type":"Feature","geometry":{"type":"Point","coordinates":[-6.430337,36.743261]},"properties":{"id":"VUT/CA/01924","type":"VUT","group":"Completa","address":"CALLE PAQUITA RICO Nº 2 Plta/Piso 2º Pta/Letra G Compl.Dom. MAR ADRIATICO, piso 2º, puerta G","postal_code":"11550","places":4,"units":2,"registered":"2016-12-29","catastro":"9696803QA2699F0023UA","holder":null,"holder_count":null}},{"type":"Feature","geometry":{"type":"Point","coordinates":[-6.433462,36.742038]},"properties":{"id":"VUT/CA/02162","type":"VUT","group":"Completa","address":"CALLE NUEVA Nº 3","postal_code":"11550","places":2,"units":1,"registered":"2017-02-09","catastro":"9395254QA2699E0007JG","holder":null,"holder_count":null}},{"type":"Feature","geometry":{"type":"Point","coordinates":[-6.433847,36.719864]},"properties":{"id":"VUT/CA/02178","type":"VUT","group":"Completa","address":"CALLE CAMALEON Nº 42 Esc. 3 Plta/Piso 2ª Pta/Letra A, piso 2ª, puerta A","postal_code":"11550","places":6,"units":3,"registered":"2017-02-14","catastro":"9369109QA2696G0066ZM","holder":null,"holder_count":null}},{"type":"Feature","geometry":{"type":"Point","coordinates":[-6.416898,36.697692]},"properties":{"id":"VUT/CA/02412","type":"VUT","group":"Completa","address":"CALLE BEETHOVEN Nº 1 Blq. 6 Plta/Piso 1 Pta/Letra 14 Compl.Dom. LA BALLENA, piso 1, puerta 14","postal_code":"11550","places":5,"units":2,"registered":"2017-03-16","catastro":"1046102QA3604E0147DY","holder":null,"holder_count":null}},{"type":"Feature","geometry":{"type":"Point","coordinates":[-6.432712,36.717998]},"properties":{"id":"VUT/CA/02418","type":"VUT","group":"Completa","address":"CALLE Camaleón Nº 19 Portal 3 Plta/Piso 1 Pta/Letra B Compl.Dom. Urbanización Torrelaguna 2ª Fase, piso 1, puerta B","postal_code":"11550","places":6,"units":2,"registered":"2017-03-19","catastro":"9469101QA2696G0038FR","holder":null,"holder_count":null}},{"type":"Feature","geometry":{"type":"Point","coordinates":[-6.433357,36.718968]},"properties":{"id":"VUT/CA/02521","type":"VUT","group":"Completa","address":"CALLE CAMALEÓN Nº 9 Blq. 2 Plta/Piso 1º Pta/Letra F Compl.Dom. EDIFICIO JUNCAL V, piso 1º, puerta F","postal_code":"11550","places":6,"units":3,"registered":"2017-04-04","catastro":"9469106QA2696G0025EJ","holder":null,"holder_count":null}},{"type":"Feature","geometry":{"type":"Point","coordinates":[-6.407216,36.724035]},"properties":{"id":"VUT/CA/026080","type":"VUT","group":"Completa","address":"DISEMINADO Pago Llanos o Juan de Ases Nº - Calif.Nº 40501","postal_code":"11550","places":6,"units":2,"registered":"2026-03-24","catastro":"11016A017001860000TD","holder":null,"holder_count":null}},{"type":"Feature","geometry":{"type":"Point","coordinates":[-6.418499,36.699376]},"properties":{"id":"VUT/CA/026105","type":"VUT","group":"Completa","address":"AVENIDA DE LA MUSICA Nº 8 Portal 6 Plta/Piso 1 Pta/Letra B, piso 1, puerta B","postal_code":"11550","places":8,"units":3,"registered":"2026-03-30","catastro":"0749102QA3604H0049RO","holder":"INMOPUNTA ALSOL, SL","holder_count":12}},{"type":"Feature","geometry":{"type":"Point","coordinates":[-6.43369,36.738581]},"properties":{"id":"VUT/CA/026161","type":"VUT","group":"Completa","address":"CALLE quinta de los aguadores Nº 9 Plta/Piso 2 Pta/Letra 6, piso 2, puerta 6","postal_code":"11550","places":2,"units":1,"registered":"2026-04-08","catastro":"9292408qa2699c0006fl","holder":null,"holder_count":null}},{"type":"Feature","geometry":{"type":"Point","coordinates":[-6.420541,36.69883]},"properties":{"id":"VUT/CA/026177","type":"VUT","group":"Completa","address":"CALLE BACH Nº 3 Portal 7 Plta/Piso 2 Pta/Letra A, piso 2, puerta A","postal_code":"11550","places":4,"units":2,"registered":"2026-04-10","catastro":"0447101QA3604F0061GB","holder":"INMOPUNTA ALSOL, SL","holder_count":12}},{"type":"Feature","geometry":{"type":"Point","coordinates":[-6.419803,36.698002]},"properties":{"id":"VUT/CA/026225","type":"VUT","group":"Completa","address":"CALLE BACH Nº 1 Portal 6 Plta/Piso 1 Pta/Letra C, piso 1, puerta C","postal_code":"11550","places":6,"units":2,"registered":"2026-04-16","catastro":"0447102QA3604F0181KF","holder":null,"holder_count":null}},{"type":"Feature","geometry":{"type":"Point","coordinates":[-6.418499,36.699376]},"properties":{"id":"VUT/CA/026237","type":"VUT","group":"Completa","address":"AVENIDA Música Nº 8 Portal 7 Plta/Piso 2 Pta/Letra I, piso 2, puerta I","postal_code":"11550","places":4,"units":2,"registered":"2026-04-19","catastro":"0749102QA3604H0089OF","holder":null,"holder_count":null}},{"type":"Feature","geometry":{"type":"Point","coordinates":[-6.418499,36.699376]},"properties":{"id":"VUT/CA/026249","type":"VUT","group":"Completa","address":"AVENIDA Música Nº 8 Portal 7 Plta/Piso 2 Pta/Letra I, piso 2, puerta I","postal_code":"11550","places":4,"units":2,"registered":"2026-04-21","catastro":"0749102QA3604H0089OF","holder":null,"holder_count":null}},{"type":"Feature","geometry":{"type":"Point","coordinates":[-6.410396,36.754899]},"properties":{"id":"VUT/CA/026308","type":"VUT","group":"Por habitaciones","address":"CAMINO PISTA MONTIJO Nº 40","postal_code":"11550","places":6,"units":6,"registered":"2026-04-28","catastro":"11016A001000570000TW","holder":null,"holder_count":null}},{"type":"Feature","geometry":{"type":"Point","coordinates":[-6.412459,36.69853]},"properties":{"id":"VUT/CA/026316","type":"VUT","group":"Completa","address":"CALLE MOZART Nº 3 Portal 2 Plta/Piso 1 Pta/Letra B Compl.Dom. URBANIZACION COSTABALLENA, piso 1, puerta B","postal_code":"11550","places":6,"units":2,"registered":"2026-04-29","catastro":"1248104QA3614G0076LX","holder":null,"holder_count":null}},{"type":"Feature","geometry":{"type":"Point","coordinates":[-6.417545,36.695159]},"properties":{"id":"VUT/CA/02635","type":"VUT","group":"Completa","address":"CALLE BEETHOVEN Nº 2 Portal 6 Plta/Piso 2 Pta/Letra A, piso 2, puerta A","postal_code":"11550","places":7,"units":3,"registered":"2017-04-25","catastro":"0744102QA3604D0187IW","holder":null,"holder_count":null}},{"type":"Feature","geometry":{"type":"Point","coordinates":[-6.418499,36.699376]},"properties":{"id":"VUT/CA/026351","type":"VUT","group":"Completa","address":"AVENIDA DE LA MUSICA Nº 8 Portal 5 Plta/Piso 2 Pta/Letra B, piso 2, puerta B","postal_code":"11550","places":6,"units":2,"registered":"2026-05-04","catastro":"0749102QA3604H0044XR","holder":null,"holder_count":null}},{"type":"Feature","geometry":{"type":"Point","coordinates":[-6.418499,36.699376]},"properties":{"id":"VUT/CA/026352","type":"VUT","group":"Completa","address":"AVENIDA DE LA MUSICA Nº 8 Blq. 4 Portal 7 Plta/Piso BAJO Pta/Letra L, piso BAJO, puerta L","postal_code":"11550","places":6,"units":2,"registered":"2026-05-04","catastro":"0749102QA3604H0065FL","holder":"MAROAI GESTION SL","holder_count":1}},{"type":"Feature","geometry":{"type":"Point","coordinates":[-6.426291,36.739565]},"properties":{"id":"VUT/CA/02637","type":"VUT","group":"Completa","address":"AVENIDA JAÉN Nº 95","postal_code":"11550","places":6,"units":2,"registered":"2017-04-25","catastro":"9892612QA2699B0001QT","holder":null,"holder_count":null}},{"type":"Feature","geometry":{"type":"Point","coordinates":[-6.433351,36.7389]},"properties":{"id":"VUT/CA/026401","type":"VUT","group":"Completa","address":"CALLE Pozo rey Nº 12 Plta/Piso 1 Pta/Letra k, piso 1, puerta k","postal_code":"11550","places":4,"units":2,"registered":"2026-05-11","catastro":"9292403QA2699C0020MR","holder":null,"holder_count":null}},{"type":"Feature","geometry":{"type":"Point","coordinates":[-6.418499,36.699376]},"properties":{"id":"VUT/CA/026449","type":"VUT","group":"Completa","address":"AVENIDA DE LA MÚSICA Nº 8 Blq. 6 Portal 12 Plta/Piso BAJO Pta/Letra B Compl.Dom. URBANIZACIÓN AMENÁBAR SEA, piso BAJO, puerta B","postal_code":"11550","places":6,"units":2,"registered":"2026-05-16","catastro":"0749102qa3604h0126dk","holder":null,"holder_count":null}},{"type":"Feature","geometry":{"type":"Point","coordinates":[-6.418499,36.699376]},"properties":{"id":"VUT/CA/026457","type":"VUT","group":"Completa","address":"AVENIDA DE LA MUSICA Nº 8 Blq. 4 Portal 7 Plta/Piso BAJA Pta/Letra A, piso BAJA, puerta A","postal_code":"11550","places":5,"units":2,"registered":"2026-05-18","catastro":"0749102QA3604H0054YA","holder":"LUYMA INVERSIONES S.L.","holder_count":1}},{"type":"Feature","geometry":{"type":"Point","coordinates":[-6.418499,36.699376]},"properties":{"id":"VUT/CA/026459","type":"VUT","group":"Completa","address":"AVENIDA DE LA MUSICA Nº 8 Blq. 4 Portal 7 Plta/Piso 1 Pta/Letra J, piso 1, puerta J","postal_code":"11550","places":4,"units":2,"registered":"2026-05-18","catastro":"0749102QA3604H0076XR","holder":null,"holder_count":null}},{"type":"Feature","geometry":{"type":"Point","coordinates":[-6.418499,36.699376]},"properties":{"id":"VUT/CA/026462","type":"VUT","group":"Completa","address":"AVENIDA DE LA MUSICA Nº 8 Blq. 3 Portal 5 Plta/Piso 2 Pta/Letra A Compl.Dom. URB AMENABAR SEA, piso 2, puerta A","postal_code":"18014","places":7,"units":3,"registered":"2026-05-19","catastro":"0749102QA3604H0043ZE","holder":null,"holder_count":null}},{"type":"Feature","geometry":{"type":"Point","coordinates":[-6.418499,36.699376]},"properties":{"id":"VUT/CA/026466","type":"VUT","group":"Completa","address":"AVENIDA DE LA MÚSICA Nº 8 Blq. 4 Portal 7 Plta/Piso 1 Pta/Letra C, piso 1, puerta C","postal_code":"11550","places":6,"units":2,"registered":"2026-05-18","catastro":"0749102QA3604H0069KM","holder":null,"holder_count":null}},{"type":"Feature","geometry":{"type":"Point","coordinates":[-6.418499,36.699376]},"properties":{"id":"VUT/CA/026469","type":"VUT","group":"Completa","address":"AVENIDA DE LA MÚSICA Nº 8 Portal 8 Plta/Piso BJ Pta/Letra B, piso BJ, puerta B","postal_code":"11550","places":5,"units":2,"registered":"2026-05-18","catastro":"0749102QA3604H0092OF","holder":null,"holder_count":null}},{"type":"Feature","geometry":{"type":"Point","coordinates":[-6.418499,36.699376]},"properties":{"id":"VUT/CA/026486","type":"VUT","group":"Completa","address":"AVENIDA DE LA MUSICA Nº 8 Blq. 2 Portal 3 Plta/Piso 2 Pta/Letra A, piso 2, puerta A","postal_code":"11550","places":8,"units":3,"registered":"2026-05-20","catastro":"0749102QA3604H0023US","holder":null,"holder_count":null}},{"type":"Feature","geometry":{"type":"Point","coordinates":[-6.418499,36.699376]},"properties":{"id":"VUT/CA/026510","type":"VUT","group":"Completa","address":"AVENIDA DE LA MÚSICA Nº 8 Blq. 5 Portal 10 Plta/Piso 1 Pta/Letra B Compl.Dom. URBANIZACIÓN AMENABAR SEA, piso 1, puerta B","postal_code":"11550","places":6,"units":2,"registered":"2026-05-22","catastro":"0749102QA3604H0113EI","holder":null,"holder_count":null}},{"type":"Feature","geometry":{"type":"Point","coordinates":[-6.418499,36.699376]},"properties":{"id":"VUT/CA/026514","type":"VUT","group":"Completa","address":"AVENIDA DE LA MUSICA Nº 8 Portal 14 Plta/Piso bajo Pta/Letra J, piso bajo, puerta J","postal_code":"11550","places":5,"units":2,"registered":"2026-05-22","catastro":"0749102QA3604H0001FL","holder":null,"holder_count":null}},{"type":"Feature","geometry":{"type":"Point","coordinates":[-6.413985,36.717356]},"properties":{"id":"VUT/CA/026542","type":"VUT","group":"Completa","address":"CAMINO HIJUELA DEL TORUNO Nº 185 Compl.Dom. PAGO EL OLIVAR PARCELA 186, POLIGONO 10","postal_code":"11550","places":12,"units":4,"registered":"2026-05-26","catastro":"11016A018001860000TT","holder":null,"holder_count":null}},{"type":"Feature","geometry":{"type":"Point","coordinates":[-6.418499,36.699376]},"properties":{"id":"VUT/CA/026546","type":"VUT","group":"Completa","address":"AVENIDA AVENIDA DE LA MUSICA Nº 08 Blq. 06 Portal 13 Esc. 13 Plta/Piso 1 Pta/Letra B Compl.Dom. URBANIZACIÓN \"AMENABAR SEA\", piso 1, puerta B","postal_code":"11550","places":5,"units":2,"registered":"2026-05-26","catastro":"0749102QA3604H0137ZE","holder":null,"holder_count":null}},{"type":"Feature","geometry":{"type":"Point","coordinates":[-6.418499,36.699376]},"properties":{"id":"VUT/CA/026564","type":"VUT","group":"Completa","address":"AVENIDA DE LA MUSICA Nº 8 Blq. 4 Portal 7 Plta/Piso BAJO Pta/Letra G, piso BAJO, puerta G","postal_code":"11550","places":6,"units":2,"registered":"2026-05-28","catastro":"0749102QA3604H0001FL","holder":null,"holder_count":null}},{"type":"Feature","geometry":{"type":"Point","coordinates":[-6.417545,36.695159]},"properties":{"id":"VUT/CA/026583","type":"VUT","group":"Completa","address":"CALLE BEETHOVEN Nº 4 Blq. 4 Portal 16 Plta/Piso 2 Pta/Letra A Compl.Dom. URBANIZACION MAR ABIERTO, piso 2, puerta A","postal_code":"11550","places":6,"units":2,"registered":"2026-05-31","catastro":"0744102QA3604D0325HP","holder":null,"holder_count":null}},{"type":"Feature","geometry":{"type":"Point","coordinates":[-6.431379,36.736881]},"properties":{"id":"VUT/CA/026595","type":"VUT","group":"Completa","address":"CALLE ANTONIO MACHADO Nº 12 Compl.Dom. BAJO","postal_code":"11550","places":6,"units":3,"registered":"2026-06-02","catastro":"9589810QA2698H0002HB","holder":null,"holder_count":null}},{"type":"Feature","geometry":{"type":"Point","coordinates":[-6.418499,36.699376]},"properties":{"id":"VUT/CA/026633","type":"VUT","group":"Completa","address":"AVENIDA DE LA MÚSICA Nº 8 Blq. 3 Portal 6 Plta/Piso B Pta/Letra B, piso B, puerta B","postal_code":"11550","places":5,"units":2,"registered":"2026-06-08","catastro":"0749102QA3604H0046QY","holder":"R-CEX CONSULTORES ENERGÉTICOS S.L.","holder_count":1}},{"type":"Feature","geometry":{"type":"Point","coordinates":[-6.418499,36.699376]},"properties":{"id":"VUT/CA/026670","type":"VUT","group":"Completa","address":"AVENIDA Avenida de la Música Nº 8 Blq. 3 Portal 6 Plta/Piso Bajo Pta/Letra A Compl.Dom. URBANIZACIÓN AMENABAR sEA, piso Bajo, puerta A","postal_code":"11550","places":6,"units":3,"registered":"2026-06-12","catastro":"0749102QA3604H0045MT","holder":null,"holder_count":null}},{"type":"Feature","geometry":{"type":"Point","coordinates":[-6.431688,36.74212]},"properties":{"id":"VUT/CA/026691","type":"VUT","group":"Completa","address":"CALLE MARIQUILLA LA CAÑEJA Nº 1 Pta/Letra B, puerta B","postal_code":"11550","places":5,"units":2,"registered":"2026-06-16","catastro":"9496036QA2699E0001UO","holder":null,"holder_count":null}},{"type":"Feature","geometry":{"type":"Point","coordinates":[-6.438803,36.740335]},"properties":{"id":"VUT/CA/02670","type":"VUT","group":"Completa","address":"CALLE TOLOSA LATOUR Nº 44-B Blq. 5 Plta/Piso 3 Pta/Letra D Compl.Dom. URBANIZACION VILLABLANCA, piso 3, puerta D","postal_code":"11550","places":3,"units":1,"registered":"2017-04-28","catastro":"8893014QA2689D0018QP","holder":null,"holder_count":null}},{"type":"Feature","geometry":{"type":"Point","coordinates":[-6.436019,36.735384]},"properties":{"id":"VUT/CA/026734","type":"VUT","group":"Completa","address":"CALLE MANUEL GIMENEZ FERNANDEZ Nº 11 Plta/Piso 1 Pta/Letra A, piso 1, puerta A","postal_code":"11550","places":5,"units":2,"registered":"2026-06-23","catastro":"9189520QA2698G0001YP","holder":"sondeos puebla sl","holder_count":1}},{"type":"Feature","geometry":{"type":"Point","coordinates":[-6.436528,36.741332]},"properties":{"id":"VUT/CA/02675","type":"VUT","group":"Completa","address":"CALLE ISAAC PERAL Nº 1 Plta/Piso 1 Pta/Letra B Compl.Dom. PASEO CRUZ DEL MAR-EDIFICIO NUESTRA SEÑORA DEL ROSARIO, piso 1, puerta B","postal_code":"11550","places":4,"units":2,"registered":"2017-04-28","catastro":"9094210QA2699C0009EX","holder":null,"holder_count":null}},{"type":"Feature","geometry":{"type":"Point","coordinates":[-6.433313,36.74004]},"properties":{"id":"VUT/CA/026758","type":"VUT","group":"Completa","address":"CALLE NUESTRA SEÑORA DE LA O Nº 44 Plta/Piso 20, piso 20","postal_code":"11550","places":5,"units":2,"registered":"2026-06-26","catastro":"9394420QA2699C0020OR","holder":null,"holder_count":null}},{"type":"Feature","geometry":{"type":"Point","coordinates":[-6.418499,36.699376]},"properties":{"id":"VUT/CA/026803","type":"VUT","group":"Completa","address":"AVENIDA AVENIDA DE LA MUSICA Nº 8 Blq. 6 Portal 13 Plta/Piso 2 Pta/Letra A Compl.Dom. AMENABAR SEA, piso 2, puerta A","postal_code":"11550","places":6,"units":3,"registered":"2026-07-05","catastro":"0749102QA3604H0001FL","holder":null,"holder_count":null}},{"type":"Feature","geometry":{"type":"Point","coordinates":[-6.43644,36.71821]},"properties":{"id":"VUT/CA/026806","type":"VUT","group":"Completa","address":"AVENIDA EL CAMARON Nº 81","postal_code":"1550","places":14,"units":5,"registered":"2026-07-05","catastro":"9168110QA2696G0001DX","holder":null,"holder_count":null}},{"type":"Feature","geometry":{"type":"Point","coordinates":[-6.413604,36.699653]},"properties":{"id":"VUT/CA/026825","type":"VUT","group":"Completa","address":"CALLE TURINA Nº 2 Blq. 3 Esc. 2 Plta/Piso BAJO Pta/Letra B, piso BAJO, puerta B","postal_code":"11550","places":5,"units":2,"registered":"2026-07-08","catastro":"1248101QA3614G0024QI","holder":null,"holder_count":null}},{"type":"Feature","geometry":{"type":"Point","coordinates":[-6.429205,36.741697]},"properties":{"id":"VUT/CA/026833","type":"VUT","group":"Completa","address":"CALLE RIO EBRO Nº 10","postal_code":"11550","places":2,"units":2,"registered":"2026-07-10","catastro":"9795723QA2699F0001IK","holder":null,"holder_count":null}},{"type":"Feature","geometry":{"type":"Point","coordinates":[-6.411862,36.697974]},"properties":{"id":"VUT/CA/026840","type":"VUT","group":"Completa","address":"CALLE Turina Nº 4 Blq. 2 Portal 1 Plta/Piso 2 Pta/Letra D Compl.Dom. Urbanizacion Jardines del Lago II, piso 2, puerta D","postal_code":"11550","places":5,"units":2,"registered":"2026-07-13","catastro":"1248102QA3614G0020YR","holder":null,"holder_count":null}},{"type":"Feature","geometry":{"type":"Point","coordinates":[-6.427839,36.732472]},"properties":{"id":"VUT/CA/026858","type":"VUT","group":"Completa","address":"AVENIDA CONSTITUCION Nº 39","postal_code":"11550","places":6,"units":3,"registered":"2026-07-16","catastro":"9885516QA2698F0001DQ","holder":null,"holder_count":null}},{"type":"Feature","geometry":{"type":"Point","coordinates":[-6.397508,36.761112]},"properties":{"id":"VUT/CA/026876","type":"VUT","group":"Completa","address":"CALLE A (CHALET SANTA BÁRBARA) Nº 0 Compl.Dom. PAGO DE VALDECONEJO","postal_code":"11550","places":8,"units":3,"registered":"2026-07-21","catastro":"2020465QA3722A0001UR","holder":null,"holder_count":null}},{"type":"Feature","geometry":{"type":"Point","coordinates":[-6.423071,36.731533]},"properties":{"id":"VUT/CA/026902","type":"VUT","group":"Por habitaciones","address":"CALLE LUNA Nº 11 Plta/Piso 1 Pta/Letra A, piso 1, puerta A","postal_code":"11550","places":3,"units":1,"registered":"2026-07-28","catastro":"0284010QA3608C0004YX","holder":null,"holder_count":null}},{"type":"Feature","geometry":{"type":"Point","coordinates":[-6.44143,36.735831]},"properties":{"id":"VUT/CA/026954","type":"VUT","group":"Completa","address":"PASEO COSTA DE LA LUZ Nº 17 Plta/Piso BAJO Pta/Letra B, piso BAJO, puerta B","postal_code":"41550","places":6,"units":3,"registered":"2026-08-11","catastro":"8689410QA2688H0002WH","holder":"SUCAR INVESTMENT S.L.","holder_count":1}},{"type":"Feature","geometry":{"type":"Point","coordinates":[-6.438191,36.737279]},"properties":{"id":"VUT/CA/026971","type":"VUT","group":"Completa","address":"CALLE Ramón y Cajal Nº 31","postal_code":"11550","places":8,"units":4,"registered":"2026-08-14","catastro":"8989804QA2688h0001SG","holder":null,"holder_count":null}},{"type":"Feature","geometry":{"type":"Point","coordinates":[-6.430612,36.734725]},"properties":{"id":"VUT/CA/026986","type":"VUT","group":"Completa","address":"AVENIDA DE ROTA Nº 60 Portal 3 Plta/Piso 1 Pta/Letra C, piso 1, puerta C","postal_code":"11550","places":6,"units":4,"registered":"2026-08-21","catastro":"9587301QA2698H0068EX","holder":null,"holder_count":null}},{"type":"Feature","geometry":{"type":"Point","coordinates":[-6.434938,36.741408]},"properties":{"id":"VUT/CA/026996","type":"VUT","group":"Completa","address":"CALLE NUESTRO PADRE JESUS CAUTIVO Nº 22 Pta/Letra C, puerta C","postal_code":"11550","places":4,"units":2,"registered":"2026-08-26","catastro":"9194201QA2699C0019JY","holder":"MERLEBA SL","holder_count":1}},{"type":"Feature","geometry":{"type":"Point","coordinates":[-6.429919,36.738585]},"properties":{"id":"VUT/CA/027009","type":"VUT","group":"Completa","address":"CALLE virgen del valle Nº 12","postal_code":"11550","places":12,"units":6,"registered":"2026-08-31","catastro":"9691107QA2699B0001BT","holder":null,"holder_count":null}},{"type":"Feature","geometry":{"type":"Point","coordinates":[-6.439159,36.739108]},"properties":{"id":"VUT/CA/027026","type":"VUT","group":"Completa","address":"CALLE Alcalde Miguel Valdés Benítez Nº 6 Compl.Dom. Antigua Calle Córdoba, 6","postal_code":"11550","places":4,"units":2,"registered":"2026-09-07","catastro":"8792504QA2689D0001HL","holder":null,"holder_count":null}},{"type":"Feature","geometry":{"type":"Point","coordinates":[-6.4296,36.742267]},"properties":{"id":"VUT/CA/02878","type":"VUT","group":"Completa","address":"CALLE RIO EBRO Nº 1 Pta/Letra A Compl.Dom. ESQUINA AVD. ROCIO JURADO ,28, puerta A","postal_code":"11550","places":10,"units":3,"registered":"2017-05-31","catastro":"9696401QA2699F0023LA","holder":null,"holder_count":null}},{"type":"Feature","geometry":{"type":"Point","coordinates":[-6.432119,36.733593]},"properties":{"id":"VUT/CA/02933","type":"VUT","group":"Completa","address":"CALLE MADRID Blq. 61 Plta/Piso 3º Pta/Letra C, piso 3º, puerta C","postal_code":"11550","places":6,"units":3,"registered":"2017-06-06","catastro":"9486001QA2698E0015WE","holder":null,"holder_count":null}},{"type":"Feature","geometry":{"type":"Point","coordinates":[-6.44155,36.736891]},"properties":{"id":"VUT/CA/02974","type":"VUT","group":"Completa","address":"CALLE RAMON Y CAJAL Nº 80-84 Plta/Piso BAJA Pta/Letra D, piso BAJA, puerta D","postal_code":"11550","places":4,"units":1,"registered":"2017-06-09","catastro":"8690706QA2689B0036BR","holder":null,"holder_count":null}},{"type":"Feature","geometry":{"type":"Point","coordinates":[-6.436377,36.737447]},"properties":{"id":"VUT/CA/03008","type":"VUT","group":"Completa","address":"CALLE PADRE LERCHUNDI Nº 3 Portal 3 Esc. 1 Plta/Piso 3 Pta/Letra k, piso 3, puerta k","postal_code":"11550","places":6,"units":3,"registered":"2017-06-14","catastro":"9091731QA2699A0072QM","holder":null,"holder_count":null}},{"type":"Feature","geometry":{"type":"Point","coordinates":[-6.437873,36.740634]},"properties":{"id":"VUT/CA/03156","type":"VUT","group":"Completa","address":"PLAZA DEL MOLINO Nº 7","postal_code":"11550","places":14,"units":4,"registered":"2017-06-30","catastro":"8994506QA2689D0001TL","holder":null,"holder_count":null}},{"type":"Feature","geometry":{"type":"Point","coordinates":[-6.441189,36.736314]},"properties":{"id":"VUT/CA/03301","type":"VUT","group":"Completa","address":"CALLE JAZMIN Nº 24 Plta/Piso BAJA Pta/Letra C, piso BAJA, puerta C","postal_code":"11550","places":5,"units":2,"registered":"2017-07-13","catastro":"8689004QA2688H0003YJ","holder":null,"holder_count":null}},{"type":"Feature","geometry":{"type":"Point","coordinates":[-6.431608,36.74177]},"properties":{"id":"VUT/CA/03345","type":"VUT","group":"Completa","address":"CALLE JUANITA REINA Nº 6","postal_code":"11550","places":6,"units":2,"registered":"2017-07-20","catastro":"9595010QA2699F0001ZK","holder":null,"holder_count":null}},{"type":"Feature","geometry":{"type":"Point","coordinates":[-6.436034,36.721534]},"properties":{"id":"VUT/CA/03445","type":"VUT","group":"Completa","address":"CALLE MARIÑO Nº 30 Compl.Dom. URBANIZACIÓN LA LAGUNA","postal_code":"11550","places":6,"units":3,"registered":"2017-08-13","catastro":"9272123QA2697A0001II","holder":null,"holder_count":null}},{"type":"Feature","geometry":{"type":"Point","coordinates":[-6.438626,36.739462]},"properties":{"id":"VUT/CA/03533","type":"VUT","group":"Completa","address":"CALLE CONDE DE CASARES Nº 1 Plta/Piso 1 Pta/Letra 29, piso 1, puerta 29","postal_code":"11550","places":2,"units":1,"registered":"2017-08-29","catastro":"8892201QA2689B0029FM","holder":null,"holder_count":null}},{"type":"Feature","geometry":{"type":"Point","coordinates":[-6.435784,36.735664]},"properties":{"id":"VUT/CA/03604","type":"VUT","group":"Completa","address":"CALLE LOPE DE VEGA Nº 7 Plta/Piso 8, piso 8","postal_code":"11550","places":5,"units":2,"registered":"2017-09-08","catastro":"9189517QA2698G0008DJ","holder":null,"holder_count":null}},{"type":"Feature","geometry":{"type":"Point","coordinates":[-6.431651,36.742956]},"properties":{"id":"VUT/CA/03766","type":"VUT","group":"Completa","address":"CALLE MARIQUILLA LA CAÑEJA Nº 29 Blq. 01 Plta/Piso 1 Pta/Letra A Compl.Dom. EDIFICIO AV SANLUCAR, ESQUINA A LA CALLE OCEANO PACIFICO, piso 1, puerta A","postal_code":"11550","places":5,"units":2,"registered":"2017-09-25","catastro":"9496056QA2699E0029JI","holder":null,"holder_count":null}},{"type":"Feature","geometry":{"type":"Point","coordinates":[-6.433165,36.74159]},"properties":{"id":"VUT/CA/03768","type":"VUT","group":"Completa","address":"CALLE NUEVA Nº 14 Blq. 00 Plta/Piso E Pta/Letra 1 Compl.Dom. PLANTA BAJA DEL EDIFICIO RESIDENCIAL CALLE NUEVA, piso E, puerta 1","postal_code":"11550","places":3,"units":1,"registered":"2017-09-25","catastro":"9395707QA2699E0005MD","holder":null,"holder_count":null}},{"type":"Feature","geometry":{"type":"Point","coordinates":[-6.431651,36.742956]},"properties":{"id":"VUT/CA/03773","type":"VUT","group":"Completa","address":"CALLE MARIQUILLA LA CAÑEJA Nº 22 Plta/Piso BJ Pta/Letra A Compl.Dom. AV DE SANLUCAR, ESQUINA A LA CALLE OCEANO PACIFICO, piso BJ, puerta A","postal_code":"11550","places":5,"units":2,"registered":"2017-09-25","catastro":"9496056QA2699E0022PQ","holder":null,"holder_count":null}},{"type":"Feature","geometry":{"type":"Point","coordinates":[-6.434218,36.73062]},"properties":{"id":"VUT/CA/03913","type":"VUT","group":"Completa","address":"CALLE MOJARRA Nº 14","postal_code":"11550","places":7,"units":2,"registered":"2017-10-17","catastro":"9282215QA2698A0001WW","holder":null,"holder_count":null}},{"type":"Feature","geometry":{"type":"Point","coordinates":[-6.417545,36.695159]},"properties":{"id":"VUT/CA/03959","type":"VUT","group":"Completa","address":"CALLE BEETHOVEN Nº 4 Blq. 1 Portal 3 Plta/Piso 2 Pta/Letra C Compl.Dom. RESIDENCIAL MAR ABIERTO - COSTA BALLENA, piso 2, puerta C","postal_code":"11550","places":6,"units":3,"registered":"2017-10-19","catastro":"0744102QA3604D0128DU","holder":null,"holder_count":null}},{"type":"Feature","geometry":{"type":"Point","coordinates":[-6.428644,36.733587]},"properties":{"id":"VUT/CA/04083","type":"VUT","group":"Completa","address":"CALLE PALOMA Nº 24 Pta/Letra A, puerta A","postal_code":"11550","places":4,"units":2,"registered":"2017-11-09","catastro":"9787535QA2698H0001PL","holder":null,"holder_count":null}},{"type":"Feature","geometry":{"type":"Point","coordinates":[-6.437343,36.735623]},"properties":{"id":"VUT/CA/04094","type":"VUT","group":"Completa","address":"CALLE CLAVEL Nº 11 Plta/Piso 1 Pta/Letra DCHA, piso 1, puerta DCHA","postal_code":"11550","places":5,"units":3,"registered":"2017-11-10","catastro":"9088716QA2698G0004AD","holder":null,"holder_count":null}},{"type":"Feature","geometry":{"type":"Point","coordinates":[-6.440472,36.737401]},"properties":{"id":"VUT/CA/04110","type":"VUT","group":"Completa","address":"CALLE RAMON Y CAJAL Nº 54 Esc. B Plta/Piso 1 Pta/Letra 4 Compl.Dom. EDIFICIO LAS CANTERAS 15, piso 1, puerta 4","postal_code":"11550","places":6,"units":2,"registered":"2017-11-14","catastro":"8790134QA2689B0176YS","holder":null,"holder_count":null}},{"type":"Feature","geometry":{"type":"Point","coordinates":[-6.429753,36.737549]},"properties":{"id":"VUT/CA/04158","type":"VUT","group":"Completa","address":"CALLE 28 DE FEBRERO Nº 29 Plta/Piso 1 Pta/Letra F, piso 1, puerta F","postal_code":"11550","places":5,"units":2,"registered":"2017-11-20","catastro":"9891206QA2699B0006RP","holder":null,"holder_count":null}},{"type":"Feature","geometry":{"type":"Point","coordinates":[-6.429796,36.729355]},"properties":{"id":"VUT/CA/04205","type":"VUT","group":"Completa","address":"CALLE CARACAS Nº 52 Plta/Piso 1º Pta/Letra B, piso 1º, puerta B","postal_code":"11550","places":4,"units":2,"registered":"2017-11-30","catastro":"9682518QA2698B0016ZM","holder":null,"holder_count":null}},{"type":"Feature","geometry":{"type":"Point","coordinates":[-6.437092,36.729364]},"properties":{"id":"VUT/CA/04281","type":"VUT","group":"Completa","address":"CALLE PEZ ESPADA CON CHAPETON Nº 27 Plta/Piso 3 Pta/Letra B Compl.Dom. EDIFICIO PEZ ESPADA, piso 3, puerta B","postal_code":"11550","places":5,"units":2,"registered":"2018-01-08","catastro":"9081210QA2698A0014QS","holder":null,"holder_count":null}},{"type":"Feature","geometry":{"type":"Point","coordinates":[-6.439086,36.739169]},"properties":{"id":"VUT/CA/04395","type":"VUT","group":"Completa","address":"CALLE Cordoba Nº 4 Compl.Dom. Las Canteras","postal_code":"11550","places":8,"units":4,"registered":"2018-01-20","catastro":"8792503QA2689D0001UL","holder":null,"holder_count":null}},{"type":"Feature","geometry":{"type":"Point","coordinates":[-6.432712,36.717998]},"properties":{"id":"VUT/CA/04415","type":"VUT","group":"Completa","address":"CALLE Camaleón Nº 19 Blq. 5 Plta/Piso 3 Pta/Letra A, piso 3, puerta A","postal_code":"11550","places":4,"units":2,"registered":"2018-01-24","catastro":"9469101QA2696G0073FR","holder":null,"holder_count":null}},{"type":"Feature","geometry":{"type":"Point","coordinates":[-6.435056,36.727179]},"properties":{"id":"VUT/CA/04459","type":"VUT","group":"Completa","address":"CALLE ALFAJOA Nº 7","postal_code":"11550","places":6,"units":3,"registered":"2018-01-31","catastro":"9279007QA2697G0001KH","holder":null,"holder_count":null}},{"type":"Feature","geometry":{"type":"Point","coordinates":[-6.440943,36.735903]},"properties":{"id":"VUT/CA/04460","type":"VUT","group":"Completa","address":"CALLE DOCTOR GOMEZ ULLA Nº 42 Blq. 1 Plta/Piso 2 Pta/Letra D, piso 2, puerta D","postal_code":"11550","places":4,"units":2,"registered":"2018-01-31","catastro":"8689406QA2688H0006BB","holder":null,"holder_count":null}},{"type":"Feature","geometry":{"type":"Point","coordinates":[-6.433038,36.715698]},"properties":{"id":"VUT/CA/04503","type":"VUT","group":"Completa","address":"CALLE El corral la pavona Nº 11","postal_code":"11550","places":10,"units":5,"registered":"2018-02-09","catastro":"9367158QA2696E0001JR","holder":null,"holder_count":null}},{"type":"Feature","geometry":{"type":"Point","coordinates":[-6.435784,36.735664]},"properties":{"id":"VUT/CA/04544","type":"VUT","group":"Completa","address":"CALLE Lope de Vega Nº 7 Plta/Piso 17 Compl.Dom. Urbanizacion Las Moreras, piso 17","postal_code":"11550","places":4,"units":2,"registered":"2018-02-19","catastro":"9189517QA2698G0017LM","holder":null,"holder_count":null}},{"type":"Feature","geometry":{"type":"Point","coordinates":[-6.436635,36.737549]},"properties":{"id":"VUT/CA/04627","type":"VUT","group":"Completa","address":"CALLE Ramón y Cajal Nº 6","postal_code":"11550","places":6,"units":3,"registered":"2018-03-08","catastro":"9091776QA2699A0001KL","holder":null,"holder_count":null}},{"type":"Feature","geometry":{"type":"Point","coordinates":[-6.435829,36.740692]},"properties":{"id":"VUT/CA/04650","type":"VUT","group":"Completa","address":"CALLE FRAY BALDOMERO GONZÁLEZ Nº 7 Plta/Piso 1 Pta/Letra IZQ, piso 1, puerta IZQ","postal_code":"11550","places":4,"units":2,"registered":"2018-03-13","catastro":"9194703QA2699C0003LH","holder":null,"holder_count":null}},{"type":"Feature","geometry":{"type":"Point","coordinates":[-6.434595,36.739995]},"properties":{"id":"VUT/CA/04651","type":"VUT","group":"Completa","address":"CALLE CUATRO ESQUINAS Nº 20 Plta/Piso BAJA Pta/Letra 2, piso BAJA, puerta 2","postal_code":"11550","places":4,"units":2,"registered":"2018-03-13","catastro":"9293601QA2699C0002YG","holder":null,"holder_count":null}},{"type":"Feature","geometry":{"type":"Point","coordinates":[-6.436498,36.725164]},"properties":{"id":"VUT/CA/04685","type":"VUT","group":"Por habitaciones","address":"AVENIDA HUELVA Nº 132","postal_code":"11550","places":3,"units":1,"registered":"2018-03-16","catastro":"9076506QA2697E0001UZ","holder":null,"holder_count":null}},{"type":"Feature","geometry":{"type":"Point","coordinates":[-6.434039,36.738886]},"properties":{"id":"VUT/CA/04688","type":"VUT","group":"Completa","address":"CALLE FEDERICO OLIVER Nº 17","postal_code":"11550","places":6,"units":3,"registered":"2018-03-19","catastro":"9292448QA2699C0036AJ","holder":null,"holder_count":null}},{"type":"Feature","geometry":{"type":"Point","coordinates":[-6.435911,36.738418]},"properties":{"id":"VUT/CA/04874","type":"VUT","group":"Completa","address":"CALLE CALLE DEL CASTILLO Nº 45","postal_code":"11550","places":4,"units":2,"registered":"2018-04-19","catastro":"9191035QA2699A0001BL","holder":null,"holder_count":null}},{"type":"Feature","geometry":{"type":"Point","coordinates":[-6.439206,36.732032]},"properties":{"id":"VUT/CA/05311","type":"VUT","group":"Completa","address":"PASEO COSTA DE LA LUZ Nº 65 Portal 3 Plta/Piso 1 Pta/Letra B1, piso 1, puerta B1","postal_code":"11550","places":4,"units":2,"registered":"2018-06-10","catastro":"8885506QA2688F0090XD","holder":null,"holder_count":null}},{"type":"Feature","geometry":{"type":"Point","coordinates":[-6.434641,36.724925]},"properties":{"id":"VUT/CA/05342","type":"VUT","group":"Completa","address":"AVENIDA La Laguna Nº 7 Plta/Piso 1 Pta/Letra E Compl.Dom. Edificio Altamar Laguna, piso 1, puerta E","postal_code":"11550","places":6,"units":3,"registered":"2018-06-13","catastro":"9176105qa2697e0005qw","holder":null,"holder_count":null}},{"type":"Feature","geometry":{"type":"Point","coordinates":[-6.434099,36.732548]},"properties":{"id":"VUT/CA/05428","type":"VUT","group":"Completa","address":"CALLE Campanilla Nº 24 Plta/Piso Baja Pta/Letra B, piso Baja, puerta B","postal_code":"11550","places":4,"units":2,"registered":"2018-06-26","catastro":"9385604QA2698E0002MH","holder":null,"holder_count":null}},{"type":"Feature","geometry":{"type":"Point","coordinates":[-6.429362,36.739119]},"properties":{"id":"VUT/CA/05448","type":"VUT","group":"Completa","address":"CALLE Virgen de los reyes Nº 14 Plta/Piso 1 Pta/Letra C, piso 1, puerta C","postal_code":"11550","places":6,"units":3,"registered":"2018-06-27","catastro":"9691408QA2699B0003BU","holder":null,"holder_count":null}},{"type":"Feature","geometry":{"type":"Point","coordinates":[-6.433956,36.737073]},"properties":{"id":"VUT/CA/05535","type":"VUT","group":"Completa","address":"CALLE FRNCISCO LARA Y ARAUJO Nº 31-33 Portal 2 Plta/Piso 1 Pta/Letra 9, piso 1, puerta 9","postal_code":"11550","places":5,"units":2,"registered":"2018-07-10","catastro":"9290310QA2699A0009JR","holder":null,"holder_count":null}},{"type":"Feature","geometry":{"type":"Point","coordinates":[-6.436831,36.738441]},"properties":{"id":"VUT/CA/05536","type":"VUT","group":"Completa","address":"CALLE MADRE TERESA DE CALCUTA Nº 2 Calif.Nº 27 Portal 1 Esc. 5 Plta/Piso 1 Pta/Letra E, piso 1, puerta E","postal_code":"11550","places":5,"units":2,"registered":"2018-07-10","catastro":"9091709QA2699A0005XM","holder":null,"holder_count":null}},{"type":"Feature","geometry":{"type":"Point","coordinates":[-6.433638,36.732713]},"properties":{"id":"VUT/CA/05587","type":"VUT","group":"Completa","address":"CALLE CRISANTEMO Nº 60 Plta/Piso 1 Pta/Letra D, piso 1, puerta D","postal_code":"11550","places":4,"units":2,"registered":"2018-07-17","catastro":"9385705QA2698E0001SG","holder":null,"holder_count":null}},{"type":"Feature","geometry":{"type":"Point","coordinates":[-6.437764,36.739564]},"properties":{"id":"VUT/CA/05592","type":"VUT","group":"Completa","address":"CALLE LARGA Nº 17B","postal_code":"11550","places":6,"units":3,"registered":"2018-07-17","catastro":"8993027QA2689D0001ML","holder":null,"holder_count":null}},{"type":"Feature","geometry":{"type":"Point","coordinates":[-6.438257,36.73871]},"properties":{"id":"VUT/CA/05640","type":"VUT","group":"Completa","address":"CALLE Ladislao Carrascosa Nº 1 Plta/Piso 4 Pta/Letra A, piso 4, puerta A","postal_code":"11550","places":6,"units":3,"registered":"2018-07-23","catastro":"8992009QA2689B0012PO","holder":null,"holder_count":null}},{"type":"Feature","geometry":{"type":"Point","coordinates":[-6.437711,36.730044]},"properties":{"id":"VUT/CA/05781","type":"VUT","group":"Completa","address":"CALLE NUESTRA SEÑORA DE REGLA Nº 7 Blq. 2 Plta/Piso 3 Pta/Letra F Compl.Dom. EDIFICIO HEXAGONO, piso 3, puerta F","postal_code":"11550","places":5,"units":2,"registered":"2018-08-15","catastro":"8981208QA2688B0089WW","holder":null,"holder_count":null}},{"type":"Feature","geometry":{"type":"Point","coordinates":[-6.430022,36.742663]},"properties":{"id":"VUT/CA/05798","type":"VUT","group":"Completa","address":"AVENIDA ROCIO JURADO Nº 23A","postal_code":"11550","places":8,"units":3,"registered":"2018-08-21","catastro":"9696734QA2699F0001QK","holder":null,"holder_count":null}},{"type":"Feature","geometry":{"type":"Point","coordinates":[-6.434142,36.717145]},"properties":{"id":"VUT/CA/05831","type":"VUT","group":"Completa","address":"AVENIDA GRECIA Nº 33 Portal 1 Plta/Piso 1 Pta/Letra A, piso 1, puerta A","postal_code":"11550","places":8,"units":3,"registered":"2018-08-28","catastro":"9367125QA2696E0001IR","holder":null,"holder_count":null}},{"type":"Feature","geometry":{"type":"Point","coordinates":[-6.433924,36.717185]},"properties":{"id":"VUT/CA/05832","type":"VUT","group":"Completa","address":"CALLE JARIFE Pta/Letra 8, puerta 8","postal_code":"11550","places":8,"units":3,"registered":"2018-08-28","catastro":"9367127QA2696E0001ER","holder":null,"holder_count":null}},{"type":"Feature","geometry":{"type":"Point","coordinates":[-6.433816,36.717206]},"properties":{"id":"VUT/CA/05833","type":"VUT","group":"Completa","address":"CALLE JARIFE Nº 10","postal_code":"11550","places":8,"units":3,"registered":"2018-08-28","catastro":"9367128QA2696E0001SR","holder":null,"holder_count":null}},{"type":"Feature","geometry":{"type":"Point","coordinates":[-6.437195,36.72323]},"properties":{"id":"VUT/CA/05904","type":"VUT","group":"Completa","address":"CALLE RETAMA Nº 21 Compl.Dom. Finca integrada en el plan parcial la Laguna, sector II y III","postal_code":"11550","places":7,"units":4,"registered":"2018-09-05","catastro":"9074159QA2697C0001QE","holder":null,"holder_count":null}},{"type":"Feature","geometry":{"type":"Point","coordinates":[-6.436609,36.730682]},"properties":{"id":"VUT/CA/05915","type":"VUT","group":"Completa","address":"CALLE URTA Nº 8 Portal 1 Plta/Piso 1 Pta/Letra A, piso 1, puerta A","postal_code":"11550","places":8,"units":4,"registered":"2018-09-06","catastro":"9083006QA2698C0011FR","holder":null,"holder_count":null}},{"type":"Feature","geometry":{"type":"Point","coordinates":[-6.436119,36.738849]},"properties":{"id":"VUT/CA/05950","type":"VUT","group":"Completa","address":"CALLE PADRE LERCHUNDI Nº 19 Plta/Piso 1 Pta/Letra A, piso 1, puerta A","postal_code":"11550","places":6,"units":2,"registered":"2018-09-12","catastro":"9192704QA2699A0001HL","holder":null,"holder_count":null}},{"type":"Feature","geometry":{"type":"Point","coordinates":[-6.428226,36.741039]},"properties":{"id":"VUT/CA/05957","type":"VUT","group":"Completa","address":"CALLE RIO GUADALETE Nº 6 Plta/Piso 1 Pta/Letra E, piso 1, puerta E","postal_code":"11550","places":4,"units":1,"registered":"2018-09-13","catastro":"9894810QA2699D0005TR","holder":null,"holder_count":null}},{"type":"Feature","geometry":{"type":"Point","coordinates":[-6.436205,36.730987]},"properties":{"id":"VUT/CA/05994","type":"VUT","group":"Completa","address":"CALLE URTA Nº 2 Esc. 1 Plta/Piso 03 Pta/Letra B Compl.Dom. EDIFICIO ARRECIFE, piso 03, puerta B","postal_code":"11550","places":6,"units":2,"registered":"2018-09-19","catastro":"9083003QA2698C0017HP","holder":null,"holder_count":null}},{"type":"Feature","geometry":{"type":"Point","coordinates":[-6.433313,36.74004]},"properties":{"id":"VUT/CA/06216","type":"VUT","group":"Completa","address":"CALLE NUESTRA SEÑORA DE LA O Nº 44 Esc. 1 Plta/Piso 01 Pta/Letra 20, piso 01, puerta 20","postal_code":"11550","places":4,"units":2,"registered":"2018-10-25","catastro":"9394420QA2699C0020OR","holder":null,"holder_count":null}},{"type":"Feature","geometry":{"type":"Point","coordinates":[-6.429753,36.737549]},"properties":{"id":"VUT/CA/06256","type":"VUT","group":"Completa","address":"AVENIDA 28 DE FEBRERO Nº 29 Plta/Piso BAJO Pta/Letra C Compl.Dom. Edificio Triana III, piso BAJO, puerta C","postal_code":"11550","places":4,"units":2,"registered":"2018-11-05","catastro":"9891206QA2699B0003QU","holder":null,"holder_count":null}},{"type":"Feature","geometry":{"type":"Point","coordinates":[-6.434994,36.72217]},"properties":{"id":"VUT/CA/06257","type":"VUT","group":"Completa","address":"AVENIDA DE LA LAGUNA Nº 19 Blq. 6 Plta/Piso 3 Pta/Letra C, piso 3, puerta C","postal_code":"11550","places":6,"units":2,"registered":"2018-11-05","catastro":"9273102QA2697C0099KT","holder":null,"holder_count":null}},{"type":"Feature","geometry":{"type":"Point","coordinates":[-6.441298,36.736058]},"properties":{"id":"VUT/CA/06348","type":"VUT","group":"Completa","address":"CALLE JAZMIN Nº 21 Esc. 1 Plta/Piso 03 Pta/Letra IZQ, piso 03, puerta IZQ","postal_code":"11550","places":4,"units":2,"registered":"2018-11-14","catastro":"8689414QA2688H0008ZX","holder":null,"holder_count":null}},{"type":"Feature","geometry":{"type":"Point","coordinates":[-6.439566,36.737493]},"properties":{"id":"VUT/CA/06365","type":"VUT","group":"Completa","address":"CALLE RAMON Y CAJAL Blq. 44 Plta/Piso 3 Pta/Letra 2, piso 3, puerta 2","postal_code":"11550","places":2,"units":1,"registered":"2018-11-19","catastro":"8790105QA2689B0020SF","holder":null,"holder_count":null}},{"type":"Feature","geometry":{"type":"Point","coordinates":[-6.432179,36.740715]},"properties":{"id":"VUT/CA/06492","type":"VUT","group":"Completa","address":"CALLE PADRE LERCHUNDI Nº 100 Pta/Letra 9 Compl.Dom. EDIFICIO PLURIFAMILIAR FASE I , DENOMINADO PREDISUR ,VIVIENDAS ENTRE MEDIANERAS, puerta 9","postal_code":"11550","places":6,"units":2,"registered":"2018-12-12","catastro":"9493150QA2699C0009UX","holder":null,"holder_count":null}},{"type":"Feature","geometry":{"type":"Point","coordinates":[-6.437711,36.730044]},"properties":{"id":"VUT/CA/06589","type":"VUT","group":"Completa","address":"PLAZA NUESTRA SEÑORA DE REGLA Nº 7 Portal 2 Plta/Piso 1º Pta/Letra E, piso 1º, puerta E","postal_code":"11550","places":7,"units":3,"registered":"2019-01-07","catastro":"8981208QA2688B0068PP","holder":"INVERSIONES MAGORA S.L.","holder_count":1}},{"type":"Feature","geometry":{"type":"Point","coordinates":[-6.434743,36.720887]},"properties":{"id":"VUT/CA/06873","type":"VUT","group":"Completa","address":"AVENIDA DE LA LAGUNA Nº 25 Blq. 2 Portal 10 Plta/Piso 3 Pta/Letra 3, piso 3, puerta 3","postal_code":"11550","places":6,"units":3,"registered":"2019-02-14","catastro":"9371103QA2697A0059RT","holder":null,"holder_count":null}},{"type":"Feature","geometry":{"type":"Point","coordinates":[-6.39672,36.761652]},"properties":{"id":"VUT/CA/06881","type":"VUT","group":"Completa","address":"CAMINO VALDECONEJOS Nº 401 Esc. B Plta/Piso 1 Pta/Letra 4, piso 1, puerta 4","postal_code":"11550","places":5,"units":2,"registered":"2019-02-15","catastro":"2020401QA3722A0022XL","holder":null,"holder_count":null}},{"type":"Feature","geometry":{"type":"Point","coordinates":[-6.437968,36.737842]},"properties":{"id":"VUT/CA/06938","type":"VUT","group":"Completa","address":"CALLE DIVINA PASTORA Nº 12 Portal 12 Plta/Piso 1 Pta/Letra H, piso 1, puerta H","postal_code":"11550","places":4,"units":2,"registered":"2019-02-25","catastro":"8991603QA2689B0018RG","holder":null,"holder_count":null}},{"type":"Feature","geometry":{"type":"Point","coordinates":[-6.435043,36.718616]},"properties":{"id":"VUT/CA/06949","type":"VUT","group":"Completa","address":"AVENIDA DE LA LAGUNA Nº 120","postal_code":"11550","places":8,"units":4,"registered":"2019-03-05","catastro":"9268136QA2696G0001QX","holder":null,"holder_count":null}},{"type":"Feature","geometry":{"type":"Point","coordinates":[-6.431359,36.742995]},"properties":{"id":"VUT/CA/07022","type":"VUT","group":"Completa","address":"CALLE PAQUITA RICO Nº 8 Plta/Piso 1 Pta/Letra C, piso 1, puerta C","postal_code":"11550","places":4,"units":2,"registered":"2019-03-18","catastro":"9597503QA2699H0005LJ","holder":null,"holder_count":null}},{"type":"Feature","geometry":{"type":"Point","coordinates":[-6.439975,36.735975]},"properties":{"id":"VUT/CA/07039","type":"VUT","group":"Completa","address":"CALLE DOCTOR GOMEZ ULLA Nº 34-39 Plta/Piso 1º Pta/Letra IZDA, piso 1º, puerta IZDA","postal_code":"11550","places":4,"units":2,"registered":"2019-03-21","catastro":"8788214QA2688H0004LK","holder":null,"holder_count":null}},{"type":"Feature","geometry":{"type":"Point","coordinates":[-6.43297,36.74247]},"properties":{"id":"VUT/CA/07086","type":"VUT","group":"Completa","address":"AVENIDA SANLUCAR DE BARRAMEDA Nº 32 Plta/Piso 01 Pta/Letra B, piso 01, puerta B","postal_code":"11550","places":6,"units":3,"registered":"2019-04-03","catastro":"9395258QA2699E0004RS","holder":null,"holder_count":null}},{"type":"Feature","geometry":{"type":"Point","coordinates":[-6.439486,36.733333]},"properties":{"id":"VUT/CA/07087","type":"VUT","group":"Completa","address":"AVENIDA JEREZ Nº 14 Blq. 21 Plta/Piso 1 Pta/Letra B, piso 1, puerta B","postal_code":"11550","places":6,"units":3,"registered":"2019-04-03","catastro":"8885513QA2688F0004XM","holder":null,"holder_count":null}},{"type":"Feature","geometry":{"type":"Point","coordinates":[-6.43408,36.719686]},"properties":{"id":"VUT/CA/07099","type":"VUT","group":"Completa","address":"CALLE CORRAL DE LA CUBA Nº 42 Blq. 4 Plta/Piso 2 Pta/Letra G, piso 2, puerta G","postal_code":"11550","places":6,"units":3,"registered":"2019-04-08","catastro":"9369109QA2696G0077YI","holder":null,"holder_count":null}},{"type":"Feature","geometry":{"type":"Point","coordinates":[-6.431408,36.742511]},"properties":{"id":"VUT/CA/07131","type":"VUT","group":"Completa","address":"CALLE MARIQUILLA LA CAÑEJA Nº 24","postal_code":"11550","places":10,"units":4,"registered":"2019-04-15","catastro":"9596736QA2699F0001RK","holder":null,"holder_count":null}},{"type":"Feature","geometry":{"type":"Point","coordinates":[-6.436083,36.741124]},"properties":{"id":"VUT/CA/07160","type":"VUT","group":"Completa","address":"CALLE Doctor Tolosa Nº 18 Esc. 1 Plta/Piso 1 Pta/Letra D, piso 1, puerta D","postal_code":"11550","places":4,"units":1,"registered":"2019-04-22","catastro":"9094206QA2699C0005DK","holder":null,"holder_count":null}},{"type":"Feature","geometry":{"type":"Point","coordinates":[-6.430896,36.742425]},"properties":{"id":"VUT/CA/07165","type":"VUT","group":"Completa","address":"CALLE GRACIA MONTES Nº 6 Portal 2 Plta/Piso 2 Pta/Letra C, piso 2, puerta C","postal_code":"11550","places":4,"units":1,"registered":"2019-04-22","catastro":"9596738QA2699F0014OT","holder":null,"holder_count":null}},{"type":"Feature","geometry":{"type":"Point","coordinates":[-6.431186,36.735227]},"properties":{"id":"VUT/CA/07281","type":"VUT","group":"Completa","address":"AVENIDA ROTA Nº 52","postal_code":"11550","places":4,"units":2,"registered":"2019-04-23","catastro":"9588004QA2698H0029LK","holder":null,"holder_count":null}},{"type":"Feature","geometry":{"type":"Point","coordinates":[-6.415397,36.698619]},"properties":{"id":"VUT/CA/07287","type":"VUT","group":"Completa","address":"CALLE MOZART Nº 2 Blq. 2 Esc. 2 Plta/Piso 2 Pta/Letra B, piso 2, puerta B","postal_code":"11550","places":4,"units":2,"registered":"2019-04-23","catastro":"1046103QA3604E0035PJ","holder":null,"holder_count":null}},{"type":"Feature","geometry":{"type":"Point","coordinates":[-6.431858,36.735514]},"properties":{"id":"VUT/CA/07310","type":"VUT","group":"Completa","address":"CALLE GERANIO Nº 9 Plta/Piso BAJO, piso BAJO","postal_code":"11550","places":7,"units":3,"registered":"2019-04-23","catastro":"9488206QA2698G0002OA","holder":null,"holder_count":null}},{"type":"Feature","geometry":{"type":"Point","coordinates":[-6.441744,36.738215]},"properties":{"id":"VUT/CA/07344","type":"VUT","group":"Completa","address":"CALLE DEL PERRO Nº 43","postal_code":"11550","places":6,"units":3,"registered":"2019-04-23","catastro":"8691719QA2689B0001BQ","holder":null,"holder_count":null}},{"type":"Feature","geometry":{"type":"Point","coordinates":[-6.439305,36.732546]},"properties":{"id":"VUT/CA/07392","type":"VUT","group":"Completa","address":"AVENIDA SEVILLA Nº 60 Esc. D Plta/Piso 04 Pta/Letra 1, piso 04, puerta 1","postal_code":"11550","places":6,"units":2,"registered":"2019-04-23","catastro":"8885504QA2688F0231GQ","holder":null,"holder_count":null}},{"type":"Feature","geometry":{"type":"Point","coordinates":[-6.434906,36.739224]},"properties":{"id":"VUT/CA/07400","type":"VUT","group":"Completa","address":"CALLE PADRE LERCHUNDI Nº 42 Portal 1 Plta/Piso 1 Pta/Letra B Compl.Dom. ED.LAS ROSAS, piso 1, puerta B","postal_code":"11550","places":5,"units":2,"registered":"2019-04-23","catastro":"9292442QA2699C0008UZ","holder":null,"holder_count":null}},{"type":"Feature","geometry":{"type":"Point","coordinates":[-6.416898,36.697692]},"properties":{"id":"VUT/CA/07408","type":"VUT","group":"Completa","address":"AVENIDA DE LA MUSICA Nº s/n Blq. 1 Plta/Piso 1 Pta/Letra 15, piso 1, puerta 15","postal_code":"11550","places":4,"units":2,"registered":"2019-04-23","catastro":"1046102QA3604E0016AR","holder":null,"holder_count":null}},{"type":"Feature","geometry":{"type":"Point","coordinates":[-6.439566,36.737493]},"properties":{"id":"VUT/CA/07479","type":"VUT","group":"Completa","address":"CALLE RAMON Y CAJAL Nº 44 Esc. 1 Plta/Piso 04 Pta/Letra 03, piso 04, puerta 03","postal_code":"11550","places":4,"units":2,"registered":"2019-04-24","catastro":"8790105QA2689B0028BX","holder":null,"holder_count":null}},{"type":"Feature","geometry":{"type":"Point","coordinates":[-6.408925,36.760423]},"properties":{"id":"VUT/CA/07487","type":"VUT","group":"Completa","address":"CARRETERA PISTA DE MONTIJO Nº 17","postal_code":"11550","places":15,"units":8,"registered":"2019-04-25","catastro":"1020401QA3712A0001JM","holder":null,"holder_count":null}},{"type":"Feature","geometry":{"type":"Point","coordinates":[-6.434488,36.720287]},"properties":{"id":"VUT/CA/07512","type":"VUT","group":"Completa","address":"AVENIDA DE LA LAGUNA Portal 19 Plta/Piso 2 Pta/Letra 3, piso 2, puerta 3","postal_code":"11550","places":6,"units":3,"registered":"2019-04-29","catastro":"9371104QA2697A0079RL","holder":null,"holder_count":null}},{"type":"Feature","geometry":{"type":"Point","coordinates":[-6.431716,36.739474]},"properties":{"id":"VUT/CA/07588","type":"VUT","group":"Completa","address":"CALLE DIPUTACION Nº 11/13 Plta/Piso 1 Pta/Letra B, piso 1, puerta B","postal_code":"11550","places":7,"units":2,"registered":"2019-05-08","catastro":"9493407QA2699C0004GJ","holder":null,"holder_count":null}},{"type":"Feature","geometry":{"type":"Point","coordinates":[-6.434488,36.720287]},"properties":{"id":"VUT/CA/07595","type":"VUT","group":"Completa","address":"AVENIDA DE LA LAGUNA Nº 29 Portal 16 Plta/Piso 1 Pta/Letra 3, piso 1, puerta 3","postal_code":"11550","places":6,"units":2,"registered":"2019-05-08","catastro":"9371104QA2697A0039XF","holder":null,"holder_count":null}},{"type":"Feature","geometry":{"type":"Point","coordinates":[-6.441623,36.738315]},"properties":{"id":"VUT/CA/07597","type":"VUT","group":"Completa","address":"CALLE EL PERRO Nº 19","postal_code":"11550","places":7,"units":3,"registered":"2019-05-08","catastro":"8691702QA2689B0001OQ","holder":"MELBRAU SLU","holder_count":1}},{"type":"Feature","geometry":{"type":"Point","coordinates":[-6.42725,36.729642]},"properties":{"id":"VUT/CA/07598","type":"VUT","group":"Completa","address":"CARRETERA DE ROTA Nº 45 Esc. 1 Plta/Piso 1 Pta/Letra E Compl.Dom. CON CALLE  PEDRO DE HEREDIA Y JUAN DE GARAY/ EDIFICIO RESIDENCIAL PASTORINO, piso 1, puerta E","postal_code":"11550","places":6,"units":2,"registered":"2019-05-08","catastro":"9982011QA2698B0045EB","holder":null,"holder_count":null}},{"type":"Feature","geometry":{"type":"Point","coordinates":[-6.437558,36.727999]},"properties":{"id":"VUT/CA/07600","type":"VUT","group":"Completa","address":"CALLE SARDINA Nº 3 Compl.Dom. TERCERA FASE DE APARTAMENTOS SAN ENRIQUE, VIVIENDA 3 DEL BLOQUE Y 47 DEL CONJUNTO","postal_code":"11550","places":8,"units":3,"registered":"2019-05-09","catastro":"9086030QA2698E0001LG","holder":null,"holder_count":null}},{"type":"Feature","geometry":{"type":"Point","coordinates":[-6.433022,36.739882]},"properties":{"id":"VUT/CA/07646","type":"VUT","group":"Completa","address":"CALLE TREBUJENA Nº 5","postal_code":"11550","places":8,"units":3,"registered":"2019-05-14","catastro":"9493124QA2699C0001UF","holder":null,"holder_count":null}},{"type":"Feature","geometry":{"type":"Point","coordinates":[-6.437917,36.730248]},"properties":{"id":"VUT/CA/07653","type":"VUT","group":"Completa","address":"nuestra señora de regla Nº 8 Plta/Piso 2, piso 2","postal_code":"11550","places":12,"units":4,"registered":"2019-05-14","catastro":"8981226QA2688B0001MU","holder":null,"holder_count":null}},{"type":"Feature","geometry":{"type":"Point","coordinates":[-6.424557,36.738261]},"properties":{"id":"VUT/CA/07674","type":"VUT","group":"Completa","address":"CALLE AVD DE LA ESTACION Nº 18 Plta/Piso 1 Pta/Letra S, piso 1, puerta S","postal_code":"11550","places":4,"units":2,"registered":"2019-05-16","catastro":"0191003QA3609A0001KK","holder":null,"holder_count":null}},{"type":"Feature","geometry":{"type":"Point","coordinates":[-6.438208,36.740197]},"properties":{"id":"VUT/CA/07737","type":"VUT","group":"Completa","address":"CALLE DOCTOR BARRAQUER Nº 1 Compl.Dom. URBANIZACION EL MOLINO III-IV DUPLEX 1","postal_code":"11550","places":6,"units":3,"registered":"2019-05-23","catastro":"8893005QA2689D0044PR","holder":null,"holder_count":null}},{"type":"Feature","geometry":{"type":"Point","coordinates":[-6.433043,36.71935]},"properties":{"id":"VUT/CA/07786","type":"VUT","group":"Completa","address":"CALLE CAMALEON Nº 7 Blq. 1 Plta/Piso 2 Pta/Letra C, piso 2, puerta C","postal_code":"11550","places":7,"units":2,"registered":"2019-05-28","catastro":"9469107QA2696G0008QY","holder":null,"holder_count":null}},{"type":"Feature","geometry":{"type":"Point","coordinates":[-6.438626,36.739462]},"properties":{"id":"VUT/CA/07804","type":"VUT","group":"Completa","address":"CALLE CONDE DE CASARE Nº 1 Esc. 1 Plta/Piso 00 Pta/Letra 08, piso 00, puerta 08","postal_code":"11550","places":2,"units":1,"registered":"2019-05-29","catastro":"8892201QA2689B0008XI","holder":null,"holder_count":null}},{"type":"Feature","geometry":{"type":"Point","coordinates":[-6.415397,36.698619]},"properties":{"id":"VUT/CA/07956","type":"VUT","group":"Completa","address":"CALLE Mozart Nº 2 Blq. 1 Portal II Plta/Piso 2 Pta/Letra A Compl.Dom. Jardines del Infante, piso 2, puerta A","postal_code":"11550","places":4,"units":2,"registered":"2019-06-11","catastro":"1046103QA3604E0016BR","holder":null,"holder_count":null}},{"type":"Feature","geometry":{"type":"Point","coordinates":[-6.436302,36.740356]},"properties":{"id":"VUT/CA/07976","type":"VUT","group":"Completa","address":"CALLE Isaac Peral Nº 20 Plta/Piso Atico Pta/Letra C Compl.Dom. Entrada situada en la Calle Agustina de Aragón, 2, piso Atico, puerta C","postal_code":"11550","places":6,"units":3,"registered":"2019-06-12","catastro":"9094506QA2699C0007RB","holder":null,"holder_count":null}},{"type":"Feature","geometry":{"type":"Point","coordinates":[-6.433786,36.731468]},"properties":{"id":"VUT/CA/08066","type":"VUT","group":"Completa","address":"CALLE FRESNO Nº 5 Plta/Piso BAJO Pta/Letra B, piso BAJO, puerta B","postal_code":"11550","places":4,"units":2,"registered":"2019-06-20","catastro":"9384605QA2698C0002RZ","holder":null,"holder_count":null}},{"type":"Feature","geometry":{"type":"Point","coordinates":[-6.438384,36.728599]},"properties":{"id":"VUT/CA/08148","type":"VUT","group":"Completa","address":"CALLE CRISTO DE LA SENTENCIA Nº 20","postal_code":"11550","places":6,"units":5,"registered":"2019-06-27","catastro":"8979050QA2687H0001JZ","holder":null,"holder_count":null}},{"type":"Feature","geometry":{"type":"Point","coordinates":[-6.428745,36.741889]},"properties":{"id":"VUT/CA/08187","type":"VUT","group":"Completa","address":"CALLE RIO EBRO Nº 11","postal_code":"11550","places":4,"units":2,"registered":"2019-07-02","catastro":"9796509QA2699F0001WK","holder":null,"holder_count":null}},{"type":"Feature","geometry":{"type":"Point","coordinates":[-6.431442,36.743271]},"properties":{"id":"VUT/CA/08280","type":"VUT","group":"Completa","address":"AVENIDA SANLUCAR DE BARRAMEDA Nº 54 Blq. 54 Plta/Piso 1 Pta/Letra C, piso 1, puerta C","postal_code":"11550","places":2,"units":1,"registered":"2019-07-09","catastro":"9597505QA2699H0005FJ","holder":"GESTION INTEGRAL DE PROPIEDADES LYRIOS HOMES, S.L.","holder_count":3}},{"type":"Feature","geometry":{"type":"Point","coordinates":[-6.438803,36.740335]},"properties":{"id":"VUT/CA/08283","type":"VUT","group":"Completa","address":"AVENIDA Tolosa Latour Nº 44 Calif.Nº b Blq. 7 Plta/Piso 3 Pta/Letra c, piso 3, puerta c","postal_code":"11550","places":8,"units":3,"registered":"2019-07-09","catastro":"8893014QA2689D0017MO","holder":null,"holder_count":null}},{"type":"Feature","geometry":{"type":"Point","coordinates":[-6.437711,36.730044]},"properties":{"id":"VUT/CA/08345","type":"VUT","group":"Completa","address":"PLAZA NUESTRA SEÑORA DE REGLA Nº 7 Portal 2 Plta/Piso 3 Pta/Letra A, piso 3, puerta A","postal_code":"11550","places":6,"units":2,"registered":"2019-07-19","catastro":"8981208QA2688B0084BB","holder":null,"holder_count":null}},{"type":"Feature","geometry":{"type":"Point","coordinates":[-6.434906,36.739224]},"properties":{"id":"VUT/CA/08368","type":"VUT","group":"Completa","address":"CALLE PADRE LERCHUNDI Nº 45 Plta/Piso 1º Pta/Letra L, piso 1º, puerta L","postal_code":"11550","places":4,"units":2,"registered":"2019-07-22","catastro":"9292442QA2699C0013OM","holder":"HERMANOS VÁZQUEZ ACEBEDO S.L.","holder_count":1}},{"type":"Feature","geometry":{"type":"Point","coordinates":[-6.424395,36.738085]},"properties":{"id":"VUT/CA/08425","type":"VUT","group":"Completa","address":"AVENIDA De la Estacion Nº 18 Plta/Piso 1 Pta/Letra R, piso 1, puerta R","postal_code":"11550","places":4,"units":2,"registered":"2019-07-29","catastro":"0191017QA3609A0047DY","holder":null,"holder_count":null}},{"type":"Feature","geometry":{"type":"Point","coordinates":[-6.417545,36.695159]},"properties":{"id":"VUT/CA/08459","type":"VUT","group":"Completa","address":"CALLE Beethoven Nº 4 Blq. 5 Portal 19 Plta/Piso 1º Pta/Letra A, piso 1º, puerta A","postal_code":"11550","places":4,"units":2,"registered":"2019-08-01","catastro":"0744102QA3604D0378IW","holder":"INMOPUNTA ALSOL, SL","holder_count":12}},{"type":"Feature","geometry":{"type":"Point","coordinates":[-6.440861,36.736211]},"properties":{"id":"VUT/CA/08507","type":"VUT","group":"Completa","address":"CALLE Jazmín Nº 13 Plta/Piso 3 Pta/Letra Derecha, piso 3, puerta Derecha","postal_code":"11550","places":5,"units":3,"registered":"2019-08-07","catastro":"8689418QA2688H0007PZ","holder":null,"holder_count":null}},{"type":"Feature","geometry":{"type":"Point","coordinates":[-6.432539,36.731425]},"properties":{"id":"VUT/CA/08532","type":"VUT","group":"Completa","address":"CALLE ALMENDRO Nº 15 Compl.Dom. ESQUINA CON CALLE ARBOLEDA Nº 15","postal_code":"11550","places":6,"units":3,"registered":"2019-08-08","catastro":"9484005QA2698C0001JB","holder":null,"holder_count":null}},{"type":"Feature","geometry":{"type":"Point","coordinates":[-6.434643,36.729732]},"properties":{"id":"VUT/CA/08549","type":"VUT","group":"Completa","address":"AVENIDA DE LOS CANGREJOS Nº 20 Plta/Piso BAJO Pta/Letra 1, piso BAJO, puerta 1","postal_code":"11550","places":4,"units":2,"registered":"2019-08-12","catastro":"9282510QA2698C0002HZ","holder":null,"holder_count":null}},{"type":"Feature","geometry":{"type":"Point","coordinates":[-6.437494,36.731324]},"properties":{"id":"VUT/CA/08678","type":"VUT","group":"Completa","address":"CALLE DE HUELVA, HOY PADRE ANGEL NEBREDA Nº 2 Esc. 1 Plta/Piso 02 Pta/Letra C, piso 02, puerta C","postal_code":"11550","places":5,"units":2,"registered":"2019-08-30","catastro":"9083001QA2698C0030TJ","holder":null,"holder_count":null}},{"type":"Feature","geometry":{"type":"Point","coordinates":[-6.415397,36.698619]},"properties":{"id":"VUT/CA/08696","type":"VUT","group":"Completa","address":"CALLE Mozart Nº 2 Blq. 4 Esc. 2 Plta/Piso Bajo Pta/Letra B, piso Bajo, puerta B","postal_code":"11550","places":6,"units":2,"registered":"2019-09-02","catastro":"1046103QA3604E0074FZ","holder":null,"holder_count":null}},{"type":"Feature","geometry":{"type":"Point","coordinates":[-6.416898,36.697692]},"properties":{"id":"VUT/CA/08783","type":"VUT","group":"Completa","address":"AVENIDA AV. DE LA MUSICA Nº 7 Esc. 6 Plta/Piso 1 Pta/Letra 15 Compl.Dom. RESIDENCIAL TRES PIEDRAS, piso 1, puerta 15","postal_code":"11550","places":4,"units":2,"registered":"2019-09-23","catastro":"1046102QA3604E0148FU","holder":"HYDRO TOURISMO S.XXI, S.L.","holder_count":1}},{"type":"Feature","geometry":{"type":"Point","coordinates":[-6.417545,36.695159]},"properties":{"id":"VUT/CA/08788","type":"VUT","group":"Completa","address":"CALLE BETHOVEN Nº 4 Blq. 11 Plta/Piso BAJO Pta/Letra F, piso BAJO, puerta F","postal_code":"11550","places":7,"units":2,"registered":"2019-09-24","catastro":"0744102QA3604D0253OE","holder":"STAYCARE, S.L.U.","holder_count":2}},{"type":"Feature","geometry":{"type":"Point","coordinates":[-6.435625,36.732516]},"properties":{"id":"VUT/CA/08817","type":"VUT","group":"Completa","address":"AVENIDA DE LA ESPERANZA Nº 3 Plta/Piso 1 Pta/Letra 8/C Compl.Dom. CONJUNTO URBANÍSTICO DENOMINADO VIRGEN DE REGLA, piso 1, puerta 8/C","postal_code":"11550","places":10,"units":4,"registered":"2019-10-01","catastro":"9285619QA2698E0008UX","holder":null,"holder_count":null}},{"type":"Feature","geometry":{"type":"Point","coordinates":[-6.437006,36.737843]},"properties":{"id":"VUT/CA/08917","type":"VUT","group":"Completa","address":"CALLE Sor Magdalena Nº 6 Plta/Piso 1 Pta/Letra A, piso 1, puerta A","postal_code":"11550","places":6,"units":2,"registered":"2019-10-22","catastro":"9091727QA2699A0003DZ","holder":null,"holder_count":null}},{"type":"Feature","geometry":{"type":"Point","coordinates":[-6.43112,36.740824]},"properties":{"id":"VUT/CA/08936","type":"VUT","group":"Completa","address":"AVENIDA GRANADA Nº 8 Pta/Letra A, puerta A","postal_code":"11550","places":4,"units":1,"registered":"2019-10-22","catastro":"9493105QA2699C0004IJ","holder":null,"holder_count":null}},{"type":"Feature","geometry":{"type":"Point","coordinates":[-6.433461,36.742247]},"properties":{"id":"VUT/CA/08966","type":"VUT","group":"Completa","address":"AVENIDA DE SANLUCAR Nº 24 Plta/Piso BAJO Pta/Letra E, piso BAJO, puerta E","postal_code":"11550","places":4,"units":2,"registered":"2019-10-23","catastro":"9395256QA2699E0001YO","holder":null,"holder_count":null}},{"type":"Feature","geometry":{"type":"Point","coordinates":[-6.427952,36.740394]},"properties":{"id":"VUT/CA/09019","type":"VUT","group":"Completa","address":"AVENIDA Granada Nº 30","postal_code":"11550","places":7,"units":3,"registered":"2019-10-28","catastro":"9893802QA2699D0003XW","holder":null,"holder_count":null}},{"type":"Feature","geometry":{"type":"Point","coordinates":[-6.433109,36.73777]},"properties":{"id":"VUT/CA/09286","type":"VUT","group":"Completa","address":"CALLE Gongora Nº 8 Plta/Piso 3 Pta/Letra c, piso 3, puerta c","postal_code":"11550","places":6,"units":3,"registered":"2019-11-26","catastro":"9391503QA2699A0010UW","holder":null,"holder_count":null}},{"type":"Feature","geometry":{"type":"Point","coordinates":[-6.432519,36.741373]},"properties":{"id":"VUT/CA/09319","type":"VUT","group":"Completa","address":"CALLE LARGA Nº 112","postal_code":"11550","places":10,"units":8,"registered":"2019-11-27","catastro":"9394223QA2699C0001GF","holder":null,"holder_count":null}},{"type":"Feature","geometry":{"type":"Point","coordinates":[-6.436049,36.720935]},"properties":{"id":"VUT/CA/09467","type":"VUT","group":"Completa","address":"CALLE CORRAL CHICO Nº 69","postal_code":"11550","places":10,"units":4,"registered":"2019-12-12","catastro":"9272111QA2697A0001LI","holder":null,"holder_count":null}},{"type":"Feature","geometry":{"type":"Point","coordinates":[-6.43009,36.736784]},"properties":{"id":"VUT/CA/09468","type":"VUT","group":"Por habitaciones","address":"AVENIDA Andalucía Nº 13","postal_code":"11550","places":2,"units":1,"registered":"2019-12-12","catastro":"9690009QA2699B0001YT","holder":null,"holder_count":null}},{"type":"Feature","geometry":{"type":"Point","coordinates":[-6.434572,36.719373]},"properties":{"id":"VUT/CA/09499","type":"VUT","group":"Completa","address":"AVENIDA La Laguna Nº 33 Plta/Piso 3 Pta/Letra F Compl.Dom. Avda. La Laguna, 33, 3ºF, piso 3, puerta F","postal_code":"11550","places":6,"units":2,"registered":"2019-12-16","catastro":"9369107QA2696G0018HD","holder":null,"holder_count":null}},{"type":"Feature","geometry":{"type":"Point","coordinates":[-6.434824,36.733387]},"properties":{"id":"VUT/CA/09538","type":"VUT","group":"Completa","address":"CALLE MIMO Nº 27 Pta/Letra C, puerta C","postal_code":"11550","places":6,"units":2,"registered":"2019-12-17","catastro":"9286512QA2698E0003OJ","holder":null,"holder_count":null}},{"type":"Feature","geometry":{"type":"Point","coordinates":[-6.433852,36.718245]},"properties":{"id":"VUT/CA/09713","type":"VUT","group":"Completa","address":"AVENIDA LA LAGUNA Nº 43 Portal 6 Plta/Piso 1 Pta/Letra A, piso 1, puerta A","postal_code":"11550","places":8,"units":3,"registered":"2020-01-22","catastro":"9369101QA2696G0077EI","holder":null,"holder_count":null}},{"type":"Feature","geometry":{"type":"Point","coordinates":[-6.439382,36.735413]},"properties":{"id":"VUT/CA/09724","type":"VUT","group":"Completa","address":"AVENIDA DE LA CRUZ ROJA Nº 39 Plta/Piso 3 Pta/Letra D, piso 3, puerta D","postal_code":"11550","places":7,"units":2,"registered":"2020-01-23","catastro":"8886610QA2688F0007UE","holder":null,"holder_count":null}},{"type":"Feature","geometry":{"type":"Point","coordinates":[-6.437896,36.734981]},"properties":{"id":"VUT/CA/09761","type":"VUT","group":"Por habitaciones","address":"AVENIDA de Cádiz Nº 56","postal_code":"11550","places":6,"units":3,"registered":"2020-01-27","catastro":"8988705QA2688H0001SG","holder":null,"holder_count":null}},{"type":"Feature","geometry":{"type":"Point","coordinates":[-6.431448,36.739742]},"properties":{"id":"VUT/CA/09776","type":"VUT","group":"Completa","address":"CALLE VIRGEN DE PALOMARES Nº 22 Plta/Piso 1 Pta/Letra B, piso 1, puerta B","postal_code":"11550","places":8,"units":3,"registered":"2020-01-28","catastro":"9493405QA2699C0015TW","holder":null,"holder_count":null}},{"type":"Feature","geometry":{"type":"Point","coordinates":[-6.428847,36.733212]},"properties":{"id":"VUT/CA/09782","type":"VUT","group":"Completa","address":"CALLE FAISAN Nº 28","postal_code":"11550","places":5,"units":2,"registered":"2020-01-28","catastro":"9787626QA2698F0002UW","holder":null,"holder_count":null}},{"type":"Feature","geometry":{"type":"Point","coordinates":[-6.427537,36.742089]},"properties":{"id":"VUT/CA/09948","type":"VUT","group":"Completa","address":"CALLE RIO EBRO Nº 31 Plta/Piso BAJO Pta/Letra A Compl.Dom. APARTAMENTOS TRIANA 2, piso BAJO, puerta A","postal_code":"11550","places":7,"units":3,"registered":"2020-02-13","catastro":"9896610QA2699F0001EK","holder":null,"holder_count":null}},{"type":"Feature","geometry":{"type":"Point","coordinates":[-6.43454,36.727758]},"properties":{"id":"VUT/CA/10027","type":"VUT","group":"Completa","address":"CALLE CHAPETÓN Nº 80","postal_code":"11550","places":6,"units":3,"registered":"2020-02-24","catastro":"9280613QA2698A0001DW","holder":null,"holder_count":null}},{"type":"Feature","geometry":{"type":"Point","coordinates":[-6.434376,36.729159]},"properties":{"id":"VUT/CA/10038","type":"VUT","group":"Completa","address":"CALLE PARGO Nº 11","postal_code":"11550","places":5,"units":2,"registered":"2020-02-26","catastro":"9281207QA2698A0001ZW","holder":null,"holder_count":null}},{"type":"Feature","geometry":{"type":"Point","coordinates":[-6.439305,36.732546]},"properties":{"id":"VUT/CA/10080","type":"VUT","group":"Completa","address":"AVENIDA DE SEVILLA Nº 62 Blq. D Plta/Piso 4 Pta/Letra 4 Compl.Dom. ED. DOÑA AMPARO, piso 4, puerta 4","postal_code":"11550","places":4,"units":1,"registered":"2020-03-02","catastro":"8885504QA2688F0234KR","holder":null,"holder_count":null}},{"type":"Feature","geometry":{"type":"Point","coordinates":[-6.437201,36.72213]},"properties":{"id":"VUT/CA/10101","type":"VUT","group":"Completa","address":"CALLE LENTISCO Nº 20 Compl.Dom. URBANIZACIÓN LA LAGUNA","postal_code":"11550","places":8,"units":4,"registered":"2020-03-03","catastro":"9072310QA2697C0001AE","holder":null,"holder_count":null}},{"type":"Feature","geometry":{"type":"Point","coordinates":[-6.430612,36.734725]},"properties":{"id":"VUT/CA/10150","type":"VUT","group":"Completa","address":"CARRETERA ROTA Nº 60 Blq. 1 Esc. 03 Plta/Piso C, piso C","postal_code":"11550","places":8,"units":4,"registered":"2020-03-06","catastro":"9587301QA2698H0047AU","holder":null,"holder_count":null}},{"type":"Feature","geometry":{"type":"Point","coordinates":[-6.438414,36.732954]},"properties":{"id":"VUT/CA/10168","type":"VUT","group":"Completa","address":"AVENIDA SEVILLA Nº 73 Portal i Plta/Piso 3 Pta/Letra DCHA, piso 3, puerta DCHA","postal_code":"11550","places":6,"units":3,"registered":"2020-03-10","catastro":"8985109QA2688F0020XP","holder":null,"holder_count":null}},{"type":"Feature","geometry":{"type":"Point","coordinates":[-6.439472,36.735519]},"properties":{"id":"VUT/CA/10183","type":"VUT","group":"Completa","address":"CALLE CLAVEL Nº 37 Esc. 1 Pta/Letra DR, puerta DR","postal_code":"11550","places":6,"units":2,"registered":"2020-03-10","catastro":"8886620QA2688F0007QE","holder":null,"holder_count":null}},{"type":"Feature","geometry":{"type":"Point","coordinates":[-6.416643,36.690835]},"properties":{"id":"VUT/CA/10191","type":"VUT","group":"Completa","address":"CALLE EL BOQUERON Nº 1 Portal 7 Plta/Piso BJO, piso BJO","postal_code":"11550","places":6,"units":2,"registered":"2020-03-11","catastro":"0738901QA3603N0240UB","holder":null,"holder_count":null}},{"type":"Feature","geometry":{"type":"Point","coordinates":[-6.437291,36.733568]},"properties":{"id":"VUT/CA/10227","type":"VUT","group":"Completa","address":"AVENIDA NUESTRA SEÑORA DE REGLA Nº 66 Plta/Piso 1 Pta/Letra A, piso 1, puerta A","postal_code":"11550","places":4,"units":2,"registered":"2020-03-27","catastro":"8985101QA2688F0001YB","holder":null,"holder_count":null}},{"type":"Feature","geometry":{"type":"Point","coordinates":[-6.437291,36.733568]},"properties":{"id":"VUT/CA/10228","type":"VUT","group":"Completa","address":"AVENIDA NUESTRA SEÑORA DE REGLA Nº 66 Plta/Piso 1 Pta/Letra C, piso 1, puerta C","postal_code":"11550","places":6,"units":3,"registered":"2020-03-27","catastro":"8985101QA2688F0001YB","holder":null,"holder_count":null}},{"type":"Feature","geometry":{"type":"Point","coordinates":[-6.437291,36.733568]},"properties":{"id":"VUT/CA/10255","type":"VUT","group":"Completa","address":"AVENIDA NUESTRA SEÑORA DE REGLA Nº 66 Plta/Piso 2 Pta/Letra A, piso 2, puerta A","postal_code":"11550","places":4,"units":2,"registered":"2020-03-31","catastro":"8985101QA2688F0001YB","holder":null,"holder_count":null}},{"type":"Feature","geometry":{"type":"Point","coordinates":[-6.437291,36.733568]},"properties":{"id":"VUT/CA/10256","type":"VUT","group":"Completa","address":"AVENIDA NUESTRA SEÑORA DE REGLA Nº 66 Plta/Piso 2 Pta/Letra B, piso 2, puerta B","postal_code":"11550","places":4,"units":2,"registered":"2020-03-31","catastro":"8985101QA2688F0001YB","holder":null,"holder_count":null}},{"type":"Feature","geometry":{"type":"Point","coordinates":[-6.428668,36.743023]},"properties":{"id":"VUT/CA/10279","type":"VUT","group":"Completa","address":"CALLE RIO GUADALETE 40 Plta/Piso 1 Pta/Letra J, piso 1, puerta J","postal_code":"11550","places":5,"units":2,"registered":"2020-04-02","catastro":"9796207QA2699F0011WW","holder":null,"holder_count":null}},{"type":"Feature","geometry":{"type":"Point","coordinates":[-6.425999,36.699548]},"properties":{"id":"VUT/CA/10283","type":"VUT","group":"Completa","address":"LUGAR DE LAS TRES PIEDRAS Nº 515","postal_code":"11550","places":6,"units":3,"registered":"2020-04-02","catastro":"0149516QA3604G0001HP","holder":null,"holder_count":null}},{"type":"Feature","geometry":{"type":"Point","coordinates":[-6.415397,36.698619]},"properties":{"id":"VUT/CA/10287","type":"VUT","group":"Completa","address":"CALLE MOZART Blq. 6 Portal 1 Plta/Piso 2 Pta/Letra B, piso 2, puerta B","postal_code":"11550","places":6,"units":3,"registered":"2020-04-03","catastro":"1046103QA3604E0117QI","holder":null,"holder_count":null}},{"type":"Feature","geometry":{"type":"Point","coordinates":[-6.439125,36.734277]},"properties":{"id":"VUT/CA/10351","type":"VUT","group":"Completa","address":"AVENIDA SEVILLA, EDIFICIO RETAMAR I-II Blq. 1 Portal 3 Plta/Piso 3 Pta/Letra C, piso 3, puerta C","postal_code":"11550","places":6,"units":3,"registered":"2020-04-30","catastro":"8787007QA2688F0015QI","holder":null,"holder_count":null}},{"type":"Feature","geometry":{"type":"Point","coordinates":[-6.434901,36.728435]},"properties":{"id":"VUT/CA/10448","type":"VUT","group":"Completa","address":"CALLE CORVINA Nº 46","postal_code":"11550","places":6,"units":3,"registered":"2020-06-04","catastro":"9280809QA2698A0001SW","holder":null,"holder_count":null}},{"type":"Feature","geometry":{"type":"Point","coordinates":[-6.430242,36.742811]},"properties":{"id":"VUT/CA/10467","type":"VUT","group":"Completa","address":"CALLE RICARDO NAVAL MELLADO Nº 16 Pta/Letra C, puerta C","postal_code":"11550","places":6,"units":6,"registered":"2020-06-08","catastro":"9696705QA2699F0001TK","holder":null,"holder_count":null}},{"type":"Feature","geometry":{"type":"Point","coordinates":[-6.416898,36.697692]},"properties":{"id":"VUT/CA/10476","type":"VUT","group":"Completa","address":"AVENIDA DE LA MUSICA Nº 6 Compl.Dom. URBANIZACION LAS TRES PIEDAS","postal_code":"11550","places":6,"units":3,"registered":"2020-06-09","catastro":"1046102QA3604E0151FU","holder":null,"holder_count":null}},{"type":"Feature","geometry":{"type":"Point","coordinates":[-6.435415,36.734982]},"properties":{"id":"VUT/CA/10609","type":"VUT","group":"Completa","address":"AVENIDA DEL EJERCITO Nº 16","postal_code":"11550","places":6,"units":3,"registered":"2020-06-26","catastro":"9287738QA2698E0001HG","holder":null,"holder_count":null}},{"type":"Feature","geometry":{"type":"Point","coordinates":[-6.416898,36.697692]},"properties":{"id":"VUT/CA/10660","type":"VUT","group":"Completa","address":"AVENIDA DE LA MUSICA Nº 7 Blq. 1 Portal 3","postal_code":"11550","places":4,"units":2,"registered":"2020-06-30","catastro":"1046102QA3604E0004WK","holder":null,"holder_count":null}},{"type":"Feature","geometry":{"type":"Point","coordinates":[-6.436404,36.730198]},"properties":{"id":"VUT/CA/10664","type":"VUT","group":"Completa","address":"CALLE PEZ ESPADA Nº 12A Plta/Piso 2 Pta/Letra B, piso 2, puerta B","postal_code":"11550","places":8,"units":3,"registered":"2020-07-01","catastro":"9082302QA2698C0006YW","holder":null,"holder_count":null}},{"type":"Feature","geometry":{"type":"Point","coordinates":[-6.441057,36.737629]},"properties":{"id":"VUT/CA/10941","type":"VUT","group":"Completa","address":"AVENIDA DE LA CRUZ ROJA Nº 1 Esc. 1 Plta/Piso 2 Pta/Letra C, piso 2, puerta C","postal_code":"11550","places":10,"units":3,"registered":"2020-09-10","catastro":"8790111QA2689B0011PI","holder":null,"holder_count":null}},{"type":"Feature","geometry":{"type":"Point","coordinates":[-6.439657,36.736093]},"properties":{"id":"VUT/CA/10981","type":"VUT","group":"Completa","address":"CALLE DOCTOR GOMEZ ULLA Nº 33 Esc. 1 Plta/Piso 3 Pta/Letra IZQ, piso 3, puerta IZQ","postal_code":"11550","places":6,"units":3,"registered":"2020-09-15","catastro":"8788217QA2688H0008RX","holder":null,"holder_count":null}},{"type":"Feature","geometry":{"type":"Point","coordinates":[-6.432753,36.73509]},"properties":{"id":"VUT/CA/11099","type":"VUT","group":"Completa","address":"CALLE NARDOS Nº 10 Plta/Piso 1, piso 1","postal_code":"11550","places":6,"units":3,"registered":"2020-10-22","catastro":"9388408QA2698G0002BA","holder":null,"holder_count":null}},{"type":"Feature","geometry":{"type":"Point","coordinates":[-6.432179,36.740715]},"properties":{"id":"VUT/CA/11257","type":"VUT","group":"Completa","address":"CALLE PADRE LERCHUNDI Nº 100 Pta/Letra 6 Compl.Dom. DEPARTAMENTO DEL EDIFICIO PLURIFAMILIAR  FASE 1 DENOMINADO PREDISUR XVIII, puerta 6","postal_code":"11550","places":6,"units":2,"registered":"2021-01-15","catastro":"9493150QA2699C0006RL","holder":null,"holder_count":null}},{"type":"Feature","geometry":{"type":"Point","coordinates":[-6.441563,36.73726]},"properties":{"id":"VUT/CA/11369","type":"VUT","group":"Completa","address":"PASEO COSTA DE LA LUZ Nº 3 Esc. 2 Plta/Piso 01 Pta/Letra A, piso 01, puerta A","postal_code":"11550","places":10,"units":3,"registered":"2021-02-22","catastro":"8690704QA2689B0021DG","holder":null,"holder_count":null}},{"type":"Feature","geometry":{"type":"Point","coordinates":[-6.428231,36.740035]},"properties":{"id":"VUT/CA/11464","type":"VUT","group":"Completa","address":"CALLE VIRGEN DEL PERPETUO SOCORRO Nº 5 Plta/Piso BAJO Pta/Letra B, piso BAJO, puerta B","postal_code":"11550","places":6,"units":3,"registered":"2021-03-15","catastro":"9893807QA2699D0002BQ","holder":null,"holder_count":null}},{"type":"Feature","geometry":{"type":"Point","coordinates":[-6.433348,36.734944]},"properties":{"id":"VUT/CA/11562","type":"VUT","group":"Completa","address":"CALLE Miguel de Cervantes Nº 59 Pta/Letra B, puerta B","postal_code":"11550","places":6,"units":3,"registered":"2021-04-01","catastro":"9388425QA2698G0001EP","holder":null,"holder_count":null}},{"type":"Feature","geometry":{"type":"Point","coordinates":[-6.433348,36.734944]},"properties":{"id":"VUT/CA/11567","type":"VUT","group":"Completa","address":"CALLE Miguel de Cervantes Nº 59 Pta/Letra A, puerta A","postal_code":"11550","places":6,"units":3,"registered":"2021-04-05","catastro":"9388425QA2698G0001EP","holder":null,"holder_count":null}},{"type":"Feature","geometry":{"type":"Point","coordinates":[-6.435613,36.740133]},"properties":{"id":"VUT/CA/11612","type":"VUT","group":"Completa","address":"CALLE LARGA Nº 54 Plta/Piso 1 Pta/Letra G, piso 1, puerta G","postal_code":"11550","places":4,"units":1,"registered":"2021-04-14","catastro":"9193024QA2699C0016HE","holder":null,"holder_count":null}},{"type":"Feature","geometry":{"type":"Point","coordinates":[-6.433487,36.73637]},"properties":{"id":"VUT/CA/11677","type":"VUT","group":"Completa","address":"CALLE MOSCATEL Nº 13","postal_code":"11550","places":6,"units":2,"registered":"2021-04-26","catastro":"9389812QA2698G0002RA","holder":null,"holder_count":null}},{"type":"Feature","geometry":{"type":"Point","coordinates":[-6.439418,36.732197]},"properties":{"id":"VUT/CA/11876","type":"VUT","group":"Completa","address":"PASEO COSTA DE LA LUZ Nº 63 Plta/Piso BAJO Pta/Letra E, piso BAJO, puerta E","postal_code":"11550","places":6,"units":2,"registered":"2021-05-25","catastro":"8885505QA2688F0005QQ","holder":null,"holder_count":null}},{"type":"Feature","geometry":{"type":"Point","coordinates":[-6.436377,36.737447]},"properties":{"id":"VUT/CA/11891","type":"VUT","group":"Completa","address":"CALLE PADRE LERCHUNDI Blq. 3 Esc. 1 Plta/Piso 3 Pta/Letra K, piso 3, puerta K","postal_code":"11550","places":6,"units":3,"registered":"2021-05-25","catastro":"9091731QA2699A0072QM","holder":null,"holder_count":null}},{"type":"Feature","geometry":{"type":"Point","coordinates":[-6.437291,36.733568]},"properties":{"id":"VUT/CA/11978","type":"VUT","group":"Completa","address":"AVENIDA NUESTRA SEÑORA DE REGLA Nº 66 Plta/Piso BAJO, piso BAJO","postal_code":"11550","places":4,"units":2,"registered":"2021-06-02","catastro":"8985101QA2688F0001YB","holder":"ALUNETIX, S.L.","holder_count":2}},{"type":"Feature","geometry":{"type":"Point","coordinates":[-6.437291,36.733568]},"properties":{"id":"VUT/CA/11979","type":"VUT","group":"Completa","address":"AVENIDA NUESTRA SEÑORA DE REGLA Nº 66 Plta/Piso 1 Pta/Letra B, piso 1, puerta B","postal_code":"11550","places":4,"units":2,"registered":"2021-06-02","catastro":"8985101QA2688F0001YB","holder":"ALUNETIX, S.L.","holder_count":2}},{"type":"Feature","geometry":{"type":"Point","coordinates":[-6.437291,36.733568]},"properties":{"id":"VUT/CA/11982","type":"VUT","group":"Completa","address":"AVENIDA NUESTRA SEÑORA DE REGLA Nº 66 Plta/Piso 2 Pta/Letra C, piso 2, puerta C","postal_code":"11550","places":4,"units":2,"registered":"2021-06-02","catastro":"8985101QA2688F0001YB","holder":null,"holder_count":null}},{"type":"Feature","geometry":{"type":"Point","coordinates":[-6.437291,36.733568]},"properties":{"id":"VUT/CA/12061","type":"VUT","group":"Completa","address":"AVENIDA NUESTRA SEÑORA DE REGLA Nº 66 Compl.Dom. BAJO SAN JOSE","postal_code":"11550","places":4,"units":2,"registered":"2021-06-08","catastro":"8985101QA2688F0001YB","holder":null,"holder_count":null}},{"type":"Feature","geometry":{"type":"Point","coordinates":[-6.433156,36.719606]},"properties":{"id":"VUT/CA/12135","type":"VUT","group":"Completa","address":"CALLE CAMALEON Nº 5 Portal 1 Esc. 2ºC","postal_code":"11550","places":5,"units":2,"registered":"2021-06-15","catastro":"9469108QA2696G0008PY","holder":null,"holder_count":null}},{"type":"Feature","geometry":{"type":"Point","coordinates":[-6.417545,36.695159]},"properties":{"id":"VUT/CA/12137","type":"VUT","group":"Completa","address":"CALLE Beethoven Nº 4 Portal 18 Plta/Piso 1 Pta/Letra A Compl.Dom. Urbanización Costa Ballena, piso 1, puerta A","postal_code":"11550","places":4,"units":2,"registered":"2021-06-15","catastro":"0744102QA3604D0383PR","holder":"GESTION INTEGRAL DE PROPIEDADES LYRIOS HOMES, S.L.","holder_count":3}},{"type":"Feature","geometry":{"type":"Point","coordinates":[-6.417113,36.700235]},"properties":{"id":"VUT/CA/12146","type":"VUT","group":"Completa","address":"CALLE Verdi Nº 1 Blq. 1 Portal 2 Plta/Piso 2 Pta/Letra C, piso 2, puerta C","postal_code":"11550","places":5,"units":2,"registered":"2021-06-16","catastro":"0749101QA3604H0076DR","holder":null,"holder_count":null}},{"type":"Feature","geometry":{"type":"Point","coordinates":[-6.434488,36.720287]},"properties":{"id":"VUT/CA/12177","type":"VUT","group":"Completa","address":"AVENIDA DE LA LAGUNA Nº 29 Portal 13 Plta/Piso 1º Pta/Letra 1, piso 1º, puerta 1","postal_code":"11550","places":6,"units":2,"registered":"2021-06-18","catastro":"9371104QA2697A0001HI","holder":null,"holder_count":null}},{"type":"Feature","geometry":{"type":"Point","coordinates":[-6.434637,36.742027]},"properties":{"id":"VUT/CA/12186","type":"VUT","group":"Completa","address":"CALLE CRUZ DEL MAR EDIFICIO CURRICAN Km 0 Calif.Nº 0 Blq. 0 Portal 0 Esc. 0 Plta/Piso 0 Pta/Letra 0, piso 0, puerta 0","postal_code":"11550","places":4,"units":2,"registered":"2021-06-21","catastro":"9295801QA2699e0018FM","holder":null,"holder_count":null}},{"type":"Feature","geometry":{"type":"Point","coordinates":[-6.428847,36.733212]},"properties":{"id":"VUT/CA/12214","type":"VUT","group":"Completa","address":"CALLE FAISAN Nº 28","postal_code":"11550","places":6,"units":3,"registered":"2021-06-23","catastro":"9787626QA2698F0002UW","holder":null,"holder_count":null}},{"type":"Feature","geometry":{"type":"Point","coordinates":[-6.418703,36.696642]},"properties":{"id":"VUT/CA/12239","type":"VUT","group":"Completa","address":"CALLE BETHOVEN Nº 2 Blq. 3 Esc. 5 Plta/Piso 1 Pta/Letra B Compl.Dom. ELEVEN VIEWS (COSTA BALLENA), piso 1, puerta B","postal_code":"11550","places":4,"units":2,"registered":"2021-06-25","catastro":"0744104QA3604D0293OI","holder":"INMOPUNTA ALSOL, SL","holder_count":12}},{"type":"Feature","geometry":{"type":"Point","coordinates":[-6.415397,36.698619]},"properties":{"id":"VUT/CA/12241","type":"VUT","group":"Completa","address":"CALLE Mozart Nº 2 Blq. 3 Esc. 2 Plta/Piso 2 Pta/Letra A Compl.Dom. Urbanizacion Jardines de los Infantes, piso 2, puerta A","postal_code":"11550","places":6,"units":3,"registered":"2021-06-26","catastro":"1046103QA3604E0058RA","holder":null,"holder_count":null}},{"type":"Feature","geometry":{"type":"Point","coordinates":[-6.412459,36.69853]},"properties":{"id":"VUT/CA/12268","type":"VUT","group":"Completa","address":"CALLE MOZART Nº 3 Blq. 2 Esc. 2 Plta/Piso B Pta/Letra F, piso B, puerta F","postal_code":"11550","places":4,"units":2,"registered":"2021-06-29","catastro":"1248104QA3614G1001OS","holder":null,"holder_count":null}},{"type":"Feature","geometry":{"type":"Point","coordinates":[-6.433539,36.734781]},"properties":{"id":"VUT/CA/12303","type":"VUT","group":"Completa","address":"CALLE MIGUEL DE CERVANTES Nº 54 Plta/Piso 2, piso 2","postal_code":"11550","places":6,"units":3,"registered":"2021-07-01","catastro":"9387808QA2698E0001UG","holder":null,"holder_count":null}},{"type":"Feature","geometry":{"type":"Point","coordinates":[-6.435185,36.728756]},"properties":{"id":"VUT/CA/12324","type":"VUT","group":"Completa","address":"CALLE Róbalo Nº 2","postal_code":"11550","places":6,"units":2,"registered":"2021-07-04","catastro":"9280801QA2698A0001OW","holder":null,"holder_count":null}},{"type":"Feature","geometry":{"type":"Point","coordinates":[-6.432857,36.718695]},"properties":{"id":"VUT/CA/12404","type":"VUT","group":"Completa","address":"CALLE CAMALEON Nº 11","postal_code":"11550","places":6,"units":3,"registered":"2021-07-13","catastro":"9469105QA2696G0002MM","holder":"FERVESCENCIA SL","holder_count":2}},{"type":"Feature","geometry":{"type":"Point","coordinates":[-6.435564,36.736519]},"properties":{"id":"VUT/CA/12408","type":"VUT","group":"Completa","address":"CALLE FRANCISCO LARA Y ARAUJO Nº 11","postal_code":"11550","places":6,"units":3,"registered":"2021-07-13","catastro":"9189109QA2698G0001FP","holder":"FERVESCENCIA SL","holder_count":2}},{"type":"Feature","geometry":{"type":"Point","coordinates":[-6.415397,36.698619]},"properties":{"id":"VUT/CA/12433","type":"VUT","group":"Completa","address":"CALLE MOZART Nº 2 Blq. 1 Portal 1 Plta/Piso 1 Pta/Letra B Compl.Dom. COSTA BALLENA, RESIDENCIAL JARDINES DEL INFANTE, piso 1, puerta B","postal_code":"11550","places":5,"units":2,"registered":"2021-07-16","catastro":"1046103QA3604E0006DB","holder":null,"holder_count":null}},{"type":"Feature","geometry":{"type":"Point","coordinates":[-6.418703,36.696642]},"properties":{"id":"VUT/CA/12452","type":"VUT","group":"Completa","address":"CALLE BEETHOVEN Nº 2 Portal 8 Plta/Piso 2 Pta/Letra A, piso 2, puerta A","postal_code":"11550","places":6,"units":3,"registered":"2021-07-20","catastro":"0744104QA3604D0327DS","holder":"PEG INVERSIONES Y PROYECTOS, S.L.","holder_count":1}},{"type":"Feature","geometry":{"type":"Point","coordinates":[-6.43493,36.74054]},"properties":{"id":"VUT/CA/12455","type":"VUT","group":"Por habitaciones","address":"CALLE LARGA Nº 65 Portal A","postal_code":"11550","places":6,"units":3,"registered":"2021-07-20","catastro":"9194504QA2699C0002LG","holder":null,"holder_count":null}},{"type":"Feature","geometry":{"type":"Point","coordinates":[-6.417545,36.695159]},"properties":{"id":"VUT/CA/12464","type":"VUT","group":"Completa","address":"CALLE BEETHOVEN Nº 4 Blq. V Portal 18 Plta/Piso BAJO Pta/Letra A, piso BAJO, puerta A","postal_code":"11550","places":4,"units":2,"registered":"2021-07-21","catastro":"0744102QA3604D0381IW","holder":null,"holder_count":null}},{"type":"Feature","geometry":{"type":"Point","coordinates":[-6.43297,36.74247]},"properties":{"id":"VUT/CA/12475","type":"VUT","group":"Completa","address":"AVENIDA SANLUCAR DE BARRAMEDA Nº 32 Plta/Piso 2 Pta/Letra A, piso 2, puerta A","postal_code":"11550","places":6,"units":3,"registered":"2021-07-23","catastro":"9395258QA2699E0005TD","holder":null,"holder_count":null}},{"type":"Feature","geometry":{"type":"Point","coordinates":[-6.433644,36.729319]},"properties":{"id":"VUT/CA/12523","type":"VUT","group":"Completa","address":"AVENIDA DE LOS CANGREJOS Nº 31 Plta/Piso 1, piso 1","postal_code":"11550","places":5,"units":2,"registered":"2021-07-29","catastro":"9382409QA2698C0002XZ","holder":null,"holder_count":null}},{"type":"Feature","geometry":{"type":"Point","coordinates":[-6.418703,36.696642]},"properties":{"id":"VUT/CA/12594","type":"VUT","group":"Completa","address":"CALLE BEETHOVEN Nº 2 Blq. 3 Esc. 5 Plta/Piso 1 Pta/Letra A, piso 1, puerta A","postal_code":"11550","places":6,"units":3,"registered":"2021-08-13","catastro":"0744104QA3604D0292IU","holder":"LA BANDA DE MONDADORI S.L.","holder_count":1}},{"type":"Feature","geometry":{"type":"Point","coordinates":[-6.434637,36.742027]},"properties":{"id":"VUT/CA/12612","type":"VUT","group":"Completa","address":"PASEO CRUZ DEL MAR Nº 38","postal_code":"11550","places":4,"units":2,"registered":"2021-08-18","catastro":"9295801QA2699E0005RD","holder":"ELICEGUI CONSULTORES SL","holder_count":2}},{"type":"Feature","geometry":{"type":"Point","coordinates":[-6.425795,36.730377]},"properties":{"id":"VUT/CA/12793","type":"VUT","group":"Completa","address":"CALLE Pedro de Mendoza Nº 15 Esc. 1 Plta/Piso 01 Pta/Letra 03, piso 01, puerta 03","postal_code":"11550","places":5,"units":2,"registered":"2021-09-23","catastro":"0083509QA3608C0004OX","holder":null,"holder_count":null}},{"type":"Feature","geometry":{"type":"Point","coordinates":[-6.417113,36.700235]},"properties":{"id":"VUT/CA/12832","type":"VUT","group":"Completa","address":"CALLE VERDI Nº 1 Blq. 3 Plta/Piso 2 Pta/Letra 13 Compl.Dom. PLAYA AZUL, piso 2, puerta 13","postal_code":"11550","places":5,"units":2,"registered":"2021-10-04","catastro":"0749101QA3604H0187QG","holder":null,"holder_count":null}},{"type":"Feature","geometry":{"type":"Point","coordinates":[-6.428835,36.741853]},"properties":{"id":"VUT/CA/12845","type":"VUT","group":"Completa","address":"CALLE RIO EBRO Nº 9","postal_code":"11550","places":8,"units":4,"registered":"2021-10-07","catastro":"9796510QA2699F0001UK","holder":null,"holder_count":null}},{"type":"Feature","geometry":{"type":"Point","coordinates":[-6.418703,36.696642]},"properties":{"id":"VUT/CA/12858","type":"VUT","group":"Completa","address":"CALLE BEETHOVEN Nº 2 Blq. 5 Esc. 10 Plta/Piso 2 Pta/Letra D, piso 2, puerta D","postal_code":"11550","places":6,"units":3,"registered":"2021-10-13","catastro":"0744104QA3604D0349YT","holder":"GESTION INTEGRAL DE PROPIEDADES LYRIOS HOMES, S.L.","holder_count":3}},{"type":"Feature","geometry":{"type":"Point","coordinates":[-6.417113,36.700235]},"properties":{"id":"VUT/CA/12904","type":"VUT","group":"Completa","address":"CALLE VERDI Nº 1 Blq. 1 Portal 1 Plta/Piso BAJO Pta/Letra B, piso BAJO, puerta B","postal_code":"11550","places":5,"units":2,"registered":"2021-10-25","catastro":"0749101QA3604H0055ZS","holder":null,"holder_count":null}},{"type":"Feature","geometry":{"type":"Point","coordinates":[-6.433777,36.741081]},"properties":{"id":"VUT/CA/12991","type":"VUT","group":"Completa","address":"CALLE JESUS DE LA MISERICORDIA Nº 15 Plta/Piso ATICO Pta/Letra K-1, piso ATICO, puerta K-1","postal_code":"11550","places":4,"units":1,"registered":"2021-11-15","catastro":"9395740QA2699E0019HQ","holder":null,"holder_count":null}},{"type":"Feature","geometry":{"type":"Point","coordinates":[-6.417113,36.700235]},"properties":{"id":"VUT/CA/13127","type":"VUT","group":"Completa","address":"CALLE Verdi Nº 1 Blq. 1 Portal 1 Plta/Piso Bajo Pta/Letra A Compl.Dom. Urb. Playa Azul, piso Bajo, puerta A","postal_code":"11550","places":6,"units":3,"registered":"2021-12-11","catastro":"0749101QA3604H0054BA","holder":null,"holder_count":null}},{"type":"Feature","geometry":{"type":"Point","coordinates":[-6.417113,36.700235]},"properties":{"id":"VUT/CA/13215","type":"VUT","group":"Completa","address":"CALLE Verdi Nº 1 Blq. 1 Portal 1 Plta/Piso bajo C, piso bajo C","postal_code":"11550","places":5,"units":2,"registered":"2022-01-06","catastro":"0749101QA3604H0056XD","holder":null,"holder_count":null}},{"type":"Feature","geometry":{"type":"Point","coordinates":[-6.437296,36.729497]},"properties":{"id":"VUT/CA/13217","type":"VUT","group":"Completa","address":"CALLE ABUELA LOLE Nº 28 Plta/Piso 1 Pta/Letra A, piso 1, puerta A","postal_code":"11550","places":4,"units":2,"registered":"2022-01-07","catastro":"8981222QA2688B0001PU","holder":null,"holder_count":null}},{"type":"Feature","geometry":{"type":"Point","coordinates":[-6.441503,36.73593]},"properties":{"id":"VUT/CA/13319","type":"VUT","group":"Completa","address":"PASEO COSTA DE LA LUZ Nº 15 Pta/Letra H Compl.Dom. VILLA BALLENA, puerta H","postal_code":"11550","places":5,"units":2,"registered":"2022-01-25","catastro":"8689411QA2688H0001PG","holder":null,"holder_count":null}},{"type":"Feature","geometry":{"type":"Point","coordinates":[-6.441503,36.73593]},"properties":{"id":"VUT/CA/13320","type":"VUT","group":"Completa","address":"PASEO PASEO COSTA DE LA LUZ Nº 15 Pta/Letra C Compl.Dom. VILLA BALLENA, puerta C","postal_code":"11550","places":3,"units":1,"registered":"2022-01-25","catastro":"8689411QA2688H0001PG","holder":null,"holder_count":null}},{"type":"Feature","geometry":{"type":"Point","coordinates":[-6.441503,36.73593]},"properties":{"id":"VUT/CA/13325","type":"VUT","group":"Completa","address":"PASEO COSTA DE LA LUZ Nº 15 Pta/Letra A Compl.Dom. VILLA BALLENA, puerta A","postal_code":"11550","places":6,"units":2,"registered":"2022-01-26","catastro":"8689411QA2688H0001PG","holder":null,"holder_count":null}},{"type":"Feature","geometry":{"type":"Point","coordinates":[-6.441503,36.73593]},"properties":{"id":"VUT/CA/13326","type":"VUT","group":"Completa","address":"PASEO COSTA DE LA LUZ Nº 15 Pta/Letra F Compl.Dom. VILLA BALLENA, puerta F","postal_code":"11550","places":6,"units":2,"registered":"2022-01-26","catastro":"8689411QA2688H0001PG","holder":null,"holder_count":null}},{"type":"Feature","geometry":{"type":"Point","coordinates":[-6.441503,36.73593]},"properties":{"id":"VUT/CA/13327","type":"VUT","group":"Completa","address":"PASEO COSTA DE LA LUZ Nº 15 Pta/Letra B Compl.Dom. VILLA BALLENA, puerta B","postal_code":"11550","places":4,"units":1,"registered":"2022-01-26","catastro":"8689411QA2688H0001PG","holder":null,"holder_count":null}},{"type":"Feature","geometry":{"type":"Point","coordinates":[-6.441503,36.73593]},"properties":{"id":"VUT/CA/13328","type":"VUT","group":"Completa","address":"PASEO COSTA DE LA LUZ Nº 15 Pta/Letra G Compl.Dom. VILLA BALLENA, puerta G","postal_code":"11550","places":6,"units":2,"registered":"2022-01-26","catastro":"8689411QA2688H0001PG","holder":null,"holder_count":null}},{"type":"Feature","geometry":{"type":"Point","coordinates":[-6.441503,36.73593]},"properties":{"id":"VUT/CA/13330","type":"VUT","group":"Completa","address":"PASEO COSTA DE LA LUZ Nº 15 Pta/Letra D Compl.Dom. VILLA BALLENA, puerta D","postal_code":"11550","places":4,"units":1,"registered":"2022-01-26","catastro":"8689411QA2688H0001PG","holder":null,"holder_count":null}},{"type":"Feature","geometry":{"type":"Point","coordinates":[-6.441503,36.73593]},"properties":{"id":"VUT/CA/13331","type":"VUT","group":"Completa","address":"PASEO COSTA DE LA LUZ Nº 15 Pta/Letra E Compl.Dom. VILLA BALLENA, puerta E","postal_code":"11550","places":6,"units":2,"registered":"2022-01-26","catastro":"8689411QA2688H0001PG","holder":null,"holder_count":null}},{"type":"Feature","geometry":{"type":"Point","coordinates":[-6.416898,36.697692]},"properties":{"id":"VUT/CA/13389","type":"VUT","group":"Completa","address":"AVENIDA DE LA MUSICA Nº 7 Blq. 1 Pta/Letra 21 Compl.Dom. URBANIZACIÓN LAS TRES PIEDRAS, puerta 21","postal_code":"11550","places":6,"units":3,"registered":"2022-02-04","catastro":"1046102QA3604E0022FU","holder":null,"holder_count":null}},{"type":"Feature","geometry":{"type":"Point","coordinates":[-6.436003,36.730505]},"properties":{"id":"VUT/CA/13412","type":"VUT","group":"Completa","address":"CALLE Fray Pedro Pino Cámara Nº 5 Plta/Piso 1º Pta/Letra F, piso 1º, puerta F","postal_code":"11550","places":6,"units":2,"registered":"2022-02-08","catastro":"9183605QA2698C0006LW","holder":null,"holder_count":null}},{"type":"Feature","geometry":{"type":"Point","coordinates":[-6.418703,36.696642]},"properties":{"id":"VUT/CA/13434","type":"VUT","group":"Completa","address":"CALLE BETHOVEN Nº 2 Portal 12 Plta/Piso 1 Pta/Letra B Compl.Dom. COSTA BALLENA, piso 1, puerta B","postal_code":"11550","places":4,"units":2,"registered":"2022-02-11","catastro":"0744104QA3604D0363FD","holder":"SALTIA, S.L.U.","holder_count":1}},{"type":"Feature","geometry":{"type":"Point","coordinates":[-6.41698,36.691498]},"properties":{"id":"VUT/CA/13482","type":"VUT","group":"Completa","address":"CALLE PARGO Nº 1 Esc. 3 Plta/Piso BAJO Pta/Letra A Compl.Dom. VISTA AZUL, piso BAJO, puerta A","postal_code":"11550","places":6,"units":2,"registered":"2022-02-18","catastro":"0739601QA3604S0031AP","holder":null,"holder_count":null}},{"type":"Feature","geometry":{"type":"Point","coordinates":[-6.417113,36.700235]},"properties":{"id":"VUT/CA/13693","type":"VUT","group":"Completa","address":"CALLE VERDI Nº 1 Blq. 2 Portal 1 Plta/Piso 2 Pta/Letra B Compl.Dom. URBANIZACIÓN PLAYA AZUL, piso 2, puerta B","postal_code":"11550","places":4,"units":2,"registered":"2022-03-15","catastro":"0749101QA3604H0075SE","holder":null,"holder_count":null}},{"type":"Feature","geometry":{"type":"Point","coordinates":[-6.433852,36.718245]},"properties":{"id":"VUT/CA/13695","type":"VUT","group":"Completa","address":"AVENIDA de la Laguna Nº 42 Blq. 5 Portal 10 Plta/Piso 1 Pta/Letra D, piso 1, puerta D","postal_code":"11550","places":10,"units":3,"registered":"2022-03-15","catastro":"9369101QA2696G0144TP","holder":null,"holder_count":null}},{"type":"Feature","geometry":{"type":"Point","coordinates":[-6.433135,36.741134]},"properties":{"id":"VUT/CA/13709","type":"VUT","group":"Completa","address":"CALLE LARGA Nº 100 Plta/Piso 1º Pta/Letra C, piso 1º, puerta C","postal_code":"11550","places":4,"units":2,"registered":"2022-03-16","catastro":"9394217QA2699C0006HL","holder":null,"holder_count":null}},{"type":"Feature","geometry":{"type":"Point","coordinates":[-6.417113,36.700235]},"properties":{"id":"VUT/CA/13734","type":"VUT","group":"Completa","address":"CALLE VERDI Nº 1 Blq. 1 Portal 1 Plta/Piso 1 Pta/Letra D, piso 1, puerta D","postal_code":"11550","places":7,"units":3,"registered":"2022-03-20","catastro":"0749101QA3604H0061QG","holder":null,"holder_count":null}},{"type":"Feature","geometry":{"type":"Point","coordinates":[-6.435544,36.741578]},"properties":{"id":"VUT/CA/13763","type":"VUT","group":"Completa","address":"CALLE MANUEL BUENO CASTELLANO Nº 2 Plta/Piso 1 Pta/Letra 15, piso 1, puerta 15","postal_code":"11550","places":6,"units":3,"registered":"2022-03-23","catastro":"9295805QA2699E0015QB","holder":null,"holder_count":null}},{"type":"Feature","geometry":{"type":"Point","coordinates":[-6.417113,36.700235]},"properties":{"id":"VUT/CA/13866","type":"VUT","group":"Completa","address":"CALLE VERDI Nº 1 Blq. 1 Portal 2 Plta/Piso 2 Pta/Letra B Compl.Dom. URBANIZACIÓN PLAYA AZUL, piso 2, puerta B","postal_code":"11550","places":4,"units":2,"registered":"2022-04-04","catastro":"0749101QA3604H0075SE","holder":"INMOPUNTA ALSOL, SL","holder_count":12}},{"type":"Feature","geometry":{"type":"Point","coordinates":[-6.438498,36.735868]},"properties":{"id":"VUT/CA/13923","type":"VUT","group":"Completa","address":"AVENIDA SEVILLA (DE) Nº 41 Blq. 2 Plta/Piso 1º, piso 1º","postal_code":"11550","places":4,"units":2,"registered":"2022-04-11","catastro":"8989612QA2688H0011PX","holder":null,"holder_count":null}},{"type":"Feature","geometry":{"type":"Point","coordinates":[-6.418703,36.696642]},"properties":{"id":"VUT/CA/13934","type":"VUT","group":"Completa","address":"CALLE BEETHOVEN Nº 2 Blq. 4 Esc. 8 Plta/Piso 1 Pta/Letra D Compl.Dom. URBANIZACIÓN COSTA BALLENA, ELEVEN VIEWS, VIVIENDA 63, piso 1, puerta D","postal_code":"11550","places":1,"units":3,"registered":"2022-04-13","catastro":"0744104QA3604D0325AP","holder":null,"holder_count":null}},{"type":"Feature","geometry":{"type":"Point","coordinates":[-6.434637,36.742027]},"properties":{"id":"VUT/CA/13970","type":"VUT","group":"Completa","address":"PASEO CRUZ DEL MAR Nº 40 Compl.Dom. CASA 2","postal_code":"11550","places":7,"units":4,"registered":"2022-04-19","catastro":"9295801QA2699E0002QP","holder":null,"holder_count":null}},{"type":"Feature","geometry":{"type":"Point","coordinates":[-6.43606,36.735474]},"properties":{"id":"VUT/CA/13988","type":"VUT","group":"Completa","address":"CALLE CARLOS HAYA EDIFICIO CALATRAVA Nº 9 Plta/Piso 2 Pta/Letra F, piso 2, puerta F","postal_code":"11550","places":4,"units":2,"registered":"2022-04-21","catastro":"9189521qa2698g0008xj","holder":null,"holder_count":null}},{"type":"Feature","geometry":{"type":"Point","coordinates":[-6.434641,36.724925]},"properties":{"id":"VUT/CA/14006","type":"VUT","group":"Completa","address":"AVENIDA LA LAGUNA Nº 7 Compl.Dom. EDIFICIO ALTAMAR  PLAN PARCIAL LA LAGUNA SECTOR I Y III- N18 VIVIENDA TIPO B- PALNTA 3","postal_code":"11550","places":6,"units":3,"registered":"2022-04-22","catastro":"9176105QA2697E0014UI","holder":null,"holder_count":null}},{"type":"Feature","geometry":{"type":"Point","coordinates":[-6.441073,36.736133]},"properties":{"id":"VUT/CA/14015","type":"VUT","group":"Completa","address":"CALLE JAZMIN Nº 17 Plta/Piso 2 Pta/Letra DERECHA, piso 2, puerta DERECHA","postal_code":"11550","places":5,"units":3,"registered":"2022-04-23","catastro":"8689416QA2688H0005DL","holder":null,"holder_count":null}},{"type":"Feature","geometry":{"type":"Point","coordinates":[-6.415397,36.698619]},"properties":{"id":"VUT/CA/14053","type":"VUT","group":"Completa","address":"CALLE Mozart Nº 2 Blq. 2 Esc. 2 Plta/Piso 00 Pta/Letra 2A Compl.Dom. Urbanización Jardines del infante (Costa Ballena), piso 00, puerta 2A","postal_code":"11550","places":5,"units":2,"registered":"2022-04-26","catastro":"1046103QA3604E0026RA","holder":null,"holder_count":null}},{"type":"Feature","geometry":{"type":"Point","coordinates":[-6.435057,36.738204]},"properties":{"id":"VUT/CA/14108","type":"VUT","group":"Completa","address":"CALLE Isaac Peral Nº 56 Blq. A Plta/Piso Bajo Pta/Letra B, piso Bajo, puerta B","postal_code":"11550","places":4,"units":2,"registered":"2022-05-03","catastro":"9292433QA2699C0006BL","holder":null,"holder_count":null}},{"type":"Feature","geometry":{"type":"Point","coordinates":[-6.435875,36.741225]},"properties":{"id":"VUT/CA/14133","type":"VUT","group":"Completa","address":"CALLE Doctor Tolosa Latour Nº 14","postal_code":"11550","places":7,"units":3,"registered":"2022-05-05","catastro":"9094204QA2699C0001FF","holder":null,"holder_count":null}},{"type":"Feature","geometry":{"type":"Point","coordinates":[-6.438626,36.739462]},"properties":{"id":"VUT/CA/14165","type":"VUT","group":"Completa","address":"CALLE CONDE DE CASARES Nº 1 Esc. 1 Plta/Piso 00 Pta/Letra 16, piso 00, puerta 16","postal_code":"11550","places":6,"units":2,"registered":"2022-05-08","catastro":"8892201QA2689B0016RD","holder":null,"holder_count":null}},{"type":"Feature","geometry":{"type":"Point","coordinates":[-6.438626,36.739462]},"properties":{"id":"VUT/CA/14376","type":"VUT","group":"Completa","address":"CALLE CONDE DE CASARES Nº 1 Pta/Letra 18 Compl.Dom. RESIDENCIAL LAS CANTERAS, puerta 18","postal_code":"11550","places":3,"units":1,"registered":"2022-05-25","catastro":"8892201QA2689B0018YG","holder":null,"holder_count":null}},{"type":"Feature","geometry":{"type":"Point","coordinates":[-6.438173,36.731917]},"properties":{"id":"VUT/CA/14379","type":"VUT","group":"Completa","address":"CALLE SANTUARIO Nº 6","postal_code":"11550","places":8,"units":4,"registered":"2022-05-25","catastro":"8984810QA2688D0001FW","holder":null,"holder_count":null}},{"type":"Feature","geometry":{"type":"Point","coordinates":[-6.431442,36.743271]},"properties":{"id":"VUT/CA/14428","type":"VUT","group":"Completa","address":"CALLE SANLUCAR DE BARRAMEDA Nº 54 Plta/Piso BAJO Pta/Letra D Compl.Dom. BAJO DERECHA, piso BAJO, puerta D","postal_code":"11550","places":5,"units":2,"registered":"2022-05-30","catastro":"9597505QA2699H0001PD","holder":null,"holder_count":null}},{"type":"Feature","geometry":{"type":"Point","coordinates":[-6.43912,36.733958]},"properties":{"id":"VUT/CA/14472","type":"VUT","group":"Completa","address":"AVENIDA SEVILLA Nº 50","postal_code":"11550","places":12,"units":5,"registered":"2022-06-01","catastro":"8787011QA2688F0001XB","holder":"GARCIA & GUAJARDO-F GESTION Y DESARROLLO S.L.","holder_count":1}},{"type":"Feature","geometry":{"type":"Point","coordinates":[-6.441324,36.736672]},"properties":{"id":"VUT/CA/14524","type":"VUT","group":"Completa","address":"CALLE RAMON Y CAJAL Nº 69 Esc. 1 Plta/Piso 0 Pta/Letra C Compl.Dom. CALLE RAMON Y CAJAL, N 69, ESC 1, PLANTA 0 PUERTA C, piso 0, puerta C","postal_code":"11550","places":6,"units":2,"registered":"2022-06-04","catastro":"8689008QA2688H0003LJ","holder":null,"holder_count":null}},{"type":"Feature","geometry":{"type":"Point","coordinates":[-6.412459,36.69853]},"properties":{"id":"VUT/CA/14604","type":"VUT","group":"Completa","address":"CALLE MOZART Nº 3 Blq. 1 Esc. 2 Plta/Piso 2 Pta/Letra B Compl.Dom. URBANIZACIÓN JARDINES DEL LAGO, piso 2, puerta B","postal_code":"11550","places":4,"units":2,"registered":"2022-06-09","catastro":"1248104QA3614G0040GK","holder":null,"holder_count":null}},{"type":"Feature","geometry":{"type":"Point","coordinates":[-6.435152,36.736024]},"properties":{"id":"VUT/CA/14614","type":"VUT","group":"Completa","address":"CALLE JOAQUIN JURADO Nº 22 Portal 4 Plta/Piso 0 Pta/Letra C Compl.Dom. APARTAMENTO 4 - C BAJO, piso 0, puerta C","postal_code":"11550","places":6,"units":2,"registered":"2022-06-09","catastro":"9189505QA2698G0013EL","holder":null,"holder_count":null}},{"type":"Feature","geometry":{"type":"Point","coordinates":[-6.435819,36.741594]},"properties":{"id":"VUT/CA/14673","type":"VUT","group":"Completa","address":"CALLE MANUEL BUENO CASTELLANO Nº 1 Esc. 1 Plta/Piso 1 Pta/Letra 9, piso 1, puerta 9","postal_code":"11550","places":4,"units":2,"registered":"2022-06-14","catastro":"9094201QA2699C0019WY","holder":null,"holder_count":null}},{"type":"Feature","geometry":{"type":"Point","coordinates":[-6.435781,36.724647]},"properties":{"id":"VUT/CA/14696","type":"VUT","group":"Completa","address":"CALLE ALGAIDA Nº 4 Plta/Piso BAJO Pta/Letra 3, piso BAJO, puerta 3","postal_code":"11550","places":2,"units":1,"registered":"2022-06-15","catastro":"9075401QA2697E0023GF","holder":null,"holder_count":null}},{"type":"Feature","geometry":{"type":"Point","coordinates":[-6.427714,36.743146]},"properties":{"id":"VUT/CA/14740","type":"VUT","group":"Completa","address":"CALLE Río Tinto esquina Río Odiel Nº 45","postal_code":"11550","places":6,"units":3,"registered":"2022-06-19","catastro":"9896801QA2699F0012AE","holder":null,"holder_count":null}},{"type":"Feature","geometry":{"type":"Point","coordinates":[-6.433989,36.731994]},"properties":{"id":"VUT/CA/14853","type":"VUT","group":"Completa","address":"CALLE ABETO Nº 34 Plta/Piso 1º, piso 1º","postal_code":"11550","places":6,"units":2,"registered":"2022-06-27","catastro":"9385416QA2698E0002RH","holder":null,"holder_count":null}},{"type":"Feature","geometry":{"type":"Point","coordinates":[-6.417113,36.700235]},"properties":{"id":"VUT/CA/14887","type":"VUT","group":"Completa","address":"CALLE VERDI Nº 1 Blq. 2 Portal 2 Plta/Piso 2 Pta/Letra A, piso 2, puerta A","postal_code":"11550","places":6,"units":3,"registered":"2022-06-28","catastro":"0749101QA3604H0145JI","holder":"LIGNA DIET PHARMA SL","holder_count":2}},{"type":"Feature","geometry":{"type":"Point","coordinates":[-6.417113,36.700235]},"properties":{"id":"VUT/CA/14888","type":"VUT","group":"Completa","address":"CALLE VERDI Nº 1 Blq. 2 Portal 2 Plta/Piso 2 Pta/Letra D, piso 2, puerta D","postal_code":"11550","places":6,"units":3,"registered":"2022-06-28","catastro":"0749101QA3604H0148BA","holder":"LIGNA DIET PHARMA SL","holder_count":2}},{"type":"Feature","geometry":{"type":"Point","coordinates":[-6.416898,36.697692]},"properties":{"id":"VUT/CA/14913","type":"VUT","group":"Completa","address":"AVENIDA De la Musica Nº 7 Esc. 5 Plta/Piso 1 Pta/Letra 17 Compl.Dom. Conjunto residencial Tres Piedras, piso 1, puerta 17","postal_code":"11550","places":8,"units":4,"registered":"2022-06-30","catastro":"1046102QA3604E0117GI","holder":null,"holder_count":null}},{"type":"Feature","geometry":{"type":"Point","coordinates":[-6.424652,36.728872]},"properties":{"id":"VUT/CA/14952","type":"VUT","group":"Completa","address":"CALLE Fernando de Magallanes Nº 11 Plta/Piso 1 Pta/Letra D, piso 1, puerta D","postal_code":"11550","places":6,"units":2,"registered":"2022-07-04","catastro":"0181703QA3608A0004FR","holder":"Inmobiliaria Gutiérrez Estepa SL","holder_count":1}},{"type":"Feature","geometry":{"type":"Point","coordinates":[-6.412459,36.69853]},"properties":{"id":"VUT/CA/14953","type":"VUT","group":"Completa","address":"CALLE MOZART Nº 3 Blq. 1 Portal 2 Plta/Piso 1 Pta/Letra C Compl.Dom. URBANIZACIÓN NJARDINES DEL LAGO I, piso 1, puerta C","postal_code":"11550","places":6,"units":3,"registered":"2022-07-04","catastro":"1248104QA3614G0033AF","holder":null,"holder_count":null}},{"type":"Feature","geometry":{"type":"Point","coordinates":[-6.418703,36.696642]},"properties":{"id":"VUT/CA/14958","type":"VUT","group":"Completa","address":"CALLE BEETHOVEN Nº 2 Blq. 4 Portal 7 Plta/Piso 2 Pta/Letra B Compl.Dom. URBANIZACIÓN ELEVEN VIEWS, piso 2, puerta B","postal_code":"11550","places":5,"units":2,"registered":"2022-07-05","catastro":"0744104QA3604D0316TR","holder":"INMOPUNTA ALSOL S.L","holder_count":1}},{"type":"Feature","geometry":{"type":"Point","coordinates":[-6.39672,36.761652]},"properties":{"id":"VUT/CA/15007","type":"VUT","group":"Completa","address":"CAMINO VALDECONEJOS Nº 401 Esc. B Plta/Piso 01 Pta/Letra 02 Compl.Dom. URBANIZACIÓN FERRAMAR, piso 01, puerta 02","postal_code":"11550","places":2,"units":1,"registered":"2022-07-08","catastro":"2020401QA3722A0020BJ","holder":null,"holder_count":null}},{"type":"Feature","geometry":{"type":"Point","coordinates":[-6.428574,36.742125]},"properties":{"id":"VUT/CA/15054","type":"VUT","group":"Completa","address":"CALLE GUADALETE Nº 19 Plta/Piso 1 Pta/Letra DER, piso 1, puerta DER","postal_code":"11550","places":7,"units":3,"registered":"2022-07-12","catastro":"9796504QA2699F0001EK","holder":null,"holder_count":null}},{"type":"Feature","geometry":{"type":"Point","coordinates":[-6.428574,36.742125]},"properties":{"id":"VUT/CA/15059","type":"VUT","group":"Completa","address":"CALLE GUADALETE Nº 19 Plta/Piso BAJO Pta/Letra IZQ, piso BAJO, puerta IZQ","postal_code":"11550","places":2,"units":1,"registered":"2022-07-12","catastro":"9796504QA2699F0001EK","holder":null,"holder_count":null}},{"type":"Feature","geometry":{"type":"Point","coordinates":[-6.432857,36.718695]},"properties":{"id":"VUT/CA/15078","type":"VUT","group":"Completa","address":"CALLEJA camaleon Nº 11 Portal 1 Plta/Piso 0 Pta/Letra a, piso 0, puerta a","postal_code":"11550","places":4,"units":2,"registered":"2022-07-13","catastro":"9469105QA2696G0003QQ","holder":null,"holder_count":null}},{"type":"Feature","geometry":{"type":"Point","coordinates":[-6.417113,36.700235]},"properties":{"id":"VUT/CA/15096","type":"VUT","group":"Completa","address":"CALLE VERDI Nº 1 Blq. 1 Portal 2 Plta/Piso 1 Pta/Letra B, piso 1, puerta B","postal_code":"11550","places":4,"units":2,"registered":"2022-07-15","catastro":"0749101QA3604H0071IX","holder":null,"holder_count":null}},{"type":"Feature","geometry":{"type":"Point","coordinates":[-6.437401,36.730414]},"properties":{"id":"VUT/CA/15115","type":"VUT","group":"Completa","address":"CALLE MERO Nº 9 Plta/Piso BAJO Pta/Letra IZQ, piso BAJO, puerta IZQ","postal_code":"11550","places":6,"units":3,"registered":"2022-07-18","catastro":"9083609QA2698C0001SB","holder":null,"holder_count":null}},{"type":"Feature","geometry":{"type":"Point","coordinates":[-6.417113,36.700235]},"properties":{"id":"VUT/CA/15183","type":"VUT","group":"Completa","address":"CALLE Verdi Nº 1 Blq. 4 Portal 2 Plta/Piso 1 Pta/Letra A, piso 1, puerta A","postal_code":"11550","places":6,"units":3,"registered":"2022-07-25","catastro":"0749101QA3604H1002RK","holder":null,"holder_count":null}},{"type":"Feature","geometry":{"type":"Point","coordinates":[-6.417545,36.695159]},"properties":{"id":"VUT/CA/15229","type":"VUT","group":"Completa","address":"CALLE BEETHOVEN Nº 4 Portal 19 Plta/Piso BAJO Pta/Letra A Compl.Dom. COSTA BALLENA, piso BAJO, puerta A","postal_code":"11550","places":4,"units":2,"registered":"2022-07-28","catastro":"0744102QA3604D0376YM","holder":null,"holder_count":null}},{"type":"Feature","geometry":{"type":"Point","coordinates":[-6.439566,36.737493]},"properties":{"id":"VUT/CA/15249","type":"VUT","group":"Completa","address":"CALLE RAMON Y CAJAL Nº 44 Plta/Piso 2 Pta/Letra 7, piso 2, puerta 7","postal_code":"11550","places":6,"units":2,"registered":"2022-08-01","catastro":"8790105QA2689B0018DG","holder":null,"holder_count":null}},{"type":"Feature","geometry":{"type":"Point","coordinates":[-6.418703,36.696642]},"properties":{"id":"VUT/CA/15273","type":"VUT","group":"Completa","address":"CALLE BEETHOVEN Nº 2 Blq. 4 Portal 8 Plta/Piso 1 Pta/Letra D Compl.Dom. URBANIZACIÓN COSTA BALLENA - URBANIZACIÓN ELEVEN VIEWS, piso 1, puerta D","postal_code":"11550","places":6,"units":3,"registered":"2022-08-03","catastro":"0744104QA3604D0325AP","holder":null,"holder_count":null}},{"type":"Feature","geometry":{"type":"Point","coordinates":[-6.437494,36.731324]},"properties":{"id":"VUT/CA/15407","type":"VUT","group":"Completa","address":"CALLE Padre Angel Nebreda Nº 2 Plta/Piso Bajo Pta/Letra B, piso Bajo, puerta B","postal_code":"11550","places":8,"units":2,"registered":"2022-08-25","catastro":"9083001QA2698C0007FE","holder":null,"holder_count":null}},{"type":"Feature","geometry":{"type":"Point","coordinates":[-6.433777,36.741081]},"properties":{"id":"VUT/CA/15466","type":"VUT","group":"Completa","address":"CALLE JESUS DE LA MISERICORDIA Nº 17 Plta/Piso 1 Pta/Letra I, piso 1, puerta I","postal_code":"11550","places":6,"units":2,"registered":"2022-09-03","catastro":"9395740QA2699E0017FX","holder":null,"holder_count":null}},{"type":"Feature","geometry":{"type":"Point","coordinates":[-6.418703,36.696642]},"properties":{"id":"VUT/CA/15584","type":"VUT","group":"Completa","address":"CALLE BEETHOVEN Nº 2 Blq. 6 Portal 11 Plta/Piso 1 Pta/Letra A, piso 1, puerta A","postal_code":"11550","places":4,"units":2,"registered":"2022-09-20","catastro":"0744104QA3604D0355OI","holder":null,"holder_count":null}},{"type":"Feature","geometry":{"type":"Point","coordinates":[-6.436083,36.741124]},"properties":{"id":"VUT/CA/15624","type":"VUT","group":"Completa","address":"CALLE DOCTOR TOLOSA LATOUR Nº 18 Plta/Piso 1 Pta/Letra F, piso 1, puerta F","postal_code":"11550","places":5,"units":2,"registered":"2022-09-26","catastro":"9094206QA2699C0007GB","holder":null,"holder_count":null}},{"type":"Feature","geometry":{"type":"Point","coordinates":[-6.434637,36.742027]},"properties":{"id":"VUT/CA/15626","type":"VUT","group":"Completa","address":"PASEO CRUZ DEL MAR Nº 38 Pta/Letra 11, puerta 11","postal_code":"11550","places":4,"units":2,"registered":"2022-09-26","catastro":"9295801QA2699E0011UH","holder":null,"holder_count":null}},{"type":"Feature","geometry":{"type":"Point","coordinates":[-6.42312,36.69988]},"properties":{"id":"VUT/CA/15702","type":"VUT","group":"Completa","address":"CALLE Cruz del Sur Nº 1 Compl.Dom. La tres piedras-Meca Alta","postal_code":"11550","places":6,"units":3,"registered":"2022-10-10","catastro":"0250114QA3605A0000OK","holder":null,"holder_count":null}},{"type":"Feature","geometry":{"type":"Point","coordinates":[-6.433213,36.742361]},"properties":{"id":"VUT/CA/15843","type":"VUT","group":"Completa","address":"AVENIDA Sanlucar de Barrameda Nº 30 Compl.Dom. Urbanización la Carraca","postal_code":"11550","places":4,"units":2,"registered":"2022-11-09","catastro":"9395257QA2699E0019UQ","holder":null,"holder_count":null}},{"type":"Feature","geometry":{"type":"Point","coordinates":[-6.418703,36.696642]},"properties":{"id":"VUT/CA/15844","type":"VUT","group":"Completa","address":"CALLE BEETHOVEN Nº 2 Blq. 5 Esc. 10 Plta/Piso 0 Pta/Letra 31, piso 0, puerta 31","postal_code":"11550","places":6,"units":2,"registered":"2022-11-10","catastro":"0744104QA3604D0340BL","holder":null,"holder_count":null}},{"type":"Feature","geometry":{"type":"Point","coordinates":[-6.432756,36.737297]},"properties":{"id":"VUT/CA/15973","type":"VUT","group":"Completa","address":"CALLE FRANCISCO LARA Y ARAUJO Nº 52","postal_code":"11550","places":8,"units":4,"registered":"2022-12-02","catastro":"9490725QA2699A0001WL","holder":"IGUELDO OCIO, S.L.","holder_count":1}},{"type":"Feature","geometry":{"type":"Point","coordinates":[-6.417113,36.700235]},"properties":{"id":"VUT/CA/15984","type":"VUT","group":"Completa","address":"CALLE Verdi Nº 1 Blq. 1 Portal 1 Plta/Piso 2 Pta/Letra D, piso 2, puerta D","postal_code":"11550","places":6,"units":3,"registered":"2022-12-06","catastro":"0749101QA3604H0065TL","holder":null,"holder_count":null}},{"type":"Feature","geometry":{"type":"Point","coordinates":[-6.437296,36.729497]},"properties":{"id":"VUT/CA/16040","type":"VUT","group":"Completa","address":"CALLE ABUELA LOLE Nº 28 Plta/Piso 1 Pta/Letra B, piso 1, puerta B","postal_code":"11550","places":4,"units":2,"registered":"2022-12-20","catastro":"8981222QA2688B0001PU","holder":null,"holder_count":null}},{"type":"Feature","geometry":{"type":"Point","coordinates":[-6.425795,36.730377]},"properties":{"id":"VUT/CA/16057","type":"VUT","group":"Completa","address":"CALLE PEDRO DE MENDOZA Portal 15 Plta/Piso BAJO 1 Pta/Letra IZQUIERDA, piso BAJO 1, puerta IZQUIERDA","postal_code":"11550","places":6,"units":3,"registered":"2022-12-28","catastro":"0083509QA3608C0002UB","holder":null,"holder_count":null}},{"type":"Feature","geometry":{"type":"Point","coordinates":[-6.412459,36.69853]},"properties":{"id":"VUT/CA/16081","type":"VUT","group":"Completa","address":"CALLE MOZART Nº 3 Blq. 2 Esc. 2 Plta/Piso 1 Pta/Letra E, piso 1, puerta E","postal_code":"11550","places":4,"units":2,"registered":"2023-01-06","catastro":"1248104QA3614G0079XW","holder":null,"holder_count":null}},{"type":"Feature","geometry":{"type":"Point","coordinates":[-6.437372,36.740561]},"properties":{"id":"VUT/CA/16101","type":"VUT","group":"Completa","address":"CALLE DEL CASTILLO Nº 10 Plta/Piso 1º Pta/Letra E, piso 1º, puerta E","postal_code":"11550","places":4,"units":2,"registered":"2023-01-10","catastro":"8994503QA2689D0012OR","holder":null,"holder_count":null}},{"type":"Feature","geometry":{"type":"Point","coordinates":[-6.440891,36.735604]},"properties":{"id":"VUT/CA/16159","type":"VUT","group":"Completa","address":"CALLE DOCTOR GÓMEZ ULLA Nº 51 Blq. 3 Plta/Piso 5 Pta/Letra C, piso 5, puerta C","postal_code":"11550","places":4,"units":2,"registered":"2023-01-17","catastro":"8688311QA2688H0077PQ","holder":null,"holder_count":null}},{"type":"Feature","geometry":{"type":"Point","coordinates":[-6.439051,36.733781]},"properties":{"id":"VUT/CA/16222","type":"VUT","group":"Completa","address":"AVENIDA Sevilla Nº 52 Plta/Piso 5º Pta/Letra C, piso 5º, puerta C","postal_code":"11550","places":4,"units":2,"registered":"2023-01-25","catastro":"8787012QA2688F0021XA","holder":null,"holder_count":null}},{"type":"Feature","geometry":{"type":"Point","coordinates":[-6.435572,36.740269]},"properties":{"id":"VUT/CA/16313","type":"VUT","group":"Completa","address":"CALLE LARGA Nº 57 Plta/Piso 1 Pta/Letra C Compl.Dom. ANTIGUAMENTE ERA NUMERO 53, piso 1, puerta C","postal_code":"11550","places":4,"units":2,"registered":"2023-02-03","catastro":"9194508QA2699C0006DL","holder":null,"holder_count":null}},{"type":"Feature","geometry":{"type":"Point","coordinates":[-6.43816,36.733494]},"properties":{"id":"VUT/CA/16315","type":"VUT","group":"Completa","address":"AVENIDA SEVILLA Nº 69 Blq. D Plta/Piso 5 Pta/Letra I Compl.Dom. URBANIZACION LAS SIRENAS, piso 5, puerta I","postal_code":"11550","places":8,"units":4,"registered":"2023-02-04","catastro":"8985115QA2688F0012ZT","holder":null,"holder_count":null}},{"type":"Feature","geometry":{"type":"Point","coordinates":[-6.433515,36.741124]},"properties":{"id":"VUT/CA/16383","type":"VUT","group":"Completa","address":"CALLE Larga Nº 87 Portal A Plta/Piso 4, piso 4","postal_code":"11550","places":6,"units":3,"registered":"2023-02-12","catastro":"9395736QA2699E0004KS","holder":null,"holder_count":null}},{"type":"Feature","geometry":{"type":"Point","coordinates":[-6.417113,36.700235]},"properties":{"id":"VUT/CA/16402","type":"VUT","group":"Completa","address":"CALLE VERDI Nº 1 Blq. 1 Portal 1º Plta/Piso 2º Pta/Letra B, piso 2º, puerta B","postal_code":"11550","places":6,"units":2,"registered":"2023-02-13","catastro":"0749101QA3604H0063EJ","holder":null,"holder_count":null}},{"type":"Feature","geometry":{"type":"Point","coordinates":[-6.438018,36.738702]},"properties":{"id":"VUT/CA/16409","type":"VUT","group":"Completa","address":"CALLE LADISLAO CARRASCOSA Nº 3","postal_code":"11550","places":7,"units":3,"registered":"2023-02-14","catastro":"8992021QA2689B0003SE","holder":"SONATA EVENTOS  S.L.","holder_count":1}},{"type":"Feature","geometry":{"type":"Point","coordinates":[-6.431973,36.734727]},"properties":{"id":"VUT/CA/16608","type":"VUT","group":"Completa","address":"CALLE AZUCENA Nº 17 Plta/Piso 1 Pta/Letra B, piso 1, puerta B","postal_code":"11550","places":5,"units":2,"registered":"2023-03-05","catastro":"9588020qa2698h0001kl","holder":null,"holder_count":null}},{"type":"Feature","geometry":{"type":"Point","coordinates":[-6.430612,36.734725]},"properties":{"id":"VUT/CA/16710","type":"VUT","group":"Completa","address":"AVENIDA Avenida de Rota Nº 60 Blq. 1 Plta/Piso 3 Pta/Letra B, piso 3, puerta B","postal_code":"11550","places":8,"units":3,"registered":"2023-03-13","catastro":"9587301QA2698H0046PY","holder":null,"holder_count":null}},{"type":"Feature","geometry":{"type":"Point","coordinates":[-6.44019,36.735896]},"properties":{"id":"VUT/CA/16744","type":"VUT","group":"Completa","address":"CALLE DOCTOR GÓMEZ ULLA Nº 43 Plta/Piso 1 Pta/Letra IZQUIERDA, piso 1, puerta IZQUIERDA","postal_code":"11550","places":6,"units":2,"registered":"2023-03-15","catastro":"8788212QA2688H0004QK","holder":null,"holder_count":null}},{"type":"Feature","geometry":{"type":"Point","coordinates":[-6.411862,36.697974]},"properties":{"id":"VUT/CA/16799","type":"VUT","group":"Completa","address":"CALLE TURINA Nº 4 Blq. 2 Esc. 2 Plta/Piso 1 Pta/Letra H, piso 1, puerta H","postal_code":"11550","places":6,"units":3,"registered":"2023-03-20","catastro":"1248102QA3614G0001HF","holder":"INMOPUNTA ALSOL, SL","holder_count":12}},{"type":"Feature","geometry":{"type":"Point","coordinates":[-6.43835,36.73422]},"properties":{"id":"VUT/CA/16861","type":"VUT","group":"Completa","address":"AVENIDA SEVILLA Nº 61 Plta/Piso 2 Pta/Letra B, piso 2, puerta B","postal_code":"11550","places":5,"units":2,"registered":"2023-03-24","catastro":"8987615QA2688F0127BB","holder":null,"holder_count":null}},{"type":"Feature","geometry":{"type":"Point","coordinates":[-6.435444,36.737608]},"properties":{"id":"VUT/CA/16913","type":"VUT","group":"Completa","address":"CALLE CASTILLO Nº 63 Portal 6 Plta/Piso 1, piso 1","postal_code":"11550","places":6,"units":2,"registered":"2023-03-29","catastro":"9191026QA2699A0013ZT","holder":null,"holder_count":null}},{"type":"Feature","geometry":{"type":"Point","coordinates":[-6.418703,36.696642]},"properties":{"id":"VUT/CA/17140","type":"VUT","group":"Completa","address":"CALLE Beethoven Nº 2 Portal 9 Plta/Piso Bajo Pta/Letra A, piso Bajo, puerta A","postal_code":"11550","places":8,"units":3,"registered":"2023-04-18","catastro":"0744104QA3604D0329GF","holder":null,"holder_count":null}},{"type":"Feature","geometry":{"type":"Point","coordinates":[-6.435711,36.721542]},"properties":{"id":"VUT/CA/17164","type":"VUT","group":"Completa","address":"AVENIDA DE LA LAGUNA Nº 56","postal_code":"11550","places":9,"units":4,"registered":"2023-04-20","catastro":"9272126QA2697A0001SI","holder":null,"holder_count":null}},{"type":"Feature","geometry":{"type":"Point","coordinates":[-6.433457,36.732104]},"properties":{"id":"VUT/CA/17218","type":"VUT","group":"Completa","address":"CALLE ABETO Nº 25","postal_code":"11550","places":5,"units":2,"registered":"2023-04-25","catastro":"9384209QA2698C0001MB","holder":null,"holder_count":null}},{"type":"Feature","geometry":{"type":"Point","coordinates":[-6.428574,36.742125]},"properties":{"id":"VUT/CA/17290","type":"VUT","group":"Completa","address":"CALLE RIO GUADALETE Nº 19","postal_code":"11550","places":5,"units":2,"registered":"2023-04-29","catastro":"9796504QA2699F0001EK","holder":null,"holder_count":null}},{"type":"Feature","geometry":{"type":"Point","coordinates":[-6.428574,36.742125]},"properties":{"id":"VUT/CA/17291","type":"VUT","group":"Completa","address":"CALLE RIO GUADALETE Nº 19 Plta/Piso 1 Pta/Letra B Compl.Dom. VIVIENDA EN PRIMERA PLANTA, IZQUIERDA, PEQUEÑA, piso 1, puerta B","postal_code":"11550","places":3,"units":1,"registered":"2023-04-29","catastro":"9796504QA2699F0001EK","holder":null,"holder_count":null}},{"type":"Feature","geometry":{"type":"Point","coordinates":[-6.439438,36.735089]},"properties":{"id":"VUT/CA/17308","type":"VUT","group":"Completa","address":"AVENIDA DE LA CRUZ ROJA Nº 43 Esc. 1 Plta/Piso 1 Pta/Letra IZ, piso 1, puerta IZ","postal_code":"11550","places":5,"units":2,"registered":"2023-05-01","catastro":"8886614QA2688F0004JM","holder":null,"holder_count":null}},{"type":"Feature","geometry":{"type":"Point","coordinates":[-6.43766,36.737971]},"properties":{"id":"VUT/CA/17312","type":"VUT","group":"Completa","address":"CALLE DIVINA PASTORA Nº 9 Plta/Piso BAJO Pta/Letra D, piso BAJO, puerta D","postal_code":"11550","places":6,"units":2,"registered":"2023-05-02","catastro":"9091748QA2699A0018XP","holder":null,"holder_count":null}},{"type":"Feature","geometry":{"type":"Point","coordinates":[-6.415397,36.698619]},"properties":{"id":"VUT/CA/17363","type":"VUT","group":"Completa","address":"CALLE MOZART Nº 2 Blq. 1 Esc. 2 Plta/Piso 1 Pta/Letra C, piso 1, puerta C","postal_code":"11550","places":6,"units":3,"registered":"2023-05-04","catastro":"1046103QA3604E0015LE","holder":"INMOPUNTA ALSOL, SL","holder_count":12}},{"type":"Feature","geometry":{"type":"Point","coordinates":[-6.435784,36.735664]},"properties":{"id":"VUT/CA/17521","type":"VUT","group":"Completa","address":"CALLE LOPE DE VEGA Nº 7 Plta/Piso 1 Pta/Letra 15, piso 1, puerta 15","postal_code":"11550","places":4,"units":2,"registered":"2023-05-16","catastro":"9189517QA2698G0015JZ","holder":null,"holder_count":null}},{"type":"Feature","geometry":{"type":"Point","coordinates":[-6.437703,36.721796]},"properties":{"id":"VUT/CA/17534","type":"VUT","group":"Completa","address":"CALLE MARIÑO Nº 9","postal_code":"11550","places":9,"units":4,"registered":"2023-05-17","catastro":"9072324QA2697C0001KE","holder":null,"holder_count":null}},{"type":"Feature","geometry":{"type":"Point","coordinates":[-6.432929,36.71905]},"properties":{"id":"VUT/CA/17578","type":"VUT","group":"Completa","address":"CALLE CAMALEÓN Nº 9 Portal 2 Plta/Piso 1º Pta/Letra E, piso 1º, puerta E","postal_code":"11550","places":4,"units":2,"registered":"2023-05-19","catastro":"9469106QA2696G0024WH","holder":null,"holder_count":null}},{"type":"Feature","geometry":{"type":"Point","coordinates":[-6.430612,36.734725]},"properties":{"id":"VUT/CA/17644","type":"VUT","group":"Completa","address":"AVENIDA DE ROTA Nº 60 Portal 1 Plta/Piso 3 Pta/Letra B, piso 3, puerta B","postal_code":"11550","places":8,"units":3,"registered":"2023-05-24","catastro":"9587301QA2698H0046PY","holder":null,"holder_count":null}},{"type":"Feature","geometry":{"type":"Point","coordinates":[-6.433956,36.737073]},"properties":{"id":"VUT/CA/17656","type":"VUT","group":"Completa","address":"CALLE FRANCISCO LARA Y ARAUJO Nº 31 Plta/Piso 1 Pta/Letra 14 Compl.Dom. RESIDENCIAL PALACIO DE SANABRIA, piso 1, puerta 14","postal_code":"11550","places":2,"units":1,"registered":"2023-05-25","catastro":"9290310QA2699A0014LY","holder":"OPS REAL ESTATE SERVICES AND INVESTMENTS S.L.","holder_count":1}},{"type":"Feature","geometry":{"type":"Point","coordinates":[-6.412459,36.69853]},"properties":{"id":"VUT/CA/17831","type":"VUT","group":"Completa","address":"CALLE MOZART Nº 3","postal_code":"11550","places":4,"units":2,"registered":"2023-06-06","catastro":"1248104QA3614G0039JB","holder":null,"holder_count":null}},{"type":"Feature","geometry":{"type":"Point","coordinates":[-6.412459,36.69853]},"properties":{"id":"VUT/CA/17832","type":"VUT","group":"Completa","address":"CALLE MOZART Nº 3 Blq. 1 Esc. 2 Plta/Piso 2 Pta/Letra A, piso 2, puerta A","postal_code":"11550","places":4,"units":2,"registered":"2023-06-06","catastro":"1248104QA3614G0039JB","holder":"INMOPUNTA ALSOL, SL","holder_count":12}},{"type":"Feature","geometry":{"type":"Point","coordinates":[-6.434654,36.738623]},"properties":{"id":"VUT/CA/17880","type":"VUT","group":"Completa","address":"CALLE ARAUCARIA Nº 64","postal_code":"11550","places":5,"units":3,"registered":"2023-06-08","catastro":"9292419QA2699C0074KB","holder":null,"holder_count":null}},{"type":"Feature","geometry":{"type":"Point","coordinates":[-6.43431,36.725875]},"properties":{"id":"VUT/CA/17900","type":"VUT","group":"Completa","address":"AVENIDA LA LAGUNA Nº 1 Blq. 2 Plta/Piso 3 Pta/Letra B, piso 3, puerta B","postal_code":"11550","places":4,"units":2,"registered":"2023-06-09","catastro":"9176108QA2697E0023JF","holder":null,"holder_count":null}},{"type":"Feature","geometry":{"type":"Point","coordinates":[-6.434246,36.74189]},"properties":{"id":"VUT/CA/17935","type":"VUT","group":"Completa","address":"CALLE JESUS DE LA MISERICORDIA Nº 17 Plta/Piso BAJA Pta/Letra 2, piso BAJA, puerta 2","postal_code":"11550","places":3,"units":1,"registered":"2023-06-12","catastro":"9395741QA2699E0002AP","holder":null,"holder_count":null}},{"type":"Feature","geometry":{"type":"Point","coordinates":[-6.435214,36.739727]},"properties":{"id":"VUT/CA/18026","type":"VUT","group":"Por habitaciones","address":"CALLE Nuestra Señora de la O Nº 18","postal_code":"11550","places":6,"units":3,"registered":"2023-06-19","catastro":"9293619QA2699C0001WF","holder":null,"holder_count":null}},{"type":"Feature","geometry":{"type":"Point","coordinates":[-6.433852,36.718245]},"properties":{"id":"VUT/CA/18054","type":"VUT","group":"Completa","address":"AVENIDA DE LA LAGUNA Nº 43 Blq. 10 Plta/Piso 1 Pta/Letra A, piso 1, puerta A","postal_code":"11550","places":6,"units":3,"registered":"2023-06-20","catastro":"9369101QA2696G0141WU","holder":null,"holder_count":null}},{"type":"Feature","geometry":{"type":"Point","coordinates":[-6.43412,36.741045]},"properties":{"id":"VUT/CA/18074","type":"VUT","group":"Completa","address":"CALLE JESUS DE LAS MISERICORDIAS Nº 15 Plta/Piso BJ Pta/Letra A, piso BJ, puerta A","postal_code":"11550","places":4,"units":1,"registered":"2023-06-21","catastro":"9395742QA2699E0001LO","holder":null,"holder_count":null}},{"type":"Feature","geometry":{"type":"Point","coordinates":[-6.437483,36.736688]},"properties":{"id":"VUT/CA/18158","type":"VUT","group":"Completa","address":"AVENIDA DE Cadiz Nº 25 Plta/Piso 1 Pta/Letra D Compl.Dom. Edificio El Remo, piso 1, puerta D","postal_code":"11550","places":5,"units":3,"registered":"2023-06-28","catastro":"9089119QA2698G0008MJ","holder":null,"holder_count":null}},{"type":"Feature","geometry":{"type":"Point","coordinates":[-6.436972,36.733459]},"properties":{"id":"VUT/CA/18159","type":"VUT","group":"Completa","address":"PLAZA NUESTRA SEÑORA DE LA ESPERANZA Nº 8 Plta/Piso 3 Pta/Letra C, piso 3, puerta C","postal_code":"11550","places":4,"units":2,"registered":"2023-06-28","catastro":"9085101QA2698E0015PE","holder":null,"holder_count":null}},{"type":"Feature","geometry":{"type":"Point","coordinates":[-6.417113,36.700235]},"properties":{"id":"VUT/CA/18185","type":"VUT","group":"Completa","address":"CALLE Verdi Nº 1 Blq. 2 Portal 2 Plta/Piso 1 Pta/Letra C, piso 1, puerta C","postal_code":"11550","places":4,"units":2,"registered":"2023-06-30","catastro":"0749101QA3604H0143GY","holder":null,"holder_count":null}},{"type":"Feature","geometry":{"type":"Point","coordinates":[-6.43645,36.727623]},"properties":{"id":"VUT/CA/18249","type":"VUT","group":"Completa","address":"CALLE Bonito Nº 39","postal_code":"11550","places":6,"units":2,"registered":"2023-07-05","catastro":"9179827QA2697G0001MH","holder":null,"holder_count":null}},{"type":"Feature","geometry":{"type":"Point","coordinates":[-6.434637,36.742027]},"properties":{"id":"VUT/CA/18283","type":"VUT","group":"Completa","address":"PASEO CRUZ DEL MAR Nº 40 Plta/Piso 12, piso 12","postal_code":"11550","places":1,"units":2,"registered":"2023-07-07","catastro":"9295801QA2699E0002QP","holder":"BONIDELOS S.L","holder_count":1}},{"type":"Feature","geometry":{"type":"Point","coordinates":[-6.411862,36.697974]},"properties":{"id":"VUT/CA/18311","type":"VUT","group":"Completa","address":"CALLE TURINA Nº 4 Blq. 1 Esc. 2 Plta/Piso BAJO Pta/Letra E Compl.Dom. COSTA BALLENA - URB. JARDINES DEL LAGO II, piso BAJO, puerta E","postal_code":"11550","places":6,"units":2,"registered":"2023-07-10","catastro":"1248102QA3614G0001HF","holder":null,"holder_count":null}},{"type":"Feature","geometry":{"type":"Point","coordinates":[-6.434637,36.742027]},"properties":{"id":"VUT/CA/18394","type":"VUT","group":"Completa","address":"PASEO CRUZ DEL MAR Nº 40 Pta/Letra 1 Compl.Dom. RESIDENCIAL CURRICAN, puerta 1","postal_code":"11550","places":6,"units":2,"registered":"2023-07-17","catastro":"9295801QA2699E0012IJ","holder":null,"holder_count":null}},{"type":"Feature","geometry":{"type":"Point","coordinates":[-6.411862,36.697974]},"properties":{"id":"VUT/CA/18482","type":"VUT","group":"Completa","address":"CALLE TURINA Nº 4 Blq. 2 Esc. 2 Plta/Piso 1 Pta/Letra D Compl.Dom. URB JARDINES LAGO II, piso 1, puerta D","postal_code":"11550","places":4,"units":2,"registered":"2023-07-27","catastro":"1248102QA3614G0001HF","holder":null,"holder_count":null}},{"type":"Feature","geometry":{"type":"Point","coordinates":[-6.422624,36.733849]},"properties":{"id":"VUT/CA/18505","type":"VUT","group":"Completa","address":"CALLE Retoño Nº 12","postal_code":"11550","places":8,"units":3,"registered":"2023-07-29","catastro":"0085135QA3608E0001GF","holder":null,"holder_count":null}},{"type":"Feature","geometry":{"type":"Point","coordinates":[-6.427222,36.731782]},"properties":{"id":"VUT/CA/18538","type":"VUT","group":"Completa","address":"PLAZA DOÑA LOLA Nº 31 Plta/Piso 1 Pta/Letra A Compl.Dom. (POR AVENIDA DEL UNIVERSO), piso 1, puerta A","postal_code":"11550","places":4,"units":2,"registered":"2023-08-02","catastro":"9884188QA2698D0023UX","holder":null,"holder_count":null}},{"type":"Feature","geometry":{"type":"Point","coordinates":[-6.434781,36.739275]},"properties":{"id":"VUT/CA/18545","type":"VUT","group":"Completa","address":"CALLE PADRE LERCHUNDI Nº 44 Esc. 1 Plta/Piso 01 Pta/Letra 17, piso 01, puerta 17","postal_code":"11550","places":4,"units":2,"registered":"2023-08-02","catastro":"9292443QA2699C0021MT","holder":null,"holder_count":null}},{"type":"Feature","geometry":{"type":"Point","coordinates":[-6.417113,36.700235]},"properties":{"id":"VUT/CA/18601","type":"VUT","group":"Completa","address":"CALLE VERDI Nº 1 Blq. 1 Portal 2 Plta/Piso B Pta/Letra B, piso B, puerta B","postal_code":"11550","places":4,"units":2,"registered":"2023-08-08","catastro":"0749101QA3604H0067UZ","holder":null,"holder_count":null}},{"type":"Feature","geometry":{"type":"Point","coordinates":[-6.441563,36.73726]},"properties":{"id":"VUT/CA/18629","type":"VUT","group":"Completa","address":"PASEO COSTA DE LA LUZ Nº 3 Portal 2 Plta/Piso 3 Pta/Letra C, piso 3, puerta C","postal_code":"11550","places":6,"units":3,"registered":"2023-08-14","catastro":"8690704QA2689B0031BX","holder":null,"holder_count":null}},{"type":"Feature","geometry":{"type":"Point","coordinates":[-6.43467,36.735751]},"properties":{"id":"VUT/CA/18635","type":"VUT","group":"Completa","address":"CALLE JOAQUIN JURADO Nº 32 Pta/Letra 8, puerta 8","postal_code":"11550","places":3,"units":1,"registered":"2023-08-14","catastro":"9288001QA2698g0022OW","holder":null,"holder_count":null}},{"type":"Feature","geometry":{"type":"Point","coordinates":[-6.418703,36.696642]},"properties":{"id":"VUT/CA/18737","type":"VUT","group":"Completa","address":"CALLE BEETHOVEN Nº 2 Blq. 4 Esc. 8 Plta/Piso BAJO Pta/Letra C, piso BAJO, puerta C","postal_code":"11550","places":4,"units":1,"registered":"2023-08-31","catastro":"0744104QA3604D0319IU","holder":null,"holder_count":null}},{"type":"Feature","geometry":{"type":"Point","coordinates":[-6.429229,36.742797]},"properties":{"id":"VUT/CA/18744","type":"VUT","group":"Completa","address":"CALLE Río Guadalquivir Nº 37 Esc. 1 Plta/Piso 0 Pta/Letra 1, piso 0, puerta 1","postal_code":"11550","places":5,"units":2,"registered":"2023-09-01","catastro":"9696204QA2699F1001BH","holder":"REAL STATE INVESTOR A&R SL","holder_count":3}},{"type":"Feature","geometry":{"type":"Point","coordinates":[-6.429229,36.742797]},"properties":{"id":"VUT/CA/18745","type":"VUT","group":"Completa","address":"CALLE Río Guadalquivir Nº 37 Esc. 1 Plta/Piso 1 Pta/Letra 1, piso 1, puerta 1","postal_code":"11550","places":4,"units":2,"registered":"2023-09-01","catastro":"9696204QA2699F0002ML","holder":"REAL STATE INVESTOR A&R SL","holder_count":3}},{"type":"Feature","geometry":{"type":"Point","coordinates":[-6.429229,36.742797]},"properties":{"id":"VUT/CA/18746","type":"VUT","group":"Completa","address":"CALLE Río Guadalquivir Nº 37 Esc. 1 Plta/Piso 0 Pta/Letra 1, piso 0, puerta 1","postal_code":"11550","places":5,"units":2,"registered":"2023-09-01","catastro":"9696204QA2699F1001BH","holder":"REAL STATE INVESTOR A&R SL","holder_count":3}},{"type":"Feature","geometry":{"type":"Point","coordinates":[-6.409632,36.718584]},"properties":{"id":"VUT/CA/18923","type":"VUT","group":"Completa","address":"CAMINO DEL OLIVAR, HIJUELA CUCANOCHE, FINCA AZAHAR Nº SN","postal_code":"11550","places":4,"units":2,"registered":"2023-10-10","catastro":"11016A018002850000TM","holder":null,"holder_count":null}},{"type":"Feature","geometry":{"type":"Point","coordinates":[-6.427671,36.741502]},"properties":{"id":"VUT/CA/18957","type":"VUT","group":"Completa","address":"CALLE Rio Miño Nº 27 Plta/Piso 1 Pta/Letra A, piso 1, puerta A","postal_code":"11550","places":4,"units":2,"registered":"2023-10-18","catastro":"9895004QA2699F0007XQ","holder":null,"holder_count":null}},{"type":"Feature","geometry":{"type":"Point","coordinates":[-6.441594,36.738262]},"properties":{"id":"VUT/CA/18986","type":"VUT","group":"Completa","address":"CALLE EL PERRO Nº 12 Compl.Dom. VIVIENDA Nº 12 DE LA URBANIZACION Y Nº 2 DOS DEL BLOQUE SEGUNDA FASE. URBZ. SAN RAFAEL","postal_code":"11550","places":8,"units":3,"registered":"2023-10-25","catastro":"8691703QA2689B0001KQ","holder":null,"holder_count":null}},{"type":"Feature","geometry":{"type":"Point","coordinates":[-6.435335,36.739786]},"properties":{"id":"VUT/CA/19018","type":"VUT","group":"Completa","address":"CALLE NUESTRA SEÑORA DE LA O Nº 23 Plta/Piso BAJA Pta/Letra A, piso BAJA, puerta A","postal_code":"11550","places":5,"units":2,"registered":"2023-10-30","catastro":"9193011QA2699C0001YF","holder":"NEUROTERAPIA REVITAL, E.S.P.J.","holder_count":2}},{"type":"Feature","geometry":{"type":"Point","coordinates":[-6.434637,36.742027]},"properties":{"id":"VUT/CA/19019","type":"VUT","group":"Completa","address":"PASEO CRUZ DEL MAR Nº 38 Esc. 1 Plta/Piso 00 Pta/Letra 7 Compl.Dom. GARAJE, piso 00, puerta 7","postal_code":"11550","places":5,"units":2,"registered":"2023-10-30","catastro":"9295801QA2699E0017DX","holder":"NEUROTERAPIA REVITAL, E.S.P.J.","holder_count":2}},{"type":"Feature","geometry":{"type":"Point","coordinates":[-6.435339,36.725863]},"properties":{"id":"VUT/CA/19034","type":"VUT","group":"Completa","address":"AVENIDA DE LA LAGUNA Nº 4 Plta/Piso 1 Pta/Letra D Compl.Dom. RESIDENCIAL LA GOLETA, piso 1, puerta D","postal_code":"11550","places":6,"units":3,"registered":"2023-11-01","catastro":"9177405QA2697G0008ZM","holder":null,"holder_count":null}},{"type":"Feature","geometry":{"type":"Point","coordinates":[-6.438179,36.739217]},"properties":{"id":"VUT/CA/19039","type":"VUT","group":"Completa","address":"CALLE Marqués de Esquivel Nº 10 Pta/Letra C, puerta C","postal_code":"11550","places":6,"units":2,"registered":"2023-11-02","catastro":"8892212QA2689B0003BE","holder":null,"holder_count":null}},{"type":"Feature","geometry":{"type":"Point","coordinates":[-6.441594,36.738262]},"properties":{"id":"VUT/CA/19133","type":"VUT","group":"Completa","address":"CALLE EL PERRO Nº 17 Compl.Dom. VIVIENDA Nº 12 DE LA URBANIZACION Y Nº 2 DOS DEL BLOQUE SEGUNDA FASE. URBZ. SAN RAFAEL","postal_code":"11550","places":8,"units":3,"registered":"2023-11-18","catastro":"8691703QA2689B0001KQ","holder":null,"holder_count":null}},{"type":"Feature","geometry":{"type":"Point","coordinates":[-6.435009,36.726542]},"properties":{"id":"VUT/CA/19134","type":"VUT","group":"Completa","address":"AVENIDA DEL ESTURION Nº 60 Plta/Piso 3 Pta/Letra B, piso 3, puerta B","postal_code":"11550","places":6,"units":3,"registered":"2023-11-18","catastro":"9178219QA2697G0008WM","holder":null,"holder_count":null}},{"type":"Feature","geometry":{"type":"Point","coordinates":[-6.436543,36.738203]},"properties":{"id":"VUT/CA/19198","type":"VUT","group":"Completa","address":"CALLE SOR MARIA LUISA Nº 1","postal_code":"11550","places":12,"units":5,"registered":"2023-12-03","catastro":"9091711QA2699A0001OL","holder":null,"holder_count":null}},{"type":"Feature","geometry":{"type":"Point","coordinates":[-6.418703,36.696642]},"properties":{"id":"VUT/CA/19219","type":"VUT","group":"Completa","address":"CALLE BEETHOVEN Nº 2 Portal 10 Plta/Piso 1 Pta/Letra D, piso 1, puerta D","postal_code":"11550","places":8,"units":3,"registered":"2023-12-07","catastro":"0744104QA3604D0345WQ","holder":"Ace y Tie Servicios y promociones SL","holder_count":1}},{"type":"Feature","geometry":{"type":"Point","coordinates":[-6.441298,36.736058]},"properties":{"id":"VUT/CA/19224","type":"VUT","group":"Completa","address":"CALLE JAZMIN Nº 21 Plta/Piso 3 Pta/Letra DCHA, piso 3, puerta DCHA","postal_code":"11550","places":6,"units":3,"registered":"2023-12-10","catastro":"8689414QA2688H0007BZ","holder":null,"holder_count":null}},{"type":"Feature","geometry":{"type":"Point","coordinates":[-6.412459,36.69853]},"properties":{"id":"VUT/CA/19396","type":"VUT","group":"Completa","address":"URBANIZACION COSTA BALLENA Nº 27 Blq. 1 Esc. 1 Plta/Piso 2 Pta/Letra B Compl.Dom. EDIFICIO JARDINES DEL LAGO, PARCELA CO-3-1, piso 2, puerta B","postal_code":"11550","places":4,"units":2,"registered":"2024-01-11","catastro":"1248104QA3614G0018WT","holder":null,"holder_count":null}},{"type":"Feature","geometry":{"type":"Point","coordinates":[-6.434976,36.723426]},"properties":{"id":"VUT/CA/19428","type":"VUT","group":"Completa","address":"CALLE CORRAL TRAPILLO Nº 1 Plta/Piso 3º Pta/Letra B, piso 3º, puerta B","postal_code":"11550","places":6,"units":3,"registered":"2024-01-16","catastro":"9176101QA2697E0017BA","holder":null,"holder_count":null}},{"type":"Feature","geometry":{"type":"Point","coordinates":[-6.435784,36.735664]},"properties":{"id":"VUT/CA/19437","type":"VUT","group":"Completa","address":"CALLE LOPE DE VEGA Nº 7 Plta/Piso 1 Pta/Letra 15, piso 1, puerta 15","postal_code":"11550","places":4,"units":2,"registered":"2024-01-17","catastro":"9189517QA2698G0015JZ","holder":null,"holder_count":null}},{"type":"Feature","geometry":{"type":"Point","coordinates":[-6.435784,36.735664]},"properties":{"id":"VUT/CA/19446","type":"VUT","group":"Completa","address":"CALLE LOPE DE VEGA Nº 7 Plta/Piso 1 Pta/Letra 15, piso 1, puerta 15","postal_code":"11550","places":5,"units":2,"registered":"2024-01-18","catastro":"9189517QA2698G0015JZ","holder":null,"holder_count":null}},{"type":"Feature","geometry":{"type":"Point","coordinates":[-6.435784,36.735664]},"properties":{"id":"VUT/CA/19447","type":"VUT","group":"Completa","address":"CALLE LOPE DE VEGA Nº 7 Plta/Piso 1 Pta/Letra 15, piso 1, puerta 15","postal_code":"11550","places":5,"units":2,"registered":"2024-01-18","catastro":"9189517QA2698G0015JZ","holder":null,"holder_count":null}},{"type":"Feature","geometry":{"type":"Point","coordinates":[-6.415397,36.698619]},"properties":{"id":"VUT/CA/19450","type":"VUT","group":"Completa","address":"CALLE MOZART Nº Z Blq. 4 Esc. 2 Plta/Piso 1 Pta/Letra 2E, piso 1, puerta 2E","postal_code":"11550","places":6,"units":2,"registered":"2024-01-18","catastro":"1046103QA3604E0082LE","holder":null,"holder_count":null}},{"type":"Feature","geometry":{"type":"Point","coordinates":[-6.417113,36.700235]},"properties":{"id":"VUT/CA/19462","type":"VUT","group":"Completa","address":"CALLE VERDI Nº 1 Blq. 4 Portal 1 Plta/Piso 2 Pta/Letra 15 Compl.Dom. HILERA 4, PORTAL 1, PLANTA 2, PUERTA 15, piso 2, puerta 15","postal_code":"11550","places":5,"units":2,"registered":"2024-01-19","catastro":"0749101QA3604H0379WH","holder":null,"holder_count":null}},{"type":"Feature","geometry":{"type":"Point","coordinates":[-6.429914,36.740527]},"properties":{"id":"VUT/CA/19485","type":"VUT","group":"Completa","address":"CALLE VIRGEN DE PALOMARES Nº 34 Plta/Piso 4º Pta/Letra B, piso 4º, puerta B","postal_code":"11550","places":6,"units":3,"registered":"2024-01-22","catastro":"9694603QA2699D0018PF","holder":null,"holder_count":null}},{"type":"Feature","geometry":{"type":"Point","coordinates":[-6.436277,36.741414]},"properties":{"id":"VUT/CA/19517","type":"VUT","group":"Completa","address":"PASEO CRUZ DEL MAR Nº 22 Esc. 1 Plta/Piso 4 Pta/Letra A, piso 4, puerta A","postal_code":"11550","places":6,"units":4,"registered":"2024-01-25","catastro":"9094212QA2699C0013XM","holder":null,"holder_count":null}},{"type":"Feature","geometry":{"type":"Point","coordinates":[-6.425081,36.728357]},"properties":{"id":"VUT/CA/19544","type":"VUT","group":"Completa","address":"CALLE Avenida de Rota Nº 213 Plta/Piso 1º Pta/Letra L, piso 1º, puerta L","postal_code":"11550","places":7,"units":2,"registered":"2024-01-28","catastro":"0180110QA3608A0028HX","holder":null,"holder_count":null}},{"type":"Feature","geometry":{"type":"Point","coordinates":[-6.417113,36.700235]},"properties":{"id":"VUT/CA/19576","type":"VUT","group":"Completa","address":"CALLE VERDI Nº 1 Blq. H3 Plta/Piso 2 Pta/Letra 13, piso 2, puerta 13","postal_code":"11550","places":6,"units":2,"registered":"2024-01-30","catastro":"0749101QA3604H0421IX","holder":null,"holder_count":null}},{"type":"Feature","geometry":{"type":"Point","coordinates":[-6.434994,36.72217]},"properties":{"id":"VUT/CA/19630","type":"VUT","group":"Completa","address":"AVENIDA LA LAGUNA Nº 19 Blq. 1 Plta/Piso 1ª Pta/Letra C, piso 1ª, puerta C","postal_code":"11550","places":7,"units":3,"registered":"2024-02-04","catastro":"9273102QA2697C0011MP","holder":null,"holder_count":null}},{"type":"Feature","geometry":{"type":"Point","coordinates":[-6.437885,36.739462]},"properties":{"id":"VUT/CA/19636","type":"VUT","group":"Completa","address":"CALLE LARGA Nº 9 Plta/Piso 1 Pta/Letra M, piso 1, puerta M","postal_code":"11550","places":6,"units":3,"registered":"2024-02-05","catastro":"8993031QA2689D0055WS","holder":null,"holder_count":null}},{"type":"Feature","geometry":{"type":"Point","coordinates":[-6.418703,36.696642]},"properties":{"id":"VUT/CA/19650","type":"VUT","group":"Completa","address":"CALLE BEETHOVEN Nº 2 Blq. 5 Portal 9 Plta/Piso BAJO Pta/Letra C Compl.Dom. VIVIENDA 28, piso BAJO, puerta C","postal_code":"11550","places":4,"units":2,"registered":"2024-02-05","catastro":"0744104QA3604D0331FD","holder":null,"holder_count":null}},{"type":"Feature","geometry":{"type":"Point","coordinates":[-6.418703,36.696642]},"properties":{"id":"VUT/CA/19706","type":"VUT","group":"Completa","address":"CALLE BEETHOVEN Nº 2 Blq. 1 Esc. 1 Plta/Piso 1 Pta/Letra D Compl.Dom. COSTA BALLENA CHIPIONA, piso 1, puerta D","postal_code":"11550","places":6,"units":2,"registered":"2024-02-11","catastro":"0744104QA3604D0258OI","holder":null,"holder_count":null}},{"type":"Feature","geometry":{"type":"Point","coordinates":[-6.416898,36.697692]},"properties":{"id":"VUT/CA/19723","type":"VUT","group":"Completa","address":"AVENIDA DE LA MÚSICA Nº 7 Pta/Letra 8 Compl.Dom. URBANIZACIÓN COSTA BALLENA, puerta 8","postal_code":"11550","places":6,"units":3,"registered":"2024-02-13","catastro":"1046102QA3604E0009UM","holder":null,"holder_count":null}},{"type":"Feature","geometry":{"type":"Point","coordinates":[-6.43408,36.719686]},"properties":{"id":"VUT/CA/19724","type":"VUT","group":"Completa","address":"CALLE CORRAL DE LA CUBA Nº 42 Blq. 1 Plta/Piso 3 Pta/Letra I Compl.Dom. LA LAGUNA, piso 3, puerta I","postal_code":"11550","places":6,"units":3,"registered":"2024-02-13","catastro":"9369109QA2696G0049PS","holder":null,"holder_count":null}},{"type":"Feature","geometry":{"type":"Point","coordinates":[-6.434421,36.725548]},"properties":{"id":"VUT/CA/19740","type":"VUT","group":"Completa","address":"AVENIDA LA LAGUNA Nº 3 Portal 1 Plta/Piso BJ Pta/Letra 5 Compl.Dom. COSTA MARINA FASE 4, piso BJ, puerta 5","postal_code":"11550","places":4,"units":2,"registered":"2024-02-15","catastro":"9176107QA2697E0005LW","holder":null,"holder_count":null}},{"type":"Feature","geometry":{"type":"Point","coordinates":[-6.433191,36.732005]},"properties":{"id":"VUT/CA/19810","type":"VUT","group":"Completa","address":"CALLE Álamo Nº 11 Pta/Letra A, puerta A","postal_code":"11550","places":5,"units":2,"registered":"2024-02-23","catastro":"9384308QA2698C0002LZ","holder":null,"holder_count":null}},{"type":"Feature","geometry":{"type":"Point","coordinates":[-6.439092,36.73607]},"properties":{"id":"VUT/CA/19833","type":"VUT","group":"Completa","address":"AVENIDA de Sevilla Nº 28 Plta/Piso 1 Pta/Letra 3, piso 1, puerta 3","postal_code":"11550","places":6,"units":3,"registered":"2024-02-26","catastro":"8788202QA2688H0006OB","holder":null,"holder_count":null}},{"type":"Feature","geometry":{"type":"Point","coordinates":[-6.430612,36.734725]},"properties":{"id":"VUT/CA/19861","type":"VUT","group":"Completa","address":"AVENIDA ROTA DE Nº 60 Portal 1 Plta/Piso 2 Pta/Letra B Compl.Dom. EDIFICIO VIRGEN DEL CARMEN, piso 2, puerta B","postal_code":"11550","places":5,"units":3,"registered":"2024-03-03","catastro":"9587301QA2698H0042YW","holder":null,"holder_count":null}},{"type":"Feature","geometry":{"type":"Point","coordinates":[-6.430337,36.743261]},"properties":{"id":"VUT/CA/19925","type":"VUT","group":"Completa","address":"CALLE PAQUITA RICO Nº 2 Plta/Piso BAJO Pta/Letra E Compl.Dom. RESIDENCIAL PUERTO CHIPIONA, piso BAJO, puerta E","postal_code":"11550","places":6,"units":2,"registered":"2024-03-10","catastro":"9696803QA2699F0005KX","holder":null,"holder_count":null}},{"type":"Feature","geometry":{"type":"Point","coordinates":[-6.428639,36.741173]},"properties":{"id":"VUT/CA/19988","type":"VUT","group":"Completa","address":"CALLE RIO GUADALQUIVIR Nº 8 Esc. 1 Plta/Piso 1 Pta/Letra A1, piso 1, puerta A1","postal_code":"11550","places":5,"units":3,"registered":"2024-03-15","catastro":"9794215QA2699D0005AR","holder":null,"holder_count":null}},{"type":"Feature","geometry":{"type":"Point","coordinates":[-6.433971,36.730582]},"properties":{"id":"VUT/CA/19991","type":"VUT","group":"Completa","address":"AVENIDA DE LOS NARANJOS Nº 20 Pta/Letra 1, puerta 1","postal_code":"11550","places":6,"units":2,"registered":"2024-03-15","catastro":"9282218QA2698A0029TQ","holder":null,"holder_count":null}},{"type":"Feature","geometry":{"type":"Point","coordinates":[-6.434654,36.738623]},"properties":{"id":"VUT/CA/20017","type":"VUT","group":"Completa","address":"CALLE ARAUCARIA Nº 62","postal_code":"11550","places":7,"units":2,"registered":"2024-03-19","catastro":"9292419QA2699C0073JL","holder":"BARMOR GESTIONINMOBILIARIA SL","holder_count":1}},{"type":"Feature","geometry":{"type":"Point","coordinates":[-6.433043,36.71935]},"properties":{"id":"VUT/CA/20056","type":"VUT","group":"Completa","address":"CALLE Camaleón Nº 7 Portal 2 Plta/Piso 2 Pta/Letra D Compl.Dom. Edificio Los Pinares II, piso 2, puerta D","postal_code":"11550","places":5,"units":2,"registered":"2024-03-21","catastro":"9469107QA2696G0022OF","holder":null,"holder_count":null}},{"type":"Feature","geometry":{"type":"Point","coordinates":[-6.415397,36.698619]},"properties":{"id":"VUT/CA/20092","type":"VUT","group":"Completa","address":"CALLE MOZART Nº 2 Blq. 2 Esc. 1 Plta/Piso BAJO Pta/Letra A, piso BAJO, puerta A","postal_code":"11550","places":5,"units":2,"registered":"2024-03-26","catastro":"1046103QA3604E0018XY","holder":null,"holder_count":null}},{"type":"Feature","geometry":{"type":"Point","coordinates":[-6.436277,36.741414]},"properties":{"id":"VUT/CA/20123","type":"VUT","group":"Completa","address":"PASEO CRUZ DEL MAR Nº 22 Esc. 1 Plta/Piso 0 Pta/Letra C, piso 0, puerta C","postal_code":"11550","places":7,"units":2,"registered":"2024-03-28","catastro":"9094212QA2699C0003GH","holder":null,"holder_count":null}},{"type":"Feature","geometry":{"type":"Point","coordinates":[-6.434444,36.7403]},"properties":{"id":"VUT/CA/20177","type":"VUT","group":"Completa","address":"CALLE Nuestra Señora de la O Nº 39 Pta/Letra 4, puerta 4","postal_code":"11550","places":6,"units":2,"registered":"2024-04-05","catastro":"9394712QA2699C0004SJ","holder":null,"holder_count":null}},{"type":"Feature","geometry":{"type":"Point","coordinates":[-6.417113,36.700235]},"properties":{"id":"VUT/CA/20190","type":"VUT","group":"Completa","address":"CALLE VERDI Nº 1 Blq. 8 Esc. 1 Plta/Piso 2 Pta/Letra 14, piso 2, puerta 14","postal_code":"11550","places":4,"units":2,"registered":"2024-04-05","catastro":"0749101QA3604H0462FT","holder":null,"holder_count":null}},{"type":"Feature","geometry":{"type":"Point","coordinates":[-6.419803,36.698002]},"properties":{"id":"VUT/CA/20206","type":"VUT","group":"Completa","address":"CALLE BACH Nº 1 Portal 9 Plta/Piso 2 Pta/Letra A, piso 2, puerta A","postal_code":"11550","places":8,"units":3,"registered":"2024-04-08","catastro":"0447102QA3604F0000RM","holder":null,"holder_count":null}},{"type":"Feature","geometry":{"type":"Point","coordinates":[-6.433326,36.732066]},"properties":{"id":"VUT/CA/20226","type":"VUT","group":"Completa","address":"CALLE ALAMO Nº 16 Esc. 1 Pta/Letra 1, puerta 1","postal_code":"11550","places":12,"units":5,"registered":"2024-04-09","catastro":"9384208QA2698C0001FB","holder":null,"holder_count":null}},{"type":"Feature","geometry":{"type":"Point","coordinates":[-6.434938,36.741408]},"properties":{"id":"VUT/CA/20241","type":"VUT","group":"Completa","address":"CALLE NUESTRO PADRE JESUS CAUTIVO Nº 22 Pta/Letra B, puerta B","postal_code":"11550","places":4,"units":2,"registered":"2024-04-10","catastro":"9194201QA2699C0018HT","holder":"ACTIBALO, S. L.","holder_count":1}},{"type":"Feature","geometry":{"type":"Point","coordinates":[-6.416898,36.697692]},"properties":{"id":"VUT/CA/20259","type":"VUT","group":"Completa","address":"AVENIDA DE LA MUSICA Nº 7 Esc. 2 Plta/Piso 2 Pta/Letra 29, piso 2, puerta 29","postal_code":"11550","places":6,"units":2,"registered":"2024-04-12","catastro":"1046102QA3604E0052ST","holder":null,"holder_count":null}},{"type":"Feature","geometry":{"type":"Point","coordinates":[-6.417113,36.700235]},"properties":{"id":"VUT/CA/20275","type":"VUT","group":"Completa","address":"CALLE VERDI NUMERO 1 Nº 1 Blq. H2 Portal 1 Plta/Piso 2 Pta/Letra 11 Compl.Dom. CALLE VERDI BLOQUE H-2 PORTAL 1 , PLANTA 2 , APARTAMENTO 11, piso 2, puerta 11","postal_code":"41940","places":4,"units":2,"registered":"2024-04-15","catastro":"0749101QA3604H0459FT","holder":null,"holder_count":null}},{"type":"Feature","geometry":{"type":"Point","coordinates":[-6.419803,36.698002]},"properties":{"id":"VUT/CA/20290","type":"VUT","group":"Por habitaciones","address":"CALLE BACH Nº 1 Esc. 8 Plta/Piso bajo Pta/Letra a, piso bajo, puerta a","postal_code":"11550","places":3,"units":2,"registered":"2024-04-16","catastro":"0447102QA3604F0000RM","holder":null,"holder_count":null}},{"type":"Feature","geometry":{"type":"Point","coordinates":[-6.433697,36.735153]},"properties":{"id":"VUT/CA/20304","type":"VUT","group":"Completa","address":"CALLE MIGUEL DE CERVANTES Nº 44 Plta/Piso 1º Pta/Letra DCHA, piso 1º, puerta DCHA","postal_code":"11550","places":5,"units":3,"registered":"2024-04-17","catastro":"9387802QA2698E0003QJ","holder":null,"holder_count":null}},{"type":"Feature","geometry":{"type":"Point","coordinates":[-6.434444,36.7403]},"properties":{"id":"VUT/CA/20314","type":"VUT","group":"Completa","address":"CALLE Nuestra Señora de la O Nº 39 Pta/Letra 4, puerta 4","postal_code":"11550","places":6,"units":2,"registered":"2024-04-17","catastro":"9394712QA2699C0004SJ","holder":null,"holder_count":null}},{"type":"Feature","geometry":{"type":"Point","coordinates":[-6.430521,36.732793]},"properties":{"id":"VUT/CA/20343","type":"VUT","group":"Completa","address":"CALLE Manzano Nº 9","postal_code":"11550","places":4,"units":2,"registered":"2024-04-19","catastro":"9685110QA2698F0004IR","holder":null,"holder_count":null}},{"type":"Feature","geometry":{"type":"Point","coordinates":[-6.440943,36.735903]},"properties":{"id":"VUT/CA/20363","type":"VUT","group":"Completa","address":"CALLE Doctor Gómez Ulla Nº 42 Plta/Piso 3ª Pta/Letra Izq, piso 3ª, puerta Izq","postal_code":"11550","places":8,"units":2,"registered":"2024-04-22","catastro":"8689406QA2688H0007ZZ","holder":null,"holder_count":null}},{"type":"Feature","geometry":{"type":"Point","coordinates":[-6.437696,36.7331]},"properties":{"id":"VUT/CA/20368","type":"VUT","group":"Completa","address":"AVENIDA NUESTRA SEÑORA DE REGLA Nº 68-70 Pta/Letra CASA 2, puerta CASA 2","postal_code":"11550","places":6,"units":4,"registered":"2024-04-22","catastro":"8985102QA2688F0134LQ","holder":"MILÉSIMAS GRUPO HERMANOS CRUZ SL","holder_count":2}},{"type":"Feature","geometry":{"type":"Point","coordinates":[-6.434415,36.732596]},"properties":{"id":"VUT/CA/20372","type":"VUT","group":"Completa","address":"CALLE NARANJO Nº 19 Plta/Piso 1 Pta/Letra C, piso 1, puerta C","postal_code":"11550","places":4,"units":2,"registered":"2024-04-22","catastro":"9385623QA2698E0036RK","holder":null,"holder_count":null}},{"type":"Feature","geometry":{"type":"Point","coordinates":[-6.433697,36.735153]},"properties":{"id":"VUT/CA/20375","type":"VUT","group":"Completa","address":"CALLE Miguel de Cervantes Nº 44 Plta/Piso 1 Pta/Letra Izq., piso 1, puerta Izq.","postal_code":"11550","places":5,"units":3,"registered":"2024-04-23","catastro":"9387802QA2698E0002MH","holder":null,"holder_count":null}},{"type":"Feature","geometry":{"type":"Point","coordinates":[-6.434637,36.742027]},"properties":{"id":"VUT/CA/20379","type":"VUT","group":"Completa","address":"PASEO cruz del mar Nº 38 Calif.Nº v5","postal_code":"11550","places":4,"units":2,"registered":"2024-04-23","catastro":"9295801QA2699E0006TF","holder":"ELICEGUI CONSULTORES SL","holder_count":2}},{"type":"Feature","geometry":{"type":"Point","coordinates":[-6.416898,36.697692]},"properties":{"id":"VUT/CA/20394","type":"VUT","group":"Completa","address":"AVENIDA DE LA MUSICA Nº 7 Esc. 2 Plta/Piso 1 Pta/Letra 18, piso 1, puerta 18","postal_code":"11550","places":5,"units":3,"registered":"2024-04-24","catastro":"1046102QA3604E0041RB","holder":null,"holder_count":null}},{"type":"Feature","geometry":{"type":"Point","coordinates":[-6.439263,36.731099]},"properties":{"id":"VUT/CA/20415","type":"VUT","group":"Completa","address":"PASEO COSTA DE LA LUZ Nº 77","postal_code":"11550","places":10,"units":5,"registered":"2024-04-25","catastro":"8883011QA2688D0001JW","holder":null,"holder_count":null}},{"type":"Feature","geometry":{"type":"Point","coordinates":[-6.412459,36.69853]},"properties":{"id":"VUT/CA/20416","type":"VUT","group":"Completa","address":"CALLE MOZART Nº 3 Blq. 1 Esc. 1 Plta/Piso BAJO Pta/Letra B Compl.Dom. URBANIZACION JARDINES DEL LAGO, piso BAJO, puerta B","postal_code":"11550","places":4,"units":2,"registered":"2024-04-25","catastro":"1248104QA3614G0002SG","holder":null,"holder_count":null}},{"type":"Feature","geometry":{"type":"Point","coordinates":[-6.436553,36.740891]},"properties":{"id":"VUT/CA/20423","type":"VUT","group":"Completa","address":"CALLE DOCTOR TOLOSA LATOUR Nº 26 Plta/Piso 1 Pta/Letra B, piso 1, puerta B","postal_code":"11550","places":4,"units":2,"registered":"2024-04-26","catastro":"9094704QA2699C0004FJ","holder":null,"holder_count":null}},{"type":"Feature","geometry":{"type":"Point","coordinates":[-6.428257,36.742302]},"properties":{"id":"VUT/CA/20459","type":"VUT","group":"Completa","address":"CALLE RIO GUADIANA Nº 31 Plta/Piso 1, piso 1","postal_code":"11550","places":10,"units":4,"registered":"2024-04-29","catastro":"9796403QA2699F0002FL","holder":null,"holder_count":null}},{"type":"Feature","geometry":{"type":"Point","coordinates":[-6.436435,36.740658]},"properties":{"id":"VUT/CA/20540","type":"VUT","group":"Completa","address":"CALLE Isaac Peral Nº 12 Pta/Letra 1, puerta 1","postal_code":"11550","places":6,"units":2,"registered":"2024-05-07","catastro":"9094502QA2699C0001IF","holder":"2A&2J INVERSIONES SOCIEDAD DE RESPONSABILIDAD LIMITADA","holder_count":2}},{"type":"Feature","geometry":{"type":"Point","coordinates":[-6.436435,36.740658]},"properties":{"id":"VUT/CA/20541","type":"VUT","group":"Completa","address":"CALLE Calle Issac Peral Nº 12 Pta/Letra 2, puerta 2","postal_code":"11550","places":4,"units":1,"registered":"2024-05-07","catastro":"9094502QA2699C0001IF","holder":"2A&2J INVERSIONES SOCIEDAD DE RESPONSABILIDAD LIMITADA","holder_count":2}},{"type":"Feature","geometry":{"type":"Point","coordinates":[-6.436435,36.740658]},"properties":{"id":"VUT/CA/20543","type":"VUT","group":"Completa","address":"CALLE Calle Isaac Peral Nº 12 Pta/Letra 3, puerta 3","postal_code":"11550","places":6,"units":2,"registered":"2024-05-07","catastro":"9094502QA2699C0001IF","holder":"CONCESIONARIOS HERMANOS RAMOS S L","holder_count":1}},{"type":"Feature","geometry":{"type":"Point","coordinates":[-6.436368,36.741379]},"properties":{"id":"VUT/CA/20559","type":"VUT","group":"Completa","address":"PASEO CRUZ DEL MAR Nº 20 Portal 1 Plta/Piso 1 Pta/Letra E, piso 1, puerta E","postal_code":"11550","places":6,"units":3,"registered":"2024-05-08","catastro":"9094211QA2699C0005IK","holder":null,"holder_count":null}},{"type":"Feature","geometry":{"type":"Point","coordinates":[-6.419803,36.698002]},"properties":{"id":"VUT/CA/20699","type":"VUT","group":"Completa","address":"CALLE BACH Nº 1 Blq. 2 Portal 6 Plta/Piso 1 Pta/Letra B, piso 1, puerta B","postal_code":"11550","places":4,"units":2,"registered":"2024-05-17","catastro":"0447102QA3604F0000RM","holder":null,"holder_count":null}},{"type":"Feature","geometry":{"type":"Point","coordinates":[-6.419803,36.698002]},"properties":{"id":"VUT/CA/20758","type":"VUT","group":"Completa","address":"CALLE Bach Nº 1 Blq. 2 Esc. 6 Plta/Piso 2 Pta/Letra B, piso 2, puerta B","postal_code":"11550","places":5,"units":2,"registered":"2024-05-22","catastro":"0447102QA3604F0000RM","holder":null,"holder_count":null}},{"type":"Feature","geometry":{"type":"Point","coordinates":[-6.436292,36.740258]},"properties":{"id":"VUT/CA/20776","type":"VUT","group":"Completa","address":"CALLE AGUSTINA DE ARAGÓN Nº 1 Esc. ESCALERA","postal_code":"11550","places":4,"units":1,"registered":"2024-05-23","catastro":"9093001QA2699C0001BF","holder":null,"holder_count":null}},{"type":"Feature","geometry":{"type":"Point","coordinates":[-6.431244,36.735346]},"properties":{"id":"VUT/CA/20777","type":"VUT","group":"Completa","address":"CALLE avenida de rota Nº 50 Compl.Dom. chalet","postal_code":"41567","places":13,"units":4,"registered":"2024-05-23","catastro":"9588003QA2698H0001AL","holder":null,"holder_count":null}},{"type":"Feature","geometry":{"type":"Point","coordinates":[-6.435216,36.738165]},"properties":{"id":"VUT/CA/20796","type":"VUT","group":"Completa","address":"CALLE ISAAC PERAL Nº 58 Portal A Plta/Piso 1, piso 1","postal_code":"11550","places":2,"units":2,"registered":"2024-05-24","catastro":"9191013QA2699A0004JX","holder":null,"holder_count":null}},{"type":"Feature","geometry":{"type":"Point","coordinates":[-6.417113,36.700235]},"properties":{"id":"VUT/CA/20805","type":"VUT","group":"Completa","address":"CALLE Verdi Nº 1 Blq. 8 Portal 2 Esc. 1 Plta/Piso 0 Pta/Letra 2 Compl.Dom. HILERA 2, piso 0, puerta 2","postal_code":"11550","places":6,"units":3,"registered":"2024-05-25","catastro":"0749101QA3604H0450TL","holder":null,"holder_count":null}},{"type":"Feature","geometry":{"type":"Point","coordinates":[-6.419803,36.698002]},"properties":{"id":"VUT/CA/20806","type":"VUT","group":"Completa","address":"CALLE Bach Nº 1 Portal 1 Plta/Piso 2 Pta/Letra C, piso 2, puerta C","postal_code":"11550","places":8,"units":3,"registered":"2024-05-25","catastro":"0447102QA3604F0143GA","holder":null,"holder_count":null}},{"type":"Feature","geometry":{"type":"Point","coordinates":[-6.415397,36.698619]},"properties":{"id":"VUT/CA/20811","type":"VUT","group":"Completa","address":"CALLE MOZART Nº 2 Blq. 3 Esc. 2 Plta/Piso BAJO Pta/Letra B, piso BAJO, puerta B","postal_code":"11520","places":5,"units":2,"registered":"2024-05-27","catastro":"1046103QA3604E0049ZT","holder":null,"holder_count":null}},{"type":"Feature","geometry":{"type":"Point","coordinates":[-6.439566,36.737493]},"properties":{"id":"VUT/CA/20874","type":"VUT","group":"Completa","address":"CALLE RAMON Y CAJAL Nº 44 Plta/Piso 2 Pta/Letra 2, piso 2, puerta 2","postal_code":"11550","places":2,"units":1,"registered":"2024-05-29","catastro":"8790105QA2689B0015PS","holder":null,"holder_count":null}},{"type":"Feature","geometry":{"type":"Point","coordinates":[-6.417113,36.700235]},"properties":{"id":"VUT/CA/20900","type":"VUT","group":"Completa","address":"CALLE Verdi Nº 1 Blq. 8 Portal 2 Esc. 1 Plta/Piso 0 Pta/Letra 2 Compl.Dom. HILERA 2, piso 0, puerta 2","postal_code":"11550","places":6,"units":3,"registered":"2024-05-31","catastro":"0749101QA3604H0450TL","holder":null,"holder_count":null}},{"type":"Feature","geometry":{"type":"Point","coordinates":[-6.412459,36.69853]},"properties":{"id":"VUT/CA/20916","type":"VUT","group":"Completa","address":"CALLE MOZART Nº 3 Blq. 2 Portal 1 Plta/Piso 2 Pta/Letra E, piso 2, puerta E","postal_code":"11550","places":5,"units":2,"registered":"2024-06-03","catastro":"1248104QA3614G0065AF","holder":null,"holder_count":null}},{"type":"Feature","geometry":{"type":"Point","coordinates":[-6.418703,36.696642]},"properties":{"id":"VUT/CA/20934","type":"VUT","group":"Completa","address":"CALLE BEETHOVEN Nº 2 Portal 7 Plta/Piso BAJO Pta/Letra D Compl.Dom. URBANIZACION ELEVEN VIEWS, piso BAJO, puerta D","postal_code":"11550","places":8,"units":2,"registered":"2024-06-04","catastro":"0744104QA3604D0308MX","holder":null,"holder_count":null}},{"type":"Feature","geometry":{"type":"Point","coordinates":[-6.430659,36.73314]},"properties":{"id":"VUT/CA/20971","type":"VUT","group":"Completa","address":"CALLE OLMOS Nº 10 Esc. 1 Plta/Piso 1 Pta/Letra 3, piso 1, puerta 3","postal_code":"11550","places":6,"units":2,"registered":"2024-06-06","catastro":"9685114QA2698F0003BE","holder":null,"holder_count":null}},{"type":"Feature","geometry":{"type":"Point","coordinates":[-6.413604,36.699653]},"properties":{"id":"VUT/CA/21002","type":"VUT","group":"Completa","address":"URBANIZACION TURINA Km 0 Calif.Nº 0 Blq. 3 Portal 0 Esc. 1 Plta/Piso 1 Pta/Letra E Compl.Dom. URNANIZACION MAJADALES - COSTA BALLENA, piso 1, puerta E","postal_code":"11550","places":6,"units":2,"registered":"2024-06-09","catastro":"1248101QA3614G0001UF","holder":null,"holder_count":null}},{"type":"Feature","geometry":{"type":"Point","coordinates":[-6.412459,36.69853]},"properties":{"id":"VUT/CA/21009","type":"VUT","group":"Completa","address":"CALLE MOZART Nº 3 Blq. 1 Esc. 1 Plta/Piso 2 Pta/Letra E Compl.Dom. URBANIZACION JARDINES DEL LAGO, piso 2, puerta E","postal_code":"11550","places":6,"units":2,"registered":"2024-06-10","catastro":"1248104QA3614G0021WT","holder":null,"holder_count":null}},{"type":"Feature","geometry":{"type":"Point","coordinates":[-6.434906,36.739224]},"properties":{"id":"VUT/CA/21033","type":"VUT","group":"Completa","address":"CALLE Padre Lerchundi Nº 42 Plta/Piso 1ª Pta/Letra L, piso 1ª, puerta L","postal_code":"11550","places":4,"units":2,"registered":"2024-06-11","catastro":"9292442QA2699C0013OM","holder":null,"holder_count":null}},{"type":"Feature","geometry":{"type":"Point","coordinates":[-6.437296,36.729497]},"properties":{"id":"VUT/CA/21055","type":"VUT","group":"Completa","address":"CALLE PEZ ESPADA Nº 28 Plta/Piso 1 Pta/Letra A Compl.Dom. PLAYA DE REGLA, piso 1, puerta A","postal_code":"11550","places":4,"units":1,"registered":"2024-06-17","catastro":"8981222QA2688B0003SO","holder":null,"holder_count":null}},{"type":"Feature","geometry":{"type":"Point","coordinates":[-6.430316,36.732747]},"properties":{"id":"VUT/CA/21079","type":"VUT","group":"Completa","address":"CALLE GUINDO Nº 3 Plta/Piso 1 Pta/Letra B, piso 1, puerta B","postal_code":"11550","places":3,"units":2,"registered":"2024-06-14","catastro":"9685109QA2698F0005RT","holder":null,"holder_count":null}},{"type":"Feature","geometry":{"type":"Point","coordinates":[-6.430612,36.734725]},"properties":{"id":"VUT/CA/21086","type":"VUT","group":"Completa","address":"AVENIDA AVENIDA DE ROTA Nº 60 Portal 2 Plta/Piso 2 Pta/Letra A, piso 2, puerta A","postal_code":"11550","places":8,"units":3,"registered":"2024-06-14","catastro":"9587301QA2698H0057KF","holder":null,"holder_count":null}},{"type":"Feature","geometry":{"type":"Point","coordinates":[-6.434831,36.721512]},"properties":{"id":"VUT/CA/21133","type":"VUT","group":"Completa","address":"AVENIDA LAGUNA Nº 23 Esc. 6 Plta/Piso 2 Pta/Letra 2 Compl.Dom. MANZANA 20 RP-1/ZC-1, piso 2, puerta 2","postal_code":"11550","places":6,"units":3,"registered":"2024-06-19","catastro":"9371102QA2697A0091GW","holder":null,"holder_count":null}},{"type":"Feature","geometry":{"type":"Point","coordinates":[-6.417113,36.700235]},"properties":{"id":"VUT/CA/21161","type":"VUT","group":"Completa","address":"CALLE VERDI Nº 1 Blq. 1 Portal 1 Plta/Piso 2 Pta/Letra A Compl.Dom. URBANIZACION PLAYA AZUL - COSTA BALLENA, piso 2, puerta A","postal_code":"11550","places":5,"units":3,"registered":"2024-06-20","catastro":"0749101QA3604H0062WH","holder":null,"holder_count":null}},{"type":"Feature","geometry":{"type":"Point","coordinates":[-6.434637,36.742027]},"properties":{"id":"VUT/CA/21185","type":"VUT","group":"Completa","address":"AVENIDA SANLUCAR DE BARRAMEDA Nº 5 Esc. 1 Plta/Piso 00 Pta/Letra 4, piso 00, puerta 4","postal_code":"11550","places":6,"units":2,"registered":"2024-06-23","catastro":"9295801QA2699E0014PL","holder":null,"holder_count":null}},{"type":"Feature","geometry":{"type":"Point","coordinates":[-6.43158,36.741695]},"properties":{"id":"VUT/CA/21227","type":"VUT","group":"Completa","address":"CALLE JUANITA REINAS Nº 6","postal_code":"11550","places":6,"units":2,"registered":"2024-06-25","catastro":"9595010QA2699F0001ZK","holder":null,"holder_count":null}},{"type":"Feature","geometry":{"type":"Point","coordinates":[-6.438143,36.735703]},"properties":{"id":"VUT/CA/21305","type":"VUT","group":"Completa","address":"CALLE CLAVEL Nº 19 Plta/Piso 2 Pta/Letra 1, piso 2, puerta 1","postal_code":"11550","places":6,"units":3,"registered":"2024-07-02","catastro":"8988712QA2688H0001WG","holder":null,"holder_count":null}},{"type":"Feature","geometry":{"type":"Point","coordinates":[-6.438113,36.735617]},"properties":{"id":"VUT/CA/21313","type":"VUT","group":"Completa","address":"CALLE CLAVEL Nº 19 Plta/Piso 1, piso 1","postal_code":"11550","places":5,"units":2,"registered":"2024-07-03","catastro":"8988712QA2688H0001WG","holder":null,"holder_count":null}},{"type":"Feature","geometry":{"type":"Point","coordinates":[-6.419803,36.698002]},"properties":{"id":"VUT/CA/21327","type":"VUT","group":"Completa","address":"AVENIDA DE LA MUSICA Nº 10 Compl.Dom. CONJUNTO RESIDENCIAL ELEVEN LIGHTS","postal_code":"11520","places":6,"units":3,"registered":"2024-07-03","catastro":"0447102qa3604f0208kf","holder":null,"holder_count":null}},{"type":"Feature","geometry":{"type":"Point","coordinates":[-6.435781,36.724647]},"properties":{"id":"VUT/CA/21339","type":"VUT","group":"Completa","address":"CALLE ALGAIDA Nº 4 Blq. 4 Plta/Piso 1 Pta/Letra 4, piso 1, puerta 4","postal_code":"11550","places":5,"units":2,"registered":"2024-07-04","catastro":"9075401QA2697E0028BL","holder":null,"holder_count":null}},{"type":"Feature","geometry":{"type":"Point","coordinates":[-6.413604,36.699653]},"properties":{"id":"VUT/CA/21342","type":"VUT","group":"Completa","address":"CALLE TURINA Nº 2 Blq. 3 Esc. 3 Plta/Piso 1 Pta/Letra F, piso 1, puerta F","postal_code":"11550","places":5,"units":2,"registered":"2024-07-04","catastro":"1248101QA3614G0001UF","holder":"PUERTO DE SOMOSIERRA REHABILITACIONES Y PROYECTOS, S.L.","holder_count":1}},{"type":"Feature","geometry":{"type":"Point","coordinates":[-6.428366,36.740424]},"properties":{"id":"VUT/CA/21367","type":"VUT","group":"Completa","address":"CALLE VIRGEN DEL PERPETUO SOCORRO Nº 1 Esc. 1 Plta/Piso 2 Pta/Letra D Compl.Dom. EDIFICIO SAN JAVIER I, piso 2, puerta D","postal_code":"11550","places":6,"units":3,"registered":"2024-07-06","catastro":"9893801QA2699D0012LI","holder":null,"holder_count":null}},{"type":"Feature","geometry":{"type":"Point","coordinates":[-6.43844,36.733488]},"properties":{"id":"VUT/CA/21387","type":"VUT","group":"Completa","address":"AVENIDA SEVILLA Nº 69 Calif.Nº B Blq. A Esc. 1 Plta/Piso 00 Pta/Letra DR, piso 00, puerta DR","postal_code":"11550","places":6,"units":2,"registered":"2024-07-08","catastro":"8985114QA2688F0007PE","holder":null,"holder_count":null}},{"type":"Feature","geometry":{"type":"Point","coordinates":[-6.417113,36.700235]},"properties":{"id":"VUT/CA/21421","type":"VUT","group":"Completa","address":"CALLE Verdi Nº 1 Plta/Piso 0 Pta/Letra 8, piso 0, puerta 8","postal_code":"11550","places":8,"units":4,"registered":"2024-07-11","catastro":"0749101QA3604H0464HU","holder":null,"holder_count":null}},{"type":"Feature","geometry":{"type":"Point","coordinates":[-6.417113,36.700235]},"properties":{"id":"VUT/CA/21423","type":"VUT","group":"Completa","address":"CALLE Verdi Nº 1 Plta/Piso 0 Pta/Letra 8, piso 0, puerta 8","postal_code":"11550","places":6,"units":2,"registered":"2024-07-11","catastro":"0749101QA3604H0456AW","holder":null,"holder_count":null}},{"type":"Feature","geometry":{"type":"Point","coordinates":[-6.434572,36.719373]},"properties":{"id":"VUT/CA/21444","type":"VUT","group":"Completa","address":"AVENIDA LA LAGUNA Nº 33 Plta/Piso 2 Pta/Letra B Compl.Dom. AVENIDA DE LA LAGUNA, piso 2, puerta B","postal_code":"11550","places":6,"units":2,"registered":"2024-07-14","catastro":"9369107QA2696G0008OY","holder":null,"holder_count":null}},{"type":"Feature","geometry":{"type":"Point","coordinates":[-6.431582,36.738493]},"properties":{"id":"VUT/CA/21486","type":"VUT","group":"Completa","address":"CALLE cecilia bohl de faber Nº 13 Pta/Letra B, puerta B","postal_code":"11550","places":8,"units":2,"registered":"2024-07-17","catastro":"9592607QA2699B0001UT","holder":null,"holder_count":null}},{"type":"Feature","geometry":{"type":"Point","coordinates":[-6.437372,36.740561]},"properties":{"id":"VUT/CA/21499","type":"VUT","group":"Completa","address":"CALLE CASTILLO Nº 8 Esc. 1 Plta/Piso 1 Pta/Letra B, piso 1, puerta B","postal_code":"11550","places":6,"units":2,"registered":"2024-07-18","catastro":"8994503QA2689D0009OR","holder":null,"holder_count":null}},{"type":"Feature","geometry":{"type":"Point","coordinates":[-6.439791,36.736823]},"properties":{"id":"VUT/CA/21540","type":"VUT","group":"Completa","address":"CALLE SALMEDINA Nº 12","postal_code":"11550","places":6,"units":4,"registered":"2024-07-23","catastro":"8790507QA2689B0001PQ","holder":null,"holder_count":null}},{"type":"Feature","geometry":{"type":"Point","coordinates":[-6.431102,36.733581]},"properties":{"id":"VUT/CA/21573","type":"VUT","group":"Completa","address":"CALLE ALGARROBO Nº 23 Esc. 1 Plta/Piso 0 Pta/Letra A, piso 0, puerta A","postal_code":"11550","places":5,"units":2,"registered":"2024-07-24","catastro":"9586002QA2698F0019UH","holder":null,"holder_count":null}},{"type":"Feature","geometry":{"type":"Point","coordinates":[-6.430337,36.743261]},"properties":{"id":"VUT/CA/21574","type":"VUT","group":"Completa","address":"CALLE Paquita Rico Nº 2 Plta/Piso 2 Pta/Letra I Compl.Dom. RESIDENCIAL PUERTO CHIPIONA, piso 2, puerta I","postal_code":"11550","places":8,"units":3,"registered":"2024-07-24","catastro":"9696803QA2699F0025OD","holder":null,"holder_count":null}},{"type":"Feature","geometry":{"type":"Point","coordinates":[-6.420541,36.69883]},"properties":{"id":"VUT/CA/21611","type":"VUT","group":"Completa","address":"CALLE BACH Nº 3 Portal 8 Plta/Piso 0 Pta/Letra C, piso 0, puerta C","postal_code":"11550","places":5,"units":2,"registered":"2024-07-27","catastro":"0447101QA3604F0001LQ","holder":null,"holder_count":null}},{"type":"Feature","geometry":{"type":"Point","coordinates":[-6.420541,36.69883]},"properties":{"id":"VUT/CA/21642","type":"VUT","group":"Completa","address":"CALLE Bach Blq. 2 Portal 3 Plta/Piso 1 Pta/Letra C, piso 1, puerta C","postal_code":"11550","places":6,"units":2,"registered":"2024-07-30","catastro":"0447101QA3604F0024DK","holder":null,"holder_count":null}},{"type":"Feature","geometry":{"type":"Point","coordinates":[-6.420541,36.69883]},"properties":{"id":"VUT/CA/21646","type":"VUT","group":"Completa","address":"CALLE BACH Nº 3 Blq. 2 Portal 3 Plta/Piso BAJO Pta/Letra B, piso BAJO, puerta B","postal_code":"11550","places":6,"units":2,"registered":"2024-07-30","catastro":"0447101QA3604F0020OF","holder":"STAYCARE SLU","holder_count":2}},{"type":"Feature","geometry":{"type":"Point","coordinates":[-6.441563,36.73726]},"properties":{"id":"VUT/CA/21657","type":"VUT","group":"Por habitaciones","address":"PASEO Costa de la Luz Nº 3 Portal 2 Plta/Piso 3 Pta/Letra A, piso 3, puerta A","postal_code":"31550","places":6,"units":3,"registered":"2024-07-31","catastro":"8690704QA2689B0029ZM","holder":null,"holder_count":null}},{"type":"Feature","geometry":{"type":"Point","coordinates":[-6.417113,36.700235]},"properties":{"id":"VUT/CA/21664","type":"VUT","group":"Completa","address":"CALLE Verdi Nº 1 Blq. H3 Plta/Piso Bajo Pta/Letra 3, piso Bajo, puerta 3","postal_code":"11550","places":6,"units":3,"registered":"2024-08-01","catastro":"0749101QA3604H0411QG","holder":null,"holder_count":null}},{"type":"Feature","geometry":{"type":"Point","coordinates":[-6.433852,36.718245]},"properties":{"id":"VUT/CA/21709","type":"VUT","group":"Completa","address":"AVENIDA LAGUNA DE LA Nº 43 Blq. 2 Esc. 4 Plta/Piso 1 Pta/Letra D Compl.Dom. RESIDENCIAL TORRELAGUNA, piso 1, puerta D","postal_code":"11550","places":6,"units":3,"registered":"2024-08-06","catastro":"9369101QA2696G0048YA","holder":null,"holder_count":null}},{"type":"Feature","geometry":{"type":"Point","coordinates":[-6.436386,36.740862]},"properties":{"id":"VUT/CA/21739","type":"VUT","group":"Completa","address":"CALLE Doctor Tolosa Latour Nº 19 Plta/Piso 1 Pta/Letra 2 Compl.Dom. C/ Doctor Tolosa Latour / Isaac Peral, piso 1, puerta 2","postal_code":"11550","places":2,"units":1,"registered":"2024-08-10","catastro":"9194709QA2699C0008OZ","holder":null,"holder_count":null}},{"type":"Feature","geometry":{"type":"Point","coordinates":[-6.418703,36.696642]},"properties":{"id":"VUT/CA/21750","type":"VUT","group":"Completa","address":"CALLE BEETHOVEN Nº 2 Blq. 4 Esc. 8 Plta/Piso 0 Pta/Letra 25B, piso 0, puerta 25B","postal_code":"11550","places":4,"units":2,"registered":"2024-08-12","catastro":"0744104QA3604D0321UY","holder":null,"holder_count":null}},{"type":"Feature","geometry":{"type":"Point","coordinates":[-6.386214,36.74061]},"properties":{"id":"VUT/CA/21774","type":"VUT","group":"Completa","address":"CAMINO SANTERO Nº SN","postal_code":"11550","places":15,"units":3,"registered":"2024-08-14","catastro":"11016A004001630000TO","holder":null,"holder_count":null}},{"type":"Feature","geometry":{"type":"Point","coordinates":[-6.420541,36.69883]},"properties":{"id":"VUT/CA/21803","type":"VUT","group":"Completa","address":"CALLE BACH Nº 3 Portal 6 Plta/Piso Bajo Pta/Letra a, piso Bajo, puerta a","postal_code":"11550","places":6,"units":2,"registered":"2024-08-19","catastro":"0447101QA3604F0001LQ","holder":null,"holder_count":null}},{"type":"Feature","geometry":{"type":"Point","coordinates":[-6.420541,36.69883]},"properties":{"id":"VUT/CA/21847","type":"VUT","group":"Completa","address":"CALLE BACH Nº 3 Portal 8 Plta/Piso 0 Pta/Letra C Compl.Dom. URBANIZACION AMENABAR OCEAN, COSTA BALLENA, piso 0, puerta C","postal_code":"11550","places":5,"units":2,"registered":"2024-08-22","catastro":"0447101QA3604F0001LQ","holder":null,"holder_count":null}},{"type":"Feature","geometry":{"type":"Point","coordinates":[-6.435613,36.740133]},"properties":{"id":"VUT/CA/21861","type":"VUT","group":"Completa","address":"CALLE larga Nº 54 Plta/Piso bajo Pta/Letra c, piso bajo, puerta c","postal_code":"11550","places":5,"units":2,"registered":"2024-08-25","catastro":"9193024QA2699C0012SX","holder":"GADYC DESARROLLOS ENERGETICOS SL","holder_count":1}},{"type":"Feature","geometry":{"type":"Point","coordinates":[-6.437575,36.739617]},"properties":{"id":"VUT/CA/21864","type":"VUT","group":"Completa","address":"CALLE LARGA Nº 19/21 Esc. 1 Plta/Piso 00 Pta/Letra 02, piso 00, puerta 02","postal_code":"11550","places":5,"units":2,"registered":"2024-08-26","catastro":"8993021QA2689D0041BQ","holder":null,"holder_count":null}},{"type":"Feature","geometry":{"type":"Point","coordinates":[-6.438987,36.740422]},"properties":{"id":"VUT/CA/21920","type":"VUT","group":"Completa","address":"CALLE DOCTOR TOLOSA LATOUR Nº 44 Portal 7 Plta/Piso 1 Pta/Letra C Compl.Dom. EDIFICIO VILLABLANCA, piso 1, puerta C","postal_code":"11550","places":4,"units":2,"registered":"2024-09-04","catastro":"8893015QA2689D0006QQ","holder":"ARROYO PALOMO SOCIEDAD LIMITADA","holder_count":2}},{"type":"Feature","geometry":{"type":"Point","coordinates":[-6.420541,36.69883]},"properties":{"id":"VUT/CA/21935","type":"VUT","group":"Completa","address":"CALLE Bach Nº 3 Portal 10 Plta/Piso Bajo Pta/Letra B Compl.Dom. Urbanización Amenabar Ocean, piso Bajo, puerta B","postal_code":"11150","places":4,"units":2,"registered":"2024-09-05","catastro":"0447101QA3604F0081YA","holder":null,"holder_count":null}},{"type":"Feature","geometry":{"type":"Point","coordinates":[-6.434113,36.73527]},"properties":{"id":"VUT/CA/21943","type":"VUT","group":"Completa","address":"AVENIDA DEL EJERCITO Nº 28 Esc. 1 Plta/Piso 1 Pta/Letra 11, piso 1, puerta 11","postal_code":"11550","places":7,"units":2,"registered":"2024-09-06","catastro":"9387836QA2698E0047TE","holder":null,"holder_count":null}},{"type":"Feature","geometry":{"type":"Point","coordinates":[-6.433018,36.74025]},"properties":{"id":"VUT/CA/21959","type":"VUT","group":"Completa","address":"CALLE NUESTRA SEÑORA DE LA O Nº 50 Esc. 1 Plta/Piso 0 Pta/Letra 9, piso 0, puerta 9","postal_code":"11550","places":4,"units":3,"registered":"2024-09-10","catastro":"9394417QA2699C0009RX","holder":null,"holder_count":null}},{"type":"Feature","geometry":{"type":"Point","coordinates":[-6.433018,36.74025]},"properties":{"id":"VUT/CA/21997","type":"VUT","group":"Completa","address":"CALLE NUESTRA SEÑORA DE LA O Nº 50 Esc. 1 Plta/Piso 0 Pta/Letra 1, piso 0, puerta 1","postal_code":"11550","places":5,"units":3,"registered":"2024-09-17","catastro":"9394417QA2699C0001LF","holder":null,"holder_count":null}},{"type":"Feature","geometry":{"type":"Point","coordinates":[-6.412459,36.69853]},"properties":{"id":"VUT/CA/22024","type":"VUT","group":"Completa","address":"CALLE MOZART Nº 3 Portal 1 Esc. 1 Plta/Piso 1 Pta/Letra E Compl.Dom. URBANIZACION JARDINES DEL LAGO, piso 1, puerta E","postal_code":"11550","places":4,"units":2,"registered":"2024-09-20","catastro":"1248104QA3614G0013BM","holder":null,"holder_count":null}},{"type":"Feature","geometry":{"type":"Point","coordinates":[-6.412459,36.69853]},"properties":{"id":"VUT/CA/22034","type":"VUT","group":"Completa","address":"CALLE MOZART Nº 3 Portal 1 Esc. 1 Plta/Piso 1 Pta/Letra D Compl.Dom. URBANIZACION JARDINES DEL LAGO, piso 1, puerta D","postal_code":"11550","places":4,"units":2,"registered":"2024-09-23","catastro":"1248104QA3614G0012LX","holder":null,"holder_count":null}},{"type":"Feature","geometry":{"type":"Point","coordinates":[-6.405145,36.757067]},"properties":{"id":"VUT/CA/22040","type":"VUT","group":"Completa","address":"CAMINO PISTA MONTIJO Nº 35 Compl.Dom. POLIGONO 1 PARCELA 35 COPINA","postal_code":"11550","places":8,"units":3,"registered":"2024-09-25","catastro":"11016A001000350000TL","holder":null,"holder_count":null}},{"type":"Feature","geometry":{"type":"Point","coordinates":[-6.435544,36.741578]},"properties":{"id":"VUT/CA/22041","type":"VUT","group":"Completa","address":"CALLE MANUEL BUENO CASTELLANO Nº 2 Pta/Letra 8, puerta 8","postal_code":"11550","places":8,"units":3,"registered":"2024-09-25","catastro":"9295805QA2699E0008BH","holder":null,"holder_count":null}},{"type":"Feature","geometry":{"type":"Point","coordinates":[-6.435851,36.729134]},"properties":{"id":"VUT/CA/22071","type":"VUT","group":"Completa","address":"CALLE MERO Nº 40","postal_code":"11550","places":6,"units":3,"registered":"2024-09-30","catastro":"9181705QA2698A0001IW","holder":null,"holder_count":null}},{"type":"Feature","geometry":{"type":"Point","coordinates":[-6.420541,36.69883]},"properties":{"id":"VUT/CA/22114","type":"VUT","group":"Completa","address":"CALLE BACH Nº 3 Blq. 5 Plta/Piso 1 Pta/Letra A, piso 1, puerta A","postal_code":"11550","places":4,"units":2,"registered":"2024-10-08","catastro":"0447101QA3604F0040MT","holder":"MACARAL ARQUITECTURA, S.L.","holder_count":1}},{"type":"Feature","geometry":{"type":"Point","coordinates":[-6.436733,36.731142]},"properties":{"id":"VUT/CA/22119","type":"VUT","group":"Completa","address":"AVENIDA PADRE ANGEL DE NEBREDA Nº 6 Portal 1 Plta/Piso BAJO Pta/Letra G Compl.Dom. EDIFICIO LUXEMBURGO, piso BAJO, puerta G","postal_code":"11550","places":5,"units":2,"registered":"2024-10-09","catastro":"9083002QA2698C0007ME","holder":null,"holder_count":null}},{"type":"Feature","geometry":{"type":"Point","coordinates":[-6.438987,36.740422]},"properties":{"id":"VUT/CA/22122","type":"VUT","group":"Completa","address":"CALLE DOCTOR TOLOSA LATOUR Nº 44","postal_code":"11550","places":4,"units":2,"registered":"2024-10-09","catastro":"8893015QA2689D0006QQ","holder":"ARROYO PALOMO SOCIEDAD LIMINTADA","holder_count":1}},{"type":"Feature","geometry":{"type":"Point","coordinates":[-6.419803,36.698002]},"properties":{"id":"VUT/CA/22130","type":"VUT","group":"Completa","address":"AVENIDA DE LA MUSICA Nº 10 Blq. 3 Esc. 8 Plta/Piso BAJA Pta/Letra 23 Compl.Dom. AVENIDA DE LA MUSICA 10 BLOQUE 3 ESCALERA 8 PLANTA BAJA VIVIENDA 23, piso BAJA, puerta 23","postal_code":"11550","places":4,"units":2,"registered":"2024-10-10","catastro":"0447102QA3604F0196UE","holder":null,"holder_count":null}},{"type":"Feature","geometry":{"type":"Point","coordinates":[-6.433533,36.731749]},"properties":{"id":"VUT/CA/22168","type":"VUT","group":"Completa","address":"CALLE ALAMO Nº 19 Plta/Piso 1 Pta/Letra IZ, piso 1, puerta IZ","postal_code":"11550","places":4,"units":2,"registered":"2024-10-16","catastro":"9384009QA2698C0003JX","holder":null,"holder_count":null}},{"type":"Feature","geometry":{"type":"Point","coordinates":[-6.432224,36.742434]},"properties":{"id":"VUT/CA/22191","type":"VUT","group":"Completa","address":"CALLE EL BARRIO Nº 11 Esc. 1 Plta/Piso 1 Pta/Letra 14, piso 1, puerta 14","postal_code":"11550","places":5,"units":1,"registered":"2024-10-18","catastro":"9496020QA2699E0015HB","holder":null,"holder_count":null}},{"type":"Feature","geometry":{"type":"Point","coordinates":[-6.402249,36.759629]},"properties":{"id":"VUT/CA/22234","type":"VUT","group":"Completa","address":"DISEMINADO VALDECONEJOS Nº 552","postal_code":"11550","places":4,"units":2,"registered":"2024-10-26","catastro":"2020552QA3722A0001DR","holder":null,"holder_count":null}},{"type":"Feature","geometry":{"type":"Point","coordinates":[-6.420541,36.69883]},"properties":{"id":"VUT/CA/22246","type":"VUT","group":"Completa","address":"CALLE BACH Nº 3 Portal 7 Plta/Piso 1 Pta/Letra B, piso 1, puerta B","postal_code":"11550","places":4,"units":2,"registered":"2024-10-28","catastro":"0447101QA3604F0059HZ","holder":"STAYCARE SLU","holder_count":2}},{"type":"Feature","geometry":{"type":"Point","coordinates":[-6.417113,36.700235]},"properties":{"id":"VUT/CA/22263","type":"VUT","group":"Completa","address":"CALLE VERDI 1 Nº 1 Blq. 7 Plta/Piso 2 Pta/Letra 12 Compl.Dom. HILERA 3 VIVIENDA 12, piso 2, puerta 12","postal_code":"11550","places":6,"units":2,"registered":"2024-10-30","catastro":"0749101QA3604H0420UZ","holder":null,"holder_count":null}},{"type":"Feature","geometry":{"type":"Point","coordinates":[-6.429285,36.741136]},"properties":{"id":"VUT/CA/22313","type":"VUT","group":"Completa","address":"CALLE Rio Miño Nº 2 Plta/Piso 2 Pta/Letra a, piso 2, puerta a","postal_code":"11550","places":2,"units":3,"registered":"2024-11-07","catastro":"9794801QA2699D0006YT","holder":null,"holder_count":null}},{"type":"Feature","geometry":{"type":"Point","coordinates":[-6.4348,36.741522]},"properties":{"id":"VUT/CA/22370","type":"VUT","group":"Completa","address":"AVENIDA Sanlucar de Barrameda Nº 2 Portal 2 Pta/Letra 18, puerta 18","postal_code":"11550","places":7,"units":2,"registered":"2024-11-18","catastro":"9395750QA2699E0100BA","holder":null,"holder_count":null}},{"type":"Feature","geometry":{"type":"Point","coordinates":[-6.417113,36.700235]},"properties":{"id":"VUT/CA/22375","type":"VUT","group":"Completa","address":"CALLE VERDI Nº 1 Blq. 3 Portal 2 Plta/Piso BAJO Pta/Letra C, piso BAJO, puerta C","postal_code":"11550","places":6,"units":2,"registered":"2024-11-18","catastro":"0749101QA3604H0245BA","holder":null,"holder_count":null}},{"type":"Feature","geometry":{"type":"Point","coordinates":[-6.434952,36.739354]},"properties":{"id":"VUT/CA/22382","type":"VUT","group":"Completa","address":"CALLE PADRE LERCHUNDI Nº 33 Plta/Piso 1 Pta/Letra D, piso 1, puerta D","postal_code":"11550","places":4,"units":1,"registered":"2024-11-20","catastro":"9293608QA2699C0001XF","holder":"ANDASOL PLUS, SL","holder_count":2}},{"type":"Feature","geometry":{"type":"Point","coordinates":[-6.434952,36.739354]},"properties":{"id":"VUT/CA/22389","type":"VUT","group":"Completa","address":"CALLE PADRE LERCHUNDI Nº 33 Plta/Piso 1 Pta/Letra IZQUIERDA, piso 1, puerta IZQUIERDA","postal_code":"11550","places":4,"units":1,"registered":"2024-11-20","catastro":"9293608QA2699C0001XF","holder":"ANDASOL PLUS, SL","holder_count":2}},{"type":"Feature","geometry":{"type":"Point","coordinates":[-6.437885,36.739462]},"properties":{"id":"VUT/CA/22419","type":"VUT","group":"Completa","address":"CALLE LARGA Nº 9 Plta/Piso 1 Pta/Letra F, piso 1, puerta F","postal_code":"41710","places":4,"units":2,"registered":"2024-11-25","catastro":"8993031QA2689D0001OL","holder":null,"holder_count":null}},{"type":"Feature","geometry":{"type":"Point","coordinates":[-6.436489,36.7399]},"properties":{"id":"VUT/CA/22422","type":"VUT","group":"Completa","address":"CALLE LARGA Nº 41 Esc. 1 Pta/Letra 1, puerta 1","postal_code":"11550","places":6,"units":2,"registered":"2024-11-25","catastro":"9093006QA2699C0002BG","holder":null,"holder_count":null}},{"type":"Feature","geometry":{"type":"Point","coordinates":[-6.413604,36.699653]},"properties":{"id":"VUT/CA/22455","type":"VUT","group":"Completa","address":"CALLE TURINA Nº 2 Blq. 4 Esc. 1 Plta/Piso BAJA Pta/Letra H Compl.Dom. URBANIZACIÓN JARDINES DE MAJADALES, piso BAJA, puerta H","postal_code":"11550","places":4,"units":2,"registered":"2024-11-29","catastro":"1248101QA3614G0052BR","holder":null,"holder_count":null}},{"type":"Feature","geometry":{"type":"Point","coordinates":[-6.434488,36.720287]},"properties":{"id":"VUT/CA/22492","type":"VUT","group":"Completa","address":"AVENIDA DE LA LAGUNA Portal 13 Plta/Piso 3 Pta/Letra 1 Compl.Dom. RESIDENCIAL COSTA MARINA TERCRA FASE, piso 3, puerta 1","postal_code":"11550","places":4,"units":2,"registered":"2024-12-05","catastro":"9371104QA2697A0009QH","holder":null,"holder_count":null}},{"type":"Feature","geometry":{"type":"Point","coordinates":[-6.433165,36.74159]},"properties":{"id":"VUT/CA/22499","type":"VUT","group":"Completa","address":"APARTAMENTO Calle Maestra Dª.josefa Delgado Jimenez (Antigua calle nueva) Nº 14 Plta/Piso 1 Pta/Letra E Compl.Dom. Calle Maestra Dª.josefa Delgado Jimenez (Antigua calle nueva) RESIDENCIAL CALLE NUEVA, piso 1, puerta E","postal_code":"11550","places":4,"units":1,"registered":"2024-12-09","catastro":"9395707QA2699E0010WG","holder":null,"holder_count":null}},{"type":"Feature","geometry":{"type":"Point","coordinates":[-6.44043,36.735459]},"properties":{"id":"VUT/CA/22500","type":"VUT","group":"Completa","address":"CALLE CLAVEL Nº 48 Plta/Piso 1º Pta/Letra DERECHA, piso 1º, puerta DERECHA","postal_code":"11550","places":5,"units":3,"registered":"2024-12-09","catastro":"8688304QA2688H0004FK","holder":null,"holder_count":null}},{"type":"Feature","geometry":{"type":"Point","coordinates":[-6.432195,36.738148]},"properties":{"id":"VUT/CA/22503","type":"VUT","group":"Completa","address":"CALLE JOSE MARIA DE PEMAN Nº 3 Compl.Dom. AHORA SE LLAMA LA CALLE, CECELIA BOLH DE FABER, 3","postal_code":"11550","places":6,"units":3,"registered":"2024-12-10","catastro":"9491106QA2699A0001RL","holder":null,"holder_count":null}},{"type":"Feature","geometry":{"type":"Point","coordinates":[-6.437142,36.729998]},"properties":{"id":"VUT/CA/22509","type":"VUT","group":"Completa","address":"CALLE URTA Nº 17 Portal A Plta/Piso 3 Pta/Letra A, piso 3, puerta A","postal_code":"11550","places":5,"units":1,"registered":"2024-12-11","catastro":"8981216QA2688B0007SD","holder":null,"holder_count":null}},{"type":"Feature","geometry":{"type":"Point","coordinates":[-6.434964,36.739386]},"properties":{"id":"VUT/CA/22510","type":"VUT","group":"Completa","address":"CALLE PADRE LERCHUNDI Nº 33B Plta/Piso BAJA, piso BAJA","postal_code":"11550","places":4,"units":1,"registered":"2024-12-11","catastro":"9293608QA2699C0001XF","holder":null,"holder_count":null}},{"type":"Feature","geometry":{"type":"Point","coordinates":[-6.434952,36.739354]},"properties":{"id":"VUT/CA/22514","type":"VUT","group":"Completa","address":"CALLE PADRE LERCHUNDI Nº 33A Portal A Plta/Piso BAJA, piso BAJA","postal_code":"11550","places":4,"units":1,"registered":"2024-12-11","catastro":"9293608QA2699C0001XF","holder":null,"holder_count":null}},{"type":"Feature","geometry":{"type":"Point","coordinates":[-6.420541,36.69883]},"properties":{"id":"VUT/CA/22547","type":"VUT","group":"Completa","address":"CALLE Bach Nº 3 Portal 6 Plta/Piso 2 Pta/Letra A, piso 2, puerta A","postal_code":"11520","places":3,"units":2,"registered":"2024-12-16","catastro":"0447101QA3604F0001LQ","holder":"Ace y Tie Servicios y Promociones SL","holder_count":2}},{"type":"Feature","geometry":{"type":"Point","coordinates":[-6.420541,36.69883]},"properties":{"id":"VUT/CA/22548","type":"VUT","group":"Completa","address":"CALLE Bach Nº 3 Portal 9 Plta/Piso 2 Pta/Letra AB, piso 2, puerta AB","postal_code":"11520","places":3,"units":3,"registered":"2024-12-16","catastro":"0447101QA3604F0001LQ","holder":"Ace y Tie Servicios y Promociones SL","holder_count":2}},{"type":"Feature","geometry":{"type":"Point","coordinates":[-6.426027,36.729742]},"properties":{"id":"VUT/CA/22550","type":"VUT","group":"Completa","address":"CALLE PEDRO DE HEREDIA Nº 16 Esc. 1 Plta/Piso 0 Pta/Letra 2, piso 0, puerta 2","postal_code":"11550","places":5,"units":2,"registered":"2024-12-16","catastro":"0082621QA2698B0019TE","holder":null,"holder_count":null}},{"type":"Feature","geometry":{"type":"Point","coordinates":[-6.417545,36.695159]},"properties":{"id":"VUT/CA/22561","type":"VUT","group":"Completa","address":"CALLE BEETHOVEN Nº 4 Blq. 1 Plta/Piso 1 Pta/Letra G, piso 1, puerta G","postal_code":"11550","places":5,"units":2,"registered":"2024-12-17","catastro":"0744102QA3604D0131DU","holder":"STAYCARE, S.L.U.","holder_count":2}},{"type":"Feature","geometry":{"type":"Point","coordinates":[-6.418499,36.699376]},"properties":{"id":"VUT/CA/22598","type":"VUT","group":"Completa","address":"AVENIDA DE LA MÚSICA Nº 8 Portal 7 Plta/Piso 1 Pta/Letra C, piso 1, puerta C","postal_code":"11550","places":4,"units":2,"registered":"2024-12-29","catastro":"0749102QA3604H0001FL","holder":null,"holder_count":null}},{"type":"Feature","geometry":{"type":"Point","coordinates":[-6.417113,36.700235]},"properties":{"id":"VUT/CA/22609","type":"VUT","group":"Completa","address":"AVENIDA DE LA MUSICA Nº 6 Blq. H3 Plta/Piso PB Pta/Letra 6, piso PB, puerta 6","postal_code":"11550","places":6,"units":3,"registered":"2024-12-31","catastro":"0749101QA3604H0414RK","holder":null,"holder_count":null}},{"type":"Feature","geometry":{"type":"Point","coordinates":[-6.420541,36.69883]},"properties":{"id":"VUT/CA/22611","type":"VUT","group":"Completa","address":"CALLE Bach Nº 3 Portal 5 Plta/Piso 1 Pta/Letra C Compl.Dom. Urbanización Amenabar Ocean, piso 1, puerta C","postal_code":"11550","places":4,"units":2,"registered":"2025-01-01","catastro":"0447101QA3604F0042WU","holder":null,"holder_count":null}},{"type":"Feature","geometry":{"type":"Point","coordinates":[-6.435829,36.740692]},"properties":{"id":"VUT/CA/22623","type":"VUT","group":"Completa","address":"CALLE FRAY BALDOMERO GONZALEZ Nº 7 Esc. 1 Plta/Piso 0 Pta/Letra A, piso 0, puerta A","postal_code":"11550","places":6,"units":2,"registered":"2025-01-03","catastro":"9194703QA2699C0001JF","holder":null,"holder_count":null}},{"type":"Feature","geometry":{"type":"Point","coordinates":[-6.420541,36.69883]},"properties":{"id":"VUT/CA/22626","type":"VUT","group":"Completa","address":"CALLE BACH Nº 3 Blq. 4 Portal 8 Plta/Piso 1 Pta/Letra B, piso 1, puerta B","postal_code":"11550","places":4,"units":2,"registered":"2025-01-03","catastro":"0447101QA3604F0067ZE","holder":null,"holder_count":null}},{"type":"Feature","geometry":{"type":"Point","coordinates":[-6.419803,36.698002]},"properties":{"id":"VUT/CA/22659","type":"VUT","group":"Completa","address":"CALLE BACH Nº 1 Blq. 1 Portal 3 Plta/Piso 1 Pta/Letra C, piso 1, puerta C","postal_code":"11550","places":4,"units":2,"registered":"2025-01-09","catastro":"0447102QA3604F0157EX","holder":"INMOPUNTA ALSOL, SL","holder_count":12}},{"type":"Feature","geometry":{"type":"Point","coordinates":[-6.431157,36.743417]},"properties":{"id":"VUT/CA/22661","type":"VUT","group":"Completa","address":"AVENIDA SANLÚCAR DE BARRAMEDA Nº 60 Plta/Piso 1, piso 1","postal_code":"11550","places":10,"units":4,"registered":"2025-01-09","catastro":"9597508QA2699H0002GF","holder":null,"holder_count":null}},{"type":"Feature","geometry":{"type":"Point","coordinates":[-6.418703,36.696642]},"properties":{"id":"VUT/CA/22723","type":"VUT","group":"Completa","address":"CALLE BEETHOVEN, Nº 2 Blq. 1 Esc. 1 Plta/Piso BAJO Pta/Letra 1, piso BAJO, puerta 1","postal_code":"14400","places":8,"units":3,"registered":"2025-01-17","catastro":"0744104QA3604D0251WQ","holder":"SOLERA ADMINISTRACION,S.L.","holder_count":2}},{"type":"Feature","geometry":{"type":"Point","coordinates":[-6.433413,36.738489]},"properties":{"id":"VUT/CA/22725","type":"VUT","group":"Completa","address":"CALLE VICTOR PRADERA Nº 51 Portal 2 Plta/Piso 2, piso 2","postal_code":"11550","places":4,"units":1,"registered":"2025-01-17","catastro":"9292416QA2699C0008GZ","holder":null,"holder_count":null}},{"type":"Feature","geometry":{"type":"Point","coordinates":[-6.420541,36.69883]},"properties":{"id":"VUT/CA/22794","type":"VUT","group":"Completa","address":"CALLE BACH Nº 3 Blq. 1 Portal 1 Plta/Piso BAJA Pta/Letra A, piso BAJA, puerta A","postal_code":"11550","places":5,"units":2,"registered":"2025-01-25","catastro":"0447101QA3604F1001JX","holder":null,"holder_count":null}},{"type":"Feature","geometry":{"type":"Point","coordinates":[-6.416898,36.697692]},"properties":{"id":"VUT/CA/22846","type":"VUT","group":"Completa","address":"AVENIDA DE LA MUSICA Nº 7 Esc. 5 Plta/Piso 1 Pta/Letra 20, piso 1, puerta 20","postal_code":"11550","places":8,"units":4,"registered":"2025-01-30","catastro":"1046102QA3604E0120GI","holder":null,"holder_count":null}},{"type":"Feature","geometry":{"type":"Point","coordinates":[-6.418703,36.696642]},"properties":{"id":"VUT/CA/22852","type":"VUT","group":"Completa","address":"CALLE BEETHOVEN Nº 2 Esc. 4 Plta/Piso 2 Pta/Letra B, piso 2, puerta B","postal_code":"11550","places":10,"units":4,"registered":"2025-01-31","catastro":"0744104QA3604D0288UY","holder":"SOLERA ADMINISTRACION,S.L.","holder_count":2}},{"type":"Feature","geometry":{"type":"Point","coordinates":[-6.417113,36.700235]},"properties":{"id":"VUT/CA/22864","type":"VUT","group":"Completa","address":"CALLE verdi Nº 1 Blq. 4 Esc. 1 Plta/Piso B Pta/Letra A, piso B, puerta A","postal_code":"11550","places":8,"units":3,"registered":"2025-02-02","catastro":"0749101QA3604H0310BA","holder":null,"holder_count":null}},{"type":"Feature","geometry":{"type":"Point","coordinates":[-6.439305,36.732546]},"properties":{"id":"VUT/CA/22865","type":"VUT","group":"Completa","address":"PASEO COSTA DE LA LUZ 60 Esc. A Plta/Piso 3 Pta/Letra A, piso 3, puerta A","postal_code":"11550","places":6,"units":3,"registered":"2025-02-06","catastro":"8885504QA2688F0133FM","holder":"ORLANDO FERNANDEZ SL","holder_count":1}},{"type":"Feature","geometry":{"type":"Point","coordinates":[-6.435544,36.741578]},"properties":{"id":"VUT/CA/22892","type":"VUT","group":"Completa","address":"CALLE MANUEL BUENO CASTELLANO Nº 2 Esc. 1 Plta/Piso 1 Pta/Letra 13 Compl.Dom. EDIFICIO FRENTEMAR, piso 1, puerta 13","postal_code":"11550","places":4,"units":2,"registered":"2025-02-05","catastro":"9295805QA2699E0013XK","holder":null,"holder_count":null}},{"type":"Feature","geometry":{"type":"Point","coordinates":[-6.420541,36.69883]},"properties":{"id":"VUT/CA/22903","type":"VUT","group":"Completa","address":"CALLE BACH Nº 3 Portal 7 Plta/Piso 1 Pta/Letra A, piso 1, puerta A","postal_code":"11550","places":4,"units":2,"registered":"2025-02-06","catastro":"0447101QA3604F0058GB","holder":"INMOPUNTA ALSOL, SL","holder_count":12}},{"type":"Feature","geometry":{"type":"Point","coordinates":[-6.417113,36.700235]},"properties":{"id":"VUT/CA/22920","type":"VUT","group":"Completa","address":"CALLE VERDI Nº 1 Blq. 1 Portal 2 Plta/Piso BAJO Pta/Letra D Compl.Dom. COSTA BALLENA URBANIZACION PLAYA AZUL, piso BAJO, puerta D","postal_code":"11550","places":8,"units":3,"registered":"2025-02-09","catastro":"0749101QA3604H0069OM","holder":null,"holder_count":null}},{"type":"Feature","geometry":{"type":"Point","coordinates":[-6.431582,36.738493]},"properties":{"id":"VUT/CA/22957","type":"VUT","group":"Completa","address":"CALLE CL CECILIA BOLH DE FABER Nº 13 Pta/Letra B, puerta B","postal_code":"11550","places":4,"units":2,"registered":"2025-02-12","catastro":"9592607QA2699B0001UT","holder":null,"holder_count":null}},{"type":"Feature","geometry":{"type":"Point","coordinates":[-6.438987,36.740422]},"properties":{"id":"VUT/CA/22965","type":"VUT","group":"Completa","address":"CALLE DOCTOR TOLOSA LATOUR Nº 44 Plta/Piso 1 Pta/Letra C, piso 1, puerta C","postal_code":"11550","places":4,"units":2,"registered":"2025-02-13","catastro":"8893015QA2689D0006QQ","holder":"ARROYO PALOMO SOCIEDAD LIMITADA","holder_count":2}},{"type":"Feature","geometry":{"type":"Point","coordinates":[-6.420541,36.69883]},"properties":{"id":"VUT/CA/22987","type":"VUT","group":"Completa","address":"CALLE BACH Nº 3 Blq. 4 Portal 10 Plta/Piso 1 Pta/Letra B Compl.Dom. COSTA BALLENA, piso 1, puerta B","postal_code":"11550","places":6,"units":2,"registered":"2025-02-14","catastro":"0447101QA3604F0032KM","holder":"INMOPUNTA ALSOL, SL","holder_count":12}},{"type":"Feature","geometry":{"type":"Point","coordinates":[-6.420541,36.69883]},"properties":{"id":"VUT/CA/23034","type":"VUT","group":"Completa","address":"CALLE BACH Nº 3 Blq. 2 Portal 4 Plta/Piso BAJO Pta/Letra C, piso BAJO, puerta C","postal_code":"11550","places":4,"units":2,"registered":"2025-02-19","catastro":"0447101QA3604F0030HZ","holder":null,"holder_count":null}},{"type":"Feature","geometry":{"type":"Point","coordinates":[-6.413604,36.699653]},"properties":{"id":"VUT/CA/23051","type":"VUT","group":"Por habitaciones","address":"CALLE TURINA Nº 2 Blq. 3 Esc. 1 Plta/Piso 1 Pta/Letra B Compl.Dom. URBANIZACION JARDINES DE MAJADALES, piso 1, puerta B","postal_code":"11550","places":5,"units":2,"registered":"2025-02-20","catastro":"1248101QA3614G0001UF","holder":null,"holder_count":null}},{"type":"Feature","geometry":{"type":"Point","coordinates":[-6.408177,36.757714]},"properties":{"id":"VUT/CA/23075","type":"VUT","group":"Completa","address":"CALLE BUENOS VIENTOS Nº 15","postal_code":"11550","places":4,"units":2,"registered":"2025-02-22","catastro":"11016A001001430000TX","holder":null,"holder_count":null}},{"type":"Feature","geometry":{"type":"Point","coordinates":[-6.432753,36.73509]},"properties":{"id":"VUT/CA/23106","type":"VUT","group":"Completa","address":"CALLE NARDO Nº 10 Plta/Piso 1, piso 1","postal_code":"11550","places":7,"units":3,"registered":"2025-02-26","catastro":"9388408QA2698G0002BA","holder":null,"holder_count":null}},{"type":"Feature","geometry":{"type":"Point","coordinates":[-6.437343,36.735623]},"properties":{"id":"VUT/CA/23135","type":"VUT","group":"Completa","address":"CALLE CLAVEL Nº 11 Plta/Piso 2, piso 2","postal_code":"11550","places":6,"units":3,"registered":"2025-02-28","catastro":"9088716QA2698G0005SF","holder":null,"holder_count":null}},{"type":"Feature","geometry":{"type":"Point","coordinates":[-6.432252,36.740914]},"properties":{"id":"VUT/CA/23186","type":"VUT","group":"Completa","address":"CALLE NUESTRA SEÑORA DE LA O Nº 72 Compl.Dom. BAJO","postal_code":"11550","places":6,"units":3,"registered":"2025-03-04","catastro":"9394409qa2699c0003xh","holder":null,"holder_count":null}},{"type":"Feature","geometry":{"type":"Point","coordinates":[-6.431651,36.742956]},"properties":{"id":"VUT/CA/23233","type":"VUT","group":"Completa","address":"CALLE MARIQUILLA LA CAÑEJA Nº 17 Plta/Piso BAJO Pta/Letra F Compl.Dom. EDIFICIO NOELIA, piso BAJO, puerta F","postal_code":"11550","places":4,"units":2,"registered":"2025-03-07","catastro":"9496056QA2699E0027GY","holder":null,"holder_count":null}},{"type":"Feature","geometry":{"type":"Point","coordinates":[-6.433852,36.718245]},"properties":{"id":"VUT/CA/23273","type":"VUT","group":"Completa","address":"AVENIDA LA LAGUNA Nº 43 Portal 8 Plta/Piso 2 Pta/Letra D, piso 2, puerta D","postal_code":"11550","places":8,"units":3,"registered":"2025-03-10","catastro":"9369101QA2696G0116OF","holder":null,"holder_count":null}},{"type":"Feature","geometry":{"type":"Point","coordinates":[-6.432983,36.740826]},"properties":{"id":"VUT/CA/23279","type":"VUT","group":"Completa","address":"CALLE NUESTRA SEÑORA DE LA O Nº 67 Plta/Piso 1 Pta/Letra D, piso 1, puerta D","postal_code":"11550","places":5,"units":2,"registered":"2025-03-10","catastro":"9394209QA2699C0001SF","holder":null,"holder_count":null}},{"type":"Feature","geometry":{"type":"Point","coordinates":[-6.428825,36.740859]},"properties":{"id":"VUT/CA/23332","type":"VUT","group":"Completa","address":"CALLE Guadalquivir Nº 1 Plta/Piso 1 Pta/Letra A, piso 1, puerta A","postal_code":"11550","places":5,"units":2,"registered":"2025-03-14","catastro":"9794806QA2699D0004EE","holder":null,"holder_count":null}},{"type":"Feature","geometry":{"type":"Point","coordinates":[-6.419803,36.698002]},"properties":{"id":"VUT/CA/23335","type":"VUT","group":"Completa","address":"CALLE BACH Nº 1 Blq. 1 Esc. 2 Plta/Piso B Pta/Letra B, piso B, puerta B","postal_code":"11550","places":2,"units":2,"registered":"2025-03-14","catastro":"0447102QA3604F0000RM","holder":null,"holder_count":null}},{"type":"Feature","geometry":{"type":"Point","coordinates":[-6.428825,36.740859]},"properties":{"id":"VUT/CA/23347","type":"VUT","group":"Completa","address":"CALLE guadalquivir Nº 1 Plta/Piso 1 Pta/Letra B, piso 1, puerta B","postal_code":"11550","places":5,"units":2,"registered":"2025-03-16","catastro":"9794806QA2699D0005RR","holder":null,"holder_count":null}},{"type":"Feature","geometry":{"type":"Point","coordinates":[-6.420541,36.69883]},"properties":{"id":"VUT/CA/23374","type":"VUT","group":"Completa","address":"CALLE BACH Nº 3 Blq. 9 Plta/Piso B Pta/Letra B, piso B, puerta B","postal_code":"11550","places":5,"units":2,"registered":"2025-03-17","catastro":"0447101QA3604F0072MT","holder":null,"holder_count":null}},{"type":"Feature","geometry":{"type":"Point","coordinates":[-6.43844,36.733488]},"properties":{"id":"VUT/CA/23377","type":"VUT","group":"Por habitaciones","address":"AVENIDA DE SEVILLA Nº 0069 Portal 3 Esc. C Plta/Piso 02 Pta/Letra DR Compl.Dom. URB. SIRENAS, piso 02, puerta DR","postal_code":"11550","places":4,"units":2,"registered":"2025-03-17","catastro":"8985114QA2688F0024ZF","holder":null,"holder_count":null}},{"type":"Feature","geometry":{"type":"Point","coordinates":[-6.429261,36.741031]},"properties":{"id":"VUT/CA/23393","type":"VUT","group":"Completa","address":"CALLE rio jucar Nº 1 Plta/Piso 2 Pta/Letra izq, piso 2, puerta izq","postal_code":"11550","places":5,"units":2,"registered":"2025-03-18","catastro":"9794812QA2699D0006OT","holder":null,"holder_count":null}},{"type":"Feature","geometry":{"type":"Point","coordinates":[-6.437008,36.721852]},"properties":{"id":"VUT/CA/23418","type":"VUT","group":"Completa","address":"CALLE MARIÑO Nº 19","postal_code":"11550","places":12,"units":3,"registered":"2025-03-19","catastro":"9072319QA2697C0001ME","holder":null,"holder_count":null}},{"type":"Feature","geometry":{"type":"Point","coordinates":[-6.439274,36.733361]},"properties":{"id":"VUT/CA/23435","type":"VUT","group":"Completa","address":"AVENIDA DE JEREZ Nº 17 Esc. 1 Plta/Piso 4 Pta/Letra B, piso 4, puerta B","postal_code":"11550","places":5,"units":2,"registered":"2025-03-20","catastro":"8885514QA2688F0010AE","holder":null,"holder_count":null}},{"type":"Feature","geometry":{"type":"Point","coordinates":[-6.418703,36.696642]},"properties":{"id":"VUT/CA/23436","type":"VUT","group":"Completa","address":"CALLE beethoven Nº 2 Portal 12 Plta/Piso 2 Pta/Letra c, piso 2, puerta c","postal_code":"11550","places":4,"units":2,"registered":"2025-03-20","catastro":"0744104QA3604D0365HG","holder":null,"holder_count":null}},{"type":"Feature","geometry":{"type":"Point","coordinates":[-6.440451,36.736839]},"properties":{"id":"VUT/CA/23447","type":"VUT","group":"Completa","address":"AVENIDA Cruz Roja Nº 21 Blq. 1 Plta/Piso baja Pta/Letra d, piso baja, puerta d","postal_code":"11550","places":7,"units":3,"registered":"2025-03-20","catastro":"8790510QA2689B0004DR","holder":null,"holder_count":null}},{"type":"Feature","geometry":{"type":"Point","coordinates":[-6.439305,36.732546]},"properties":{"id":"VUT/CA/23460","type":"VUT","group":"Completa","address":"PASEO COSTA DE LA LUZ Nº 60","postal_code":"11550","places":8,"units":4,"registered":"2025-03-21","catastro":"8885504QA2688F0151ES","holder":null,"holder_count":null}},{"type":"Feature","geometry":{"type":"Point","coordinates":[-6.4348,36.741522]},"properties":{"id":"VUT/CA/23463","type":"VUT","group":"Completa","address":"AVENIDA SANLUCAR DE BARRAMEDA Nº 2 Pta/Letra 6 Compl.Dom. Casa número 6, puerta 6","postal_code":"11550","places":6,"units":2,"registered":"2025-03-21","catastro":"9395750QA2699E0088SE","holder":null,"holder_count":null}},{"type":"Feature","geometry":{"type":"Point","coordinates":[-6.439305,36.732546]},"properties":{"id":"VUT/CA/23474","type":"VUT","group":"Completa","address":"AVENIDA De Sevilla Nº 60 Portal C Plta/Piso 7 Pta/Letra 4, piso 7, puerta 4","postal_code":"11550","places":4,"units":1,"registered":"2025-03-21","catastro":"8885504QA2688F0212WA","holder":null,"holder_count":null}},{"type":"Feature","geometry":{"type":"Point","coordinates":[-6.436157,36.739732]},"properties":{"id":"VUT/CA/23526","type":"VUT","group":"Completa","address":"CALLE ISAAC PERAL Nº 30 Pta/Letra E, puerta E","postal_code":"11550","places":5,"units":3,"registered":"2025-03-24","catastro":"9093402QA2699C0004WJ","holder":null,"holder_count":null}},{"type":"Feature","geometry":{"type":"Point","coordinates":[-6.436157,36.739732]},"properties":{"id":"VUT/CA/23529","type":"VUT","group":"Completa","address":"CALLE ISAAC PERAL Nº 30 Pta/Letra E, puerta E","postal_code":"11550","places":5,"units":3,"registered":"2025-03-24","catastro":"9093402QA2699C0006RL","holder":null,"holder_count":null}},{"type":"Feature","geometry":{"type":"Point","coordinates":[-6.435894,36.728647]},"properties":{"id":"VUT/CA/23530","type":"VUT","group":"Completa","address":"CALLE CHAPETÓN Nº 39","postal_code":"11550","places":8,"units":2,"registered":"2025-03-24","catastro":"9181425QA2698A0001UW","holder":null,"holder_count":null}},{"type":"Feature","geometry":{"type":"Point","coordinates":[-6.413604,36.699653]},"properties":{"id":"VUT/CA/23567","type":"VUT","group":"Completa","address":"CALLE Turina Nº 2 Blq. 4 Portal II Plta/Piso Baja, piso Baja","postal_code":"11550","places":6,"units":2,"registered":"2025-03-26","catastro":"1248101QA3614G0024QI","holder":null,"holder_count":null}},{"type":"Feature","geometry":{"type":"Point","coordinates":[-6.412459,36.69853]},"properties":{"id":"VUT/CA/23608","type":"VUT","group":"Completa","address":"CALLE Mozart Nº 3 Esc. 2 Plta/Piso 1 Pta/Letra A Compl.Dom. Jardines del Lago I, piso 1, puerta A","postal_code":"11550","places":5,"units":2,"registered":"2025-03-26","catastro":"1248104QA3614G0031OS","holder":null,"holder_count":null}},{"type":"Feature","geometry":{"type":"Point","coordinates":[-6.436733,36.731142]},"properties":{"id":"VUT/CA/23618","type":"VUT","group":"Completa","address":"AVENIDA PADRE ANGEL NEBREDA Nº 6 Plta/Piso 1 Pta/Letra 3, piso 1, puerta 3","postal_code":"11550","places":5,"units":3,"registered":"2025-03-27","catastro":"9083002QA2698C0014RU","holder":null,"holder_count":null}},{"type":"Feature","geometry":{"type":"Point","coordinates":[-6.417113,36.700235]},"properties":{"id":"VUT/CA/23622","type":"VUT","group":"Completa","address":"CALLE VERDI Nº 1 Blq. 2-3 Esc. 1 Plta/Piso 1 Pta/Letra d Compl.Dom. FASE 2 BLOQUE 3, piso 1, puerta d","postal_code":"11550","places":6,"units":3,"registered":"2025-03-27","catastro":"0749101QA3604H0250XD","holder":null,"holder_count":null}},{"type":"Feature","geometry":{"type":"Point","coordinates":[-6.432119,36.733593]},"properties":{"id":"VUT/CA/23632","type":"VUT","group":"Completa","address":"AVENIDA Madrid Nº 59 Plta/Piso 1 Pta/Letra A, piso 1, puerta A","postal_code":"11550","places":8,"units":3,"registered":"2025-03-27","catastro":"9486001QA2698E0037KL","holder":null,"holder_count":null}},{"type":"Feature","geometry":{"type":"Point","coordinates":[-6.435998,36.730281]},"properties":{"id":"VUT/CA/23671","type":"VUT","group":"Completa","address":"CALLE PEZ ESPADA Nº 5 Esc. 1 Plta/Piso 1 Pta/Letra 1, piso 1, puerta 1","postal_code":"11550","places":8,"units":3,"registered":"2025-03-28","catastro":"9182109QA2698A0001WW","holder":null,"holder_count":null}},{"type":"Feature","geometry":{"type":"Point","coordinates":[-6.433165,36.74159]},"properties":{"id":"VUT/CA/23675","type":"VUT","group":"Completa","address":"CALLE MAESTRA DOÑA JOSEFA DELGADO JIMÉNEZ Nº 14 Portal 1 Plta/Piso 1 Pta/Letra E Compl.Dom. RESIDENCIAL CALLE NUEVA, piso 1, puerta E","postal_code":"11550","places":4,"units":1,"registered":"2025-03-28","catastro":"9395707QA2699E0010WG","holder":"STAYCARE S.L.U.","holder_count":1}},{"type":"Feature","geometry":{"type":"Point","coordinates":[-6.434182,36.736521]},"properties":{"id":"VUT/CA/23678","type":"VUT","group":"Completa","address":"CALLE MIGUEL DE CERVANTES Nº 25","postal_code":"11550","places":12,"units":6,"registered":"2025-03-28","catastro":"9389822QA2698G0004MD","holder":null,"holder_count":null}},{"type":"Feature","geometry":{"type":"Point","coordinates":[-6.43502,36.73012]},"properties":{"id":"VUT/CA/23748","type":"VUT","group":"Completa","address":"AVENIDA Maestro y Atleta Paco Guisado Nº 6","postal_code":"11550","places":11,"units":5,"registered":"2025-03-31","catastro":"9282503QA2698C0001WB","holder":null,"holder_count":null}},{"type":"Feature","geometry":{"type":"Point","coordinates":[-6.439305,36.732546]},"properties":{"id":"VUT/CA/23775","type":"VUT","group":"Completa","address":"PASEO COSTA DE LA LUZ Nº 60 Esc. B Plta/Piso 6 Pta/Letra B, piso 6, puerta B","postal_code":"11550","places":5,"units":3,"registered":"2025-04-01","catastro":"8885504QA2688F0171JE","holder":null,"holder_count":null}},{"type":"Feature","geometry":{"type":"Point","coordinates":[-6.43835,36.73422]},"properties":{"id":"VUT/CA/23779","type":"VUT","group":"Completa","address":"AVENIDA DE SEVILLA Nº 61 Plta/Piso 1 Pta/Letra E Compl.Dom. EDIFICIO ALAY, piso 1, puerta E","postal_code":"11550","places":3,"units":2,"registered":"2025-04-01","catastro":"8987615QA2688F0117DD","holder":null,"holder_count":null}},{"type":"Feature","geometry":{"type":"Point","coordinates":[-6.439305,36.732546]},"properties":{"id":"VUT/CA/23781","type":"VUT","group":"Completa","address":"PASEO COSTA DE LA LUZ Nº 60 Esc. B Plta/Piso 1 Pta/Letra C, piso 1, puerta C","postal_code":"11550","places":13,"units":3,"registered":"2025-04-01","catastro":"8885504QA2688F0157OK","holder":null,"holder_count":null}},{"type":"Feature","geometry":{"type":"Point","coordinates":[-6.440891,36.735604]},"properties":{"id":"VUT/CA/23785","type":"VUT","group":"Completa","address":"CALLE DOCTOR GOMEZ ULLA Nº 51 Blq. 1 Plta/Piso 5 Pta/Letra B Compl.Dom. EDIFICIO PLAYA DE REGLA, piso 5, puerta B","postal_code":"11550","places":5,"units":3,"registered":"2025-04-01","catastro":"8688311QA2688H0049FT","holder":null,"holder_count":null}},{"type":"Feature","geometry":{"type":"Point","coordinates":[-6.439305,36.732546]},"properties":{"id":"VUT/CA/23792","type":"VUT","group":"Completa","address":"CALLE PASEO DE LA LUZ Nº 60 Blq. B Plta/Piso 2 Pta/Letra B, piso 2, puerta B","postal_code":"11550","places":7,"units":3,"registered":"2025-04-01","catastro":"8885504QA2688F0159AB","holder":null,"holder_count":null}},{"type":"Feature","geometry":{"type":"Point","coordinates":[-6.433623,36.739321]},"properties":{"id":"VUT/CA/23799","type":"VUT","group":"Completa","address":"CALLE Pozo Rey Nº 9 Plta/Piso Bº Pta/Letra 3, piso Bº, puerta 3","postal_code":"11550","places":4,"units":1,"registered":"2025-04-01","catastro":"9393508QA2699C0004DJ","holder":null,"holder_count":null}},{"type":"Feature","geometry":{"type":"Point","coordinates":[-6.437511,36.735308]},"properties":{"id":"VUT/CA/23841","type":"VUT","group":"Completa","address":"AVENIDA CADIZ Nº 49 Plta/Piso BAJA Pta/Letra A, piso BAJA, puerta A","postal_code":"11550","places":8,"units":3,"registered":"2025-04-02","catastro":"9088712QA2698G0002LA","holder":null,"holder_count":null}},{"type":"Feature","geometry":{"type":"Point","coordinates":[-6.419803,36.698002]},"properties":{"id":"VUT/CA/23842","type":"VUT","group":"Completa","address":"AVENIDA DE LA MUSICA Nº 10 Blq. I Portal 2 Plta/Piso ATICO Pta/Letra 59, piso ATICO, puerta 59","postal_code":"11550","places":5,"units":4,"registered":"2025-04-02","catastro":"0447102QA3604F0153XK","holder":null,"holder_count":null}},{"type":"Feature","geometry":{"type":"Point","coordinates":[-6.419803,36.698002]},"properties":{"id":"VUT/CA/23846","type":"VUT","group":"Completa","address":"AVENIDA DE LA MÚSICA Nº 10 Blq. I Portal 3 Plta/Piso BAJO Pta/Letra 8 Compl.Dom. COSTA BALLENA, piso BAJO, puerta 8","postal_code":"11550","places":4,"units":2,"registered":"2025-04-02","catastro":"0447102QA3604F0155QB","holder":null,"holder_count":null}},{"type":"Feature","geometry":{"type":"Point","coordinates":[-6.411862,36.697974]},"properties":{"id":"VUT/CA/23850","type":"VUT","group":"Completa","address":"CALLE TURINA Nº 4 Blq. 1 Esc. 1 Plta/Piso 1 Pta/Letra B, piso 1, puerta B","postal_code":"11550","places":4,"units":2,"registered":"2025-04-02","catastro":"1248102QA3614G0054IY","holder":null,"holder_count":null}},{"type":"Feature","geometry":{"type":"Point","coordinates":[-6.436609,36.730682]},"properties":{"id":"VUT/CA/23960","type":"VUT","group":"Completa","address":"CALLE Fray Perdo Pino Camara Nº 8 Plta/Piso Bº Pta/Letra C, piso Bº, puerta C","postal_code":"11550","places":5,"units":2,"registered":"2025-04-04","catastro":"9083006QA2698C0009GT","holder":null,"holder_count":null}},{"type":"Feature","geometry":{"type":"Point","coordinates":[-6.417236,36.717211]},"properties":{"id":"VUT/CA/23975","type":"VUT","group":"Completa","address":"CAMINO EL AHORCADO POL 18 PARCELA 303 Nº S/N","postal_code":"11550","places":8,"units":3,"registered":"2025-04-04","catastro":"11016A018003030000TA","holder":null,"holder_count":null}},{"type":"Feature","geometry":{"type":"Point","coordinates":[-6.436865,36.734971]},"properties":{"id":"VUT/CA/23986","type":"VUT","group":"Completa","address":"AVENIDA Avenida Nuestra Señora de Regla Nº 40 Plta/Piso Bº Pta/Letra 3, piso Bº, puerta 3","postal_code":"11550","places":5,"units":2,"registered":"2025-04-04","catastro":"9088707QA2698G0003WS","holder":null,"holder_count":null}},{"type":"Feature","geometry":{"type":"Point","coordinates":[-6.419803,36.698002]},"properties":{"id":"VUT/CA/24063","type":"VUT","group":"Completa","address":"BAJADA Avenida de la Música, Nº 10 Plta/Piso 24, piso 24","postal_code":"11550","places":2,"units":2,"registered":"2025-04-15","catastro":"0447102QA3604F0197IR","holder":"BALLENA BEACH HOLIDAYS, C.B","holder_count":1}},{"type":"Feature","geometry":{"type":"Point","coordinates":[-6.420541,36.69883]},"properties":{"id":"VUT/CA/24113","type":"VUT","group":"Completa","address":"CALLE BACH Nº 3 Blq. 3 Portal 5 Plta/Piso BAJO Pta/Letra B, piso BAJO, puerta B","postal_code":"11550","places":5,"units":2,"registered":"2025-04-23","catastro":"0447101QA3604F0038QY","holder":null,"holder_count":null}},{"type":"Feature","geometry":{"type":"Point","coordinates":[-6.435927,36.741181]},"properties":{"id":"VUT/CA/24118","type":"VUT","group":"Completa","address":"CALLE DOCTOR TOLOSA LATOUR Nº 16 Portal 2 Plta/Piso 2 Pta/Letra A Compl.Dom. EL PORTAL ESTÁ EN GALERIA COMERCIAL CON SALIDA TAMBIEN AL PASEO DE LA CRUZ DEL MAR, piso 2, puerta A","postal_code":"11550","places":5,"units":3,"registered":"2025-04-24","catastro":"9094205QA2699C0038TL","holder":null,"holder_count":null}},{"type":"Feature","geometry":{"type":"Point","coordinates":[-6.4348,36.741522]},"properties":{"id":"VUT/CA/24147","type":"VUT","group":"Completa","address":"AVENIDA SANLUCAR DE BARREDA Nº 2 Pta/Letra 4 Compl.Dom. URBANIZACION CRUZ DEL MAR, AVENIDA SANLUCAR DE BARRAMEDA 2  CASA 4, puerta 4","postal_code":"11550","places":8,"units":2,"registered":"2025-04-30","catastro":"9395750QA2699E0086PQ","holder":null,"holder_count":null}},{"type":"Feature","geometry":{"type":"Point","coordinates":[-6.43631,36.735414]},"properties":{"id":"VUT/CA/24148","type":"VUT","group":"Completa","address":"CALLE CALLE MANUEL GIMENEZ FERNANDEZ Nº 6 Plta/Piso 1 Pta/Letra M Compl.Dom. Antigua Calle Carlos Haya, 6 1ºA, piso 1, puerta M","postal_code":"11550","places":4,"units":2,"registered":"2025-04-30","catastro":"9088418QA2698G0038LG","holder":null,"holder_count":null}},{"type":"Feature","geometry":{"type":"Point","coordinates":[-6.425081,36.728357]},"properties":{"id":"VUT/CA/24155","type":"VUT","group":"Completa","address":"AVENIDA Avenida de rota Nº 213 Plta/Piso 1 Pta/Letra L, piso 1, puerta L","postal_code":"11550","places":5,"units":2,"registered":"2025-05-01","catastro":"0180110QA3608A0028HX","holder":null,"holder_count":null}},{"type":"Feature","geometry":{"type":"Point","coordinates":[-6.419803,36.698002]},"properties":{"id":"VUT/CA/24180","type":"VUT","group":"Completa","address":"AVENIDA DE LA MUSICA Nº 10 Blq. III Portal 8 Plta/Piso 1ª Pta/Letra 49, piso 1ª, puerta 49","postal_code":"11550","places":4,"units":2,"registered":"2025-05-06","catastro":"0447102QA3604F0198OT","holder":null,"holder_count":null}},{"type":"Feature","geometry":{"type":"Point","coordinates":[-6.435773,36.73046]},"properties":{"id":"VUT/CA/24194","type":"VUT","group":"Por habitaciones","address":"CALLE PEZ ESPADA Nº 1","postal_code":"11550","places":3,"units":3,"registered":"2025-05-08","catastro":"9182101QA2698A0001XW","holder":null,"holder_count":null}},{"type":"Feature","geometry":{"type":"Point","coordinates":[-6.433439,36.7382]},"properties":{"id":"VUT/CA/24200","type":"VUT","group":"Completa","address":"CALLE Gongora Nº 2 Esc. 1 Plta/Piso 1 Pta/Letra IZQUIERDA, piso 1, puerta IZQUIERDA","postal_code":"11550","places":5,"units":2,"registered":"2025-05-08","catastro":"9391501QA2699A0003IZ","holder":null,"holder_count":null}},{"type":"Feature","geometry":{"type":"Point","coordinates":[-6.435832,36.726631]},"properties":{"id":"VUT/CA/24260","type":"VUT","group":"Completa","address":"CALLE BESUGO Nº 1 Esc. 1 Plta/Piso 2 Pta/Letra 7 Compl.Dom. CONJUNTO URBANISTICO ZAFER-TRAS DE REGLA, piso 2, puerta 7","postal_code":"11550","places":4,"units":2,"registered":"2025-05-19","catastro":"9178224QA2697G0013XW","holder":null,"holder_count":null}},{"type":"Feature","geometry":{"type":"Point","coordinates":[-6.429282,36.738638]},"properties":{"id":"VUT/CA/24275","type":"VUT","group":"Completa","address":"CALLE VIRGEN DE LOS MILAGROS Nº 24","postal_code":"11550","places":4,"units":2,"registered":"2025-05-21","catastro":"9792607QA2699B0001FT","holder":null,"holder_count":null}},{"type":"Feature","geometry":{"type":"Point","coordinates":[-6.434825,36.717876]},"properties":{"id":"VUT/CA/24306","type":"VUT","group":"Completa","address":"AVENIDA LA LAGUNA Nº 148","postal_code":"11550","places":8,"units":3,"registered":"2025-05-23","catastro":"9268150QA2696G0001RX","holder":null,"holder_count":null}},{"type":"Feature","geometry":{"type":"Point","coordinates":[-6.431522,36.73249]},"properties":{"id":"VUT/CA/24332","type":"VUT","group":"Completa","address":"CALLE Nogal Nº 23 Esc. 1 Plta/Piso 1 Pta/Letra 8, piso 1, puerta 8","postal_code":"11550","places":4,"units":1,"registered":"2025-05-25","catastro":"9585017QA2698F0020HF","holder":null,"holder_count":null}},{"type":"Feature","geometry":{"type":"Point","coordinates":[-6.436685,36.735855]},"properties":{"id":"VUT/CA/24339","type":"VUT","group":"Completa","address":"AVENIDA NUESTRA SEÑORA DE REGLA Portal 22 Plta/Piso 2º Pta/Letra B, piso 2º, puerta B","postal_code":"11550","places":4,"units":2,"registered":"2025-05-26","catastro":"9089606QA2698G0019UW","holder":"FAMILIA RUIZ AVALO, S.A.","holder_count":1}},{"type":"Feature","geometry":{"type":"Point","coordinates":[-6.433241,36.716035]},"properties":{"id":"VUT/CA/24342","type":"VUT","group":"Completa","address":"CALLE DUNAS Nº 50","postal_code":"11550","places":9,"units":4,"registered":"2025-05-26","catastro":"9367153QA2696E0001KR","holder":null,"holder_count":null}},{"type":"Feature","geometry":{"type":"Point","coordinates":[-6.425408,36.737987]},"properties":{"id":"VUT/CA/24343","type":"VUT","group":"Completa","address":"CALLE GONDOLA Nº 8 Pta/Letra 4, puerta 4","postal_code":"11550","places":6,"units":3,"registered":"2025-05-26","catastro":"0190701QA3609A0024JS","holder":null,"holder_count":null}},{"type":"Feature","geometry":{"type":"Point","coordinates":[-6.431579,36.739045]},"properties":{"id":"VUT/CA/24383","type":"VUT","group":"Completa","address":"CALLE SAN MIGUEL Nº 4 Plta/Piso 1, piso 1","postal_code":"11550","places":4,"units":4,"registered":"2025-05-29","catastro":"9492302QA2699C0002TG","holder":null,"holder_count":null}},{"type":"Feature","geometry":{"type":"Point","coordinates":[-6.404388,36.756587]},"properties":{"id":"VUT/CA/24525","type":"VUT","group":"Completa","address":"PARAJE COPINA Nº S/N Compl.Dom. BUZON Nº 13","postal_code":"11550","places":6,"units":3,"registered":"2025-06-11","catastro":"11016A001000940000TB","holder":null,"holder_count":null}},{"type":"Feature","geometry":{"type":"Point","coordinates":[-6.438173,36.731917]},"properties":{"id":"VUT/CA/24558","type":"VUT","group":"Completa","address":"CALLE SANTUARIO Nº 6 Pta/Letra D, puerta D","postal_code":"11550","places":4,"units":3,"registered":"2025-06-13","catastro":"8984810QA2688D0001FW","holder":"ALOJAMIENTOS SANTOS LORENZO, S.L.","holder_count":1}},{"type":"Feature","geometry":{"type":"Point","coordinates":[-6.434076,36.737406]},"properties":{"id":"VUT/CA/24600","type":"VUT","group":"Completa","address":"CALLE ZORILLA Nº 14","postal_code":"11550","places":8,"units":4,"registered":"2025-06-16","catastro":"9290306QA2699A0001ML","holder":null,"holder_count":null}},{"type":"Feature","geometry":{"type":"Point","coordinates":[-6.422701,36.734176]},"properties":{"id":"VUT/CA/24619","type":"VUT","group":"Completa","address":"CALLE SAVIA NUEVA Nº 33 Plta/Piso 1 Pta/Letra D, piso 1, puerta D","postal_code":"11550","places":4,"units":2,"registered":"2025-06-17","catastro":"0085193QA3608E0004PJ","holder":"BIO NATUR BALEAR SLS","holder_count":1}},{"type":"Feature","geometry":{"type":"Point","coordinates":[-6.413604,36.699653]},"properties":{"id":"VUT/CA/24628","type":"VUT","group":"Completa","address":"CALLE TURINA Nº 2 Blq. 3 Esc. 2 Plta/Piso BJ Pta/Letra B Compl.Dom. JARDINES DE MAJADELES, piso BJ, puerta B","postal_code":"11550","places":8,"units":2,"registered":"2025-06-18","catastro":"1248101QA3614G0024QI","holder":null,"holder_count":null}},{"type":"Feature","geometry":{"type":"Point","coordinates":[-6.436083,36.741124]},"properties":{"id":"VUT/CA/24661","type":"VUT","group":"Completa","address":"CALLE DOCTOR TOLOSA LATOUR Nº 18 Plta/Piso 1 Pta/Letra E, piso 1, puerta E","postal_code":"11550","places":8,"units":1,"registered":"2025-06-19","catastro":"9094206QA2699C0006FL","holder":null,"holder_count":null}},{"type":"Feature","geometry":{"type":"Point","coordinates":[-6.436083,36.741124]},"properties":{"id":"VUT/CA/24664","type":"VUT","group":"Completa","address":"CALLE DOCTOR TOLOSA LATOUR Nº 18 Plta/Piso 1 Pta/Letra E, piso 1, puerta E","postal_code":"11550","places":8,"units":1,"registered":"2025-06-19","catastro":"9094206QA2699C0006FL","holder":null,"holder_count":null}},{"type":"Feature","geometry":{"type":"Point","coordinates":[-6.436083,36.741124]},"properties":{"id":"VUT/CA/24665","type":"VUT","group":"Completa","address":"CALLE DOCTOR TOLOSA LATOUR Nº 18 Plta/Piso 1 Pta/Letra E, piso 1, puerta E","postal_code":"11550","places":8,"units":1,"registered":"2025-06-19","catastro":"9094206QA2699C0006FL","holder":null,"holder_count":null}},{"type":"Feature","geometry":{"type":"Point","coordinates":[-6.436083,36.741124]},"properties":{"id":"VUT/CA/24684","type":"VUT","group":"Completa","address":"CALLE DOCTOR TOLOSA LATOUR Nº 18 Plta/Piso 1 Pta/Letra E, piso 1, puerta E","postal_code":"11550","places":8,"units":1,"registered":"2025-06-21","catastro":"9094206QA2699C0006FL","holder":null,"holder_count":null}},{"type":"Feature","geometry":{"type":"Point","coordinates":[-6.432186,36.742121]},"properties":{"id":"VUT/CA/24710","type":"VUT","group":"Completa","address":"CALLE EL BARRIO Nº 14-16","postal_code":"11550","places":5,"units":2,"registered":"2025-06-24","catastro":"9395220QA2699E0021UM","holder":null,"holder_count":null}},{"type":"Feature","geometry":{"type":"Point","coordinates":[-6.433515,36.741124]},"properties":{"id":"VUT/CA/24714","type":"VUT","group":"Completa","address":"CALLE LARGA Nº 87 Pta/Letra A Compl.Dom. VIVIENDA 2, puerta A","postal_code":"11550","places":4,"units":1,"registered":"2025-06-24","catastro":"9395736QA2699E0002HP","holder":"SOMOS TU PLANB, SL","holder_count":2}},{"type":"Feature","geometry":{"type":"Point","coordinates":[-6.433515,36.741124]},"properties":{"id":"VUT/CA/24719","type":"VUT","group":"Completa","address":"CALLE LARGA Nº 87 Pta/Letra A Compl.Dom. VIVIENDA 5, puerta A","postal_code":"1550","places":4,"units":2,"registered":"2025-06-24","catastro":"9395736QA2699E0005LD","holder":"SOMOS TU PLANB, SL","holder_count":2}},{"type":"Feature","geometry":{"type":"Point","coordinates":[-6.435832,36.726631]},"properties":{"id":"VUT/CA/24757","type":"VUT","group":"Completa","address":"CALLE BESUGO Nº 1 Blq. 1 Portal 1 Plta/Piso 2 Pta/Letra D, piso 2, puerta D","postal_code":"11550","places":8,"units":3,"registered":"2025-06-26","catastro":"9178224QA2697G0014ME","holder":null,"holder_count":null}},{"type":"Feature","geometry":{"type":"Point","coordinates":[-6.434415,36.732596]},"properties":{"id":"VUT/CA/24791","type":"VUT","group":"Completa","address":"CALLE NARANJO Nº 19 Plta/Piso BAJO Pta/Letra B, piso BAJO, puerta B","postal_code":"11550","places":5,"units":2,"registered":"2025-06-27","catastro":"9385623QA2698E0027ZS","holder":null,"holder_count":null}},{"type":"Feature","geometry":{"type":"Point","coordinates":[-6.417113,36.700235]},"properties":{"id":"VUT/CA/24817","type":"VUT","group":"Completa","address":"CALLE VERDI Nº 1 Blq. 3 Portal 2 Pta/Letra BAJO, puerta BAJO","postal_code":"11550","places":6,"units":3,"registered":"2025-06-30","catastro":"0749101QA3604H0255RK","holder":null,"holder_count":null}},{"type":"Feature","geometry":{"type":"Point","coordinates":[-6.413604,36.699653]},"properties":{"id":"VUT/CA/24838","type":"VUT","group":"Completa","address":"CALLE TURINA Nº 2 Blq. 4 Esc. 2 Plta/Piso 1 Pta/Letra F, piso 1, puerta F","postal_code":"11550","places":4,"units":2,"registered":"2025-06-30","catastro":"1248101QA3614G0080HM","holder":null,"holder_count":null}},{"type":"Feature","geometry":{"type":"Point","coordinates":[-6.440943,36.735903]},"properties":{"id":"VUT/CA/24898","type":"VUT","group":"Completa","address":"CALLE DOCTOR GOMEZ ULLA Nº 42 Plta/Piso 1 Pta/Letra DCHA, piso 1, puerta DCHA","postal_code":"11550","places":6,"units":2,"registered":"2025-07-07","catastro":"8689406QA2688H0004KK","holder":null,"holder_count":null}},{"type":"Feature","geometry":{"type":"Point","coordinates":[-6.436386,36.740862]},"properties":{"id":"VUT/CA/24923","type":"VUT","group":"Completa","address":"CALLE DR LATOSA LATOUR Nº 19 Esc. 1 Plta/Piso 1 Pta/Letra 4, piso 1, puerta 4","postal_code":"11550","places":4,"units":1,"registered":"2025-07-11","catastro":"9194709QA2699C0010IB","holder":null,"holder_count":null}},{"type":"Feature","geometry":{"type":"Point","coordinates":[-6.433161,36.740149]},"properties":{"id":"VUT/CA/24947","type":"VUT","group":"Completa","address":"CALLE PADRE LERCHUNDI Nº 61 Plta/Piso 1/15, piso 1/15","postal_code":"11550","places":4,"units":1,"registered":"2025-07-16","catastro":"9394418QA2699C0021LT","holder":null,"holder_count":null}},{"type":"Feature","geometry":{"type":"Point","coordinates":[-6.432839,36.739508]},"properties":{"id":"VUT/CA/24950","type":"VUT","group":"Completa","address":"CALLE TREBUJENA Nº 8","postal_code":"11550","places":5,"units":2,"registered":"2025-07-16","catastro":"9393502QA2699C0001WF","holder":null,"holder_count":null}},{"type":"Feature","geometry":{"type":"Point","coordinates":[-6.415397,36.698619]},"properties":{"id":"VUT/CA/24956","type":"VUT","group":"Completa","address":"CALLE MOZART Nº 2 Blq. 5 Portal 1 Plta/Piso 1 Pta/Letra B Compl.Dom. URBANIZACIÓN JARDINES DEL INFANTE, piso 1, puerta B","postal_code":"11550","places":5,"units":2,"registered":"2025-07-16","catastro":"1046103QA3604E0092EP","holder":null,"holder_count":null}},{"type":"Feature","geometry":{"type":"Point","coordinates":[-6.435152,36.736024]},"properties":{"id":"VUT/CA/24966","type":"VUT","group":"Completa","address":"CALLE LOPE DE VEGA Nº 17 Plta/Piso 1 Pta/Letra F, piso 1, puerta F","postal_code":"11550","places":6,"units":2,"registered":"2025-07-17","catastro":"9189505QA2698G0006XG","holder":null,"holder_count":null}},{"type":"Feature","geometry":{"type":"Point","coordinates":[-6.441719,36.736532]},"properties":{"id":"VUT/CA/24967","type":"VUT","group":"Por habitaciones","address":"PASEO Costa de la luz Nº 9","postal_code":"11550","places":6,"units":5,"registered":"2025-07-18","catastro":"8689007QA2688H0001IG","holder":null,"holder_count":null}},{"type":"Feature","geometry":{"type":"Point","coordinates":[-6.432788,36.737464]},"properties":{"id":"VUT/CA/24975","type":"VUT","group":"Completa","address":"CALLE GONGORA Nº 16","postal_code":"11550","places":4,"units":1,"registered":"2025-07-19","catastro":"9391504QA2699A0003SZ","holder":null,"holder_count":null}},{"type":"Feature","geometry":{"type":"Point","coordinates":[-6.413604,36.699653]},"properties":{"id":"VUT/CA/25006","type":"VUT","group":"Completa","address":"CALLE TURINA Nº 2 Esc. 2 Plta/Piso 1 Pta/Letra H, piso 1, puerta H","postal_code":"11550","places":6,"units":3,"registered":"2025-07-24","catastro":"1248101QA3614G0038SL","holder":"ELIANTIS FARM SL","holder_count":2}},{"type":"Feature","geometry":{"type":"Point","coordinates":[-6.438347,36.739786]},"properties":{"id":"VUT/CA/25068","type":"VUT","group":"Completa","address":"CALLE DOCTOR TOLOSA LATOUR Nº 47 Esc. 1 Plta/Piso 01 Pta/Letra F, piso 01, puerta F","postal_code":"11550","places":3,"units":2,"registered":"2025-08-05","catastro":"8993040QA2689D0015TU","holder":"GRUPO DESIS 21 S.L.","holder_count":1}},{"type":"Feature","geometry":{"type":"Point","coordinates":[-6.420541,36.69883]},"properties":{"id":"VUT/CA/25081","type":"VUT","group":"Completa","address":"CALLE bach Nº 3 Portal 6 Plta/Piso bajo Pta/Letra B, piso bajo, puerta B","postal_code":"11550","places":6,"units":2,"registered":"2025-08-07","catastro":"0447101QA3604F0047US","holder":null,"holder_count":null}},{"type":"Feature","geometry":{"type":"Point","coordinates":[-6.433083,36.731306]},"properties":{"id":"VUT/CA/25083","type":"VUT","group":"Completa","address":"CALLE PERAL Nº 12 Pta/Letra B, puerta B","postal_code":"11550","places":7,"units":2,"registered":"2025-08-07","catastro":"9383204qa2698c0002bz","holder":null,"holder_count":null}},{"type":"Feature","geometry":{"type":"Point","coordinates":[-6.419803,36.698002]},"properties":{"id":"VUT/CA/25088","type":"VUT","group":"Completa","address":"CALLE BACH Nº 1 Portal 6 Plta/Piso b Pta/Letra b, piso b, puerta b","postal_code":"11550","places":2,"units":3,"registered":"2025-08-07","catastro":"0447102QA3604F0179LG","holder":"JADE INVERSIONES CONSULTING, S.L","holder_count":1}},{"type":"Feature","geometry":{"type":"Point","coordinates":[-6.440731,36.735981]},"properties":{"id":"VUT/CA/25116","type":"VUT","group":"Completa","address":"CALLE DOCTOR GÓMEZ ULLA Nº 38 Plta/Piso 3 Pta/Letra IZQ, piso 3, puerta IZQ","postal_code":"11550","places":5,"units":2,"registered":"2025-08-14","catastro":"8689404QA2688H0007EZ","holder":null,"holder_count":null}},{"type":"Feature","geometry":{"type":"Point","coordinates":[-6.413604,36.699653]},"properties":{"id":"VUT/CA/25124","type":"VUT","group":"Completa","address":"CALLE TURINA Nº 2 Blq. 2 Plta/Piso BJ Pta/Letra G Compl.Dom. URBANIZACIÓN JARDINES DE MAJADALES, piso BJ, puerta G","postal_code":"11550","places":8,"units":2,"registered":"2025-08-16","catastro":"1248101QA3614G0001UF","holder":null,"holder_count":null}},{"type":"Feature","geometry":{"type":"Point","coordinates":[-6.437711,36.730044]},"properties":{"id":"VUT/CA/25183","type":"VUT","group":"Completa","address":"PLAZA Nuestra Señora de Regla Nº 7 Portal 2 Plta/Piso BJ Pta/Letra B, piso BJ, puerta B","postal_code":"11550","places":6,"units":3,"registered":"2025-08-30","catastro":"8981208QA2688B0055MM","holder":null,"holder_count":null}},{"type":"Feature","geometry":{"type":"Point","coordinates":[-6.412459,36.69853]},"properties":{"id":"VUT/CA/25189","type":"VUT","group":"Completa","address":"CALLE MOZART Nº 3 Blq. 1 Esc. 1 Plta/Piso 2 Pta/Letra F Compl.Dom. JARDINES DEL LAGO, piso 2, puerta F","postal_code":"11550","places":8,"units":3,"registered":"2025-09-01","catastro":"1248104QA3614G0022EY","holder":null,"holder_count":null}},{"type":"Feature","geometry":{"type":"Point","coordinates":[-6.434321,36.726187]},"properties":{"id":"VUT/CA/25208","type":"VUT","group":"Completa","address":"CALLE LANGOSTINO Nº 4 Plta/Piso 2 Pta/Letra 10, piso 2, puerta 10","postal_code":"11550","places":10,"units":4,"registered":"2025-09-05","catastro":"9178217QA2697G0010YX","holder":null,"holder_count":null}},{"type":"Feature","geometry":{"type":"Point","coordinates":[-6.432527,36.732474]},"properties":{"id":"VUT/CA/25211","type":"VUT","group":"Completa","address":"CALLE ABETO Nº 3","postal_code":"11550","places":6,"units":2,"registered":"2025-09-05","catastro":"9485512QA2698E0001OG","holder":null,"holder_count":null}},{"type":"Feature","geometry":{"type":"Point","coordinates":[-6.437143,36.734031]},"properties":{"id":"VUT/CA/25237","type":"VUT","group":"Completa","address":"AVENIDA NUESTRA SEÑORA DE REGLA Nº 58 Plta/Piso 3 Pta/Letra A, piso 3, puerta A","postal_code":"11550","places":5,"units":2,"registered":"2025-09-15","catastro":"9087706QA2698E0011HX","holder":null,"holder_count":null}},{"type":"Feature","geometry":{"type":"Point","coordinates":[-6.417113,36.700235]},"properties":{"id":"VUT/CA/25240","type":"VUT","group":"Completa","address":"CALLE VERDI Nº 1 Blq. 1 Portal 1 Plta/Piso 1 Pta/Letra A, piso 1, puerta A","postal_code":"11550","places":8,"units":3,"registered":"2025-09-16","catastro":"0749101QA3604H0303HU","holder":null,"holder_count":null}},{"type":"Feature","geometry":{"type":"Point","coordinates":[-6.417411,36.692072]},"properties":{"id":"VUT/CA/25247","type":"VUT","group":"Completa","address":"CALLE CORVINA Nº 1 Portal 3 Plta/Piso 1 Pta/Letra E Compl.Dom. URBANIZACION LAGO ALCA, piso 1, puerta E","postal_code":"11550","places":4,"units":2,"registered":"2025-09-17","catastro":"0740801QA3604S0050XM","holder":null,"holder_count":null}},{"type":"Feature","geometry":{"type":"Point","coordinates":[-6.417411,36.692072]},"properties":{"id":"VUT/CA/25250","type":"VUT","group":"Completa","address":"CALLE CORVINA Nº 1 Portal 3 Plta/Piso 1 Pta/Letra E Compl.Dom. URBANIZACION LAGO ALCA, piso 1, puerta E","postal_code":"11550","places":4,"units":2,"registered":"2025-09-18","catastro":"0740801QA3604S0050XM","holder":null,"holder_count":null}},{"type":"Feature","geometry":{"type":"Point","coordinates":[-6.438261,36.738922]},"properties":{"id":"VUT/CA/25274","type":"VUT","group":"Completa","address":"CALLE LARGA Nº 4","postal_code":"11550","places":4,"units":2,"registered":"2025-09-24","catastro":"8992011QA2689B0004LR","holder":null,"holder_count":null}},{"type":"Feature","geometry":{"type":"Point","coordinates":[-6.418703,36.696642]},"properties":{"id":"VUT/CA/25284","type":"VUT","group":"Completa","address":"CALLE Beethoven Nº 2 Blq. 2 Esc. 4 Plta/Piso 1 Pta/Letra C, piso 1, puerta C","postal_code":"11550","places":4,"units":2,"registered":"2025-09-26","catastro":"0744104QA3604D0286TR","holder":null,"holder_count":null}},{"type":"Feature","geometry":{"type":"Point","coordinates":[-6.400596,36.760232]},"properties":{"id":"VUT/CA/25300","type":"VUT","group":"Completa","address":"LUGAR VALDECONEJOS Nº 513","postal_code":"11550","places":8,"units":3,"registered":"2025-10-03","catastro":"2020513QA3722A0001MR","holder":null,"holder_count":null}},{"type":"Feature","geometry":{"type":"Point","coordinates":[-6.420541,36.69883]},"properties":{"id":"VUT/CA/25307","type":"VUT","group":"Completa","address":"CALLE Bach Nº 3 Portal 9 Plta/Piso 2 Pta/Letra C Compl.Dom. Urbanización Amenábar Ocean, piso 2, puerta C","postal_code":"11550","places":6,"units":2,"registered":"2025-10-06","catastro":"0447101QA3604F0079US","holder":"MEGAFOUNDER REAL ESTATE SL","holder_count":2}},{"type":"Feature","geometry":{"type":"Point","coordinates":[-6.420541,36.69883]},"properties":{"id":"VUT/CA/25313","type":"VUT","group":"Completa","address":"CALLE Bach Nº 3 Portal 7 Plta/Piso 2 Pta/Letra B Compl.Dom. URBANIZACIÓN AMENÁBAR OCEAN, piso 2, puerta B","postal_code":"11550","places":8,"units":3,"registered":"2025-10-07","catastro":"0447101QA3604F0062HZ","holder":"MEGAFOUNDER REAL ESTATE SL","holder_count":2}},{"type":"Feature","geometry":{"type":"Point","coordinates":[-6.432641,36.736045]},"properties":{"id":"VUT/CA/25334","type":"VUT","group":"Completa","address":"CALLE ZORRILLA Nº 33 Plta/Piso 1, piso 1","postal_code":"11550","places":10,"units":4,"registered":"2025-10-11","catastro":"9489013QA2698G0002LA","holder":null,"holder_count":null}},{"type":"Feature","geometry":{"type":"Point","coordinates":[-6.417411,36.692072]},"properties":{"id":"VUT/CA/25340","type":"VUT","group":"Completa","address":"CALLE CORVINA Nº 1 Portal 3 Plta/Piso 1 Pta/Letra E Compl.Dom. URBANIZACION LAGO ALCA, piso 1, puerta E","postal_code":"11550","places":4,"units":2,"registered":"2025-10-13","catastro":"0740801QA3604S0050XM","holder":null,"holder_count":null}},{"type":"Feature","geometry":{"type":"Point","coordinates":[-6.417545,36.695159]},"properties":{"id":"VUT/CA/25353","type":"VUT","group":"Completa","address":"CALLE Beethoven Nº 4 Blq. 4 Esc. 16 Plta/Piso 1 Pta/Letra A, piso 1, puerta A","postal_code":"11550","places":5,"units":2,"registered":"2025-10-15","catastro":"0744102QA3604D0321SY","holder":null,"holder_count":null}},{"type":"Feature","geometry":{"type":"Point","coordinates":[-6.434993,36.717276]},"properties":{"id":"VUT/CA/25366","type":"VUT","group":"Completa","address":"CALLE TARRALLA 57 Nº 57","postal_code":"11550","places":12,"units":5,"registered":"2025-10-21","catastro":"9268101QA2696G0001BX","holder":null,"holder_count":null}},{"type":"Feature","geometry":{"type":"Point","coordinates":[-6.426174,36.736877]},"properties":{"id":"VUT/CA/25383","type":"VUT","group":"Completa","address":"AVENIDA CORDOBA Nº 7","postal_code":"11550","places":3,"units":1,"registered":"2025-10-23","catastro":"0190727qa3609a0001lk","holder":null,"holder_count":null}},{"type":"Feature","geometry":{"type":"Point","coordinates":[-6.420541,36.69883]},"properties":{"id":"VUT/CA/25399","type":"VUT","group":"Completa","address":"CALLE BACH Nº 3 Portal 6 Plta/Piso 2 Pta/Letra B, piso 2, puerta B","postal_code":"28049","places":4,"units":2,"registered":"2025-10-29","catastro":"0447101QA3604F0053PG","holder":null,"holder_count":null}},{"type":"Feature","geometry":{"type":"Point","coordinates":[-6.431924,36.742145]},"properties":{"id":"VUT/CA/25409","type":"VUT","group":"Completa","address":"CALLE BARRIO Nº 23 Pta/Letra D, puerta D","postal_code":"11550","places":4,"units":2,"registered":"2025-10-30","catastro":"9496004QA2699E0005AD","holder":null,"holder_count":null}},{"type":"Feature","geometry":{"type":"Point","coordinates":[-6.413604,36.699653]},"properties":{"id":"VUT/CA/25476","type":"VUT","group":"Completa","address":"CALLE TURINA Nº 2 Blq. 4 Esc. 1 Plta/Piso 1 Pta/Letra A, piso 1, puerta A","postal_code":"11550","places":6,"units":2,"registered":"2025-11-15","catastro":"1248101QA3614G0053ZT","holder":null,"holder_count":null}},{"type":"Feature","geometry":{"type":"Point","coordinates":[-6.433602,36.734979]},"properties":{"id":"VUT/CA/25498","type":"VUT","group":"Completa","address":"CALLE MIGUEL DE CERVANTES Nº 48","postal_code":"11550","places":3,"units":1,"registered":"2025-11-21","catastro":"9387804QA2698E0001JG","holder":null,"holder_count":null}},{"type":"Feature","geometry":{"type":"Point","coordinates":[-6.417113,36.700235]},"properties":{"id":"VUT/CA/25517","type":"VUT","group":"Completa","address":"CALLE VERDI Nº 1 Blq. 4 Esc. 2 Pta/Letra 1º-C, puerta 1º-C","postal_code":"11550","places":4,"units":2,"registered":"2025-11-30","catastro":"0749101QA3604H0001TL","holder":null,"holder_count":null}},{"type":"Feature","geometry":{"type":"Point","coordinates":[-6.428552,36.733365]},"properties":{"id":"VUT/CA/25528","type":"VUT","group":"Completa","address":"CALLE FLAMENCO Nº 21","postal_code":"11550","places":6,"units":4,"registered":"2025-12-02","catastro":"9787516QA2698H0001IL","holder":null,"holder_count":null}},{"type":"Feature","geometry":{"type":"Point","coordinates":[-6.43693,36.728572]},"properties":{"id":"VUT/CA/25543","type":"VUT","group":"Completa","address":"CALLE ACEDIA Nº 4","postal_code":"11550","places":2,"units":4,"registered":"2025-12-05","catastro":"9080302QA2698A0001FW","holder":null,"holder_count":null}},{"type":"Feature","geometry":{"type":"Point","coordinates":[-6.4348,36.741522]},"properties":{"id":"VUT/CA/25574","type":"VUT","group":"Completa","address":"AVENIDA SANLUCAR DE BARRAMEDA Nº 2","postal_code":"11550","places":5,"units":2,"registered":"2025-12-12","catastro":"9395750QA2699E0087AW","holder":null,"holder_count":null}},{"type":"Feature","geometry":{"type":"Point","coordinates":[-6.432473,36.73838]},"properties":{"id":"VUT/CA/25608","type":"VUT","group":"Completa","address":"CALLE CALLE POETA MIRANDA DE SARBI Nº 1 Portal B Plta/Piso 1 Pta/Letra DER, piso 1, puerta DER","postal_code":"11550","places":2,"units":1,"registered":"2025-12-22","catastro":"9492507QA2699C0004FJ","holder":null,"holder_count":null}},{"type":"Feature","geometry":{"type":"Point","coordinates":[-6.418499,36.699376]},"properties":{"id":"VUT/CA/25616","type":"VUT","group":"Completa","address":"AVENIDA DE LA MUSICA Nº 8 Blq. 7 Portal 14 Plta/Piso B Pta/Letra K, piso B, puerta K","postal_code":"11550","places":5,"units":2,"registered":"2025-12-26","catastro":"0749102QA3604H0001FL","holder":null,"holder_count":null}},{"type":"Feature","geometry":{"type":"Point","coordinates":[-6.413604,36.699653]},"properties":{"id":"VUT/CA/25630","type":"VUT","group":"Completa","address":"AVENIDA DE LA MUSICA Nº 3 Blq. 1 Plta/Piso BAJO Pta/Letra D Compl.Dom. URBANIZACION JARDINES DE MAJADALES, piso BAJO, puerta D","postal_code":"11550","places":6,"units":2,"registered":"2026-01-02","catastro":"1248101QA3614G0001UF","holder":null,"holder_count":null}},{"type":"Feature","geometry":{"type":"Point","coordinates":[-6.413604,36.699653]},"properties":{"id":"VUT/CA/25649","type":"VUT","group":"Completa","address":"CALLE Turina Nº 2 Blq. 4 Esc. 1 Plta/Piso Bajo Pta/Letra F Compl.Dom. Urbanización Jardines de Majadales, piso Bajo, puerta F","postal_code":"11550","places":5,"units":2,"registered":"2026-01-11","catastro":"1248101QA3614G0050KW","holder":null,"holder_count":null}},{"type":"Feature","geometry":{"type":"Point","coordinates":[-6.413604,36.699653]},"properties":{"id":"VUT/CA/25663","type":"VUT","group":"Completa","address":"CALLE TURINA Nº 2 Blq. 1 Plta/Piso 2 Pta/Letra E, piso 2, puerta E","postal_code":"11550","places":4,"units":2,"registered":"2026-01-15","catastro":"1248101QA3614G0115ZT","holder":null,"holder_count":null}},{"type":"Feature","geometry":{"type":"Point","coordinates":[-6.436061,36.732312]},"properties":{"id":"VUT/CA/25693","type":"VUT","group":"Completa","address":"AVENIDA DE LA ESPERANZA Nº 5 Blq. 2 Plta/Piso 6 Pta/Letra A, piso 6, puerta A","postal_code":"11550","places":5,"units":2,"registered":"2026-01-20","catastro":"9285618QA2698E0031SD","holder":null,"holder_count":null}},{"type":"Feature","geometry":{"type":"Point","coordinates":[-6.418499,36.699376]},"properties":{"id":"VUT/CA/25708","type":"VUT","group":"Completa","address":"AVENIDA DE LA MUSICA Nº 8 Blq. 5 Esc. 10 Plta/Piso 1 Pta/Letra C, piso 1, puerta C","postal_code":"11550","places":6,"units":2,"registered":"2026-01-22","catastro":"0749102QA3604H0001FL","holder":null,"holder_count":null}},{"type":"Feature","geometry":{"type":"Point","coordinates":[-6.420541,36.69883]},"properties":{"id":"VUT/CA/25726","type":"VUT","group":"Completa","address":"CALLE Bach Nº 3 Portal 9 Plta/Piso 1 Pta/Letra A Compl.Dom. Amenabar Ocean, piso 1, puerta A","postal_code":"11030","places":4,"units":3,"registered":"2026-01-26","catastro":"0447101QA3604F0074WU","holder":null,"holder_count":null}},{"type":"Feature","geometry":{"type":"Point","coordinates":[-6.437102,36.721414]},"properties":{"id":"VUT/CA/25747","type":"VUT","group":"Completa","address":"CALLE MARIÑO Nº 16","postal_code":"11550","places":8,"units":4,"registered":"2026-01-29","catastro":"9072108QA2697A0001SI","holder":"EFEVI CHIPIONA SL","holder_count":1}},{"type":"Feature","geometry":{"type":"Point","coordinates":[-6.439551,36.736132]},"properties":{"id":"VUT/CA/25748","type":"VUT","group":"Completa","address":"CALLE Doctor Gomez Ulla Nº 31 Plta/Piso 1 Pta/Letra D, piso 1, puerta D","postal_code":"1550","places":6,"units":2,"registered":"2026-01-29","catastro":"8788218QA2688H0003IJ","holder":"Prados Arana Gestiones","holder_count":1}},{"type":"Feature","geometry":{"type":"Point","coordinates":[-6.4348,36.741522]},"properties":{"id":"VUT/CA/25749","type":"VUT","group":"Completa","address":"AVENIDA SANLUCAR DE BARRAMEDA Nº 2 Esc. 1 Plta/Piso 0 Pta/Letra 27, piso 0, puerta 27","postal_code":"11550","places":6,"units":2,"registered":"2026-01-29","catastro":"9395750QA2699E0109YB","holder":null,"holder_count":null}},{"type":"Feature","geometry":{"type":"Point","coordinates":[-6.435516,36.733185]},"properties":{"id":"VUT/CA/25766","type":"VUT","group":"Completa","address":"AVENIDA DE LA ESPERANZA Nº 6 Blq. 3 Plta/Piso 4 Pta/Letra B, piso 4, puerta B","postal_code":"11550","places":6,"units":3,"registered":"2026-02-01","catastro":"9185803QA2698E0058PA","holder":null,"holder_count":null}},{"type":"Feature","geometry":{"type":"Point","coordinates":[-6.435516,36.733185]},"properties":{"id":"VUT/CA/25767","type":"VUT","group":"Completa","address":"AVENIDA DE LA ESPERANZA Nº 6 Blq. 3 Plta/Piso 4 Pta/Letra B, piso 4, puerta B","postal_code":"11550","places":6,"units":3,"registered":"2026-02-01","catastro":"9185803QA2698E0058PA","holder":null,"holder_count":null}},{"type":"Feature","geometry":{"type":"Point","coordinates":[-6.430543,36.716058]},"properties":{"id":"VUT/CA/25779","type":"VUT","group":"Completa","address":"CAMINO PINO DE LAS VEREDAS Nº 13","postal_code":"11550","places":3,"units":1,"registered":"2026-02-03","catastro":"11016A019000800002UP","holder":null,"holder_count":null}},{"type":"Feature","geometry":{"type":"Point","coordinates":[-6.439382,36.735413]},"properties":{"id":"VUT/CA/25789","type":"VUT","group":"Completa","address":"AVENIDA De la Cruz Roja Nº 39 Blq. a Plta/Piso 3 Pta/Letra d, piso 3, puerta d","postal_code":"11550","places":4,"units":2,"registered":"2026-02-04","catastro":"8886610QA2688F0007UE","holder":null,"holder_count":null}},{"type":"Feature","geometry":{"type":"Point","coordinates":[-6.427689,36.742067]},"properties":{"id":"VUT/CA/25808","type":"VUT","group":"Completa","address":"CALLE RIO EBRO Nº 29 Plta/Piso 1 Pta/Letra E, piso 1, puerta E","postal_code":"11550","places":4,"units":2,"registered":"2026-02-08","catastro":"9896609QA2699F0005WX","holder":null,"holder_count":null}},{"type":"Feature","geometry":{"type":"Point","coordinates":[-6.4139,36.69705]},"properties":{"id":"VUT/CA/25809","type":"VUT","group":"Completa","address":"APARTAMENTO CALLE MOZART Nº 4 Blq. 4 Portal 1 Plta/Piso 2 Pta/Letra C Compl.Dom. LOS ENEBROS, piso 2, puerta C","postal_code":"11550","places":5,"units":3,"registered":"2026-02-08","catastro":"1046104QA3604E0207YR","holder":null,"holder_count":null}},{"type":"Feature","geometry":{"type":"Point","coordinates":[-6.417113,36.700235]},"properties":{"id":"VUT/CA/25845","type":"VUT","group":"Completa","address":"CALLE Verdi Nº 1 Blq. 4 Esc. 2 Plta/Piso 2 Pta/Letra C, piso 2, puerta C","postal_code":"11550","places":5,"units":2,"registered":"2026-02-14","catastro":"0749101QA3604H0332DR","holder":null,"holder_count":null}},{"type":"Feature","geometry":{"type":"Point","coordinates":[-6.413604,36.699653]},"properties":{"id":"VUT/CA/25849","type":"VUT","group":"Completa","address":"CALLE TURINA Nº 2 Esc. 1 Plta/Piso BJ Pta/Letra H Compl.Dom. PORTAL I, del EDIFICIO 3, piso BJ, puerta H","postal_code":"11550","places":6,"units":2,"registered":"2026-02-16","catastro":"1248101QA3614G0008FZ","holder":"ELIANTIS FARM SL","holder_count":2}},{"type":"Feature","geometry":{"type":"Point","coordinates":[-6.434415,36.732596]},"properties":{"id":"VUT/CA/25853","type":"VUT","group":"Completa","address":"CALLE NARANJO Nº 19 Esc. 1 Plta/Piso 1 Pta/Letra C, piso 1, puerta C","postal_code":"11550","places":4,"units":2,"registered":"2026-02-16","catastro":"9385623QA2698E0036RK","holder":null,"holder_count":null}},{"type":"Feature","geometry":{"type":"Point","coordinates":[-6.435781,36.724647]},"properties":{"id":"VUT/CA/25859","type":"VUT","group":"Completa","address":"CALLE ALGAIDA Blq. 4 Plta/Piso BAJO Pta/Letra 2, piso BAJO, puerta 2","postal_code":"11550","places":6,"units":2,"registered":"2026-02-17","catastro":"9075401QA2697E0022FD","holder":null,"holder_count":null}},{"type":"Feature","geometry":{"type":"Point","coordinates":[-6.411862,36.697974]},"properties":{"id":"VUT/CA/25873","type":"VUT","group":"Completa","address":"CALLE TURINA Nº 4 Blq. 1 Esc. 2 Plta/Piso 1 Pta/Letra C, piso 1, puerta C","postal_code":"11550","places":11,"units":3,"registered":"2026-02-20","catastro":"1248102QA3614G0077WM","holder":null,"holder_count":null}},{"type":"Feature","geometry":{"type":"Point","coordinates":[-6.438257,36.73871]},"properties":{"id":"VUT/CA/25879","type":"VUT","group":"Completa","address":"CALLE LADISLAO CARRASCOSA Nº 1 Plta/Piso 1 Pta/Letra C, piso 1, puerta C","postal_code":"11550","places":7,"units":2,"registered":"2026-02-22","catastro":"8992009QA2689B0004TR","holder":null,"holder_count":null}},{"type":"Feature","geometry":{"type":"Point","coordinates":[-6.435259,36.735414]},"properties":{"id":"VUT/CA/25880","type":"VUT","group":"Completa","address":"CALLE CALDERÓN DE LA BARCA Nº 6 Plta/Piso 2 Pta/Letra IZQ, piso 2, puerta IZQ","postal_code":"11550","places":6,"units":2,"registered":"2026-02-22","catastro":"9188302QA2698G0011UJ","holder":null,"holder_count":null}},{"type":"Feature","geometry":{"type":"Point","coordinates":[-6.43615,36.735571]},"properties":{"id":"VUT/CA/25888","type":"VUT","group":"Completa","address":"CALLE CARLOS HAYA Nº 5","postal_code":"11550","places":12,"units":6,"registered":"2026-02-23","catastro":"9189522QA2698G0001QP","holder":null,"holder_count":null}},{"type":"Feature","geometry":{"type":"Point","coordinates":[-6.4153,36.70109]},"properties":{"id":"VUT/CA/25899","type":"VUT","group":"Completa","address":"AVENIDA De la Música Nº 4 Blq. 2 Esc. 5 Plta/Piso 1 Pta/Letra A, piso 1, puerta A","postal_code":"11550","places":6,"units":3,"registered":"2026-02-24","catastro":"1050102QA3615A0146JD","holder":null,"holder_count":null}},{"type":"Feature","geometry":{"type":"Point","coordinates":[-6.417113,36.700235]},"properties":{"id":"VUT/CA/25940","type":"VUT","group":"Completa","address":"CALLE VERDI Nº 1 Blq. 3 Portal 1 Plta/Piso BAJO Pta/Letra C Compl.Dom. URBANIZACIÓN PLAYA AZUL, piso BAJO, puerta C","postal_code":"11550","places":6,"units":2,"registered":"2026-03-05","catastro":"0749101QA3604H0245BA","holder":null,"holder_count":null}},{"type":"Feature","geometry":{"type":"Point","coordinates":[-6.424652,36.728872]},"properties":{"id":"VUT/CA/25952","type":"VUT","group":"Completa","address":"CALLE Fernando Magallanes Nº 11 Esc. 1 Plta/Piso 1 Pta/Letra D, piso 1, puerta D","postal_code":"11550","places":4,"units":2,"registered":"2026-03-08","catastro":"0181703QA3608A0004FR","holder":null,"holder_count":null}},{"type":"Feature","geometry":{"type":"Point","coordinates":[-6.436924,36.741133]},"properties":{"id":"VUT/CA/25953","type":"VUT","group":"Completa","address":"PASEO Cruz del mar Nº 14 Plta/Piso At, piso At","postal_code":"11550","places":6,"units":2,"registered":"2026-03-09","catastro":"9094711QA2699C0009OX","holder":null,"holder_count":null}},{"type":"Feature","geometry":{"type":"Point","coordinates":[-6.436836,36.722529]},"properties":{"id":"VUT/CA/25986","type":"VUT","group":"Completa","address":"CALLE LENTISCO Nº 31","postal_code":"11550","places":12,"units":4,"registered":"2026-03-12","catastro":"9073128QA2697C0001TE","holder":null,"holder_count":null}},{"type":"Feature","geometry":{"type":"Point","coordinates":[-6.411862,36.697974]},"properties":{"id":"VUT/CA/25995","type":"VUT","group":"Completa","address":"CALLE turina Nº 4 Blq. 1 Esc. 2 Plta/Piso 2 Pta/Letra e, piso 2, puerta e","postal_code":"11550","places":4,"units":2,"registered":"2026-03-13","catastro":"1248102QA3614G0087OU","holder":"INMOPUNTA ALSOL, SL","holder_count":12}},{"type":"Feature","geometry":{"type":"Point","coordinates":[-6.43606,36.735474]},"properties":{"id":"VUT/CA/26038","type":"VUT","group":"Completa","address":"CALLE MANUEL JIMENEZ FERNANDEZA Nº 9 Plta/Piso 1º Pta/Letra E, piso 1º, puerta E","postal_code":"11550","places":5,"units":2,"registered":"2026-03-19","catastro":"9189521QA2698G0005LF","holder":"INVERSIONES HORMIGO PAVON SL","holder_count":1}}]}