{"type":"FeatureCollection","municipio":{"slug":"el-puerto-de-santa-maria","name":"El Puerto de Santa María","total":1829,"places":10602,"source_updated_at":"2026-10-05"},"features":[{"type":"Feature","geometry":{"type":"Point","coordinates":[-6.232343,36.598397]},"properties":{"id":"VUT/CA/00020","type":"VUT","group":"Completa","address":"PLAZA DEL AVE MARIA Nº 1 Plta/Piso 2 Pta/Letra I, piso 2, puerta I","postal_code":"11500","places":6,"units":3,"registered":"2016-05-11","catastro":"7740202QA4574B0030GB","holder":"VAL DE FAMIZAL SL","holder_count":1}},{"type":"Feature","geometry":{"type":"Point","coordinates":[-6.229499,36.597126]},"properties":{"id":"VUT/CA/00080","type":"VUT","group":"Completa","address":"CALLE PALMA Nº 27","postal_code":"11500","places":8,"units":4,"registered":"2016-05-14","catastro":"7939910QA4573H0002JG","holder":null,"holder_count":null}},{"type":"Feature","geometry":{"type":"Point","coordinates":[-6.229499,36.597126]},"properties":{"id":"VUT/CA/00081","type":"VUT","group":"Completa","address":"CALLE PALMA Nº 27","postal_code":"11500","places":4,"units":2,"registered":"2016-05-14","catastro":"7939910QA4573H0001HF","holder":null,"holder_count":null}},{"type":"Feature","geometry":{"type":"Point","coordinates":[-6.258241,36.578789]},"properties":{"id":"VUT/CA/00157","type":"VUT","group":"Completa","address":"CALLE BULEVAR DEL OLOROSO Nº 2 Plta/Piso 1 Pta/Letra 1 Compl.Dom. CASA 54, piso 1, puerta 1","postal_code":"11500","places":6,"units":3,"registered":"2016-05-19","catastro":"5217413QA4551G0018PM","holder":"PROMOTORA DE VIVIENDAS ALGECIREÑA SL","holder_count":2}},{"type":"Feature","geometry":{"type":"Point","coordinates":[-6.22351,36.574783]},"properties":{"id":"VUT/CA/00173","type":"VUT","group":"Completa","address":"CALLE PASEO MARÍTIMO Nº 25 Blq. 5 Plta/Piso 11 Pta/Letra B, piso 11, puerta B","postal_code":"11500","places":4,"units":2,"registered":"2016-05-20","catastro":"8515902QA4581F0225LD","holder":null,"holder_count":null}},{"type":"Feature","geometry":{"type":"Point","coordinates":[-6.223766,36.575625]},"properties":{"id":"VUT/CA/00215","type":"VUT","group":"Completa","address":"PASEO MARITIMO Nº 15 Blq. 1 Esc. 1 Plta/Piso 3 Pta/Letra G Compl.Dom. CONJUNTO RESIDENCIAL BAHIA BLANCA, piso 3, puerta G","postal_code":"11500","places":4,"units":1,"registered":"2016-05-23","catastro":"8515907QA4581F0024AY","holder":null,"holder_count":null}},{"type":"Feature","geometry":{"type":"Point","coordinates":[-6.274967,36.603761]},"properties":{"id":"VUT/CA/00221","type":"VUT","group":"Completa","address":"CALLE HESPÉRIDES Nº 3 Compl.Dom. CONJUNTO RESIDENCIAL TERRAZAS DE URBIS. URBANIZACION EL ANCLA","postal_code":"11500","places":8,"units":4,"registered":"2016-05-23","catastro":"3846202QA4534F0042JE","holder":null,"holder_count":null}},{"type":"Feature","geometry":{"type":"Point","coordinates":[-6.274602,36.601295]},"properties":{"id":"VUT/CA/00225","type":"VUT","group":"Completa","address":"CALLE MAR BALTICO Blq. 4 Portal 7 Plta/Piso 3 Pta/Letra H Compl.Dom. URBANIZACION LAS REDES, piso 3, puerta H","postal_code":"11500","places":8,"units":4,"registered":"2016-05-23","catastro":"3842904QA4534B0030AR","holder":null,"holder_count":null}},{"type":"Feature","geometry":{"type":"Point","coordinates":[-6.224331,36.601388]},"properties":{"id":"VUT/CA/00230","type":"VUT","group":"Completa","address":"CALLE VIRGEN DE LOS MILAGROS Nº 64 Plta/Piso 1 Pta/Letra E, piso 1, puerta E","postal_code":"11500","places":4,"units":2,"registered":"2016-05-24","catastro":"8444117QA4584C0020IE","holder":"ASTA NOVA, SL","holder_count":1}},{"type":"Feature","geometry":{"type":"Point","coordinates":[-6.226187,36.597085]},"properties":{"id":"VUT/CA/00237","type":"VUT","group":"Completa","address":"CALLE Alquiladores Nº 5 Plta/Piso 2 Pta/Letra B, piso 2, puerta B","postal_code":"11500","places":4,"units":1,"registered":"2016-05-24","catastro":"8239404QA4583G0010ZG","holder":null,"holder_count":null}},{"type":"Feature","geometry":{"type":"Point","coordinates":[-6.283859,36.608663]},"properties":{"id":"VUT/CA/00329","type":"VUT","group":"Completa","address":"CALLE BALANDRO Nº 25 Esc. 3 Plta/Piso BAJA Pta/Letra 1 Compl.Dom. URBANIZACION MANANTIAL, piso BAJA, puerta 1","postal_code":"11500","places":4,"units":2,"registered":"2016-06-01","catastro":"3150919QA4535A0001LG","holder":null,"holder_count":null}},{"type":"Feature","geometry":{"type":"Point","coordinates":[-6.223397,36.600712]},"properties":{"id":"VUT/CA/00350","type":"VUT","group":"Completa","address":"CALLE LUJA Nº 15-7","postal_code":"11500","places":2,"units":1,"registered":"2016-06-02","catastro":"8443622QA4584C0064RS","holder":null,"holder_count":null}},{"type":"Feature","geometry":{"type":"Point","coordinates":[-6.26041,36.597151]},"properties":{"id":"VUT/CA/00365","type":"VUT","group":"Completa","address":"CALLE SOR MARÍA AGUILAR Nº 14 Pta/Letra 2 Compl.Dom. CASA nº. 2, puerta 2","postal_code":"11500","places":6,"units":3,"registered":"2016-06-02","catastro":"5139802QA4553G0015HI","holder":null,"holder_count":null}},{"type":"Feature","geometry":{"type":"Point","coordinates":[-6.231281,36.591872]},"properties":{"id":"VUT/CA/00382","type":"VUT","group":"Completa","address":"AVENIDA MENESTEO Nº 12 Blq. 8 Plta/Piso 2 Pta/Letra D, piso 2, puerta D","postal_code":"11500","places":6,"units":3,"registered":"2016-06-04","catastro":"7834201QA4573D0221YZ","holder":null,"holder_count":null}},{"type":"Feature","geometry":{"type":"Point","coordinates":[-6.231506,36.601867]},"properties":{"id":"VUT/CA/00453","type":"VUT","group":"Completa","address":"CALLE POSTIGO Nº 36 Plta/Piso 1 Pta/Letra H, piso 1, puerta H","postal_code":"11500","places":5,"units":2,"registered":"2016-06-13","catastro":"7745705QA4574F0009YZ","holder":null,"holder_count":null}},{"type":"Feature","geometry":{"type":"Point","coordinates":[-6.22818,36.594531]},"properties":{"id":"VUT/CA/00523","type":"VUT","group":"Completa","address":"CALLE LOS MOROS Nº 10 Esc. 2 Plta/Piso 2 Pta/Letra C, piso 2, puerta C","postal_code":"11500","places":4,"units":1,"registered":"2016-06-21","catastro":"8136301QA4583E0018FT","holder":null,"holder_count":null}},{"type":"Feature","geometry":{"type":"Point","coordinates":[-6.223411,36.600814]},"properties":{"id":"VUT/CA/00541","type":"VUT","group":"Completa","address":"CALLE LUJA Nº 10 Plta/Piso 2 Pta/Letra B, piso 2, puerta B","postal_code":"11500","places":6,"units":3,"registered":"2016-06-22","catastro":"8544104QA4584D0005HE","holder":null,"holder_count":null}},{"type":"Feature","geometry":{"type":"Point","coordinates":[-6.227941,36.600895]},"properties":{"id":"VUT/CA/00542","type":"VUT","group":"Completa","address":"CALLE MELEROS Nº 8 Plta/Piso 1, piso 1","postal_code":"11500","places":6,"units":3,"registered":"2016-06-22","catastro":"8043522QA4584C0003SG","holder":null,"holder_count":null}},{"type":"Feature","geometry":{"type":"Point","coordinates":[-6.232316,36.600162]},"properties":{"id":"VUT/CA/00550","type":"VUT","group":"Completa","address":"CALLE HIPOLITO SANCHO Nº 1 Plta/Piso 3 Pta/Letra B, piso 3, puerta B","postal_code":"11500","places":4,"units":2,"registered":"2016-06-23","catastro":"7642501QA4574D0127HK","holder":null,"holder_count":null}},{"type":"Feature","geometry":{"type":"Point","coordinates":[-6.226332,36.598432]},"properties":{"id":"VUT/CA/00563","type":"VUT","group":"Completa","address":"CALLE VIRGEN DE LOS MILAGROS Nº 112 Plta/Piso 2 Pta/Letra A, piso 2, puerta A","postal_code":"11500","places":6,"units":2,"registered":"2016-06-23","catastro":"8241114QA4584A0006BM","holder":null,"holder_count":null}},{"type":"Feature","geometry":{"type":"Point","coordinates":[-6.275248,36.607685]},"properties":{"id":"VUT/CA/00574","type":"VUT","group":"Completa","address":"CALLE PROA Nº 12 Compl.Dom. EL ANCLA","postal_code":"11500","places":6,"units":3,"registered":"2016-06-24","catastro":"3849901QA4534H0006RB","holder":null,"holder_count":null}},{"type":"Feature","geometry":{"type":"Point","coordinates":[-6.252484,36.58976]},"properties":{"id":"VUT/CA/00584","type":"VUT","group":"Completa","address":"CALLE JUAN SEBASTIAN EL CANO Nº 3 Pta/Letra 14 Compl.Dom. URNANIZACIÓN VISTAGOLF, puerta 14","postal_code":"11500","places":14,"units":7,"registered":"2016-06-27","catastro":"5728031QA4552H0004XG","holder":null,"holder_count":null}},{"type":"Feature","geometry":{"type":"Point","coordinates":[-6.233001,36.592421]},"properties":{"id":"VUT/CA/00637","type":"VUT","group":"Por habitaciones","address":"CALLE Bahía de Barbate Nº 2 Compl.Dom. URBANIZACIÓN PARQUE BAHÍA","postal_code":"11500","places":6,"units":3,"registered":"2016-07-04","catastro":"7634216QA4573D0005XT","holder":null,"holder_count":null}},{"type":"Feature","geometry":{"type":"Point","coordinates":[-6.223766,36.575625]},"properties":{"id":"VUT/CA/00638","type":"VUT","group":"Completa","address":"PASEO MARITIMO Nº 15 Blq. 6 Plta/Piso 2 Pta/Letra A, piso 2, puerta A","postal_code":"11500","places":5,"units":2,"registered":"2016-07-04","catastro":"8515907QA4581F0378DI","holder":null,"holder_count":null}},{"type":"Feature","geometry":{"type":"Point","coordinates":[-6.225924,36.597711]},"properties":{"id":"VUT/CA/00642","type":"VUT","group":"Completa","address":"CALLE MISERICORDIA Nº 18 Plta/Piso 1 Pta/Letra B, piso 1, puerta B","postal_code":"11500","places":4,"units":2,"registered":"2016-07-04","catastro":"8240501QA4584A0001TK","holder":"YOZ S.L","holder_count":4}},{"type":"Feature","geometry":{"type":"Point","coordinates":[-6.225924,36.597711]},"properties":{"id":"VUT/CA/00650","type":"VUT","group":"Completa","address":"CALLE MISERICORDIA Nº 18 Plta/Piso 1 Pta/Letra A, piso 1, puerta A","postal_code":"11500","places":4,"units":2,"registered":"2016-07-05","catastro":"8240501QA4584A0001TK","holder":"YOZ S.L","holder_count":4}},{"type":"Feature","geometry":{"type":"Point","coordinates":[-6.26864,36.602662]},"properties":{"id":"VUT/CA/00746","type":"VUT","group":"Por habitaciones","address":"CALLE MAR DEL NORTE Nº 3","postal_code":"11500","places":4,"units":2,"registered":"2016-07-14","catastro":"4445807QA4544D0001TY","holder":null,"holder_count":null}},{"type":"Feature","geometry":{"type":"Point","coordinates":[-6.224306,36.599192]},"properties":{"id":"VUT/CA/00767","type":"VUT","group":"Completa","address":"PLAZA DE LA CARCEL Nº 1","postal_code":"11500","places":6,"units":2,"registered":"2016-07-15","catastro":"8442102QA4584A0001GK","holder":"HOTEL RESIDENCIA LOS CANTAROS SA","holder_count":1}},{"type":"Feature","geometry":{"type":"Point","coordinates":[-6.223436,36.571369]},"properties":{"id":"VUT/CA/00794","type":"VUT","group":"Completa","address":"PASEO MARITIMO Nº 33 Plta/Piso 5 Pta/Letra A Compl.Dom. URBANIZACIÓN BLEGMAR EDIFICIO BERGANTÍN, piso 5, puerta A","postal_code":"11500","places":6,"units":2,"registered":"2016-07-19","catastro":"8611706QA4581B0009EU","holder":null,"holder_count":null}},{"type":"Feature","geometry":{"type":"Point","coordinates":[-6.223766,36.575625]},"properties":{"id":"VUT/CA/00797","type":"VUT","group":"Completa","address":"PASEO MARITIMO Nº 15 Blq. 6 Plta/Piso 5 Pta/Letra G Compl.Dom. URBANIZACIÓN BAHÍA BLANCA, piso 5, puerta G","postal_code":"11500","places":4,"units":2,"registered":"2016-07-20","catastro":"8515907QA4581F0408DI","holder":null,"holder_count":null}},{"type":"Feature","geometry":{"type":"Point","coordinates":[-6.281209,36.611985]},"properties":{"id":"VUT/CA/00805","type":"VUT","group":"Completa","address":"CALLE Calabaza Nº 2 Portal 2 Compl.Dom. Urbanización Rosa de los Vientos","postal_code":"11500","places":6,"units":3,"registered":"2016-07-20","catastro":"3254902QA4535C0002ZA","holder":null,"holder_count":null}},{"type":"Feature","geometry":{"type":"Point","coordinates":[-6.223085,36.569231]},"properties":{"id":"VUT/CA/00809","type":"VUT","group":"Completa","address":"PASEO MARITIMO Nº 37 Blq. A Plta/Piso 5 Pta/Letra A Compl.Dom. URB. PUERTO PRINCIPE, BLOQ. 1 - 5º A, piso 5, puerta A","postal_code":"11500","places":4,"units":2,"registered":"2016-07-20","catastro":"8709201QA4580H0369OE","holder":null,"holder_count":null}},{"type":"Feature","geometry":{"type":"Point","coordinates":[-6.222932,36.573062]},"properties":{"id":"VUT/CA/00810","type":"VUT","group":"Completa","address":"PASEO MARITIMO Nº 31 Portal 8 Plta/Piso 9 Pta/Letra I Compl.Dom. URBANIZACION BAHIA SHERRY- BLOQ. 3 Y 4, piso 9, puerta I","postal_code":"11500","places":6,"units":3,"registered":"2016-07-20","catastro":"8613101QA4581D0499LI","holder":null,"holder_count":null}},{"type":"Feature","geometry":{"type":"Point","coordinates":[-6.227508,36.598692]},"properties":{"id":"VUT/CA/00859","type":"VUT","group":"Completa","address":"CALLE Palacios Nº 51 Plta/Piso 1 Pta/Letra b, piso 1, puerta b","postal_code":"11500","places":4,"units":1,"registered":"2016-07-26","catastro":"8141114QA4584A0006TM","holder":null,"holder_count":null}},{"type":"Feature","geometry":{"type":"Point","coordinates":[-6.238765,36.593033]},"properties":{"id":"VUT/CA/00911","type":"VUT","group":"Completa","address":"CAMINO de los Enamorados","postal_code":"11500","places":4,"units":2,"registered":"2016-08-02","catastro":"7134304QA4573C0003YJ","holder":null,"holder_count":null}},{"type":"Feature","geometry":{"type":"Point","coordinates":[-6.227823,36.597465]},"properties":{"id":"VUT/CA/00913","type":"VUT","group":"Por habitaciones","address":"BLOQUE PEDRO MUÑOZ SECA Nº 43","postal_code":"11500","places":4,"units":1,"registered":"2016-08-03","catastro":"8139303QA4583G0001PO","holder":null,"holder_count":null}},{"type":"Feature","geometry":{"type":"Point","coordinates":[-6.231517,36.602967]},"properties":{"id":"VUT/CA/00941","type":"VUT","group":"Completa","address":"PLAZA SAN JUAN Nº 4 Plta/Piso 4 Pta/Letra A, piso 4, puerta A","postal_code":"11500","places":2,"units":1,"registered":"2016-08-05","catastro":"7846204QA4574f0035FG","holder":null,"holder_count":null}},{"type":"Feature","geometry":{"type":"Point","coordinates":[-6.223085,36.569231]},"properties":{"id":"VUT/CA/00950","type":"VUT","group":"Completa","address":"PASEO PASEO MARITIMO Nº 37 Blq. 2-A Plta/Piso 1 Pta/Letra C-2, piso 1, puerta C-2","postal_code":"11500","places":6,"units":3,"registered":"2016-08-08","catastro":"8709201QA4580H0035ZG","holder":null,"holder_count":null}},{"type":"Feature","geometry":{"type":"Point","coordinates":[-6.223085,36.569231]},"properties":{"id":"VUT/CA/00981","type":"VUT","group":"Completa","address":"PASEO MARITIMO Nº 37 Blq. 2C Plta/Piso 2 Pta/Letra B, piso 2, puerta B","postal_code":"11500","places":6,"units":3,"registered":"2016-08-12","catastro":"8709201QA4580H0070ZG","holder":null,"holder_count":null}},{"type":"Feature","geometry":{"type":"Point","coordinates":[-6.224464,36.577606]},"properties":{"id":"VUT/CA/01034","type":"VUT","group":"Completa","address":"AVENIDA PAZ DE LA (VD) Nº 71 Blq. 4 Esc. 1 Plta/Piso 7 Pta/Letra A, piso 7, puerta A","postal_code":"11500","places":6,"units":2,"registered":"2016-08-25","catastro":"8418701QA4518G0161ML","holder":null,"holder_count":null}},{"type":"Feature","geometry":{"type":"Point","coordinates":[-6.224464,36.577606]},"properties":{"id":"VUT/CA/01035","type":"VUT","group":"Completa","address":"AVENIDA DE LA PAZ, VALDELAGRANA Nº 73 Blq. 3 Esc. 1 Plta/Piso 7 Pta/Letra A, piso 7, puerta A","postal_code":"11500","places":7,"units":2,"registered":"2016-08-25","catastro":"8418701QA4518G0198TQ","holder":null,"holder_count":null}},{"type":"Feature","geometry":{"type":"Point","coordinates":[-6.224464,36.577606]},"properties":{"id":"VUT/CA/01036","type":"VUT","group":"Completa","address":"AVENIDA PAZ DE LA (VD) Nº 73 Blq. 3 Esc. 1 Plta/Piso 1 Pta/Letra D, piso 1, puerta D","postal_code":"11500","places":6,"units":2,"registered":"2016-08-25","catastro":"8418701QA4518G0177DO","holder":null,"holder_count":null}},{"type":"Feature","geometry":{"type":"Point","coordinates":[-6.234492,36.59263]},"properties":{"id":"VUT/CA/01063","type":"VUT","group":"Completa","address":"CALLE OROPENDOLA Nº 9 Plta/Piso BAJO Pta/Letra A, piso BAJO, puerta A","postal_code":"11500","places":6,"units":3,"registered":"2016-08-30","catastro":"7634203QA4573D0047IS","holder":null,"holder_count":null}},{"type":"Feature","geometry":{"type":"Point","coordinates":[-6.223085,36.569231]},"properties":{"id":"VUT/CA/01069","type":"VUT","group":"Completa","address":"AVENIDA SANTA MARIA DEL MAR Nº 20 Portal 6 Plta/Piso 9 Pta/Letra G, piso 9, puerta G","postal_code":"11500","places":4,"units":2,"registered":"2016-08-31","catastro":"8709201QA4580H0466OE","holder":null,"holder_count":null}},{"type":"Feature","geometry":{"type":"Point","coordinates":[-6.2227,36.581156]},"properties":{"id":"VUT/CA/01073","type":"VUT","group":"Completa","address":"AVENIDA DE LA PAZ Nº 10 Portal 2 Plta/Piso 1 Pta/Letra F Compl.Dom. EDIFICIO GEMINIS, piso 1, puerta F","postal_code":"11500","places":6,"units":3,"registered":"2016-09-01","catastro":"8521501QA4582b0055QO","holder":null,"holder_count":null}},{"type":"Feature","geometry":{"type":"Point","coordinates":[-6.256904,36.578401]},"properties":{"id":"VUT/CA/01088","type":"VUT","group":"Completa","address":"PLAZA GARVEY Nº 42 Plta/Piso 2 Pta/Letra A, piso 2, puerta A","postal_code":"11500","places":4,"units":1,"registered":"2016-09-02","catastro":"5217404QA4551G0074JG","holder":null,"holder_count":null}},{"type":"Feature","geometry":{"type":"Point","coordinates":[-6.25984,36.579664]},"properties":{"id":"VUT/CA/01089","type":"VUT","group":"Completa","address":"AVENIDA SANTA MARIA Nº 82 Plta/Piso 2 Pta/Letra A, piso 2, puerta A","postal_code":"11500","places":12,"units":3,"registered":"2016-09-02","catastro":"5217407QA4551G0011XH","holder":null,"holder_count":null}},{"type":"Feature","geometry":{"type":"Point","coordinates":[-6.232225,36.59606]},"properties":{"id":"VUT/CA/01093","type":"VUT","group":"Completa","address":"PLAZA ELIAS AHUJA Nº 5 Blq. G Plta/Piso 2 Pta/Letra G4, piso 2, puerta G4","postal_code":"11500","places":6,"units":3,"registered":"2016-09-05","catastro":"7738902QA4573H0125ES","holder":null,"holder_count":null}},{"type":"Feature","geometry":{"type":"Point","coordinates":[-6.22367,36.571645]},"properties":{"id":"VUT/CA/01095","type":"VUT","group":"Completa","address":"PASEO MARITIMO Nº 33 Blq. A Plta/Piso 4 Pta/Letra A Compl.Dom. EDIFICIO BLEGAMAR- GALEON, piso 4, puerta A","postal_code":"11500","places":6,"units":2,"registered":"2016-09-05","catastro":"8611704QA4581B0007YT","holder":null,"holder_count":null}},{"type":"Feature","geometry":{"type":"Point","coordinates":[-6.275476,36.605608]},"properties":{"id":"VUT/CA/01096","type":"VUT","group":"Completa","address":"CALLE PANTOQUE Nº 13 Plta/Piso 2 Pta/Letra F, piso 2, puerta F","postal_code":"11500","places":8,"units":2,"registered":"2016-09-05","catastro":"3947201QA4534H0058KA","holder":null,"holder_count":null}},{"type":"Feature","geometry":{"type":"Point","coordinates":[-6.221715,36.603904]},"properties":{"id":"VUT/CA/01101","type":"VUT","group":"Completa","address":"CALLE VIRGEN DE LOS MILAGROS Nº 4 Blq. DUPLICADO Plta/Piso 1 Pta/Letra H, piso 1, puerta H","postal_code":"11500","places":4,"units":1,"registered":"2016-09-05","catastro":"8647903QA4584F0068XB","holder":null,"holder_count":null}},{"type":"Feature","geometry":{"type":"Point","coordinates":[-6.215917,36.580746]},"properties":{"id":"VUT/CA/01131","type":"VUT","group":"Completa","address":"CALLE HUELVA Nº 5 Pta/Letra E, puerta E","postal_code":"11500","places":6,"units":3,"registered":"2016-09-12","catastro":"9221908QA4592A0001OA","holder":null,"holder_count":null}},{"type":"Feature","geometry":{"type":"Point","coordinates":[-6.270279,36.598855]},"properties":{"id":"VUT/CA/01132","type":"VUT","group":"Completa","address":"CALLE OCEANO ATLANTICO Nº 16","postal_code":"11500","places":8,"units":4,"registered":"2016-09-12","catastro":"4341101QA4544D0007OS","holder":null,"holder_count":null}},{"type":"Feature","geometry":{"type":"Point","coordinates":[-6.226187,36.597085]},"properties":{"id":"VUT/CA/01162","type":"VUT","group":"Completa","address":"CALLE ALQUILADORES Portal 5 Esc. 1 Pta/Letra D, puerta D","postal_code":"11500","places":2,"units":1,"registered":"2016-09-13","catastro":"8239404QA4583G0009MJ","holder":null,"holder_count":null}},{"type":"Feature","geometry":{"type":"Point","coordinates":[-6.285635,36.61218]},"properties":{"id":"VUT/CA/01178","type":"VUT","group":"Completa","address":"CALLE BREVA Nº 24 Pta/Letra D, puerta D","postal_code":"11500","places":7,"units":3,"registered":"2016-09-13","catastro":"2954310QA4525D0004ZK","holder":null,"holder_count":null}},{"type":"Feature","geometry":{"type":"Point","coordinates":[-6.220973,36.570676]},"properties":{"id":"VUT/CA/01184","type":"VUT","group":"Completa","address":"CALLE AVOCETA Nº 2 Blq. 3 Plta/Piso 2 Pta/Letra C Compl.Dom. RESIDENCIAL LAS OLAS, piso 2, puerta C","postal_code":"11500","places":2,"units":1,"registered":"2016-09-14","catastro":"8810301QA4581B0076DU","holder":null,"holder_count":null}},{"type":"Feature","geometry":{"type":"Point","coordinates":[-6.272677,36.604617]},"properties":{"id":"VUT/CA/01187","type":"VUT","group":"Completa","address":"CALLE ANCORA Nº 4 Blq. 2 Plta/Piso 2 Pta/Letra G, piso 2, puerta G","postal_code":"11500","places":4,"units":2,"registered":"2016-09-14","catastro":"4146502QA4544E0300IM","holder":null,"holder_count":null}},{"type":"Feature","geometry":{"type":"Point","coordinates":[-6.272737,36.604402]},"properties":{"id":"VUT/CA/01196","type":"VUT","group":"Completa","address":"CALLE Ancora Nº 1 Blq. 4 Plta/Piso 2 Pta/Letra A, piso 2, puerta A","postal_code":"11500","places":7,"units":3,"registered":"2016-09-14","catastro":"4145901QA4544E0031MD","holder":null,"holder_count":null}},{"type":"Feature","geometry":{"type":"Point","coordinates":[-6.219125,36.578135]},"properties":{"id":"VUT/CA/01246","type":"VUT","group":"Completa","address":"CALLE UBRIQUE Nº 6 Compl.Dom. PLAYA VALDELAGRANA","postal_code":"11500","places":12,"units":5,"registered":"2016-09-21","catastro":"8919908QA4581H0001FU","holder":null,"holder_count":null}},{"type":"Feature","geometry":{"type":"Point","coordinates":[-6.217118,36.576742]},"properties":{"id":"VUT/CA/01247","type":"VUT","group":"Completa","address":"CALLE EL BOSQUE Nº 6","postal_code":"11500","places":7,"units":4,"registered":"2016-09-21","catastro":"9017701QA4591E0001KU","holder":null,"holder_count":null}},{"type":"Feature","geometry":{"type":"Point","coordinates":[-6.225168,36.597642]},"properties":{"id":"VUT/CA/01270","type":"VUT","group":"Completa","address":"CALLE JESUS DE LOS MILAGROS Nº 22 Plta/Piso 0 Pta/Letra 1, piso 0, puerta 1","postal_code":"11500","places":8,"units":2,"registered":"2016-09-23","catastro":"8340217QA4584A0004DZ","holder":null,"holder_count":null}},{"type":"Feature","geometry":{"type":"Point","coordinates":[-6.225168,36.597642]},"properties":{"id":"VUT/CA/01271","type":"VUT","group":"Completa","address":"CALLE JESUS DE LOS MILAGROS Nº 22 Plta/Piso 1 Pta/Letra 5, piso 1, puerta 5","postal_code":"11500","places":4,"units":1,"registered":"2016-09-23","catastro":"8340217QA4584A0008JW","holder":null,"holder_count":null}},{"type":"Feature","geometry":{"type":"Point","coordinates":[-6.221447,36.582264]},"properties":{"id":"VUT/CA/01272","type":"VUT","group":"Completa","address":"AVENIDA DE LA PAZ Nº 24 Compl.Dom. VALDELAGRANA","postal_code":"11500","places":8,"units":4,"registered":"2016-09-23","catastro":"8724129QA4582D0001TA","holder":null,"holder_count":null}},{"type":"Feature","geometry":{"type":"Point","coordinates":[-6.272677,36.604617]},"properties":{"id":"VUT/CA/01290","type":"VUT","group":"Completa","address":"CALLE ANCORA Nº 8 Esc. 2 Plta/Piso 2 Pta/Letra E, piso 2, puerta E","postal_code":"11500","places":4,"units":2,"registered":"2016-09-26","catastro":"4146502QA4544E0298UX","holder":null,"holder_count":null}},{"type":"Feature","geometry":{"type":"Point","coordinates":[-6.272677,36.604617]},"properties":{"id":"VUT/CA/01340","type":"VUT","group":"Completa","address":"CALLE ANCORA Nº 8 Esc. 2 Plta/Piso 0 Pta/Letra G, piso 0, puerta G","postal_code":"11500","places":4,"units":2,"registered":"2016-09-29","catastro":"4146502QA4544E0284LA","holder":null,"holder_count":null}},{"type":"Feature","geometry":{"type":"Point","coordinates":[-6.285479,36.610033]},"properties":{"id":"VUT/CA/01350","type":"VUT","group":"Completa","address":"CALLE DE LA MORA Nº 5 Pta/Letra 8 Compl.Dom. EDIFICIO HERCULES, puerta 8","postal_code":"11500","places":5,"units":2,"registered":"2016-09-30","catastro":"3153838QA4535C0020XM","holder":"LIFE APARTMENTS S.L.","holder_count":1}},{"type":"Feature","geometry":{"type":"Point","coordinates":[-6.222929,36.578052]},"properties":{"id":"VUT/CA/01369","type":"VUT","group":"Completa","address":"AVENIDA SANTA MARIA DEL MAR Nº 3 Portal 1 Plta/Piso 7 Pta/Letra DI, piso 7, puerta DI","postal_code":"11500","places":4,"units":1,"registered":"2016-10-04","catastro":"8620101QA4582B0028MF","holder":"COTO DE LA ISLETA SL","holder_count":2}},{"type":"Feature","geometry":{"type":"Point","coordinates":[-6.224464,36.577606]},"properties":{"id":"VUT/CA/01377","type":"VUT","group":"Completa","address":"AVENIDA PAZ DE LA (VD) Nº 75 Blq. 2 Esc. 1 Plta/Piso 6 Pta/Letra A, piso 6, puerta A","postal_code":"11500","places":6,"units":2,"registered":"2016-10-05","catastro":"8418701QA4518G0231TQ","holder":null,"holder_count":null}},{"type":"Feature","geometry":{"type":"Point","coordinates":[-6.22351,36.574783]},"properties":{"id":"VUT/CA/01378","type":"VUT","group":"Completa","address":"CALLE PASEO MARITIMO Nº 25 Esc. 2 Plta/Piso 6 Pta/Letra A, piso 6, puerta A","postal_code":"11500","places":5,"units":2,"registered":"2016-10-05","catastro":"8515902QA4581F0066LD","holder":null,"holder_count":null}},{"type":"Feature","geometry":{"type":"Point","coordinates":[-6.224464,36.577606]},"properties":{"id":"VUT/CA/01414","type":"VUT","group":"Completa","address":"AVENIDA LA PAZ Nº 65 Blq. 2 Plta/Piso 3º Pta/Letra C Compl.Dom. URBANIZACION VALDEMAR. VALDELAGRANA, piso 3º, puerta C","postal_code":"11500","places":4,"units":2,"registered":"2016-10-11","catastro":"8418701QA4518G0044OT","holder":null,"holder_count":null}},{"type":"Feature","geometry":{"type":"Point","coordinates":[-6.212153,36.627708]},"properties":{"id":"VUT/CA/01472","type":"VUT","group":"Completa","address":"CALLE RULETA Blq. 5 Plta/Piso 1 Pta/Letra B Compl.Dom. URBANIZACION VALLE ALTO, piso 1, puerta B","postal_code":"11500","places":8,"units":4,"registered":"2016-10-21","catastro":"9373703QA4597C0006MR","holder":null,"holder_count":null}},{"type":"Feature","geometry":{"type":"Point","coordinates":[-6.25796,36.580525]},"properties":{"id":"VUT/CA/01493","type":"VUT","group":"Completa","address":"PLAZA MEDINA Nº 6 Plta/Piso BAJO Compl.Dom. PUERTO SHERRY, piso BAJO","postal_code":"11500","places":4,"units":1,"registered":"2016-10-24","catastro":"5420601QA4552A0051AU","holder":null,"holder_count":null}},{"type":"Feature","geometry":{"type":"Point","coordinates":[-6.273954,36.615323]},"properties":{"id":"VUT/CA/01499","type":"VUT","group":"Completa","address":"CALLE PAGO CANTARRANAS A15","postal_code":"11500","places":6,"units":3,"registered":"2016-10-25","catastro":"4058703QA4545G0001QR","holder":"GOLDCAR ANDALUCIA, S.L.","holder_count":1}},{"type":"Feature","geometry":{"type":"Point","coordinates":[-6.223071,36.578977]},"properties":{"id":"VUT/CA/01505","type":"VUT","group":"Completa","address":"AVENIDA SANTA MARÍA DEL MAR Nº 3 Esc. 4 Plta/Piso 5 Pta/Letra IB, piso 5, puerta IB","postal_code":"11500","places":5,"units":3,"registered":"2016-10-25","catastro":"8620101QA4582B0101TL","holder":null,"holder_count":null}},{"type":"Feature","geometry":{"type":"Point","coordinates":[-6.229529,36.596932]},"properties":{"id":"VUT/CA/01523","type":"VUT","group":"Completa","address":"CALLE BARTOLOMÉ Nº 47 Esc. 1 Plta/Piso 1 Pta/Letra B, piso 1, puerta B","postal_code":"11500","places":4,"units":2,"registered":"2016-10-28","catastro":"7939912QA4573H0028OS","holder":null,"holder_count":null}},{"type":"Feature","geometry":{"type":"Point","coordinates":[-6.223766,36.575625]},"properties":{"id":"VUT/CA/01526","type":"VUT","group":"Completa","address":"PASEO MARÍTIMO Nº 15 Blq. 1 Portal 1 Plta/Piso 6 Pta/Letra A Compl.Dom. EDIFICIO BAHÍA BLANCA 1 PLAYA VALDELAGRANA, piso 6, puerta A","postal_code":"11500","places":4,"units":1,"registered":"2016-10-28","catastro":"8515907QA4581F0046RX","holder":null,"holder_count":null}},{"type":"Feature","geometry":{"type":"Point","coordinates":[-6.22599,36.600603]},"properties":{"id":"VUT/CA/01531","type":"VUT","group":"Completa","address":"CALLE JESUS CAUTIVO Nº 5","postal_code":"11500","places":15,"units":5,"registered":"2016-10-28","catastro":"8243606QA4584C0001MD","holder":null,"holder_count":null}},{"type":"Feature","geometry":{"type":"Point","coordinates":[-6.221802,36.58245]},"properties":{"id":"VUT/CA/01558","type":"VUT","group":"Completa","address":"CALLE LUIS CABALLERO Nº 21 Compl.Dom. VALDELAGRANA","postal_code":"11500","places":15,"units":4,"registered":"2016-11-02","catastro":"8724103QA4582D0001OA","holder":null,"holder_count":null}},{"type":"Feature","geometry":{"type":"Point","coordinates":[-6.225168,36.597642]},"properties":{"id":"VUT/CA/01559","type":"VUT","group":"Completa","address":"CALLE JESUS DE LOS MILAGROS Nº 22 Plta/Piso 1 Pta/Letra 4, piso 1, puerta 4","postal_code":"11500","places":4,"units":1,"registered":"2016-11-02","catastro":"8340217QA4584A0007HQ","holder":null,"holder_count":null}},{"type":"Feature","geometry":{"type":"Point","coordinates":[-6.225168,36.597642]},"properties":{"id":"VUT/CA/01560","type":"VUT","group":"Completa","address":"CALLE JESUS DE LOS MILAGROS Nº 22 Plta/Piso 2 Pta/Letra 7, piso 2, puerta 7","postal_code":"11500","places":8,"units":2,"registered":"2016-11-02","catastro":"8340217QA4584A0010HQ","holder":null,"holder_count":null}},{"type":"Feature","geometry":{"type":"Point","coordinates":[-6.227295,36.598337]},"properties":{"id":"VUT/CA/01574","type":"VUT","group":"Completa","address":"CALLE PEDRO MUÑOZ SECA Nº 30 Plta/Piso 1 Pta/Letra D, piso 1, puerta D","postal_code":"11500","places":4,"units":1,"registered":"2016-11-03","catastro":"8141119QA4584A0003QB","holder":null,"holder_count":null}},{"type":"Feature","geometry":{"type":"Point","coordinates":[-6.222932,36.573062]},"properties":{"id":"VUT/CA/01581","type":"VUT","group":"Completa","address":"PASEO PASEO MARITIMO, BAHIA SHERRY Nº 31 Blq. 1 Plta/Piso 7 Pta/Letra A, piso 7, puerta A","postal_code":"11500","places":6,"units":2,"registered":"2016-11-04","catastro":"8613101QA4581D0323UL","holder":null,"holder_count":null}},{"type":"Feature","geometry":{"type":"Point","coordinates":[-6.221488,36.570812]},"properties":{"id":"VUT/CA/01591","type":"VUT","group":"Completa","address":"PASEO MARITIMO Nº 35 Blq. B Plta/Piso 8 Pta/Letra B Compl.Dom. BLEGAMAR PUERTO, piso 8, puerta B","postal_code":"11500","places":6,"units":2,"registered":"2016-11-04","catastro":"8611717QA4581B0016PA","holder":null,"holder_count":null}},{"type":"Feature","geometry":{"type":"Point","coordinates":[-6.226309,36.601023]},"properties":{"id":"VUT/CA/01606","type":"VUT","group":"Completa","address":"CALLE CIELO Nº 102 Plta/Piso 2 Pta/Letra C, piso 2, puerta C","postal_code":"11500","places":3,"units":1,"registered":"2016-11-07","catastro":"8244230QA4584C0010GL","holder":null,"holder_count":null}},{"type":"Feature","geometry":{"type":"Point","coordinates":[-6.222223,36.575065]},"properties":{"id":"VUT/CA/01637","type":"VUT","group":"Completa","address":"AVENIDA santa maria del mar Nº 13 Portal 13 Plta/Piso 4 Pta/Letra b, piso 4, puerta b","postal_code":"11500","places":6,"units":3,"registered":"2016-11-14","catastro":"8715101QA4581F0040AH","holder":null,"holder_count":null}},{"type":"Feature","geometry":{"type":"Point","coordinates":[-6.28499,36.612273]},"properties":{"id":"VUT/CA/01679","type":"VUT","group":"Completa","address":"CALLE FRESA Nº 25 Plta/Piso BAJO Pta/Letra B Compl.Dom. BARRIADA DE FUENTEBRAVIA, piso BAJO, puerta B","postal_code":"11500","places":7,"units":2,"registered":"2016-11-20","catastro":"2954303QA4525D0005OL","holder":null,"holder_count":null}},{"type":"Feature","geometry":{"type":"Point","coordinates":[-6.28489,36.610582]},"properties":{"id":"VUT/CA/01680","type":"VUT","group":"Completa","address":"CALLE CALABAZA Nº 46 Compl.Dom. BARRIADA DE FUENTEBRAVIA","postal_code":"11500","places":7,"units":2,"registered":"2016-11-20","catastro":"2853606QA4525D0024KO","holder":null,"holder_count":null}},{"type":"Feature","geometry":{"type":"Point","coordinates":[-6.228424,36.600999]},"properties":{"id":"VUT/CA/01741","type":"VUT","group":"Completa","address":"CALLE ZARZA Nº 65 Plta/Piso BAJO, piso BAJO","postal_code":"11500","places":5,"units":3,"registered":"2016-11-25","catastro":"8043507QA4584C0007RL","holder":"CIUDADES HABITABLES, SLU","holder_count":1}},{"type":"Feature","geometry":{"type":"Point","coordinates":[-6.228424,36.600999]},"properties":{"id":"VUT/CA/01742","type":"VUT","group":"Completa","address":"CALLE ZARZA Nº 65 Plta/Piso 1º Pta/Letra izq, piso 1º, puerta izq","postal_code":"11500","places":6,"units":3,"registered":"2016-11-25","catastro":"8043507QA4584C0008TB","holder":"CIUDADES HABITABLES SLU","holder_count":1}},{"type":"Feature","geometry":{"type":"Point","coordinates":[-6.246227,36.590184]},"properties":{"id":"VUT/CA/01744","type":"VUT","group":"Por habitaciones","address":"CALLE Alhaja Nº 12","postal_code":"11500","places":6,"units":2,"registered":"2016-11-27","catastro":"6434304QA4563A0001DH","holder":null,"holder_count":null}},{"type":"Feature","geometry":{"type":"Point","coordinates":[-6.223766,36.575625]},"properties":{"id":"VUT/CA/01748","type":"VUT","group":"Completa","address":"PASEO MARÍTIMO Nº 15 Plta/Piso 8E, piso 8E","postal_code":"11500","places":5,"units":2,"registered":"2016-11-28","catastro":"8515907QA4581F0214PT","holder":null,"holder_count":null}},{"type":"Feature","geometry":{"type":"Point","coordinates":[-6.223143,36.600426]},"properties":{"id":"VUT/CA/01760","type":"VUT","group":"Completa","address":"CALLE MAYORGA Nº 4 Portal B Plta/Piso 2 Pta/Letra E, piso 2, puerta E","postal_code":"11500","places":4,"units":2,"registered":"2016-11-29","catastro":"8443615QA4584C0013QX","holder":null,"holder_count":null}},{"type":"Feature","geometry":{"type":"Point","coordinates":[-6.223085,36.569231]},"properties":{"id":"VUT/CA/01792","type":"VUT","group":"Completa","address":"URBANIZACION PTO. PRÍNCIPE Blq. 3 Plta/Piso 8 Pta/Letra G, piso 8, puerta G","postal_code":"11500","places":6,"units":2,"registered":"2016-12-05","catastro":"8709201QA4580H0530IW","holder":null,"holder_count":null}},{"type":"Feature","geometry":{"type":"Point","coordinates":[-6.221503,36.572679]},"properties":{"id":"VUT/CA/01797","type":"VUT","group":"Completa","address":"AVENIDA SANTA Mª DEL MAR Nº 17 Plta/Piso BAJO Pta/Letra 1 Compl.Dom. VALDELAGRANA URB. LAS TERRAZAS, piso BAJO, puerta 1","postal_code":"11500","places":8,"units":2,"registered":"2016-12-05","catastro":"8713901QA4581D0031RG","holder":null,"holder_count":null}},{"type":"Feature","geometry":{"type":"Point","coordinates":[-6.222415,36.575555]},"properties":{"id":"VUT/CA/01798","type":"VUT","group":"Completa","address":"AVENIDA RÍO SAN PEDRO Nº 4 Plta/Piso ATICO Pta/Letra B Compl.Dom. VALDELAGRANA URB. STA Mª MAR 1ª FASE, piso ATICO, puerta B","postal_code":"11500","places":4,"units":1,"registered":"2016-12-05","catastro":"8616601QA4581F0151OR","holder":null,"holder_count":null}},{"type":"Feature","geometry":{"type":"Point","coordinates":[-6.213905,36.60849]},"properties":{"id":"VUT/CA/01802","type":"VUT","group":"Completa","address":"CALLE BUGANVILLA Nº 7 Plta/Piso 2 Pta/Letra B, piso 2, puerta B","postal_code":"11500","places":6,"units":3,"registered":"2016-12-07","catastro":"9352301QA4595C0006YH","holder":null,"holder_count":null}},{"type":"Feature","geometry":{"type":"Point","coordinates":[-6.223085,36.569231]},"properties":{"id":"VUT/CA/01912","type":"VUT","group":"Completa","address":"PASEO MARÍTIMO Nº S/N Blq. 1 Plta/Piso 3 Pta/Letra C Compl.Dom. COLOMINA PUERTO PRÍNCIPE, piso 3, puerta C","postal_code":"11500","places":5,"units":2,"registered":"2016-12-23","catastro":"8709201QA4580H0352KS","holder":null,"holder_count":null}},{"type":"Feature","geometry":{"type":"Point","coordinates":[-6.25796,36.580525]},"properties":{"id":"VUT/CA/01957","type":"VUT","group":"Completa","address":"AVENIDA DEL PUERTO Nº 3 Esc. 3 Plta/Piso BAJO Pta/Letra 4 Compl.Dom. PUERTO SHERRY, piso BAJO, puerta 4","postal_code":"11500","places":4,"units":1,"registered":"2017-01-11","catastro":"5420601QA4552A0024HS","holder":null,"holder_count":null}},{"type":"Feature","geometry":{"type":"Point","coordinates":[-6.224464,36.577606]},"properties":{"id":"VUT/CA/01969","type":"VUT","group":"Completa","address":"AVENIDA DE LA PAZ Nº 77 Plta/Piso 9 Pta/Letra A Compl.Dom. URBANIZACIÓN VALDEMAR, piso 9, puerta A","postal_code":"11500","places":6,"units":2,"registered":"2017-01-12","catastro":"8418701QA4518G0280HS","holder":null,"holder_count":null}},{"type":"Feature","geometry":{"type":"Point","coordinates":[-6.223085,36.569231]},"properties":{"id":"VUT/CA/02035","type":"VUT","group":"Completa","address":"PASEO MARITIMO Nº 37 Blq. 1 Plta/Piso 1 Pta/Letra F Compl.Dom. URBANIZACION PUERTO PRINCIPE, piso 1, puerta F","postal_code":"11500","places":4,"units":2,"registered":"2017-01-25","catastro":"8709201QA4580H0342AT","holder":null,"holder_count":null}},{"type":"Feature","geometry":{"type":"Point","coordinates":[-6.220014,36.607693]},"properties":{"id":"VUT/CA/02038","type":"VUT","group":"Completa","address":"AVENIDA De la Diputación Nº 4 Plta/Piso 4 Pta/Letra c, piso 4, puerta c","postal_code":"11500","places":4,"units":1,"registered":"2017-01-26","catastro":"8851509qa4585b0038te","holder":null,"holder_count":null}},{"type":"Feature","geometry":{"type":"Point","coordinates":[-6.259006,36.579542]},"properties":{"id":"VUT/CA/02061","type":"VUT","group":"Completa","address":"AVENIDA SANTA MARÍA Nº 102 Plta/Piso 1 Pta/Letra A Compl.Dom. PUEBLO NARINERO PUERTO SHERRY CASA 7, piso 1, puerta A","postal_code":"11500","places":2,"units":1,"registered":"2017-01-27","catastro":"5420604QA4552A0007OQ","holder":null,"holder_count":null}},{"type":"Feature","geometry":{"type":"Point","coordinates":[-6.272773,36.600869]},"properties":{"id":"VUT/CA/02080","type":"VUT","group":"Completa","address":"CALLE Mar de Banda Nº 13","postal_code":"11500","places":10,"units":5,"registered":"2017-01-31","catastro":"4142201QA4544D0021LB","holder":null,"holder_count":null}},{"type":"Feature","geometry":{"type":"Point","coordinates":[-6.22333,36.570551]},"properties":{"id":"VUT/CA/02098","type":"VUT","group":"Completa","address":"PASEO MARITIMO Nº 35 Esc. B Plta/Piso 3 Pta/Letra B, piso 3, puerta B","postal_code":"11500","places":6,"units":2,"registered":"2017-02-01","catastro":"8611726QA4581B0006AR","holder":null,"holder_count":null}},{"type":"Feature","geometry":{"type":"Point","coordinates":[-6.227756,36.599816]},"properties":{"id":"VUT/CA/02106","type":"VUT","group":"Completa","address":"CALLE LUNA Nº 54 Plta/Piso ENTPTA Pta/Letra D, piso ENTPTA, puerta D","postal_code":"11500","places":2,"units":1,"registered":"2017-02-02","catastro":"8142406QA4584C0005XJ","holder":null,"holder_count":null}},{"type":"Feature","geometry":{"type":"Point","coordinates":[-6.260857,36.580289]},"properties":{"id":"VUT/CA/02200","type":"VUT","group":"Completa","address":"RESIDENCIAL PUEBLO SHERRY","postal_code":"11500","places":4,"units":2,"registered":"2017-02-14","catastro":"5217401QA4551G0010DG","holder":null,"holder_count":null}},{"type":"Feature","geometry":{"type":"Point","coordinates":[-6.231506,36.601867]},"properties":{"id":"VUT/CA/02201","type":"VUT","group":"Completa","address":"CALLE POSTIGO Nº 36 Plta/Piso 0 Pta/Letra E, piso 0, puerta E","postal_code":"11500","places":4,"units":1,"registered":"2017-02-14","catastro":"7745705QA4574F0006EK","holder":null,"holder_count":null}},{"type":"Feature","geometry":{"type":"Point","coordinates":[-6.224464,36.577606]},"properties":{"id":"VUT/CA/02231","type":"VUT","group":"Completa","address":"AVENIDA PAZ Nº 73 Plta/Piso 1 Pta/Letra B Compl.Dom. EDF. VALDEMAR-IV, piso 1, puerta B","postal_code":"11500","places":3,"units":1,"registered":"2017-02-17","catastro":"8418701QA4518G0175AU","holder":null,"holder_count":null}},{"type":"Feature","geometry":{"type":"Point","coordinates":[-6.224464,36.577606]},"properties":{"id":"VUT/CA/02234","type":"VUT","group":"Completa","address":"AVENIDA PAZ Nº 73 Plta/Piso 2 Pta/Letra B Compl.Dom. EDF. VALDEMAR-IV, piso 2, puerta B","postal_code":"11500","places":3,"units":1,"registered":"2017-02-17","catastro":"8418701QA4518G0179GA","holder":null,"holder_count":null}},{"type":"Feature","geometry":{"type":"Point","coordinates":[-6.22835,36.595106]},"properties":{"id":"VUT/CA/02243","type":"VUT","group":"Completa","address":"CALLE VINO FINO Nº 6 Plta/Piso 2 Pta/Letra DERECHA, piso 2, puerta DERECHA","postal_code":"11500","places":4,"units":2,"registered":"2017-02-17","catastro":"8037603QA4583E0003XH","holder":null,"holder_count":null}},{"type":"Feature","geometry":{"type":"Point","coordinates":[-6.220683,36.581151]},"properties":{"id":"VUT/CA/02256","type":"VUT","group":"Completa","address":"CALLE TOLEDO Nº 12","postal_code":"11500","places":8,"units":4,"registered":"2017-02-21","catastro":"8821901QA4582B0001MH","holder":null,"holder_count":null}},{"type":"Feature","geometry":{"type":"Point","coordinates":[-6.268685,36.595428]},"properties":{"id":"VUT/CA/02258","type":"VUT","group":"Completa","address":"CALLE AZAHAR Nº 16","postal_code":"11500","places":14,"units":6,"registered":"2017-02-21","catastro":"4436606QA4543E0001RZ","holder":"CLINICA LOS ALAMOS, S.L.","holder_count":1}},{"type":"Feature","geometry":{"type":"Point","coordinates":[-6.286108,36.611227]},"properties":{"id":"VUT/CA/02264","type":"VUT","group":"Completa","address":"CALLE MEMBRILLO Nº 13 Plta/Piso BJ Pta/Letra C, piso BJ, puerta C","postal_code":"11500","places":4,"units":2,"registered":"2017-02-22","catastro":"2853601QA4525D0010IZ","holder":"CRUREPANSA, S.L.","holder_count":1}},{"type":"Feature","geometry":{"type":"Point","coordinates":[-6.223476,36.60492]},"properties":{"id":"VUT/CA/02394","type":"VUT","group":"Completa","address":"CALLE RACIMO Nº 5 Esc. 2 Plta/Piso 1 Pta/Letra A, piso 1, puerta A","postal_code":"11500","places":8,"units":3,"registered":"2017-03-14","catastro":"8548110QA4584H0025IU","holder":null,"holder_count":null}},{"type":"Feature","geometry":{"type":"Point","coordinates":[-6.263189,36.582538]},"properties":{"id":"VUT/CA/02405","type":"VUT","group":"Completa","address":"CALLE FUERTECIUDAD Nº 27 Pta/Letra 1 Compl.Dom. URBANIZACIÓN FUERTECIUDAD, puerta 1","postal_code":"11500","places":8,"units":4,"registered":"2017-03-15","catastro":"4921217QA4542B0001YM","holder":"CONSTRUCCIONES Y REPARACIONES SUBACUÁTICAS, S.L.U.","holder_count":1}},{"type":"Feature","geometry":{"type":"Point","coordinates":[-6.2227,36.581156]},"properties":{"id":"VUT/CA/02417","type":"VUT","group":"Completa","address":"AVENIDA DE LA PAZ Nº 32 Blq. 1 Plta/Piso 3 Pta/Letra A Compl.Dom. EDIFICIO GÉMINIS - URBANIZACIÓN VALDELAGRANA, piso 3, puerta A","postal_code":"11500","places":4,"units":2,"registered":"2017-03-18","catastro":"8521501QA4582B0013JW","holder":null,"holder_count":null}},{"type":"Feature","geometry":{"type":"Point","coordinates":[-6.25796,36.580525]},"properties":{"id":"VUT/CA/02438","type":"VUT","group":"Completa","address":"RESIDENCIAL PUEBLO SHERRY Blq. 3 Plta/Piso 1 Pta/Letra B Compl.Dom. VIVIENDA 101 DEL CONJUNTO, piso 1, puerta B","postal_code":"11500","places":8,"units":2,"registered":"2017-03-21","catastro":"5420601QA4552A0013IR","holder":null,"holder_count":null}},{"type":"Feature","geometry":{"type":"Point","coordinates":[-6.223085,36.569231]},"properties":{"id":"VUT/CA/02449","type":"VUT","group":"Completa","address":"PASEO MARITIMO Nº 37 Blq. 3A Plta/Piso BAJO Pta/Letra A4 Compl.Dom. URBANIZACION COLOMINA, piso BAJO, puerta A4","postal_code":"11500","places":6,"units":3,"registered":"2017-03-23","catastro":"8709201QA4580H0109UQ","holder":null,"holder_count":null}},{"type":"Feature","geometry":{"type":"Point","coordinates":[-6.272737,36.604402]},"properties":{"id":"VUT/CA/02456","type":"VUT","group":"Completa","address":"CALLE ANCORA Nº 3 Blq. 9 Plta/Piso 4 Pta/Letra C, piso 4, puerta C","postal_code":"11500","places":9,"units":4,"registered":"2017-03-23","catastro":"4145901QA4544E0109DE","holder":null,"holder_count":null}},{"type":"Feature","geometry":{"type":"Point","coordinates":[-6.281824,36.606571]},"properties":{"id":"VUT/CA/02459","type":"VUT","group":"Completa","address":"AVENIDA DE LOS MASTILES Nº 1 Calif.Nº B","postal_code":"11500","places":12,"units":6,"registered":"2017-03-24","catastro":"3447512QA4534G0001IY","holder":null,"holder_count":null}},{"type":"Feature","geometry":{"type":"Point","coordinates":[-6.275476,36.605608]},"properties":{"id":"VUT/CA/02464","type":"VUT","group":"Completa","address":"CALLE Pantoque Nº 13 Blq. H Plta/Piso Bajo Compl.Dom. Urbanización el Ancla, piso Bajo","postal_code":"11500","places":8,"units":2,"registered":"2017-03-24","catastro":"3947201QA4534H0042TZ","holder":null,"holder_count":null}},{"type":"Feature","geometry":{"type":"Point","coordinates":[-6.224464,36.577606]},"properties":{"id":"VUT/CA/02484","type":"VUT","group":"Completa","address":"CALLE OLAS Blq. 1C Plta/Piso 2 Pta/Letra C Compl.Dom. URBANIZACIÓN VALDEMAR V VALDELAGRANA, piso 2, puerta C","postal_code":"11500","places":4,"units":2,"registered":"2017-03-27","catastro":"8418701QA4518G0593SI","holder":null,"holder_count":null}},{"type":"Feature","geometry":{"type":"Point","coordinates":[-6.224421,36.574081]},"properties":{"id":"VUT/CA/02486","type":"VUT","group":"Completa","address":"PASEO Maritimo Nº 27 Blq. 3 Plta/Piso 1 Pta/Letra C, piso 1, puerta C","postal_code":"11500","places":6,"units":3,"registered":"2017-03-27","catastro":"8515901QA4581F0071SG","holder":null,"holder_count":null}},{"type":"Feature","geometry":{"type":"Point","coordinates":[-6.224464,36.577606]},"properties":{"id":"VUT/CA/02501","type":"VUT","group":"Completa","address":"AVENIDA DE LA PAZ Nº 73 Plta/Piso 9 Pta/Letra D, piso 9, puerta D","postal_code":"11500","places":4,"units":2,"registered":"2017-03-29","catastro":"8418701QA4518G0209GA","holder":null,"holder_count":null}},{"type":"Feature","geometry":{"type":"Point","coordinates":[-6.270666,36.599997]},"properties":{"id":"VUT/CA/02520","type":"VUT","group":"Completa","address":"CALLE MAR DE BARENTS Nº 4","postal_code":"11500","places":6,"units":3,"registered":"2017-04-04","catastro":"4242701QA4544D0067LI","holder":null,"holder_count":null}},{"type":"Feature","geometry":{"type":"Point","coordinates":[-6.222932,36.573062]},"properties":{"id":"VUT/CA/02531","type":"VUT","group":"Completa","address":"PASEO MARITIMO Nº 31 Esc. G Plta/Piso 3 Pta/Letra C Compl.Dom. EDIFICIO BAHIA SHERRY, piso 3, puerta C","postal_code":"11500","places":6,"units":3,"registered":"2017-04-04","catastro":"8613101QA4581D0277BO","holder":null,"holder_count":null}},{"type":"Feature","geometry":{"type":"Point","coordinates":[-6.224421,36.574081]},"properties":{"id":"VUT/CA/02532","type":"VUT","group":"Completa","address":"PASEO MARITIMO Nº 27 Esc. B Plta/Piso BAJO Pta/Letra D Compl.Dom. EDF. BAHIALUZ, 2, piso BAJO, puerta D","postal_code":"11500","places":6,"units":3,"registered":"2017-04-04","catastro":"8515901QA4581F0068SG","holder":null,"holder_count":null}},{"type":"Feature","geometry":{"type":"Point","coordinates":[-6.222932,36.573062]},"properties":{"id":"VUT/CA/02536","type":"VUT","group":"Completa","address":"PASEO Marítimo Nº 31 Blq. 4F Plta/Piso 3 Pta/Letra B, piso 3, puerta B","postal_code":"11500","places":8,"units":2,"registered":"2017-04-05","catastro":"8613101QA4581D0230IB","holder":null,"holder_count":null}},{"type":"Feature","geometry":{"type":"Point","coordinates":[-6.224464,36.577606]},"properties":{"id":"VUT/CA/02546","type":"VUT","group":"Completa","address":"AVENIDA PAZ Nº 71 Plta/Piso 5 Pta/Letra A Compl.Dom. EDF. VALDEMAR-IV, piso 5, puerta A","postal_code":"11500","places":4,"units":2,"registered":"2017-04-07","catastro":"8418701QA4518G0153KF","holder":null,"holder_count":null}},{"type":"Feature","geometry":{"type":"Point","coordinates":[-6.224464,36.577606]},"properties":{"id":"VUT/CA/02548","type":"VUT","group":"Completa","address":"AVENIDA PAZ Nº 71 Plta/Piso 4 Pta/Letra A Compl.Dom. EDF. VALDEMAR-IV, piso 4, puerta A","postal_code":"11500","places":4,"units":2,"registered":"2017-04-07","catastro":"8418701QA4518G0149JD","holder":null,"holder_count":null}},{"type":"Feature","geometry":{"type":"Point","coordinates":[-6.260794,36.580617]},"properties":{"id":"VUT/CA/02557","type":"VUT","group":"Completa","address":"AVENIDA Santa Maria Nº 21 Plta/Piso 2 Pta/Letra A Compl.Dom. Urb Pueblo Sherry, piso 2, puerta A","postal_code":"11500","places":8,"units":3,"registered":"2017-04-10","catastro":"5217405QA4551G0008RH","holder":null,"holder_count":null}},{"type":"Feature","geometry":{"type":"Point","coordinates":[-6.256904,36.578401]},"properties":{"id":"VUT/CA/02558","type":"VUT","group":"Completa","address":"PLAZA Garvey Nº 3 Plta/Piso 2 Pta/Letra C Compl.Dom. Urbanizacion Pueblo Sherry, piso 2, puerta C","postal_code":"11500","places":4,"units":1,"registered":"2017-04-10","catastro":"5217404QA4551G0075KH","holder":"Tubesan S.L.","holder_count":1}},{"type":"Feature","geometry":{"type":"Point","coordinates":[-6.255493,36.605758]},"properties":{"id":"VUT/CA/02561","type":"VUT","group":"Completa","address":"CALLE Cuatro Pinos Nº 21","postal_code":"11500","places":6,"units":3,"registered":"2017-04-10","catastro":"5547409QA4554H0001XM","holder":null,"holder_count":null}},{"type":"Feature","geometry":{"type":"Point","coordinates":[-6.269768,36.60424]},"properties":{"id":"VUT/CA/02575","type":"VUT","group":"Completa","address":"CALLE MAR DEL NORTE Nº 10 Blq. 3 Plta/Piso 2 Pta/Letra B, piso 2, puerta B","postal_code":"11500","places":4,"units":2,"registered":"2017-04-11","catastro":"4146503QA4544E0006FB","holder":null,"holder_count":null}},{"type":"Feature","geometry":{"type":"Point","coordinates":[-6.222932,36.573062]},"properties":{"id":"VUT/CA/02605","type":"VUT","group":"Completa","address":"PASEO MARITIMO Nº 31 Blq. 4 Plta/Piso 7 Pta/Letra L Compl.Dom. URBANIZACION BAHIA SHERRY, piso 7, puerta L","postal_code":"11500","places":5,"units":2,"registered":"2017-04-19","catastro":"8613101QA4581D0474MS","holder":null,"holder_count":null}},{"type":"Feature","geometry":{"type":"Point","coordinates":[-6.285626,36.609906]},"properties":{"id":"VUT/CA/02622","type":"VUT","group":"Completa","address":"CALLE MORA Nº 1 Plta/Piso 2 Pta/Letra 30 Compl.Dom. BARRIADA DE FUENTEBRAVIA, piso 2, puerta 30","postal_code":"11500","places":7,"units":3,"registered":"2017-04-23","catastro":"3153840QA4535C0050AZ","holder":null,"holder_count":null}},{"type":"Feature","geometry":{"type":"Point","coordinates":[-6.221446,36.601204]},"properties":{"id":"VUT/CA/02625","type":"VUT","group":"Completa","address":"CALLE POZOS DULCES Nº 20 Plta/Piso 1ª Pta/Letra B, piso 1ª, puerta B","postal_code":"11500","places":4,"units":1,"registered":"2017-04-24","catastro":"8644415QA4584D0002BM","holder":null,"holder_count":null}},{"type":"Feature","geometry":{"type":"Point","coordinates":[-6.22229,36.600461]},"properties":{"id":"VUT/CA/02626","type":"VUT","group":"Completa","address":"CALLE RIBERA DEL RÍO Nº 18 Plta/Piso 1ª Pta/Letra F, piso 1ª, puerta F","postal_code":"11500","places":4,"units":1,"registered":"2017-04-24","catastro":"8544122QA4584D0007AT","holder":null,"holder_count":null}},{"type":"Feature","geometry":{"type":"Point","coordinates":[-6.22229,36.600461]},"properties":{"id":"VUT/CA/02627","type":"VUT","group":"Completa","address":"CALLE RIBERA DEL RÍO Nº 18 Plta/Piso BAJA Pta/Letra D, piso BAJA, puerta D","postal_code":"11500","places":4,"units":1,"registered":"2017-04-24","catastro":"8544122QA4584D0005OE","holder":null,"holder_count":null}},{"type":"Feature","geometry":{"type":"Point","coordinates":[-6.275476,36.605608]},"properties":{"id":"VUT/CA/02628","type":"VUT","group":"Completa","address":"CALLE PANTOQUE Nº 13 Plta/Piso 2 Pta/Letra A, piso 2, puerta A","postal_code":"11500","places":5,"units":2,"registered":"2017-04-24","catastro":"3947201QA4534H0053DY","holder":"INMERAY SLU","holder_count":4}},{"type":"Feature","geometry":{"type":"Point","coordinates":[-6.284186,36.613081]},"properties":{"id":"VUT/CA/02652","type":"VUT","group":"Completa","address":"CARRETERA FUENTEBRAVIA 31 EDIFICIO SOLIMAR 2 Blq. 2 Plta/Piso 2 Pta/Letra D, piso 2, puerta D","postal_code":"11500","places":6,"units":2,"registered":"2017-04-27","catastro":"3055901QA4535E0015BH","holder":null,"holder_count":null}},{"type":"Feature","geometry":{"type":"Point","coordinates":[-6.222932,36.573062]},"properties":{"id":"VUT/CA/02653","type":"VUT","group":"Completa","address":"AVENIDA SANTA MARIA DEL MAR Nº 12 Blq. 1 Plta/Piso 10 Pta/Letra B Compl.Dom. URBANIZACION BAHIASHERRY, piso 10, puerta B","postal_code":"11500","places":4,"units":2,"registered":"2017-04-27","catastro":"8613101QA4581D0360OZ","holder":null,"holder_count":null}},{"type":"Feature","geometry":{"type":"Point","coordinates":[-6.222932,36.573062]},"properties":{"id":"VUT/CA/02654","type":"VUT","group":"Completa","address":"CALLE PASEO MARITIMO Nº 31 Blq. 4 Esc. F Plta/Piso 7 Pta/Letra C Compl.Dom. URB. VIGALPE 500, piso 7, puerta C","postal_code":"11500","places":6,"units":3,"registered":"2017-04-27","catastro":"8613101QA4581D0246ZP","holder":null,"holder_count":null}},{"type":"Feature","geometry":{"type":"Point","coordinates":[-6.221789,36.570594]},"properties":{"id":"VUT/CA/02672","type":"VUT","group":"Completa","address":"CALLE PASEO MARITIMO Km 33 Blq. 15 Esc. 01 Plta/Piso 02 Pta/Letra A Compl.Dom. URBANIZACIÓN EN VALDELAGRANA COTO DE LA ISLETA, piso 02, puerta A","postal_code":"11500","places":4,"units":1,"registered":"2017-04-28","catastro":"8611719QA4581B0004LW","holder":null,"holder_count":null}},{"type":"Feature","geometry":{"type":"Point","coordinates":[-6.287229,36.61361]},"properties":{"id":"VUT/CA/02674","type":"VUT","group":"Completa","address":"CALLE NARANJA Nº 59","postal_code":"11500","places":8,"units":4,"registered":"2017-04-28","catastro":"2756801QA4525F0003SS","holder":null,"holder_count":null}},{"type":"Feature","geometry":{"type":"Point","coordinates":[-6.258241,36.578789]},"properties":{"id":"VUT/CA/02688","type":"VUT","group":"Completa","address":"CALLE BULEVAR DEL OLOROSO Nº 54 Portal 2 Plta/Piso 1 Pta/Letra A Compl.Dom. PUERTO SHERRY, piso 1, puerta A","postal_code":"11500","places":8,"units":2,"registered":"2017-05-02","catastro":"5217413QA4551G0020OX","holder":null,"holder_count":null}},{"type":"Feature","geometry":{"type":"Point","coordinates":[-6.230404,36.59847]},"properties":{"id":"VUT/CA/02771","type":"VUT","group":"Por habitaciones","address":"CALLE SANTA LUCIA Nº 26 Compl.Dom. ESQUINA C/ FEDERICO RUBIO","postal_code":"11500","places":4,"units":1,"registered":"2017-05-15","catastro":"7841519QA4574B0001GM","holder":null,"holder_count":null}},{"type":"Feature","geometry":{"type":"Point","coordinates":[-6.222929,36.578052]},"properties":{"id":"VUT/CA/02789","type":"VUT","group":"Completa","address":"AVENIDA SANTA MARIA DEL MAR Nº 3 Portal 2 Plta/Piso 3 Pta/Letra E Compl.Dom. URBANIZACION LA SALINERA, piso 3, puerta E","postal_code":"11500","places":4,"units":2,"registered":"2017-05-17","catastro":"8620101QA4582B0057BA","holder":null,"holder_count":null}},{"type":"Feature","geometry":{"type":"Point","coordinates":[-6.224464,36.577606]},"properties":{"id":"VUT/CA/02812","type":"VUT","group":"Completa","address":"AVENIDA SANTA MARIA DEL MAR Nº 2 Blq. 5 Plta/Piso 6 Pta/Letra D Compl.Dom. URBANIZACION VALDEMAR, piso 6, puerta D","postal_code":"11500","places":6,"units":3,"registered":"2017-05-19","catastro":"8418701QA4518G0509QB","holder":null,"holder_count":null}},{"type":"Feature","geometry":{"type":"Point","coordinates":[-6.274873,36.598846]},"properties":{"id":"VUT/CA/02860","type":"VUT","group":"Completa","address":"CALLE MAR ADRIATICO (OCEANO PACIFICO) Nº 59","postal_code":"11500","places":6,"units":3,"registered":"2017-05-29","catastro":"4039101QA4543G0002PJ","holder":null,"holder_count":null}},{"type":"Feature","geometry":{"type":"Point","coordinates":[-6.223766,36.575625]},"properties":{"id":"VUT/CA/02895","type":"VUT","group":"Completa","address":"PASEO MARITIMO Nº 15 Blq. 5 Plta/Piso 8 Pta/Letra E Compl.Dom. (EDFIFICIO BAHIA BLANCA, 5), piso 8, puerta E","postal_code":"11500","places":4,"units":2,"registered":"2017-06-01","catastro":"8515907QA4581F0358XJ","holder":null,"holder_count":null}},{"type":"Feature","geometry":{"type":"Point","coordinates":[-6.25984,36.579664]},"properties":{"id":"VUT/CA/02922","type":"VUT","group":"Completa","address":"AVENIDA SANTA MARIA Nº 82 Plta/Piso 0 Pta/Letra 6, piso 0, puerta 6","postal_code":"11500","places":4,"units":1,"registered":"2017-06-05","catastro":"5217407QA4551G0006BF","holder":null,"holder_count":null}},{"type":"Feature","geometry":{"type":"Point","coordinates":[-6.260857,36.580289]},"properties":{"id":"VUT/CA/02926","type":"VUT","group":"Completa","address":"PLAZA DE LA MURALLA Nº 99 Blq. 3 Plta/Piso 1 Pta/Letra 3, piso 1, puerta 3","postal_code":"11500","places":6,"units":2,"registered":"2017-06-05","catastro":"5217401QA4551G0011FH","holder":"CONSULTORIA Y GESTION CAVANILLES S.L.","holder_count":2}},{"type":"Feature","geometry":{"type":"Point","coordinates":[-6.25966,36.579004]},"properties":{"id":"VUT/CA/02927","type":"VUT","group":"Completa","address":"CALLE DEL CARRO Nº 75 Blq. 1 Plta/Piso 2 Pta/Letra 1, piso 2, puerta 1","postal_code":"11500","places":10,"units":4,"registered":"2017-06-05","catastro":"5217411QA4551G0008IH","holder":"CONSULTORIA Y GESTION CAVANILLES S.L.","holder_count":2}},{"type":"Feature","geometry":{"type":"Point","coordinates":[-6.256904,36.578401]},"properties":{"id":"VUT/CA/02928","type":"VUT","group":"Completa","address":"AVENIDA del Puerto Nº 41 Esc. 6 Plta/Piso 0 Pta/Letra 4 Compl.Dom. Puerto Sherry, piso 0, puerta 4","postal_code":"11500","places":4,"units":1,"registered":"2017-06-05","catastro":"5217404QA4551G0066SP","holder":null,"holder_count":null}},{"type":"Feature","geometry":{"type":"Point","coordinates":[-6.25233,36.598732]},"properties":{"id":"VUT/CA/02965","type":"VUT","group":"Completa","address":"CALLE VIVERO Nº 13 Plta/Piso BO Pta/Letra 29, piso BO, puerta 29","postal_code":"11500","places":5,"units":2,"registered":"2017-06-09","catastro":"6240917QA4564A0047IZ","holder":null,"holder_count":null}},{"type":"Feature","geometry":{"type":"Point","coordinates":[-6.273545,36.599227]},"properties":{"id":"VUT/CA/02991","type":"VUT","group":"Completa","address":"CALLE OCEANO PACIFICO Nº 58 Plta/Piso 1 Pta/Letra 12-13, piso 1, puerta 12-13","postal_code":"11500","places":5,"units":2,"registered":"2017-06-12","catastro":"4041101QA4544D0056ZM","holder":null,"holder_count":null}},{"type":"Feature","geometry":{"type":"Point","coordinates":[-6.231093,36.598822]},"properties":{"id":"VUT/CA/03033","type":"VUT","group":"Completa","address":"CALLE FEDERICO RUBIO Nº 82 Plta/Piso 1 Pta/Letra 8, piso 1, puerta 8","postal_code":"11500","places":4,"units":1,"registered":"2017-06-15","catastro":"7841507QA4574B0009AI","holder":null,"holder_count":null}},{"type":"Feature","geometry":{"type":"Point","coordinates":[-6.225755,36.598988]},"properties":{"id":"VUT/CA/03040","type":"VUT","group":"Completa","address":"CALLE VIRGEN DE LOS MILAGROS Nº 98 Plta/Piso 3 Pta/Letra 21, piso 3, puerta 21","postal_code":"11500","places":6,"units":2,"registered":"2017-06-16","catastro":"8242715QA4584A0032YJ","holder":null,"holder_count":null}},{"type":"Feature","geometry":{"type":"Point","coordinates":[-6.25966,36.579004]},"properties":{"id":"VUT/CA/03044","type":"VUT","group":"Completa","address":"PLAZA DUFF GORDON Nº 1 Esc. 4 Plta/Piso 1 Compl.Dom. PUEBLO MARINERO DE PUERTO SHERRY, piso 1","postal_code":"11500","places":2,"units":1,"registered":"2017-06-16","catastro":"5217411QA4551G0020FX","holder":null,"holder_count":null}},{"type":"Feature","geometry":{"type":"Point","coordinates":[-6.227636,36.597921]},"properties":{"id":"VUT/CA/03059","type":"VUT","group":"Completa","address":"CALLE PEDRO MUÑOZ SECA Nº 40 Plta/Piso 1ª, piso 1ª","postal_code":"11500","places":4,"units":2,"registered":"2017-06-19","catastro":"8141124QA4584A0003LB","holder":null,"holder_count":null}},{"type":"Feature","geometry":{"type":"Point","coordinates":[-6.224884,36.581071]},"properties":{"id":"VUT/CA/03062","type":"VUT","group":"Completa","address":"AVENIDA DE LA PAZ Nº S/N Blq. 10 Plta/Piso 1 Pta/Letra E Compl.Dom. URB. PUERTO MAR, piso 1, puerta E","postal_code":"11500","places":4,"units":1,"registered":"2017-06-19","catastro":"8320501QA4582A0219JT","holder":null,"holder_count":null}},{"type":"Feature","geometry":{"type":"Point","coordinates":[-6.274873,36.598846]},"properties":{"id":"VUT/CA/03100","type":"VUT","group":"Completa","address":"CALLE Mar Adriático Nº 59 Esc. 1 Plta/Piso baja Pta/Letra 8, piso baja, puerta 8","postal_code":"11500","places":4,"units":2,"registered":"2017-06-23","catastro":"4039101QA4543G0008HM","holder":null,"holder_count":null}},{"type":"Feature","geometry":{"type":"Point","coordinates":[-6.22351,36.574783]},"properties":{"id":"VUT/CA/03179","type":"VUT","group":"Completa","address":"PASEO PASEO MARITIMO VALDELAGRANA Nº 25 Blq. 1 Portal 1 Plta/Piso 3º Pta/Letra B, piso 3º, puerta B","postal_code":"11500","places":6,"units":3,"registered":"2017-07-03","catastro":"8515902QA4581F0012EB","holder":null,"holder_count":null}},{"type":"Feature","geometry":{"type":"Point","coordinates":[-6.241375,36.596037]},"properties":{"id":"VUT/CA/03193","type":"VUT","group":"Completa","address":"CALLE OCTAVIO PAZ Nº 3 Plta/Piso 4 Pta/Letra A, piso 4, puerta A","postal_code":"11500","places":5,"units":3,"registered":"2017-07-04","catastro":"6837403QA4563H0147TQ","holder":null,"holder_count":null}},{"type":"Feature","geometry":{"type":"Point","coordinates":[-6.227774,36.600527]},"properties":{"id":"VUT/CA/03202","type":"VUT","group":"Completa","address":"CALLE DOCTOR MUÑOZ SECA Nº 18 Plta/Piso 1 Pta/Letra C, piso 1, puerta C","postal_code":"11500","places":6,"units":2,"registered":"2017-07-04","catastro":"8043625QA4584C0005XJ","holder":null,"holder_count":null}},{"type":"Feature","geometry":{"type":"Point","coordinates":[-6.273722,36.599205]},"properties":{"id":"VUT/CA/03204","type":"VUT","group":"Completa","address":"CALLE Oceáno Atlántico Nº 66 Plta/Piso 1 Pta/Letra 8 Compl.Dom. Urbanización Las Redes, piso 1, puerta 8","postal_code":"11500","places":4,"units":2,"registered":"2017-07-05","catastro":"4041101QA4544D0054LZ","holder":null,"holder_count":null}},{"type":"Feature","geometry":{"type":"Point","coordinates":[-6.223085,36.569231]},"properties":{"id":"VUT/CA/03239","type":"VUT","group":"Completa","address":"CALLE PASEO MARÍTIMO Nº 37 Blq. C Plta/Piso 11 Pta/Letra B Compl.Dom. Urb. Puerto Príncipe, piso 11, puerta B","postal_code":"11500","places":2,"units":1,"registered":"2017-07-06","catastro":"8709201QA4580H0545BF","holder":null,"holder_count":null}},{"type":"Feature","geometry":{"type":"Point","coordinates":[-6.226585,36.598048]},"properties":{"id":"VUT/CA/03265","type":"VUT","group":"Completa","address":"CALLE PALACIOS Nº 27","postal_code":"11500","places":6,"units":3,"registered":"2017-07-11","catastro":"8140618QA4584A0001TK","holder":null,"holder_count":null}},{"type":"Feature","geometry":{"type":"Point","coordinates":[-6.248143,36.596892]},"properties":{"id":"VUT/CA/03279","type":"VUT","group":"Completa","address":"CALLE LAVANDA Nº 24 Portal 1 Plta/Piso 1 Pta/Letra D, piso 1, puerta D","postal_code":"11500","places":4,"units":2,"registered":"2017-07-12","catastro":"6238501QA4563G0004PR","holder":null,"holder_count":null}},{"type":"Feature","geometry":{"type":"Point","coordinates":[-6.224464,36.577606]},"properties":{"id":"VUT/CA/03294","type":"VUT","group":"Completa","address":"CALLE LAS OLAS Nº 1 Blq. 1 Plta/Piso 1 Pta/Letra B Compl.Dom. URB. VALDEMAR FASE 5 BLQ1 1B, piso 1, puerta B","postal_code":"11500","places":6,"units":2,"registered":"2017-07-13","catastro":"8418701QA4518G0553UE","holder":null,"holder_count":null}},{"type":"Feature","geometry":{"type":"Point","coordinates":[-6.260857,36.580289]},"properties":{"id":"VUT/CA/03335","type":"VUT","group":"Completa","address":"PLAZA De Los Artesanos Nº 3 Plta/Piso 2 Pta/Letra A, piso 2, puerta A","postal_code":"11500","places":6,"units":3,"registered":"2017-07-19","catastro":"5217401qa4551g0012gj","holder":"PROMOTORA DE VIVIENDAS ALGECIREÑA SL","holder_count":2}},{"type":"Feature","geometry":{"type":"Point","coordinates":[-6.272737,36.604402]},"properties":{"id":"VUT/CA/03364","type":"VUT","group":"Completa","address":"CALLE ANCORA Nº 11 Blq. 9 Plta/Piso 1 Pta/Letra C Compl.Dom. URBANIZACION EL ANCLA, piso 1, puerta C","postal_code":"11500","places":8,"units":4,"registered":"2017-07-24","catastro":"4145901QA4544E0100RJ","holder":"SF GLOBAL GROUP, S. L.","holder_count":1}},{"type":"Feature","geometry":{"type":"Point","coordinates":[-6.219059,36.57778]},"properties":{"id":"VUT/CA/03385","type":"VUT","group":"Completa","address":"CALLE UBRIQUE Nº 9","postal_code":"11500","places":14,"units":4,"registered":"2017-07-30","catastro":"8918606QA4581H0001WU","holder":null,"holder_count":null}},{"type":"Feature","geometry":{"type":"Point","coordinates":[-6.225755,36.598988]},"properties":{"id":"VUT/CA/03386","type":"VUT","group":"Completa","address":"CALLE VIRGEN DE LOS MILAGROS Nº 98 Plta/Piso 3 Pta/Letra 4, piso 3, puerta 4","postal_code":"11500","places":4,"units":2,"registered":"2017-07-30","catastro":"8242715QA4584A0031TH","holder":null,"holder_count":null}},{"type":"Feature","geometry":{"type":"Point","coordinates":[-6.253082,36.600747]},"properties":{"id":"VUT/CA/03399","type":"VUT","group":"Completa","address":"AVENIDA EDUARDO Y FELIPE OSBORNE Nº 2 Pta/Letra 5, puerta 5","postal_code":"11500","places":12,"units":4,"registered":"2017-08-01","catastro":"5743913QA4554D0005LF","holder":null,"holder_count":null}},{"type":"Feature","geometry":{"type":"Point","coordinates":[-6.248143,36.596892]},"properties":{"id":"VUT/CA/03401","type":"VUT","group":"Completa","address":"CALLE LAVANDA Nº 18 Plta/Piso 3 Pta/Letra B, piso 3, puerta B","postal_code":"11500","places":4,"units":2,"registered":"2017-08-01","catastro":"6238501QA4563G0048LD","holder":"ANMARA 99 S.L.","holder_count":1}},{"type":"Feature","geometry":{"type":"Point","coordinates":[-6.224464,36.577606]},"properties":{"id":"VUT/CA/03443","type":"VUT","group":"Completa","address":"AVENIDA DE LA PAZ Nº 67 Blq. 1 Plta/Piso 3º Pta/Letra B Compl.Dom. RESIDENCIAL VALDEMAR, piso 3º, puerta B","postal_code":"11500","places":6,"units":3,"registered":"2017-08-12","catastro":"8418701QA4518G0076OT","holder":null,"holder_count":null}},{"type":"Feature","geometry":{"type":"Point","coordinates":[-6.222223,36.575065]},"properties":{"id":"VUT/CA/03466","type":"VUT","group":"Completa","address":"AVENIDA SANTA MARIA DEL MAR Nº 13 Portal B Plta/Piso 4 Pta/Letra D, piso 4, puerta D","postal_code":"11500","places":5,"units":2,"registered":"2017-08-17","catastro":"8715101QA4581F0042DK","holder":null,"holder_count":null}},{"type":"Feature","geometry":{"type":"Point","coordinates":[-6.222223,36.575065]},"properties":{"id":"VUT/CA/03475","type":"VUT","group":"Completa","address":"AVENIDA SANTA MARIA DEL MAR Nº 15 Portal A Plta/Piso 1 Pta/Letra B, piso 1, puerta B","postal_code":"11500","places":3,"units":1,"registered":"2017-08-18","catastro":"8715101QA4581F0072AH","holder":null,"holder_count":null}},{"type":"Feature","geometry":{"type":"Point","coordinates":[-6.225755,36.598988]},"properties":{"id":"VUT/CA/03515","type":"VUT","group":"Completa","address":"CALLE VIRGEN DE LOS MILAGROS Nº 98 Plta/Piso 2 Pta/Letra 4, piso 2, puerta 4","postal_code":"11500","places":4,"units":1,"registered":"2017-08-25","catastro":"8242715QA4584A0023MA","holder":null,"holder_count":null}},{"type":"Feature","geometry":{"type":"Point","coordinates":[-6.25796,36.580525]},"properties":{"id":"VUT/CA/03570","type":"VUT","group":"Completa","address":"PLAZA DE MEDINA, BAJO Nº 5 Blq. 4","postal_code":"11500","places":4,"units":2,"registered":"2017-09-04","catastro":"5420601QA4552A0037EX","holder":null,"holder_count":null}},{"type":"Feature","geometry":{"type":"Point","coordinates":[-6.268962,36.604107]},"properties":{"id":"VUT/CA/03589","type":"VUT","group":"Completa","address":"CALLE MAR DEL NORTE Nº 6 Plta/Piso 2 Pta/Letra G, piso 2, puerta G","postal_code":"11500","places":6,"units":3,"registered":"2017-09-06","catastro":"4146505QA4544E0027QS","holder":null,"holder_count":null}},{"type":"Feature","geometry":{"type":"Point","coordinates":[-6.253428,36.589304]},"properties":{"id":"VUT/CA/03607","type":"VUT","group":"Completa","address":"CALLE BUQUE ESMERALDA Nº 5","postal_code":"11500","places":5,"units":3,"registered":"2017-09-08","catastro":"5728030QA4552H0010HK","holder":null,"holder_count":null}},{"type":"Feature","geometry":{"type":"Point","coordinates":[-6.270989,36.599944]},"properties":{"id":"VUT/CA/03610","type":"VUT","group":"Completa","address":"CALLE MAR BLANCO Nº 19","postal_code":"11500","places":7,"units":3,"registered":"2017-09-08","catastro":"4141601QA4544D0002JU","holder":null,"holder_count":null}},{"type":"Feature","geometry":{"type":"Point","coordinates":[-6.28278,36.609002]},"properties":{"id":"VUT/CA/03616","type":"VUT","group":"Completa","address":"CALLE Balandro Nº 17","postal_code":"11500","places":13,"units":7,"registered":"2017-09-11","catastro":"3150910QA4535A0001UG","holder":null,"holder_count":null}},{"type":"Feature","geometry":{"type":"Point","coordinates":[-6.223852,36.580037]},"properties":{"id":"VUT/CA/03619","type":"VUT","group":"Completa","address":"AVENIDA DE LA PAZ Blq. 5 Plta/Piso 5 Pta/Letra A Compl.Dom. URBANIZACIÓN PUERTOMAR, piso 5, puerta A","postal_code":"11500","places":4,"units":1,"registered":"2017-09-11","catastro":"8320501QA4582A0193KY","holder":null,"holder_count":null}},{"type":"Feature","geometry":{"type":"Point","coordinates":[-6.272677,36.604617]},"properties":{"id":"VUT/CA/03627","type":"VUT","group":"Completa","address":"CALLE ANCORA Nº 8 Blq. 1 Plta/Piso 3º Pta/Letra F, piso 3º, puerta F","postal_code":"11500","places":6,"units":3,"registered":"2017-09-11","catastro":"4146502QA4544E0278HI","holder":null,"holder_count":null}},{"type":"Feature","geometry":{"type":"Point","coordinates":[-6.260794,36.580617]},"properties":{"id":"VUT/CA/03654","type":"VUT","group":"Completa","address":"PLAZA ARTESANOS Nº 4 Plta/Piso 1 Pta/Letra A Compl.Dom. PUERTO SHERRY casa 102, piso 1, puerta A","postal_code":"11500","places":6,"units":2,"registered":"2017-09-13","catastro":"5217405QA4551G0007EG","holder":"MASEL ESTUDIO SL","holder_count":2}},{"type":"Feature","geometry":{"type":"Point","coordinates":[-6.260716,36.580627]},"properties":{"id":"VUT/CA/03655","type":"VUT","group":"Completa","address":"PLAZA ARTESANOS Nº 1 Plta/Piso 2 Pta/Letra A Compl.Dom. PUERTO SHERRY casa 98, piso 2, puerta A","postal_code":"11500","places":8,"units":3,"registered":"2017-09-13","catastro":"5217401QA4551G0003OA","holder":"MASEL ESTUDIO, S.L.","holder_count":1}},{"type":"Feature","geometry":{"type":"Point","coordinates":[-6.234201,36.59516]},"properties":{"id":"VUT/CA/03686","type":"VUT","group":"Completa","address":"AVENIDA DEL PARAISO Nº 20 Plta/Piso 3 Pta/Letra P, piso 3, puerta P","postal_code":"11500","places":6,"units":3,"registered":"2017-09-15","catastro":"7637802QA4573h0023BU","holder":null,"holder_count":null}},{"type":"Feature","geometry":{"type":"Point","coordinates":[-6.248331,36.587393]},"properties":{"id":"VUT/CA/03717","type":"VUT","group":"Completa","address":"CALLE JADE Nº 6 Compl.Dom. URB. PAGO DEL ALHAJAR","postal_code":"11500","places":12,"units":5,"registered":"2017-09-19","catastro":"6228603QA4562G0001JU","holder":null,"holder_count":null}},{"type":"Feature","geometry":{"type":"Point","coordinates":[-6.223766,36.575625]},"properties":{"id":"VUT/CA/03733","type":"VUT","group":"Completa","address":"PASEO MARITIMO VALDELAGRANA, URB BAHIA BLANCA Blq. 6 Plta/Piso 9 Pta/Letra G, piso 9, puerta G","postal_code":"11500","places":6,"units":2,"registered":"2017-09-20","catastro":"8515907QA4581F0440PT","holder":null,"holder_count":null}},{"type":"Feature","geometry":{"type":"Point","coordinates":[-6.272737,36.604402]},"properties":{"id":"VUT/CA/03777","type":"VUT","group":"Completa","address":"CALLE ANCORA Nº 19 Blq. 15 Plta/Piso 3º Pta/Letra C, piso 3º, puerta C","postal_code":"11500","places":6,"units":2,"registered":"2017-09-25","catastro":"4145901QA4544E0189MD","holder":null,"holder_count":null}},{"type":"Feature","geometry":{"type":"Point","coordinates":[-6.225755,36.598988]},"properties":{"id":"VUT/CA/03787","type":"VUT","group":"Completa","address":"CALLE VIRGEN DE LOS MILAGROS Nº 98 Plta/Piso 1 Pta/Letra 1, piso 1, puerta 1","postal_code":"11500","places":3,"units":1,"registered":"2017-09-26","catastro":"8242715QA4584A0012GE","holder":null,"holder_count":null}},{"type":"Feature","geometry":{"type":"Point","coordinates":[-6.220117,36.572104]},"properties":{"id":"VUT/CA/03792","type":"VUT","group":"Completa","address":"CALLE DE LA LUZ Nº 8","postal_code":"11500","places":8,"units":3,"registered":"2017-09-26","catastro":"8912201QA4581B0002RM","holder":null,"holder_count":null}},{"type":"Feature","geometry":{"type":"Point","coordinates":[-6.286418,36.610834]},"properties":{"id":"VUT/CA/03809","type":"VUT","group":"Completa","address":"CALLE MORA, DE LA Nº 15","postal_code":"11500","places":12,"units":6,"registered":"2017-09-28","catastro":"3153835QA4535C0001TP","holder":null,"holder_count":null}},{"type":"Feature","geometry":{"type":"Point","coordinates":[-6.229687,36.597085]},"properties":{"id":"VUT/CA/03829","type":"VUT","group":"Completa","address":"CALLE SAN BARTOLOME Nº 29 Plta/Piso 3 Pta/Letra B, piso 3, puerta B","postal_code":"11500","places":4,"units":1,"registered":"2017-10-02","catastro":"7939907QA4573H0020YR","holder":null,"holder_count":null}},{"type":"Feature","geometry":{"type":"Point","coordinates":[-6.225755,36.598988]},"properties":{"id":"VUT/CA/03831","type":"VUT","group":"Completa","address":"CALLE VIRGEN DE LOS MILAGROS Nº 98 Plta/Piso 3 Pta/Letra 7, piso 3, puerta 7","postal_code":"11500","places":4,"units":2,"registered":"2017-10-03","catastro":"8242715QA4584A0034IL","holder":null,"holder_count":null}},{"type":"Feature","geometry":{"type":"Point","coordinates":[-6.225755,36.598988]},"properties":{"id":"VUT/CA/03834","type":"VUT","group":"Completa","address":"CALLE VIRGEN DE LOS MILAGROS Nº 98 Plta/Piso 1 Pta/Letra 7, piso 1, puerta 7","postal_code":"11500","places":4,"units":2,"registered":"2017-10-03","catastro":"8242715QA4584A0018ZO","holder":null,"holder_count":null}},{"type":"Feature","geometry":{"type":"Point","coordinates":[-6.239397,36.59718]},"properties":{"id":"VUT/CA/03842","type":"VUT","group":"Completa","address":"AVENIDA Cruz Roja Nº 12 Pta/Letra D, puerta D","postal_code":"11500","places":7,"units":4,"registered":"2017-10-04","catastro":"7039606QA4573G0004QI","holder":null,"holder_count":null}},{"type":"Feature","geometry":{"type":"Point","coordinates":[-6.224464,36.577606]},"properties":{"id":"VUT/CA/03862","type":"VUT","group":"Completa","address":"AVENIDA SANTA MARIA DEL MAR, VALDEMAR Blq. 6 Plta/Piso 5 Pta/Letra C, piso 5, puerta C","postal_code":"11500","places":6,"units":2,"registered":"2017-10-06","catastro":"8418701QA4518G0470GA","holder":null,"holder_count":null}},{"type":"Feature","geometry":{"type":"Point","coordinates":[-6.221789,36.570594]},"properties":{"id":"VUT/CA/03863","type":"VUT","group":"Completa","address":"PASEO MARITIMO VALDELAGRANA, URB BLEGAMAR PUERTO Nº 35 Blq. D Plta/Piso 7 Pta/Letra B, piso 7, puerta B","postal_code":"11500","places":6,"units":2,"registered":"2017-10-06","catastro":"8611719QA4581B0020YS","holder":null,"holder_count":null}},{"type":"Feature","geometry":{"type":"Point","coordinates":[-6.223085,36.569231]},"properties":{"id":"VUT/CA/03865","type":"VUT","group":"Completa","address":"CALLE PASEO MARITIMO, COLOMINA Nº 37 Portal 5A Plta/Piso 8 Pta/Letra 6, piso 8, puerta 6","postal_code":"11500","places":8,"units":3,"registered":"2017-10-06","catastro":"8709201QA4580H0312DU","holder":null,"holder_count":null}},{"type":"Feature","geometry":{"type":"Point","coordinates":[-6.284632,36.609167]},"properties":{"id":"VUT/CA/03881","type":"VUT","group":"Completa","address":"CALLE Goleta Nº 38 Plta/Piso bajo Pta/Letra derecha, piso bajo, puerta derecha","postal_code":"11500","places":5,"units":2,"registered":"2017-10-10","catastro":"3153830QA4535C0020LM","holder":null,"holder_count":null}},{"type":"Feature","geometry":{"type":"Point","coordinates":[-6.224464,36.577606]},"properties":{"id":"VUT/CA/03883","type":"VUT","group":"Completa","address":"AVENIDA SANTA MARIA DEL MAR, VALDEMAR Blq. 7 Plta/Piso 8 Pta/Letra D, piso 8, puerta D","postal_code":"11500","places":8,"units":3,"registered":"2017-10-11","catastro":"8418701QA4518G0451WZ","holder":null,"holder_count":null}},{"type":"Feature","geometry":{"type":"Point","coordinates":[-6.222929,36.578052]},"properties":{"id":"VUT/CA/03885","type":"VUT","group":"Completa","address":"AVENIDA SANTA MARIA DEL MAR, LA SALINERA Nº 3 Portal 7 Plta/Piso 3 Pta/Letra F, piso 3, puerta F","postal_code":"11500","places":4,"units":1,"registered":"2017-10-11","catastro":"8620101QA4582B0172OM","holder":null,"holder_count":null}},{"type":"Feature","geometry":{"type":"Point","coordinates":[-6.224706,36.581893]},"properties":{"id":"VUT/CA/03886","type":"VUT","group":"Completa","address":"CALLE JABEGA Nº 7","postal_code":"11500","places":8,"units":4,"registered":"2017-10-11","catastro":"8423111QA4582C0001RW","holder":null,"holder_count":null}},{"type":"Feature","geometry":{"type":"Point","coordinates":[-6.222929,36.578052]},"properties":{"id":"VUT/CA/03928","type":"VUT","group":"Completa","address":"AVENIDA SANTA MARIA DEL MAR, LA SALINERA Nº 3 Blq. 10 Plta/Piso 4 Pta/Letra J, piso 4, puerta J","postal_code":"11500","places":6,"units":2,"registered":"2017-10-17","catastro":"8620101QA4582B0259TL","holder":null,"holder_count":null}},{"type":"Feature","geometry":{"type":"Point","coordinates":[-6.222775,36.601166]},"properties":{"id":"VUT/CA/03929","type":"VUT","group":"Completa","address":"CALLE CHANCA Nº 6 Plta/Piso BAJO Pta/Letra E, piso BAJO, puerta E","postal_code":"11500","places":4,"units":1,"registered":"2017-10-18","catastro":"8644103QA4584D0005XE","holder":null,"holder_count":null}},{"type":"Feature","geometry":{"type":"Point","coordinates":[-6.222415,36.575555]},"properties":{"id":"VUT/CA/03934","type":"VUT","group":"Completa","address":"AVENIDA SANTA MARIA DEL MAR Nº 9 Blq. B Plta/Piso 1 Pta/Letra B, piso 1, puerta B","postal_code":"11500","places":6,"units":2,"registered":"2017-10-18","catastro":"8616601QA4581F0028GP","holder":null,"holder_count":null}},{"type":"Feature","geometry":{"type":"Point","coordinates":[-6.225755,36.598988]},"properties":{"id":"VUT/CA/03937","type":"VUT","group":"Completa","address":"CALLE VIRGEN DE LOS MILAGROS Nº 98 Esc. 1 Plta/Piso 03 Pta/Letra 18, piso 03, puerta 18","postal_code":"11500","places":4,"units":1,"registered":"2017-10-18","catastro":"8242715QA4584A0029YJ","holder":"PATRIMONIO FAMILIA SALCEDO SL","holder_count":2}},{"type":"Feature","geometry":{"type":"Point","coordinates":[-6.225755,36.598988]},"properties":{"id":"VUT/CA/03938","type":"VUT","group":"Completa","address":"CALLE VIRGEN DE LOS MILAGROS Nº 98 Plta/Piso 1 Pta/Letra 5, piso 1, puerta 5","postal_code":"11500","places":6,"units":2,"registered":"2017-10-18","catastro":"8242715QA4584A0016LU","holder":"PATRIMONIO FAMILIA SALCEDO SL","holder_count":2}},{"type":"Feature","geometry":{"type":"Point","coordinates":[-6.285868,36.613417]},"properties":{"id":"VUT/CA/03942","type":"VUT","group":"Completa","address":"CALLE De la Naranja Nº 44 Blq. II Portal 3 Plta/Piso 5 Pta/Letra A, piso 5, puerta A","postal_code":"11500","places":7,"units":3,"registered":"2017-10-19","catastro":"2856901QA4525F0141FK","holder":null,"holder_count":null}},{"type":"Feature","geometry":{"type":"Point","coordinates":[-6.272737,36.604402]},"properties":{"id":"VUT/CA/03945","type":"VUT","group":"Completa","address":"CALLE ANCORA Nº 6 Blq. 6 Plta/Piso 1 Pta/Letra B Compl.Dom. URBANIZACIÓN EL ANCLA, MANZANA 1, piso 1, puerta B","postal_code":"11500","places":5,"units":2,"registered":"2017-10-19","catastro":"4145901QA4544E0038UB","holder":null,"holder_count":null}},{"type":"Feature","geometry":{"type":"Point","coordinates":[-6.223085,36.569231]},"properties":{"id":"VUT/CA/03954","type":"VUT","group":"Completa","address":"AVENIDA SANTA MARIA DEL MAR, URB. COLOMINA Blq. 5B Plta/Piso 7 Pta/Letra 3, piso 7, puerta 3","postal_code":"11500","places":8,"units":3,"registered":"2017-10-19","catastro":"8709201QA4580H0231MJ","holder":null,"holder_count":null}},{"type":"Feature","geometry":{"type":"Point","coordinates":[-6.222929,36.578052]},"properties":{"id":"VUT/CA/03956","type":"VUT","group":"Completa","address":"AVENIDA SANTA MARIA DEL MAR, LA SALINERA Nº 3 Portal 1 Plta/Piso 5 Pta/Letra A3I, piso 5, puerta A3I","postal_code":"11500","places":6,"units":3,"registered":"2017-10-19","catastro":"8620101QA4582B0019JI","holder":null,"holder_count":null}},{"type":"Feature","geometry":{"type":"Point","coordinates":[-6.222932,36.573062]},"properties":{"id":"VUT/CA/03957","type":"VUT","group":"Completa","address":"PASEO MARITIMO VALDELAGRANA, URB BAHIA SHERRY Blq. 3 Plta/Piso 8 Pta/Letra J, piso 8, puerta J","postal_code":"11500","places":6,"units":2,"registered":"2017-10-19","catastro":"8613101QA4581D0486OZ","holder":null,"holder_count":null}},{"type":"Feature","geometry":{"type":"Point","coordinates":[-6.224464,36.577606]},"properties":{"id":"VUT/CA/03958","type":"VUT","group":"Completa","address":"CALLE LAS OLAS, URB. VALDEMAR V Nº 1 Portal 1A Plta/Piso 6 Pta/Letra B, piso 6, puerta B","postal_code":"11500","places":8,"units":3,"registered":"2017-10-19","catastro":"8418701QA4518G0540BH","holder":null,"holder_count":null}},{"type":"Feature","geometry":{"type":"Point","coordinates":[-6.224464,36.577606]},"properties":{"id":"VUT/CA/03960","type":"VUT","group":"Completa","address":"CALLE LAS OLAS, URB. VALDEMAR V Blq. 1D Plta/Piso 2 Pta/Letra A, piso 2, puerta A","postal_code":"11500","places":8,"units":3,"registered":"2017-10-19","catastro":"8418701QA4518G0631JD","holder":null,"holder_count":null}},{"type":"Feature","geometry":{"type":"Point","coordinates":[-6.22179,36.578589]},"properties":{"id":"VUT/CA/03961","type":"VUT","group":"Completa","address":"AVENIDA SANTA MARIA DEL MAR, URB. COLOMINA Blq. 5B Plta/Piso 2 Pta/Letra 6, piso 2, puerta 6","postal_code":"11500","places":8,"units":3,"registered":"2017-10-19","catastro":"8718316QA4581H0001MU","holder":null,"holder_count":null}},{"type":"Feature","geometry":{"type":"Point","coordinates":[-6.223766,36.575625]},"properties":{"id":"VUT/CA/03962","type":"VUT","group":"Completa","address":"PASEO MARITIMO VALDELAGRANA, URB BAHIA BLANCA Blq. 4 Plta/Piso 4 Pta/Letra E, piso 4, puerta E","postal_code":"11500","places":6,"units":2,"registered":"2017-10-19","catastro":"8515907QA4581F0253FO","holder":null,"holder_count":null}},{"type":"Feature","geometry":{"type":"Point","coordinates":[-6.22351,36.574783]},"properties":{"id":"VUT/CA/03964","type":"VUT","group":"Completa","address":"AVENIDA SANTA MARIA, VALPARAISO Blq. 6 Plta/Piso 2 Pta/Letra B, piso 2, puerta B","postal_code":"11500","places":6,"units":2,"registered":"2017-10-20","catastro":"8515902QA4581F0237TX","holder":null,"holder_count":null}},{"type":"Feature","geometry":{"type":"Point","coordinates":[-6.223852,36.580037]},"properties":{"id":"VUT/CA/03986","type":"VUT","group":"Completa","address":"CALLE BAHIA, URB. PUERTOMAR Blq. 5 Plta/Piso 2 Pta/Letra G, piso 2, puerta G","postal_code":"11500","places":4,"units":1,"registered":"2017-10-24","catastro":"8320501QA4582A0182PZ","holder":null,"holder_count":null}},{"type":"Feature","geometry":{"type":"Point","coordinates":[-6.223852,36.580037]},"properties":{"id":"VUT/CA/03988","type":"VUT","group":"Completa","address":"CALLE BAHIA, URB. PUERTOMAR Blq. 10 Plta/Piso 5 Pta/Letra D, piso 5, puerta D","postal_code":"11500","places":6,"units":2,"registered":"2017-10-24","catastro":"8320501QA4582A0238UK","holder":null,"holder_count":null}},{"type":"Feature","geometry":{"type":"Point","coordinates":[-6.239576,36.596432]},"properties":{"id":"VUT/CA/04007","type":"VUT","group":"Completa","address":"CALLE DOCTOR MARAÑON Nº 8 Esc. B Plta/Piso 4 Pta/Letra 3, piso 4, puerta 3","postal_code":"11500","places":4,"units":2,"registered":"2017-10-26","catastro":"7039101QA4573G0025BM","holder":null,"holder_count":null}},{"type":"Feature","geometry":{"type":"Point","coordinates":[-6.255389,36.601517]},"properties":{"id":"VUT/CA/04014","type":"VUT","group":"Completa","address":"PASEO LA TORRE Nº 7","postal_code":"11500","places":6,"units":3,"registered":"2017-10-26","catastro":"5743920QA4554D0002YA","holder":null,"holder_count":null}},{"type":"Feature","geometry":{"type":"Point","coordinates":[-6.276848,36.602659]},"properties":{"id":"VUT/CA/04019","type":"VUT","group":"Completa","address":"CALLE GAVIA Nº 5","postal_code":"11500","places":8,"units":4,"registered":"2017-10-27","catastro":"3645711QA4534F0001RB","holder":null,"holder_count":null}},{"type":"Feature","geometry":{"type":"Point","coordinates":[-6.218778,36.607495]},"properties":{"id":"VUT/CA/04071","type":"VUT","group":"Completa","address":"CALLE Granja San Javier Nº 2 Portal 1 Plta/Piso 4 Pta/Letra A Compl.Dom. Residencial San Javier Fase 3, piso 4, puerta A","postal_code":"11500","places":2,"units":1,"registered":"2017-11-08","catastro":"8852811QA4585B0027TK","holder":null,"holder_count":null}},{"type":"Feature","geometry":{"type":"Point","coordinates":[-6.261785,36.598556]},"properties":{"id":"VUT/CA/04105","type":"VUT","group":"Completa","address":"CALLE AMANECER Nº 13","postal_code":"11500","places":14,"units":6,"registered":"2017-11-13","catastro":"5039522QA4553G0001SB","holder":"ABENSAY SL","holder_count":1}},{"type":"Feature","geometry":{"type":"Point","coordinates":[-6.224464,36.577606]},"properties":{"id":"VUT/CA/04116","type":"VUT","group":"Completa","address":"CALLE LAS OLAS EDIFICIO VALDEMAR Nº 5 Blq. 1C Portal 10D","postal_code":"11500","places":6,"units":3,"registered":"2017-11-14","catastro":"8418701QA4518G0626GA","holder":null,"holder_count":null}},{"type":"Feature","geometry":{"type":"Point","coordinates":[-6.221466,36.601555]},"properties":{"id":"VUT/CA/04150","type":"VUT","group":"Completa","address":"CALLE ANGEL URZAIZ Nº 7 Esc. 1 Plta/Piso 1 Pta/Letra H, piso 1, puerta H","postal_code":"11500","places":4,"units":1,"registered":"2017-11-17","catastro":"8644412QA4584D0039ZT","holder":null,"holder_count":null}},{"type":"Feature","geometry":{"type":"Point","coordinates":[-6.231354,36.59696]},"properties":{"id":"VUT/CA/04155","type":"VUT","group":"Completa","address":"CALLE PAGADOR Nº 40 Blq. 1 Portal 02 Esc. C","postal_code":"11500","places":4,"units":1,"registered":"2017-11-20","catastro":"7739509QA4573H0012LX","holder":null,"holder_count":null}},{"type":"Feature","geometry":{"type":"Point","coordinates":[-6.223294,36.602715]},"properties":{"id":"VUT/CA/04156","type":"VUT","group":"Completa","address":"CALLE CIELO Nº 35 Plta/Piso 1 Pta/Letra C, piso 1, puerta C","postal_code":"11500","places":4,"units":1,"registered":"2017-11-20","catastro":"8545407QA4584F0006GX","holder":null,"holder_count":null}},{"type":"Feature","geometry":{"type":"Point","coordinates":[-6.273545,36.599227]},"properties":{"id":"VUT/CA/04162","type":"VUT","group":"Completa","address":"CALLE OCEANO ATLANTICO Nº 66 Esc. 1 Plta/Piso 5 Pta/Letra 1, piso 5, puerta 1","postal_code":"11500","places":3,"units":1,"registered":"2017-11-21","catastro":"4041101QA4544D0051HK","holder":"INGENIERIA TECNICA DEL SUR SA","holder_count":1}},{"type":"Feature","geometry":{"type":"Point","coordinates":[-6.243742,36.593347]},"properties":{"id":"VUT/CA/04166","type":"VUT","group":"Completa","address":"AVENIDA DESCUBRIMIENTO Nº S/N Portal F Plta/Piso 1 Pta/Letra DCHA Compl.Dom. EDIFICIO ORELLANA, piso 1, puerta DCHA","postal_code":"11500","places":3,"units":1,"registered":"2017-11-21","catastro":"6735101QA4563F0109HE","holder":null,"holder_count":null}},{"type":"Feature","geometry":{"type":"Point","coordinates":[-6.273545,36.599227]},"properties":{"id":"VUT/CA/04183","type":"VUT","group":"Completa","address":"CALLE OCEANO ATLANTICO Nº 66 Esc. 1 Plta/Piso 1 Pta/Letra 6, piso 1, puerta 6","postal_code":"11500","places":3,"units":1,"registered":"2017-11-23","catastro":"4041101QA4544D0052JL","holder":"CYD JUNIPERA SL","holder_count":1}},{"type":"Feature","geometry":{"type":"Point","coordinates":[-6.272737,36.604402]},"properties":{"id":"VUT/CA/04218","type":"VUT","group":"Completa","address":"CALLE Ancora Blq. 13 Plta/Piso 5 Pta/Letra A Compl.Dom. Urbanización El Ancla, piso 5, puerta A","postal_code":"11500","places":4,"units":2,"registered":"2017-12-12","catastro":"4145901QA4544E0154BP","holder":null,"holder_count":null}},{"type":"Feature","geometry":{"type":"Point","coordinates":[-6.236914,36.598223]},"properties":{"id":"VUT/CA/04229","type":"VUT","group":"Completa","address":"CALLE VALDES Nº 43 Plta/Piso 1 Pta/Letra DR, piso 1, puerta DR","postal_code":"11500","places":4,"units":1,"registered":"2017-12-13","catastro":"7340203QA4574A0001DF","holder":null,"holder_count":null}},{"type":"Feature","geometry":{"type":"Point","coordinates":[-6.227835,36.59914]},"properties":{"id":"VUT/CA/04230","type":"VUT","group":"Completa","address":"CALLE Palacios Nº 56 Plta/Piso 1 Pta/Letra A, piso 1, puerta A","postal_code":"11500","places":6,"units":3,"registered":"2017-12-13","catastro":"8042603QA4584A0004PZ","holder":null,"holder_count":null}},{"type":"Feature","geometry":{"type":"Point","coordinates":[-6.226187,36.597085]},"properties":{"id":"VUT/CA/04257","type":"VUT","group":"Completa","address":"CALLE ALQUILADORES Nº 5 Plta/Piso 2 Pta/Letra C, piso 2, puerta C","postal_code":"11500","places":2,"units":1,"registered":"2017-12-26","catastro":"8239404QA4583G0012MJ","holder":null,"holder_count":null}},{"type":"Feature","geometry":{"type":"Point","coordinates":[-6.262542,36.58445]},"properties":{"id":"VUT/CA/04260","type":"VUT","group":"Completa","address":"CALLE DRAGÓN Nº 3","postal_code":"11500","places":8,"units":6,"registered":"2017-12-29","catastro":"5024209QA4552C0001GD","holder":null,"holder_count":null}},{"type":"Feature","geometry":{"type":"Point","coordinates":[-6.223959,36.601089]},"properties":{"id":"VUT/CA/04269","type":"VUT","group":"Completa","address":"CALLE VIRGEN DE LOS MILAGROS Nº 64 Plta/Piso 1º Pta/Letra C, piso 1º, puerta C","postal_code":"11500","places":6,"units":3,"registered":"2018-01-05","catastro":"8444117QA4584C0018OR","holder":null,"holder_count":null}},{"type":"Feature","geometry":{"type":"Point","coordinates":[-6.222932,36.573062]},"properties":{"id":"VUT/CA/04273","type":"VUT","group":"Completa","address":"PASEO MARITIMO VALDELAGRANA, URB BAHIA SHERRY Blq. 2 Plta/Piso 8 Pta/Letra H, piso 8, puerta H","postal_code":"11500","places":6,"units":2,"registered":"2018-01-05","catastro":"8613101QA4581D0342BO","holder":null,"holder_count":null}},{"type":"Feature","geometry":{"type":"Point","coordinates":[-6.222059,36.600738]},"properties":{"id":"VUT/CA/04290","type":"VUT","group":"Completa","address":"CALLE RIBERA DEL RIO Nº 10 Esc. 1 Plta/Piso 1 Pta/Letra 5, piso 1, puerta 5","postal_code":"11500","places":6,"units":2,"registered":"2018-01-10","catastro":"8644101QA4584D0008UY","holder":null,"holder_count":null}},{"type":"Feature","geometry":{"type":"Point","coordinates":[-6.223899,36.598928]},"properties":{"id":"VUT/CA/04292","type":"VUT","group":"Completa","address":"PLAZA DE LA HERRERIA Nº 7 Plta/Piso 1 Pta/Letra A, piso 1, puerta A","postal_code":"11500","places":6,"units":2,"registered":"2018-01-10","catastro":"8441501QA4584A0001JK","holder":null,"holder_count":null}},{"type":"Feature","geometry":{"type":"Point","coordinates":[-6.270989,36.599944]},"properties":{"id":"VUT/CA/04304","type":"VUT","group":"Completa","address":"CALLE MAR DEL JAPON Nº 30 Compl.Dom. URBANIZACION LAS REDES","postal_code":"11500","places":10,"units":5,"registered":"2018-01-11","catastro":"4141601QA4544D0023OX","holder":null,"holder_count":null}},{"type":"Feature","geometry":{"type":"Point","coordinates":[-6.232225,36.59606]},"properties":{"id":"VUT/CA/04309","type":"VUT","group":"Completa","address":"PLAZA Elías Ahuja Nº 5 Portal B Plta/Piso 1 Pta/Letra 6 Compl.Dom. RESIDENCIAL SAN BARTOLOMÉ, piso 1, puerta 6","postal_code":"11500","places":6,"units":3,"registered":"2018-01-11","catastro":"7738902QA4573H0061QP","holder":null,"holder_count":null}},{"type":"Feature","geometry":{"type":"Point","coordinates":[-6.222932,36.573062]},"properties":{"id":"VUT/CA/04319","type":"VUT","group":"Completa","address":"PASEO MARITINO -BAHIA SHERRY Nº 31 Blq. 2 Plta/Piso 5º Pta/Letra H, piso 5º, puerta H","postal_code":"11500","places":4,"units":2,"registered":"2018-01-11","catastro":"8613101QA4581D0306LI","holder":null,"holder_count":null}},{"type":"Feature","geometry":{"type":"Point","coordinates":[-6.256904,36.578401]},"properties":{"id":"VUT/CA/04353","type":"VUT","group":"Completa","address":"AVENIDA PUERTO Nº 41 Esc. 6 Plta/Piso 00 Pta/Letra 01, piso 00, puerta 01","postal_code":"11500","places":4,"units":1,"registered":"2018-01-16","catastro":"5217404QA4551G0063OU","holder":null,"holder_count":null}},{"type":"Feature","geometry":{"type":"Point","coordinates":[-6.229125,36.600861]},"properties":{"id":"VUT/CA/04361","type":"VUT","group":"Por habitaciones","address":"CALLE SAN JUAN Nº 20 Pta/Letra B, puerta B","postal_code":"11500","places":3,"units":2,"registered":"2018-01-17","catastro":"7944703QA4574D0008SW","holder":null,"holder_count":null}},{"type":"Feature","geometry":{"type":"Point","coordinates":[-6.228783,36.596837]},"properties":{"id":"VUT/CA/04373","type":"VUT","group":"Completa","address":"CALLE LA PALMA Nº 28","postal_code":"11500","places":2,"units":1,"registered":"2018-01-17","catastro":"8039202QA4583G0001TO","holder":null,"holder_count":null}},{"type":"Feature","geometry":{"type":"Point","coordinates":[-6.229462,36.599705]},"properties":{"id":"VUT/CA/04394","type":"VUT","group":"Completa","address":"CALLE SAN SEBASTIAN Nº 5 Pta/Letra 15, puerta 15","postal_code":"11500","places":4,"units":2,"registered":"2018-01-19","catastro":"7942222QA4574B0016SS","holder":null,"holder_count":null}},{"type":"Feature","geometry":{"type":"Point","coordinates":[-6.272284,36.600895]},"properties":{"id":"VUT/CA/04399","type":"VUT","group":"Completa","address":"CALLE Mar de Bering Nº 12","postal_code":"11500","places":10,"units":5,"registered":"2018-01-22","catastro":"4142201QA4544D0012DF","holder":null,"holder_count":null}},{"type":"Feature","geometry":{"type":"Point","coordinates":[-6.224464,36.577606]},"properties":{"id":"VUT/CA/04406","type":"VUT","group":"Completa","address":"AVENIDA SANTA MARIA DEL MAR Nº S/N Portal 3 Plta/Piso 3 Pta/Letra C, piso 3, puerta C","postal_code":"11500","places":5,"units":2,"registered":"2018-01-22","catastro":"8418701QA4518G0597HS","holder":null,"holder_count":null}},{"type":"Feature","geometry":{"type":"Point","coordinates":[-6.256904,36.578401]},"properties":{"id":"VUT/CA/04421","type":"VUT","group":"Completa","address":"CALLE BULEVAR DEL CREAM Nº 37 Esc. 3 Plta/Piso 02 Pta/Letra 03, piso 02, puerta 03","postal_code":"11500","places":6,"units":2,"registered":"2018-01-24","catastro":"5217404QA4551G0015XB","holder":null,"holder_count":null}},{"type":"Feature","geometry":{"type":"Point","coordinates":[-6.272737,36.604402]},"properties":{"id":"VUT/CA/04422","type":"VUT","group":"Completa","address":"CALLE ANCORA Nº 1 Blq. 20 Plta/Piso BAJO Pta/Letra A, piso BAJO, puerta A","postal_code":"11500","places":6,"units":2,"registered":"2018-01-24","catastro":"4145901QA4544E0274FR","holder":null,"holder_count":null}},{"type":"Feature","geometry":{"type":"Point","coordinates":[-6.223766,36.575625]},"properties":{"id":"VUT/CA/04428","type":"VUT","group":"Completa","address":"RESIDENCIAL RESIDENCIAL BAHÍA Blq. 6 Plta/Piso 6 Pta/Letra C Compl.Dom. PASEO MARÍTIMO, 15, piso 6, puerta C","postal_code":"11500","places":5,"units":2,"registered":"2018-01-25","catastro":"8515907QA4581F0412FO","holder":null,"holder_count":null}},{"type":"Feature","geometry":{"type":"Point","coordinates":[-6.223836,36.599816]},"properties":{"id":"VUT/CA/04452","type":"VUT","group":"Completa","address":"CALLE JAVIER DE BURGOS Nº 13 Plta/Piso 1 Pta/Letra E, piso 1, puerta E","postal_code":"11500","places":4,"units":1,"registered":"2018-01-31","catastro":"8442910QA4584A0006TM","holder":"MI CASA DEL PUERTO PARA TI SL","holder_count":2}},{"type":"Feature","geometry":{"type":"Point","coordinates":[-6.229156,36.597644]},"properties":{"id":"VUT/CA/04453","type":"VUT","group":"Completa","address":"CALLE SAN BARTOLOME Nº 33 Plta/Piso 2 Pta/Letra 3, piso 2, puerta 3","postal_code":"11500","places":4,"units":1,"registered":"2018-01-31","catastro":"8040907QA4584A0011YW","holder":"MI CASA DEL PUERTO PARA TI SL","holder_count":2}},{"type":"Feature","geometry":{"type":"Point","coordinates":[-6.224114,36.598707]},"properties":{"id":"VUT/CA/04472","type":"VUT","group":"Completa","address":"PLAZA HERRERÍA DE LA Nº 1 Plta/Piso 3º Pta/Letra C, piso 3º, puerta C","postal_code":"11500","places":4,"units":2,"registered":"2018-02-04","catastro":"8441112QA4584A0008AW","holder":null,"holder_count":null}},{"type":"Feature","geometry":{"type":"Point","coordinates":[-6.221466,36.601555]},"properties":{"id":"VUT/CA/04529","type":"VUT","group":"Completa","address":"CALLE ANGEL URZAIZ Nº 7 Esc. 1 Plta/Piso 01 Pta/Letra 1, piso 01, puerta 1","postal_code":"11500","places":4,"units":1,"registered":"2018-02-16","catastro":"8644412QA4584D0040LE","holder":null,"holder_count":null}},{"type":"Feature","geometry":{"type":"Point","coordinates":[-6.221466,36.601555]},"properties":{"id":"VUT/CA/04530","type":"VUT","group":"Completa","address":"CALLE ANGEL URZAIZ Nº 7 Esc. 1 Plta/Piso 00 Pta/Letra E, piso 00, puerta E","postal_code":"11500","places":4,"units":1,"registered":"2018-02-16","catastro":"8644412QA4584D0029FZ","holder":null,"holder_count":null}},{"type":"Feature","geometry":{"type":"Point","coordinates":[-6.258251,36.580266]},"properties":{"id":"VUT/CA/04533","type":"VUT","group":"Completa","address":"AVENIDA SANTA MARIA Nº 15 Esc. 01 Plta/Piso 01 Pta/Letra 01, piso 01, puerta 01","postal_code":"11500","places":8,"units":2,"registered":"2018-02-19","catastro":"5420602QA4552A0006DM","holder":null,"holder_count":null}},{"type":"Feature","geometry":{"type":"Point","coordinates":[-6.221466,36.601555]},"properties":{"id":"VUT/CA/04534","type":"VUT","group":"Completa","address":"CALLE A. URZAIZ Esc. 1 Plta/Piso 1 Pta/Letra B, piso 1, puerta B","postal_code":"11500","places":4,"units":1,"registered":"2018-02-19","catastro":"8644412QA4584D0033GX","holder":null,"holder_count":null}},{"type":"Feature","geometry":{"type":"Point","coordinates":[-6.260716,36.580627]},"properties":{"id":"VUT/CA/04535","type":"VUT","group":"Completa","address":"AVENIDA DE LA MURALLA Nº 101 Esc. 5 Plta/Piso 02 Pta/Letra 01, piso 02, puerta 01","postal_code":"11500","places":10,"units":3,"registered":"2018-02-19","catastro":"5217401QA4551G0036PS","holder":null,"holder_count":null}},{"type":"Feature","geometry":{"type":"Point","coordinates":[-6.254796,36.605504]},"properties":{"id":"VUT/CA/04542","type":"VUT","group":"Completa","address":"URBANIZACION CUATRO PINOS Nº S/N Plta/Piso BAJO Pta/Letra 6, piso BAJO, puerta 6","postal_code":"11500","places":4,"units":2,"registered":"2018-02-19","catastro":"5945420QA4554F0006UP","holder":null,"holder_count":null}},{"type":"Feature","geometry":{"type":"Point","coordinates":[-6.268894,36.589565]},"properties":{"id":"VUT/CA/04563","type":"VUT","group":"Completa","address":"CALLE ANTARES Nº 41 Compl.Dom. COMPLEJO LAS PIEDRAS. URB. VISTAHERMOSA","postal_code":"11500","places":10,"units":5,"registered":"2018-02-22","catastro":"4430701QA4543A0001WI","holder":null,"holder_count":null}},{"type":"Feature","geometry":{"type":"Point","coordinates":[-6.260716,36.580627]},"properties":{"id":"VUT/CA/04564","type":"VUT","group":"Completa","address":"AVENIDA DE LA BAHIA Nº 99 Plta/Piso BAJO Pta/Letra 3 Compl.Dom. PUERTO SHERRY, piso BAJO, puerta 3","postal_code":"11500","places":4,"units":2,"registered":"2018-02-22","catastro":"5217401QA4551G0010DG","holder":null,"holder_count":null}},{"type":"Feature","geometry":{"type":"Point","coordinates":[-6.281439,36.607578]},"properties":{"id":"VUT/CA/04567","type":"VUT","group":"Completa","address":"PASAJE De la Cal Nº 2","postal_code":"11500","places":5,"units":2,"registered":"2018-02-23","catastro":"3249601QA4534G0001SY","holder":null,"holder_count":null}},{"type":"Feature","geometry":{"type":"Point","coordinates":[-6.275476,36.605608]},"properties":{"id":"VUT/CA/04569","type":"VUT","group":"Completa","address":"CALLE PANTOQUE Nº 13 Plta/Piso BAJO Pta/Letra D, piso BAJO, puerta D","postal_code":"11500","places":5,"units":2,"registered":"2018-02-23","catastro":"3947201QA4534H0001XG","holder":null,"holder_count":null}},{"type":"Feature","geometry":{"type":"Point","coordinates":[-6.222162,36.571308]},"properties":{"id":"VUT/CA/04584","type":"VUT","group":"Completa","address":"PASEO MARITIMO Nº 33 Blq. 01 Plta/Piso 2 Pta/Letra A, piso 2, puerta A","postal_code":"11500","places":5,"units":2,"registered":"2018-02-27","catastro":"8611729QA4581B0006GR","holder":null,"holder_count":null}},{"type":"Feature","geometry":{"type":"Point","coordinates":[-6.222,36.570601]},"properties":{"id":"VUT/CA/04586","type":"VUT","group":"Completa","address":"PASEO MARITIMO Nº 14 Plta/Piso 6 Pta/Letra A Compl.Dom. EDIF. MAGISTRAL URB. BLEGAMAR, piso 6, puerta A","postal_code":"11500","places":4,"units":1,"registered":"2018-02-27","catastro":"8611720QA4581B0011TY","holder":null,"holder_count":null}},{"type":"Feature","geometry":{"type":"Point","coordinates":[-6.221923,36.571901]},"properties":{"id":"VUT/CA/04591","type":"VUT","group":"Completa","address":"PASEO MARITIMO Nº 33 Blq. 22 Esc. 01 Plta/Piso 7 Pta/Letra A Compl.Dom. EDIF. CONTRAMAESTRE EN BLEGAMAR, piso 7, puerta A","postal_code":"11500","places":4,"units":2,"registered":"2018-03-01","catastro":"8611713QA4581B0013JI","holder":null,"holder_count":null}},{"type":"Feature","geometry":{"type":"Point","coordinates":[-6.226586,36.597186]},"properties":{"id":"VUT/CA/04593","type":"VUT","group":"Completa","address":"CALLE ALQUILADORES Nº 9 Esc. 1 Plta/Piso 01 Pta/Letra B, piso 01, puerta B","postal_code":"11500","places":8,"units":2,"registered":"2018-03-01","catastro":"8240108QA4584A0006AM","holder":null,"holder_count":null}},{"type":"Feature","geometry":{"type":"Point","coordinates":[-6.226586,36.597186]},"properties":{"id":"VUT/CA/04594","type":"VUT","group":"Completa","address":"CALLE ALQUILADORES Nº 9 Esc. 1 Plta/Piso 02 Pta/Letra B, piso 02, puerta B","postal_code":"11500","places":4,"units":1,"registered":"2018-03-01","catastro":"8240108QA4584A0009FE","holder":null,"holder_count":null}},{"type":"Feature","geometry":{"type":"Point","coordinates":[-6.226586,36.597186]},"properties":{"id":"VUT/CA/04595","type":"VUT","group":"Completa","address":"CALLE ALQUILADORES Nº 9 Esc. 1 Plta/Piso 00 Pta/Letra C, piso 00, puerta C","postal_code":"11500","places":4,"units":1,"registered":"2018-03-01","catastro":"8240108QA4584A0004OZ","holder":null,"holder_count":null}},{"type":"Feature","geometry":{"type":"Point","coordinates":[-6.226586,36.597186]},"properties":{"id":"VUT/CA/04596","type":"VUT","group":"Completa","address":"CALLE ALQUILADORES Nº 9 Esc. 1 Plta/Piso 01 Pta/Letra C, piso 01, puerta C","postal_code":"11500","places":4,"units":1,"registered":"2018-03-01","catastro":"8240108QA4584A0007SQ","holder":null,"holder_count":null}},{"type":"Feature","geometry":{"type":"Point","coordinates":[-6.226586,36.597186]},"properties":{"id":"VUT/CA/04597","type":"VUT","group":"Completa","address":"CALLE ALQUILADORES Nº 9 Esc. 1 Plta/Piso 00 Pta/Letra B, piso 00, puerta B","postal_code":"11500","places":4,"units":1,"registered":"2018-03-01","catastro":"8240108QA4584A0003IB","holder":null,"holder_count":null}},{"type":"Feature","geometry":{"type":"Point","coordinates":[-6.269379,36.604172]},"properties":{"id":"VUT/CA/04598","type":"VUT","group":"Completa","address":"CALLE MAR DEL NORTE Nº 8 Esc. 1 Plta/Piso 02 Pta/Letra A, piso 02, puerta A","postal_code":"11500","places":8,"units":2,"registered":"2018-03-01","catastro":"4146504QA4544E0005XL","holder":null,"holder_count":null}},{"type":"Feature","geometry":{"type":"Point","coordinates":[-6.222971,36.599836]},"properties":{"id":"VUT/CA/04610","type":"VUT","group":"Completa","address":"CALLE RIBERA DEL RIO Nº 32","postal_code":"11500","places":12,"units":6,"registered":"2018-03-03","catastro":"8543812QA4584D0001AX","holder":"RUMAVICSAN S.L.","holder_count":1}},{"type":"Feature","geometry":{"type":"Point","coordinates":[-6.224464,36.577606]},"properties":{"id":"VUT/CA/04693","type":"VUT","group":"Completa","address":"AVENIDA DE LA PAZ Nº 75 Plta/Piso 9 Pta/Letra C, piso 9, puerta C","postal_code":"11500","places":6,"units":2,"registered":"2018-03-19","catastro":"8418701QA4518G0245HS","holder":null,"holder_count":null}},{"type":"Feature","geometry":{"type":"Point","coordinates":[-6.221466,36.601555]},"properties":{"id":"VUT/CA/04710","type":"VUT","group":"Completa","address":"CALLE ANGEL URZAIZ Nº 7 Plta/Piso 01 Pta/Letra D, piso 01, puerta D","postal_code":"11500","places":8,"units":2,"registered":"2018-03-22","catastro":"8644412QA4584D0035JQ","holder":null,"holder_count":null}},{"type":"Feature","geometry":{"type":"Point","coordinates":[-6.221466,36.601555]},"properties":{"id":"VUT/CA/04711","type":"VUT","group":"Completa","address":"CALLE ANGEL URZAIZ Nº 7 Plta/Piso 00 Pta/Letra E, piso 00, puerta E","postal_code":"11500","places":4,"units":1,"registered":"2018-03-22","catastro":"8644412QA4584D0029FZ","holder":null,"holder_count":null}},{"type":"Feature","geometry":{"type":"Point","coordinates":[-6.225755,36.598988]},"properties":{"id":"VUT/CA/04713","type":"VUT","group":"Completa","address":"CALLE VIRGEN DE LOS MILAGROS Nº 98 Blq. 1 Portal 01 Plta/Piso 04, piso 04","postal_code":"11500","places":4,"units":1,"registered":"2018-03-22","catastro":"8242715QA4584A0015KY","holder":null,"holder_count":null}},{"type":"Feature","geometry":{"type":"Point","coordinates":[-6.2226,36.603368]},"properties":{"id":"VUT/CA/04719","type":"VUT","group":"Por habitaciones","address":"CALLE CIELO Nº 19","postal_code":"11500","places":15,"units":6,"registered":"2018-03-23","catastro":"8546906QA4584F0001EJ","holder":null,"holder_count":null}},{"type":"Feature","geometry":{"type":"Point","coordinates":[-6.222932,36.573062]},"properties":{"id":"VUT/CA/04794","type":"VUT","group":"Completa","address":"AVENIDA PASEO MARÍTIMO VALDELAGRANA Nº 31 Blq. 2 Portal D Plta/Piso 1 Pta/Letra C, piso 1, puerta C","postal_code":"11500","places":6,"units":3,"registered":"2018-04-10","catastro":"8613101QA4581D0135PX","holder":null,"holder_count":null}},{"type":"Feature","geometry":{"type":"Point","coordinates":[-6.258241,36.578789]},"properties":{"id":"VUT/CA/04809","type":"VUT","group":"Completa","address":"PLAZA MAYOR Nº 54 Esc. 2 Plta/Piso 00 Pta/Letra 5, piso 00, puerta 5","postal_code":"11500","places":4,"units":1,"registered":"2018-04-11","catastro":"5217413QA4551G0013TK","holder":null,"holder_count":null}},{"type":"Feature","geometry":{"type":"Point","coordinates":[-6.258251,36.580266]},"properties":{"id":"VUT/CA/04816","type":"VUT","group":"Completa","address":"CALLE TRAVESIA DE CADIZ Nº 15 Esc. 1 Plta/Piso 01 Pta/Letra 02, piso 01, puerta 02","postal_code":"11500","places":4,"units":1,"registered":"2018-04-11","catastro":"5420602QA4552A0007FQ","holder":null,"holder_count":null}},{"type":"Feature","geometry":{"type":"Point","coordinates":[-6.224464,36.577606]},"properties":{"id":"VUT/CA/04819","type":"VUT","group":"Completa","address":"CALLE Las Olas Blq. 1B Plta/Piso 2 Pta/Letra B, piso 2, puerta B","postal_code":"11500","places":6,"units":3,"registered":"2018-04-12","catastro":"8418701QA4518G0556PY","holder":null,"holder_count":null}},{"type":"Feature","geometry":{"type":"Point","coordinates":[-6.231334,36.602663]},"properties":{"id":"VUT/CA/04822","type":"VUT","group":"Completa","address":"PLAZA SAN JUAN DE LETRAN Nº 6 Esc. 1 Plta/Piso 3 Pta/Letra B, piso 3, puerta B","postal_code":"11500","places":4,"units":1,"registered":"2018-04-12","catastro":"7846202QA4574F0041XK","holder":null,"holder_count":null}},{"type":"Feature","geometry":{"type":"Point","coordinates":[-6.231334,36.602663]},"properties":{"id":"VUT/CA/04824","type":"VUT","group":"Completa","address":"PLAZA SAN JUAN DE LETRAN Nº 6 Esc. 1 Plta/Piso 01 Pta/Letra E, piso 01, puerta E","postal_code":"11500","places":4,"units":1,"registered":"2018-04-12","catastro":"7846202QA4574F0034KF","holder":null,"holder_count":null}},{"type":"Feature","geometry":{"type":"Point","coordinates":[-6.20758,36.62517]},"properties":{"id":"VUT/CA/04832","type":"VUT","group":"Completa","address":"CALLE LEBRILLO Nº 21","postal_code":"11500","places":6,"units":3,"registered":"2018-04-16","catastro":"9871905QA4597B0001JD","holder":null,"holder_count":null}},{"type":"Feature","geometry":{"type":"Point","coordinates":[-6.231334,36.602663]},"properties":{"id":"VUT/CA/04833","type":"VUT","group":"Completa","address":"PLAZA SAN JUAN DE LETRAN Nº 6 Esc. 1 Plta/Piso 02 Pta/Letra C, piso 02, puerta C","postal_code":"11500","places":4,"units":1,"registered":"2018-04-16","catastro":"7846202QA4574F0037ZJ","holder":null,"holder_count":null}},{"type":"Feature","geometry":{"type":"Point","coordinates":[-6.258251,36.580266]},"properties":{"id":"VUT/CA/04834","type":"VUT","group":"Completa","address":"AVENIDA SANTA MARIA Nº 15 Esc. 01 Pta/Letra 05, puerta 05","postal_code":"11500","places":4,"units":1,"registered":"2018-04-16","catastro":"5420602QA4552A0005SX","holder":null,"holder_count":null}},{"type":"Feature","geometry":{"type":"Point","coordinates":[-6.231334,36.602663]},"properties":{"id":"VUT/CA/04835","type":"VUT","group":"Completa","address":"PLAZA SAN JUAN DE LETRAN Nº 6 Esc. 1 Plta/Piso 3 Pta/Letra C, piso 3, puerta C","postal_code":"11500","places":4,"units":1,"registered":"2018-04-16","catastro":"7846202QA4574F0042ML","holder":null,"holder_count":null}},{"type":"Feature","geometry":{"type":"Point","coordinates":[-6.220609,36.572264]},"properties":{"id":"VUT/CA/04840","type":"VUT","group":"Completa","address":"CALLE AVOCETA Nº 1 Plta/Piso 3º Pta/Letra C Compl.Dom. URBANIZACIÓN DE VALDELAGRANA, piso 3º, puerta C","postal_code":"11500","places":4,"units":1,"registered":"2018-04-16","catastro":"8811301QA4581B0086WF","holder":null,"holder_count":null}},{"type":"Feature","geometry":{"type":"Point","coordinates":[-6.274333,36.600212]},"properties":{"id":"VUT/CA/04860","type":"VUT","group":"Completa","address":"CALLE Mar Egeo Nº 8 Blq. H Plta/Piso 1 Pta/Letra 1H, piso 1, puerta 1H","postal_code":"11500","places":6,"units":3,"registered":"2018-04-18","catastro":"3941901QA4534B0008RF","holder":null,"holder_count":null}},{"type":"Feature","geometry":{"type":"Point","coordinates":[-6.274873,36.598846]},"properties":{"id":"VUT/CA/04865","type":"VUT","group":"Completa","address":"CALLE PLEAMAR Nº 39","postal_code":"11500","places":4,"units":2,"registered":"2018-04-18","catastro":"4039101QA4543G0039GX","holder":null,"holder_count":null}},{"type":"Feature","geometry":{"type":"Point","coordinates":[-6.221466,36.601555]},"properties":{"id":"VUT/CA/04868","type":"VUT","group":"Completa","address":"CALLE ANGEL URZAIZ Nº 7 Plta/Piso BAJO Pta/Letra G, piso BAJO, puerta G","postal_code":"11500","places":4,"units":1,"registered":"2018-04-18","catastro":"8644412QA4584D0031DB","holder":null,"holder_count":null}},{"type":"Feature","geometry":{"type":"Point","coordinates":[-6.227384,36.598592]},"properties":{"id":"VUT/CA/04873","type":"VUT","group":"Completa","address":"CALLE PALACIOS Nº 47 Plta/Piso 1 Pta/Letra 5, piso 1, puerta 5","postal_code":"11500","places":4,"units":1,"registered":"2018-04-19","catastro":"8141116QA4584A0006MM","holder":null,"holder_count":null}},{"type":"Feature","geometry":{"type":"Point","coordinates":[-6.230786,36.603156]},"properties":{"id":"VUT/CA/04877","type":"VUT","group":"Completa","address":"CALLE SANTA FE Nº 22 Plta/Piso 3º Pta/Letra D, piso 3º, puerta D","postal_code":"11500","places":4,"units":2,"registered":"2018-04-19","catastro":"7846221QA4574F0087SY","holder":null,"holder_count":null}},{"type":"Feature","geometry":{"type":"Point","coordinates":[-6.279204,36.605528]},"properties":{"id":"VUT/CA/04942","type":"VUT","group":"Completa","address":"CAMINO DE LA BERMEJA Nº 3 Pta/Letra 26 Compl.Dom. CAMINO DE LA BERMEJA Nº 3 CHALET 26  11500 EL PUERTO DE SANTA MARÍA, puerta 26","postal_code":"11500","places":8,"units":4,"registered":"2018-04-26","catastro":"3447590QA4534G0027IE","holder":null,"holder_count":null}},{"type":"Feature","geometry":{"type":"Point","coordinates":[-6.279204,36.605528]},"properties":{"id":"VUT/CA/04944","type":"VUT","group":"Completa","address":"CAMINO DE LA BERMEJA Nº 3 Pta/Letra 25 Compl.Dom. Camino de la Bermeja nº 3 chalet 25  Puerto de Santa María, puerta 25","postal_code":"11500","places":8,"units":4,"registered":"2018-04-26","catastro":"3447590QA4534G0026UW","holder":null,"holder_count":null}},{"type":"Feature","geometry":{"type":"Point","coordinates":[-6.231334,36.602663]},"properties":{"id":"VUT/CA/05041","type":"VUT","group":"Completa","address":"PLAYA SAN JUAN DE LETRAN Nº 6 Esc. 1 Plta/Piso 04 Pta/Letra E, piso 04, puerta E","postal_code":"11500","places":4,"units":1,"registered":"2018-05-15","catastro":"7846202QA4574F0049UE","holder":"GESPAGASA SLU","holder_count":1}},{"type":"Feature","geometry":{"type":"Point","coordinates":[-6.224464,36.577606]},"properties":{"id":"VUT/CA/05050","type":"VUT","group":"Completa","address":"AVENIDA PAZ DE LA Nº 63 Plta/Piso 5 Pta/Letra D Compl.Dom. RESIDENCIAL VALDEMAR-PLAYA DE VALDELAGRANA, piso 5, puerta D","postal_code":"11500","places":6,"units":3,"registered":"2018-05-16","catastro":"8418701QA4518G0304DO","holder":null,"holder_count":null}},{"type":"Feature","geometry":{"type":"Point","coordinates":[-6.222932,36.573062]},"properties":{"id":"VUT/CA/05092","type":"VUT","group":"Completa","address":"PASEO MARITIMO VALDELAGRANA, URB BAHIA SHERRY Blq. 3 Plta/Piso 1 Pta/Letra F, piso 1, puerta F","postal_code":"11500","places":6,"units":2,"registered":"2018-05-18","catastro":"8613101QA4581D0384RH","holder":null,"holder_count":null}},{"type":"Feature","geometry":{"type":"Point","coordinates":[-6.220837,36.579174]},"properties":{"id":"VUT/CA/05107","type":"VUT","group":"Completa","address":"CALLE PINALETA Nº 5","postal_code":"11500","places":7,"units":4,"registered":"2018-05-21","catastro":"8720931QA4582B0001IH","holder":null,"holder_count":null}},{"type":"Feature","geometry":{"type":"Point","coordinates":[-6.222932,36.573062]},"properties":{"id":"VUT/CA/05112","type":"VUT","group":"Completa","address":"PASEO MARITIMO, URB VIGALPE Blq. 2 Plta/Piso 2 Pta/Letra C, piso 2, puerta C","postal_code":"11500","places":8,"units":3,"registered":"2018-05-21","catastro":"8613101QA4581D0139FE","holder":null,"holder_count":null}},{"type":"Feature","geometry":{"type":"Point","coordinates":[-6.22254,36.600211]},"properties":{"id":"VUT/CA/05146","type":"VUT","group":"Completa","address":"CALLE LUJA Nº 2 Portal A Plta/Piso 1 Pta/Letra B, piso 1, puerta B","postal_code":"11500","places":8,"units":4,"registered":"2018-05-23","catastro":"8544123QA4584D0020RS","holder":"LAS HUERTAS DE BENAMAHOMA S.L.","holder_count":1}},{"type":"Feature","geometry":{"type":"Point","coordinates":[-6.278355,36.605947]},"properties":{"id":"VUT/CA/05160","type":"VUT","group":"Completa","address":"CAMINO DE LA BERMEJA Nº 5 Blq. 2 Portal C Plta/Piso ÁTICO Pta/Letra A Compl.Dom. FINCA Nº 21, piso ÁTICO, puerta A","postal_code":"11500","places":4,"units":3,"registered":"2018-05-25","catastro":"3447589QA4534G0022ZZ","holder":null,"holder_count":null}},{"type":"Feature","geometry":{"type":"Point","coordinates":[-6.224053,36.581918]},"properties":{"id":"VUT/CA/05162","type":"VUT","group":"Completa","address":"AVENIDA CADIZ Nº 16 Compl.Dom. CHALET ADOSADO ALERO","postal_code":"11500","places":8,"units":4,"registered":"2018-05-25","catastro":"8522201QA4582B0001QH","holder":null,"holder_count":null}},{"type":"Feature","geometry":{"type":"Point","coordinates":[-6.223085,36.569231]},"properties":{"id":"VUT/CA/05163","type":"VUT","group":"Completa","address":"PASEO MARITIMO Nº 37 Blq. 2 Portal 2C Plta/Piso 1 Pta/Letra C-2, piso 1, puerta C-2","postal_code":"11500","places":6,"units":3,"registered":"2018-05-25","catastro":"8709201QA4580H0067ZG","holder":null,"holder_count":null}},{"type":"Feature","geometry":{"type":"Point","coordinates":[-6.231134,36.598861]},"properties":{"id":"VUT/CA/05191","type":"VUT","group":"Completa","address":"CALLE FEDERICO RUBIO Nº 82 Plta/Piso BAJA Pta/Letra 2, piso BAJA, puerta 2","postal_code":"11500","places":4,"units":1,"registered":"2018-05-28","catastro":"7841507QA4574B0003TW","holder":null,"holder_count":null}},{"type":"Feature","geometry":{"type":"Point","coordinates":[-6.223766,36.575625]},"properties":{"id":"VUT/CA/05195","type":"VUT","group":"Completa","address":"PASEO SANTA MARIA DEL MAR, BAHIA BLANCA Nº 15 Blq. 5 Plta/Piso 8 Pta/Letra A, piso 8, puerta A","postal_code":"11500","places":4,"units":1,"registered":"2018-05-29","catastro":"8515907QA4581F0354KD","holder":null,"holder_count":null}},{"type":"Feature","geometry":{"type":"Point","coordinates":[-6.222223,36.575065]},"properties":{"id":"VUT/CA/05229","type":"VUT","group":"Completa","address":"AVENIDA SANTA MARIA DEL MAR Nº 13 Portal C Plta/Piso 1 Pta/Letra A, piso 1, puerta A","postal_code":"11500","places":8,"units":3,"registered":"2018-06-01","catastro":"8715101QA4581F0049BW","holder":null,"holder_count":null}},{"type":"Feature","geometry":{"type":"Point","coordinates":[-6.256904,36.578401]},"properties":{"id":"VUT/CA/05261","type":"VUT","group":"Completa","address":"AVENIDA DEL PUERTO Km 35 Esc. 01 Plta/Piso 00 Pta/Letra 01, piso 00, puerta 01","postal_code":"11500","places":4,"units":1,"registered":"2018-06-04","catastro":"5217404QA4551G0090RW","holder":null,"holder_count":null}},{"type":"Feature","geometry":{"type":"Point","coordinates":[-6.224464,36.577606]},"properties":{"id":"VUT/CA/05290","type":"VUT","group":"Completa","address":"AVENIDA PAZ DE LA, URB VALDEMAR Nº 61 Blq. 4 Plta/Piso 4 Pta/Letra B, piso 4, puerta B","postal_code":"11500","places":8,"units":3,"registered":"2018-06-07","catastro":"8418701QA4518G0014AU","holder":null,"holder_count":null}},{"type":"Feature","geometry":{"type":"Point","coordinates":[-6.264371,36.615334]},"properties":{"id":"VUT/CA/05292","type":"VUT","group":"Completa","address":"CALLE CORZO Nº 51 Blq. 2","postal_code":"11500","places":6,"units":4,"registered":"2018-06-07","catastro":"4861303QA4546B0002FM","holder":null,"holder_count":null}},{"type":"Feature","geometry":{"type":"Point","coordinates":[-6.256904,36.578401]},"properties":{"id":"VUT/CA/05302","type":"VUT","group":"Completa","address":"AVENIDA DEL PUERTO Nº 35 Esc. 01 Plta/Piso 00 Pta/Letra 02, piso 00, puerta 02","postal_code":"11500","places":4,"units":1,"registered":"2018-06-08","catastro":"5217404QA4551G0091TE","holder":null,"holder_count":null}},{"type":"Feature","geometry":{"type":"Point","coordinates":[-6.242406,36.593738]},"properties":{"id":"VUT/CA/05326","type":"VUT","group":"Completa","address":"PLAZA JUAN PANADERO Nº 3","postal_code":"11500","places":8,"units":4,"registered":"2018-06-12","catastro":"6835801QA4563F0010IZ","holder":null,"holder_count":null}},{"type":"Feature","geometry":{"type":"Point","coordinates":[-6.235325,36.592801]},"properties":{"id":"VUT/CA/05334","type":"VUT","group":"Completa","address":"CALLE DEL RUISEÑOR Nº 14 Pta/Letra B, puerta B","postal_code":"11500","places":4,"units":2,"registered":"2018-06-13","catastro":"7434412QA4573C0001YG","holder":null,"holder_count":null}},{"type":"Feature","geometry":{"type":"Point","coordinates":[-6.237686,36.593573]},"properties":{"id":"VUT/CA/05345","type":"VUT","group":"Completa","address":"CALLE CAMINO DE LOS ENAMORADOS Nº 10 Plta/Piso 3 Pta/Letra B, piso 3, puerta B","postal_code":"11500","places":5,"units":3,"registered":"2018-06-13","catastro":"7235401QA4573E0032MO","holder":null,"holder_count":null}},{"type":"Feature","geometry":{"type":"Point","coordinates":[-6.233948,36.595988]},"properties":{"id":"VUT/CA/05357","type":"VUT","group":"Completa","address":"PLAZA MIGUEL DEL PINO Nº 5 Blq. 3 Plta/Piso 2 Pta/Letra D, piso 2, puerta D","postal_code":"11500","places":4,"units":2,"registered":"2018-06-14","catastro":"7538901qa4573h0060uo","holder":null,"holder_count":null}},{"type":"Feature","geometry":{"type":"Point","coordinates":[-6.224464,36.577606]},"properties":{"id":"VUT/CA/05362","type":"VUT","group":"Completa","address":"CALLE DE LAS OLAS Blq. 3-1C Plta/Piso 3 Pta/Letra B Compl.Dom. URBANIZACION VALDEMAR V, piso 3, puerta B","postal_code":"11500","places":6,"units":3,"registered":"2018-06-16","catastro":"8418701QA4518G0596GA","holder":null,"holder_count":null}},{"type":"Feature","geometry":{"type":"Point","coordinates":[-6.220283,36.607545]},"properties":{"id":"VUT/CA/05363","type":"VUT","group":"Completa","address":"AVENIDA DE LA DIPUTACION Nº 2 Plta/Piso 4 Pta/Letra C, piso 4, puerta C","postal_code":"11500","places":3,"units":1,"registered":"2018-06-17","catastro":"8851508QA4585B0032DB","holder":"VILLALOBOS AGENCIA DE SERVICIOS Y ASISTENCIA SL","holder_count":1}},{"type":"Feature","geometry":{"type":"Point","coordinates":[-6.265109,36.598818]},"properties":{"id":"VUT/CA/05369","type":"VUT","group":"Completa","address":"CALLE UROGALLO Nº 17","postal_code":"11500","places":8,"units":4,"registered":"2018-06-18","catastro":"4540931QA4544B0001LA","holder":null,"holder_count":null}},{"type":"Feature","geometry":{"type":"Point","coordinates":[-6.223766,36.575625]},"properties":{"id":"VUT/CA/05393","type":"VUT","group":"Completa","address":"PASEO PASEO MARITIMO, URB BAHIA BLANCA Nº 15 Blq. 6 Plta/Piso 7 Pta/Letra A, piso 7, puerta A","postal_code":"11500","places":6,"units":2,"registered":"2018-06-20","catastro":"8515907QA4581F0418BG","holder":null,"holder_count":null}},{"type":"Feature","geometry":{"type":"Point","coordinates":[-6.235256,36.594981]},"properties":{"id":"VUT/CA/05409","type":"VUT","group":"Completa","address":"AVENIDA EJERCITO Nº 8 Portal 4 Plta/Piso 4 Pta/Letra D Compl.Dom. CIUDAMAR, piso 4, puerta D","postal_code":"11500","places":6,"units":3,"registered":"2018-06-22","catastro":"7437803QA4573E0090XE","holder":null,"holder_count":null}},{"type":"Feature","geometry":{"type":"Point","coordinates":[-6.260716,36.580627]},"properties":{"id":"VUT/CA/05429","type":"VUT","group":"Completa","address":"PLAZA DE LA MURALLA Nº 99 Esc. 3 Pta/Letra 7, puerta 7","postal_code":"11500","places":4,"units":1,"registered":"2018-06-26","catastro":"5217401QA4551G0021ZM","holder":null,"holder_count":null}},{"type":"Feature","geometry":{"type":"Point","coordinates":[-6.230536,36.59304]},"properties":{"id":"VUT/CA/05432","type":"VUT","group":"Completa","address":"CALLE COMEDIAS Nº 7 Plta/Piso 2 Pta/Letra IZQ, piso 2, puerta IZQ","postal_code":"11500","places":6,"units":3,"registered":"2018-06-26","catastro":"7835801QA4573F0066HB","holder":"Moy y Rodriguez, S.L.","holder_count":1}},{"type":"Feature","geometry":{"type":"Point","coordinates":[-6.223899,36.598928]},"properties":{"id":"VUT/CA/05435","type":"VUT","group":"Completa","address":"PLAZA DE LA HERRERIA Nº 7 Plta/Piso 1 Pta/Letra B, piso 1, puerta B","postal_code":"11500","places":6,"units":2,"registered":"2018-06-26","catastro":"8441501QA4584A0001JK","holder":null,"holder_count":null}},{"type":"Feature","geometry":{"type":"Point","coordinates":[-6.223899,36.598928]},"properties":{"id":"VUT/CA/05438","type":"VUT","group":"Completa","address":"PLAZA DE LA HERRERIA Nº 7 Plta/Piso 2 Pta/Letra F, piso 2, puerta F","postal_code":"11500","places":6,"units":2,"registered":"2018-06-26","catastro":"8441501QA4584A0001JK","holder":null,"holder_count":null}},{"type":"Feature","geometry":{"type":"Point","coordinates":[-6.270666,36.599997]},"properties":{"id":"VUT/CA/05439","type":"VUT","group":"Completa","address":"CALLE MAR DE BERING Nº 25 Compl.Dom. URBANIZACION LAS REDES","postal_code":"11500","places":12,"units":3,"registered":"2018-06-26","catastro":"4242701QA4544D0050TJ","holder":null,"holder_count":null}},{"type":"Feature","geometry":{"type":"Point","coordinates":[-6.249344,36.599503]},"properties":{"id":"VUT/CA/05456","type":"VUT","group":"Completa","address":"CALLE PALACIOS Nº 56 Plta/Piso 1 Pta/Letra C, piso 1, puerta C","postal_code":"11500","places":4,"units":1,"registered":"2018-06-28","catastro":"6141501QA4564A0079EZ","holder":null,"holder_count":null}},{"type":"Feature","geometry":{"type":"Point","coordinates":[-6.246507,36.590015]},"properties":{"id":"VUT/CA/05472","type":"VUT","group":"Completa","address":"CALLE Cuarzo Nº 2","postal_code":"11500","places":6,"units":3,"registered":"2018-07-02","catastro":"6434305QA4563A0002MJ","holder":null,"holder_count":null}},{"type":"Feature","geometry":{"type":"Point","coordinates":[-6.22818,36.594531]},"properties":{"id":"VUT/CA/05475","type":"VUT","group":"Completa","address":"BLOQUE XIMENEZ SANDOVAL Nº 3 Plta/Piso 3 Pta/Letra F, piso 3, puerta F","postal_code":"11500","places":4,"units":1,"registered":"2018-07-02","catastro":"8136301QA4583E0021FT","holder":null,"holder_count":null}},{"type":"Feature","geometry":{"type":"Point","coordinates":[-6.224479,36.598422]},"properties":{"id":"VUT/CA/05479","type":"VUT","group":"Completa","address":"CALLE JESUS DE LOS MILAGROS Nº 6 Esc. 1 Plta/Piso 01 Pta/Letra A, piso 01, puerta A","postal_code":"11500","places":4,"units":1,"registered":"2018-07-03","catastro":"8341715QA4584A0002KL","holder":null,"holder_count":null}},{"type":"Feature","geometry":{"type":"Point","coordinates":[-6.220973,36.570676]},"properties":{"id":"VUT/CA/05509","type":"VUT","group":"Completa","address":"CALLE AVOCETA Nº 2 Portal 3 Plta/Piso 4 Pta/Letra E Compl.Dom. URBANIZACIÓN LAS OLAS, piso 4, puerta E","postal_code":"11500","places":6,"units":2,"registered":"2018-07-09","catastro":"8810301QA4581B0092MJ","holder":null,"holder_count":null}},{"type":"Feature","geometry":{"type":"Point","coordinates":[-6.27552,36.607316]},"properties":{"id":"VUT/CA/05519","type":"VUT","group":"Completa","address":"CALLE PROA Nº 13 Esc. 01 Plta/Piso 00 Pta/Letra 06, piso 00, puerta 06","postal_code":"11500","places":8,"units":3,"registered":"2018-07-10","catastro":"3848301QA4534H0006ZB","holder":null,"holder_count":null}},{"type":"Feature","geometry":{"type":"Point","coordinates":[-6.223031,36.571389]},"properties":{"id":"VUT/CA/05534","type":"VUT","group":"Completa","address":"PASEO MARITIMO Nº 33 Esc. 01 Plta/Piso 09 Pta/Letra A Compl.Dom. VALDELGRANA. EL PUERTO DE SANTA MARIA, piso 09, puerta A","postal_code":"11500","places":7,"units":2,"registered":"2018-07-10","catastro":"8611708QA4581B0020ES","holder":"FUNDACION ABDON GARCIA LUIS ALONSO","holder_count":1}},{"type":"Feature","geometry":{"type":"Point","coordinates":[-6.284712,36.610662]},"properties":{"id":"VUT/CA/05555","type":"VUT","group":"Completa","address":"CALLE DE LA CIRUELA Blq. 3 Plta/Piso 4 Pta/Letra D, piso 4, puerta D","postal_code":"11500","places":4,"units":2,"registered":"2018-07-12","catastro":"2953906QA4525D0020KT","holder":null,"holder_count":null}},{"type":"Feature","geometry":{"type":"Point","coordinates":[-6.216427,36.6098]},"properties":{"id":"VUT/CA/05563","type":"VUT","group":"Completa","address":"CALLE Juan Lara Nº 4 Plta/Piso 3 Pta/Letra Dcha, piso 3, puerta Dcha","postal_code":"11500","places":6,"units":3,"registered":"2018-07-12","catastro":"9054706QA4595C0005IG","holder":null,"holder_count":null}},{"type":"Feature","geometry":{"type":"Point","coordinates":[-6.225439,36.601506]},"properties":{"id":"VUT/CA/05565","type":"VUT","group":"Completa","address":"CALLE CIELOS Nº 86 Plta/Piso 1 Pta/Letra B, piso 1, puerta B","postal_code":"11500","places":2,"units":1,"registered":"2018-07-13","catastro":"8345829QA4584E0007IF","holder":null,"holder_count":null}},{"type":"Feature","geometry":{"type":"Point","coordinates":[-6.222223,36.575065]},"properties":{"id":"VUT/CA/05570","type":"VUT","group":"Completa","address":"AVENIDA Santa María del Mar Nº 13 Blq. 13C Plta/Piso 4 Pta/Letra D, piso 4, puerta D","postal_code":"11500","places":7,"units":3,"registered":"2018-07-13","catastro":"8715101QA4581F0064YA","holder":null,"holder_count":null}},{"type":"Feature","geometry":{"type":"Point","coordinates":[-6.2679,36.597903]},"properties":{"id":"VUT/CA/05571","type":"VUT","group":"Completa","address":"CALLE MAR DE CHINA Nº 21","postal_code":"11500","places":15,"units":5,"registered":"2018-07-13","catastro":"4538316QA4543H0001AW","holder":"LUJO SOL Y ROM, S.L.","holder_count":1}},{"type":"Feature","geometry":{"type":"Point","coordinates":[-6.221428,36.604103]},"properties":{"id":"VUT/CA/05572","type":"VUT","group":"Completa","address":"CALLE VIRGEN DE LOS MILAGROS Nº 4 Plta/Piso 0 Pta/Letra C, piso 0, puerta C","postal_code":"11500","places":4,"units":2,"registered":"2018-07-15","catastro":"8647907QA4584F0004SB","holder":null,"holder_count":null}},{"type":"Feature","geometry":{"type":"Point","coordinates":[-6.224366,36.602055]},"properties":{"id":"VUT/CA/05574","type":"VUT","group":"Por habitaciones","address":"CALLE DIEGO NIÑO Nº 14 Portal B","postal_code":"11500","places":6,"units":3,"registered":"2018-07-16","catastro":"8344918QA4584C0079OQ","holder":null,"holder_count":null}},{"type":"Feature","geometry":{"type":"Point","coordinates":[-6.228867,36.600404]},"properties":{"id":"VUT/CA/05585","type":"VUT","group":"Completa","address":"CALLE San Juan Nº 7 Plta/Piso 1 Pta/Letra B, piso 1, puerta B","postal_code":"11500","places":4,"units":1,"registered":"2018-07-17","catastro":"7943913QA4574D0007IQ","holder":null,"holder_count":null}},{"type":"Feature","geometry":{"type":"Point","coordinates":[-6.231134,36.598861]},"properties":{"id":"VUT/CA/05596","type":"VUT","group":"Completa","address":"CALLE FEDERICO RUBIO Nº 82 Plta/Piso 9, piso 9","postal_code":"11500","places":4,"units":1,"registered":"2018-07-17","catastro":"7841507QA4574B0010OY","holder":null,"holder_count":null}},{"type":"Feature","geometry":{"type":"Point","coordinates":[-6.283859,36.608663]},"properties":{"id":"VUT/CA/05610","type":"VUT","group":"Completa","address":"CALLE BALANDRO Nº 25 Esc. 4 Plta/Piso 1 Pta/Letra 1, piso 1, puerta 1","postal_code":"11500","places":8,"units":4,"registered":"2018-07-18","catastro":"3150919QA4535A0006QB","holder":"Paul Blue SL","holder_count":2}},{"type":"Feature","geometry":{"type":"Point","coordinates":[-6.283859,36.608663]},"properties":{"id":"VUT/CA/05612","type":"VUT","group":"Completa","address":"CALLE BALANDRO Nº 25 Esc. 4 Plta/Piso 1 Pta/Letra 1, piso 1, puerta 1","postal_code":"11500","places":8,"units":4,"registered":"2018-07-18","catastro":"3150919QA4535A0006QB","holder":"Paul Blue SL","holder_count":2}},{"type":"Feature","geometry":{"type":"Point","coordinates":[-6.263189,36.582538]},"properties":{"id":"VUT/CA/05624","type":"VUT","group":"Completa","address":"CALLE FUERTE CIUDAD Nº 27 Pta/Letra 5, puerta 5","postal_code":"11500","places":8,"units":4,"registered":"2018-07-20","catastro":"4921217QA4542B0005PR","holder":null,"holder_count":null}},{"type":"Feature","geometry":{"type":"Point","coordinates":[-6.225986,36.597692]},"properties":{"id":"VUT/CA/05644","type":"VUT","group":"Completa","address":"CALLE MISERICORDIA Nº 18 Plta/Piso 2 Pta/Letra C, piso 2, puerta C","postal_code":"11500","places":4,"units":2,"registered":"2018-07-23","catastro":"8240501QA4584A0001TK","holder":null,"holder_count":null}},{"type":"Feature","geometry":{"type":"Point","coordinates":[-6.226526,36.595892]},"properties":{"id":"VUT/CA/05653","type":"VUT","group":"Completa","address":"CALLE LA PALMA Nº 1 Plta/Piso BAJO, piso BAJO","postal_code":"11500","places":6,"units":3,"registered":"2018-07-25","catastro":"8237306QA4583G0001LO","holder":"YOZ S.L","holder_count":4}},{"type":"Feature","geometry":{"type":"Point","coordinates":[-6.222932,36.573062]},"properties":{"id":"VUT/CA/05681","type":"VUT","group":"Completa","address":"PASEO MARITIMO VALDELAGRANA, URB BAHIA SHERRY Blq. 3 Plta/Piso 8 Pta/Letra J, piso 8, puerta J","postal_code":"11500","places":6,"units":2,"registered":"2018-07-27","catastro":"8613101QA4581D0486OZ","holder":null,"holder_count":null}},{"type":"Feature","geometry":{"type":"Point","coordinates":[-6.223766,36.575625]},"properties":{"id":"VUT/CA/05690","type":"VUT","group":"Completa","address":"AVENIDA SANTA MARIA DEL MAR, BAHIA BLANCA Blq. 3 Plta/Piso 9 Pta/Letra D, piso 9, puerta D","postal_code":"11500","places":6,"units":2,"registered":"2018-07-30","catastro":"8515907QA4581F0221FO","holder":null,"holder_count":null}},{"type":"Feature","geometry":{"type":"Point","coordinates":[-6.223766,36.575625]},"properties":{"id":"VUT/CA/05696","type":"VUT","group":"Completa","address":"PASEO PASEO MARITIMO Nº 15 Blq. 1 Plta/Piso 6 Pta/Letra J Compl.Dom. URB. BAHIABLANCA, piso 6, puerta J","postal_code":"11500","places":4,"units":2,"registered":"2018-07-30","catastro":"8515907QA4581F0054OR","holder":null,"holder_count":null}},{"type":"Feature","geometry":{"type":"Point","coordinates":[-6.269379,36.604172]},"properties":{"id":"VUT/CA/05706","type":"VUT","group":"Completa","address":"CALLE MAR DEL NORTE Nº 8 Portal 2 Plta/Piso 2 Pta/Letra D, piso 2, puerta D","postal_code":"11500","places":5,"units":2,"registered":"2018-07-31","catastro":"4146504QA4544E0020IT","holder":null,"holder_count":null}},{"type":"Feature","geometry":{"type":"Point","coordinates":[-6.225986,36.597692]},"properties":{"id":"VUT/CA/05710","type":"VUT","group":"Completa","address":"CALLE MISERICORDIA Nº 18 Plta/Piso 2 Pta/Letra D, piso 2, puerta D","postal_code":"11500","places":4,"units":2,"registered":"2018-08-01","catastro":"8240501QA4584A0001TK","holder":null,"holder_count":null}},{"type":"Feature","geometry":{"type":"Point","coordinates":[-6.226526,36.595892]},"properties":{"id":"VUT/CA/05711","type":"VUT","group":"Completa","address":"CALLE LA PALMA Nº 1 Plta/Piso 1ª, piso 1ª","postal_code":"11500","places":4,"units":2,"registered":"2018-08-01","catastro":"8237306QA4583G0001LO","holder":"YOZ S.L","holder_count":4}},{"type":"Feature","geometry":{"type":"Point","coordinates":[-6.222932,36.573062]},"properties":{"id":"VUT/CA/05712","type":"VUT","group":"Completa","address":"URBANIZACION VIGALPE 500- BAHIA SHERRY Portal 4 Plta/Piso 10 Pta/Letra D, piso 10, puerta D","postal_code":"11500","places":6,"units":2,"registered":"2018-08-01","catastro":"8613101QA4581D0508RH","holder":null,"holder_count":null}},{"type":"Feature","geometry":{"type":"Point","coordinates":[-6.226526,36.595892]},"properties":{"id":"VUT/CA/05714","type":"VUT","group":"Completa","address":"CALLE LA PALMA Nº 1 Plta/Piso 2, piso 2","postal_code":"11500","places":6,"units":3,"registered":"2018-08-01","catastro":"8237306QA4583G0001LO","holder":null,"holder_count":null}},{"type":"Feature","geometry":{"type":"Point","coordinates":[-6.273167,36.597603]},"properties":{"id":"VUT/CA/05770","type":"VUT","group":"Completa","address":"CALLE MAR ADRIATICO Nº 112 Pta/Letra OP Compl.Dom. URBANIZACION LAS REDES, puerta OP","postal_code":"11500","places":5,"units":3,"registered":"2018-08-10","catastro":"4239184QA4543G0001KH","holder":null,"holder_count":null}},{"type":"Feature","geometry":{"type":"Point","coordinates":[-6.239968,36.595563]},"properties":{"id":"VUT/CA/05775","type":"VUT","group":"Completa","address":"PLAZA DOCTOR AGUSTIN FERNANDEZ Nº 8 Plta/Piso 1 Pta/Letra C Compl.Dom. GRUPO MALACARA, piso 1, puerta C","postal_code":"11500","places":6,"units":3,"registered":"2018-08-13","catastro":"7037201QA4573E0003ZS","holder":null,"holder_count":null}},{"type":"Feature","geometry":{"type":"Point","coordinates":[-6.225085,36.598052]},"properties":{"id":"VUT/CA/05779","type":"VUT","group":"Completa","address":"CALLE LUNA Nº 9 Plta/Piso 2 Pta/Letra A, piso 2, puerta A","postal_code":"11500","places":4,"units":1,"registered":"2018-08-14","catastro":"8340212QA4584A0006HM","holder":null,"holder_count":null}},{"type":"Feature","geometry":{"type":"Point","coordinates":[-6.225715,36.600067]},"properties":{"id":"VUT/CA/05782","type":"VUT","group":"Completa","address":"CALLE PEDRO MUÑOZ SECA Nº 1 Calif.Nº A Blq. A Plta/Piso 4º Pta/Letra C, piso 4º, puerta C","postal_code":"11500","places":5,"units":2,"registered":"2018-08-16","catastro":"8342304QA4584C0016GW","holder":"CASA PALACIO DE LOS LEONES, S.L.","holder_count":1}},{"type":"Feature","geometry":{"type":"Point","coordinates":[-6.22351,36.574783]},"properties":{"id":"VUT/CA/05792","type":"VUT","group":"Completa","address":"CALLE PASEO MARITIMO, VALPARAISO Nº 25 Esc. 5 Plta/Piso 2 Pta/Letra B, piso 2, puerta B","postal_code":"11500","places":6,"units":2,"registered":"2018-08-20","catastro":"8515902QA4581F0189HP","holder":null,"holder_count":null}},{"type":"Feature","geometry":{"type":"Point","coordinates":[-6.222438,36.571692]},"properties":{"id":"VUT/CA/05794","type":"VUT","group":"Completa","address":"CALLE PASEO MARITIMO, BLEGAMAR PUERTO Nº 33 Blq. 19 Plta/Piso 5 Pta/Letra B, piso 5, puerta B","postal_code":"11500","places":6,"units":2,"registered":"2018-08-20","catastro":"8611710QA4581B0010PT","holder":null,"holder_count":null}},{"type":"Feature","geometry":{"type":"Point","coordinates":[-6.228407,36.597194]},"properties":{"id":"VUT/CA/05835","type":"VUT","group":"Completa","address":"CALLE FEDERICO RUBIO Nº 30 Plta/Piso BAJO Pta/Letra 1, piso BAJO, puerta 1","postal_code":"11500","places":4,"units":2,"registered":"2018-08-28","catastro":"8040902QA4584A0002QL","holder":null,"holder_count":null}},{"type":"Feature","geometry":{"type":"Point","coordinates":[-6.22436,36.58224]},"properties":{"id":"VUT/CA/05842","type":"VUT","group":"Completa","address":"AVENIDA Cádiz Nº 8 Compl.Dom. Valdelagrana","postal_code":"11500","places":10,"units":5,"registered":"2018-08-29","catastro":"8423106QA4582C0001OW","holder":null,"holder_count":null}},{"type":"Feature","geometry":{"type":"Point","coordinates":[-6.275685,36.603235]},"properties":{"id":"VUT/CA/05859","type":"VUT","group":"Completa","address":"CALLE BOLARDO Nº 19 Compl.Dom. URBANIZACION EL ANCLA","postal_code":"11500","places":8,"units":4,"registered":"2018-08-30","catastro":"3745401QA4534F0031AK","holder":null,"holder_count":null}},{"type":"Feature","geometry":{"type":"Point","coordinates":[-6.242202,36.592949]},"properties":{"id":"VUT/CA/05866","type":"VUT","group":"Por habitaciones","address":"CALLE ALBA DE ALHELI Nº 15","postal_code":"11500","places":4,"units":2,"registered":"2018-08-30","catastro":"6835101QA4563F0015IE","holder":null,"holder_count":null}},{"type":"Feature","geometry":{"type":"Point","coordinates":[-6.223085,36.569231]},"properties":{"id":"VUT/CA/05886","type":"VUT","group":"Completa","address":"URBANIZACION PUERTO PRINCIPE (VALDELAGRANA) Blq. 1 Plta/Piso 7 Pta/Letra G, piso 7, puerta G","postal_code":"11500","places":6,"units":2,"registered":"2018-09-03","catastro":"8709201QA4580H0382HP","holder":"MAGAMAR INVERSIONES BIENES INMUEBLES S.L.","holder_count":1}},{"type":"Feature","geometry":{"type":"Point","coordinates":[-6.22351,36.574783]},"properties":{"id":"VUT/CA/05900","type":"VUT","group":"Completa","address":"CALLE PASEO MARITIMO, VALPARAISO Blq. 2 Plta/Piso 10 Pta/Letra C, piso 10, puerta C","postal_code":"11500","places":6,"units":2,"registered":"2018-09-04","catastro":"8515902QA4581F0084IW","holder":"PLAYA VALDELAGRANA SL","holder_count":2}},{"type":"Feature","geometry":{"type":"Point","coordinates":[-6.272737,36.604402]},"properties":{"id":"VUT/CA/05956","type":"VUT","group":"Completa","address":"CALLE ANCORA Nº 11 Portal 15 Plta/Piso 3 Pta/Letra A, piso 3, puerta A","postal_code":"11500","places":4,"units":2,"registered":"2018-09-13","catastro":"4145901QA4544E0187ZA","holder":null,"holder_count":null}},{"type":"Feature","geometry":{"type":"Point","coordinates":[-6.25219,36.59969]},"properties":{"id":"VUT/CA/05963","type":"VUT","group":"Completa","address":"AVENIDA MELGAREJO S/N EDIFICIO VISTAHERMOSA Nº 116","postal_code":"11500","places":3,"units":1,"registered":"2018-09-14","catastro":"6240915QA4564A0190ZY","holder":null,"holder_count":null}},{"type":"Feature","geometry":{"type":"Point","coordinates":[-6.223816,36.605274]},"properties":{"id":"VUT/CA/05992","type":"VUT","group":"Completa","address":"CALLE RACIMO Nº 4 Portal 3 Plta/Piso 4 Pta/Letra B, piso 4, puerta B","postal_code":"11500","places":4,"units":2,"registered":"2018-09-18","catastro":"8449703QA4584G0056IB","holder":null,"holder_count":null}},{"type":"Feature","geometry":{"type":"Point","coordinates":[-6.227772,36.600406]},"properties":{"id":"VUT/CA/06003","type":"VUT","group":"Por habitaciones","address":"CALLE DOCTOR MUÑOZ SECA Nº 20 Plta/Piso BJ Pta/Letra DR, piso BJ, puerta DR","postal_code":"11500","places":5,"units":2,"registered":"2018-09-20","catastro":"8043626QA4584C0004UH","holder":null,"holder_count":null}},{"type":"Feature","geometry":{"type":"Point","coordinates":[-6.227756,36.599816]},"properties":{"id":"VUT/CA/06006","type":"VUT","group":"Completa","address":"CALLE LUNA Nº 54 Plta/Piso 2 Pta/Letra L, piso 2, puerta L","postal_code":"11500","places":4,"units":2,"registered":"2018-09-20","catastro":"8142406QA4584C0013RX","holder":null,"holder_count":null}},{"type":"Feature","geometry":{"type":"Point","coordinates":[-6.223572,36.603295]},"properties":{"id":"VUT/CA/06008","type":"VUT","group":"Completa","address":"CALLE La Rosa Nº 8 Plta/Piso 3 Pta/Letra A, piso 3, puerta A","postal_code":"11500","places":2,"units":1,"registered":"2018-09-21","catastro":"8446202QA4584E0050RL","holder":null,"holder_count":null}},{"type":"Feature","geometry":{"type":"Point","coordinates":[-6.264995,36.588394]},"properties":{"id":"VUT/CA/06041","type":"VUT","group":"Completa","address":"CALLE TRAINERA Nº 20","postal_code":"11500","places":10,"units":5,"registered":"2018-09-26","catastro":"4728603QA4542H0001BI","holder":null,"holder_count":null}},{"type":"Feature","geometry":{"type":"Point","coordinates":[-6.258694,36.582882]},"properties":{"id":"VUT/CA/06050","type":"VUT","group":"Completa","address":"CALLE LAS YUCAS Nº 31 Plta/Piso CHALET, piso CHALET","postal_code":"11500","places":14,"units":7,"registered":"2018-09-27","catastro":"5423708QA4552C0001SD","holder":"ATLANTIC VAL EXPAN S.L.","holder_count":1}},{"type":"Feature","geometry":{"type":"Point","coordinates":[-6.222932,36.573062]},"properties":{"id":"VUT/CA/06061","type":"VUT","group":"Completa","address":"PASEO MARITIMO DE VALDELAGRANA, URB. BAHIA SHERRY Blq. 2 Plta/Piso 10 Pta/Letra H, piso 10, puerta H","postal_code":"11500","places":6,"units":2,"registered":"2018-09-28","catastro":"8613101QA4581D0366GR","holder":null,"holder_count":null}},{"type":"Feature","geometry":{"type":"Point","coordinates":[-6.274873,36.598846]},"properties":{"id":"VUT/CA/06069","type":"VUT","group":"Completa","address":"CALLE MAR ADRIATICO, 59, EDIFICIO HORIZONTE, PLEAMAR, 25","postal_code":"11500","places":4,"units":2,"registered":"2018-09-29","catastro":"4039101QA4543G0025RA","holder":null,"holder_count":null}},{"type":"Feature","geometry":{"type":"Point","coordinates":[-6.222208,36.602616]},"properties":{"id":"VUT/CA/06087","type":"VUT","group":"Completa","address":"CALLE ANGEL URZAIZ Nº 14 Plta/Piso B Pta/Letra 2, piso B, puerta 2","postal_code":"11500","places":6,"units":2,"registered":"2018-10-03","catastro":"8645403QA4584F0003FL","holder":null,"holder_count":null}},{"type":"Feature","geometry":{"type":"Point","coordinates":[-6.224483,36.599185]},"properties":{"id":"VUT/CA/06096","type":"VUT","group":"Completa","address":"PLAZA DE LA CARCEL Nº 4 Plta/Piso BAJO Pta/Letra B, piso BAJO, puerta B","postal_code":"11500","places":6,"units":3,"registered":"2018-10-05","catastro":"8342601QA4584A0008KW","holder":"HOTEL LOS CANTAROS","holder_count":1}},{"type":"Feature","geometry":{"type":"Point","coordinates":[-6.270404,36.591051]},"properties":{"id":"VUT/CA/06107","type":"VUT","group":"Completa","address":"CALLE JAVIER MERELLO Portal 3 Plta/Piso 1 Pta/Letra C Compl.Dom. COMUNIDAD MOCHICLE, EDIFICIO ANSAR, piso 1, puerta C","postal_code":"11500","places":6,"units":3,"registered":"2018-10-09","catastro":"4333521QA4543C0051JG","holder":null,"holder_count":null}},{"type":"Feature","geometry":{"type":"Point","coordinates":[-6.222114,36.603475]},"properties":{"id":"VUT/CA/06119","type":"VUT","group":"Completa","address":"CALLE ESPÍRITU SANTO Nº 18 Plta/Piso BJ, piso BJ","postal_code":"11500","places":6,"units":3,"registered":"2018-10-15","catastro":"8647901QA4584F0001QJ","holder":null,"holder_count":null}},{"type":"Feature","geometry":{"type":"Point","coordinates":[-6.221146,36.590828]},"properties":{"id":"VUT/CA/06121","type":"VUT","group":"Completa","address":"CALLE LAGAR Nº 2 Compl.Dom. URB. LAS VIÑAS","postal_code":"11500","places":5,"units":2,"registered":"2018-10-15","catastro":"8734928QA4583D0001JT","holder":null,"holder_count":null}},{"type":"Feature","geometry":{"type":"Point","coordinates":[-6.229544,36.604188]},"properties":{"id":"VUT/CA/06126","type":"VUT","group":"Completa","address":"AVENIDA SANLUCAR Nº 27 Plta/Piso 2 Pta/Letra G, piso 2, puerta G","postal_code":"11500","places":4,"units":2,"registered":"2018-10-16","catastro":"7947211QA4574F0045IX","holder":null,"holder_count":null}},{"type":"Feature","geometry":{"type":"Point","coordinates":[-6.280814,36.608153]},"properties":{"id":"VUT/CA/06155","type":"VUT","group":"Completa","address":"AVENIDA ALTOS DEL MANANTIAL Nº 37 Compl.Dom. URBANIZACION EL MANANTIAL","postal_code":"11500","places":8,"units":4,"registered":"2018-10-17","catastro":"3350432QA4535A0001MG","holder":null,"holder_count":null}},{"type":"Feature","geometry":{"type":"Point","coordinates":[-6.261946,36.602394]},"properties":{"id":"VUT/CA/06159","type":"VUT","group":"Completa","address":"CALLE CARABO Nº 10 Plta/Piso 3 Pta/Letra k dch, piso 3, puerta k dch","postal_code":"11500","places":8,"units":4,"registered":"2018-10-17","catastro":"5144102QA4554C0026YB","holder":null,"holder_count":null}},{"type":"Feature","geometry":{"type":"Point","coordinates":[-6.223411,36.600814]},"properties":{"id":"VUT/CA/06183","type":"VUT","group":"Completa","address":"CALLE Luja Nº 10 Plta/Piso 2 Pta/Letra A, piso 2, puerta A","postal_code":"11500","places":4,"units":2,"registered":"2018-10-22","catastro":"8544104QA4584D0004GW","holder":null,"holder_count":null}},{"type":"Feature","geometry":{"type":"Point","coordinates":[-6.254041,36.593768]},"properties":{"id":"VUT/CA/06185","type":"VUT","group":"Completa","address":"CALLE ABETO Nº 25 Compl.Dom. URB. VISTAHERMOSA","postal_code":"11500","places":10,"units":5,"registered":"2018-10-22","catastro":"5836901QA4553F0001ZA","holder":null,"holder_count":null}},{"type":"Feature","geometry":{"type":"Point","coordinates":[-6.233001,36.592421]},"properties":{"id":"VUT/CA/06209","type":"VUT","group":"Completa","address":"CALLE Bahia de Santander Nº 8 Pta/Letra A Compl.Dom. URBANIZACION PARQUE BAHIA, puerta A","postal_code":"11500","places":4,"units":2,"registered":"2018-10-24","catastro":"7634216QA4573D0052IF","holder":null,"holder_count":null}},{"type":"Feature","geometry":{"type":"Point","coordinates":[-6.219022,36.569813]},"properties":{"id":"VUT/CA/06211","type":"VUT","group":"Completa","address":"CALLE SAL MARINA Nº 2 Plta/Piso BAJO Pta/Letra B Compl.Dom. URBANIZACION LAS SALINAS II, piso BAJO, puerta B","postal_code":"11500","places":8,"units":3,"registered":"2018-10-24","catastro":"8909901QA4580H0014KM","holder":"Agricosur S.L.","holder_count":1}},{"type":"Feature","geometry":{"type":"Point","coordinates":[-6.275248,36.607685]},"properties":{"id":"VUT/CA/06242","type":"VUT","group":"Completa","address":"CALLE PROA Nº 14","postal_code":"11500","places":5,"units":3,"registered":"2018-10-31","catastro":"3849901QA4534H0005EL","holder":null,"holder_count":null}},{"type":"Feature","geometry":{"type":"Point","coordinates":[-6.256904,36.578401]},"properties":{"id":"VUT/CA/06244","type":"VUT","group":"Completa","address":"PASAJE DEL CABALLO / BOULEVARD DEL FINO Nº 40 Compl.Dom. PUERTO SHERRY","postal_code":"11500","places":8,"units":2,"registered":"2018-11-01","catastro":"5217404QA4551G0045BK","holder":"VIÑA DEL OLMO SL","holder_count":1}},{"type":"Feature","geometry":{"type":"Point","coordinates":[-6.283189,36.610768]},"properties":{"id":"VUT/CA/06259","type":"VUT","group":"Por habitaciones","address":"CALLE Calabaza Nº 18 Compl.Dom. Fuentebravía","postal_code":"11500","places":4,"units":2,"registered":"2018-11-05","catastro":"3054111QA4535C0001SP","holder":null,"holder_count":null}},{"type":"Feature","geometry":{"type":"Point","coordinates":[-6.260294,36.597334]},"properties":{"id":"VUT/CA/06286","type":"VUT","group":"Completa","address":"CALLE MADRE DE DIOS Nº 6 Compl.Dom. URB LAS ARENILLAS, RESIDENCIAL VILLAMAR","postal_code":"11500","places":8,"units":3,"registered":"2018-11-07","catastro":"5139802QA4553G0032RL","holder":null,"holder_count":null}},{"type":"Feature","geometry":{"type":"Point","coordinates":[-6.224421,36.574081]},"properties":{"id":"VUT/CA/06331","type":"VUT","group":"Completa","address":"PASEO MARITIMO DE VALDELAGRANA, BAHIA LUZ Nº 27 Blq. 3 Plta/Piso 5 Pta/Letra C, piso 5, puerta C","postal_code":"11500","places":8,"units":3,"registered":"2018-11-13","catastro":"8515901QA4581F0087WT","holder":null,"holder_count":null}},{"type":"Feature","geometry":{"type":"Point","coordinates":[-6.271606,36.603611]},"properties":{"id":"VUT/CA/06335","type":"VUT","group":"Por habitaciones","address":"CALLE ANCORA Nº 25 Blq. 25 Portal 25 Plta/Piso 2 Pta/Letra B Compl.Dom. URBANIZACION EL ANCLA, piso 2, puerta B","postal_code":"11500","places":6,"units":3,"registered":"2018-11-14","catastro":"4145902QA4544E0006HB","holder":null,"holder_count":null}},{"type":"Feature","geometry":{"type":"Point","coordinates":[-6.272737,36.604402]},"properties":{"id":"VUT/CA/06342","type":"VUT","group":"Por habitaciones","address":"URBANIZACION EL ANCLA Blq. 10 Plta/Piso 1 Pta/Letra C, piso 1, puerta C","postal_code":"11500","places":5,"units":2,"registered":"2018-11-14","catastro":"4145901QA4544E0114GT","holder":null,"holder_count":null}},{"type":"Feature","geometry":{"type":"Point","coordinates":[-6.229242,36.59872]},"properties":{"id":"VUT/CA/06360","type":"VUT","group":"Completa","address":"CALLE PAGADOR Nº 11 Plta/Piso 1 Pta/Letra A, piso 1, puerta A","postal_code":"11500","places":4,"units":2,"registered":"2018-11-19","catastro":"7940510QA4574B0004HE","holder":null,"holder_count":null}},{"type":"Feature","geometry":{"type":"Point","coordinates":[-6.229242,36.59872]},"properties":{"id":"VUT/CA/06362","type":"VUT","group":"Completa","address":"CALLE PAGADOR Nº 11 Plta/Piso 1 Pta/Letra B, piso 1, puerta B","postal_code":"11500","places":4,"units":2,"registered":"2018-11-19","catastro":"7940510QA4574B0005JR","holder":null,"holder_count":null}},{"type":"Feature","geometry":{"type":"Point","coordinates":[-6.229242,36.59872]},"properties":{"id":"VUT/CA/06363","type":"VUT","group":"Completa","address":"CALLE PAGADOR Nº 11 Plta/Piso B Pta/Letra A, piso B, puerta A","postal_code":"11500","places":4,"units":2,"registered":"2018-11-19","catastro":"7940510QA4574B0002FQ","holder":null,"holder_count":null}},{"type":"Feature","geometry":{"type":"Point","coordinates":[-6.229242,36.59872]},"properties":{"id":"VUT/CA/06364","type":"VUT","group":"Completa","address":"CALLE PAGADOR Nº 11 Plta/Piso B Pta/Letra B, piso B, puerta B","postal_code":"11500","places":4,"units":2,"registered":"2018-11-19","catastro":"7940510QA4574B0003GW","holder":null,"holder_count":null}},{"type":"Feature","geometry":{"type":"Point","coordinates":[-6.239712,36.58872]},"properties":{"id":"VUT/CA/06384","type":"VUT","group":"Completa","address":"CALLE VILLA DE ALTEA Nº 20-22","postal_code":"11500","places":6,"units":3,"registered":"2018-11-21","catastro":"7231918QA4573A0001SB","holder":null,"holder_count":null}},{"type":"Feature","geometry":{"type":"Point","coordinates":[-6.278355,36.605947]},"properties":{"id":"VUT/CA/06414","type":"VUT","group":"Completa","address":"CAMINO DE LA BERMEJA Nº 5 Blq. B Plta/Piso BAJO Pta/Letra A, piso BAJO, puerta A","postal_code":"11500","places":4,"units":2,"registered":"2018-11-26","catastro":"3447589QA4534G0009FF","holder":null,"holder_count":null}},{"type":"Feature","geometry":{"type":"Point","coordinates":[-6.278355,36.605947]},"properties":{"id":"VUT/CA/06415","type":"VUT","group":"Completa","address":"CAMINO DE LA BERMEJA Nº 5 Blq. B Plta/Piso 1ª Pta/Letra A, piso 1ª, puerta A","postal_code":"11500","places":4,"units":2,"registered":"2018-11-26","catastro":"3447589QA4534G0011DD","holder":null,"holder_count":null}},{"type":"Feature","geometry":{"type":"Point","coordinates":[-6.2227,36.581156]},"properties":{"id":"VUT/CA/06419","type":"VUT","group":"Completa","address":"AVENIDA DE LA PAZ, GEMINIS Blq. 1 Plta/Piso 4 Pta/Letra A, piso 4, puerta A","postal_code":"11500","places":6,"units":2,"registered":"2018-11-26","catastro":"8521501QA4582B0019MI","holder":null,"holder_count":null}},{"type":"Feature","geometry":{"type":"Point","coordinates":[-6.275917,36.605992]},"properties":{"id":"VUT/CA/06430","type":"VUT","group":"Completa","address":"CALLE PANTOQUE Nº 10 Pta/Letra 3, puerta 3","postal_code":"11500","places":7,"units":3,"registered":"2018-11-28","catastro":"3848303QA4534H0003DJ","holder":null,"holder_count":null}},{"type":"Feature","geometry":{"type":"Point","coordinates":[-6.284186,36.613081]},"properties":{"id":"VUT/CA/06440","type":"VUT","group":"Completa","address":"CARRETERA DE FUENTEBRAVIA Nº 31 Blq. 2 Plta/Piso BAJO Pta/Letra C Compl.Dom. EDIFICIO SOLYMAR 2 (FUENTEBRAVIA), piso BAJO, puerta C","postal_code":"11500","places":5,"units":2,"registered":"2018-11-29","catastro":"3055901QA4535E0022QB","holder":null,"holder_count":null}},{"type":"Feature","geometry":{"type":"Point","coordinates":[-6.22367,36.571645]},"properties":{"id":"VUT/CA/06447","type":"VUT","group":"Completa","address":"PASEO MARITIMO DE VALDELAGRANA Nº 33 Blq. 1 Portal A GALEON Plta/Piso 6 Pta/Letra C Compl.Dom. URBANIZACION BLEGAMAR, piso 6, puerta C","postal_code":"11500","places":4,"units":1,"registered":"2018-11-29","catastro":"8611704QA4581B0011UY","holder":null,"holder_count":null}},{"type":"Feature","geometry":{"type":"Point","coordinates":[-6.24937,36.602052]},"properties":{"id":"VUT/CA/06449","type":"VUT","group":"Completa","address":"CARRETERA de Rota Km 1","postal_code":"11500","places":4,"units":1,"registered":"2018-12-03","catastro":"11027A013000370001GS","holder":null,"holder_count":null}},{"type":"Feature","geometry":{"type":"Point","coordinates":[-6.253082,36.600747]},"properties":{"id":"VUT/CA/06463","type":"VUT","group":"Completa","address":"AVENIDA Eduardo y Felipe Osborne Nº 2 Compl.Dom. Casa 11","postal_code":"11500","places":8,"units":3,"registered":"2018-12-05","catastro":"5743913QA4554D0011XJ","holder":null,"holder_count":null}},{"type":"Feature","geometry":{"type":"Point","coordinates":[-6.286481,36.612754]},"properties":{"id":"VUT/CA/06470","type":"VUT","group":"Completa","address":"AVENIDA PARADOR Nº 7 Plta/Piso 4 Pta/Letra D, piso 4, puerta D","postal_code":"11500","places":5,"units":2,"registered":"2018-12-10","catastro":"2855901QA4525F0062ZU","holder":null,"holder_count":null}},{"type":"Feature","geometry":{"type":"Point","coordinates":[-6.248006,36.598882]},"properties":{"id":"VUT/CA/06476","type":"VUT","group":"Completa","address":"CALLE ORTIGA Nº 9","postal_code":"11500","places":10,"units":4,"registered":"2018-12-10","catastro":"6240964QA4564A0026TY","holder":null,"holder_count":null}},{"type":"Feature","geometry":{"type":"Point","coordinates":[-6.22229,36.600461]},"properties":{"id":"VUT/CA/06482","type":"VUT","group":"Completa","address":"CALLE RIBERA DEL RIO Nº 18 Pta/Letra A, puerta A","postal_code":"11500","places":4,"units":1,"registered":"2018-12-11","catastro":"8544122QA4584D0002YM","holder":"Avantia Smart Goals, S.L.","holder_count":1}},{"type":"Feature","geometry":{"type":"Point","coordinates":[-6.233948,36.595988]},"properties":{"id":"VUT/CA/06500","type":"VUT","group":"Completa","address":"PLAZA MIGUEL DEL PINO Nº 5 Esc. 1 Plta/Piso 3 Pta/Letra C, piso 3, puerta C","postal_code":"11500","places":3,"units":2,"registered":"2018-12-12","catastro":"7538901QA4573H0032AD","holder":null,"holder_count":null}},{"type":"Feature","geometry":{"type":"Point","coordinates":[-6.242203,36.595753]},"properties":{"id":"VUT/CA/06538","type":"VUT","group":"Completa","address":"AVENIDA DE LA LIBERTAD Nº 15 Esc. 01 Plta/Piso 01 Pta/Letra A, piso 01, puerta A","postal_code":"11500","places":12,"units":3,"registered":"2018-12-18","catastro":"6837901QA4563F0075MX","holder":"FERRYS INVERSIONES SL","holder_count":4}},{"type":"Feature","geometry":{"type":"Point","coordinates":[-6.228867,36.600404]},"properties":{"id":"VUT/CA/06546","type":"VUT","group":"Completa","address":"CALLE SAN JUAN Nº 7 Plta/Piso 1 Pta/Letra C, piso 1, puerta C","postal_code":"11500","places":4,"units":1,"registered":"2018-12-20","catastro":"7943913QA4574D0008OW","holder":null,"holder_count":null}},{"type":"Feature","geometry":{"type":"Point","coordinates":[-6.269556,36.597764]},"properties":{"id":"VUT/CA/06560","type":"VUT","group":"Completa","address":"CALLE JAVIER MERELLO Nº 1 Plta/Piso 10 Pta/Letra D, piso 10, puerta D","postal_code":"11500","places":7,"units":3,"registered":"2018-12-27","catastro":"4439927QA4543G0001TH","holder":null,"holder_count":null}},{"type":"Feature","geometry":{"type":"Point","coordinates":[-6.231899,36.60035]},"properties":{"id":"VUT/CA/06562","type":"VUT","group":"Completa","address":"CALLE Francisco Lameyer Nº 3 Plta/Piso 3 Pta/Letra B Compl.Dom. Barriada Durango, piso 3, puerta B","postal_code":"11500","places":6,"units":3,"registered":"2018-12-28","catastro":"7742201QA4574B0105EU","holder":null,"holder_count":null}},{"type":"Feature","geometry":{"type":"Point","coordinates":[-6.25408,36.591454]},"properties":{"id":"VUT/CA/06563","type":"VUT","group":"Completa","address":"CALLE JUAN SEBASTIAN ELCANO Nº 6 Portal D Plta/Piso BAJO Pta/Letra A, piso BAJO, puerta A","postal_code":"11500","places":5,"units":2,"registered":"2018-12-28","catastro":"5832604QA4553B0019ID","holder":null,"holder_count":null}},{"type":"Feature","geometry":{"type":"Point","coordinates":[-6.228088,36.597341]},"properties":{"id":"VUT/CA/06593","type":"VUT","group":"Completa","address":"CALLE PEDRO MUÑOZ SECA Nº 48","postal_code":"11500","places":6,"units":4,"registered":"2019-01-09","catastro":"8040924QA4584A0001YK","holder":null,"holder_count":null}},{"type":"Feature","geometry":{"type":"Point","coordinates":[-6.244813,36.59547]},"properties":{"id":"VUT/CA/06604","type":"VUT","group":"Completa","address":"CALLE Alvar Nuñez Nº 1 Esc. 6 Plta/Piso 5 Pta/Letra c Compl.Dom. Edificio C, piso 5, puerta c","postal_code":"11500","places":6,"units":3,"registered":"2019-01-11","catastro":"6637103QA4563E0152AX","holder":null,"holder_count":null}},{"type":"Feature","geometry":{"type":"Point","coordinates":[-6.234808,36.596536]},"properties":{"id":"VUT/CA/06621","type":"VUT","group":"Completa","address":"CALLE MANUEL DIAZ DOMINGUEZ Nº 2A Plta/Piso 4 Pta/Letra B, piso 4, puerta B","postal_code":"11500","places":5,"units":2,"registered":"2019-01-15","catastro":"7439801QA4573G0013UF","holder":null,"holder_count":null}},{"type":"Feature","geometry":{"type":"Point","coordinates":[-6.224741,36.598395]},"properties":{"id":"VUT/CA/06627","type":"VUT","group":"Completa","address":"CALLE Misericordia Nº 9 Portal A Plta/Piso 2 Pta/Letra E, piso 2, puerta E","postal_code":"11500","places":6,"units":4,"registered":"2019-01-16","catastro":"8341708QA4584A0005IX","holder":null,"holder_count":null}},{"type":"Feature","geometry":{"type":"Point","coordinates":[-6.269499,36.602519]},"properties":{"id":"VUT/CA/06651","type":"VUT","group":"Completa","address":"CALLE MAR DE JAVA Nº 21","postal_code":"11500","places":8,"units":4,"registered":"2019-01-19","catastro":"4344801QA4544D0006TA","holder":null,"holder_count":null}},{"type":"Feature","geometry":{"type":"Point","coordinates":[-6.222223,36.575065]},"properties":{"id":"VUT/CA/06678","type":"VUT","group":"Completa","address":"AVENIDA RIO SAN PEDRO Nº 10 Plta/Piso 5ª Pta/Letra B Compl.Dom. URBANIZACION SANTA Mª DEL MAR FASE II, piso 5ª, puerta B","postal_code":"11500","places":4,"units":1,"registered":"2019-01-23","catastro":"8715101QA4581F0151XR","holder":null,"holder_count":null}},{"type":"Feature","geometry":{"type":"Point","coordinates":[-6.222321,36.582863]},"properties":{"id":"VUT/CA/06685","type":"VUT","group":"Por habitaciones","address":"CALLE VILLALUENGA DEL ROSARIO Nº 4","postal_code":"11500","places":6,"units":4,"registered":"2019-01-24","catastro":"8724111QA4582D0001IA","holder":null,"holder_count":null}},{"type":"Feature","geometry":{"type":"Point","coordinates":[-6.222454,36.571173]},"properties":{"id":"VUT/CA/06710","type":"VUT","group":"Completa","address":"CALLE DE LA LUZ Plta/Piso 4 Pta/Letra B Compl.Dom. PASEO MARITIMO,COMPLEJO BLEGAMAR,EDIFICIO BALANDRO, piso 4, puerta B","postal_code":"11500","places":5,"units":2,"registered":"2019-01-28","catastro":"8611701QA4581B0630AF","holder":null,"holder_count":null}},{"type":"Feature","geometry":{"type":"Point","coordinates":[-6.26275,36.606853]},"properties":{"id":"VUT/CA/06716","type":"VUT","group":"Completa","address":"CALLE ENCARNACION Nº 4","postal_code":"11500","places":6,"units":3,"registered":"2019-01-28","catastro":"4949508QA4544H0001TL","holder":null,"holder_count":null}},{"type":"Feature","geometry":{"type":"Point","coordinates":[-6.22348,36.599242]},"properties":{"id":"VUT/CA/06724","type":"VUT","group":"Completa","address":"CALLE Ribera del rio Nº 11 Plta/Piso 1 Pta/Letra A, piso 1, puerta A","postal_code":"11500","places":8,"units":4,"registered":"2019-01-29","catastro":"8441505QA4584A0001UK","holder":null,"holder_count":null}},{"type":"Feature","geometry":{"type":"Point","coordinates":[-6.271606,36.603611]},"properties":{"id":"VUT/CA/06738","type":"VUT","group":"Completa","address":"CALLE ANCORA Nº 26 Blq. 27 Plta/Piso 3 Pta/Letra B Compl.Dom. URBANIZACION EL ANCLA, piso 3, puerta B","postal_code":"11500","places":4,"units":2,"registered":"2019-01-31","catastro":"4145902QA4544E0047XE","holder":null,"holder_count":null}},{"type":"Feature","geometry":{"type":"Point","coordinates":[-6.274873,36.598846]},"properties":{"id":"VUT/CA/06750","type":"VUT","group":"Completa","address":"BLOQUE MAR ADRIATICO Nº 59 Esc. 1 Plta/Piso 2 Pta/Letra 25 Compl.Dom. EDIFICIO HORIZONTE, PLEAMAR, 25, piso 2, puerta 25","postal_code":"11500","places":4,"units":2,"registered":"2019-02-04","catastro":"4039101QA4543G0025RA","holder":null,"holder_count":null}},{"type":"Feature","geometry":{"type":"Point","coordinates":[-6.229596,36.597907]},"properties":{"id":"VUT/CA/06760","type":"VUT","group":"Completa","address":"CALLE FEDERICO RUBIO Nº 50","postal_code":"11500","places":10,"units":3,"registered":"2019-02-04","catastro":"7940504QA4574B0001OM","holder":null,"holder_count":null}},{"type":"Feature","geometry":{"type":"Point","coordinates":[-6.224366,36.602055]},"properties":{"id":"VUT/CA/06776","type":"VUT","group":"Completa","address":"CALLE DIEGO NIÑO Nº 14","postal_code":"11500","places":6,"units":3,"registered":"2019-02-05","catastro":"8344918QA4584C0086DT","holder":null,"holder_count":null}},{"type":"Feature","geometry":{"type":"Point","coordinates":[-6.272737,36.604402]},"properties":{"id":"VUT/CA/06779","type":"VUT","group":"Completa","address":"CALLE ANCORA Portal 18 Plta/Piso 2 Pta/Letra B, piso 2, puerta B","postal_code":"11500","places":6,"units":2,"registered":"2019-02-05","catastro":"4145901QA4544E0223QF","holder":null,"holder_count":null}},{"type":"Feature","geometry":{"type":"Point","coordinates":[-6.220973,36.570676]},"properties":{"id":"VUT/CA/06822","type":"VUT","group":"Completa","address":"URBANIZACION VALDELAGRANA Nº 3 Plta/Piso 2 Pta/Letra c Compl.Dom. EDIFICIO RESIDENCIAL LAS OLAS, piso 2, puerta c","postal_code":"11500","places":4,"units":2,"registered":"2019-02-11","catastro":"8810301QA4581B0076DU","holder":null,"holder_count":null}},{"type":"Feature","geometry":{"type":"Point","coordinates":[-6.245197,36.59452]},"properties":{"id":"VUT/CA/06832","type":"VUT","group":"Completa","address":"CALLE ANTILLAS Nº 2 Portal 1 Plta/Piso 1 Pta/Letra C, piso 1, puerta C","postal_code":"11500","places":7,"units":4,"registered":"2019-02-11","catastro":"6535401QA4563F0035SJ","holder":null,"holder_count":null}},{"type":"Feature","geometry":{"type":"Point","coordinates":[-6.226266,36.595218]},"properties":{"id":"VUT/CA/06841","type":"VUT","group":"Completa","address":"CALLE MICAELA ARAMBURU Nº 21D Plta/Piso 2 Pta/Letra D, piso 2, puerta D","postal_code":"11500","places":7,"units":4,"registered":"2019-02-12","catastro":"8237903QA4583E0006ZL","holder":"FERRYS INVERSIONES SL","holder_count":4}},{"type":"Feature","geometry":{"type":"Point","coordinates":[-6.264055,36.591447]},"properties":{"id":"VUT/CA/06848","type":"VUT","group":"Por habitaciones","address":"CALLE OLMO Nº 20","postal_code":"11500","places":2,"units":1,"registered":"2019-02-12","catastro":"4832409QA4543D0001JS","holder":null,"holder_count":null}},{"type":"Feature","geometry":{"type":"Point","coordinates":[-6.228746,36.603648]},"properties":{"id":"VUT/CA/06883","type":"VUT","group":"Completa","address":"CALLE Espelete Nº 29","postal_code":"11500","places":15,"units":8,"registered":"2019-02-15","catastro":"8046225QA4584E0001JI","holder":"DCP GRUPO FAMILIAR SL","holder_count":1}},{"type":"Feature","geometry":{"type":"Point","coordinates":[-6.222228,36.601538]},"properties":{"id":"VUT/CA/06888","type":"VUT","group":"Completa","address":"CALLE Caldevilla Nº 11 Plta/Piso Bajo Pta/Letra C, piso Bajo, puerta C","postal_code":"11500","places":6,"units":3,"registered":"2019-02-18","catastro":"8644110QA4584D0008GY","holder":null,"holder_count":null}},{"type":"Feature","geometry":{"type":"Point","coordinates":[-6.224741,36.598395]},"properties":{"id":"VUT/CA/06919","type":"VUT","group":"Completa","address":"CALLE Jesús de los milagros Nº 8 Plta/Piso 1 Pta/Letra G, piso 1, puerta G","postal_code":"11500","places":6,"units":2,"registered":"2019-02-21","catastro":"8341708QA4584A0023BA","holder":null,"holder_count":null}},{"type":"Feature","geometry":{"type":"Point","coordinates":[-6.224464,36.577606]},"properties":{"id":"VUT/CA/06937","type":"VUT","group":"Completa","address":"CALLE DE LAS OLAS Nº 1 Blq. 3 Esc. 1 Plta/Piso 4 Pta/Letra C Compl.Dom. URBANIZACION VALDEMAR, piso 4, puerta C","postal_code":"11500","places":4,"units":2,"registered":"2019-02-25","catastro":"8418701QA4518G0601LG","holder":null,"holder_count":null}},{"type":"Feature","geometry":{"type":"Point","coordinates":[-6.233422,36.595784]},"properties":{"id":"VUT/CA/06944","type":"VUT","group":"Completa","address":"CALLE ALBERO Nº 2 Esc. BAJO Pta/Letra 7, puerta 7","postal_code":"11500","places":2,"units":1,"registered":"2019-02-27","catastro":"7637921QA4573F0007HW","holder":null,"holder_count":null}},{"type":"Feature","geometry":{"type":"Point","coordinates":[-6.286481,36.612754]},"properties":{"id":"VUT/CA/06963","type":"VUT","group":"Completa","address":"AVENIDA Del Parador Nº 7 Plta/Piso 3 Pta/Letra E Compl.Dom. EDIFICIO PUERTOSOL, piso 3, puerta E","postal_code":"11500","places":6,"units":2,"registered":"2019-03-06","catastro":"2855901QA4525F0056KR","holder":null,"holder_count":null}},{"type":"Feature","geometry":{"type":"Point","coordinates":[-6.235984,36.592176]},"properties":{"id":"VUT/CA/06978","type":"VUT","group":"Por habitaciones","address":"CALLE SAN FRANCISCO JAVIER Portal 5 Plta/Piso 3 Pta/Letra A, piso 3, puerta A","postal_code":"11500","places":3,"units":2,"registered":"2019-03-08","catastro":"7434101QA4573C0006LB","holder":null,"holder_count":null}},{"type":"Feature","geometry":{"type":"Point","coordinates":[-6.222454,36.571173]},"properties":{"id":"VUT/CA/07021","type":"VUT","group":"Completa","address":"PASEO MARITIMO Nº 33 Blq. 26 Plta/Piso 5 Pta/Letra B Compl.Dom. EDIFICIO LA NIÑA, piso 5, puerta B","postal_code":"11500","places":2,"units":1,"registered":"2019-03-18","catastro":"8611728QA4581B0013PI","holder":null,"holder_count":null}},{"type":"Feature","geometry":{"type":"Point","coordinates":[-6.228086,36.599273]},"properties":{"id":"VUT/CA/07037","type":"VUT","group":"Completa","address":"CALLE PALACIOS Nº 60 Esc. 1 Plta/Piso 01 Pta/Letra B, piso 01, puerta B","postal_code":"11500","places":4,"units":1,"registered":"2019-03-20","catastro":"8042605QA4584A0004TZ","holder":null,"holder_count":null}},{"type":"Feature","geometry":{"type":"Point","coordinates":[-6.221528,36.57845]},"properties":{"id":"VUT/CA/07038","type":"VUT","group":"Completa","address":"CALLE BARRÓN Nº 8 Compl.Dom. RESIDENCIAL LA SALINERA","postal_code":"11500","places":10,"units":5,"registered":"2019-03-21","catastro":"8619115QA4581H0001LU","holder":null,"holder_count":null}},{"type":"Feature","geometry":{"type":"Point","coordinates":[-6.258241,36.578789]},"properties":{"id":"VUT/CA/07055","type":"VUT","group":"Completa","address":"CALLE Bulevar del Oloroso Nº 55 Esc. 3 Plta/Piso 1 Pta/Letra 1 Compl.Dom. Puerto Sherry, piso 1, puerta 1","postal_code":"11500","places":6,"units":3,"registered":"2019-03-27","catastro":"5217413QA4551G0029KI","holder":null,"holder_count":null}},{"type":"Feature","geometry":{"type":"Point","coordinates":[-6.260716,36.580627]},"properties":{"id":"VUT/CA/07066","type":"VUT","group":"Completa","address":"AVENIDA DE LA MURALLA Nº 94 Esc. 01 Pta/Letra 07, puerta 07","postal_code":"11500","places":4,"units":1,"registered":"2019-03-29","catastro":"5217401QA4551G0052BX","holder":null,"holder_count":null}},{"type":"Feature","geometry":{"type":"Point","coordinates":[-6.226578,36.629401]},"properties":{"id":"VUT/CA/07095","type":"VUT","group":"Por habitaciones","address":"CALLE PONIENTE Nº 11","postal_code":"11500","places":6,"units":3,"registered":"2019-04-05","catastro":"11027A022000450023IW","holder":null,"holder_count":null}},{"type":"Feature","geometry":{"type":"Point","coordinates":[-6.239576,36.596432]},"properties":{"id":"VUT/CA/07120","type":"VUT","group":"Completa","address":"CALLE Doctor Marañon Nº 8 Esc. B Plta/Piso 3 Pta/Letra 3, piso 3, puerta 3","postal_code":"11500","places":5,"units":3,"registered":"2019-04-11","catastro":"7039101QA4573G0021HL","holder":null,"holder_count":null}},{"type":"Feature","geometry":{"type":"Point","coordinates":[-6.22351,36.574783]},"properties":{"id":"VUT/CA/07136","type":"VUT","group":"Completa","address":"CALLE Paseo Maritimo de Valdelagrana Nº 25 Compl.Dom. bloque 6, 1º B","postal_code":"11500","places":7,"units":2,"registered":"2019-04-16","catastro":"8515902QA4581F0233QK","holder":null,"holder_count":null}},{"type":"Feature","geometry":{"type":"Point","coordinates":[-6.272737,36.604402]},"properties":{"id":"VUT/CA/07143","type":"VUT","group":"Completa","address":"CALLE ANCORA Nº 13 Plta/Piso 1 Pta/Letra C, piso 1, puerta C","postal_code":"11500","places":4,"units":2,"registered":"2019-04-16","catastro":"4145901QA4544E0140OX","holder":null,"holder_count":null}},{"type":"Feature","geometry":{"type":"Point","coordinates":[-6.282357,36.609067]},"properties":{"id":"VUT/CA/07146","type":"VUT","group":"Completa","address":"CALLE BALANDRO Nº 13 Compl.Dom. EL MANANTIAL","postal_code":"11500","places":12,"units":4,"registered":"2019-04-17","catastro":"3150916QA4535A0001GG","holder":null,"holder_count":null}},{"type":"Feature","geometry":{"type":"Point","coordinates":[-6.224464,36.577606]},"properties":{"id":"VUT/CA/07149","type":"VUT","group":"Completa","address":"AVENIDA DE LA PAZ Nº 71 Blq. 4 Esc. 1 Plta/Piso 1 Pta/Letra B, piso 1, puerta B","postal_code":"11500","places":9,"units":3,"registered":"2019-04-17","catastro":"8418701QA4518G0138OT","holder":null,"holder_count":null}},{"type":"Feature","geometry":{"type":"Point","coordinates":[-6.267385,36.602883]},"properties":{"id":"VUT/CA/07178","type":"VUT","group":"Completa","address":"CALLE MAR DE FILIPINAS Nº 15","postal_code":"11500","places":12,"units":5,"registered":"2019-04-22","catastro":"4545801QA4544D0005HP","holder":"BALBAHIA CADIZ, S.L.","holder_count":1}},{"type":"Feature","geometry":{"type":"Point","coordinates":[-6.230341,36.592258]},"properties":{"id":"VUT/CA/07230","type":"VUT","group":"Completa","address":"AVENIDA DE LA CONSTITUCION Nº 1 Plta/Piso 3 Pta/Letra A, piso 3, puerta A","postal_code":"11500","places":6,"units":4,"registered":"2019-04-22","catastro":"7833902QA4573D0014TA","holder":null,"holder_count":null}},{"type":"Feature","geometry":{"type":"Point","coordinates":[-6.226866,36.600799]},"properties":{"id":"VUT/CA/07269","type":"VUT","group":"Completa","address":"CALLE DOCTOR MUÑOZ SECA Nº 2 Plta/Piso 2 Pta/Letra F, piso 2, puerta F","postal_code":"11500","places":4,"units":2,"registered":"2019-04-23","catastro":"8043631QA4584C0015PQ","holder":null,"holder_count":null}},{"type":"Feature","geometry":{"type":"Point","coordinates":[-6.226658,36.595129]},"properties":{"id":"VUT/CA/07271","type":"VUT","group":"Completa","address":"AVENIDA Bajamar Portal 18 Esc. 1 Plta/Piso 3 Pta/Letra a, piso 3, puerta a","postal_code":"11500","places":15,"units":4,"registered":"2019-04-23","catastro":"8237902QA4583E0038SL","holder":null,"holder_count":null}},{"type":"Feature","geometry":{"type":"Point","coordinates":[-6.220283,36.607545]},"properties":{"id":"VUT/CA/07285","type":"VUT","group":"Completa","address":"AVENIDA DIPUTACIÓN Nº 2 Plta/Piso 2 Pta/Letra A, piso 2, puerta A","postal_code":"11500","places":4,"units":1,"registered":"2019-04-23","catastro":"8851508QA4585B0012XY","holder":null,"holder_count":null}},{"type":"Feature","geometry":{"type":"Point","coordinates":[-6.222415,36.575555]},"properties":{"id":"VUT/CA/07296","type":"VUT","group":"Completa","address":"AVENIDA SANTA MARIA DEL MAR Nº 9 Blq. 1 Portal B Plta/Piso 2 Pta/Letra A, piso 2, puerta A","postal_code":"11500","places":7,"units":3,"registered":"2019-04-23","catastro":"8616601QA4581F0031GP","holder":null,"holder_count":null}},{"type":"Feature","geometry":{"type":"Point","coordinates":[-6.28157,36.607745]},"properties":{"id":"VUT/CA/07324","type":"VUT","group":"Completa","address":"CALLE LOS ARCOS Nº 2","postal_code":"11500","places":4,"units":2,"registered":"2019-04-23","catastro":"3447533QA4534G0001TY","holder":null,"holder_count":null}},{"type":"Feature","geometry":{"type":"Point","coordinates":[-6.22885,36.598084]},"properties":{"id":"VUT/CA/07335","type":"VUT","group":"Completa","address":"CALLE SAN BARTOLOME Nº 24 Plta/Piso 2 Pta/Letra A, piso 2, puerta A","postal_code":"11500","places":4,"units":2,"registered":"2019-04-23","catastro":"7940514QA4574B0013SO","holder":null,"holder_count":null}},{"type":"Feature","geometry":{"type":"Point","coordinates":[-6.220283,36.607545]},"properties":{"id":"VUT/CA/07381","type":"VUT","group":"Completa","address":"AVENIDA DIPUTACIÓN Nº 2 Plta/Piso ÁTICO Pta/Letra B, piso ÁTICO, puerta B","postal_code":"11500","places":4,"units":1,"registered":"2019-04-23","catastro":"8851508QA4585B0031SL","holder":null,"holder_count":null}},{"type":"Feature","geometry":{"type":"Point","coordinates":[-6.253642,36.600478]},"properties":{"id":"VUT/CA/07386","type":"VUT","group":"Completa","address":"CALLE Amparo Osborne Vazquez Nº 4 Plta/Piso 10 Compl.Dom. Casa 10, piso 10","postal_code":"11500","places":6,"units":3,"registered":"2019-04-23","catastro":"5743912QA4554D0010SH","holder":null,"holder_count":null}},{"type":"Feature","geometry":{"type":"Point","coordinates":[-6.285692,36.611234]},"properties":{"id":"VUT/CA/07391","type":"VUT","group":"Completa","address":"CALLE CALLE Portal 13 Plta/Piso 1 Pta/Letra 5, piso 1, puerta 5","postal_code":"11500","places":8,"units":3,"registered":"2019-04-23","catastro":"2853501QA4525D0030KS","holder":null,"holder_count":null}},{"type":"Feature","geometry":{"type":"Point","coordinates":[-6.207806,36.623502]},"properties":{"id":"VUT/CA/07403","type":"VUT","group":"Por habitaciones","address":"CALLE CASTILLO DE SAN MARCOS Nº 10","postal_code":"11500","places":4,"units":1,"registered":"2019-04-23","catastro":"9768708QA4596H0001ZR","holder":null,"holder_count":null}},{"type":"Feature","geometry":{"type":"Point","coordinates":[-6.216109,36.579608]},"properties":{"id":"VUT/CA/07409","type":"VUT","group":"Completa","address":"CALLE JEREZ Nº 13 Compl.Dom. ADOSADO","postal_code":"11500","places":8,"units":4,"registered":"2019-04-23","catastro":"9219912QA4591G0001MW","holder":null,"holder_count":null}},{"type":"Feature","geometry":{"type":"Point","coordinates":[-6.22826,36.599827]},"properties":{"id":"VUT/CA/07416","type":"VUT","group":"Completa","address":"CALLE DOCTOR MUÑOZ SECA Nº 19 Plta/Piso 2 Pta/Letra C, piso 2, puerta C","postal_code":"11500","places":6,"units":2,"registered":"2019-04-23","catastro":"8042612QA4584A0008XW","holder":null,"holder_count":null}},{"type":"Feature","geometry":{"type":"Point","coordinates":[-6.281844,36.607093]},"properties":{"id":"VUT/CA/07418","type":"VUT","group":"Completa","address":"AVENIDA DE LOS MASTILES Nº 36 Compl.Dom. URBANIZACION NUESTRA SEÑORA DE MAR","postal_code":"11500","places":10,"units":5,"registered":"2019-04-23","catastro":"3447577QA4534G0001JY","holder":null,"holder_count":null}},{"type":"Feature","geometry":{"type":"Point","coordinates":[-6.255548,36.586851]},"properties":{"id":"VUT/CA/07438","type":"VUT","group":"Completa","address":"CALLE Ame¿rigo Vespucci Nº 2 Portal 4 Plta/Piso Bajo Compl.Dom. Portal CRETA 4. Bajo B, piso Bajo","postal_code":"11500","places":10,"units":4,"registered":"2019-04-23","catastro":"5728016QA4552H0195ID","holder":"Mayorazgo Inversiones Inmobiliaria SL","holder_count":1}},{"type":"Feature","geometry":{"type":"Point","coordinates":[-6.274967,36.603761]},"properties":{"id":"VUT/CA/07475","type":"VUT","group":"Completa","address":"CALLE Traves Nº 17 Compl.Dom. Casa 13","postal_code":"11500","places":6,"units":3,"registered":"2019-04-24","catastro":"3846202QA4534F0096PL","holder":null,"holder_count":null}},{"type":"Feature","geometry":{"type":"Point","coordinates":[-6.272677,36.604617]},"properties":{"id":"VUT/CA/07477","type":"VUT","group":"Completa","address":"CALLE ÁNCORA Nº 8 Portal 2 Plta/Piso BAJO Pta/Letra C, piso BAJO, puerta C","postal_code":"11500","places":3,"units":1,"registered":"2019-04-24","catastro":"4146502QA4544E0280GU","holder":null,"holder_count":null}},{"type":"Feature","geometry":{"type":"Point","coordinates":[-6.281829,36.608078]},"properties":{"id":"VUT/CA/07478","type":"VUT","group":"Completa","address":"CALLE SOTAVENTO Nº 13","postal_code":"11500","places":6,"units":3,"registered":"2019-04-24","catastro":"3150902QA4535A0013JQ","holder":"AUTO OIL, SL","holder_count":1}},{"type":"Feature","geometry":{"type":"Point","coordinates":[-6.220418,36.604675]},"properties":{"id":"VUT/CA/07481","type":"VUT","group":"Completa","address":"CALLE VIRGEN DE LOS MILAGROS Nº 1 Blq. 3 Plta/Piso BAJO Pta/Letra 4 Compl.Dom. COMPLEJO RESIDENCIAL SAGRADA FAMILIA, piso BAJO, puerta 4","postal_code":"11500","places":5,"units":2,"registered":"2019-04-24","catastro":"8747112QA4584F0109ZT","holder":null,"holder_count":null}},{"type":"Feature","geometry":{"type":"Point","coordinates":[-6.260124,36.599237]},"properties":{"id":"VUT/CA/07484","type":"VUT","group":"Completa","address":"CALLE SOR MARIA AGUILAR Nº 2 Calif.Nº 65","postal_code":"11500","places":8,"units":4,"registered":"2019-04-24","catastro":"5240201QA4554A0065MY","holder":null,"holder_count":null}},{"type":"Feature","geometry":{"type":"Point","coordinates":[-6.239576,36.596432]},"properties":{"id":"VUT/CA/07496","type":"VUT","group":"Completa","address":"AVENIDA Los Toreros Nº 44 Portal H Plta/Piso 0 Pta/Letra 1, piso 0, puerta 1","postal_code":"11500","places":4,"units":1,"registered":"2019-04-26","catastro":"7039101QA4573G0085HL","holder":null,"holder_count":null}},{"type":"Feature","geometry":{"type":"Point","coordinates":[-6.225759,36.598796]},"properties":{"id":"VUT/CA/07506","type":"VUT","group":"Completa","address":"CALLE VIRGEN DE LOS MILAGROS Nº 97 Pta/Letra 4, puerta 4","postal_code":"11500","places":6,"units":2,"registered":"2019-04-26","catastro":"8341905QA4584A0005SX","holder":null,"holder_count":null}},{"type":"Feature","geometry":{"type":"Point","coordinates":[-6.286736,36.613514]},"properties":{"id":"VUT/CA/07513","type":"VUT","group":"Completa","address":"CALLE De la Naranja Nº 51","postal_code":"11500","places":10,"units":3,"registered":"2019-04-29","catastro":"2756802QA4525F0005MF","holder":"SERVIGES CALIDAD S.L.","holder_count":1}},{"type":"Feature","geometry":{"type":"Point","coordinates":[-6.22351,36.574783]},"properties":{"id":"VUT/CA/07524","type":"VUT","group":"Completa","address":"CALLE PASEO MARITIMO, VALPARAISO Nº 23 Blq. 6 Plta/Piso 3 Pta/Letra D, piso 3, puerta D","postal_code":"11500","places":4,"units":1,"registered":"2019-04-30","catastro":"8515902QA4581F0243IW","holder":null,"holder_count":null}},{"type":"Feature","geometry":{"type":"Point","coordinates":[-6.266683,36.588991]},"properties":{"id":"VUT/CA/07538","type":"VUT","group":"Completa","address":"CALLE ANTARES Nº 20 Compl.Dom. URB/ VISTAHERMOSA","postal_code":"11500","places":10,"units":5,"registered":"2019-05-02","catastro":"4630720QA4543B0001AJ","holder":null,"holder_count":null}},{"type":"Feature","geometry":{"type":"Point","coordinates":[-6.223766,36.575625]},"properties":{"id":"VUT/CA/07540","type":"VUT","group":"Completa","address":"PASEO MARITIMO DE VALDELAGRANA Nº 15 Blq. 5 Plta/Piso 7 Pta/Letra E, piso 7, puerta E","postal_code":"11500","places":4,"units":2,"registered":"2019-05-02","catastro":"8515907QA4581F0350FO","holder":null,"holder_count":null}},{"type":"Feature","geometry":{"type":"Point","coordinates":[-6.228867,36.600404]},"properties":{"id":"VUT/CA/07542","type":"VUT","group":"Completa","address":"CALLE SAN JUAN Nº 7 Plta/Piso 1 Pta/Letra D, piso 1, puerta D","postal_code":"11500","places":4,"units":1,"registered":"2019-05-02","catastro":"7943913QA4574D0009PE","holder":null,"holder_count":null}},{"type":"Feature","geometry":{"type":"Point","coordinates":[-6.226181,36.600967]},"properties":{"id":"VUT/CA/07559","type":"VUT","group":"Completa","address":"CALLE CIELOS Nº 91 Plta/Piso 2 Pta/Letra 1, piso 2, puerta 1","postal_code":"11500","places":4,"units":2,"registered":"2019-05-05","catastro":"8243409qa4584c0009rz","holder":null,"holder_count":null}},{"type":"Feature","geometry":{"type":"Point","coordinates":[-6.285626,36.609906]},"properties":{"id":"VUT/CA/07562","type":"VUT","group":"Completa","address":"CALLE DE LA MORA Nº 1 Plta/Piso BAJA Pta/Letra 2 Compl.Dom. EDIFICIO LINDAMAR, PLAYA DE FUENTEBRAVÍA, piso BAJA, puerta 2","postal_code":"11500","places":7,"units":3,"registered":"2019-05-06","catastro":"3153840QA4535C0002QA","holder":null,"holder_count":null}},{"type":"Feature","geometry":{"type":"Point","coordinates":[-6.218807,36.582435]},"properties":{"id":"VUT/CA/07581","type":"VUT","group":"Completa","address":"CALLE JAÉN Nº 6","postal_code":"11500","places":15,"units":6,"registered":"2019-05-07","catastro":"8923209QA4582D0001MA","holder":null,"holder_count":null}},{"type":"Feature","geometry":{"type":"Point","coordinates":[-6.226309,36.601023]},"properties":{"id":"VUT/CA/07594","type":"VUT","group":"Completa","address":"CALLE CIELO Nº 102 Esc. 1 Plta/Piso 02 Pta/Letra E, piso 02, puerta E","postal_code":"11500","places":4,"units":1,"registered":"2019-05-08","catastro":"8244230QA4584C0012JZ","holder":null,"holder_count":null}},{"type":"Feature","geometry":{"type":"Point","coordinates":[-6.238798,36.594523]},"properties":{"id":"VUT/CA/07604","type":"VUT","group":"Completa","address":"CALLE Tomas Cologan Osborne Nº 1 Plta/Piso Bajo Pta/Letra C, piso Bajo, puerta C","postal_code":"11500","places":5,"units":3,"registered":"2019-05-08","catastro":"7136902QA4573E0015IZ","holder":null,"holder_count":null}},{"type":"Feature","geometry":{"type":"Point","coordinates":[-6.226187,36.597085]},"properties":{"id":"VUT/CA/07617","type":"VUT","group":"Completa","address":"CALLE ALQUILADORES Nº 5 Plta/Piso BAJO Pta/Letra B, piso BAJO, puerta B","postal_code":"11500","places":4,"units":2,"registered":"2019-05-10","catastro":"8239404QA4583G0002HP","holder":null,"holder_count":null}},{"type":"Feature","geometry":{"type":"Point","coordinates":[-6.226187,36.597085]},"properties":{"id":"VUT/CA/07618","type":"VUT","group":"Completa","address":"CALLE ALQUILADORES Nº 5 Plta/Piso 1 Pta/Letra A, piso 1, puerta A","postal_code":"11500","places":4,"units":1,"registered":"2019-05-10","catastro":"8239404QA4583G0006BF","holder":"VENTURES IGA REAL ESTATE SL","holder_count":1}},{"type":"Feature","geometry":{"type":"Point","coordinates":[-6.16461,36.617636]},"properties":{"id":"VUT/CA/07637","type":"VUT","group":"Completa","address":"CALLE Sidueñas Nº 5","postal_code":"11500","places":6,"units":3,"registered":"2019-05-13","catastro":"3764701QA5536D0021SH","holder":null,"holder_count":null}},{"type":"Feature","geometry":{"type":"Point","coordinates":[-6.272154,36.599474]},"properties":{"id":"VUT/CA/07679","type":"VUT","group":"Completa","address":"CALLE MAR DE BANDA Nº 20 Calif.Nº 1 Pta/Letra 11 Compl.Dom. URBANIZACIÓN LAS REDES, puerta 11","postal_code":"11500","places":14,"units":4,"registered":"2019-05-16","catastro":"4140401QA4544A0011PO","holder":null,"holder_count":null}},{"type":"Feature","geometry":{"type":"Point","coordinates":[-6.256904,36.578401]},"properties":{"id":"VUT/CA/07682","type":"VUT","group":"Completa","address":"PLAZA AGUSTIN BLAZQUEZ Nº 38 Esc. 4 Plta/Piso 00 Pta/Letra 07 Compl.Dom. URBANA 109 - PUEBLO MARINERO PUERTO SHERRY, piso 00, puerta 07","postal_code":"11500","places":4,"units":1,"registered":"2019-05-16","catastro":"5217404QA4551G0040GD","holder":null,"holder_count":null}},{"type":"Feature","geometry":{"type":"Point","coordinates":[-6.229856,36.598919]},"properties":{"id":"VUT/CA/07694","type":"VUT","group":"Completa","address":"CALLE SANTA LUCÍA Nº 14-16 Plta/Piso 1º Pta/Letra D, piso 1º, puerta D","postal_code":"11500","places":8,"units":4,"registered":"2019-05-18","catastro":"7841515QA4574B0009PI","holder":null,"holder_count":null}},{"type":"Feature","geometry":{"type":"Point","coordinates":[-6.229544,36.604188]},"properties":{"id":"VUT/CA/07705","type":"VUT","group":"Por habitaciones","address":"AVENIDA SANLUCAR Nº 27 Plta/Piso 4 Pta/Letra A, piso 4, puerta A","postal_code":"11500","places":6,"units":2,"registered":"2019-05-20","catastro":"7947211QA4574F0052SE","holder":null,"holder_count":null}},{"type":"Feature","geometry":{"type":"Point","coordinates":[-6.222878,36.601261]},"properties":{"id":"VUT/CA/07715","type":"VUT","group":"Completa","address":"CALLE CHANCA Nº 10","postal_code":"11500","places":5,"units":3,"registered":"2019-05-21","catastro":"8544401QA4584D0001BX","holder":null,"holder_count":null}},{"type":"Feature","geometry":{"type":"Point","coordinates":[-6.250644,36.588134]},"properties":{"id":"VUT/CA/07721","type":"VUT","group":"Completa","address":"CALLE TOPACIO Nº 16","postal_code":"11500","places":8,"units":4,"registered":"2019-05-22","catastro":"6326926QA4562E0001ES","holder":null,"holder_count":null}},{"type":"Feature","geometry":{"type":"Point","coordinates":[-6.260589,36.601993]},"properties":{"id":"VUT/CA/07747","type":"VUT","group":"Completa","address":"CALLE BUHO REAL Nº 10","postal_code":"11500","places":8,"units":4,"registered":"2019-05-23","catastro":"5144401QA4554C0036HR","holder":null,"holder_count":null}},{"type":"Feature","geometry":{"type":"Point","coordinates":[-6.216763,36.608188]},"properties":{"id":"VUT/CA/07752","type":"VUT","group":"Completa","address":"PLAZA HISPANIDAD N4 Nº 4 Blq. 4 Portal 4 Esc. 3 Plta/Piso 3 Pta/Letra C, piso 3, puerta C","postal_code":"11500","places":6,"units":3,"registered":"2019-05-24","catastro":"9052803QA4595A0011QM","holder":null,"holder_count":null}},{"type":"Feature","geometry":{"type":"Point","coordinates":[-6.23895,36.593014]},"properties":{"id":"VUT/CA/07755","type":"VUT","group":"Completa","address":"CALLE CAMINO DE LOS ENAMORADOS Nº 15 Plta/Piso B Pta/Letra D, piso B, puerta D","postal_code":"11500","places":5,"units":3,"registered":"2019-05-24","catastro":"7134303QA4573C0007QZ","holder":null,"holder_count":null}},{"type":"Feature","geometry":{"type":"Point","coordinates":[-6.22351,36.574783]},"properties":{"id":"VUT/CA/07777","type":"VUT","group":"Completa","address":"PASEO MARITIMO Nº 25 Blq. 2 Portal 6 Plta/Piso 8 Pta/Letra B Compl.Dom. URBANIZACION VALPARAISO, piso 8, puerta B","postal_code":"11500","places":4,"units":2,"registered":"2019-05-27","catastro":"8515902QA4581F0261BF","holder":null,"holder_count":null}},{"type":"Feature","geometry":{"type":"Point","coordinates":[-6.274779,36.609127]},"properties":{"id":"VUT/CA/07782","type":"VUT","group":"Completa","address":"CAMINO LOS SAUCES 1 Km 4 Compl.Dom. LUGAR DE MONTALLANO, LOS SAUCES 1, CASA Nº 5","postal_code":"11500","places":8,"units":4,"registered":"2019-05-28","catastro":"3852911QA4535B0001HQ","holder":null,"holder_count":null}},{"type":"Feature","geometry":{"type":"Point","coordinates":[-6.258312,36.586622]},"properties":{"id":"VUT/CA/07783","type":"VUT","group":"Completa","address":"CALLE SALMÓN Nº 1 Pta/Letra A, puerta A","postal_code":"11500","places":10,"units":5,"registered":"2019-05-28","catastro":"5329941QA4552G0001JE","holder":"Alpicana Inmuebles, S.L.","holder_count":1}},{"type":"Feature","geometry":{"type":"Point","coordinates":[-6.269768,36.60424]},"properties":{"id":"VUT/CA/07802","type":"VUT","group":"Completa","address":"CALLE MAR DEL NORTE Nº 10 Blq. 4 Plta/Piso 1 Pta/Letra A, piso 1, puerta A","postal_code":"11500","places":6,"units":3,"registered":"2019-05-29","catastro":"4146503QA4544E0012JM","holder":null,"holder_count":null}},{"type":"Feature","geometry":{"type":"Point","coordinates":[-6.229434,36.597394]},"properties":{"id":"VUT/CA/07810","type":"VUT","group":"Completa","address":"CALLE SAN BARTOLOME Nº 39 Plta/Piso 1 Pta/Letra A, piso 1, puerta A","postal_code":"11500","places":3,"units":2,"registered":"2019-05-29","catastro":"8039209QA4583G0001XO","holder":null,"holder_count":null}},{"type":"Feature","geometry":{"type":"Point","coordinates":[-6.287591,36.612481]},"properties":{"id":"VUT/CA/07862","type":"VUT","group":"Completa","address":"CALLE Breva Nº 43 Esc. 4 Plta/Piso 2 Pta/Letra D, piso 2, puerta D","postal_code":"11500","places":6,"units":3,"registered":"2019-06-04","catastro":"2756101QA4525H0001TT","holder":null,"holder_count":null}},{"type":"Feature","geometry":{"type":"Point","coordinates":[-6.260716,36.580627]},"properties":{"id":"VUT/CA/07867","type":"VUT","group":"Completa","address":"PLAYA ARTESANOS Nº 3 Plta/Piso 1 Pta/Letra C, piso 1, puerta C","postal_code":"11500","places":6,"units":3,"registered":"2019-06-04","catastro":"5217401QA4551G0009GJ","holder":null,"holder_count":null}},{"type":"Feature","geometry":{"type":"Point","coordinates":[-6.225217,36.600733]},"properties":{"id":"VUT/CA/07868","type":"VUT","group":"Completa","address":"CALLE DESCALZOS Nº 2","postal_code":"11500","places":8,"units":3,"registered":"2019-06-04","catastro":"8344902QA4584C0001LD","holder":null,"holder_count":null}},{"type":"Feature","geometry":{"type":"Point","coordinates":[-6.258241,36.578789]},"properties":{"id":"VUT/CA/07872","type":"VUT","group":"Completa","address":"URBANIZACION Pueblo Sherry Nº 53 Plta/Piso 1 Pta/Letra A, piso 1, puerta A","postal_code":"11500","places":4,"units":2,"registered":"2019-06-04","catastro":"5217413QA4551G0007WG","holder":null,"holder_count":null}},{"type":"Feature","geometry":{"type":"Point","coordinates":[-6.215942,36.606714]},"properties":{"id":"VUT/CA/07880","type":"VUT","group":"Completa","address":"CALLE FENIX Nº 10 Plta/Piso 2 Pta/Letra F, piso 2, puerta F","postal_code":"11500","places":8,"units":3,"registered":"2019-06-04","catastro":"9151910QA4595A0014IE","holder":null,"holder_count":null}},{"type":"Feature","geometry":{"type":"Point","coordinates":[-6.25992,36.579263]},"properties":{"id":"VUT/CA/07893","type":"VUT","group":"Completa","address":"PASAJE de la Bota Nº 78 Plta/Piso 1 Pta/Letra A Compl.Dom. Puerto Sherry, piso 1, puerta A","postal_code":"11500","places":4,"units":1,"registered":"2019-06-05","catastro":"5217410QA4551G0017TX","holder":null,"holder_count":null}},{"type":"Feature","geometry":{"type":"Point","coordinates":[-6.229529,36.596932]},"properties":{"id":"VUT/CA/07903","type":"VUT","group":"Completa","address":"CALLE PALMA Nº 25 Plta/Piso BAJO Pta/Letra F, piso BAJO, puerta F","postal_code":"11500","places":4,"units":1,"registered":"2019-06-06","catastro":"7939912QA4573H0006HL","holder":null,"holder_count":null}},{"type":"Feature","geometry":{"type":"Point","coordinates":[-6.2227,36.581156]},"properties":{"id":"VUT/CA/07940","type":"VUT","group":"Completa","address":"AVENIDA DE LA PAZ Nº 32 Plta/Piso 5 Pta/Letra B, piso 5, puerta B","postal_code":"11500","places":6,"units":2,"registered":"2019-06-10","catastro":"8521501QA4582B0026RS","holder":null,"holder_count":null}},{"type":"Feature","geometry":{"type":"Point","coordinates":[-6.278355,36.605947]},"properties":{"id":"VUT/CA/07943","type":"VUT","group":"Completa","address":"CAMINO de la Bermeja Nº 5 Portal C Plta/Piso 1º Pta/Letra B Compl.Dom. Las Terrazas Bahía Blanca, piso 1º, puerta B","postal_code":"11500","places":6,"units":2,"registered":"2019-06-10","catastro":"3447589QA4534G0019ZZ","holder":null,"holder_count":null}},{"type":"Feature","geometry":{"type":"Point","coordinates":[-6.226586,36.597186]},"properties":{"id":"VUT/CA/07963","type":"VUT","group":"Completa","address":"CALLE ALQUILADORES Nº 9 Plta/Piso 2 Pta/Letra A Compl.Dom. CENTRO, piso 2, puerta A","postal_code":"11500","places":4,"units":1,"registered":"2019-06-11","catastro":"8240108QA4584A0008DW","holder":null,"holder_count":null}},{"type":"Feature","geometry":{"type":"Point","coordinates":[-6.223054,36.579893]},"properties":{"id":"VUT/CA/07978","type":"VUT","group":"Completa","address":"CALLE JUNCO Nº 10","postal_code":"11500","places":10,"units":4,"registered":"2019-06-12","catastro":"8620112QA4582B0001TH","holder":null,"holder_count":null}},{"type":"Feature","geometry":{"type":"Point","coordinates":[-6.229856,36.598919]},"properties":{"id":"VUT/CA/07980","type":"VUT","group":"Completa","address":"CALLE SANTA LUCIA Nº 16 Plta/Piso 1 Pta/Letra A, piso 1, puerta A","postal_code":"11500","places":8,"units":4,"registered":"2019-06-12","catastro":"7841515QA4574B0006UT","holder":null,"holder_count":null}},{"type":"Feature","geometry":{"type":"Point","coordinates":[-6.221078,36.575218]},"properties":{"id":"VUT/CA/07995","type":"VUT","group":"Completa","address":"CALLE Salazon Nº 10","postal_code":"11500","places":6,"units":3,"registered":"2019-06-13","catastro":"8815301QA4581F0009GB","holder":null,"holder_count":null}},{"type":"Feature","geometry":{"type":"Point","coordinates":[-6.284169,36.608535]},"properties":{"id":"VUT/CA/08017","type":"VUT","group":"Completa","address":"CALLE Balandro Nº 55","postal_code":"11500","places":8,"units":4,"registered":"2019-06-16","catastro":"3150918QA4535A0001PG","holder":null,"holder_count":null}},{"type":"Feature","geometry":{"type":"Point","coordinates":[-6.226309,36.601023]},"properties":{"id":"VUT/CA/08022","type":"VUT","group":"Completa","address":"CALLE CIELOS Nº 102 Plta/Piso 2 Pta/Letra A, piso 2, puerta A","postal_code":"11500","places":6,"units":2,"registered":"2019-06-17","catastro":"8244230QA4584C0008HB","holder":null,"holder_count":null}},{"type":"Feature","geometry":{"type":"Point","coordinates":[-6.223852,36.580037]},"properties":{"id":"VUT/CA/08042","type":"VUT","group":"Completa","address":"AVENIDA CATALINA SANTOS LA GUACHI Portal 12 Plta/Piso 5 Pta/Letra C Compl.Dom. UR PUERTOMAR, piso 5, puerta C","postal_code":"11500","places":6,"units":3,"registered":"2019-06-18","catastro":"8320501QA4582A0393QS","holder":null,"holder_count":null}},{"type":"Feature","geometry":{"type":"Point","coordinates":[-6.222929,36.578052]},"properties":{"id":"VUT/CA/08043","type":"VUT","group":"Completa","address":"AVENIDA Santa Maria Del Mar Nº 9 Blq. 10 Plta/Piso 3 Pta/Letra IZQº, piso 3, puerta IZQº","postal_code":"11500","places":6,"units":2,"registered":"2019-06-18","catastro":"8620101QA4582B0255QG","holder":null,"holder_count":null}},{"type":"Feature","geometry":{"type":"Point","coordinates":[-6.256904,36.578401]},"properties":{"id":"VUT/CA/08057","type":"VUT","group":"Completa","address":"PLAZA GARVEY Nº 204 Portal 42 Plta/Piso 2 Pta/Letra C, piso 2, puerta C","postal_code":"11500","places":5,"units":3,"registered":"2019-06-19","catastro":"5217404QA4551G0075KH","holder":"TUBESAN S.L.","holder_count":1}},{"type":"Feature","geometry":{"type":"Point","coordinates":[-6.278477,36.608739]},"properties":{"id":"VUT/CA/08088","type":"VUT","group":"Completa","address":"BARRIO GALEOTE Nº 29 Compl.Dom. URBANIZACIÓN EL MANANTIAL","postal_code":"11500","places":4,"units":2,"registered":"2019-06-21","catastro":"3552116QA4535B0001UQ","holder":null,"holder_count":null}},{"type":"Feature","geometry":{"type":"Point","coordinates":[-6.25408,36.591454]},"properties":{"id":"VUT/CA/08089","type":"VUT","group":"Completa","address":"CALLE JUAN SEBASTIAN ELCANO Nº 6 Portal D Plta/Piso 2 Pta/Letra A, piso 2, puerta A","postal_code":"11500","places":6,"units":3,"registered":"2019-06-21","catastro":"5832604QA4553B0023OF","holder":null,"holder_count":null}},{"type":"Feature","geometry":{"type":"Point","coordinates":[-6.248721,36.598625]},"properties":{"id":"VUT/CA/08090","type":"VUT","group":"Completa","address":"CALLE DE LAS MARGARITAS Nº 28","postal_code":"11500","places":15,"units":4,"registered":"2019-06-21","catastro":"6240401QA4564A0032BO","holder":null,"holder_count":null}},{"type":"Feature","geometry":{"type":"Point","coordinates":[-6.222903,36.601129]},"properties":{"id":"VUT/CA/08093","type":"VUT","group":"Completa","address":"CALLE Chanca Nº 15 Plta/Piso 3 Pta/Letra D, piso 3, puerta D","postal_code":"11500","places":6,"units":3,"registered":"2019-06-21","catastro":"8544113QA4584D0010ET","holder":null,"holder_count":null}},{"type":"Feature","geometry":{"type":"Point","coordinates":[-6.203892,36.624226]},"properties":{"id":"VUT/CA/08132","type":"VUT","group":"Completa","address":"CALLE BUCARO Nº 24","postal_code":"11500","places":8,"units":4,"registered":"2019-06-26","catastro":"0169304QA5506G0001BJ","holder":null,"holder_count":null}},{"type":"Feature","geometry":{"type":"Point","coordinates":[-6.262495,36.602274]},"properties":{"id":"VUT/CA/08177","type":"VUT","group":"Completa","address":"CALLE BUHO REAL Nº 42 Portal 1 Plta/Piso 2 Pta/Letra A, piso 2, puerta A","postal_code":"11500","places":8,"units":4,"registered":"2019-07-01","catastro":"47449A6QA4544D0005GP","holder":null,"holder_count":null}},{"type":"Feature","geometry":{"type":"Point","coordinates":[-6.242203,36.595753]},"properties":{"id":"VUT/CA/08192","type":"VUT","group":"Completa","address":"AVENIDA DE LA LIBERTAD Nº 15 Esc. 3 Plta/Piso 4 Pta/Letra B, piso 4, puerta B","postal_code":"11500","places":6,"units":3,"registered":"2019-07-02","catastro":"6837901QA4563F0128JH","holder":null,"holder_count":null}},{"type":"Feature","geometry":{"type":"Point","coordinates":[-6.22818,36.594531]},"properties":{"id":"VUT/CA/08199","type":"VUT","group":"Completa","address":"CALLE XIMÉNEZ DE SANDOVAL, Nº 3 Plta/Piso 1 Pta/Letra C, piso 1, puerta C","postal_code":"11500","places":2,"units":1,"registered":"2019-07-02","catastro":"8136301QA4583E0003WH","holder":"SERAL HOMES, S.L.","holder_count":1}},{"type":"Feature","geometry":{"type":"Point","coordinates":[-6.223085,36.569231]},"properties":{"id":"VUT/CA/08204","type":"VUT","group":"Completa","address":"CALLE PASEO MARITIMO Nº 37 Esc. C Plta/Piso 11 Pta/Letra A Compl.Dom. EDIFICIO PUERTO PRINCIPE 3, piso 11, puerta A","postal_code":"11500","places":5,"units":2,"registered":"2019-07-02","catastro":"8709201QA4580H0544LD","holder":"MM HERITAGE FIRM IO SL","holder_count":1}},{"type":"Feature","geometry":{"type":"Point","coordinates":[-6.266906,36.596552]},"properties":{"id":"VUT/CA/08233","type":"VUT","group":"Completa","address":"CALLE MAR DE TASMANIA Nº 4 Compl.Dom. URBANIZACION LAS REDES","postal_code":"11500","places":8,"units":4,"registered":"2019-07-04","catastro":"4537324QA4543H0001TW","holder":"BARQUERO GAR, S.L.","holder_count":1}},{"type":"Feature","geometry":{"type":"Point","coordinates":[-6.260716,36.580627]},"properties":{"id":"VUT/CA/08249","type":"VUT","group":"Completa","address":"AVENIDA DE LA MURALLA Nº 94 Esc. 01 Pta/Letra 04, puerta 04","postal_code":"11500","places":4,"units":1,"registered":"2019-07-05","catastro":"5217401QA4551G0049BX","holder":null,"holder_count":null}},{"type":"Feature","geometry":{"type":"Point","coordinates":[-6.270655,36.603654]},"properties":{"id":"VUT/CA/08252","type":"VUT","group":"Completa","address":"CALLE ANCORA Nº 20","postal_code":"11500","places":10,"units":5,"registered":"2019-07-05","catastro":"4245601QA4544D0002YU","holder":null,"holder_count":null}},{"type":"Feature","geometry":{"type":"Point","coordinates":[-6.225759,36.598796]},"properties":{"id":"VUT/CA/08287","type":"VUT","group":"Completa","address":"CALLE VIRGEN DE LOS MILAGROS Nº 97 Plta/Piso 2 Pta/Letra V Compl.Dom. EDIFICIO BOLAÑOS, piso 2, puerta V","postal_code":"11500","places":4,"units":1,"registered":"2019-07-09","catastro":"8341905QA4584A0003PB","holder":null,"holder_count":null}},{"type":"Feature","geometry":{"type":"Point","coordinates":[-6.224027,36.600762]},"properties":{"id":"VUT/CA/08297","type":"VUT","group":"Completa","address":"CALLE VIRGEN DE LOS MILAGROS Nº 53 Esc. 1 Plta/Piso 00 Pta/Letra A, piso 00, puerta A","postal_code":"11500","places":4,"units":1,"registered":"2019-07-15","catastro":"8443905QA4584C0002AF","holder":"MONTAJES CAMBEL SA","holder_count":2}},{"type":"Feature","geometry":{"type":"Point","coordinates":[-6.224027,36.600762]},"properties":{"id":"VUT/CA/08318","type":"VUT","group":"Completa","address":"CALLE VIRGEN DE LOS MILAGROS Nº 53 Esc. 1 Plta/Piso 03 Pta/Letra ATICO, piso 03, puerta ATICO","postal_code":"11500","places":4,"units":1,"registered":"2019-07-17","catastro":"8443905QA4584C0007HL","holder":"MONTAJES CAMBEL SA","holder_count":2}},{"type":"Feature","geometry":{"type":"Point","coordinates":[-6.260716,36.580627]},"properties":{"id":"VUT/CA/08320","type":"VUT","group":"Completa","address":"AVENIDA DE LA MURALLA Nº 94 Esc. 01 Pta/Letra 01, puerta 01","postal_code":"11500","places":4,"units":1,"registered":"2019-07-17","catastro":"5217401QA4551G0046JL","holder":null,"holder_count":null}},{"type":"Feature","geometry":{"type":"Point","coordinates":[-6.220207,36.582202]},"properties":{"id":"VUT/CA/08334","type":"VUT","group":"Completa","address":"CALLE CÁCERES Nº 4 Pta/Letra 4, puerta 4","postal_code":"11500","places":6,"units":3,"registered":"2019-07-17","catastro":"8823113QA4582D0001DA","holder":null,"holder_count":null}},{"type":"Feature","geometry":{"type":"Point","coordinates":[-6.272677,36.604617]},"properties":{"id":"VUT/CA/08404","type":"VUT","group":"Completa","address":"CALLE ÁNCORA Nº 4 Plta/Piso BAJO Pta/Letra H, piso BAJO, puerta H","postal_code":"11500","places":5,"units":2,"registered":"2019-07-25","catastro":"4146502QA4544E0122KP","holder":"INMERAY SLU","holder_count":4}},{"type":"Feature","geometry":{"type":"Point","coordinates":[-6.222415,36.575555]},"properties":{"id":"VUT/CA/08428","type":"VUT","group":"Completa","address":"AVENIDA RÍO SAN PEDRO Nº 4 Plta/Piso A Pta/Letra A, piso A, puerta A","postal_code":"11500","places":4,"units":1,"registered":"2019-07-30","catastro":"8616601QA4581F0150IE","holder":null,"holder_count":null}},{"type":"Feature","geometry":{"type":"Point","coordinates":[-6.225249,36.602404]},"properties":{"id":"VUT/CA/08452","type":"VUT","group":"Por habitaciones","address":"CALLE LA ROSA Nº 24 Pta/Letra 25, puerta 25","postal_code":"11500","places":2,"units":1,"registered":"2019-07-31","catastro":"8245528QA4584E0093IR","holder":null,"holder_count":null}},{"type":"Feature","geometry":{"type":"Point","coordinates":[-6.272737,36.604402]},"properties":{"id":"VUT/CA/08472","type":"VUT","group":"Completa","address":"CALLE ANCORA Nº 20 Blq. 6 Plta/Piso 3 Pta/Letra C Compl.Dom. EL PUERTO DE SANTA MARIA, piso 3, puerta C","postal_code":"11500","places":6,"units":2,"registered":"2019-08-01","catastro":"4145901QA4544E0045AQ","holder":null,"holder_count":null}},{"type":"Feature","geometry":{"type":"Point","coordinates":[-6.230258,36.603763]},"properties":{"id":"VUT/CA/08492","type":"VUT","group":"Completa","address":"CALLE SANTA FE Nº 12 Plta/Piso BAJO Pta/Letra C, piso BAJO, puerta C","postal_code":"11500","places":2,"units":1,"registered":"2019-08-05","catastro":"7846226QA4574F0096JS","holder":null,"holder_count":null}},{"type":"Feature","geometry":{"type":"Point","coordinates":[-6.224027,36.600762]},"properties":{"id":"VUT/CA/08524","type":"VUT","group":"Completa","address":"CALLE VINGER DE LOS MILAGROS Nº 53 Esc. 01 Plta/Piso 01 Pta/Letra A, piso 01, puerta A","postal_code":"11500","places":8,"units":2,"registered":"2019-08-08","catastro":"8443905QA4584C0003SG","holder":null,"holder_count":null}},{"type":"Feature","geometry":{"type":"Point","coordinates":[-6.224027,36.600762]},"properties":{"id":"VUT/CA/08525","type":"VUT","group":"Completa","address":"CALLE VINGER DE LOS MILAGROS Nº 53 Esc. 01 Plta/Piso 01 Pta/Letra B, piso 01, puerta B","postal_code":"11500","places":4,"units":1,"registered":"2019-08-08","catastro":"8443905QA4584C0004DH","holder":null,"holder_count":null}},{"type":"Feature","geometry":{"type":"Point","coordinates":[-6.224027,36.600762]},"properties":{"id":"VUT/CA/08526","type":"VUT","group":"Completa","address":"CALLE VIRGEN DE LOS MILAGROS Nº 53 Plta/Piso 2ª Pta/Letra A, piso 2ª, puerta A","postal_code":"11500","places":8,"units":2,"registered":"2019-08-08","catastro":"8443905QA4584C0005FJ","holder":null,"holder_count":null}},{"type":"Feature","geometry":{"type":"Point","coordinates":[-6.233948,36.595988]},"properties":{"id":"VUT/CA/08529","type":"VUT","group":"Completa","address":"PLAZA MIGUEL DEL PINO Nº 5 Blq. 2 Plta/Piso 4 Pta/Letra A, piso 4, puerta A","postal_code":"11500","places":5,"units":3,"registered":"2019-08-08","catastro":"7538901QA4573H0050MW","holder":null,"holder_count":null}},{"type":"Feature","geometry":{"type":"Point","coordinates":[-6.250746,36.596992]},"properties":{"id":"VUT/CA/08530","type":"VUT","group":"Completa","address":"CALLE MARGARITAS Blq. 2 Portal 2 Plta/Piso BAJO Pta/Letra A Compl.Dom. SOTO DE VISTAHERMOSA, piso BAJO, puerta A","postal_code":"11500","places":4,"units":2,"registered":"2019-08-08","catastro":"6038401QA4563G0061GB","holder":null,"holder_count":null}},{"type":"Feature","geometry":{"type":"Point","coordinates":[-6.224027,36.600762]},"properties":{"id":"VUT/CA/08537","type":"VUT","group":"Completa","address":"CALLE VIRGEN DE LOS MILAGROS Nº 53 Plta/Piso 2ª Pta/Letra B, piso 2ª, puerta B","postal_code":"11500","places":4,"units":1,"registered":"2019-08-09","catastro":"8443905QA4584C0006GK","holder":null,"holder_count":null}},{"type":"Feature","geometry":{"type":"Point","coordinates":[-6.25029,36.59785]},"properties":{"id":"VUT/CA/08538","type":"VUT","group":"Completa","address":"CALLE DE LAS CAMELIAS Nº 14 Esc. 01 Plta/Piso 00 Pta/Letra 26, piso 00, puerta 26","postal_code":"11500","places":12,"units":3,"registered":"2019-08-09","catastro":"6039501QA4563G0026QB","holder":null,"holder_count":null}},{"type":"Feature","geometry":{"type":"Point","coordinates":[-6.227361,36.600014]},"properties":{"id":"VUT/CA/08552","type":"VUT","group":"Completa","address":"CALLE SANTA MARIA Nº 7","postal_code":"11500","places":6,"units":3,"registered":"2019-08-12","catastro":"8142410QA4584C0001RD","holder":null,"holder_count":null}},{"type":"Feature","geometry":{"type":"Point","coordinates":[-6.229028,36.596755]},"properties":{"id":"VUT/CA/08571","type":"VUT","group":"Completa","address":"CALLE BOLOS Nº 6 Plta/Piso 1 Pta/Letra B, piso 1, puerta B","postal_code":"11500","places":6,"units":3,"registered":"2019-08-14","catastro":"7939914QA4573H0021BT","holder":null,"holder_count":null}},{"type":"Feature","geometry":{"type":"Point","coordinates":[-6.231808,36.598795]},"properties":{"id":"VUT/CA/08639","type":"VUT","group":"Completa","address":"CALLE CRUCES Nº 101 Pta/Letra 6, puerta 6","postal_code":"11500","places":6,"units":3,"registered":"2019-08-25","catastro":"7741806QA4574B0006LT","holder":null,"holder_count":null}},{"type":"Feature","geometry":{"type":"Point","coordinates":[-6.281598,36.611344]},"properties":{"id":"VUT/CA/08649","type":"VUT","group":"Completa","address":"CALLE NARANJA Nº 1 Compl.Dom. URBANIZACION FUENTEBRAVIA","postal_code":"11500","places":8,"units":4,"registered":"2019-08-26","catastro":"3253407QA4535C0001JP","holder":null,"holder_count":null}},{"type":"Feature","geometry":{"type":"Point","coordinates":[-6.269493,36.597852]},"properties":{"id":"VUT/CA/08668","type":"VUT","group":"Completa","address":"CALLE OCEANO INDICO Nº 16","postal_code":"11500","places":12,"units":4,"registered":"2019-08-28","catastro":"4439925QA4543G0001PH","holder":null,"holder_count":null}},{"type":"Feature","geometry":{"type":"Point","coordinates":[-6.220283,36.607545]},"properties":{"id":"VUT/CA/08723","type":"VUT","group":"Completa","address":"AVENIDA DIPUTACIÓN Nº 2 Esc. 1 Plta/Piso 1 Pta/Letra I, piso 1, puerta I","postal_code":"11500","places":2,"units":1,"registered":"2019-09-06","catastro":"8851508QA4585B0011ZT","holder":null,"holder_count":null}},{"type":"Feature","geometry":{"type":"Point","coordinates":[-6.220907,36.574748]},"properties":{"id":"VUT/CA/08725","type":"VUT","group":"Por habitaciones","address":"CALLE LUCIO Nº 20","postal_code":"11500","places":4,"units":1,"registered":"2019-09-06","catastro":"8815201QA4581H0015FK","holder":null,"holder_count":null}},{"type":"Feature","geometry":{"type":"Point","coordinates":[-6.21992,36.571276]},"properties":{"id":"VUT/CA/08738","type":"VUT","group":"Completa","address":"CALLE AVOCETA Nº 6","postal_code":"11500","places":8,"units":3,"registered":"2026-03-23","catastro":"8911901QA4581B0019KF","holder":null,"holder_count":null}},{"type":"Feature","geometry":{"type":"Point","coordinates":[-6.251414,36.614242]},"properties":{"id":"VUT/CA/08765","type":"VUT","group":"Completa","address":"CAMINO VIEJO DE ROTA Nº S/N","postal_code":"11500","places":8,"units":4,"registered":"2019-09-18","catastro":"5856319QA4555F0001KX","holder":null,"holder_count":null}},{"type":"Feature","geometry":{"type":"Point","coordinates":[-6.232664,36.60149]},"properties":{"id":"VUT/CA/08790","type":"VUT","group":"Completa","address":"CALLE DURANGO Nº 48 Esc. 2 Plta/Piso 4 Pta/Letra B, piso 4, puerta B","postal_code":"11500","places":2,"units":1,"registered":"2019-09-25","catastro":"7644601QA4574D0118QS","holder":null,"holder_count":null}},{"type":"Feature","geometry":{"type":"Point","coordinates":[-6.237798,36.59277]},"properties":{"id":"VUT/CA/08792","type":"VUT","group":"Por habitaciones","address":"CALLE CRUCERO BALEARES Nº 52 Plta/Piso 7 Pta/Letra C, piso 7, puerta C","postal_code":"11500","places":2,"units":1,"registered":"2019-09-26","catastro":"7234301QA4573C0027SS","holder":null,"holder_count":null}},{"type":"Feature","geometry":{"type":"Point","coordinates":[-6.286075,36.613004]},"properties":{"id":"VUT/CA/08815","type":"VUT","group":"Completa","address":"CALLE Fresa Nº 32 Portal 2 Plta/Piso 1 Pta/Letra C, piso 1, puerta C","postal_code":"11500","places":4,"units":2,"registered":"2019-10-01","catastro":"2855405QA4525F0015TZ","holder":null,"holder_count":null}},{"type":"Feature","geometry":{"type":"Point","coordinates":[-6.230982,36.601614]},"properties":{"id":"VUT/CA/08822","type":"VUT","group":"Completa","address":"CALLE CAPILLERA Nº 5 Esc. 1 Plta/Piso 00 Pta/Letra A, piso 00, puerta A","postal_code":"11500","places":4,"units":1,"registered":"2019-10-02","catastro":"7844907QA4574D0001AK","holder":null,"holder_count":null}},{"type":"Feature","geometry":{"type":"Point","coordinates":[-6.225725,36.596451]},"properties":{"id":"VUT/CA/08825","type":"VUT","group":"Completa","address":"PLAZA Cristobal Colon Nº 1 Pta/Letra A, puerta A","postal_code":"11500","places":5,"units":2,"registered":"2019-10-02","catastro":"8239704QA4583G0027QY","holder":"GUADALETE GESTION TURISTICA, S.L.","holder_count":18}},{"type":"Feature","geometry":{"type":"Point","coordinates":[-6.234712,36.591343]},"properties":{"id":"VUT/CA/08833","type":"VUT","group":"Completa","address":"CALLE FRANCISCO JAVIER DE URIARTE Portal 5 Plta/Piso 3 Pta/Letra IZ, piso 3, puerta IZ","postal_code":"11500","places":6,"units":3,"registered":"2019-10-03","catastro":"7533101QA4573D0006YY","holder":null,"holder_count":null}},{"type":"Feature","geometry":{"type":"Point","coordinates":[-6.225755,36.598988]},"properties":{"id":"VUT/CA/08839","type":"VUT","group":"Completa","address":"CALLE Virgen de Los Milagros Nº 98 Plta/Piso 2 Pta/Letra 6, piso 2, puerta 6","postal_code":"11500","places":5,"units":2,"registered":"2019-10-04","catastro":"8242715QA4584A0025WD","holder":null,"holder_count":null}},{"type":"Feature","geometry":{"type":"Point","coordinates":[-6.278355,36.605947]},"properties":{"id":"VUT/CA/08870","type":"VUT","group":"Completa","address":"CAMINO DE LA BERMEJA Nº 5 Portal B Plta/Piso 1 Pta/Letra B, piso 1, puerta B","postal_code":"11500","places":4,"units":2,"registered":"2019-10-11","catastro":" 8827210QA4582F0001P","holder":"INVERSIONES PATRIMONIALES UBRIQUE SL","holder_count":2}},{"type":"Feature","geometry":{"type":"Point","coordinates":[-6.278355,36.605947]},"properties":{"id":"VUT/CA/08872","type":"VUT","group":"Completa","address":"AVENIDA DE LOS CORALES Nº 6","postal_code":"11500","places":6,"units":3,"registered":"2019-10-12","catastro":"3447589QA4534G0012FF","holder":"INVERSIONES PATRIMONIALES UBRIQUE SL","holder_count":2}},{"type":"Feature","geometry":{"type":"Point","coordinates":[-6.229544,36.604188]},"properties":{"id":"VUT/CA/08878","type":"VUT","group":"Completa","address":"AVENIDA SANLUCAR Nº 27 Plta/Piso 2 Pta/Letra D, piso 2, puerta D","postal_code":"11500","places":6,"units":2,"registered":"2019-10-14","catastro":"7947211QA4574F0042TL","holder":null,"holder_count":null}},{"type":"Feature","geometry":{"type":"Point","coordinates":[-6.21991,36.607363]},"properties":{"id":"VUT/CA/08939","type":"VUT","group":"Completa","address":"AVENIDA Sanlúcar Nº 8 Plta/Piso atico Pta/Letra A, piso atico, puerta A","postal_code":"11500","places":4,"units":2,"registered":"2019-10-22","catastro":"8851505QA4585B0026YJ","holder":null,"holder_count":null}},{"type":"Feature","geometry":{"type":"Point","coordinates":[-6.221466,36.601555]},"properties":{"id":"VUT/CA/08946","type":"VUT","group":"Completa","address":"CALLE ANGEL URZAIZ Nº 7 Esc. 01 Plta/Piso 00 Pta/Letra B, piso 00, puerta B","postal_code":"11500","places":4,"units":1,"registered":"2019-10-23","catastro":"8644412QA4584D0026AK","holder":null,"holder_count":null}},{"type":"Feature","geometry":{"type":"Point","coordinates":[-6.286911,36.611584]},"properties":{"id":"VUT/CA/08954","type":"VUT","group":"Completa","address":"CALLE DE LA MORA Nº 15 Esc. 2 Plta/Piso 0 Pta/Letra A, piso 0, puerta A","postal_code":"11500","places":4,"units":2,"registered":"2019-10-23","catastro":"3153832QA4535C0023JE","holder":null,"holder_count":null}},{"type":"Feature","geometry":{"type":"Point","coordinates":[-6.221715,36.603904]},"properties":{"id":"VUT/CA/08971","type":"VUT","group":"Completa","address":"CALLE VIRGEN DE LOS MILAGROS Nº 6 Plta/Piso 1 Pta/Letra H, piso 1, puerta H","postal_code":"11500","places":6,"units":2,"registered":"2019-10-23","catastro":"8647903QA4584F0068XB","holder":null,"holder_count":null}},{"type":"Feature","geometry":{"type":"Point","coordinates":[-6.272677,36.604617]},"properties":{"id":"VUT/CA/09006","type":"VUT","group":"Completa","address":"APARTAMENTO Ancora Nº 8 Blq. 2 Plta/Piso Bajo Pta/Letra H, piso Bajo, puerta H","postal_code":"11500","places":8,"units":2,"registered":"2019-10-28","catastro":"4146502QA4544E0257QH","holder":null,"holder_count":null}},{"type":"Feature","geometry":{"type":"Point","coordinates":[-6.231899,36.60035]},"properties":{"id":"VUT/CA/09012","type":"VUT","group":"Completa","address":"CALLE FRANCISCO LAMEYER Calif.Nº 3 Plta/Piso 3 Pta/Letra d, piso 3, puerta d","postal_code":"11500","places":6,"units":3,"registered":"2019-10-28","catastro":"7742201QA4574B0107TO","holder":null,"holder_count":null}},{"type":"Feature","geometry":{"type":"Point","coordinates":[-6.22351,36.574783]},"properties":{"id":"VUT/CA/09024","type":"VUT","group":"Completa","address":"PASEO Maritimo de Valdelagrana Nº 25 Portal 4 Plta/Piso 8 Pta/Letra C, piso 8, puerta C","postal_code":"11500","places":5,"units":2,"registered":"2019-10-28","catastro":"8515902QA4581F0171QK","holder":null,"holder_count":null}},{"type":"Feature","geometry":{"type":"Point","coordinates":[-6.248721,36.598625]},"properties":{"id":"VUT/CA/09119","type":"VUT","group":"Completa","address":"CALLE DE LAS MAGNOLIAS Nº 19","postal_code":"11500","places":12,"units":4,"registered":"2019-11-12","catastro":"6240401QA4564A0007RH","holder":null,"holder_count":null}},{"type":"Feature","geometry":{"type":"Point","coordinates":[-6.272737,36.604402]},"properties":{"id":"VUT/CA/09169","type":"VUT","group":"Completa","address":"CALLE ANCORA Nº 21 Blq. 8 Portal 8 Plta/Piso BAJA Pta/Letra A Compl.Dom. URBANIZACION EL ANCLA, piso BAJA, puerta A","postal_code":"11500","places":6,"units":4,"registered":"2019-11-17","catastro":"4145901QA4544E0097WG","holder":null,"holder_count":null}},{"type":"Feature","geometry":{"type":"Point","coordinates":[-6.245197,36.59452]},"properties":{"id":"VUT/CA/09218","type":"VUT","group":"Completa","address":"CALLE Antillas Nº 2 Esc. 1 Plta/Piso 3 Pta/Letra D, piso 3, puerta D","postal_code":"11500","places":4,"units":2,"registered":"2019-11-20","catastro":"6535401QA4563F0044KM","holder":null,"holder_count":null}},{"type":"Feature","geometry":{"type":"Point","coordinates":[-6.228443,36.595031]},"properties":{"id":"VUT/CA/09239","type":"VUT","group":"Completa","address":"PLAZA DE LAS BODEGAS Nº 1 Plta/Piso 2 Pta/Letra IZQ, piso 2, puerta IZQ","postal_code":"11500","places":5,"units":2,"registered":"2019-11-21","catastro":"8037103QA4583E0004EJ","holder":null,"holder_count":null}},{"type":"Feature","geometry":{"type":"Point","coordinates":[-6.239576,36.596432]},"properties":{"id":"VUT/CA/09240","type":"VUT","group":"Completa","address":"CALLE TOREROS LOS Nº 44 Esc. B Plta/Piso 04 Pta/Letra 01, piso 04, puerta 01","postal_code":"11500","places":4,"units":1,"registered":"2019-11-21","catastro":"7039101QA4573G0023KZ","holder":null,"holder_count":null}},{"type":"Feature","geometry":{"type":"Point","coordinates":[-6.226341,36.602932]},"properties":{"id":"VUT/CA/09253","type":"VUT","group":"Completa","address":"CALLE Zarza Nº 24 Pta/Letra 22, puerta 22","postal_code":"11500","places":4,"units":2,"registered":"2019-11-22","catastro":"8146922QA4584E0060TE","holder":null,"holder_count":null}},{"type":"Feature","geometry":{"type":"Point","coordinates":[-6.222929,36.578052]},"properties":{"id":"VUT/CA/09262","type":"VUT","group":"Completa","address":"AVENIDA SANTA MARIA DEL MAR, URB LA SALINERA Nº 3 Blq. 5 Plta/Piso 4 Pta/Letra E, piso 4, puerta E","postal_code":"11500","places":6,"units":2,"registered":"2019-11-22","catastro":"8620101QA4582B0142AW","holder":null,"holder_count":null}},{"type":"Feature","geometry":{"type":"Point","coordinates":[-6.28615,36.612565]},"properties":{"id":"VUT/CA/09273","type":"VUT","group":"Completa","address":"CALLE DE LA SANDIA Nº 8-10 Portal A Plta/Piso BAJO Pta/Letra 4, piso BAJO, puerta 4","postal_code":"11500","places":4,"units":2,"registered":"2019-11-25","catastro":"2855905QA4525F0042BH","holder":null,"holder_count":null}},{"type":"Feature","geometry":{"type":"Point","coordinates":[-6.211351,36.628459]},"properties":{"id":"VUT/CA/09293","type":"VUT","group":"Completa","address":"CALLE FORTUNA Nº 14 Plta/Piso 2 Pta/Letra C, piso 2, puerta C","postal_code":"11500","places":6,"units":3,"registered":"2019-11-26","catastro":"9373703QA4597C0151PF","holder":null,"holder_count":null}},{"type":"Feature","geometry":{"type":"Point","coordinates":[-6.219108,36.607143]},"properties":{"id":"VUT/CA/09302","type":"VUT","group":"Completa","address":"CALLE GRANJA DE SAN JAVIER Nº 1 Esc. 2 Plta/Piso 3 Pta/Letra A, piso 3, puerta A","postal_code":"11500","places":4,"units":2,"registered":"2019-11-26","catastro":"8851502QA4585B0039SR","holder":null,"holder_count":null}},{"type":"Feature","geometry":{"type":"Point","coordinates":[-6.256904,36.578401]},"properties":{"id":"VUT/CA/09338","type":"VUT","group":"Completa","address":"PASAJE CABALLO Nº 5","postal_code":"11500","places":4,"units":1,"registered":"2019-11-28","catastro":"5217404QA4551G0067DA","holder":null,"holder_count":null}},{"type":"Feature","geometry":{"type":"Point","coordinates":[-6.223766,36.575625]},"properties":{"id":"VUT/CA/09386","type":"VUT","group":"Completa","address":"PASEO MARÍTIMO Nº 15 Blq. 3 Plta/Piso 2 Pta/Letra G Compl.Dom. BAHÍA BLANCA, piso 2, puerta G","postal_code":"11500","places":4,"units":2,"registered":"2019-12-03","catastro":"8515907QA4581F0168MK","holder":null,"holder_count":null}},{"type":"Feature","geometry":{"type":"Point","coordinates":[-6.223766,36.575625]},"properties":{"id":"VUT/CA/09387","type":"VUT","group":"Completa","address":"PASEO MARITIMO Nº 15 Blq. 3 Plta/Piso 1 Pta/Letra D Compl.Dom. BAHIA BLANCA, piso 1, puerta D","postal_code":"11500","places":4,"units":2,"registered":"2019-12-03","catastro":"8515907QA4581F0157GP","holder":null,"holder_count":null}},{"type":"Feature","geometry":{"type":"Point","coordinates":[-6.229462,36.599705]},"properties":{"id":"VUT/CA/09392","type":"VUT","group":"Completa","address":"CALLE SAN SEBASTIÁN Nº 5 Plta/Piso 1º Pta/Letra 4, piso 1º, puerta 4","postal_code":"11500","places":4,"units":2,"registered":"2019-12-03","catastro":"7942222QA4574B0004EE","holder":null,"holder_count":null}},{"type":"Feature","geometry":{"type":"Point","coordinates":[-6.262495,36.602274]},"properties":{"id":"VUT/CA/09394","type":"VUT","group":"Completa","address":"CALLE BUHO REAL Nº 42 Esc. 2 Plta/Piso 2 Pta/Letra A, piso 2, puerta A","postal_code":"11500","places":6,"units":3,"registered":"2019-12-03","catastro":"47449A6QA4544D0011KD","holder":null,"holder_count":null}},{"type":"Feature","geometry":{"type":"Point","coordinates":[-6.230258,36.603763]},"properties":{"id":"VUT/CA/09408","type":"VUT","group":"Completa","address":"CALLE SANTA FE Nº 12 Plta/Piso 1 Pta/Letra B, piso 1, puerta B","postal_code":"11500","places":2,"units":2,"registered":"2019-12-03","catastro":"7846226QA4574F0102XJ","holder":null,"holder_count":null}},{"type":"Feature","geometry":{"type":"Point","coordinates":[-6.227903,36.598731]},"properties":{"id":"VUT/CA/09411","type":"VUT","group":"Completa","address":"CALLE SAN BARTOLOME Nº 9","postal_code":"11500","places":4,"units":3,"registered":"2019-12-03","catastro":"8141109QA4584A0001TK","holder":null,"holder_count":null}},{"type":"Feature","geometry":{"type":"Point","coordinates":[-6.273545,36.599227]},"properties":{"id":"VUT/CA/09413","type":"VUT","group":"Completa","address":"CALLE OCEANO PACÍFICO Nº 66 Portal 57 Pta/Letra 10-11, puerta 10-11","postal_code":"11500","places":7,"units":2,"registered":"2019-12-04","catastro":"4041101qa4544d0057xq","holder":null,"holder_count":null}},{"type":"Feature","geometry":{"type":"Point","coordinates":[-6.22217,36.58284]},"properties":{"id":"VUT/CA/09422","type":"VUT","group":"Por habitaciones","address":"CALLE Villaluenga del Rosario Nº 6","postal_code":"11500","places":4,"units":2,"registered":"2019-12-05","catastro":"8724112QA4582D0001JA","holder":null,"holder_count":null}},{"type":"Feature","geometry":{"type":"Point","coordinates":[-6.221936,36.606976]},"properties":{"id":"VUT/CA/09433","type":"VUT","group":"Completa","address":"RESIDENCIAL EL MOLINO Blq. 6 Plta/Piso 3 Pta/Letra A, piso 3, puerta A","postal_code":"11500","places":6,"units":3,"registered":"2019-12-10","catastro":"8551702QA4585B0188SK","holder":null,"holder_count":null}},{"type":"Feature","geometry":{"type":"Point","coordinates":[-6.227323,36.601257]},"properties":{"id":"VUT/CA/09434","type":"VUT","group":"Completa","address":"CALLE GANADO Nº 45 Plta/Piso 2 Pta/Letra A, piso 2, puerta A","postal_code":"11500","places":5,"units":3,"registered":"2019-12-10","catastro":"8043612QA4584C0018AR","holder":null,"holder_count":null}},{"type":"Feature","geometry":{"type":"Point","coordinates":[-6.221851,36.577985]},"properties":{"id":"VUT/CA/09456","type":"VUT","group":"Completa","address":"CALLE Taraje Nº 29 Plta/Piso 3º Pta/Letra C Compl.Dom. Urb.Jardines de la Salinera, piso 3º, puerta C","postal_code":"11500","places":4,"units":2,"registered":"2019-12-11","catastro":"8717101QA4581H0119SW","holder":null,"holder_count":null}},{"type":"Feature","geometry":{"type":"Point","coordinates":[-6.241586,36.593206]},"properties":{"id":"VUT/CA/09494","type":"VUT","group":"Completa","address":"CALLE RETORNOS Blq. 1 Plta/Piso 2º Pta/Letra G, piso 2º, puerta G","postal_code":"11500","places":8,"units":4,"registered":"2019-12-16","catastro":"6835701QA4563F0087FI","holder":null,"holder_count":null}},{"type":"Feature","geometry":{"type":"Point","coordinates":[-6.246981,36.597582]},"properties":{"id":"VUT/CA/09514","type":"VUT","group":"Completa","address":"CALLE De la Perdiz Nº 1","postal_code":"11500","places":6,"units":3,"registered":"2019-12-16","catastro":"6340105QA4564A0001FP","holder":null,"holder_count":null}},{"type":"Feature","geometry":{"type":"Point","coordinates":[-6.220245,36.578037]},"properties":{"id":"VUT/CA/09549","type":"VUT","group":"Completa","address":"CALLE ESTERO Nº 50","postal_code":"11500","places":4,"units":2,"registered":"2019-12-19","catastro":"8817120QA4581F0001AS","holder":null,"holder_count":null}},{"type":"Feature","geometry":{"type":"Point","coordinates":[-6.240908,36.610078]},"properties":{"id":"VUT/CA/09557","type":"VUT","group":"Completa","address":"CALLE Ciudad Ducal Nº 10","postal_code":"11500","places":8,"units":3,"registered":"2019-12-26","catastro":"6853305QA4565D0001OI","holder":"Sicresa Inmobiliaria SL","holder_count":1}},{"type":"Feature","geometry":{"type":"Point","coordinates":[-6.285048,36.61086]},"properties":{"id":"VUT/CA/09565","type":"VUT","group":"Completa","address":"CALLE DE LA CIRUELA Nº 7 Plta/Piso 2 Pta/Letra A, piso 2, puerta A","postal_code":"11500","places":8,"units":3,"registered":"2019-12-31","catastro":"2953904QA4525D0009KM","holder":null,"holder_count":null}},{"type":"Feature","geometry":{"type":"Point","coordinates":[-6.262971,36.581884]},"properties":{"id":"VUT/CA/09575","type":"VUT","group":"Completa","address":"PASEO SANTA CATALINA Nº 3-5","postal_code":"11500","places":12,"units":6,"registered":"2020-01-03","catastro":"4921203QA4542N0001XH","holder":"K. BISCAINE SL","holder_count":1}},{"type":"Feature","geometry":{"type":"Point","coordinates":[-6.260716,36.580627]},"properties":{"id":"VUT/CA/09582","type":"VUT","group":"Completa","address":"AVENIDA DE LA MURALLA Nº 94 Esc. 01 Pta/Letra 02, puerta 02","postal_code":"11500","places":4,"units":1,"registered":"2020-01-07","catastro":"5217401QA4551G0047KB","holder":null,"holder_count":null}},{"type":"Feature","geometry":{"type":"Point","coordinates":[-6.286027,36.610481]},"properties":{"id":"VUT/CA/09585","type":"VUT","group":"Completa","address":"CALLE Mora Nº 5 Plta/Piso 2 Pta/Letra 14, piso 2, puerta 14","postal_code":"11500","places":4,"units":1,"registered":"2020-01-07","catastro":"3153838QA4535C0026TY","holder":null,"holder_count":null}},{"type":"Feature","geometry":{"type":"Point","coordinates":[-6.286615,36.611646]},"properties":{"id":"VUT/CA/09588","type":"VUT","group":"Completa","address":"CALLE Ciruela Nº 21 Plta/Piso BAJO Pta/Letra A Compl.Dom. TERRAZAS DE FUENTEBRAVIA, piso BAJO, puerta A","postal_code":"11500","places":6,"units":2,"registered":"2020-01-07","catastro":"2854105QA4525D1001ZD","holder":null,"holder_count":null}},{"type":"Feature","geometry":{"type":"Point","coordinates":[-6.236178,36.593238]},"properties":{"id":"VUT/CA/09606","type":"VUT","group":"Completa","address":"CALLE TORTOLA Nº 4 Plta/Piso 7 Pta/Letra 4, piso 7, puerta 4","postal_code":"11500","places":4,"units":2,"registered":"2020-01-10","catastro":"7335604QA4573E0028EI","holder":null,"holder_count":null}},{"type":"Feature","geometry":{"type":"Point","coordinates":[-6.223436,36.571369]},"properties":{"id":"VUT/CA/09629","type":"VUT","group":"Completa","address":"URBANIZACION Blegamar Nº 3 Plta/Piso 9 Pta/Letra B, piso 9, puerta B","postal_code":"11500","places":6,"units":4,"registered":"2020-01-14","catastro":"8611706QA4581B0017IS","holder":null,"holder_count":null}},{"type":"Feature","geometry":{"type":"Point","coordinates":[-6.223545,36.601599]},"properties":{"id":"VUT/CA/09643","type":"VUT","group":"Completa","address":"CALLE CHANCA Nº 18 Plta/Piso 1 Pta/Letra D, piso 1, puerta D","postal_code":"11500","places":5,"units":3,"registered":"2020-01-16","catastro":"8445701QA4584E0001XI","holder":"LEKAING GESTION S.L","holder_count":1}},{"type":"Feature","geometry":{"type":"Point","coordinates":[-6.272737,36.604402]},"properties":{"id":"VUT/CA/09649","type":"VUT","group":"Completa","address":"CALLE ANCORA Nº 1 Blq. 13","postal_code":"11500","places":4,"units":1,"registered":"2020-01-17","catastro":"4145901QA4544E0158QF","holder":null,"holder_count":null}},{"type":"Feature","geometry":{"type":"Point","coordinates":[-6.284374,36.608244]},"properties":{"id":"VUT/CA/09687","type":"VUT","group":"Completa","address":"CALLE BALANDRO Nº 57 Pta/Letra 10, puerta 10","postal_code":"11500","places":8,"units":3,"registered":"2020-01-21","catastro":"3150907QA4535A0004PK","holder":null,"holder_count":null}},{"type":"Feature","geometry":{"type":"Point","coordinates":[-6.272737,36.604402]},"properties":{"id":"VUT/CA/09699","type":"VUT","group":"Completa","address":"CARRETERA EL ANCLA Nº 11 Blq. 13 Esc. 3 Pta/Letra 01, puerta 01","postal_code":"11500","places":4,"units":1,"registered":"2020-01-22","catastro":"4145901QA4544E0158QF","holder":null,"holder_count":null}},{"type":"Feature","geometry":{"type":"Point","coordinates":[-6.272737,36.604402]},"properties":{"id":"VUT/CA/09711","type":"VUT","group":"Completa","address":"URBANIZACION EL ANCLA Nº 11 Blq. 19 Plta/Piso 2 Pta/Letra B, piso 2, puerta B","postal_code":"11500","places":6,"units":2,"registered":"2020-01-22","catastro":"4145901QA4544E0240SW","holder":null,"holder_count":null}},{"type":"Feature","geometry":{"type":"Point","coordinates":[-6.220493,36.579154]},"properties":{"id":"VUT/CA/09746","type":"VUT","group":"Completa","address":"CALLE ESTERO Nº 3","postal_code":"11500","places":7,"units":4,"registered":"2020-01-24","catastro":"8817440QA4581H0001AU","holder":null,"holder_count":null}},{"type":"Feature","geometry":{"type":"Point","coordinates":[-6.25796,36.580525]},"properties":{"id":"VUT/CA/09762","type":"VUT","group":"Completa","address":"AVENIDA del PUERTO Nº 3 Portal 3 Pta/Letra 01, puerta 01","postal_code":"11500","places":4,"units":1,"registered":"2020-01-27","catastro":"5420601QA4552A0021DO","holder":null,"holder_count":null}},{"type":"Feature","geometry":{"type":"Point","coordinates":[-6.233001,36.592421]},"properties":{"id":"VUT/CA/09764","type":"VUT","group":"Por habitaciones","address":"CALLE BAHIA DE BARBATE Nº 22","postal_code":"11500","places":3,"units":2,"registered":"2020-01-27","catastro":"7634216QA4573D0025DL","holder":null,"holder_count":null}},{"type":"Feature","geometry":{"type":"Point","coordinates":[-6.223085,36.569231]},"properties":{"id":"VUT/CA/09787","type":"VUT","group":"Completa","address":"PASEO MARITIMO Nº 37 Blq. A Plta/Piso 6 Pta/Letra 2 Compl.Dom. VALDELAGRANA, piso 6, puerta 2","postal_code":"11500","places":4,"units":1,"registered":"2020-01-28","catastro":"8709201QA4580H0224LD","holder":null,"holder_count":null}},{"type":"Feature","geometry":{"type":"Point","coordinates":[-6.256904,36.578401]},"properties":{"id":"VUT/CA/09789","type":"VUT","group":"Completa","address":"PLAZA GARVEY Nº 42 Esc. 7 Pta/Letra 04, puerta 04","postal_code":"11500","places":4,"units":1,"registered":"2020-01-28","catastro":"5217404QA4551G0080BK","holder":null,"holder_count":null}},{"type":"Feature","geometry":{"type":"Point","coordinates":[-6.25966,36.579004]},"properties":{"id":"VUT/CA/09796","type":"VUT","group":"Completa","address":"CALLE ARCOS Nº 74 Esc. 2 Plta/Piso 2 Pta/Letra 3, piso 2, puerta 3","postal_code":"11500","places":4,"units":1,"registered":"2020-01-28","catastro":"5217411QA4551G0024KE","holder":null,"holder_count":null}},{"type":"Feature","geometry":{"type":"Point","coordinates":[-6.219108,36.607143]},"properties":{"id":"VUT/CA/09815","type":"VUT","group":"Completa","address":"CALLE GRANJA SAN JAVIER Nº 1 Plta/Piso 2 Pta/Letra C, piso 2, puerta C","postal_code":"11500","places":6,"units":3,"registered":"2020-01-30","catastro":"8851502QA4585B0035IM","holder":null,"holder_count":null}},{"type":"Feature","geometry":{"type":"Point","coordinates":[-6.221107,36.602574]},"properties":{"id":"VUT/CA/09830","type":"VUT","group":"Completa","address":"CALLE ESPIRITU SANTO Nº 9 Esc. 1 Plta/Piso 0 Pta/Letra B, piso 0, puerta B","postal_code":"11500","places":15,"units":4,"registered":"2020-01-30","catastro":"8645413QA4584F0002UK","holder":null,"holder_count":null}},{"type":"Feature","geometry":{"type":"Point","coordinates":[-6.221107,36.602574]},"properties":{"id":"VUT/CA/09831","type":"VUT","group":"Completa","address":"CALLE ESPIRITU SANTO Nº 9 Esc. 1 Plta/Piso 0 Pta/Letra A, piso 0, puerta A","postal_code":"11500","places":12,"units":3,"registered":"2020-01-30","catastro":"8645413QA4584F0001YJ","holder":null,"holder_count":null}},{"type":"Feature","geometry":{"type":"Point","coordinates":[-6.260044,36.579538]},"properties":{"id":"VUT/CA/09835","type":"VUT","group":"Completa","address":"PASEO DEL SHERRY Nº 83 Esc. 01 Pta/Letra 02, puerta 02","postal_code":"11500","places":4,"units":1,"registered":"2020-01-31","catastro":"5217408QA4551G0002WP","holder":null,"holder_count":null}},{"type":"Feature","geometry":{"type":"Point","coordinates":[-6.226804,36.595158]},"properties":{"id":"VUT/CA/09853","type":"VUT","group":"Completa","address":"AVENIDA MICAELA ARAMBURU DE MORA Nº 32 Plta/Piso 4 Pta/Letra C, piso 4, puerta C","postal_code":"11500","places":2,"units":1,"registered":"2020-02-03","catastro":"8237310QA4583G0015HB","holder":null,"holder_count":null}},{"type":"Feature","geometry":{"type":"Point","coordinates":[-6.271606,36.603611]},"properties":{"id":"VUT/CA/09872","type":"VUT","group":"Completa","address":"CALLE ANCORA Nº 25 Plta/Piso 4 Pta/Letra A Compl.Dom. URBANIZAC. EL ANCLA, TERCERA FASE, BLOQUE 25, 4A, piso 4, puerta A","postal_code":"11500","places":6,"units":2,"registered":"2020-02-05","catastro":"4145902QA4544E0009LM","holder":null,"holder_count":null}},{"type":"Feature","geometry":{"type":"Point","coordinates":[-6.272737,36.604402]},"properties":{"id":"VUT/CA/09897","type":"VUT","group":"Completa","address":"CALLE ANCORA Blq. 17 Plta/Piso 1 Pta/Letra A, piso 1, puerta A","postal_code":"11500","places":6,"units":2,"registered":"2020-02-10","catastro":"4145901QA4544E0209HY","holder":null,"holder_count":null}},{"type":"Feature","geometry":{"type":"Point","coordinates":[-6.223085,36.569231]},"properties":{"id":"VUT/CA/09908","type":"VUT","group":"Completa","address":"URBANIZACION Colomina, Paseo Maritimo Nº 37 Blq. 2 Portal C Plta/Piso 1 Pta/Letra B2, piso 1, puerta B2","postal_code":"11500","places":6,"units":3,"registered":"2020-02-10","catastro":"8709201QA4580H0066BF","holder":null,"holder_count":null}},{"type":"Feature","geometry":{"type":"Point","coordinates":[-6.23671,36.612141]},"properties":{"id":"VUT/CA/09919","type":"VUT","group":"Completa","address":"CALLE PALOMA TORCÁZ Nº 13","postal_code":"11500","places":9,"units":4,"registered":"2020-02-11","catastro":"7256705QA4575E0001OZ","holder":null,"holder_count":null}},{"type":"Feature","geometry":{"type":"Point","coordinates":[-6.224483,36.599185]},"properties":{"id":"VUT/CA/09933","type":"VUT","group":"Completa","address":"PLAZA DE LA CARCEL Portal 3 Pta/Letra B Compl.Dom. EDIFICIO EUROPA, puerta B","postal_code":"11500","places":4,"units":2,"registered":"2020-02-12","catastro":"8342601QA4584A0013BR","holder":null,"holder_count":null}},{"type":"Feature","geometry":{"type":"Point","coordinates":[-6.21933,36.608047]},"properties":{"id":"VUT/CA/09959","type":"VUT","group":"Completa","address":"AVENIDA Diputación Nº 10 Plta/Piso 2 Pta/Letra e, piso 2, puerta e","postal_code":"11500","places":6,"units":2,"registered":"2020-02-17","catastro":"8852802qa4585b0012iy","holder":null,"holder_count":null}},{"type":"Feature","geometry":{"type":"Point","coordinates":[-6.21516,36.615272]},"properties":{"id":"VUT/CA/09960","type":"VUT","group":"Completa","address":"AVENIDA DE LA MUSICA Nº 5 Portal 2 Plta/Piso 3 Pta/Letra C, piso 3, puerta C","postal_code":"11500","places":5,"units":3,"registered":"2020-02-17","catastro":"9160102QA4596A0063KI","holder":null,"holder_count":null}},{"type":"Feature","geometry":{"type":"Point","coordinates":[-6.272737,36.604402]},"properties":{"id":"VUT/CA/09970","type":"VUT","group":"Completa","address":"CALLE ANCORA Nº 1 Blq. 18 Plta/Piso BAJO Pta/Letra IZQUIERDA Compl.Dom. URBANIZACION \"EL ANCLA\", piso BAJO, puerta IZQUIERDA","postal_code":"11500","places":6,"units":2,"registered":"2020-02-18","catastro":"4145901QA4544E0234OX","holder":null,"holder_count":null}},{"type":"Feature","geometry":{"type":"Point","coordinates":[-6.263281,36.584049]},"properties":{"id":"VUT/CA/09985","type":"VUT","group":"Completa","address":"CALLE CLIPPER Nº 30","postal_code":"11500","places":8,"units":4,"registered":"2020-02-19","catastro":"5024202QA4552C0001ZD","holder":null,"holder_count":null}},{"type":"Feature","geometry":{"type":"Point","coordinates":[-6.231371,36.601461]},"properties":{"id":"VUT/CA/10035","type":"VUT","group":"Por habitaciones","address":"CALLE CAPILLERA Nº 8","postal_code":"11500","places":4,"units":2,"registered":"2020-02-25","catastro":"7744916QA4574D0001RK","holder":null,"holder_count":null}},{"type":"Feature","geometry":{"type":"Point","coordinates":[-6.222208,36.602616]},"properties":{"id":"VUT/CA/10083","type":"VUT","group":"Completa","address":"CALLE Angel Urzaiz Nº 14 Pta/Letra 5, puerta 5","postal_code":"11500","places":4,"units":1,"registered":"2020-03-02","catastro":"8645403QA4584F0006JX","holder":null,"holder_count":null}},{"type":"Feature","geometry":{"type":"Point","coordinates":[-6.222208,36.602616]},"properties":{"id":"VUT/CA/10084","type":"VUT","group":"Completa","address":"CALLE Angel Urzaiz Nº 14 Pta/Letra 9, puerta 9","postal_code":"11500","places":8,"units":2,"registered":"2020-03-02","catastro":"8645403QA4584F0010KM","holder":null,"holder_count":null}},{"type":"Feature","geometry":{"type":"Point","coordinates":[-6.229718,36.598774]},"properties":{"id":"VUT/CA/10087","type":"VUT","group":"Por habitaciones","address":"CALLE SANTA LUCÍA Nº 15","postal_code":"11500","places":6,"units":3,"registered":"2020-03-02","catastro":"7941910QA4574B0001AM","holder":null,"holder_count":null}},{"type":"Feature","geometry":{"type":"Point","coordinates":[-6.227384,36.598592]},"properties":{"id":"VUT/CA/10096","type":"VUT","group":"Completa","address":"CALLE PALACIOS Nº 47 Plta/Piso 2 Pta/Letra 7, piso 2, puerta 7","postal_code":"11500","places":4,"units":1,"registered":"2020-03-02","catastro":"8141116QA4584A0008WW","holder":null,"holder_count":null}},{"type":"Feature","geometry":{"type":"Point","coordinates":[-6.276236,36.6138]},"properties":{"id":"VUT/CA/10119","type":"VUT","group":"Completa","address":"CALLE Los Sauces Nº 2","postal_code":"11500","places":4,"units":2,"registered":"2020-03-04","catastro":"3757208QA4535F0001ZF","holder":null,"holder_count":null}},{"type":"Feature","geometry":{"type":"Point","coordinates":[-6.223852,36.580037]},"properties":{"id":"VUT/CA/10142","type":"VUT","group":"Completa","address":"AVENIDA CATALINA SANTOS LA GUACHI Nº 35 Portal 2 Plta/Piso 5 Pta/Letra A Compl.Dom. UR PUERTOMAR, piso 5, puerta A","postal_code":"11500","places":6,"units":3,"registered":"2020-03-06","catastro":"8320501QA4582A0065LU","holder":null,"holder_count":null}},{"type":"Feature","geometry":{"type":"Point","coordinates":[-6.285048,36.61086]},"properties":{"id":"VUT/CA/10154","type":"VUT","group":"Completa","address":"CALLE DE LA CIRUELA Nº 7 Plta/Piso 3 Pta/Letra D Compl.Dom. EDIFICIO BAHÍA, FUENTEBRAVIA, piso 3, puerta D","postal_code":"11500","places":5,"units":2,"registered":"2020-03-07","catastro":"2953904QA4525D0016XR","holder":null,"holder_count":null}},{"type":"Feature","geometry":{"type":"Point","coordinates":[-6.224672,36.597798]},"properties":{"id":"VUT/CA/10159","type":"VUT","group":"Completa","address":"CALLE LUNA Nº 1 Plta/Piso 2 Pta/Letra DCH, piso 2, puerta DCH","postal_code":"11500","places":6,"units":3,"registered":"2020-03-09","catastro":"8340711QA4584A0003QB","holder":"THE ONE ORIGINAL HOMES S.L.U.","holder_count":1}},{"type":"Feature","geometry":{"type":"Point","coordinates":[-6.230691,36.603768]},"properties":{"id":"VUT/CA/10187","type":"VUT","group":"Completa","address":"CALLE GLORIETA JUAN DE AUSTRIA Nº 2 Plta/Piso ATICO Pta/Letra D, piso ATICO, puerta D","postal_code":"11500","places":4,"units":2,"registered":"2020-03-11","catastro":"7846214QA4574F0039SL","holder":null,"holder_count":null}},{"type":"Feature","geometry":{"type":"Point","coordinates":[-6.222059,36.600738]},"properties":{"id":"VUT/CA/10188","type":"VUT","group":"Completa","address":"CALLE RIBERA DEL RIO Nº 10 Esc. 01 Plta/Piso 01 Pta/Letra 01, piso 01, puerta 01","postal_code":"11500","places":10,"units":3,"registered":"2020-03-11","catastro":"8644101QA4584D0005RE","holder":null,"holder_count":null}},{"type":"Feature","geometry":{"type":"Point","coordinates":[-6.223852,36.580037]},"properties":{"id":"VUT/CA/10225","type":"VUT","group":"Completa","address":"AVENIDA CATALINA SANTOS LA GUACHI Nº 35 Blq. 4 Esc. 1 Plta/Piso 2 Pta/Letra B, piso 2, puerta B","postal_code":"11500","places":8,"units":3,"registered":"2020-03-20","catastro":"8320501QA4582A0006QS","holder":null,"holder_count":null}},{"type":"Feature","geometry":{"type":"Point","coordinates":[-6.261012,36.606522]},"properties":{"id":"VUT/CA/10280","type":"VUT","group":"Completa","address":"CALLE ROCIO Nº 6 Compl.Dom. URBANIZACION EL CARMEN","postal_code":"11500","places":12,"units":5,"registered":"2020-04-02","catastro":"5149214QA4554G0001TF","holder":null,"holder_count":null}},{"type":"Feature","geometry":{"type":"Point","coordinates":[-6.227291,36.596337]},"properties":{"id":"VUT/CA/10305","type":"VUT","group":"Completa","address":"PLAZA JUAN DE LA COSA Nº 5","postal_code":"11500","places":5,"units":4,"registered":"2020-04-13","catastro":"8138504QA4583G0001XO","holder":null,"holder_count":null}},{"type":"Feature","geometry":{"type":"Point","coordinates":[-6.223852,36.580037]},"properties":{"id":"VUT/CA/10306","type":"VUT","group":"Completa","address":"AVENIDA CATALINA SANTOS LA GUACHI Nº 37 Blq. 2 Plta/Piso 2 Pta/Letra A, piso 2, puerta A","postal_code":"11500","places":7,"units":3,"registered":"2020-04-13","catastro":"8320501QA4582A0053PZ","holder":null,"holder_count":null}},{"type":"Feature","geometry":{"type":"Point","coordinates":[-6.253082,36.600747]},"properties":{"id":"VUT/CA/10317","type":"VUT","group":"Completa","address":"AVENIDA Eduardo y Felipe osborne, Nº 2 Blq. 8","postal_code":"11500","places":8,"units":4,"registered":"2020-04-17","catastro":"5743913QA4554D0008XJ","holder":null,"holder_count":null}},{"type":"Feature","geometry":{"type":"Point","coordinates":[-6.262847,36.582916]},"properties":{"id":"VUT/CA/10347","type":"VUT","group":"Completa","address":"CALLE FUERTE CIUDAD Nº 36 Pta/Letra 5, puerta 5","postal_code":"11500","places":8,"units":4,"registered":"2020-04-28","catastro":"5023420QA4552C0005ZJ","holder":null,"holder_count":null}},{"type":"Feature","geometry":{"type":"Point","coordinates":[-6.284883,36.61076]},"properties":{"id":"VUT/CA/10357","type":"VUT","group":"Completa","address":"CALLE CIRUELA Nº 5 Plta/Piso BAJA Pta/Letra D Compl.Dom. EDIFICIO BAHIA, PLAYA DE FUENTEBRAVIA, piso BAJA, puerta D","postal_code":"11500","places":8,"units":3,"registered":"2020-05-05","catastro":"2953905QA4525D0004XK","holder":null,"holder_count":null}},{"type":"Feature","geometry":{"type":"Point","coordinates":[-6.280408,36.608175]},"properties":{"id":"VUT/CA/10362","type":"VUT","group":"Completa","address":"CALLE BERGANTIN Nº 26 Compl.Dom. URBANIZACION EL MANANTIAL","postal_code":"11500","places":7,"units":3,"registered":"2020-05-08","catastro":"3350412QA4535A0001SG","holder":null,"holder_count":null}},{"type":"Feature","geometry":{"type":"Point","coordinates":[-6.228825,36.597716]},"properties":{"id":"VUT/CA/10366","type":"VUT","group":"Completa","address":"CALLE San Bartolome Nº 29 Plta/Piso 2 Pta/Letra B, piso 2, puerta B","postal_code":"11500","places":4,"units":1,"registered":"2020-05-11","catastro":"8040909QA4584A0007MQ","holder":null,"holder_count":null}},{"type":"Feature","geometry":{"type":"Point","coordinates":[-6.225221,36.599383]},"properties":{"id":"VUT/CA/10399","type":"VUT","group":"Completa","address":"CALLE VIRGEN DE LOS MILAGROS Nº 85 Plta/Piso 1 Pta/Letra 1, piso 1, puerta 1","postal_code":"11500","places":2,"units":1,"registered":"2020-05-21","catastro":"8342603QA4584A0001YK","holder":null,"holder_count":null}},{"type":"Feature","geometry":{"type":"Point","coordinates":[-6.256904,36.578401]},"properties":{"id":"VUT/CA/10400","type":"VUT","group":"Completa","address":"PLAZA GARVEY Nº 12 Plta/Piso 2 Pta/Letra A, piso 2, puerta A","postal_code":"11500","places":4,"units":2,"registered":"2020-05-21","catastro":"5217404QA4551G0073HF","holder":null,"holder_count":null}},{"type":"Feature","geometry":{"type":"Point","coordinates":[-6.223556,36.600893]},"properties":{"id":"VUT/CA/10406","type":"VUT","group":"Completa","address":"CALLE LUJA Nº 12 Esc. 1 Plta/Piso 3, piso 3","postal_code":"11500","places":8,"units":3,"registered":"2020-05-27","catastro":"8544105QA4584D0002XM","holder":null,"holder_count":null}},{"type":"Feature","geometry":{"type":"Point","coordinates":[-6.269768,36.588334]},"properties":{"id":"VUT/CA/10436","type":"VUT","group":"Completa","address":"CALLE ALTAIR Nº 11","postal_code":"11500","places":12,"units":4,"registered":"2020-06-03","catastro":"4328504QA4542G0001AX","holder":"SCANOMAT ESPAÑA S.L.","holder_count":1}},{"type":"Feature","geometry":{"type":"Point","coordinates":[-6.223085,36.569231]},"properties":{"id":"VUT/CA/10464","type":"VUT","group":"Completa","address":"PASEO MARITIMO Nº 37 Blq. A1 Plta/Piso 7 Pta/Letra 4 Compl.Dom. UR COLOMINA, piso 7, puerta 4","postal_code":"11500","places":8,"units":3,"registered":"2020-06-08","catastro":"8709201QA4580H0232QK","holder":null,"holder_count":null}},{"type":"Feature","geometry":{"type":"Point","coordinates":[-6.274967,36.603761]},"properties":{"id":"VUT/CA/10491","type":"VUT","group":"Completa","address":"CALLE BOLARDO Nº 6","postal_code":"11500","places":10,"units":4,"registered":"2020-06-12","catastro":"3846202QA4534F0003DX","holder":null,"holder_count":null}},{"type":"Feature","geometry":{"type":"Point","coordinates":[-6.280992,36.607262]},"properties":{"id":"VUT/CA/10495","type":"VUT","group":"Completa","address":"CALLE DE LOS ARCOS Nº 23","postal_code":"11500","places":6,"units":3,"registered":"2020-06-12","catastro":"3447555QA4534G0001AY","holder":null,"holder_count":null}},{"type":"Feature","geometry":{"type":"Point","coordinates":[-6.224475,36.602248]},"properties":{"id":"VUT/CA/10501","type":"VUT","group":"Completa","address":"CALLE CERVANTES Nº 3","postal_code":"11500","places":5,"units":4,"registered":"2020-06-15","catastro":"8345815QA4584E0001KI","holder":null,"holder_count":null}},{"type":"Feature","geometry":{"type":"Point","coordinates":[-6.230785,36.601925]},"properties":{"id":"VUT/CA/10532","type":"VUT","group":"Completa","address":"CALLE SAN JUAN Nº 37 Plta/Piso 0 Pta/Letra 1, piso 0, puerta 1","postal_code":"11500","places":4,"units":1,"registered":"2020-06-18","catastro":"7844909QA4574D0002UL","holder":null,"holder_count":null}},{"type":"Feature","geometry":{"type":"Point","coordinates":[-6.224742,36.599895]},"properties":{"id":"VUT/CA/10545","type":"VUT","group":"Por habitaciones","address":"CALLE VIRGEN DE LOS MILAGROS Nº 75 Plta/Piso 2, piso 2","postal_code":"11500","places":2,"units":1,"registered":"2020-06-19","catastro":"8342607QA4584A0004XZ","holder":null,"holder_count":null}},{"type":"Feature","geometry":{"type":"Point","coordinates":[-6.234472,36.610601]},"properties":{"id":"VUT/CA/10564","type":"VUT","group":"Completa","address":"CALLE CAMINO DE LA CERERÍA Nº 7","postal_code":"11500","places":8,"units":4,"registered":"2020-06-22","catastro":"7556219QA4575F0001KU","holder":null,"holder_count":null}},{"type":"Feature","geometry":{"type":"Point","coordinates":[-6.231517,36.602967]},"properties":{"id":"VUT/CA/10593","type":"VUT","group":"Completa","address":"PLAZA San Juan Nº 4 Plta/Piso bajo Pta/Letra C, piso bajo, puerta C","postal_code":"11500","places":5,"units":2,"registered":"2020-06-24","catastro":"7846204QA4574F0021ER","holder":null,"holder_count":null}},{"type":"Feature","geometry":{"type":"Point","coordinates":[-6.222932,36.573062]},"properties":{"id":"VUT/CA/10607","type":"VUT","group":"Completa","address":"PASEO MARITIMO Nº 31 Blq. 10 Plta/Piso 11 Pta/Letra B Compl.Dom. Edificio Vigalpe 500, piso 11, puerta B","postal_code":"11500","places":8,"units":3,"registered":"2020-06-25","catastro":"8613101QA4581D0042AM","holder":null,"holder_count":null}},{"type":"Feature","geometry":{"type":"Point","coordinates":[-6.245227,36.593936]},"properties":{"id":"VUT/CA/10618","type":"VUT","group":"Completa","address":"CALLE ANTILLAS Nº 2 Blq. 6 Plta/Piso 1 Pta/Letra A, piso 1, puerta A","postal_code":"11500","places":5,"units":2,"registered":"2020-06-26","catastro":"6535402QA4563F0028JD","holder":null,"holder_count":null}},{"type":"Feature","geometry":{"type":"Point","coordinates":[-6.272045,36.593459]},"properties":{"id":"VUT/CA/10636","type":"VUT","group":"Completa","address":"CALLE JAVIER MERELLO Blq. 4 Portal 1 Plta/Piso 9 Pta/Letra B Compl.Dom. EDIF.ALCOTAN, piso 9, puerta B","postal_code":"11500","places":5,"units":3,"registered":"2020-06-29","catastro":"4333518QA4543C0245BK","holder":"TIMPA SL","holder_count":1}},{"type":"Feature","geometry":{"type":"Point","coordinates":[-6.228867,36.600404]},"properties":{"id":"VUT/CA/10638","type":"VUT","group":"Completa","address":"CALLE SAN JUAN Nº 7 Portal A Plta/Piso BJ, piso BJ","postal_code":"11500","places":4,"units":2,"registered":"2020-06-29","catastro":"7943913QA4574D0002EL","holder":"TERRACAL CARRETILLAS SL","holder_count":1}},{"type":"Feature","geometry":{"type":"Point","coordinates":[-6.233592,36.595201]},"properties":{"id":"VUT/CA/10640","type":"VUT","group":"Completa","address":"CALLE VENCEJOS Nº 4 Esc. 8 Plta/Piso 4 Pta/Letra A, piso 4, puerta A","postal_code":"11500","places":4,"units":2,"registered":"2020-06-29","catastro":"7637806QA4573H0053IT","holder":null,"holder_count":null}},{"type":"Feature","geometry":{"type":"Point","coordinates":[-6.224464,36.577606]},"properties":{"id":"VUT/CA/10671","type":"VUT","group":"Completa","address":"AVENIDA DE LA PAZ Nº 77 Plta/Piso 9 Pta/Letra C, piso 9, puerta C","postal_code":"11500","places":6,"units":2,"registered":"2020-07-02","catastro":"8418701QA4518G0282KF","holder":null,"holder_count":null}},{"type":"Feature","geometry":{"type":"Point","coordinates":[-6.231162,36.602668]},"properties":{"id":"VUT/CA/10676","type":"VUT","group":"Completa","address":"PLAZA SAN JUAN Nº 7 Plta/Piso 2 Pta/Letra E, piso 2, puerta E","postal_code":"11500","places":4,"units":1,"registered":"2020-07-03","catastro":"7846201QA4574F0013JX","holder":null,"holder_count":null}},{"type":"Feature","geometry":{"type":"Point","coordinates":[-6.223852,36.580037]},"properties":{"id":"VUT/CA/10681","type":"VUT","group":"Completa","address":"AVENIDA Catalina Santos la Guachi Nº 33 Blq. 13 Plta/Piso 4 Pta/Letra D, piso 4, puerta D","postal_code":"11500","places":4,"units":2,"registered":"2020-07-03","catastro":"8320501QA4582A0427TH","holder":null,"holder_count":null}},{"type":"Feature","geometry":{"type":"Point","coordinates":[-6.223852,36.580037]},"properties":{"id":"VUT/CA/10688","type":"VUT","group":"Completa","address":"AVENIDA CATALINA SANTOS LA GUACHI Nº 33 Blq. 13 Plta/Piso 1 Pta/Letra B, piso 1, puerta B","postal_code":"11500","places":4,"units":1,"registered":"2020-07-06","catastro":"8320501QA4582A0410FW","holder":null,"holder_count":null}},{"type":"Feature","geometry":{"type":"Point","coordinates":[-6.239156,36.594664]},"properties":{"id":"VUT/CA/10708","type":"VUT","group":"Completa","address":"CALLE MAESTRO JUAN PINTO Nº 6 Plta/Piso 7 Pta/Letra C, piso 7, puerta C","postal_code":"11500","places":5,"units":3,"registered":"2020-07-08","catastro":"7036503QA4573E0027KU","holder":null,"holder_count":null}},{"type":"Feature","geometry":{"type":"Point","coordinates":[-6.223085,36.569231]},"properties":{"id":"VUT/CA/10723","type":"VUT","group":"Completa","address":"PASEO MARITIMO Nº 37 Blq. 5A Plta/Piso 10 Pta/Letra 4, piso 10, puerta 4","postal_code":"11500","places":8,"units":4,"registered":"2020-07-12","catastro":"8709201QA4580H0322BF","holder":"JADA VISUALS MEDIA SL","holder_count":1}},{"type":"Feature","geometry":{"type":"Point","coordinates":[-6.222932,36.573062]},"properties":{"id":"VUT/CA/10778","type":"VUT","group":"Completa","address":"PASEO MARITIMO Nº 31 Blq. 9 Plta/Piso 2 Pta/Letra A Compl.Dom. EDIFICIO VIGALPE 500, piso 2, puerta A","postal_code":"11500","places":7,"units":2,"registered":"2020-07-16","catastro":"8613101QA4581D0049KU","holder":null,"holder_count":null}},{"type":"Feature","geometry":{"type":"Point","coordinates":[-6.228877,36.604303]},"properties":{"id":"VUT/CA/10788","type":"VUT","group":"Completa","address":"CALLE YERBA Nº 6 Plta/Piso 3 Pta/Letra C, piso 3, puerta C","postal_code":"11500","places":6,"units":3,"registered":"2020-07-18","catastro":"7947502QA4574H0031QY","holder":null,"holder_count":null}},{"type":"Feature","geometry":{"type":"Point","coordinates":[-6.223341,36.570379]},"properties":{"id":"VUT/CA/10804","type":"VUT","group":"Completa","address":"PASEO Marítimo Nº 35 Blq. 7 Plta/Piso 2 Pta/Letra D Compl.Dom. Edificio Ancla, piso 2, puerta D","postal_code":"11500","places":8,"units":4,"registered":"2020-07-22","catastro":"8611727QA4581B0004KW","holder":null,"holder_count":null}},{"type":"Feature","geometry":{"type":"Point","coordinates":[-6.273545,36.599227]},"properties":{"id":"VUT/CA/10810","type":"VUT","group":"Completa","address":"CALLE oceano atlantico Nº 66 Plta/Piso 1 Pta/Letra 7, piso 1, puerta 7","postal_code":"11500","places":6,"units":2,"registered":"2020-07-23","catastro":"4041101QA4544D0053KB","holder":null,"holder_count":null}},{"type":"Feature","geometry":{"type":"Point","coordinates":[-6.227559,36.599547]},"properties":{"id":"VUT/CA/10813","type":"VUT","group":"Completa","address":"CALLE LUNA Nº 55 Plta/Piso 1 Pta/Letra A, piso 1, puerta A","postal_code":"11500","places":4,"units":2,"registered":"2020-07-23","catastro":"8042619QA4584A0004SZ","holder":"DELGADO Y GALLARDO, S.L.","holder_count":2}},{"type":"Feature","geometry":{"type":"Point","coordinates":[-6.227559,36.599547]},"properties":{"id":"VUT/CA/10815","type":"VUT","group":"Completa","address":"CALLE LUNA Nº 55 Plta/Piso 2 Pta/Letra A, piso 2, puerta A","postal_code":"11500","places":4,"units":2,"registered":"2020-07-23","catastro":"8042619QA4584A0007GQ","holder":"DELGADO Y GALLARDO, S.L.","holder_count":2}},{"type":"Feature","geometry":{"type":"Point","coordinates":[-6.221548,36.604585]},"properties":{"id":"VUT/CA/10819","type":"VUT","group":"Completa","address":"CALLE Cielos Nº 6 Plta/Piso 2 Pta/Letra d, piso 2, puerta d","postal_code":"11500","places":4,"units":2,"registered":"2020-07-23","catastro":"8647307QA4584H0010FK","holder":null,"holder_count":null}},{"type":"Feature","geometry":{"type":"Point","coordinates":[-6.222929,36.578052]},"properties":{"id":"VUT/CA/10835","type":"VUT","group":"Completa","address":"AUTOPISTA ANTA MARIA DEL MAR Nº 3 Blq. 8 Plta/Piso 5 Pta/Letra I3, piso 5, puerta I3","postal_code":"11500","places":6,"units":3,"registered":"2020-07-31","catastro":"8620101QA4582B0199UZ","holder":null,"holder_count":null}},{"type":"Feature","geometry":{"type":"Point","coordinates":[-6.268104,36.603343]},"properties":{"id":"VUT/CA/10842","type":"VUT","group":"Completa","address":"CALLE Mar de Filipinas Nº 2 Esc. 1","postal_code":"11500","places":6,"units":2,"registered":"2020-08-03","catastro":"4445809QA4544D0004EO","holder":null,"holder_count":null}},{"type":"Feature","geometry":{"type":"Point","coordinates":[-6.281416,36.608494]},"properties":{"id":"VUT/CA/10849","type":"VUT","group":"Completa","address":"CALLE ALTOS DEL MANANTIAL Nº 16 Compl.Dom. URBANIZACION EL MANANTIAL","postal_code":"11500","places":5,"units":4,"registered":"2020-08-05","catastro":"3447514QA4534G0001EY","holder":null,"holder_count":null}},{"type":"Feature","geometry":{"type":"Point","coordinates":[-6.23671,36.612141]},"properties":{"id":"VUT/CA/10871","type":"VUT","group":"Completa","address":"CALLE PALOMA TORCAZ Nº 11","postal_code":"11500","places":4,"units":1,"registered":"2020-08-13","catastro":"7256705QA4575E0001OZ","holder":null,"holder_count":null}},{"type":"Feature","geometry":{"type":"Point","coordinates":[-6.22782,36.607485]},"properties":{"id":"VUT/CA/10872","type":"VUT","group":"Completa","address":"AVENIDA VALENCIA Nº 14","postal_code":"11500","places":8,"units":3,"registered":"2020-08-13","catastro":"8151207QA4585A0001ES","holder":null,"holder_count":null}},{"type":"Feature","geometry":{"type":"Point","coordinates":[-6.257371,36.583804]},"properties":{"id":"VUT/CA/10874","type":"VUT","group":"Completa","address":"CALLE CASUARIA Nº 6","postal_code":"11500","places":12,"units":5,"registered":"2020-08-14","catastro":"5424806QA4552C0001ED","holder":null,"holder_count":null}},{"type":"Feature","geometry":{"type":"Point","coordinates":[-6.223716,36.599065]},"properties":{"id":"VUT/CA/10878","type":"VUT","group":"Completa","address":"CALLE RIBERA DEL RIO Nº 15 Plta/Piso ATICO Pta/Letra 11, piso ATICO, puerta 11","postal_code":"11500","places":3,"units":2,"registered":"2020-08-16","catastro":"8441502QA4584A0018JO","holder":null,"holder_count":null}},{"type":"Feature","geometry":{"type":"Point","coordinates":[-6.224464,36.577606]},"properties":{"id":"VUT/CA/10882","type":"VUT","group":"Completa","address":"AVENIDA DE LA PAZ Nº 63 Plta/Piso 2 Pta/Letra A Compl.Dom. URBANIZACION VALDEMAR, piso 2, puerta A","postal_code":"11500","places":8,"units":3,"registered":"2020-08-17","catastro":"8418701QA4518G0289WZ","holder":null,"holder_count":null}},{"type":"Feature","geometry":{"type":"Point","coordinates":[-6.217789,36.576702]},"properties":{"id":"VUT/CA/10883","type":"VUT","group":"Completa","address":"CALLE PRADO DEL REY Nº 13","postal_code":"11500","places":10,"units":5,"registered":"2020-08-18","catastro":"9017704QA4591E0001XU","holder":null,"holder_count":null}},{"type":"Feature","geometry":{"type":"Point","coordinates":[-6.227674,36.594082]},"properties":{"id":"VUT/CA/10898","type":"VUT","group":"Completa","address":"CALLE AURORA Nº 7 Plta/Piso 1 Pta/Letra A, piso 1, puerta A","postal_code":"11500","places":6,"units":3,"registered":"2020-08-24","catastro":"8136602QA4583E0001ZF","holder":null,"holder_count":null}},{"type":"Feature","geometry":{"type":"Point","coordinates":[-6.223943,36.599133]},"properties":{"id":"VUT/CA/10902","type":"VUT","group":"Completa","address":"PLAZA Herreria Nº 6 Plta/Piso 2 Pta/Letra C, piso 2, puerta C","postal_code":"11500","places":6,"units":2,"registered":"2020-08-24","catastro":"8442901QA4584A0012ME","holder":null,"holder_count":null}},{"type":"Feature","geometry":{"type":"Point","coordinates":[-6.25966,36.579004]},"properties":{"id":"VUT/CA/10917","type":"VUT","group":"Completa","address":"PASEO DE LA BAHIA Nº 75 Compl.Dom. CASAS 75 Y 76 DEL PUEBLO MARINERO, PUERTO SHERRY","postal_code":"11500","places":6,"units":3,"registered":"2020-09-02","catastro":"5217411QA4551G0030ZY","holder":null,"holder_count":null}},{"type":"Feature","geometry":{"type":"Point","coordinates":[-6.284551,36.610819]},"properties":{"id":"VUT/CA/10945","type":"VUT","group":"Completa","address":"CALLE CIRUELA Nº 6 Plta/Piso BAJO Pta/Letra D, piso BAJO, puerta D","postal_code":"11500","places":7,"units":2,"registered":"2020-09-10","catastro":"3053210QA4535C0012PK","holder":null,"holder_count":null}},{"type":"Feature","geometry":{"type":"Point","coordinates":[-6.258241,36.578789]},"properties":{"id":"VUT/CA/10947","type":"VUT","group":"Completa","address":"CALLE BULEVAR DEL OLOROSO Nº 53 Esc. 01 Plta/Piso 01 Pta/Letra 1A, piso 01, puerta 1A","postal_code":"11500","places":8,"units":2,"registered":"2020-09-10","catastro":"5217413QA4551G0006QF","holder":null,"holder_count":null}},{"type":"Feature","geometry":{"type":"Point","coordinates":[-6.275685,36.603235]},"properties":{"id":"VUT/CA/10964","type":"VUT","group":"Completa","address":"CALLE CANDELERO Nº 30 Compl.Dom. URBANIZACION JARDINES DE URBIS","postal_code":"11500","places":8,"units":4,"registered":"2020-09-11","catastro":"3745401QA4534F0005JQ","holder":null,"holder_count":null}},{"type":"Feature","geometry":{"type":"Point","coordinates":[-6.227559,36.599547]},"properties":{"id":"VUT/CA/10968","type":"VUT","group":"Completa","address":"CALLE LUNA Nº 55 Plta/Piso 1 Pta/Letra B, piso 1, puerta B","postal_code":"11500","places":4,"units":2,"registered":"2020-09-14","catastro":"8042619QA4584A0005DX","holder":null,"holder_count":null}},{"type":"Feature","geometry":{"type":"Point","coordinates":[-6.227085,36.596271]},"properties":{"id":"VUT/CA/10991","type":"VUT","group":"Completa","address":"CALLE FEDERICO RUBIO Nº 9 Plta/Piso BAJO Pta/Letra DCHA Compl.Dom. EL PUERTO DE SANTA MARIA, piso BAJO, puerta DCHA","postal_code":"11500","places":4,"units":1,"registered":"2020-09-21","catastro":"8138506QA4583G0011QH","holder":null,"holder_count":null}},{"type":"Feature","geometry":{"type":"Point","coordinates":[-6.220907,36.574748]},"properties":{"id":"VUT/CA/10992","type":"VUT","group":"Completa","address":"CALLE LUCIO Nº 24 Compl.Dom. VALDELAGRANA","postal_code":"11500","places":6,"units":3,"registered":"2020-09-21","catastro":"8815201QA4581H0001EU","holder":null,"holder_count":null}},{"type":"Feature","geometry":{"type":"Point","coordinates":[-6.227559,36.599547]},"properties":{"id":"VUT/CA/10993","type":"VUT","group":"Completa","address":"CALLE LUNA Nº 55 Plta/Piso ENTREPLANT Pta/Letra B Compl.Dom. EL PUERTO DE STA MARIA, piso ENTREPLANT, puerta B","postal_code":"11500","places":6,"units":2,"registered":"2020-09-21","catastro":"8042619QA4584A0003AB","holder":null,"holder_count":null}},{"type":"Feature","geometry":{"type":"Point","coordinates":[-6.253642,36.600478]},"properties":{"id":"VUT/CA/11043","type":"VUT","group":"Completa","address":"CALLE AMPARO OSBORNE Nº 4 Pta/Letra 27, puerta 27","postal_code":"11500","places":5,"units":3,"registered":"2020-10-01","catastro":"5743912QA4554D0027EU","holder":null,"holder_count":null}},{"type":"Feature","geometry":{"type":"Point","coordinates":[-6.222929,36.578052]},"properties":{"id":"VUT/CA/11046","type":"VUT","group":"Completa","address":"URBANIZACION VVALDELAGRANA, Blq. 4 Plta/Piso 11 Compl.Dom. CONJUNTO RESIDENCIAL LA SALINERA, piso 11","postal_code":"11500","places":4,"units":2,"registered":"2020-10-01","catastro":"8620101QA4582B0123ZS","holder":null,"holder_count":null}},{"type":"Feature","geometry":{"type":"Point","coordinates":[-6.272737,36.604402]},"properties":{"id":"VUT/CA/11075","type":"VUT","group":"Completa","address":"CALLE ANCORA Nº 1 Blq. 20 Plta/Piso 3 Pta/Letra A, piso 3, puerta A","postal_code":"11500","places":5,"units":2,"registered":"2020-10-19","catastro":"4145901QA4544E0261RJ","holder":"ALVA ALQUILER Y PROPIEDADES S.L.","holder_count":1}},{"type":"Feature","geometry":{"type":"Point","coordinates":[-6.232869,36.605438]},"properties":{"id":"VUT/CA/11086","type":"VUT","group":"Completa","address":"CALLE TREN DE ROTA Nº 1 Blq. 14 Plta/Piso 4 Pta/Letra B, piso 4, puerta B","postal_code":"11500","places":6,"units":2,"registered":"2020-10-20","catastro":"7648101QA4574H0251WE","holder":null,"holder_count":null}},{"type":"Feature","geometry":{"type":"Point","coordinates":[-6.235777,36.596625]},"properties":{"id":"VUT/CA/11087","type":"VUT","group":"Completa","address":"CALLE DE LA REVOLERA Nº 14","postal_code":"11500","places":6,"units":3,"registered":"2020-10-21","catastro":"7339707QA4573G0001PT","holder":null,"holder_count":null}},{"type":"Feature","geometry":{"type":"Point","coordinates":[-6.281168,36.608037]},"properties":{"id":"VUT/CA/11098","type":"VUT","group":"Completa","address":"CALLE ALTOS DEL MANANTIAL Nº 41","postal_code":"11500","places":8,"units":4,"registered":"2020-10-22","catastro":"3350430QA4535A0001TG","holder":null,"holder_count":null}},{"type":"Feature","geometry":{"type":"Point","coordinates":[-6.229529,36.596932]},"properties":{"id":"VUT/CA/11105","type":"VUT","group":"Completa","address":"CALLE LA PALMA Nº 25 Plta/Piso 1º Pta/Letra G, piso 1º, puerta G","postal_code":"11500","places":6,"units":2,"registered":"2020-10-26","catastro":"7939912QA4573H0024TI","holder":null,"holder_count":null}},{"type":"Feature","geometry":{"type":"Point","coordinates":[-6.26773,36.595722]},"properties":{"id":"VUT/CA/11106","type":"VUT","group":"Completa","address":"CALLE CATALPA Nº 14","postal_code":"11500","places":7,"units":4,"registered":"2020-10-26","catastro":"4835145QA4543F0001YU","holder":null,"holder_count":null}},{"type":"Feature","geometry":{"type":"Point","coordinates":[-6.223722,36.575582]},"properties":{"id":"VUT/CA/11113","type":"VUT","group":"Completa","address":"PASEO MARÍTIMO Nº 15 Blq. 3 Plta/Piso 6 Pta/Letra G, piso 6, puerta G","postal_code":"11500","places":5,"units":2,"registered":"2020-10-27","catastro":"8515907QA4581F0200XJ","holder":null,"holder_count":null}},{"type":"Feature","geometry":{"type":"Point","coordinates":[-6.22229,36.600461]},"properties":{"id":"VUT/CA/11117","type":"VUT","group":"Completa","address":"CALLE RIBERA DEL RIO Nº 18 Plta/Piso BAJO Pta/Letra C, piso BAJO, puerta C","postal_code":"11500","places":6,"units":2,"registered":"2020-10-27","catastro":"8544122QA4584D0004IW","holder":null,"holder_count":null}},{"type":"Feature","geometry":{"type":"Point","coordinates":[-6.228991,36.600815]},"properties":{"id":"VUT/CA/11120","type":"VUT","group":"Completa","address":"CALLE SAN JUAN Nº 16 Plta/Piso 1 Pta/Letra C, piso 1, puerta C","postal_code":"11500","places":6,"units":2,"registered":"2020-10-28","catastro":"7944702QA4574D0007WQ","holder":null,"holder_count":null}},{"type":"Feature","geometry":{"type":"Point","coordinates":[-6.229156,36.597644]},"properties":{"id":"VUT/CA/11122","type":"VUT","group":"Completa","address":"CALLE SAN BARTOLOME Nº 33 Plta/Piso 2 Pta/Letra A, piso 2, puerta A","postal_code":"11500","places":4,"units":2,"registered":"2020-10-30","catastro":"8040907QA4584A0009UE","holder":"CARRISAN APARTAMENTOS S.L.","holder_count":1}},{"type":"Feature","geometry":{"type":"Point","coordinates":[-6.221599,36.57067]},"properties":{"id":"VUT/CA/11193","type":"VUT","group":"Completa","address":"CALLE PASEO MARITIMO 33 Blq. 16 Plta/Piso 9 Pta/Letra A Compl.Dom. URBANIZACIÓN BLEGAMAR, piso 9, puerta A","postal_code":"11500","places":4,"units":1,"registered":"2020-12-11","catastro":"8611718QA4581B0025WJ","holder":null,"holder_count":null}},{"type":"Feature","geometry":{"type":"Point","coordinates":[-6.24517,36.598361]},"properties":{"id":"VUT/CA/11195","type":"VUT","group":"Completa","address":"URBANIZACION PINAR ALTO - CAMINO DEL AGUILA Blq. 3-4 Plta/Piso 5 Pta/Letra C, piso 5, puerta C","postal_code":"11500","places":8,"units":3,"registered":"2020-12-12","catastro":"6540903QA4564B0112MU","holder":null,"holder_count":null}},{"type":"Feature","geometry":{"type":"Point","coordinates":[-6.22351,36.574783]},"properties":{"id":"VUT/CA/11230","type":"VUT","group":"Completa","address":"CALLE PASEO MARITIMO Nº 25 Portal 2 Plta/Piso 5 Pta/Letra C, piso 5, puerta C","postal_code":"11500","places":6,"units":2,"registered":"2020-12-29","catastro":"8515902QA4581F0064JA","holder":null,"holder_count":null}},{"type":"Feature","geometry":{"type":"Point","coordinates":[-6.235569,36.601401]},"properties":{"id":"VUT/CA/11231","type":"VUT","group":"Completa","address":"GLORIETA PRADILLA Nº 1 Plta/Piso 1 Pta/Letra DC, piso 1, puerta DC","postal_code":"11500","places":4,"units":2,"registered":"2020-12-29","catastro":"7344701QA4574C0001SO","holder":null,"holder_count":null}},{"type":"Feature","geometry":{"type":"Point","coordinates":[-6.274873,36.598846]},"properties":{"id":"VUT/CA/11241","type":"VUT","group":"Completa","address":"CALLE CALLE MAR ADRIATICO Nº 59 Esc. 1 Plta/Piso 03 Pta/Letra 63, piso 03, puerta 63","postal_code":"11500","places":3,"units":1,"registered":"2021-01-12","catastro":"4039101QA4543G0063UF","holder":null,"holder_count":null}},{"type":"Feature","geometry":{"type":"Point","coordinates":[-6.285626,36.609906]},"properties":{"id":"VUT/CA/11254","type":"VUT","group":"Completa","address":"CALLE DE LA MORA Nº 1 Plta/Piso 2 Pta/Letra 27, piso 2, puerta 27","postal_code":"11500","places":6,"units":3,"registered":"2021-01-14","catastro":"3153840QA4535C0047AZ","holder":null,"holder_count":null}},{"type":"Feature","geometry":{"type":"Point","coordinates":[-6.221599,36.57067]},"properties":{"id":"VUT/CA/11266","type":"VUT","group":"Completa","address":"CALLE PASEO MARITIMO 33 Blq. 16 Plta/Piso 9 Pta/Letra A Compl.Dom. URBANIZACIÓN BLEGAMAR, piso 9, puerta A","postal_code":"11500","places":4,"units":1,"registered":"2021-01-19","catastro":"8611718QA4581B0025WJ","holder":null,"holder_count":null}},{"type":"Feature","geometry":{"type":"Point","coordinates":[-6.223085,36.569231]},"properties":{"id":"VUT/CA/11279","type":"VUT","group":"Completa","address":"PASEO MARITIMO DE VALDELAGRANA Nº 37 Blq. 2 Esc. A Plta/Piso 03 Pta/Letra A1, piso 03, puerta A1","postal_code":"11500","places":6,"units":4,"registered":"2021-01-25","catastro":"8709201QA4580H0041QK","holder":null,"holder_count":null}},{"type":"Feature","geometry":{"type":"Point","coordinates":[-6.218533,36.575169]},"properties":{"id":"VUT/CA/11353","type":"VUT","group":"Completa","address":"CALLE UBRIQUE Nº 32","postal_code":"11500","places":12,"units":6,"registered":"2021-02-16","catastro":"8916705QA4581F0001PS","holder":"INVERSIONES INMOBILIARIAS VALDELAGRANA S.L.","holder_count":1}},{"type":"Feature","geometry":{"type":"Point","coordinates":[-6.270279,36.598855]},"properties":{"id":"VUT/CA/11359","type":"VUT","group":"Completa","address":"CALLE MAR DE BERING Nº 53 Esc. 1 Plta/Piso BJ Pta/Letra 4 Compl.Dom. LAS REDES, piso BJ, puerta 4","postal_code":"11500","places":8,"units":4,"registered":"2021-02-18","catastro":"4341101QA4544D0004YO","holder":"VEM AL PUERTO DE SANTA MARIA","holder_count":1}},{"type":"Feature","geometry":{"type":"Point","coordinates":[-6.223085,36.569231]},"properties":{"id":"VUT/CA/11387","type":"VUT","group":"Completa","address":"CALLE PASEO MARITIMO Nº 37 Plta/Piso 6 Pta/Letra G, piso 6, puerta G","postal_code":"11500","places":5,"units":2,"registered":"2021-02-26","catastro":"8709201QA4580H0375SY","holder":null,"holder_count":null}},{"type":"Feature","geometry":{"type":"Point","coordinates":[-6.224114,36.598707]},"properties":{"id":"VUT/CA/11401","type":"VUT","group":"Completa","address":"PLAZA Plaza de la Herrería Nº 1 Plta/Piso 4 Pta/Letra C, piso 4, puerta C","postal_code":"11500","places":4,"units":2,"registered":"2021-03-02","catastro":"8441112QA4584A0011AW","holder":null,"holder_count":null}},{"type":"Feature","geometry":{"type":"Point","coordinates":[-6.22229,36.600461]},"properties":{"id":"VUT/CA/11452","type":"VUT","group":"Completa","address":"CALLE RIBERA DEL RÍO Nº 18 Plta/Piso 1 Pta/Letra G, piso 1, puerta G","postal_code":"11500","places":6,"units":3,"registered":"2021-03-12","catastro":"8544122QA4584D0008SY","holder":null,"holder_count":null}},{"type":"Feature","geometry":{"type":"Point","coordinates":[-6.274602,36.601295]},"properties":{"id":"VUT/CA/11486","type":"VUT","group":"Completa","address":"CALLE MAR BALTICO Nº 7 Blq. 4 Plta/Piso 6 Pta/Letra G, piso 6, puerta G","postal_code":"11500","places":6,"units":3,"registered":"2021-03-17","catastro":"3842904QA4534B0057OW","holder":null,"holder_count":null}},{"type":"Feature","geometry":{"type":"Point","coordinates":[-6.228081,36.602592]},"properties":{"id":"VUT/CA/11497","type":"VUT","group":"Completa","address":"CALLE CRUCES Nº 27 Plta/Piso 1 Pta/Letra D, piso 1, puerta D","postal_code":"11500","places":4,"units":2,"registered":"2021-03-19","catastro":"8045604QA4584E0027TT","holder":null,"holder_count":null}},{"type":"Feature","geometry":{"type":"Point","coordinates":[-6.284542,36.609774]},"properties":{"id":"VUT/CA/11557","type":"VUT","group":"Completa","address":"CALLE Goleta Nº 26 Calif.Nº A Pta/Letra 32 Compl.Dom. Urbanización Balcón de la bahía, casa n.32, puerta 32","postal_code":"11500","places":6,"units":3,"registered":"2021-03-31","catastro":"3153825QA4535C0035DS","holder":null,"holder_count":null}},{"type":"Feature","geometry":{"type":"Point","coordinates":[-6.272737,36.604402]},"properties":{"id":"VUT/CA/11578","type":"VUT","group":"Completa","address":"CALLE ÁNCORA Nº 1 Blq. 19 Plta/Piso BAJA Pta/Letra A, piso BAJA, puerta A","postal_code":"11500","places":8,"units":4,"registered":"2021-04-07","catastro":"4145901QA4544E0252ZA","holder":null,"holder_count":null}},{"type":"Feature","geometry":{"type":"Point","coordinates":[-6.272677,36.604617]},"properties":{"id":"VUT/CA/11585","type":"VUT","group":"Completa","address":"CALLE ÁNCORA Nº 4 Blq. 8 Portal 2 Plta/Piso BAJO Pta/Letra C, piso BAJO, puerta C","postal_code":"11500","places":6,"units":3,"registered":"2021-04-07","catastro":"4146502QA4544E0424YZ","holder":null,"holder_count":null}},{"type":"Feature","geometry":{"type":"Point","coordinates":[-6.22332,36.599586]},"properties":{"id":"VUT/CA/11620","type":"VUT","group":"Completa","address":"CALLE JAVIER DE BURGOS Nº 4","postal_code":"11500","places":6,"units":3,"registered":"2021-04-16","catastro":"8443601QA4584C0002OF","holder":"Benbo Adminnistración y Servicios SL","holder_count":5}},{"type":"Feature","geometry":{"type":"Point","coordinates":[-6.221503,36.572679]},"properties":{"id":"VUT/CA/11621","type":"VUT","group":"Completa","address":"AVENIDA SANTA MARIA DEL MAR Nº 17 Plta/Piso 1 Pta/Letra 103, piso 1, puerta 103","postal_code":"11500","places":6,"units":2,"registered":"2021-04-16","catastro":"8713901QA4581D0038AX","holder":"FERRYS INVERSIONES SL","holder_count":4}},{"type":"Feature","geometry":{"type":"Point","coordinates":[-6.227508,36.598692]},"properties":{"id":"VUT/CA/11637","type":"VUT","group":"Completa","address":"CALLE PALACIOS Nº 51 Plta/Piso 2 Pta/Letra D, piso 2, puerta D","postal_code":"11500","places":3,"units":2,"registered":"2021-04-20","catastro":"8141114QA4584A0012IE","holder":null,"holder_count":null}},{"type":"Feature","geometry":{"type":"Point","coordinates":[-6.221599,36.57067]},"properties":{"id":"VUT/CA/11647","type":"VUT","group":"Completa","address":"CALLE PASEO MARÍTIMO Nº 33 Blq. 16 Plta/Piso 1 Pta/Letra A Compl.Dom. URBANIZACIÓN BLEGAMAR, piso 1, puerta A","postal_code":"11500","places":4,"units":1,"registered":"2021-04-22","catastro":"8611718QA4581B0001UX","holder":null,"holder_count":null}},{"type":"Feature","geometry":{"type":"Point","coordinates":[-6.284542,36.609774]},"properties":{"id":"VUT/CA/11654","type":"VUT","group":"Completa","address":"CALLE GOLETA Nº 26 Plta/Piso 0 Pta/Letra 13, piso 0, puerta 13","postal_code":"11500","places":6,"units":3,"registered":"2021-04-22","catastro":"3153825QA4535C0022EW","holder":null,"holder_count":null}},{"type":"Feature","geometry":{"type":"Point","coordinates":[-6.271606,36.603611]},"properties":{"id":"VUT/CA/11655","type":"VUT","group":"Completa","address":"CALLE ÁNCORA Nº 9 Portal 27 Plta/Piso 3 Pta/Letra C, piso 3, puerta C","postal_code":"11500","places":6,"units":3,"registered":"2021-04-22","catastro":"4145902QA4544E0048MR","holder":null,"holder_count":null}},{"type":"Feature","geometry":{"type":"Point","coordinates":[-6.225755,36.598988]},"properties":{"id":"VUT/CA/11669","type":"VUT","group":"Completa","address":"CALLE VIRGEN DE LOS MILAGROS Nº 98 Plta/Piso 3 Pta/Letra 8 Compl.Dom. CENTRO, piso 3, puerta 8","postal_code":"11500","places":4,"units":1,"registered":"2021-04-25","catastro":"8242715QA4584A0035OB","holder":null,"holder_count":null}},{"type":"Feature","geometry":{"type":"Point","coordinates":[-6.25233,36.598732]},"properties":{"id":"VUT/CA/11670","type":"VUT","group":"Completa","address":"CALLE Vivero Nº 13 Portal 16","postal_code":"11500","places":4,"units":2,"registered":"2021-04-25","catastro":"6240917QA4564A0033BP","holder":null,"holder_count":null}},{"type":"Feature","geometry":{"type":"Point","coordinates":[-6.285416,36.612335]},"properties":{"id":"VUT/CA/11672","type":"VUT","group":"Completa","address":"CALLE DE LA FRESA Nº 25 Esc. 3 Plta/Piso 1º Pta/Letra F Compl.Dom. URBANIZACIÓN LOS PORCHES DE FUENTEBRAVÍA, piso 1º, puerta F","postal_code":"11500","places":6,"units":3,"registered":"2021-04-26","catastro":"2954303QA4525D0013FQ","holder":null,"holder_count":null}},{"type":"Feature","geometry":{"type":"Point","coordinates":[-6.22102,36.577793]},"properties":{"id":"VUT/CA/11693","type":"VUT","group":"Completa","address":"CALLE PALMITO Nº 5","postal_code":"11500","places":8,"units":4,"registered":"2021-04-29","catastro":"8717603QA4581F0001OS","holder":null,"holder_count":null}},{"type":"Feature","geometry":{"type":"Point","coordinates":[-6.267651,36.59783]},"properties":{"id":"VUT/CA/11713","type":"VUT","group":"Completa","address":"CALLE MAR DE CHINA Nº 19","postal_code":"11500","places":12,"units":6,"registered":"2021-05-03","catastro":"4538317QA4543H0001BW","holder":null,"holder_count":null}},{"type":"Feature","geometry":{"type":"Point","coordinates":[-6.220283,36.607545]},"properties":{"id":"VUT/CA/11740","type":"VUT","group":"Completa","address":"AVENIDA DE LA DIPUTACION Nº 2 Plta/Piso 3 Pta/Letra H Compl.Dom. EL PUERTO DE SANTA MARIA, piso 3, puerta H","postal_code":"11500","places":3,"units":1,"registered":"2021-05-07","catastro":"8851508QA4585B0028SL","holder":null,"holder_count":null}},{"type":"Feature","geometry":{"type":"Point","coordinates":[-6.286481,36.612754]},"properties":{"id":"VUT/CA/11747","type":"VUT","group":"Completa","address":"AVENIDA Parador Nº 7 Plta/Piso 7 Pta/Letra C Compl.Dom. edificio PUERTO SOL, piso 7, puerta C","postal_code":"11500","places":6,"units":2,"registered":"2021-05-08","catastro":"2855901QA4525F0082SZ","holder":null,"holder_count":null}},{"type":"Feature","geometry":{"type":"Point","coordinates":[-6.23217,36.59873]},"properties":{"id":"VUT/CA/11755","type":"VUT","group":"Completa","address":"CALLE CRUCES Nº 104","postal_code":"11500","places":10,"units":5,"registered":"2021-05-10","catastro":"7642208QA4574B0001ZM","holder":null,"holder_count":null}},{"type":"Feature","geometry":{"type":"Point","coordinates":[-6.241375,36.596037]},"properties":{"id":"VUT/CA/11771","type":"VUT","group":"Completa","address":"AVENIDA Libertad Portal 13A Plta/Piso 3 Pta/Letra D, piso 3, puerta D","postal_code":"11500","places":2,"units":2,"registered":"2021-05-11","catastro":"6837403QA4563H0048EX","holder":null,"holder_count":null}},{"type":"Feature","geometry":{"type":"Point","coordinates":[-6.218246,36.571647]},"properties":{"id":"VUT/CA/11773","type":"VUT","group":"Completa","address":"CALLE Marea Nº 12","postal_code":"11500","places":8,"units":4,"registered":"2021-05-11","catastro":"9011902QA4591A0001TJ","holder":null,"holder_count":null}},{"type":"Feature","geometry":{"type":"Point","coordinates":[-6.252481,36.596312]},"properties":{"id":"VUT/CA/11780","type":"VUT","group":"Completa","address":"CALLE PINO Nº 5","postal_code":"11500","places":10,"units":5,"registered":"2021-05-12","catastro":"6034141QA4563C0001OA","holder":null,"holder_count":null}},{"type":"Feature","geometry":{"type":"Point","coordinates":[-6.260794,36.580617]},"properties":{"id":"VUT/CA/11803","type":"VUT","group":"Completa","address":"AVENIDA SANTA MARÍA Nº 21 Plta/Piso 1 Pta/Letra D, piso 1, puerta D","postal_code":"11500","places":5,"units":2,"registered":"2021-05-14","catastro":"5217405qa4551g0006wf","holder":"PARQUE DE OLMOS SL","holder_count":1}},{"type":"Feature","geometry":{"type":"Point","coordinates":[-6.229965,36.600025]},"properties":{"id":"VUT/CA/11811","type":"VUT","group":"Completa","address":"CALLE SAN SEBASTIAN Nº 12 Plta/Piso 1 Pta/Letra I, piso 1, puerta I","postal_code":"11500","places":6,"units":2,"registered":"2021-05-15","catastro":"7942303QA4574D0001WK","holder":"PUEDES LOGRARLO SL","holder_count":1}},{"type":"Feature","geometry":{"type":"Point","coordinates":[-6.229965,36.600025]},"properties":{"id":"VUT/CA/11812","type":"VUT","group":"Completa","address":"CALLE SAN SEBASTIAN Nº 15 Plta/Piso 1 Pta/Letra D, piso 1, puerta D","postal_code":"11500","places":8,"units":3,"registered":"2021-05-15","catastro":"7942303QA4574D0001WK","holder":"PUEDES LOGRARLO","holder_count":1}},{"type":"Feature","geometry":{"type":"Point","coordinates":[-6.250746,36.596992]},"properties":{"id":"VUT/CA/11831","type":"VUT","group":"Completa","address":"CALLE DE LAS MARGARITAS Nº 1 Blq. 2 Portal 2 Plta/Piso 3 Pta/Letra B Compl.Dom. RESIDENCIAL LAS CAMELIAS, piso 3, puerta B","postal_code":"11500","places":3,"units":2,"registered":"2021-05-18","catastro":"6038401QA4563G0074WU","holder":null,"holder_count":null}},{"type":"Feature","geometry":{"type":"Point","coordinates":[-6.269463,36.595785]},"properties":{"id":"VUT/CA/11869","type":"VUT","group":"Completa","address":"CALLE catalpa Nº 34","postal_code":"11500","places":8,"units":4,"registered":"2021-05-24","catastro":"4835154QA4543F0001FU","holder":null,"holder_count":null}},{"type":"Feature","geometry":{"type":"Point","coordinates":[-6.219353,36.576296]},"properties":{"id":"VUT/CA/11870","type":"VUT","group":"Completa","address":"CALLE SALADO Nº 9","postal_code":"11500","places":7,"units":4,"registered":"2021-05-24","catastro":"8917108QA4581F0001KS","holder":null,"holder_count":null}},{"type":"Feature","geometry":{"type":"Point","coordinates":[-6.223031,36.571389]},"properties":{"id":"VUT/CA/11885","type":"VUT","group":"Completa","address":"PASEO MARITIMO Nº 32 Blq. nao Plta/Piso 2 Pta/Letra izq, piso 2, puerta izq","postal_code":"11500","places":6,"units":2,"registered":"2021-05-25","catastro":"8611708QA4581B0004HW","holder":null,"holder_count":null}},{"type":"Feature","geometry":{"type":"Point","coordinates":[-6.239212,36.592077]},"properties":{"id":"VUT/CA/11887","type":"VUT","group":"Completa","address":"CALLE JACINTO GUERRERO Nº 2 Plta/Piso 1 Pta/Letra B, piso 1, puerta B","postal_code":"11500","places":4,"units":2,"registered":"2021-05-25","catastro":"7133301QA4573C0002LH","holder":null,"holder_count":null}},{"type":"Feature","geometry":{"type":"Point","coordinates":[-6.272677,36.604617]},"properties":{"id":"VUT/CA/11898","type":"VUT","group":"Completa","address":"CALLE Ancora Nº 6 Plta/Piso 3 Pta/Letra M, piso 3, puerta M","postal_code":"11500","places":4,"units":3,"registered":"2021-05-26","catastro":"4146502QA4544E0175PW","holder":null,"holder_count":null}},{"type":"Feature","geometry":{"type":"Point","coordinates":[-6.281684,36.607681]},"properties":{"id":"VUT/CA/11919","type":"VUT","group":"Completa","address":"CALLE DE LOS ARCOS Nº 3 Blq. 10 Pta/Letra I, puerta I","postal_code":"11500","places":6,"units":2,"registered":"2021-05-27","catastro":"3447534QA4534G0008ZD","holder":null,"holder_count":null}},{"type":"Feature","geometry":{"type":"Point","coordinates":[-6.221936,36.606976]},"properties":{"id":"VUT/CA/11939","type":"VUT","group":"Completa","address":"PLAZA EL MOLINO Nº 4 Plta/Piso 4 Pta/Letra A, piso 4, puerta A","postal_code":"11500","places":5,"units":3,"registered":"2021-05-31","catastro":"8551702QA4585B0132JM","holder":null,"holder_count":null}},{"type":"Feature","geometry":{"type":"Point","coordinates":[-6.220014,36.607693]},"properties":{"id":"VUT/CA/11970","type":"VUT","group":"Completa","address":"AVENIDA DIPUTACION Nº 4 Plta/Piso 3ª Pta/Letra F, piso 3ª, puerta F","postal_code":"11500","places":2,"units":1,"registered":"2021-06-01","catastro":"8851509QA4585B0036EQ","holder":null,"holder_count":null}},{"type":"Feature","geometry":{"type":"Point","coordinates":[-6.232808,36.60041]},"properties":{"id":"VUT/CA/12015","type":"VUT","group":"Completa","address":"CALLE FEDERICO RUBIO Nº 96 Plta/Piso 2 Pta/Letra C, piso 2, puerta C","postal_code":"11500","places":4,"units":2,"registered":"2021-06-04","catastro":"7642501QA4574D0108ET","holder":null,"holder_count":null}},{"type":"Feature","geometry":{"type":"Point","coordinates":[-6.225025,36.598]},"properties":{"id":"VUT/CA/12046","type":"VUT","group":"Completa","address":"CALLE LUNA Nº 7 Plta/Piso 2º Pta/Letra A-B, piso 2º, puerta A-B","postal_code":"11500","places":4,"units":2,"registered":"2021-06-07","catastro":"8340213QA4584A0001BK","holder":null,"holder_count":null}},{"type":"Feature","geometry":{"type":"Point","coordinates":[-6.223852,36.580037]},"properties":{"id":"VUT/CA/12051","type":"VUT","group":"Completa","address":"AVENIDA CATALINA SANTOS LA GUACHI Nº 33 Blq. 13 Esc. 1 Plta/Piso 2 Pta/Letra E Compl.Dom. UR PUERTOMAR, piso 2, puerta E","postal_code":"11500","places":3,"units":1,"registered":"2021-06-07","catastro":"8320501QA4582A0418XP","holder":null,"holder_count":null}},{"type":"Feature","geometry":{"type":"Point","coordinates":[-6.223766,36.575625]},"properties":{"id":"VUT/CA/12055","type":"VUT","group":"Completa","address":"URBANIZACION BAHÍA BLANCA Nº 3 Plta/Piso 3 Pta/Letra E, piso 3, puerta E","postal_code":"11500","places":4,"units":2,"registered":"2021-06-08","catastro":"8515907QA4581F0174EZ","holder":null,"holder_count":null}},{"type":"Feature","geometry":{"type":"Point","coordinates":[-6.235023,36.595841]},"properties":{"id":"VUT/CA/12076","type":"VUT","group":"Completa","address":"CALLE NIÑO DEL MATADERO Nº 4","postal_code":"11500","places":6,"units":2,"registered":"2021-06-09","catastro":"7438617QA4573G0002AY","holder":null,"holder_count":null}},{"type":"Feature","geometry":{"type":"Point","coordinates":[-6.275476,36.605608]},"properties":{"id":"VUT/CA/12093","type":"VUT","group":"Completa","address":"CALLE Pantoque Nº 13 Plta/Piso 2 Pta/Letra D, piso 2, puerta D","postal_code":"11500","places":5,"units":2,"registered":"2021-06-10","catastro":"3947201QA4534H0056HO","holder":null,"holder_count":null}},{"type":"Feature","geometry":{"type":"Point","coordinates":[-6.223659,36.600638]},"properties":{"id":"VUT/CA/12102","type":"VUT","group":"Completa","address":"CALLE LUJA Nº 13 Plta/Piso BAJA Pta/Letra 1, piso BAJA, puerta 1","postal_code":"11500","places":4,"units":2,"registered":"2021-06-11","catastro":"8443622QA4584C0070UG","holder":null,"holder_count":null}},{"type":"Feature","geometry":{"type":"Point","coordinates":[-6.272677,36.604617]},"properties":{"id":"VUT/CA/12104","type":"VUT","group":"Completa","address":"CALLE Ancora Nº 8 Blq. 2 Plta/Piso 1 Pta/Letra A, piso 1, puerta A","postal_code":"11500","places":4,"units":2,"registered":"2021-06-12","catastro":"4146502QA4544E0287XF","holder":null,"holder_count":null}},{"type":"Feature","geometry":{"type":"Point","coordinates":[-6.233189,36.591484]},"properties":{"id":"VUT/CA/12106","type":"VUT","group":"Por habitaciones","address":"AVENIDA AVENIDA ANDALUCIA 32 Nº 32","postal_code":"11500","places":6,"units":3,"registered":"2021-06-13","catastro":"7633704QA4573D0001ZQ","holder":null,"holder_count":null}},{"type":"Feature","geometry":{"type":"Point","coordinates":[-6.227902,36.596781]},"properties":{"id":"VUT/CA/12118","type":"VUT","group":"Por habitaciones","address":"CALLE Federico Rubio Nº 23","postal_code":"11500","places":4,"units":2,"registered":"2021-06-14","catastro":"8039710QA4583G0001QO","holder":null,"holder_count":null}},{"type":"Feature","geometry":{"type":"Point","coordinates":[-6.230373,36.591017]},"properties":{"id":"VUT/CA/12129","type":"VUT","group":"Completa","address":"CALLE Daniel Ortega Nº 10 Plta/Piso 1 Pta/Letra derecha, piso 1, puerta derecha","postal_code":"11500","places":5,"units":3,"registered":"2021-06-15","catastro":"7832503QA4573D0001YQ","holder":null,"holder_count":null}},{"type":"Feature","geometry":{"type":"Point","coordinates":[-6.226635,36.598276]},"properties":{"id":"VUT/CA/12162","type":"VUT","group":"Completa","address":"CALLE PALACIOS Nº 32 Plta/Piso 2, piso 2","postal_code":"11500","places":6,"units":3,"registered":"2021-06-17","catastro":"8241120QA4584A0004XZ","holder":"OLE SOLUTIONS HOLIDAY RENTALS S.L.","holder_count":12}},{"type":"Feature","geometry":{"type":"Point","coordinates":[-6.284961,36.610488]},"properties":{"id":"VUT/CA/12185","type":"VUT","group":"Completa","address":"CALLE MEMBRILLO Nº 1 Plta/Piso 3 Pta/Letra C, piso 3, puerta C","postal_code":"11500","places":4,"units":2,"registered":"2021-06-21","catastro":"2853606qa4525d0015se","holder":"FLAMANCODESIGN FASHION SL","holder_count":1}},{"type":"Feature","geometry":{"type":"Point","coordinates":[-6.224483,36.599185]},"properties":{"id":"VUT/CA/12193","type":"VUT","group":"Completa","address":"CALLE GANADO Nº 6 Esc. 3 Plta/Piso 02 Pta/Letra B1 Compl.Dom. EDIFICIO EUROPA, piso 02, puerta B1","postal_code":"11500","places":6,"units":2,"registered":"2021-06-21","catastro":"8342601QA4584A0018WO","holder":null,"holder_count":null}},{"type":"Feature","geometry":{"type":"Point","coordinates":[-6.239156,36.594664]},"properties":{"id":"VUT/CA/12207","type":"VUT","group":"Completa","address":"CALLE MAESTRO JUAN PINTO Nº 6 Plta/Piso 7 Pta/Letra A, piso 7, puerta A","postal_code":"11500","places":6,"units":3,"registered":"2021-06-22","catastro":"7036503QA4573E0025HT","holder":null,"holder_count":null}},{"type":"Feature","geometry":{"type":"Point","coordinates":[-6.236922,36.592873]},"properties":{"id":"VUT/CA/12208","type":"VUT","group":"Completa","address":"CALLE DEL RUISEÑOR Nº 27 Plta/Piso 1 Pta/Letra B, piso 1, puerta B","postal_code":"11500","places":4,"units":2,"registered":"2021-06-22","catastro":"7234601QA4573C0029EF","holder":null,"holder_count":null}},{"type":"Feature","geometry":{"type":"Point","coordinates":[-6.265065,36.603028]},"properties":{"id":"VUT/CA/12219","type":"VUT","group":"Completa","address":"CALLE QUEBRANTAHUESOS Nº 19","postal_code":"11500","places":8,"units":4,"registered":"2021-06-23","catastro":"4745701QA4544F0010ZU","holder":null,"holder_count":null}},{"type":"Feature","geometry":{"type":"Point","coordinates":[-6.22428,36.598523]},"properties":{"id":"VUT/CA/12227","type":"VUT","group":"Completa","address":"CALLE JESUS DE LOS MILAGROS Nº 5 Plta/Piso 1 Pta/Letra 2, piso 1, puerta 2","postal_code":"11500","places":4,"units":1,"registered":"2021-06-24","catastro":"8441109QA4584A0001RK","holder":"CR BUSINESS GESTION HOTELERA, S.L.","holder_count":1}},{"type":"Feature","geometry":{"type":"Point","coordinates":[-6.22428,36.598523]},"properties":{"id":"VUT/CA/12228","type":"VUT","group":"Completa","address":"CALLE JESUS DE LOS MILAGROS Nº 5 Plta/Piso 1 Pta/Letra 3, piso 1, puerta 3","postal_code":"11500","places":4,"units":1,"registered":"2021-06-24","catastro":"8441109QA4584A0001RK","holder":"CR BUSINESS GESTION HOTELERA, S.L","holder_count":1}},{"type":"Feature","geometry":{"type":"Point","coordinates":[-6.220973,36.570676]},"properties":{"id":"VUT/CA/12275","type":"VUT","group":"Completa","address":"URBANIZACION Las Olas Blq. 1 Plta/Piso 1º Pta/Letra C, piso 1º, puerta C","postal_code":"11500","places":3,"units":1,"registered":"2021-06-29","catastro":"8810301QA4581B0010AT","holder":null,"holder_count":null}},{"type":"Feature","geometry":{"type":"Point","coordinates":[-6.225207,36.597655]},"properties":{"id":"VUT/CA/12276","type":"VUT","group":"Completa","address":"CALLE JESUS DE LOS MILAGROS Nº 22 Pta/Letra V2, puerta V2","postal_code":"11500","places":4,"units":1,"registered":"2021-06-30","catastro":"8340217QA4584A0005FX","holder":null,"holder_count":null}},{"type":"Feature","geometry":{"type":"Point","coordinates":[-6.222415,36.575555]},"properties":{"id":"VUT/CA/12279","type":"VUT","group":"Completa","address":"AVENIDA SANTA MARIA DEL MAR Nº 9 Blq. 2 Portal B Plta/Piso 4 Pta/Letra C, piso 4, puerta C","postal_code":"11500","places":5,"units":2,"registered":"2021-06-30","catastro":"8616601QA4581F0107EZ","holder":null,"holder_count":null}},{"type":"Feature","geometry":{"type":"Point","coordinates":[-6.231994,36.601878]},"properties":{"id":"VUT/CA/12283","type":"VUT","group":"Completa","address":"CALLE SANTE FE Nº 32 Plta/Piso BAJO Pta/Letra DERECHA, piso BAJO, puerta DERECHA","postal_code":"11500","places":7,"units":4,"registered":"2021-06-30","catastro":"7744401QA4574D0007BQ","holder":null,"holder_count":null}},{"type":"Feature","geometry":{"type":"Point","coordinates":[-6.245526,36.594113]},"properties":{"id":"VUT/CA/12307","type":"VUT","group":"Completa","address":"AVENIDA INVENTOR PEDRO CAWLEY Nº 12 Pta/Letra A, puerta A","postal_code":"11500","places":4,"units":2,"registered":"2021-07-02","catastro":"6535403QA4563F0024XO","holder":"ROSALAYA,S.L","holder_count":1}},{"type":"Feature","geometry":{"type":"Point","coordinates":[-6.223085,36.569231]},"properties":{"id":"VUT/CA/12309","type":"VUT","group":"Completa","address":"PASEO MARITIMO Nº 37 Blq. 3 Plta/Piso 10 Pta/Letra E Compl.Dom. URBANIZACION PUERTO PRINCIPE, piso 10, puerta E","postal_code":"11500","places":6,"units":2,"registered":"2021-07-02","catastro":"8709201QA4580H0541HP","holder":null,"holder_count":null}},{"type":"Feature","geometry":{"type":"Point","coordinates":[-6.244392,36.593609]},"properties":{"id":"VUT/CA/12352","type":"VUT","group":"Completa","address":"CALLE Caribe Portal 2 Plta/Piso 3 Pta/Letra a, piso 3, puerta a","postal_code":"11500","places":3,"units":2,"registered":"2021-07-07","catastro":"6635201QA4563F0050TE","holder":null,"holder_count":null}},{"type":"Feature","geometry":{"type":"Point","coordinates":[-6.233001,36.592421]},"properties":{"id":"VUT/CA/12366","type":"VUT","group":"Completa","address":"CALLE San Carlos Borromeo Nº 2 Compl.Dom. Bahia de Rosas n10","postal_code":"11500","places":4,"units":2,"registered":"2021-07-08","catastro":"7634216qa4573d0036zr","holder":null,"holder_count":null}},{"type":"Feature","geometry":{"type":"Point","coordinates":[-6.25119,36.589352]},"properties":{"id":"VUT/CA/12394","type":"VUT","group":"Completa","address":"CALLE JUAN SEBASTIAN ELCANO Nº 1 Plta/Piso 2 Pta/Letra E, piso 2, puerta E","postal_code":"11500","places":6,"units":3,"registered":"2021-07-12","catastro":"5728032QA4552H0035UF","holder":null,"holder_count":null}},{"type":"Feature","geometry":{"type":"Point","coordinates":[-6.224343,36.59845]},"properties":{"id":"VUT/CA/12414","type":"VUT","group":"Completa","address":"CALLE JESUS DE LOS MILAGROS Nº 7 Plta/Piso 2, piso 2","postal_code":"11500","places":4,"units":1,"registered":"2021-07-14","catastro":"8441108QA4584A0002LL","holder":"GINVA REAL ESTATE SLU","holder_count":7}},{"type":"Feature","geometry":{"type":"Point","coordinates":[-6.235573,36.594521]},"properties":{"id":"VUT/CA/12431","type":"VUT","group":"Completa","address":"CALLE LUIS MAZANTINI Nº 2 Plta/Piso 1 Pta/Letra 4, piso 1, puerta 4","postal_code":"11500","places":2,"units":1,"registered":"2021-07-16","catastro":"7436301QA4573E0006FG","holder":null,"holder_count":null}},{"type":"Feature","geometry":{"type":"Point","coordinates":[-6.224421,36.574081]},"properties":{"id":"VUT/CA/12446","type":"VUT","group":"Completa","address":"PASEO MARITIMO DE VALDELAGRANA Nº 27 Portal 2 Plta/Piso 1 Pta/Letra B Compl.Dom. URBANIZACION BAHIA LUZ, piso 1, puerta B","postal_code":"11500","places":6,"units":3,"registered":"2021-07-19","catastro":"8515901QA4581F0036SG","holder":null,"holder_count":null}},{"type":"Feature","geometry":{"type":"Point","coordinates":[-6.256904,36.578401]},"properties":{"id":"VUT/CA/12447","type":"VUT","group":"Completa","address":"CALLE BULEVAR DEL CREAM Nº 37 Blq. 3 Esc. 00 Pta/Letra 09, puerta 09","postal_code":"11500","places":4,"units":1,"registered":"2021-07-19","catastro":"5217404QA4551G0026UT","holder":"ALOTER SL","holder_count":1}},{"type":"Feature","geometry":{"type":"Point","coordinates":[-6.245197,36.59452]},"properties":{"id":"VUT/CA/12451","type":"VUT","group":"Completa","address":"CALLE ANTILLAS Nº 2 Blq. 9 Plta/Piso 3 Pta/Letra C, piso 3, puerta C","postal_code":"11500","places":4,"units":2,"registered":"2021-07-20","catastro":"6535401QA4563F0055EI","holder":null,"holder_count":null}},{"type":"Feature","geometry":{"type":"Point","coordinates":[-6.282119,36.61091]},"properties":{"id":"VUT/CA/12453","type":"VUT","group":"Completa","address":"CALLE CALABAZA Nº 14","postal_code":"11500","places":6,"units":3,"registered":"2021-07-20","catastro":"3253412QA4535C0001SP","holder":null,"holder_count":null}},{"type":"Feature","geometry":{"type":"Point","coordinates":[-6.239028,36.598227]},"properties":{"id":"VUT/CA/12461","type":"VUT","group":"Completa","address":"PASAJE DE LA ESLORA Nº 31 Compl.Dom. URBANIZACION BAHIA BLANCA","postal_code":"11500","places":8,"units":4,"registered":"2021-07-20","catastro":"7041902QA4574A0031DS","holder":null,"holder_count":null}},{"type":"Feature","geometry":{"type":"Point","coordinates":[-6.260794,36.580617]},"properties":{"id":"VUT/CA/12467","type":"VUT","group":"Completa","address":"CALLE santa maria Nº 21 Plta/Piso 2 Pta/Letra a, piso 2, puerta a","postal_code":"11500","places":4,"units":4,"registered":"2021-07-21","catastro":"5217405qa4551g0008rh","holder":null,"holder_count":null}},{"type":"Feature","geometry":{"type":"Point","coordinates":[-6.239237,36.594859]},"properties":{"id":"VUT/CA/12472","type":"VUT","group":"Completa","address":"CALLE MAESTRO JUAN PINTO Nº 4 Plta/Piso 2º Pta/Letra D, piso 2º, puerta D","postal_code":"11500","places":6,"units":3,"registered":"2021-07-23","catastro":"7036502QA4573E0008LJ","holder":null,"holder_count":null}},{"type":"Feature","geometry":{"type":"Point","coordinates":[-6.228452,36.598426]},"properties":{"id":"VUT/CA/12500","type":"VUT","group":"Completa","address":"CALLE SANTO DOMINGO Nº 30 Plta/Piso 2 Pta/Letra B, piso 2, puerta B","postal_code":"11500","places":4,"units":2,"registered":"2021-07-27","catastro":"8041901QA4584A0004XZ","holder":null,"holder_count":null}},{"type":"Feature","geometry":{"type":"Point","coordinates":[-6.272737,36.604402]},"properties":{"id":"VUT/CA/12534","type":"VUT","group":"Completa","address":"CALLE ANCORA Km 11 Portal 6 Plta/Piso 2 Pta/Letra A, piso 2, puerta A","postal_code":"11500","places":8,"units":4,"registered":"2021-08-01","catastro":"4145901QA4544E0040YL","holder":null,"holder_count":null}},{"type":"Feature","geometry":{"type":"Point","coordinates":[-6.281026,36.609525]},"properties":{"id":"VUT/CA/12541","type":"VUT","group":"Completa","address":"AVENIDA DE LOS MASTILES Nº 8 Calif.Nº A","postal_code":"11500","places":5,"units":3,"registered":"2021-08-02","catastro":"3251509QA4535A0001YG","holder":null,"holder_count":null}},{"type":"Feature","geometry":{"type":"Point","coordinates":[-6.220311,36.604314]},"properties":{"id":"VUT/CA/12546","type":"VUT","group":"Completa","address":"AVENIDA DE LA ESTACION Nº 5 Portal 9 Plta/Piso 1 Pta/Letra 4, piso 1, puerta 4","postal_code":"11500","places":6,"units":3,"registered":"2021-08-03","catastro":"8747117QA4584F0008HQ","holder":null,"holder_count":null}},{"type":"Feature","geometry":{"type":"Point","coordinates":[-6.254766,36.588515]},"properties":{"id":"VUT/CA/12549","type":"VUT","group":"Completa","address":"CALLE BUQUE ESCUELA ESMERALDA Nº 9 Pta/Letra B, puerta B","postal_code":"11500","places":7,"units":3,"registered":"2021-08-03","catastro":"5728029QA4552H0004IG","holder":null,"holder_count":null}},{"type":"Feature","geometry":{"type":"Point","coordinates":[-6.223766,36.575625]},"properties":{"id":"VUT/CA/12571","type":"VUT","group":"Completa","address":"PASEO Maritimo Nº 15 Blq. 5 Plta/Piso 7 Pta/Letra D, piso 7, puerta D","postal_code":"11500","places":4,"units":2,"registered":"2021-08-09","catastro":"8515907QA4581F0349HA","holder":null,"holder_count":null}},{"type":"Feature","geometry":{"type":"Point","coordinates":[-6.224215,36.598596]},"properties":{"id":"VUT/CA/12577","type":"VUT","group":"Completa","address":"CALLE Jesus de los Milagros Nº 3 Plta/Piso 3 Pta/Letra B, piso 3, puerta B","postal_code":"11500","places":6,"units":2,"registered":"2021-08-10","catastro":"8441110QA4584A1009GQ","holder":null,"holder_count":null}},{"type":"Feature","geometry":{"type":"Point","coordinates":[-6.249806,36.598739]},"properties":{"id":"VUT/CA/12600","type":"VUT","group":"Completa","address":"CALLE FLOR DE LIS Nº 13","postal_code":"11500","places":7,"units":4,"registered":"2021-08-16","catastro":"6140401QA4564A0018BQ","holder":null,"holder_count":null}},{"type":"Feature","geometry":{"type":"Point","coordinates":[-6.221752,36.603437]},"properties":{"id":"VUT/CA/12601","type":"VUT","group":"Completa","address":"CALLE VIRGEN DE LOS MILAGROS Nº 13 Plta/Piso BAJO Pta/Letra C, piso BAJO, puerta C","postal_code":"11500","places":4,"units":2,"registered":"2021-08-16","catastro":"8747108QA4584F0031XG","holder":null,"holder_count":null}},{"type":"Feature","geometry":{"type":"Point","coordinates":[-6.268962,36.604107]},"properties":{"id":"VUT/CA/12607","type":"VUT","group":"Completa","address":"CALLE MAR DEL NORTE Nº 6 Plta/Piso 2 Pta/Letra G, piso 2, puerta G","postal_code":"11500","places":8,"units":3,"registered":"2021-08-17","catastro":"4146505QA4544E0027QS","holder":null,"holder_count":null}},{"type":"Feature","geometry":{"type":"Point","coordinates":[-6.222934,36.602324]},"properties":{"id":"VUT/CA/12613","type":"VUT","group":"Completa","address":"CALLE VIRGEN DE LOS MILAGROS Nº 38 Plta/Piso BAJO Pta/Letra B, piso BAJO, puerta B","postal_code":"11500","places":2,"units":1,"registered":"2021-08-19","catastro":"8545423QA4584F0019MO","holder":null,"holder_count":null}},{"type":"Feature","geometry":{"type":"Point","coordinates":[-6.227674,36.594082]},"properties":{"id":"VUT/CA/12623","type":"VUT","group":"Completa","address":"CALLE AURORA Nº 7 Plta/Piso 3 Pta/Letra A, piso 3, puerta A","postal_code":"11500","places":4,"units":2,"registered":"2021-08-20","catastro":"8136602QA4583E0004QJ","holder":null,"holder_count":null}},{"type":"Feature","geometry":{"type":"Point","coordinates":[-6.241586,36.593206]},"properties":{"id":"VUT/CA/12631","type":"VUT","group":"Completa","address":"CALLE RETORNOS Nº 2 Blq. 2 Esc. D Plta/Piso 3 Pta/Letra D, piso 3, puerta D","postal_code":"11500","places":8,"units":4,"registered":"2021-08-22","catastro":"6835701QA4563F0136RZ","holder":null,"holder_count":null}},{"type":"Feature","geometry":{"type":"Point","coordinates":[-6.22281,36.601376]},"properties":{"id":"VUT/CA/12635","type":"VUT","group":"Completa","address":"CALLE Albareda Nº 24 Plta/Piso 1 Pta/Letra G, piso 1, puerta G","postal_code":"11500","places":6,"units":2,"registered":"2021-08-23","catastro":"8544416QA4584D0018RD","holder":null,"holder_count":null}},{"type":"Feature","geometry":{"type":"Point","coordinates":[-6.226309,36.601023]},"properties":{"id":"VUT/CA/12648","type":"VUT","group":"Completa","address":"CALLE CIELO Nº 102 Plta/Piso BAJO Pta/Letra A, piso BAJO, puerta A","postal_code":"11500","places":4,"units":2,"registered":"2021-08-26","catastro":"8244230QA4584C0001OD","holder":null,"holder_count":null}},{"type":"Feature","geometry":{"type":"Point","coordinates":[-6.228086,36.599273]},"properties":{"id":"VUT/CA/12676","type":"VUT","group":"Completa","address":"CALLE palacios Nº 60 Plta/Piso 2 Pta/Letra a, piso 2, puerta a","postal_code":"11500","places":5,"units":2,"registered":"2021-08-31","catastro":"8042605QA4584A0006UM","holder":null,"holder_count":null}},{"type":"Feature","geometry":{"type":"Point","coordinates":[-6.284961,36.610488]},"properties":{"id":"VUT/CA/12710","type":"VUT","group":"Completa","address":"CALLE Membrillo Nº 1 Plta/Piso 3 Pta/Letra B, piso 3, puerta B","postal_code":"11500","places":6,"units":3,"registered":"2021-09-07","catastro":"2853606QA4525D0014AW","holder":null,"holder_count":null}},{"type":"Feature","geometry":{"type":"Point","coordinates":[-6.25961,36.579064]},"properties":{"id":"VUT/CA/12711","type":"VUT","group":"Completa","address":"PASEO Bahía (De La) Nº S/N Blq. 76 Plta/Piso Bajo Pta/Letra 4, piso Bajo, puerta 4","postal_code":"11500","places":4,"units":2,"registered":"2021-09-07","catastro":"5217411QA4551G0042UG","holder":null,"holder_count":null}},{"type":"Feature","geometry":{"type":"Point","coordinates":[-6.237449,36.595305]},"properties":{"id":"VUT/CA/12721","type":"VUT","group":"Por habitaciones","address":"CALLE DE LA GAONERA Nº 28","postal_code":"11500","places":6,"units":5,"registered":"2021-09-08","catastro":"7237914QA4573E0001YP","holder":null,"holder_count":null}},{"type":"Feature","geometry":{"type":"Point","coordinates":[-6.274873,36.598846]},"properties":{"id":"VUT/CA/12730","type":"VUT","group":"Completa","address":"CALLE MAR ADRIATICO Nº 59 Pta/Letra 23 Compl.Dom. EDIFICIO HORIZONTE, puerta 23","postal_code":"11500","places":6,"units":2,"registered":"2021-09-09","catastro":"4039101QA4543G0023WO","holder":null,"holder_count":null}},{"type":"Feature","geometry":{"type":"Point","coordinates":[-6.259921,36.579453]},"properties":{"id":"VUT/CA/12757","type":"VUT","group":"Completa","address":"PLAZA SANCHEZ ROMATE Nº 79 Esc. 2 Plta/Piso 1, piso 1","postal_code":"11500","places":4,"units":1,"registered":"2021-09-16","catastro":"5217409QA4551G0007HG","holder":null,"holder_count":null}},{"type":"Feature","geometry":{"type":"Point","coordinates":[-6.25961,36.579064]},"properties":{"id":"VUT/CA/12758","type":"VUT","group":"Completa","address":"PLAZA HARVEY AND SONS Nº 74 Portal 2 Plta/Piso 2 Pta/Letra A, piso 2, puerta A","postal_code":"11500","places":4,"units":1,"registered":"2021-09-16","catastro":"5217411QA4551G0023JW","holder":null,"holder_count":null}},{"type":"Feature","geometry":{"type":"Point","coordinates":[-6.248062,36.588281]},"properties":{"id":"VUT/CA/12787","type":"VUT","group":"Completa","address":"CALLE ZAFIRO Nº 5","postal_code":"11500","places":4,"units":2,"registered":"2021-09-22","catastro":"6329166QA4562G0002OI","holder":null,"holder_count":null}},{"type":"Feature","geometry":{"type":"Point","coordinates":[-6.23548,36.593973]},"properties":{"id":"VUT/CA/12796","type":"VUT","group":"Completa","address":"CALLE GOLONDRINA Nº 50 Portal 10 Plta/Piso BAJO Pta/Letra K, piso BAJO, puerta K","postal_code":"11500","places":6,"units":3,"registered":"2021-09-23","catastro":"7536201QA4573F0047IU","holder":null,"holder_count":null}},{"type":"Feature","geometry":{"type":"Point","coordinates":[-6.270546,36.599767]},"properties":{"id":"VUT/CA/12802","type":"VUT","group":"Completa","address":"CALLE Mar de Irlanda Nº 4","postal_code":"11500","places":6,"units":3,"registered":"2021-09-24","catastro":"4341301QA4544A0021WH","holder":null,"holder_count":null}},{"type":"Feature","geometry":{"type":"Point","coordinates":[-6.248143,36.596892]},"properties":{"id":"VUT/CA/12824","type":"VUT","group":"Completa","address":"CALLE LAVANDA Nº 1 Blq. 4 Plta/Piso 2 Pta/Letra D, piso 2, puerta D","postal_code":"11500","places":4,"units":2,"registered":"2021-10-01","catastro":"6238501QA4563G0046JA","holder":null,"holder_count":null}},{"type":"Feature","geometry":{"type":"Point","coordinates":[-6.222614,36.605001]},"properties":{"id":"VUT/CA/12831","type":"VUT","group":"Completa","address":"CALLE PARRA Nº 4 Blq. 2 Plta/Piso 5 Pta/Letra A, piso 5, puerta A","postal_code":"11500","places":6,"units":3,"registered":"2021-10-04","catastro":"8548113QA4584H0038XJ","holder":null,"holder_count":null}},{"type":"Feature","geometry":{"type":"Point","coordinates":[-6.223428,36.599462]},"properties":{"id":"VUT/CA/12835","type":"VUT","group":"Completa","address":"CALLE Ribera del Rio Nº 42","postal_code":"11500","places":4,"units":2,"registered":"2021-10-05","catastro":"8442916QA4584A0001IK","holder":null,"holder_count":null}},{"type":"Feature","geometry":{"type":"Point","coordinates":[-6.224741,36.598395]},"properties":{"id":"VUT/CA/12849","type":"VUT","group":"Por habitaciones","address":"CALLE Misericordia Nº 9 Plta/Piso 1 Pta/Letra B, piso 1, puerta B","postal_code":"11500","places":6,"units":3,"registered":"2021-10-08","catastro":"8341708QA4584A0013DR","holder":null,"holder_count":null}},{"type":"Feature","geometry":{"type":"Point","coordinates":[-6.221546,36.601309]},"properties":{"id":"VUT/CA/12862","type":"VUT","group":"Completa","address":"CALLE Pozos Dulces Nº 20 Plta/Piso 2 Pta/Letra B, piso 2, puerta B","postal_code":"11500","places":6,"units":3,"registered":"2021-10-14","catastro":"8644415QA4584D0008EY","holder":null,"holder_count":null}},{"type":"Feature","geometry":{"type":"Point","coordinates":[-6.284542,36.609774]},"properties":{"id":"VUT/CA/12874","type":"VUT","group":"Completa","address":"CALLE GOLETA Nº 26D Compl.Dom. VIVIENDA 28","postal_code":"11500","places":6,"units":3,"registered":"2021-10-17","catastro":"3153825QA4535C0032PO","holder":"INMERAY SLU","holder_count":4}},{"type":"Feature","geometry":{"type":"Point","coordinates":[-6.230908,36.602855]},"properties":{"id":"VUT/CA/12905","type":"VUT","group":"Completa","address":"CALLE Santa Fe Nº 24 Compl.Dom. Casa","postal_code":"11500","places":6,"units":2,"registered":"2021-10-25","catastro":"7846223QA4574F0004JH","holder":null,"holder_count":null}},{"type":"Feature","geometry":{"type":"Point","coordinates":[-6.223071,36.578977]},"properties":{"id":"VUT/CA/12921","type":"VUT","group":"Completa","address":"AVENIDA SANTA MARIA DEL MAR Nº 3 Blq. 8 Plta/Piso 5 Pta/Letra BI Compl.Dom. URB. LA SALINERA (VALDELAGRANA), piso 5, puerta BI","postal_code":"11500","places":8,"units":3,"registered":"2021-10-27","catastro":"8620101QA4582B0200UZ","holder":null,"holder_count":null}},{"type":"Feature","geometry":{"type":"Point","coordinates":[-6.22333,36.570551]},"properties":{"id":"VUT/CA/12933","type":"VUT","group":"Completa","address":"PASEO Marítimo Nº 35 Blq. B Portal 8 Plta/Piso 7 Pta/Letra B, piso 7, puerta B","postal_code":"11500","places":5,"units":3,"registered":"2021-11-02","catastro":"8611726QA4581B0014HO","holder":null,"holder_count":null}},{"type":"Feature","geometry":{"type":"Point","coordinates":[-6.218165,36.610232]},"properties":{"id":"VUT/CA/12982","type":"VUT","group":"Por habitaciones","address":"CALLE ARCHIVERO JUAN CARDENAS Nº 1 Blq. 1 Portal 1 Plta/Piso 3 Pta/Letra 45, piso 3, puerta 45","postal_code":"11500","places":2,"units":1,"registered":"2021-11-13","catastro":"8954102QA4585D0045YW","holder":null,"holder_count":null}},{"type":"Feature","geometry":{"type":"Point","coordinates":[-6.229544,36.604188]},"properties":{"id":"VUT/CA/12996","type":"VUT","group":"Completa","address":"AVENIDA DE SANLÚCAR Nº 27 Plta/Piso 3 Pta/Letra F, piso 3, puerta F","postal_code":"11500","places":4,"units":2,"registered":"2021-11-17","catastro":"7947211QA4574F0051AW","holder":null,"holder_count":null}},{"type":"Feature","geometry":{"type":"Point","coordinates":[-6.225755,36.598988]},"properties":{"id":"VUT/CA/12999","type":"VUT","group":"Completa","address":"CALLE VIRGEN DE LOS MILAGROS Nº 98 Plta/Piso 1 Pta/Letra 8, piso 1, puerta 8","postal_code":"11500","places":4,"units":2,"registered":"2021-11-17","catastro":"8242715QA4584A0019XP","holder":null,"holder_count":null}},{"type":"Feature","geometry":{"type":"Point","coordinates":[-6.224366,36.602055]},"properties":{"id":"VUT/CA/13007","type":"VUT","group":"Completa","address":"CALLE CIELOS Nº 57 Portal 2 Plta/Piso 3º Pta/Letra G, piso 3º, puerta G","postal_code":"11500","places":8,"units":3,"registered":"2021-11-18","catastro":"8344918QA4584C0076YZ","holder":null,"holder_count":null}},{"type":"Feature","geometry":{"type":"Point","coordinates":[-6.226482,36.600563]},"properties":{"id":"VUT/CA/13055","type":"VUT","group":"Completa","address":"CALLE GANADO Nº 34","postal_code":"11500","places":14,"units":7,"registered":"2021-11-26","catastro":"8243403QA4584C0001AD","holder":null,"holder_count":null}},{"type":"Feature","geometry":{"type":"Point","coordinates":[-6.224177,36.600096]},"properties":{"id":"VUT/CA/13057","type":"VUT","group":"Completa","address":"CALLE RECTA Nº 18 Plta/Piso 1 Pta/Letra A, piso 1, puerta A","postal_code":"11500","places":8,"units":4,"registered":"2021-11-26","catastro":"8443909QA4584C0001MD","holder":null,"holder_count":null}},{"type":"Feature","geometry":{"type":"Point","coordinates":[-6.233865,36.595521]},"properties":{"id":"VUT/CA/13133","type":"VUT","group":"Completa","address":"CALLE VENCEJOS Nº 2 Plta/Piso 2 Pta/Letra C, piso 2, puerta C","postal_code":"11500","places":8,"units":2,"registered":"2021-12-13","catastro":"7637804QA4573H0021DT","holder":null,"holder_count":null}},{"type":"Feature","geometry":{"type":"Point","coordinates":[-6.279204,36.605528]},"properties":{"id":"VUT/CA/13136","type":"VUT","group":"Completa","address":"CAMINO Bermeja Nº 3 Blq. 14","postal_code":"11500","places":8,"units":4,"registered":"2021-12-14","catastro":"3447590QA4534G0015XJ","holder":null,"holder_count":null}},{"type":"Feature","geometry":{"type":"Point","coordinates":[-6.222813,36.57076]},"properties":{"id":"VUT/CA/13146","type":"VUT","group":"Completa","address":"URBANIZACION Blegamar Nº 11 Blq. 11 Portal 11 Esc. 3 Plta/Piso 3 Pta/Letra E, piso 3, puerta E","postal_code":"11500","places":5,"units":2,"registered":"2021-12-16","catastro":"8611723qa4581b0011oy","holder":null,"holder_count":null}},{"type":"Feature","geometry":{"type":"Point","coordinates":[-6.223766,36.575625]},"properties":{"id":"VUT/CA/13147","type":"VUT","group":"Completa","address":"URBANIZACION PASEO MARÍTIMO VALDELAGRANA 15 URBANIZACIÓN BAHIABLANCA Nº 2 Calif.Nº 2 Blq. 2 Portal 2 Esc. 8 Plta/Piso 8 Pta/Letra E, piso 8, puerta E","postal_code":"11500","places":4,"units":1,"registered":"2021-12-16","catastro":"8515907qa4581f0141wb","holder":null,"holder_count":null}},{"type":"Feature","geometry":{"type":"Point","coordinates":[-6.231334,36.602663]},"properties":{"id":"VUT/CA/13152","type":"VUT","group":"Completa","address":"PLAZA SAN JUAN DE LETRAN Nº 6 Plta/Piso bj Pta/Letra C, piso bj, puerta C","postal_code":"11500","places":4,"units":1,"registered":"2021-12-18","catastro":"7846202QA4574F0028GA","holder":null,"holder_count":null}},{"type":"Feature","geometry":{"type":"Point","coordinates":[-6.261235,36.583692]},"properties":{"id":"VUT/CA/13157","type":"VUT","group":"Completa","address":"CALLE PIRAGUA Nº 6","postal_code":"11500","places":8,"units":4,"registered":"2021-12-20","catastro":"5124904QA4552C0001DD","holder":null,"holder_count":null}},{"type":"Feature","geometry":{"type":"Point","coordinates":[-6.248143,36.596892]},"properties":{"id":"VUT/CA/13233","type":"VUT","group":"Completa","address":"CALLE Lavanda Nº 24 Blq. 1 Plta/Piso 1 Pta/Letra d Compl.Dom. Soto de Vistahermosa, piso 1, puerta d","postal_code":"11500","places":4,"units":2,"registered":"2022-01-11","catastro":"6238501QA4563G0004PR","holder":null,"holder_count":null}},{"type":"Feature","geometry":{"type":"Point","coordinates":[-6.246713,36.629114]},"properties":{"id":"VUT/CA/13272","type":"VUT","group":"Completa","address":"CALLE SALVE Nº 22","postal_code":"11500","places":4,"units":1,"registered":"2022-01-17","catastro":"6370151QA4567A0001UG","holder":null,"holder_count":null}},{"type":"Feature","geometry":{"type":"Point","coordinates":[-6.26714,36.595284]},"properties":{"id":"VUT/CA/13276","type":"VUT","group":"Completa","address":"CALLE Azahar Nº 5 Compl.Dom. Andalucía Real","postal_code":"11500","places":8,"units":4,"registered":"2022-01-18","catastro":"4437622QA4543E0001UZ","holder":null,"holder_count":null}},{"type":"Feature","geometry":{"type":"Point","coordinates":[-6.228401,36.594872]},"properties":{"id":"VUT/CA/13291","type":"VUT","group":"Completa","address":"CALLE VINO AMONTILLADO Nº 3 Plta/Piso 2 Pta/Letra DERECHA, piso 2, puerta DERECHA","postal_code":"11500","places":4,"units":2,"registered":"2022-01-20","catastro":"8037802QA4583E0003ZH","holder":null,"holder_count":null}},{"type":"Feature","geometry":{"type":"Point","coordinates":[-6.22428,36.598523]},"properties":{"id":"VUT/CA/13323","type":"VUT","group":"Completa","address":"CALLE JESUS DE LOS MILAGROS Nº 5 Compl.Dom. Apto 4","postal_code":"11500","places":4,"units":1,"registered":"2022-01-26","catastro":"8441109QA4584A0001RK","holder":"PISGO DE INVERSIONES SL","holder_count":2}},{"type":"Feature","geometry":{"type":"Point","coordinates":[-6.223816,36.605274]},"properties":{"id":"VUT/CA/13342","type":"VUT","group":"Completa","address":"CALLE RACIMO Nº 4 Esc. 3 Plta/Piso +1 Pta/Letra B Compl.Dom. RESIDENCIAL LARES DE SANTA MARIA I, piso +1, puerta B","postal_code":"11500","places":4,"units":1,"registered":"2022-01-28","catastro":"8449703QA4584G0058PX","holder":null,"holder_count":null}},{"type":"Feature","geometry":{"type":"Point","coordinates":[-6.22963,36.598484]},"properties":{"id":"VUT/CA/13359","type":"VUT","group":"Completa","address":"CALLE Pagador Nº 18","postal_code":"11500","places":6,"units":2,"registered":"2022-02-01","catastro":"7941924QA4574B0001KM","holder":null,"holder_count":null}},{"type":"Feature","geometry":{"type":"Point","coordinates":[-6.285829,36.612669]},"properties":{"id":"VUT/CA/13364","type":"VUT","group":"Completa","address":"CALLE DE LA SANDÍA Nº 7","postal_code":"11500","places":6,"units":3,"registered":"2022-02-01","catastro":"2954302QA4525D0001LG","holder":"FLAMENCO DESIGN FASHION SL","holder_count":1}},{"type":"Feature","geometry":{"type":"Point","coordinates":[-6.263399,36.60199]},"properties":{"id":"VUT/CA/13365","type":"VUT","group":"Completa","address":"CALLE Gavilán Nº 48","postal_code":"11500","places":8,"units":4,"registered":"2022-02-02","catastro":"4944101QA4544D0017YL","holder":null,"holder_count":null}},{"type":"Feature","geometry":{"type":"Point","coordinates":[-6.22818,36.594531]},"properties":{"id":"VUT/CA/13368","type":"VUT","group":"Completa","address":"CALLE LOS MOROS Nº 10 Plta/Piso 2 Pta/Letra A, piso 2, puerta A","postal_code":"11500","places":4,"units":1,"registered":"2022-02-02","catastro":"8136301QA4583E0016SE","holder":null,"holder_count":null}},{"type":"Feature","geometry":{"type":"Point","coordinates":[-6.25054,36.590189]},"properties":{"id":"VUT/CA/13419","type":"VUT","group":"Completa","address":"CALLE JUAN SEBASTIAN EL CANO Nº 2 Blq. 1 Plta/Piso PRIMERO Pta/Letra B Compl.Dom. URBANIZACION HOYO 10, piso PRIMERO, puerta B","postal_code":"11500","places":6,"units":3,"registered":"2022-02-08","catastro":"5832602QA4553B0004QQ","holder":"ROSAN INVERSIONES, S.L.","holder_count":2}},{"type":"Feature","geometry":{"type":"Point","coordinates":[-6.25054,36.590189]},"properties":{"id":"VUT/CA/13420","type":"VUT","group":"Completa","address":"CALLE JUAN SEBASTIAN EL CANO Nº 2 Blq. 3 Plta/Piso PRIMERO Pta/Letra B Compl.Dom. URBANIZACION HOYO 10, piso PRIMERO, puerta B","postal_code":"11500","places":6,"units":3,"registered":"2022-02-08","catastro":"5832602QA4553B0014II","holder":"ROSAN INVERSIONES, S.L.","holder_count":2}},{"type":"Feature","geometry":{"type":"Point","coordinates":[-6.22,36.571693]},"properties":{"id":"VUT/CA/13421","type":"VUT","group":"Completa","address":"CALLE Avoceta Nº 25","postal_code":"11500","places":10,"units":4,"registered":"2022-02-08","catastro":"8911401QA4581B0006AR","holder":null,"holder_count":null}},{"type":"Feature","geometry":{"type":"Point","coordinates":[-6.286615,36.611646]},"properties":{"id":"VUT/CA/13425","type":"VUT","group":"Completa","address":"CALLE DE LA CIRUELA Nº 21 Plta/Piso 2º Pta/Letra B Compl.Dom. URBANIZACION TERRAZAS DE FUENTEBRAVIA, piso 2º, puerta B","postal_code":"11500","places":6,"units":3,"registered":"2022-02-09","catastro":"2854105QA4525D0012IM","holder":"PEYFLOSA, S.L.","holder_count":1}},{"type":"Feature","geometry":{"type":"Point","coordinates":[-6.258991,36.600315]},"properties":{"id":"VUT/CA/13431","type":"VUT","group":"Completa","address":"CALLE Mochuelo Nº 29 Pta/Letra 14, puerta 14","postal_code":"11500","places":8,"units":4,"registered":"2022-02-10","catastro":"5342211QA4554A0014YH","holder":null,"holder_count":null}},{"type":"Feature","geometry":{"type":"Point","coordinates":[-6.23853,36.59482]},"properties":{"id":"VUT/CA/13441","type":"VUT","group":"Completa","address":"CALLE MAESTRO JUAN PINTO Nº 1 Plta/Piso 7 Pta/Letra A, piso 7, puerta A","postal_code":"11500","places":8,"units":3,"registered":"2022-02-14","catastro":"7136501QA4573E0025DT","holder":null,"holder_count":null}},{"type":"Feature","geometry":{"type":"Point","coordinates":[-6.223836,36.599816]},"properties":{"id":"VUT/CA/13444","type":"VUT","group":"Por habitaciones","address":"CALLE Javier de Burgos 13 Plta/Piso 1 Pta/Letra D, piso 1, puerta D","postal_code":"11500","places":2,"units":1,"registered":"2022-02-14","catastro":"8442910QA4584A0005RX","holder":null,"holder_count":null}},{"type":"Feature","geometry":{"type":"Point","coordinates":[-6.227508,36.598692]},"properties":{"id":"VUT/CA/13483","type":"VUT","group":"Completa","address":"CALLE PALACIOS Nº 51 Esc. 1 Plta/Piso 1 Pta/Letra D, piso 1, puerta D","postal_code":"11500","places":4,"units":2,"registered":"2022-02-18","catastro":"8141114QA4584A0008UW","holder":null,"holder_count":null}},{"type":"Feature","geometry":{"type":"Point","coordinates":[-6.28615,36.612565]},"properties":{"id":"VUT/CA/13497","type":"VUT","group":"Completa","address":"CALLE SANDIA Nº 8 Blq. B Plta/Piso 1 Pta/Letra 6, piso 1, puerta 6","postal_code":"11500","places":4,"units":1,"registered":"2022-02-19","catastro":"2855905QA4525F0057OT","holder":null,"holder_count":null}},{"type":"Feature","geometry":{"type":"Point","coordinates":[-6.269771,36.599967]},"properties":{"id":"VUT/CA/13501","type":"VUT","group":"Completa","address":"CALLE MAR DE JAPÓN Nº 4","postal_code":"11500","places":8,"units":4,"registered":"2022-02-20","catastro":"4342101QA4544D0006DA","holder":null,"holder_count":null}},{"type":"Feature","geometry":{"type":"Point","coordinates":[-6.231489,36.60276]},"properties":{"id":"VUT/CA/13512","type":"VUT","group":"Completa","address":"CALLE SAN JUAN Nº 4 Portal A Plta/Piso 4 Pta/Letra D, piso 4, puerta D","postal_code":"11500","places":4,"units":1,"registered":"2022-02-21","catastro":"7846225QA4574f0017XE","holder":null,"holder_count":null}},{"type":"Feature","geometry":{"type":"Point","coordinates":[-6.286481,36.612754]},"properties":{"id":"VUT/CA/13556","type":"VUT","group":"Completa","address":"AVENIDA del parador Nº 7 Plta/Piso 6 Pta/Letra b, piso 6, puerta b","postal_code":"11500","places":3,"units":1,"registered":"2022-03-01","catastro":"2855901qa4525f0074uh","holder":null,"holder_count":null}},{"type":"Feature","geometry":{"type":"Point","coordinates":[-6.223071,36.578977]},"properties":{"id":"VUT/CA/13573","type":"VUT","group":"Completa","address":"AVENIDA Santa Maria del Mar Nº 3 Blq. 4 Plta/Piso 7D Pta/Letra Izquierda Compl.Dom. Urbanización La Salinera, piso 7D, puerta Izquierda","postal_code":"11500","places":6,"units":2,"registered":"2022-03-02","catastro":"8620101QA4582B0109DR","holder":null,"holder_count":null}},{"type":"Feature","geometry":{"type":"Point","coordinates":[-6.229529,36.596932]},"properties":{"id":"VUT/CA/13575","type":"VUT","group":"Completa","address":"CALLE DE LA PALMA Nº 25 Plta/Piso 1 Pta/Letra E, piso 1, puerta E","postal_code":"11500","places":6,"units":2,"registered":"2022-03-02","catastro":"7939912QA4573H0022EY","holder":"COLOGA VIGO SL","holder_count":1}},{"type":"Feature","geometry":{"type":"Point","coordinates":[-6.285416,36.612335]},"properties":{"id":"VUT/CA/13589","type":"VUT","group":"Completa","address":"CALLE Fresa Nº 21 Plta/Piso Bajo Pta/Letra C, piso Bajo, puerta C","postal_code":"11500","places":6,"units":2,"registered":"2022-03-03","catastro":"2954303QA4525D0006PB","holder":null,"holder_count":null}},{"type":"Feature","geometry":{"type":"Point","coordinates":[-6.233948,36.595988]},"properties":{"id":"VUT/CA/13596","type":"VUT","group":"Completa","address":"PLAZA Miguel del Pino Nº 5 Blq. 3 Plta/Piso 1 Pta/Letra A, piso 1, puerta A","postal_code":"11500","places":6,"units":2,"registered":"2022-03-04","catastro":"7538901QA4573H0052WR","holder":null,"holder_count":null}},{"type":"Feature","geometry":{"type":"Point","coordinates":[-6.229291,36.599308]},"properties":{"id":"VUT/CA/13600","type":"VUT","group":"Completa","address":"CALLE SANTA LUICIA Nº 6 Plta/Piso 1 Pta/Letra 3, piso 1, puerta 3","postal_code":"11500","places":6,"units":2,"registered":"2022-03-05","catastro":"7942225QA4574B0003YW","holder":null,"holder_count":null}},{"type":"Feature","geometry":{"type":"Point","coordinates":[-6.233125,36.602897]},"properties":{"id":"VUT/CA/13605","type":"VUT","group":"Completa","address":"CALLE Fuentebravía Nº 2 Blq. 2 Plta/Piso bj Pta/Letra IZQ, piso bj, puerta IZQ","postal_code":"11500","places":5,"units":3,"registered":"2022-03-07","catastro":"7646801QA4574F0010IL","holder":null,"holder_count":null}},{"type":"Feature","geometry":{"type":"Point","coordinates":[-6.242203,36.595753]},"properties":{"id":"VUT/CA/13610","type":"VUT","group":"Completa","address":"AVENIDA de La Libertad Nº 15 Portal 3 Plta/Piso 1 Pta/Letra A, piso 1, puerta A","postal_code":"11500","places":6,"units":3,"registered":"2022-03-07","catastro":"6837901QA4563F0115UY","holder":null,"holder_count":null}},{"type":"Feature","geometry":{"type":"Point","coordinates":[-6.22676,36.599399]},"properties":{"id":"VUT/CA/13639","type":"VUT","group":"Completa","address":"CALLE LUNA Nº 40 Plta/Piso 2 Pta/Letra B, piso 2, puerta B","postal_code":"11500","places":6,"units":3,"registered":"2022-03-09","catastro":"8242202QA4584A0006JM","holder":null,"holder_count":null}},{"type":"Feature","geometry":{"type":"Point","coordinates":[-6.238982,36.593324]},"properties":{"id":"VUT/CA/13648","type":"VUT","group":"Completa","address":"CALLE Manuel Arjona Cia Nº 1 Plta/Piso BJ Pta/Letra 4, piso BJ, puerta 4","postal_code":"11500","places":6,"units":3,"registered":"2022-03-09","catastro":"7135101QA4573E0022SW","holder":null,"holder_count":null}},{"type":"Feature","geometry":{"type":"Point","coordinates":[-6.224464,36.577606]},"properties":{"id":"VUT/CA/13653","type":"VUT","group":"Completa","address":"AVENIDA DE LA PAZ Nº 77 Plta/Piso 5 Pta/Letra D Compl.Dom. Valdelagrana, piso 5, puerta D","postal_code":"11500","places":6,"units":3,"registered":"2022-03-10","catastro":"8418701QA4518G0265UE","holder":null,"holder_count":null}},{"type":"Feature","geometry":{"type":"Point","coordinates":[-6.22919,36.596822]},"properties":{"id":"VUT/CA/13655","type":"VUT","group":"Completa","address":"CALLE BOLOS Nº 6 Plta/Piso 0 Pta/Letra H, piso 0, puerta H","postal_code":"11500","places":4,"units":2,"registered":"2022-03-10","catastro":"7939901QA4573H0026RP","holder":"Benbo Adminnistración y Servicios SL","holder_count":5}},{"type":"Feature","geometry":{"type":"Point","coordinates":[-6.228737,36.598813]},"properties":{"id":"VUT/CA/13683","type":"VUT","group":"Completa","address":"CALLE SANTO DOMINGO Nº 40 Plta/Piso 2 Pta/Letra B, piso 2, puerta B","postal_code":"11500","places":2,"units":1,"registered":"2022-03-14","catastro":"8041906QA4584A0014TT","holder":null,"holder_count":null}},{"type":"Feature","geometry":{"type":"Point","coordinates":[-6.224483,36.599185]},"properties":{"id":"VUT/CA/13689","type":"VUT","group":"Completa","address":"CALLE GANADO Nº 6 Plta/Piso 2 Pta/Letra A, piso 2, puerta A","postal_code":"11500","places":4,"units":3,"registered":"2022-03-15","catastro":"8342601QA4584A0004FZ","holder":null,"holder_count":null}},{"type":"Feature","geometry":{"type":"Point","coordinates":[-6.226245,36.602863]},"properties":{"id":"VUT/CA/13694","type":"VUT","group":"Completa","address":"CALLE CARMEN PEREZ PASCUAL Nº 23","postal_code":"11500","places":15,"units":5,"registered":"2022-03-15","catastro":"8145719QA4584E0001BI","holder":null,"holder_count":null}},{"type":"Feature","geometry":{"type":"Point","coordinates":[-6.227085,36.596271]},"properties":{"id":"VUT/CA/13713","type":"VUT","group":"Completa","address":"CALLE FEDERICO RUBIO Nº 9 Plta/Piso 3 Pta/Letra B, piso 3, puerta B","postal_code":"11500","places":4,"units":2,"registered":"2022-03-17","catastro":"8138506QA4583G0008QH","holder":null,"holder_count":null}},{"type":"Feature","geometry":{"type":"Point","coordinates":[-6.229357,36.598612]},"properties":{"id":"VUT/CA/13748","type":"VUT","group":"Completa","address":"CALLE PAGADOR Nº 13 Plta/Piso 1, piso 1","postal_code":"11500","places":8,"units":3,"registered":"2022-03-22","catastro":"7940509QA4574B0001IM","holder":null,"holder_count":null}},{"type":"Feature","geometry":{"type":"Point","coordinates":[-6.223852,36.580037]},"properties":{"id":"VUT/CA/13761","type":"VUT","group":"Completa","address":"AVENIDA DE LA PAZ Nº 36 Portal 7 Plta/Piso 2 Pta/Letra D Compl.Dom. URBANIZACION PUERTOMAR, piso 2, puerta D","postal_code":"11500","places":4,"units":2,"registered":"2022-03-23","catastro":"8320501QA4582A0105EF","holder":"COTO DE LA ISLETA SL","holder_count":2}},{"type":"Feature","geometry":{"type":"Point","coordinates":[-6.235529,36.590923]},"properties":{"id":"VUT/CA/13775","type":"VUT","group":"Completa","address":"CALLE BATALLA DE CABITE Nº 4 Plta/Piso 4 Pta/Letra D, piso 4, puerta D","postal_code":"11500","places":5,"units":3,"registered":"2022-03-24","catastro":"7432402QA4573C0007IZ","holder":null,"holder_count":null}},{"type":"Feature","geometry":{"type":"Point","coordinates":[-6.227951,36.600297]},"properties":{"id":"VUT/CA/13777","type":"VUT","group":"Completa","address":"CALLE DR MUÑOZ SECA Nº 24 Plta/Piso 1 Pta/Letra A, piso 1, puerta A","postal_code":"11500","places":4,"units":2,"registered":"2022-03-24","catastro":"8043628QA4584C0008YB","holder":null,"holder_count":null}},{"type":"Feature","geometry":{"type":"Point","coordinates":[-6.223031,36.571389]},"properties":{"id":"VUT/CA/13820","type":"VUT","group":"Completa","address":"PASEO MARÍTIMO Nº 33 Blq. 5 Esc. 1 Plta/Piso 8 Pta/Letra CI Compl.Dom. URBANIZACIÓN BLEGAMAR, piso 8, puerta CI","postal_code":"11500","places":4,"units":2,"registered":"2022-03-29","catastro":"8611708QA4581B0018RD","holder":null,"holder_count":null}},{"type":"Feature","geometry":{"type":"Point","coordinates":[-6.272737,36.604402]},"properties":{"id":"VUT/CA/13837","type":"VUT","group":"Completa","address":"CALLE Ancora Nº 1 Blq. 6 Plta/Piso 3 Pta/Letra C Compl.Dom. Antiguamente carretera El Ancla nº 11, piso 3, puerta C","postal_code":"11500","places":4,"units":2,"registered":"2022-03-31","catastro":"4145901QA4544E0045AQ","holder":null,"holder_count":null}},{"type":"Feature","geometry":{"type":"Point","coordinates":[-6.226634,36.597687]},"properties":{"id":"VUT/CA/13839","type":"VUT","group":"Completa","address":"CALLE Alquiladores Nº 12 Plta/Piso 1 Pta/Letra B, piso 1, puerta B","postal_code":"11500","places":6,"units":2,"registered":"2022-03-31","catastro":"8240906QA4584A0001BK","holder":null,"holder_count":null}},{"type":"Feature","geometry":{"type":"Point","coordinates":[-6.224464,36.577606]},"properties":{"id":"VUT/CA/13881","type":"VUT","group":"Completa","address":"AVENIDA DE LA PAZ Nº 67 Portal 1 Plta/Piso 6 Pta/Letra C, piso 6, puerta C","postal_code":"11500","places":4,"units":2,"registered":"2022-04-06","catastro":"8418701QA4518G0089LG","holder":"PLAYA VALDELAGRANA SL","holder_count":2}},{"type":"Feature","geometry":{"type":"Point","coordinates":[-6.230523,36.596682]},"properties":{"id":"VUT/CA/13895","type":"VUT","group":"Completa","address":"CALLE SAN BARTOLOMÉ Nº 54","postal_code":"11500","places":15,"units":5,"registered":"2022-04-07","catastro":"7839907QA4573h0001QF","holder":null,"holder_count":null}},{"type":"Feature","geometry":{"type":"Point","coordinates":[-6.220418,36.604675]},"properties":{"id":"VUT/CA/13898","type":"VUT","group":"Completa","address":"CALLE Virgen de los Milagros Nº 1 Portal 2 Plta/Piso 1º Pta/Letra 4, piso 1º, puerta 4","postal_code":"11500","places":8,"units":4,"registered":"2022-04-07","catastro":"8747112QA4584F0102FZ","holder":null,"holder_count":null}},{"type":"Feature","geometry":{"type":"Point","coordinates":[-6.233001,36.592421]},"properties":{"id":"VUT/CA/13901","type":"VUT","group":"Completa","address":"CALLE BAHIA DE CADIZ Nº 10","postal_code":"11500","places":6,"units":4,"registered":"2022-04-07","catastro":"7634216QA4573D0085OG","holder":null,"holder_count":null}},{"type":"Feature","geometry":{"type":"Point","coordinates":[-6.22263,36.580007]},"properties":{"id":"VUT/CA/13906","type":"VUT","group":"Completa","address":"CALLE Sabina Nº 13 Compl.Dom. Valdelagrana","postal_code":"11500","places":6,"units":3,"registered":"2022-04-08","catastro":"8620327QA4582B0001YH","holder":null,"holder_count":null}},{"type":"Feature","geometry":{"type":"Point","coordinates":[-6.221284,36.581017]},"properties":{"id":"VUT/CA/13911","type":"VUT","group":"Completa","address":"AVENIDA DE CADIZ Nº 23","postal_code":"11500","places":6,"units":4,"registered":"2022-04-09","catastro":"8722913QA4582B0001WH","holder":null,"holder_count":null}},{"type":"Feature","geometry":{"type":"Point","coordinates":[-6.281026,36.609525]},"properties":{"id":"VUT/CA/13940","type":"VUT","group":"Completa","address":"AVENIDA DE LOS MASTILES Nº 8 Pta/Letra E, puerta E","postal_code":"11500","places":8,"units":4,"registered":"2022-04-13","catastro":"3251509QA4535A0005PL","holder":null,"holder_count":null}},{"type":"Feature","geometry":{"type":"Point","coordinates":[-6.220418,36.604675]},"properties":{"id":"VUT/CA/13945","type":"VUT","group":"Completa","address":"CALLE Virgen de los Milagros Nº 1 Portal 2 Plta/Piso 1 Pta/Letra 4, piso 1, puerta 4","postal_code":"11500","places":8,"units":4,"registered":"2022-04-14","catastro":"8747112QA4584F0102FZ","holder":null,"holder_count":null}},{"type":"Feature","geometry":{"type":"Point","coordinates":[-6.22599,36.601066]},"properties":{"id":"VUT/CA/13949","type":"VUT","group":"Completa","address":"CALLE CIELOS Nº 87","postal_code":"11500","places":14,"units":8,"registered":"2022-04-14","catastro":"8243411QA4584C0001PD","holder":null,"holder_count":null}},{"type":"Feature","geometry":{"type":"Point","coordinates":[-6.241046,36.588774]},"properties":{"id":"VUT/CA/13960","type":"VUT","group":"Completa","address":"CAMINO ENAMORADOS Nº 35 Esc. 3 Plta/Piso 1 Pta/Letra 8, piso 1, puerta 8","postal_code":"11500","places":4,"units":1,"registered":"2022-04-18","catastro":"7231950QA4573A0183MS","holder":null,"holder_count":null}},{"type":"Feature","geometry":{"type":"Point","coordinates":[-6.245099,36.595616]},"properties":{"id":"VUT/CA/13964","type":"VUT","group":"Completa","address":"CALLE Padre de Las Casas Nº 4 Blq. 7 Esc. 1 Plta/Piso 4 Pta/Letra I, piso 4, puerta I","postal_code":"11500","places":4,"units":2,"registered":"2022-04-18","catastro":"6537303QA4563E0072GP","holder":null,"holder_count":null}},{"type":"Feature","geometry":{"type":"Point","coordinates":[-6.224483,36.599185]},"properties":{"id":"VUT/CA/13971","type":"VUT","group":"Completa","address":"PLAZA La Carcel Nº 4 Portal 1 Plta/Piso 1 Pta/Letra B, piso 1, puerta B","postal_code":"11500","places":6,"units":3,"registered":"2022-04-19","catastro":"8342601QA4584A0002SL","holder":null,"holder_count":null}},{"type":"Feature","geometry":{"type":"Point","coordinates":[-6.237498,36.592029]},"properties":{"id":"VUT/CA/13975","type":"VUT","group":"Completa","address":"CALLE Compositor Sanchez del Arco Nº 9 Pta/Letra A, puerta A","postal_code":"11500","places":2,"units":1,"registered":"2022-04-19","catastro":"7233401QA4573C0031SD","holder":null,"holder_count":null}},{"type":"Feature","geometry":{"type":"Point","coordinates":[-6.220031,36.604055]},"properties":{"id":"VUT/CA/13982","type":"VUT","group":"Completa","address":"AVENIDA de la Estacion Portal 11 Plta/Piso Baja Pta/Letra 3, piso Baja, puerta 3","postal_code":"11500","places":4,"units":2,"registered":"2022-04-20","catastro":"8747118QA4584F0019PO","holder":null,"holder_count":null}},{"type":"Feature","geometry":{"type":"Point","coordinates":[-6.224348,36.600086]},"properties":{"id":"VUT/CA/13993","type":"VUT","group":"Completa","address":"CALLE JAVIER DE BURGOS Nº 21","postal_code":"11500","places":15,"units":5,"registered":"2022-04-21","catastro":"8342613QA4584A0001MK","holder":null,"holder_count":null}},{"type":"Feature","geometry":{"type":"Point","coordinates":[-6.233001,36.592421]},"properties":{"id":"VUT/CA/13995","type":"VUT","group":"Completa","address":"CALLE BAHIA DE CADIZ Nº 10","postal_code":"11500","places":6,"units":4,"registered":"2022-04-21","catastro":"7634216QA4573D0085OG","holder":null,"holder_count":null}},{"type":"Feature","geometry":{"type":"Point","coordinates":[-6.286368,36.612062]},"properties":{"id":"VUT/CA/13997","type":"VUT","group":"Completa","address":"CALLE de la Sandía Nº 12 Plta/Piso bajo Pta/Letra 11 Compl.Dom. FUENTEBRAVIA, piso bajo, puerta 11","postal_code":"11500","places":6,"units":2,"registered":"2022-04-22","catastro":"2854302QA4525D0001RG","holder":null,"holder_count":null}},{"type":"Feature","geometry":{"type":"Point","coordinates":[-6.220031,36.604055]},"properties":{"id":"VUT/CA/14022","type":"VUT","group":"Completa","address":"AVENIDA de la Estacion Portal 11 Plta/Piso Baja Pta/Letra 3, piso Baja, puerta 3","postal_code":"11500","places":5,"units":2,"registered":"2022-04-24","catastro":"8747118QA4584F0019PO","holder":null,"holder_count":null}},{"type":"Feature","geometry":{"type":"Point","coordinates":[-6.272737,36.604402]},"properties":{"id":"VUT/CA/14036","type":"VUT","group":"Completa","address":"CALLE ANCORA Nº 11 Blq. 19 Plta/Piso 4 Pta/Letra B Compl.Dom. URBANIZACIÓN EL ANCLA, piso 4, puerta B","postal_code":"11500","places":5,"units":2,"registered":"2022-04-25","catastro":"4145901QA4544E0246KI","holder":null,"holder_count":null}},{"type":"Feature","geometry":{"type":"Point","coordinates":[-6.223173,36.601499]},"properties":{"id":"VUT/CA/14046","type":"VUT","group":"Completa","address":"CALLE CHANCA Nº 16 Plta/Piso 2 Pta/Letra C, piso 2, puerta C","postal_code":"11500","places":5,"units":2,"registered":"2022-04-26","catastro":"8544404QA4584D0008IY","holder":null,"holder_count":null}},{"type":"Feature","geometry":{"type":"Point","coordinates":[-6.224114,36.598707]},"properties":{"id":"VUT/CA/14067","type":"VUT","group":"Completa","address":"PLAZA De la Herrería Nº 1 Plta/Piso 4 Pta/Letra B, piso 4, puerta B","postal_code":"11500","places":6,"units":4,"registered":"2022-04-27","catastro":"8441112QA4584A0010PQ","holder":null,"holder_count":null}},{"type":"Feature","geometry":{"type":"Point","coordinates":[-6.286368,36.612062]},"properties":{"id":"VUT/CA/14068","type":"VUT","group":"Completa","address":"CALLE SANDIA Nº 12 Plta/Piso 1 Pta/Letra 21, piso 1, puerta 21","postal_code":"11500","places":4,"units":2,"registered":"2022-04-27","catastro":"2854302QA4525D0001RG","holder":null,"holder_count":null}},{"type":"Feature","geometry":{"type":"Point","coordinates":[-6.236297,36.597827]},"properties":{"id":"VUT/CA/14072","type":"VUT","group":"Completa","address":"CALLE VALDES Nº 37 Plta/Piso BAJO Pta/Letra DCHA., piso BAJO, puerta DCHA.","postal_code":"11500","places":6,"units":3,"registered":"2022-04-28","catastro":"7340806QA4574A0007QB","holder":null,"holder_count":null}},{"type":"Feature","geometry":{"type":"Point","coordinates":[-6.228094,36.596884]},"properties":{"id":"VUT/CA/14077","type":"VUT","group":"Completa","address":"CALLE FEDERICO RUBIO Nº 27","postal_code":"11500","places":15,"units":10,"registered":"2022-04-29","catastro":"8039708QA4583G0001PO","holder":"GOAL DELANCA SL","holder_count":1}},{"type":"Feature","geometry":{"type":"Point","coordinates":[-6.228168,36.599707]},"properties":{"id":"VUT/CA/14082","type":"VUT","group":"Completa","address":"PLAZA Juan Gavala Nº 3","postal_code":"11500","places":10,"units":4,"registered":"2022-04-29","catastro":"8042613QA4584A0001QK","holder":null,"holder_count":null}},{"type":"Feature","geometry":{"type":"Point","coordinates":[-6.261322,36.58248]},"properties":{"id":"VUT/CA/14087","type":"VUT","group":"Completa","address":"PASEO PASEO DE SANTA CATALINA Nº 21 Pta/Letra 5, puerta 5","postal_code":"11500","places":7,"units":4,"registered":"2022-04-30","catastro":"4921501QA4542B0005BR","holder":null,"holder_count":null}},{"type":"Feature","geometry":{"type":"Point","coordinates":[-6.270404,36.591051]},"properties":{"id":"VUT/CA/14092","type":"VUT","group":"Completa","address":"CALLE JAVIER MERELLO Nº 1 Blq. 3 Plta/Piso 2 Pta/Letra A, piso 2, puerta A","postal_code":"11500","places":6,"units":3,"registered":"2022-04-30","catastro":"4333521QA4543C0053LJ","holder":null,"holder_count":null}},{"type":"Feature","geometry":{"type":"Point","coordinates":[-6.22351,36.574783]},"properties":{"id":"VUT/CA/14097","type":"VUT","group":"Completa","address":"PASEO MARITIMO Nº 25 Portal 2 Plta/Piso 11 Pta/Letra D, piso 11, puerta D","postal_code":"11500","places":4,"units":2,"registered":"2022-05-02","catastro":"8515902QA4581F0089DU","holder":null,"holder_count":null}},{"type":"Feature","geometry":{"type":"Point","coordinates":[-6.260716,36.580627]},"properties":{"id":"VUT/CA/14126","type":"VUT","group":"Completa","address":"AVENIDA DE LA MURALLA Nº 100 Esc. 4 Plta/Piso 3 Pta/Letra 1, piso 3, puerta 1","postal_code":"11500","places":4,"units":2,"registered":"2022-05-04","catastro":"5217401QA4551G0027RY","holder":"TRESLINVER 2007, S.L.","holder_count":1}},{"type":"Feature","geometry":{"type":"Point","coordinates":[-6.235475,36.59253]},"properties":{"id":"VUT/CA/14140","type":"VUT","group":"Completa","address":"CALLE Ruiseñor Nº 17 Blq. Bj Plta/Piso B, piso B","postal_code":"11500","places":5,"units":3,"registered":"2022-05-05","catastro":"7434802QA4573C0018LY","holder":null,"holder_count":null}},{"type":"Feature","geometry":{"type":"Point","coordinates":[-6.248143,36.596892]},"properties":{"id":"VUT/CA/14149","type":"VUT","group":"Completa","address":"CALLE LAVANDA Portal 18 Plta/Piso 4 Pta/Letra A, piso 4, puerta A","postal_code":"11500","places":4,"units":2,"registered":"2022-05-05","catastro":"6238501QA4563G0049BF","holder":null,"holder_count":null}},{"type":"Feature","geometry":{"type":"Point","coordinates":[-6.224607,36.582273]},"properties":{"id":"VUT/CA/14168","type":"VUT","group":"Completa","address":"AVENIDA DE CADIZ Nº 4","postal_code":"11500","places":10,"units":5,"registered":"2022-05-09","catastro":"8423104QA4582C0001FW","holder":null,"holder_count":null}},{"type":"Feature","geometry":{"type":"Point","coordinates":[-6.272677,36.604617]},"properties":{"id":"VUT/CA/14191","type":"VUT","group":"Completa","address":"CALLE ANCORA Nº 8 Portal 1 Plta/Piso 2 Pta/Letra B, piso 2, puerta B","postal_code":"11500","places":7,"units":2,"registered":"2022-05-10","catastro":"4146502QA4544E0267IM","holder":null,"holder_count":null}},{"type":"Feature","geometry":{"type":"Point","coordinates":[-6.223476,36.60492]},"properties":{"id":"VUT/CA/14213","type":"VUT","group":"Completa","address":"CALLE Racimo Nº 5 Blq. 1 Plta/Piso 4 Pta/Letra D Compl.Dom. Urbanización Las gaviotas, piso 4, puerta D","postal_code":"11500","places":6,"units":3,"registered":"2022-05-12","catastro":"8548110QA4584H0019TR","holder":null,"holder_count":null}},{"type":"Feature","geometry":{"type":"Point","coordinates":[-6.227878,36.60287]},"properties":{"id":"VUT/CA/14220","type":"VUT","group":"Completa","address":"CALLE Espelete Nº 15 Plta/Piso 1 Pta/Letra a, piso 1, puerta a","postal_code":"11500","places":4,"units":1,"registered":"2022-05-12","catastro":"8045606QA4584E0005US","holder":null,"holder_count":null}},{"type":"Feature","geometry":{"type":"Point","coordinates":[-6.270633,36.615725]},"properties":{"id":"VUT/CA/14229","type":"VUT","group":"Completa","address":"CALLE NENUFAR Nº 8 Compl.Dom. CANTARRANAS","postal_code":"11500","places":8,"units":3,"registered":"2022-05-13","catastro":"4158406QA4545G0001IR","holder":"PPLT INVERSIONES 2022 SL","holder_count":1}},{"type":"Feature","geometry":{"type":"Point","coordinates":[-6.256904,36.578401]},"properties":{"id":"VUT/CA/14234","type":"VUT","group":"Completa","address":"APARTAMENTO Plaza de Garvey 35 Nº 35 Portal 3 Plta/Piso 2A, piso 2A","postal_code":"11500","places":4,"units":2,"registered":"2022-05-13","catastro":"5217404QA4551G0089YR","holder":null,"holder_count":null}},{"type":"Feature","geometry":{"type":"Point","coordinates":[-6.223716,36.599065]},"properties":{"id":"VUT/CA/14242","type":"VUT","group":"Completa","address":"CALLE RIBERA DEL RIO Nº 15 Plta/Piso 2 Pta/Letra 6, piso 2, puerta 6","postal_code":"11500","places":2,"units":1,"registered":"2022-05-14","catastro":"8441502QA4584A0013SR","holder":null,"holder_count":null}},{"type":"Feature","geometry":{"type":"Point","coordinates":[-6.274967,36.603761]},"properties":{"id":"VUT/CA/14246","type":"VUT","group":"Completa","address":"CALLE Bolardo Nº 14","postal_code":"11500","places":10,"units":4,"registered":"2022-05-15","catastro":"3846202QA4534F0007JE","holder":"Proyectos e Inversiones Anemona SL","holder_count":1}},{"type":"Feature","geometry":{"type":"Point","coordinates":[-6.228693,36.59903]},"properties":{"id":"VUT/CA/14272","type":"VUT","group":"Completa","address":"CALLE Pagador Nº 3","postal_code":"11500","places":11,"units":5,"registered":"2022-05-17","catastro":"8041910QA4584A0001RK","holder":null,"holder_count":null}},{"type":"Feature","geometry":{"type":"Point","coordinates":[-6.25233,36.598732]},"properties":{"id":"VUT/CA/14281","type":"VUT","group":"Completa","address":"CALLE del vivero Nº 10 Pta/Letra 26, puerta 26","postal_code":"11500","places":6,"units":3,"registered":"2022-05-17","catastro":"6240917QA4564A0045YL","holder":"Lightbooking SL","holder_count":1}},{"type":"Feature","geometry":{"type":"Point","coordinates":[-6.281026,36.609525]},"properties":{"id":"VUT/CA/14313","type":"VUT","group":"Completa","address":"AVENIDA DE LOS MASTILES Nº 8 Portal B","postal_code":"11500","places":5,"units":3,"registered":"2022-05-20","catastro":"3251509QA4535A0002UH","holder":null,"holder_count":null}},{"type":"Feature","geometry":{"type":"Point","coordinates":[-6.233944,36.589545]},"properties":{"id":"VUT/CA/14320","type":"VUT","group":"Completa","address":"AVENIDA MENESTEO Nº 22 Plta/Piso 1 Pta/Letra G, piso 1, puerta G","postal_code":"11500","places":4,"units":3,"registered":"2022-05-21","catastro":"7231947QA4573A0027TJ","holder":null,"holder_count":null}},{"type":"Feature","geometry":{"type":"Point","coordinates":[-6.224464,36.577606]},"properties":{"id":"VUT/CA/14331","type":"VUT","group":"Completa","address":"PASEO MARITIMO VALDELAGRANA Portal 8 Plta/Piso 2 Pta/Letra D, piso 2, puerta D","postal_code":"11500","places":1,"units":3,"registered":"2022-05-24","catastro":"8418701QA4518G0325TQ","holder":"ASESORES INMOBILIARIOS BUENAVISTA, SL","holder_count":1}},{"type":"Feature","geometry":{"type":"Point","coordinates":[-6.223816,36.605274]},"properties":{"id":"VUT/CA/14332","type":"VUT","group":"Completa","address":"CALLE RACIMO Nº 4 Blq. 2 Plta/Piso 4 Pta/Letra 2, piso 4, puerta 2","postal_code":"11500","places":8,"units":2,"registered":"2022-05-24","catastro":"8449703QA4584G0044XA","holder":null,"holder_count":null}},{"type":"Feature","geometry":{"type":"Point","coordinates":[-6.242541,36.597012]},"properties":{"id":"VUT/CA/14372","type":"VUT","group":"Completa","address":"AVENIDA BLAS INFANTE Nº 7 Pta/Letra 18, puerta 18","postal_code":"11500","places":6,"units":4,"registered":"2022-05-25","catastro":"6839901QA4563H0018JQ","holder":null,"holder_count":null}},{"type":"Feature","geometry":{"type":"Point","coordinates":[-6.220522,36.591181]},"properties":{"id":"VUT/CA/14389","type":"VUT","group":"Completa","address":"CALLE SOLERA Nº 4","postal_code":"11500","places":10,"units":5,"registered":"2022-05-25","catastro":"8734919QA4583D0001OT","holder":null,"holder_count":null}},{"type":"Feature","geometry":{"type":"Point","coordinates":[-6.264603,36.60313]},"properties":{"id":"VUT/CA/14394","type":"VUT","group":"Completa","address":"CALLE QUEBRANTAHUESOS Nº 8","postal_code":"11500","places":6,"units":3,"registered":"2022-05-26","catastro":"4845201QA4544F0007HU","holder":null,"holder_count":null}},{"type":"Feature","geometry":{"type":"Point","coordinates":[-6.224215,36.598596]},"properties":{"id":"VUT/CA/14398","type":"VUT","group":"Completa","address":"CALLE JESUS DE LOS MILAGROS Nº 3 Plta/Piso 2 Pta/Letra E, piso 2, puerta E","postal_code":"11500","places":2,"units":1,"registered":"2022-05-26","catastro":"8441110QA4584A1007DX","holder":null,"holder_count":null}},{"type":"Feature","geometry":{"type":"Point","coordinates":[-6.256904,36.578401]},"properties":{"id":"VUT/CA/14399","type":"VUT","group":"Completa","address":"PLAZA GARVEY Nº 35 Plta/Piso 2 Pta/Letra B Compl.Dom. PUEBLO SHERRY, piso 2, puerta B","postal_code":"11500","places":7,"units":4,"registered":"2022-05-27","catastro":"5217404QA4551G0088TE","holder":null,"holder_count":null}},{"type":"Feature","geometry":{"type":"Point","coordinates":[-6.223959,36.601089]},"properties":{"id":"VUT/CA/14401","type":"VUT","group":"Completa","address":"CALLE VIRGEN DE LOS MILAGROS Nº 64 Plta/Piso BJ Pta/Letra A, piso BJ, puerta A","postal_code":"11500","places":8,"units":3,"registered":"2022-05-27","catastro":"8444117QA4584C0001KD","holder":null,"holder_count":null}},{"type":"Feature","geometry":{"type":"Point","coordinates":[-6.286481,36.612754]},"properties":{"id":"VUT/CA/14402","type":"VUT","group":"Completa","address":"AVENIDA DEL PARADOR Nº 7 Plta/Piso 5 Pta/Letra C, piso 5, puerta C","postal_code":"11500","places":7,"units":3,"registered":"2022-05-27","catastro":"2855901QA4525F0068RD","holder":null,"holder_count":null}},{"type":"Feature","geometry":{"type":"Point","coordinates":[-6.286911,36.611584]},"properties":{"id":"VUT/CA/14403","type":"VUT","group":"Completa","address":"CALLE DE LA MORA Nº 6 Blq. 4 Plta/Piso BJ Pta/Letra B Compl.Dom. EDIFICIO PLAYA DE FUENTEBRAVIA, piso BJ, puerta B","postal_code":"11500","places":6,"units":2,"registered":"2022-05-27","catastro":"3153832QA4535C0056KR","holder":null,"holder_count":null}},{"type":"Feature","geometry":{"type":"Point","coordinates":[-6.239195,36.591698]},"properties":{"id":"VUT/CA/14419","type":"VUT","group":"Completa","address":"CALLE Ronda Las Dunas Nº 13 Blq. 0 Portal 0 Esc. 0 Plta/Piso 1 Pta/Letra b, piso 1, puerta b","postal_code":"11500","places":4,"units":2,"registered":"2022-05-28","catastro":"7033601QA4573C0005LL","holder":null,"holder_count":null}},{"type":"Feature","geometry":{"type":"Point","coordinates":[-6.224215,36.598596]},"properties":{"id":"VUT/CA/14434","type":"VUT","group":"Completa","address":"CALLE JESUS DE LOS MILAGROS Nº 3 Plta/Piso 2 Pta/Letra D, piso 2, puerta D","postal_code":"11500","places":2,"units":1,"registered":"2022-05-30","catastro":"8441110QA4584A1006SZ","holder":null,"holder_count":null}},{"type":"Feature","geometry":{"type":"Point","coordinates":[-6.249344,36.599503]},"properties":{"id":"VUT/CA/14446","type":"VUT","group":"Completa","address":"CALLE DEL GIRASOL Nº 4 Blq. 1 Plta/Piso 2 Pta/Letra A Compl.Dom. URBANIZACIÓN SOTO DE VISTAHERMOSA, piso 2, puerta A","postal_code":"11500","places":8,"units":3,"registered":"2022-05-31","catastro":"6141501QA4564A0076MK","holder":null,"holder_count":null}},{"type":"Feature","geometry":{"type":"Point","coordinates":[-6.230175,36.597844]},"properties":{"id":"VUT/CA/14447","type":"VUT","group":"Completa","address":"CALLE PAGADOR Nº 21 Plta/Piso 1 Pta/Letra D Compl.Dom. EL PUERTO DE SANTA MARIA, piso 1, puerta D","postal_code":"11500","places":4,"units":3,"registered":"2022-05-31","catastro":"7839508QA4573H0004BJ","holder":null,"holder_count":null}},{"type":"Feature","geometry":{"type":"Point","coordinates":[-6.260716,36.580627]},"properties":{"id":"VUT/CA/14452","type":"VUT","group":"Completa","address":"PLAZA Artesanos Nº 1 Esc. 1 Plta/Piso 1 Pta/Letra B, piso 1, puerta B","postal_code":"11500","places":4,"units":2,"registered":"2022-05-31","catastro":"5217401QA4551G0027RY","holder":null,"holder_count":null}},{"type":"Feature","geometry":{"type":"Point","coordinates":[-6.223085,36.569231]},"properties":{"id":"VUT/CA/14475","type":"VUT","group":"Completa","address":"PASEO MARITIMO Nº 37 Portal 5 Esc. B Plta/Piso 3 Pta/Letra D1 Compl.Dom. UR COLOMINA, piso 3, puerta D1","postal_code":"11500","places":6,"units":3,"registered":"2022-06-01","catastro":"8709201QA4580H0124HP","holder":null,"holder_count":null}},{"type":"Feature","geometry":{"type":"Point","coordinates":[-6.219873,36.576026]},"properties":{"id":"VUT/CA/14508","type":"VUT","group":"Por habitaciones","address":"AUTOPISTA Salinera Nº 85","postal_code":"11500","places":4,"units":2,"registered":"2022-06-03","catastro":"8817711QA4581F0001RS","holder":null,"holder_count":null}},{"type":"Feature","geometry":{"type":"Point","coordinates":[-6.227951,36.600297]},"properties":{"id":"VUT/CA/14509","type":"VUT","group":"Completa","address":"CALLE DOCTOR MUÑOZ SECA Nº 24 Plta/Piso BJ Pta/Letra C, piso BJ, puerta C","postal_code":"11500","places":8,"units":2,"registered":"2022-06-03","catastro":"8043628QA4584C0004WH","holder":null,"holder_count":null}},{"type":"Feature","geometry":{"type":"Point","coordinates":[-6.231498,36.604703]},"properties":{"id":"VUT/CA/14515","type":"VUT","group":"Completa","address":"CALLE JARDINERO MAYOR FRANCISCO PEÑA Nº 2 Blq. 13 Plta/Piso 4 Pta/Letra A, piso 4, puerta A","postal_code":"11500","places":6,"units":3,"registered":"2022-06-03","catastro":"7747501QA4574H0444UT","holder":null,"holder_count":null}},{"type":"Feature","geometry":{"type":"Point","coordinates":[-6.241046,36.588774]},"properties":{"id":"VUT/CA/14551","type":"VUT","group":"Completa","address":"CAMINO DE LOS ENAMORADOS Nº 3 Compl.Dom. URBANIZACION LA ARBOLEDA","postal_code":"11500","places":4,"units":1,"registered":"2022-06-06","catastro":"7231950QA4573A0140GR","holder":null,"holder_count":null}},{"type":"Feature","geometry":{"type":"Point","coordinates":[-6.235781,36.591051]},"properties":{"id":"VUT/CA/14552","type":"VUT","group":"Completa","address":"CALLE DESTRUCTOR VELASCO Nº 6 Plta/Piso 1 Pta/Letra B, piso 1, puerta B","postal_code":"11500","places":4,"units":2,"registered":"2022-06-06","catastro":"7332502QA4573C0004JK","holder":null,"holder_count":null}},{"type":"Feature","geometry":{"type":"Point","coordinates":[-6.232206,36.602173]},"properties":{"id":"VUT/CA/14557","type":"VUT","group":"Completa","address":"CALLE POSTIGO Nº 53 Plta/Piso 3 Pta/Letra I, piso 3, puerta I","postal_code":"11500","places":5,"units":2,"registered":"2022-06-06","catastro":"7645603QA4574F0006SK","holder":null,"holder_count":null}},{"type":"Feature","geometry":{"type":"Point","coordinates":[-6.229362,36.591949]},"properties":{"id":"VUT/CA/14566","type":"VUT","group":"Completa","address":"AVENIDA Bajamar Nº 42 Plta/Piso 2 Pta/Letra D, piso 2, puerta D","postal_code":"11500","places":6,"units":3,"registered":"2022-06-07","catastro":"7933501QA4573D0013JP","holder":null,"holder_count":null}},{"type":"Feature","geometry":{"type":"Point","coordinates":[-6.220662,36.579629]},"properties":{"id":"VUT/CA/14582","type":"VUT","group":"Completa","address":"CALLE ESTERO Nº 6","postal_code":"11500","places":8,"units":4,"registered":"2022-06-07","catastro":"8720925QA4582B0001RH","holder":null,"holder_count":null}},{"type":"Feature","geometry":{"type":"Point","coordinates":[-6.28141,36.608326]},"properties":{"id":"VUT/CA/14647","type":"VUT","group":"Completa","address":"CALLE ALTOS DEL MANANTIAL Nº 24 Compl.Dom. URBANIZACION EL MANANTIAL","postal_code":"11500","places":6,"units":2,"registered":"2022-06-13","catastro":"3447518QA4534G0001HY","holder":null,"holder_count":null}},{"type":"Feature","geometry":{"type":"Point","coordinates":[-6.223476,36.60492]},"properties":{"id":"VUT/CA/14660","type":"VUT","group":"Completa","address":"CALLE RACIMO Blq. 1 Portal 5 Plta/Piso 3 Pta/Letra C Compl.Dom. URBANIZACION LAS GAVIOTAS, piso 3, puerta C","postal_code":"11500","places":6,"units":3,"registered":"2022-06-13","catastro":"8548110QA4584H0014MX","holder":null,"holder_count":null}},{"type":"Feature","geometry":{"type":"Point","coordinates":[-6.28615,36.612565]},"properties":{"id":"VUT/CA/14679","type":"VUT","group":"Completa","address":"CALLE SANDIA Nº 8 Blq. II Plta/Piso 1 Pta/Letra 6, piso 1, puerta 6","postal_code":"11500","places":2,"units":1,"registered":"2022-06-14","catastro":"2855905QA4525F0057OT","holder":null,"holder_count":null}},{"type":"Feature","geometry":{"type":"Point","coordinates":[-6.236922,36.592873]},"properties":{"id":"VUT/CA/14685","type":"VUT","group":"Por habitaciones","address":"CALLE Avefria Nº 7 Plta/Piso 3 Pta/Letra B, piso 3, puerta B","postal_code":"11500","places":4,"units":2,"registered":"2022-06-15","catastro":"7234601QA4573C0085KY","holder":null,"holder_count":null}},{"type":"Feature","geometry":{"type":"Point","coordinates":[-6.24616,36.600678]},"properties":{"id":"VUT/CA/14690","type":"VUT","group":"Completa","address":"CAMINO PERPETUO SOCORRO Nº 21 Esc. 1 Pta/Letra 2, puerta 2","postal_code":"11500","places":8,"units":3,"registered":"2022-06-15","catastro":"6843931QA4564D0002FG","holder":"AUTOMATICOS AHIMSA SL","holder_count":1}},{"type":"Feature","geometry":{"type":"Point","coordinates":[-6.270546,36.599767]},"properties":{"id":"VUT/CA/14702","type":"VUT","group":"Completa","address":"CALLE MAR DE IRLANDA Nº 12","postal_code":"11500","places":6,"units":3,"registered":"2022-06-16","catastro":"4341301QA4544A0017QG","holder":null,"holder_count":null}},{"type":"Feature","geometry":{"type":"Point","coordinates":[-6.225725,36.596451]},"properties":{"id":"VUT/CA/14714","type":"VUT","group":"Completa","address":"PLAZA CRISTOBAL COLON Nº 1 Pta/Letra 21, puerta 21","postal_code":"11500","places":6,"units":3,"registered":"2022-06-16","catastro":"8239704QA4583G0021KM","holder":null,"holder_count":null}},{"type":"Feature","geometry":{"type":"Point","coordinates":[-6.231506,36.601867]},"properties":{"id":"VUT/CA/14717","type":"VUT","group":"Completa","address":"CALLE POSTIGO Nº 36 Plta/Piso BJ Pta/Letra C, piso BJ, puerta C","postal_code":"11500","places":4,"units":1,"registered":"2022-06-16","catastro":"7745705QA4574F0004QH","holder":null,"holder_count":null}},{"type":"Feature","geometry":{"type":"Point","coordinates":[-6.243742,36.593347]},"properties":{"id":"VUT/CA/14726","type":"VUT","group":"Completa","address":"CALLE CARIBE Nº 1 Plta/Piso 1 Pta/Letra 26, piso 1, puerta 26","postal_code":"11500","places":4,"units":2,"registered":"2022-06-17","catastro":"6735101QA4563F0030WS","holder":null,"holder_count":null}},{"type":"Feature","geometry":{"type":"Point","coordinates":[-6.224672,36.597798]},"properties":{"id":"VUT/CA/14742","type":"VUT","group":"Completa","address":"CALLE LUNA Nº 1 Plta/Piso 1 Pta/Letra IZQ, piso 1, puerta IZQ","postal_code":"11500","places":9,"units":3,"registered":"2022-06-19","catastro":"8340711QA4584A0002ML","holder":null,"holder_count":null}},{"type":"Feature","geometry":{"type":"Point","coordinates":[-6.235223,36.598701]},"properties":{"id":"VUT/CA/14755","type":"VUT","group":"Completa","address":"AVENIDA SAN LUIS GONZAGA Nº 3 Esc. 1 Plta/Piso 1 Pta/Letra N Compl.Dom. EL PUERTO DE STA MARIA, piso 1, puerta N","postal_code":"11500","places":4,"units":1,"registered":"2022-06-20","catastro":"7541703QA4574B0036WE","holder":null,"holder_count":null}},{"type":"Feature","geometry":{"type":"Point","coordinates":[-6.229529,36.596932]},"properties":{"id":"VUT/CA/14774","type":"VUT","group":"Completa","address":"CALLE SAN BARTOLOMÉ Nº 47 Esc. 1 Plta/Piso 2 Pta/Letra B, piso 2, puerta B","postal_code":"11500","places":5,"units":2,"registered":"2022-06-21","catastro":"7939912QA4573H0039JB","holder":null,"holder_count":null}},{"type":"Feature","geometry":{"type":"Point","coordinates":[-6.231056,36.592686]},"properties":{"id":"VUT/CA/14784","type":"VUT","group":"Completa","address":"AVENIDA AVENIDA ANDALUCÍA Nº 1C Esc. 3 Plta/Piso BAJO Pta/Letra B, piso BAJO, puerta B","postal_code":"11500","places":6,"units":3,"registered":"2022-06-22","catastro":"7834201QA4573D0053MG","holder":null,"holder_count":null}},{"type":"Feature","geometry":{"type":"Point","coordinates":[-6.269768,36.60424]},"properties":{"id":"VUT/CA/14789","type":"VUT","group":"Completa","address":"CALLE MAR DEL NORTE Nº 10 Blq. 3 Plta/Piso 2 Pta/Letra D, piso 2, puerta D","postal_code":"11500","places":4,"units":2,"registered":"2022-06-22","catastro":"4146503QA4544E0008HX","holder":null,"holder_count":null}},{"type":"Feature","geometry":{"type":"Point","coordinates":[-6.284542,36.609774]},"properties":{"id":"VUT/CA/14808","type":"VUT","group":"Completa","address":"CALLE GOLETA Nº 26 Pta/Letra 17, puerta 17","postal_code":"11500","places":6,"units":3,"registered":"2022-06-23","catastro":"3153825QA4535C0025YT","holder":null,"holder_count":null}},{"type":"Feature","geometry":{"type":"Point","coordinates":[-6.227409,36.600048]},"properties":{"id":"VUT/CA/14809","type":"VUT","group":"Completa","address":"CALLE Santa María Nº 7 Plta/Piso 1, piso 1","postal_code":"11500","places":4,"units":2,"registered":"2022-06-23","catastro":"8142409QA4584C0001XD","holder":null,"holder_count":null}},{"type":"Feature","geometry":{"type":"Point","coordinates":[-6.232748,36.606145]},"properties":{"id":"VUT/CA/14840","type":"VUT","group":"Completa","address":"CALLE LA ANGELITA Nº 5 Calif.Nº 5 Blq. 6 Plta/Piso 4 Pta/Letra B, piso 4, puerta B","postal_code":"11500","places":7,"units":2,"registered":"2022-06-24","catastro":"7649602QA4574H0060DE","holder":"FERRYS INVERSIONES, S.L.","holder_count":2}},{"type":"Feature","geometry":{"type":"Point","coordinates":[-6.260589,36.601993]},"properties":{"id":"VUT/CA/14845","type":"VUT","group":"Completa","address":"CALLE cárabo Nº 6","postal_code":"11500","places":6,"units":3,"registered":"2022-06-25","catastro":"5144401QA4554C0019TH","holder":null,"holder_count":null}},{"type":"Feature","geometry":{"type":"Point","coordinates":[-6.225755,36.598988]},"properties":{"id":"VUT/CA/14892","type":"VUT","group":"Completa","address":"CALLE Virgen de los Milagros Nº 98 Plta/Piso 2 Pta/Letra 12, piso 2, puerta 12","postal_code":"11500","places":4,"units":2,"registered":"2022-06-29","catastro":"8242715QA4584A0023MA","holder":null,"holder_count":null}},{"type":"Feature","geometry":{"type":"Point","coordinates":[-6.223085,36.569231]},"properties":{"id":"VUT/CA/14893","type":"VUT","group":"Completa","address":"CALLE PASEO MARITIMO Nº 37 Esc. B Plta/Piso 08 Pta/Letra 06, piso 08, puerta 06","postal_code":"11500","places":5,"units":3,"registered":"2022-06-29","catastro":"8709201QA4580H0312DU","holder":null,"holder_count":null}},{"type":"Feature","geometry":{"type":"Point","coordinates":[-6.28615,36.612565]},"properties":{"id":"VUT/CA/14901","type":"VUT","group":"Completa","address":"CALLE SANDÍA Nº 8 Blq. 2 Plta/Piso 2ª Pta/Letra 14, piso 2ª, puerta 14","postal_code":"11500","places":4,"units":1,"registered":"2022-06-29","catastro":"2855905QA4525F0065FP","holder":null,"holder_count":null}},{"type":"Feature","geometry":{"type":"Point","coordinates":[-6.278355,36.605947]},"properties":{"id":"VUT/CA/14933","type":"VUT","group":"Completa","address":"CAMINO De La Bermeja Nº 5 Portal F Plta/Piso 2 Pta/Letra 2 Compl.Dom. URBANIZACIÓN LAS TERRAZAS DE BAHÍA BLANCA, piso 2, puerta 2","postal_code":"11500","places":5,"units":2,"registered":"2022-07-02","catastro":"3447589QA4534G0041AA","holder":null,"holder_count":null}},{"type":"Feature","geometry":{"type":"Point","coordinates":[-6.25961,36.579064]},"properties":{"id":"VUT/CA/14940","type":"VUT","group":"Completa","address":"PLAZA Harvey and Sons Nº 75 Esc. 2 Plta/Piso 2 Pta/Letra A Compl.Dom. Puerto Sherry, Costa Oeste, piso 2, puerta A","postal_code":"11500","places":8,"units":4,"registered":"2022-07-04","catastro":"5217411QA4551G0008IH","holder":null,"holder_count":null}},{"type":"Feature","geometry":{"type":"Point","coordinates":[-6.232869,36.605438]},"properties":{"id":"VUT/CA/14943","type":"VUT","group":"Completa","address":"CALLE Tren de Rota Nº 1 Blq. 14 Plta/Piso 1 Pta/Letra A Compl.Dom. Urbanizacion Bahia Golf, piso 1, puerta A","postal_code":"11500","places":4,"units":2,"registered":"2022-07-04","catastro":"7648101QA4574H0248WE","holder":null,"holder_count":null}},{"type":"Feature","geometry":{"type":"Point","coordinates":[-6.227307,36.597665]},"properties":{"id":"VUT/CA/14957","type":"VUT","group":"Completa","address":"CALLE SANTO DOMINGO Nº 12 Pta/Letra K, puerta K","postal_code":"11500","places":2,"units":1,"registered":"2022-07-05","catastro":"8140603QA4584A0010KQ","holder":"APOYO E INICIATIVAS EMPRESARIALES S.L","holder_count":1}},{"type":"Feature","geometry":{"type":"Point","coordinates":[-6.227307,36.597665]},"properties":{"id":"VUT/CA/14961","type":"VUT","group":"Completa","address":"CALLE Santo Domingo Nº 12 Plta/Piso 1 Pta/Letra L, piso 1, puerta L","postal_code":"11500","places":4,"units":2,"registered":"2022-07-05","catastro":"8140603QA4584A0011LW","holder":"CONSULTORES Y ASOCIADOS DE ANDALUCIA SL","holder_count":1}},{"type":"Feature","geometry":{"type":"Point","coordinates":[-6.229462,36.599705]},"properties":{"id":"VUT/CA/14972","type":"VUT","group":"Completa","address":"CALLE SAN SEBASTIAN Nº 5 Plta/Piso 1 Pta/Letra 4, piso 1, puerta 4","postal_code":"11500","places":4,"units":2,"registered":"2022-07-05","catastro":"7942222QA4574B0004EE","holder":null,"holder_count":null}},{"type":"Feature","geometry":{"type":"Point","coordinates":[-6.224741,36.598395]},"properties":{"id":"VUT/CA/14978","type":"VUT","group":"Completa","address":"CALLE MISERICORDIA Nº 9 Plta/Piso 1 Pta/Letra A, piso 1, puerta A","postal_code":"11500","places":10,"units":3,"registered":"2022-07-05","catastro":"8341708QA4584A0012SE","holder":null,"holder_count":null}},{"type":"Feature","geometry":{"type":"Point","coordinates":[-6.220418,36.604675]},"properties":{"id":"VUT/CA/14984","type":"VUT","group":"Completa","address":"CALLE VIRGEN DE LOS MILAGROS Nº 1 Portal 2 Plta/Piso 2 Pta/Letra 3, piso 2, puerta 3","postal_code":"11500","places":6,"units":3,"registered":"2022-07-06","catastro":"8747112QA4584F0105JQ","holder":null,"holder_count":null}},{"type":"Feature","geometry":{"type":"Point","coordinates":[-6.222614,36.605001]},"properties":{"id":"VUT/CA/14988","type":"VUT","group":"Completa","address":"CALLE Parra Nº 4 Blq. 2 Esc. 1 Plta/Piso 4 Pta/Letra B, piso 4, puerta B","postal_code":"11500","places":6,"units":2,"registered":"2022-07-06","catastro":"8548113QA4584H0035LF","holder":"DOORZ ASSET MANAGEMENT, S.L.","holder_count":1}},{"type":"Feature","geometry":{"type":"Point","coordinates":[-6.235781,36.591051]},"properties":{"id":"VUT/CA/14989","type":"VUT","group":"Completa","address":"CALLE Destructor Velasco Nº 6 Plta/Piso 2 Pta/Letra a, piso 2, puerta a","postal_code":"11500","places":6,"units":3,"registered":"2022-07-06","catastro":"7332502QA4573C0005KL","holder":null,"holder_count":null}},{"type":"Feature","geometry":{"type":"Point","coordinates":[-6.223816,36.605274]},"properties":{"id":"VUT/CA/14991","type":"VUT","group":"Completa","address":"CALLE RACIMO Nº 4 Esc. 2 Plta/Piso 4 Pta/Letra E, piso 4, puerta E","postal_code":"11500","places":4,"units":2,"registered":"2022-07-06","catastro":"8449703QA4584G0045MS","holder":null,"holder_count":null}},{"type":"Feature","geometry":{"type":"Point","coordinates":[-6.263569,36.582236]},"properties":{"id":"VUT/CA/14995","type":"VUT","group":"Completa","address":"CALLE FUERTECIUDAD Nº 50","postal_code":"11500","places":6,"units":3,"registered":"2022-07-07","catastro":"4921101QA4542B0001MM","holder":"ALAHIS SOLUTIONS, SL","holder_count":1}},{"type":"Feature","geometry":{"type":"Point","coordinates":[-6.261322,36.58248]},"properties":{"id":"VUT/CA/15011","type":"VUT","group":"Completa","address":"CALLE Fuerte Ciudad Nº 2 Pta/Letra 4, puerta 4","postal_code":"11500","places":8,"units":4,"registered":"2022-07-08","catastro":"4921501QA4542B0004LE","holder":null,"holder_count":null}},{"type":"Feature","geometry":{"type":"Point","coordinates":[-6.286368,36.612062]},"properties":{"id":"VUT/CA/15023","type":"VUT","group":"Completa","address":"CALLE Sandia Portal 12 Plta/Piso B Pta/Letra 6, piso B, puerta 6","postal_code":"11500","places":4,"units":2,"registered":"2022-07-09","catastro":"2854302QA4525D0001RG","holder":null,"holder_count":null}},{"type":"Feature","geometry":{"type":"Point","coordinates":[-6.223528,36.602578]},"properties":{"id":"VUT/CA/15025","type":"VUT","group":"Completa","address":"CALLE CIELO Nº 39 Plta/Piso BAJO Pta/Letra IZQ, piso BAJO, puerta IZQ","postal_code":"11500","places":6,"units":2,"registered":"2022-07-09","catastro":"8545404QA4584F0003IL","holder":"GESAL ATLÁNTICO S.L","holder_count":1}},{"type":"Feature","geometry":{"type":"Point","coordinates":[-6.226159,36.598177]},"properties":{"id":"VUT/CA/15031","type":"VUT","group":"Completa","address":"CALLE VIRGEN DE LOS MILAGROS Nº 109 Plta/Piso 3º Pta/Letra B, piso 3º, puerta B","postal_code":"11500","places":6,"units":2,"registered":"2022-07-10","catastro":"8240521QA4584A0008MW","holder":"GESAL ATLANTICO S.L.","holder_count":1}},{"type":"Feature","geometry":{"type":"Point","coordinates":[-6.221548,36.604585]},"properties":{"id":"VUT/CA/15033","type":"VUT","group":"Completa","address":"CALLE CIELOS Nº 6 Plta/Piso 2 Pta/Letra E, piso 2, puerta E","postal_code":"11500","places":5,"units":3,"registered":"2022-07-10","catastro":"8647307QA4584H0015LM","holder":null,"holder_count":null}},{"type":"Feature","geometry":{"type":"Point","coordinates":[-6.24042,36.595554]},"properties":{"id":"VUT/CA/15035","type":"VUT","group":"Completa","address":"CALLE CALLE FEDERICO GARCIA LORCA Nº 4 Plta/Piso 4 Pta/Letra A, piso 4, puerta A","postal_code":"11500","places":6,"units":3,"registered":"2022-07-11","catastro":"6937502QA4563H0013PL","holder":"OLE SOLUTIONS HOLIDAY RENTALS S.L.","holder_count":12}},{"type":"Feature","geometry":{"type":"Point","coordinates":[-6.230815,36.590817]},"properties":{"id":"VUT/CA/15039","type":"VUT","group":"Completa","address":"PLAZA de la Tradición (anterior Plaza 14 de abril) Nº 13","postal_code":"11500","places":12,"units":4,"registered":"2022-07-11","catastro":"7832901QA4573B0001RY","holder":null,"holder_count":null}},{"type":"Feature","geometry":{"type":"Point","coordinates":[-6.223085,36.569231]},"properties":{"id":"VUT/CA/15058","type":"VUT","group":"Completa","address":"CALLE PASEO MARITIMO Nº 37 Blq. 3 Portal C Plta/Piso 1 Pta/Letra B Compl.Dom. PLAYA DE VALDELGRANA - URBANIZACIÓN COLOMINAS, piso 1, puerta B","postal_code":"11500","places":6,"units":3,"registered":"2022-07-12","catastro":"8709201QA4580H0130LD","holder":null,"holder_count":null}},{"type":"Feature","geometry":{"type":"Point","coordinates":[-6.223766,36.575625]},"properties":{"id":"VUT/CA/15060","type":"VUT","group":"Completa","address":"CALLE PASEO MARITIMO Nº 15 Blq. 2 Plta/Piso 2 Pta/Letra F, piso 2, puerta F","postal_code":"11500","places":4,"units":3,"registered":"2022-07-12","catastro":"8515907QA4581F0094FO","holder":null,"holder_count":null}},{"type":"Feature","geometry":{"type":"Point","coordinates":[-6.269664,36.603818]},"properties":{"id":"VUT/CA/15061","type":"VUT","group":"Completa","address":"CALLE MAR DE JAVA Nº 4 Compl.Dom. PARCELA NUMERO 41 DEL COMPLEJO LAS BUGANVILLAS (EL NARANJAL)","postal_code":"11500","places":8,"units":4,"registered":"2022-07-12","catastro":"4245607QA4544D0009ZF","holder":null,"holder_count":null}},{"type":"Feature","geometry":{"type":"Point","coordinates":[-6.232225,36.59606]},"properties":{"id":"VUT/CA/15067","type":"VUT","group":"Completa","address":"CALLE SAN BARTOLOME Nº 60 Portal D Plta/Piso 1º Pta/Letra 3, piso 1º, puerta 3","postal_code":"11500","places":4,"units":3,"registered":"2022-07-13","catastro":"7738902QA4573H0098YG","holder":null,"holder_count":null}},{"type":"Feature","geometry":{"type":"Point","coordinates":[-6.232225,36.59606]},"properties":{"id":"VUT/CA/15072","type":"VUT","group":"Completa","address":"CALLE SAN BARTOLOME Nº 60 Blq. D Plta/Piso 1 Pta/Letra 3, piso 1, puerta 3","postal_code":"11500","places":4,"units":3,"registered":"2022-07-13","catastro":"7738902QA4573H0098YG","holder":null,"holder_count":null}},{"type":"Feature","geometry":{"type":"Point","coordinates":[-6.272737,36.604402]},"properties":{"id":"VUT/CA/15084","type":"VUT","group":"Completa","address":"CALLE ÁNCORA Nº 1 Blq. 18 Plta/Piso 4 Pta/Letra C, piso 4, puerta C","postal_code":"11500","places":4,"units":2,"registered":"2022-07-14","catastro":"4145901QA4544E0230TK","holder":null,"holder_count":null}},{"type":"Feature","geometry":{"type":"Point","coordinates":[-6.270757,36.598283]},"properties":{"id":"VUT/CA/15085","type":"VUT","group":"Completa","address":"PLAZA Plaza del Mar Mediterráneo Nº 14 Compl.Dom. Urbanización Las Redes","postal_code":"11500","places":8,"units":3,"registered":"2022-07-14","catastro":"4139432QA4543G0032EG","holder":null,"holder_count":null}},{"type":"Feature","geometry":{"type":"Point","coordinates":[-6.228867,36.600404]},"properties":{"id":"VUT/CA/15098","type":"VUT","group":"Completa","address":"CALLE San Juan Nº 7 Plta/Piso PB Pta/Letra D, piso PB, puerta D","postal_code":"11500","places":4,"units":2,"registered":"2022-07-15","catastro":"7943913QA4574D0005YX","holder":null,"holder_count":null}},{"type":"Feature","geometry":{"type":"Point","coordinates":[-6.286108,36.611227]},"properties":{"id":"VUT/CA/15108","type":"VUT","group":"Completa","address":"CALLE DEL MEMBRILLO Nº 13 Esc. 1 Plta/Piso 1 Pta/Letra 5, piso 1, puerta 5","postal_code":"11500","places":6,"units":2,"registered":"2022-07-15","catastro":"2853601QA4525D0007IZ","holder":null,"holder_count":null}},{"type":"Feature","geometry":{"type":"Point","coordinates":[-6.224464,36.577606]},"properties":{"id":"VUT/CA/15114","type":"VUT","group":"Completa","address":"AVENIDA DE LA PAZ Nº 77 Plta/Piso 9 Pta/Letra B Compl.Dom. VALDELAGRANA, piso 9, puerta B","postal_code":"11500","places":6,"units":3,"registered":"2022-07-17","catastro":"8418701QA4518G0281JD","holder":null,"holder_count":null}},{"type":"Feature","geometry":{"type":"Point","coordinates":[-6.240126,36.594818]},"properties":{"id":"VUT/CA/15128","type":"VUT","group":"Por habitaciones","address":"PLAZA DOCTOR AGUSTIN FERNANDEZ RODRIGUEZ Nº 4 Plta/Piso 3 Pta/Letra C, piso 3, puerta C","postal_code":"11500","places":4,"units":2,"registered":"2022-07-19","catastro":"7036301QA4573E0011WJ","holder":null,"holder_count":null}},{"type":"Feature","geometry":{"type":"Point","coordinates":[-6.2227,36.581156]},"properties":{"id":"VUT/CA/15133","type":"VUT","group":"Completa","address":"AVENIDA DE LA PAZ Nº 32 Plta/Piso 5 Pta/Letra E, piso 5, puerta E","postal_code":"11500","places":4,"units":2,"registered":"2022-07-19","catastro":"8521501QA4582B0029UG","holder":null,"holder_count":null}},{"type":"Feature","geometry":{"type":"Point","coordinates":[-6.225755,36.598988]},"properties":{"id":"VUT/CA/15151","type":"VUT","group":"Completa","address":"CALLE VIRGEN DE LOS MILAGROS Nº 98 Plta/Piso BAJO Pta/Letra 3, piso BAJO, puerta 3","postal_code":"11500","places":5,"units":2,"registered":"2022-07-20","catastro":"8242715qa4584a0011fw","holder":null,"holder_count":null}},{"type":"Feature","geometry":{"type":"Point","coordinates":[-6.278199,36.608936]},"properties":{"id":"VUT/CA/15156","type":"VUT","group":"Completa","address":"CALLE FRAGATA Nº 23 Plta/Piso 2º Pta/Letra F Compl.Dom. URBANIZACIÓN EL MANANTIAL, piso 2º, puerta F","postal_code":"11500","places":6,"units":3,"registered":"2022-07-21","catastro":"3552129QA4535B0039AU","holder":null,"holder_count":null}},{"type":"Feature","geometry":{"type":"Point","coordinates":[-6.229799,36.603077]},"properties":{"id":"VUT/CA/15167","type":"VUT","group":"Completa","address":"CALLE YERBA Nº 31 Plta/Piso BAJO Pta/Letra A, piso BAJO, puerta A","postal_code":"11500","places":4,"units":1,"registered":"2022-07-21","catastro":"7945308QA4574F0002JF","holder":null,"holder_count":null}},{"type":"Feature","geometry":{"type":"Point","coordinates":[-6.281563,36.607254]},"properties":{"id":"VUT/CA/15176","type":"VUT","group":"Por habitaciones","address":"CALLE DE LOS ARCOS Nº 13","postal_code":"11500","places":4,"units":1,"registered":"2022-07-22","catastro":"3447545QA4534G0001JY","holder":null,"holder_count":null}},{"type":"Feature","geometry":{"type":"Point","coordinates":[-6.270666,36.599997]},"properties":{"id":"VUT/CA/15203","type":"VUT","group":"Completa","address":"CALLE MAR DE GROENLANDIA Nº 19","postal_code":"11500","places":7,"units":3,"registered":"2022-07-26","catastro":"4242701QA4544D0061DW","holder":null,"holder_count":null}},{"type":"Feature","geometry":{"type":"Point","coordinates":[-6.228234,36.599561]},"properties":{"id":"VUT/CA/15250","type":"VUT","group":"Completa","address":"CALLE PALACIOS Nº 66","postal_code":"11500","places":10,"units":5,"registered":"2022-08-01","catastro":"8042608QA4584A0001YK","holder":"ALMOMAR INVEST, S.L.","holder_count":1}},{"type":"Feature","geometry":{"type":"Point","coordinates":[-6.231117,36.596872]},"properties":{"id":"VUT/CA/15257","type":"VUT","group":"Completa","address":"CALLE PAGADOR Nº 37 Plta/Piso 1 Pta/Letra C, piso 1, puerta C","postal_code":"11500","places":6,"units":2,"registered":"2022-08-02","catastro":"7839901QA4573H0005BK","holder":"EL BAOBAB HOSTEL SL","holder_count":2}},{"type":"Feature","geometry":{"type":"Point","coordinates":[-6.219022,36.569813]},"properties":{"id":"VUT/CA/15285","type":"VUT","group":"Completa","address":"URBANIZACION VALDELAGRANA Blq. 3 Portal 2 Plta/Piso BAJA Pta/Letra B Compl.Dom. CONJUNTO RESIDENCIAL LAS SALINAS DE URBIS 6ª FASE PARCELA U, piso BAJA, puerta B","postal_code":"11500","places":10,"units":4,"registered":"2022-08-05","catastro":"8909901QA4580H0014KM","holder":"AGRICOSUR S.L.","holder_count":2}},{"type":"Feature","geometry":{"type":"Point","coordinates":[-6.219022,36.569813]},"properties":{"id":"VUT/CA/15286","type":"VUT","group":"Completa","address":"RESIDENCIAL LAS SALINAS DE URBIS 6ª FASE PARCELA U Blq. 3 Portal 2 Plta/Piso 1 Pta/Letra A, piso 1, puerta A","postal_code":"11500","places":10,"units":4,"registered":"2022-08-05","catastro":"8909901QA4580H0015LQ","holder":"AGRICOSUR S.L.","holder_count":2}},{"type":"Feature","geometry":{"type":"Point","coordinates":[-6.219022,36.569813]},"properties":{"id":"VUT/CA/15293","type":"VUT","group":"Completa","address":"AVENIDA RIO SAN PEDRO Nº 75 Blq. 2 Esc. 2 Plta/Piso Bajo Pta/Letra B, piso Bajo, puerta B","postal_code":"11500","places":6,"units":3,"registered":"2022-08-05","catastro":"8909901QA4580H0008GB","holder":null,"holder_count":null}},{"type":"Feature","geometry":{"type":"Point","coordinates":[-6.232225,36.59606]},"properties":{"id":"VUT/CA/15305","type":"VUT","group":"Completa","address":"CALLE SAN BARTOLOME Nº 60A Blq. C Plta/Piso 1 Pta/Letra 1 Compl.Dom. COMPLEJO SAN BARTOLOME, piso 1, puerta 1","postal_code":"11500","places":4,"units":1,"registered":"2022-08-09","catastro":"7738902QA4573H0077FM","holder":null,"holder_count":null}},{"type":"Feature","geometry":{"type":"Point","coordinates":[-6.284542,36.609774]},"properties":{"id":"VUT/CA/15306","type":"VUT","group":"Completa","address":"CALLE GOLETA Nº 26 Pta/Letra 31 Compl.Dom. EL MANANTIAL, puerta 31","postal_code":"11500","places":9,"units":3,"registered":"2022-08-09","catastro":"3153825QA4535C0034SA","holder":null,"holder_count":null}},{"type":"Feature","geometry":{"type":"Point","coordinates":[-6.227585,36.600504]},"properties":{"id":"VUT/CA/15312","type":"VUT","group":"Completa","address":"CALLE DOCTOR MUÑOZ SECA Nº 16 Plta/Piso 1 Pta/Letra D, piso 1, puerta D","postal_code":"11500","places":6,"units":3,"registered":"2022-08-09","catastro":"8043624QA4584C0002PF","holder":null,"holder_count":null}},{"type":"Feature","geometry":{"type":"Point","coordinates":[-6.229156,36.597644]},"properties":{"id":"VUT/CA/15316","type":"VUT","group":"Completa","address":"CALLE San Bartolomé Nº 33 Plta/Piso 2 Pta/Letra B, piso 2, puerta B","postal_code":"11500","places":4,"units":2,"registered":"2022-08-09","catastro":"8040907QA4584A0010TQ","holder":"RURAL PARADA Y FONDA S.L.","holder_count":2}},{"type":"Feature","geometry":{"type":"Point","coordinates":[-6.222059,36.600738]},"properties":{"id":"VUT/CA/15325","type":"VUT","group":"Completa","address":"CALLE RIBERA DEL RIO Nº 10 Plta/Piso 1 Pta/Letra 3, piso 1, puerta 3","postal_code":"11500","places":4,"units":1,"registered":"2022-08-10","catastro":"8644101QA4584D0006TR","holder":null,"holder_count":null}},{"type":"Feature","geometry":{"type":"Point","coordinates":[-6.233001,36.592421]},"properties":{"id":"VUT/CA/15350","type":"VUT","group":"Por habitaciones","address":"CALLE BAHIA DE BARBATE Nº 8","postal_code":"11500","places":2,"units":1,"registered":"2022-08-13","catastro":"7634216QA4573D0011WI","holder":null,"holder_count":null}},{"type":"Feature","geometry":{"type":"Point","coordinates":[-6.226332,36.598432]},"properties":{"id":"VUT/CA/15361","type":"VUT","group":"Completa","address":"CALLE VIRGEN DE LOS MILAGROS Nº 112 Plta/Piso 1 Pta/Letra B Compl.Dom. EL PTO DE STA MARIA, piso 1, puerta B","postal_code":"11500","places":4,"units":1,"registered":"2022-08-16","catastro":"8241114QA4584A0005LX","holder":"AZVALIA SL","holder_count":1}},{"type":"Feature","geometry":{"type":"Point","coordinates":[-6.221503,36.572679]},"properties":{"id":"VUT/CA/15369","type":"VUT","group":"Completa","address":"AVENIDA Santa María del Mar Nº 17 Pta/Letra 209, puerta 209","postal_code":"11500","places":5,"units":2,"registered":"2022-08-17","catastro":"8713901QA4581D0066UK","holder":null,"holder_count":null}},{"type":"Feature","geometry":{"type":"Point","coordinates":[-6.25796,36.580525]},"properties":{"id":"VUT/CA/15373","type":"VUT","group":"Completa","address":"AVENIDA DEL PUERTO Nº 5 Pta/Letra 3, puerta 3","postal_code":"11500","places":4,"units":1,"registered":"2022-08-17","catastro":"5420601qa4552a0048au","holder":"APARTAMENTO VACACIONAL EL PUERTO SL","holder_count":1}},{"type":"Feature","geometry":{"type":"Point","coordinates":[-6.272737,36.604402]},"properties":{"id":"VUT/CA/15385","type":"VUT","group":"Completa","address":"URBANIZACION EL ANCLA Nº 40 Portal 8 Plta/Piso 4 Pta/Letra D, piso 4, puerta D","postal_code":"11500","places":4,"units":2,"registered":"2022-08-19","catastro":"4145901QA4544E0092BP","holder":null,"holder_count":null}},{"type":"Feature","geometry":{"type":"Point","coordinates":[-6.25796,36.580525]},"properties":{"id":"VUT/CA/15439","type":"VUT","group":"Completa","address":"CONJUNTO Pueblo Sherry Plazoleta de Medina Nº 6","postal_code":"11500","places":4,"units":2,"registered":"2022-08-30","catastro":"5420601QA4552A0026KF","holder":"ISLA GALATEA SERVICIOS SL","holder_count":1}},{"type":"Feature","geometry":{"type":"Point","coordinates":[-6.226687,36.597747]},"properties":{"id":"VUT/CA/15440","type":"VUT","group":"Completa","address":"CALLE VIRGEN DE LOS MILAGROS Nº 125","postal_code":"11500","places":4,"units":2,"registered":"2022-08-31","catastro":"8240907QA4584A0004OZ","holder":null,"holder_count":null}},{"type":"Feature","geometry":{"type":"Point","coordinates":[-6.280809,36.608253]},"properties":{"id":"VUT/CA/15441","type":"VUT","group":"Completa","address":"CALLE ALTOS DEL MANANTIAL Nº 35","postal_code":"11500","places":10,"units":4,"registered":"2022-08-31","catastro":"3350433QA4535A0001OG","holder":null,"holder_count":null}},{"type":"Feature","geometry":{"type":"Point","coordinates":[-6.223852,36.580037]},"properties":{"id":"VUT/CA/15442","type":"VUT","group":"Completa","address":"AVENIDA DE LA PAZ Nº SN Plta/Piso 3 Pta/Letra F Compl.Dom. URBANIZACION PUERTO MAR 8, piso 3, puerta F","postal_code":"11500","places":4,"units":1,"registered":"2022-08-31","catastro":"8320501QA4582A0304IL","holder":null,"holder_count":null}},{"type":"Feature","geometry":{"type":"Point","coordinates":[-6.28389,36.612257]},"properties":{"id":"VUT/CA/15445","type":"VUT","group":"Completa","address":"CALLE Manzana Nº 10","postal_code":"11500","places":8,"units":3,"registered":"2022-08-31","catastro":"3054406QA4535C0011DJ","holder":null,"holder_count":null}},{"type":"Feature","geometry":{"type":"Point","coordinates":[-6.233001,36.592421]},"properties":{"id":"VUT/CA/15468","type":"VUT","group":"Completa","address":"CALLE BAHIA DE SANTANDER Nº 14 Compl.Dom. URBANIZACIÓN PARQUE BAHÍA","postal_code":"11500","places":6,"units":4,"registered":"2022-09-03","catastro":"7634216QA4573D0059GZ","holder":null,"holder_count":null}},{"type":"Feature","geometry":{"type":"Point","coordinates":[-6.223816,36.605274]},"properties":{"id":"VUT/CA/15496","type":"VUT","group":"Completa","address":"PLAZA Jardín de Cano Nº 1 Blq. 5 Plta/Piso 5 Pta/Letra A Compl.Dom. URBANIZACIÓN LARES DE SANTA MARÍA, piso 5, puerta A","postal_code":"11500","places":4,"units":2,"registered":"2022-09-08","catastro":"8449703QA4584G0089OZ","holder":"Digital Fish SL","holder_count":1}},{"type":"Feature","geometry":{"type":"Point","coordinates":[-6.227508,36.598692]},"properties":{"id":"VUT/CA/15522","type":"VUT","group":"Completa","address":"CALLE Palacios Nº 51 Plta/Piso 1 Pta/Letra c, piso 1, puerta c","postal_code":"11500","places":4,"units":1,"registered":"2022-09-13","catastro":"8141114QA4584A0007YQ","holder":null,"holder_count":null}},{"type":"Feature","geometry":{"type":"Point","coordinates":[-6.223852,36.580037]},"properties":{"id":"VUT/CA/15544","type":"VUT","group":"Completa","address":"AVENIDA DE LA PAZ Nº 36 Blq. 5 Esc. 1 Plta/Piso 3 Pta/Letra F, piso 3, puerta F","postal_code":"11500","places":5,"units":2,"registered":"2022-09-15","catastro":"8320501QA4582A0186FW","holder":null,"holder_count":null}},{"type":"Feature","geometry":{"type":"Point","coordinates":[-6.236297,36.597827]},"properties":{"id":"VUT/CA/15546","type":"VUT","group":"Completa","address":"CALLE VALDES Nº 37 Plta/Piso 02 Pta/Letra DR, piso 02, puerta DR","postal_code":"11500","places":6,"units":3,"registered":"2022-09-15","catastro":"7340806QA4574A0003BH","holder":"OLE SOLUTIONS HOLIDAY RENTALS S.L.","holder_count":12}},{"type":"Feature","geometry":{"type":"Point","coordinates":[-6.227644,36.599603]},"properties":{"id":"VUT/CA/15560","type":"VUT","group":"Completa","address":"CALLE LUNA Nº 57 Plta/Piso 3 Pta/Letra 8, piso 3, puerta 8","postal_code":"11500","places":6,"units":2,"registered":"2022-09-16","catastro":"8042618QA4584A0010YQ","holder":null,"holder_count":null}},{"type":"Feature","geometry":{"type":"Point","coordinates":[-6.22818,36.594531]},"properties":{"id":"VUT/CA/15607","type":"VUT","group":"Completa","address":"CALLE XIMENEZ DE SANDOVAL Nº 3 Plta/Piso 1 Pta/Letra D, piso 1, puerta D","postal_code":"11500","places":4,"units":1,"registered":"2022-09-22","catastro":"8136301QA4583E0004EJ","holder":null,"holder_count":null}},{"type":"Feature","geometry":{"type":"Point","coordinates":[-6.230263,36.592846]},"properties":{"id":"VUT/CA/15608","type":"VUT","group":"Completa","address":"AVENIDA MENESTEO Portal 4 Plta/Piso 3 Pta/Letra B, piso 3, puerta B","postal_code":"11500","places":9,"units":3,"registered":"2022-09-23","catastro":"7834501QA4573D0038EY","holder":null,"holder_count":null}},{"type":"Feature","geometry":{"type":"Point","coordinates":[-6.274967,36.603761]},"properties":{"id":"VUT/CA/15623","type":"VUT","group":"Completa","address":"CALLE TRAVES Nº 17 Blq. A Esc. 1 Plta/Piso 1 Pta/Letra 12, piso 1, puerta 12","postal_code":"11500","places":9,"units":3,"registered":"2022-09-26","catastro":"3846202QA4534F0097AB","holder":null,"holder_count":null}},{"type":"Feature","geometry":{"type":"Point","coordinates":[-6.285868,36.613417]},"properties":{"id":"VUT/CA/15673","type":"VUT","group":"Completa","address":"CALLE Naranja Nº 44 Blq. 1 Portal 3 Plta/Piso 3 Pta/Letra B Compl.Dom. Edificio Sol 1, piso 3, puerta B","postal_code":"11500","places":6,"units":3,"registered":"2022-10-04","catastro":"2856901QA4525F0066UA","holder":null,"holder_count":null}},{"type":"Feature","geometry":{"type":"Point","coordinates":[-6.227945,36.595746]},"properties":{"id":"VUT/CA/15675","type":"VUT","group":"Completa","address":"PLAZA POLVORISTA Nº 6 Plta/Piso 1 Pta/Letra L, piso 1, puerta L","postal_code":"11500","places":5,"units":3,"registered":"2022-10-04","catastro":"8137301QA4583G0046GL","holder":null,"holder_count":null}},{"type":"Feature","geometry":{"type":"Point","coordinates":[-6.286368,36.612062]},"properties":{"id":"VUT/CA/15682","type":"VUT","group":"Completa","address":"CALLE SANDIA Nº 12 Esc. 1 Plta/Piso 1 Pta/Letra 17, piso 1, puerta 17","postal_code":"11500","places":4,"units":2,"registered":"2022-10-06","catastro":"2854302QA4525D0017JT","holder":null,"holder_count":null}},{"type":"Feature","geometry":{"type":"Point","coordinates":[-6.226167,36.601116]},"properties":{"id":"VUT/CA/15684","type":"VUT","group":"Completa","address":"CALLE Cielos Nº 100 Blq. 2 Plta/Piso bajos Pta/Letra B, piso bajos, puerta B","postal_code":"11500","places":6,"units":2,"registered":"2022-10-06","catastro":"8244229QA4584C0035YG","holder":null,"holder_count":null}},{"type":"Feature","geometry":{"type":"Point","coordinates":[-6.234039,36.606402]},"properties":{"id":"VUT/CA/15686","type":"VUT","group":"Completa","address":"CALLE CARMEN VALENZUELA, ANGELITA ALTA Blq. 1 Portal 1 Plta/Piso ÁTICO Pta/Letra B, piso ÁTICO, puerta B","postal_code":"11500","places":4,"units":2,"registered":"2022-10-06","catastro":"7549201QA4574H0109SL","holder":null,"holder_count":null}},{"type":"Feature","geometry":{"type":"Point","coordinates":[-6.226163,36.597628]},"properties":{"id":"VUT/CA/15703","type":"VUT","group":"Completa","address":"CALLE PALACIOS Nº 13 Esc. 1 Plta/Piso 0 Pta/Letra B, piso 0, puerta B","postal_code":"11500","places":4,"units":1,"registered":"2022-10-10","catastro":"8240915QA4584A0002YL","holder":null,"holder_count":null}},{"type":"Feature","geometry":{"type":"Point","coordinates":[-6.273263,36.597079]},"properties":{"id":"VUT/CA/15728","type":"VUT","group":"Por habitaciones","address":"CALLE MAR TIRRENO Nº 3 Compl.Dom. URBANIZACION LAS REDES","postal_code":"11500","places":6,"units":3,"registered":"2022-10-18","catastro":"4835168QA4543F0001ZU","holder":null,"holder_count":null}},{"type":"Feature","geometry":{"type":"Point","coordinates":[-6.22351,36.574783]},"properties":{"id":"VUT/CA/15745","type":"VUT","group":"Completa","address":"PASEO MARITIMO Nº 25 Blq. 2 Plta/Piso 5 Pta/Letra D Compl.Dom. URBANIZACION VALPARAISO, piso 5, puerta D","postal_code":"11500","places":6,"units":2,"registered":"2022-10-21","catastro":"8515902QA4581F0065KS","holder":null,"holder_count":null}},{"type":"Feature","geometry":{"type":"Point","coordinates":[-6.222781,36.579768]},"properties":{"id":"VUT/CA/15764","type":"VUT","group":"Completa","address":"URBANIZACION LA SALINERA CC6 Nº 14 Compl.Dom. VALDELAGRANA","postal_code":"11500","places":6,"units":4,"registered":"2022-10-25","catastro":"8620123QA4582B0001IH","holder":null,"holder_count":null}},{"type":"Feature","geometry":{"type":"Point","coordinates":[-6.239849,36.592168]},"properties":{"id":"VUT/CA/15771","type":"VUT","group":"Completa","address":"GLORIETA GLORIETA DEL GENERO CHICO Nº 3 Plta/Piso 2 Pta/Letra A, piso 2, puerta A","postal_code":"11500","places":6,"units":3,"registered":"2022-10-26","catastro":"7033402QA4573C0005BL","holder":null,"holder_count":null}},{"type":"Feature","geometry":{"type":"Point","coordinates":[-6.225755,36.598988]},"properties":{"id":"VUT/CA/15772","type":"VUT","group":"Completa","address":"CALLE VIRGEN DE LOS MILAGROS Nº 98 Plta/Piso BAJO Pta/Letra 2, piso BAJO, puerta 2","postal_code":"11500","places":3,"units":1,"registered":"2022-10-26","catastro":"8242715QA4584A0009GE","holder":null,"holder_count":null}},{"type":"Feature","geometry":{"type":"Point","coordinates":[-6.224217,36.603611]},"properties":{"id":"VUT/CA/15812","type":"VUT","group":"Completa","address":"CALLE UVA PEDRO XIMENEZ Nº 4 Plta/Piso 4 Pta/Letra B, piso 4, puerta B","postal_code":"11500","places":6,"units":3,"registered":"2022-11-05","catastro":"8347702QA4584E0008PG","holder":null,"holder_count":null}},{"type":"Feature","geometry":{"type":"Point","coordinates":[-6.221715,36.603904]},"properties":{"id":"VUT/CA/15840","type":"VUT","group":"Completa","address":"CALLE VIRGEN DE LOS MILAGROS Nº 4 Duplicad Plta/Piso 1 Pta/Letra I, piso 1, puerta I","postal_code":"11500","places":5,"units":2,"registered":"2022-11-08","catastro":"8647903QA4584F0069MZ","holder":null,"holder_count":null}},{"type":"Feature","geometry":{"type":"Point","coordinates":[-6.234039,36.606402]},"properties":{"id":"VUT/CA/15862","type":"VUT","group":"Completa","address":"CALLE CARMEN VALENZUELA Nº 1 Blq. 1 Plta/Piso 4 Pta/Letra C, piso 4, puerta C","postal_code":"11500","places":5,"units":3,"registered":"2022-11-14","catastro":"7549201QA4574H0106OH","holder":null,"holder_count":null}},{"type":"Feature","geometry":{"type":"Point","coordinates":[-6.22112,36.609191]},"properties":{"id":"VUT/CA/15876","type":"VUT","group":"Por habitaciones","address":"CALLE DE LA SEGUIDILLA Nº 30","postal_code":"11500","places":4,"units":1,"registered":"2022-11-17","catastro":"8652449QA4585D0001HH","holder":null,"holder_count":null}},{"type":"Feature","geometry":{"type":"Point","coordinates":[-6.226309,36.601023]},"properties":{"id":"VUT/CA/15878","type":"VUT","group":"Completa","address":"CALLE Cielos Nº 102 Plta/Piso Bajo Pta/Letra C, piso Bajo, puerta C","postal_code":"11500","places":4,"units":1,"registered":"2022-11-17","catastro":"8244230QA4584c0003AG","holder":null,"holder_count":null}},{"type":"Feature","geometry":{"type":"Point","coordinates":[-6.272737,36.604402]},"properties":{"id":"VUT/CA/15883","type":"VUT","group":"Completa","address":"CALLE Ancora Nº 18 Plta/Piso Bajo Pta/Letra Izquierda, piso Bajo, puerta Izquierda","postal_code":"11500","places":5,"units":2,"registered":"2022-11-17","catastro":"4145901QA4544E0234OX","holder":null,"holder_count":null}},{"type":"Feature","geometry":{"type":"Point","coordinates":[-6.224215,36.598596]},"properties":{"id":"VUT/CA/15887","type":"VUT","group":"Completa","address":"CALLE JESUS DE LOS MILAGROS Nº 3 Plta/Piso 3 Pta/Letra C, piso 3, puerta C","postal_code":"11500","places":4,"units":1,"registered":"2022-11-18","catastro":"8441110QA4584A1010DX","holder":null,"holder_count":null}},{"type":"Feature","geometry":{"type":"Point","coordinates":[-6.228185,36.599348]},"properties":{"id":"VUT/CA/15894","type":"VUT","group":"Completa","address":"CALLE PALACIOS Nº 62 Plta/Piso 1 Pta/Letra A, piso 1, puerta A","postal_code":"11500","places":4,"units":2,"registered":"2022-11-21","catastro":"8042606QA4584A0001AK","holder":null,"holder_count":null}},{"type":"Feature","geometry":{"type":"Point","coordinates":[-6.284961,36.610488]},"properties":{"id":"VUT/CA/15935","type":"VUT","group":"Completa","address":"CALLE CALABAZA 32 Nº 32 Calif.Nº B","postal_code":"11500","places":5,"units":2,"registered":"2022-11-25","catastro":"2853606QA4525D0019HU","holder":null,"holder_count":null}},{"type":"Feature","geometry":{"type":"Point","coordinates":[-6.286075,36.613004]},"properties":{"id":"VUT/CA/15939","type":"VUT","group":"Completa","address":"CALLE Fresa Nº 32 Blq. 2 Plta/Piso 3 Pta/Letra B Compl.Dom. Fuentebravía, piso 3, puerta B","postal_code":"11500","places":4,"units":2,"registered":"2022-11-25","catastro":"2855405QA4525F0024AR","holder":null,"holder_count":null}},{"type":"Feature","geometry":{"type":"Point","coordinates":[-6.224927,36.599701]},"properties":{"id":"VUT/CA/15954","type":"VUT","group":"Completa","address":"CALLE VIRGEN DE LOS MILAGROS Nº 83 Plta/Piso 2 Pta/Letra C, piso 2, puerta C","postal_code":"11500","places":6,"units":3,"registered":"2022-11-29","catastro":"8342605QA4584A0006YM","holder":null,"holder_count":null}},{"type":"Feature","geometry":{"type":"Point","coordinates":[-6.244813,36.59547]},"properties":{"id":"VUT/CA/15982","type":"VUT","group":"Completa","address":"CALLE ALVAR NUÑEZ Nº 1 Blq. 4 Plta/Piso 5 Pta/Letra E, piso 5, puerta E","postal_code":"11500","places":6,"units":2,"registered":"2022-12-06","catastro":"6637103QA4563E0109YJ","holder":null,"holder_count":null}},{"type":"Feature","geometry":{"type":"Point","coordinates":[-6.22281,36.601376]},"properties":{"id":"VUT/CA/15990","type":"VUT","group":"Completa","address":"CALLE ALBAREDA Nº 24 Plta/Piso BJ Pta/Letra D, piso BJ, puerta D","postal_code":"11500","places":4,"units":2,"registered":"2022-12-07","catastro":"8544416qa4584d0015qp","holder":null,"holder_count":null}},{"type":"Feature","geometry":{"type":"Point","coordinates":[-6.283181,36.607247]},"properties":{"id":"VUT/CA/16002","type":"VUT","group":"Completa","address":"CALLE SOTAVENTO Nº 11","postal_code":"11500","places":6,"units":3,"registered":"2022-12-12","catastro":"3447503QA4534G0001MY","holder":"ENEL VIENTO,S.L.","holder_count":2}},{"type":"Feature","geometry":{"type":"Point","coordinates":[-6.282745,36.607415]},"properties":{"id":"VUT/CA/16006","type":"VUT","group":"Completa","address":"CALLE NUESTRA SEÑORA DEL MAR Nº 8","postal_code":"11500","places":10,"units":5,"registered":"2022-12-12","catastro":"3447505QA4534G0001KY","holder":"ENEL VIENTO,S.L.","holder_count":2}},{"type":"Feature","geometry":{"type":"Point","coordinates":[-6.228185,36.599348]},"properties":{"id":"VUT/CA/16019","type":"VUT","group":"Completa","address":"CALLE Palacios Nº 62 Plta/Piso 2 Pta/Letra A, piso 2, puerta A","postal_code":"11500","places":4,"units":2,"registered":"2022-12-14","catastro":"8042606QA4584A0006HM","holder":null,"holder_count":null}},{"type":"Feature","geometry":{"type":"Point","coordinates":[-6.228718,36.602775]},"properties":{"id":"VUT/CA/16054","type":"VUT","group":"Completa","address":"CALLE GANADO Nº 72 Portal A Plta/Piso 1º, piso 1º","postal_code":"11500","places":12,"units":3,"registered":"2022-12-27","catastro":"8046203QA4584E0004FA","holder":null,"holder_count":null}},{"type":"Feature","geometry":{"type":"Point","coordinates":[-6.272045,36.593459]},"properties":{"id":"VUT/CA/16055","type":"VUT","group":"Completa","address":"CALLE JAVIER MERELLO Nº 7 Compl.Dom. EDIFIO ALCOTAN 3 PLANTA 5 LETRA C","postal_code":"11500","places":8,"units":3,"registered":"2022-12-28","catastro":"4333518QA4543C0182LJ","holder":null,"holder_count":null}},{"type":"Feature","geometry":{"type":"Point","coordinates":[-6.223071,36.578977]},"properties":{"id":"VUT/CA/16072","type":"VUT","group":"Completa","address":"AVENIDA SANTA MARÍA DEL MAR Nº 3 Portal 4 Plta/Piso 7 Pta/Letra D4, piso 7, puerta D4","postal_code":"11500","places":8,"units":3,"registered":"2023-01-03","catastro":"8620101QA4582B0106PQ","holder":null,"holder_count":null}},{"type":"Feature","geometry":{"type":"Point","coordinates":[-6.263223,36.585962]},"properties":{"id":"VUT/CA/16083","type":"VUT","group":"Completa","address":"CALLE BERGANTIN Nº 36 Pta/Letra A Compl.Dom. VISTA HERMOSA, puerta A","postal_code":"11500","places":12,"units":5,"registered":"2023-01-07","catastro":"4827724QA4542F0001ID","holder":"PERICO RAMIREZ SL","holder_count":1}},{"type":"Feature","geometry":{"type":"Point","coordinates":[-6.229367,36.596756]},"properties":{"id":"VUT/CA/16090","type":"VUT","group":"Completa","address":"CALLE BOLOS Nº 8 Pta/Letra A, puerta A","postal_code":"11500","places":4,"units":1,"registered":"2023-01-09","catastro":"7939902QA4573H0003LH","holder":"JRHG SL","holder_count":1}},{"type":"Feature","geometry":{"type":"Point","coordinates":[-6.233589,36.60576]},"properties":{"id":"VUT/CA/16114","type":"VUT","group":"Completa","address":"CALLE CARMEN VALENZUELA Nº 2 Blq. 4 Plta/Piso 2º Pta/Letra B, piso 2º, puerta B","postal_code":"11500","places":6,"units":4,"registered":"2023-01-12","catastro":"7548501QA4574H0074FF","holder":null,"holder_count":null}},{"type":"Feature","geometry":{"type":"Point","coordinates":[-6.220609,36.572264]},"properties":{"id":"VUT/CA/16121","type":"VUT","group":"Completa","address":"AVENIDA RIO SAN PEDRO Nº 18 Esc. 4 Plta/Piso AT Pta/Letra C Compl.Dom. CONJUNTO RESIDENCIAL LAS SALINAS, piso AT, puerta C","postal_code":"11500","places":2,"units":1,"registered":"2023-01-13","catastro":"8811301QA4581B0131AM","holder":null,"holder_count":null}},{"type":"Feature","geometry":{"type":"Point","coordinates":[-6.23446,36.588477]},"properties":{"id":"VUT/CA/16163","type":"VUT","group":"Completa","address":"CALLE FARO Nº 3 Plta/Piso 2 Pta/Letra D, piso 2, puerta D","postal_code":"11500","places":5,"units":2,"registered":"2023-01-17","catastro":"7528410QA4572H0006HW","holder":null,"holder_count":null}},{"type":"Feature","geometry":{"type":"Point","coordinates":[-6.23429,36.588623]},"properties":{"id":"VUT/CA/16173","type":"VUT","group":"Completa","address":"CALLE ROTONDA DE LA PUNTILLA Blq. 4 Esc. 1 Plta/Piso 2 Pta/Letra IZ, piso 2, puerta IZ","postal_code":"11500","places":5,"units":2,"registered":"2023-01-18","catastro":"7528411QA4572H0005QQ","holder":null,"holder_count":null}},{"type":"Feature","geometry":{"type":"Point","coordinates":[-6.270757,36.598283]},"properties":{"id":"VUT/CA/16176","type":"VUT","group":"Completa","address":"PLAZA Mar Mediterraneo Nº 15 Compl.Dom. El Palomar","postal_code":"11500","places":7,"units":4,"registered":"2023-01-19","catastro":"4139432QA4543G0033RH","holder":null,"holder_count":null}},{"type":"Feature","geometry":{"type":"Point","coordinates":[-6.250489,36.595628]},"properties":{"id":"VUT/CA/16186","type":"VUT","group":"Completa","address":"CALLE Lagarto Nº 16","postal_code":"11500","places":7,"units":5,"registered":"2023-01-20","catastro":"6137619QA4563E0001AY","holder":null,"holder_count":null}},{"type":"Feature","geometry":{"type":"Point","coordinates":[-6.285692,36.611234]},"properties":{"id":"VUT/CA/16190","type":"VUT","group":"Completa","address":"CALLE DE LA CIRUELA Nº 13 Plta/Piso 3 Pta/Letra 2, piso 3, puerta 2","postal_code":"11500","places":6,"units":3,"registered":"2023-01-20","catastro":"2853501QA4525D0039RZ","holder":null,"holder_count":null}},{"type":"Feature","geometry":{"type":"Point","coordinates":[-6.285635,36.61218]},"properties":{"id":"VUT/CA/16204","type":"VUT","group":"Completa","address":"CALLE DE LA BREVA Nº 24 Pta/Letra F, puerta F","postal_code":"11500","places":8,"units":3,"registered":"2023-01-24","catastro":"2954310QA4525D0006MB","holder":null,"holder_count":null}},{"type":"Feature","geometry":{"type":"Point","coordinates":[-6.229799,36.603077]},"properties":{"id":"VUT/CA/16224","type":"VUT","group":"Completa","address":"CALLE YERBA Nº 31 Plta/Piso BAJO Pta/Letra B, piso BAJO, puerta B","postal_code":"11500","places":4,"units":1,"registered":"2023-01-25","catastro":"7945308QA4574F0003KG","holder":null,"holder_count":null}},{"type":"Feature","geometry":{"type":"Point","coordinates":[-6.262495,36.602274]},"properties":{"id":"VUT/CA/16230","type":"VUT","group":"Completa","address":"CALLE Buho Real Nº 42 Portal 5 Plta/Piso 1 Pta/Letra A, piso 1, puerta A","postal_code":"11500","places":8,"units":3,"registered":"2023-01-27","catastro":"47449A6QA4544D0031OR","holder":null,"holder_count":null}},{"type":"Feature","geometry":{"type":"Point","coordinates":[-6.213418,36.617718]},"properties":{"id":"VUT/CA/16259","type":"VUT","group":"Completa","address":"CALLE MILAGROS MUÑOZ GIL Nº 2 Blq. 1 Plta/Piso BAJO Pta/Letra D, piso BAJO, puerta D","postal_code":"11500","places":4,"units":2,"registered":"2023-01-30","catastro":"9161904QA4596A1001RI","holder":null,"holder_count":null}},{"type":"Feature","geometry":{"type":"Point","coordinates":[-6.224479,36.598422]},"properties":{"id":"VUT/CA/16264","type":"VUT","group":"Completa","address":"CALLE Jesus de los Milagros Blq. 6 Plta/Piso 2 Pta/Letra B, piso 2, puerta B","postal_code":"11500","places":5,"units":2,"registered":"2023-01-31","catastro":"8341715QA4584A0006XM","holder":"GINVA REAL ESTATE SL","holder_count":2}},{"type":"Feature","geometry":{"type":"Point","coordinates":[-6.258218,36.580429]},"properties":{"id":"VUT/CA/16269","type":"VUT","group":"Completa","address":"CALLE TRAVESIA DE CADIZ Blq. 6 Esc. 1 Plta/Piso 1 Pta/Letra A, piso 1, puerta A","postal_code":"11500","places":4,"units":1,"registered":"2023-01-31","catastro":"5420603QA4552A0008QW","holder":null,"holder_count":null}},{"type":"Feature","geometry":{"type":"Point","coordinates":[-6.21888,36.580455]},"properties":{"id":"VUT/CA/16280","type":"VUT","group":"Completa","address":"CALLE CACERES Nº 22","postal_code":"11500","places":8,"units":3,"registered":"2023-02-01","catastro":"8920408qa4582b0001uh","holder":null,"holder_count":null}},{"type":"Feature","geometry":{"type":"Point","coordinates":[-6.25796,36.580525]},"properties":{"id":"VUT/CA/16301","type":"VUT","group":"Completa","address":"AVENIDA DEL PUERTO Nº 102 Esc. 1A Plta/Piso 1, piso 1","postal_code":"11500","places":6,"units":2,"registered":"2023-02-03","catastro":"5420601QA4552A0031BH","holder":null,"holder_count":null}},{"type":"Feature","geometry":{"type":"Point","coordinates":[-6.224741,36.598395]},"properties":{"id":"VUT/CA/16302","type":"VUT","group":"Completa","address":"CALLE MISERICORDIA Nº 9 Plta/Piso 1 Pta/Letra B, piso 1, puerta B","postal_code":"11500","places":5,"units":3,"registered":"2023-02-03","catastro":"8341708QA4584A0013DR","holder":null,"holder_count":null}},{"type":"Feature","geometry":{"type":"Point","coordinates":[-6.26675,36.58724]},"properties":{"id":"VUT/CA/16344","type":"VUT","group":"Completa","address":"AVENIDA EDUARDO Y FELIPE OSBORNE Nº 137","postal_code":"11500","places":8,"units":4,"registered":"2023-02-08","catastro":"4627403QA4542H0001GI","holder":null,"holder_count":null}},{"type":"Feature","geometry":{"type":"Point","coordinates":[-6.224421,36.574081]},"properties":{"id":"VUT/CA/16355","type":"VUT","group":"Completa","address":"PASEO MARITIMO Nº 27 Blq. 1 Plta/Piso 1 Pta/Letra C Compl.Dom. URBANIZACIÓN BAHÍALUZ (VALDELAGRANA)115, piso 1, puerta C","postal_code":"11500","places":6,"units":3,"registered":"2023-02-08","catastro":"8515901QA4581F0003AF","holder":null,"holder_count":null}},{"type":"Feature","geometry":{"type":"Point","coordinates":[-6.222208,36.602616]},"properties":{"id":"VUT/CA/16373","type":"VUT","group":"Completa","address":"CALLE ANGEL URZAIZ Nº 14 Compl.Dom. APARTAMENTO 3","postal_code":"11500","places":4,"units":2,"registered":"2023-02-10","catastro":"8645403QA4584F0004GB","holder":null,"holder_count":null}},{"type":"Feature","geometry":{"type":"Point","coordinates":[-6.229291,36.599308]},"properties":{"id":"VUT/CA/16408","type":"VUT","group":"Completa","address":"CALLE SANTA LUCIA Nº 6 Plta/Piso 2 Pta/Letra 5, piso 2, puerta 5","postal_code":"11500","places":3,"units":3,"registered":"2023-02-14","catastro":"7942225QA4574B0005IR","holder":null,"holder_count":null}},{"type":"Feature","geometry":{"type":"Point","coordinates":[-6.228332,36.595099]},"properties":{"id":"VUT/CA/16412","type":"VUT","group":"Completa","address":"CALLE VINO FINO Nº 6 Plta/Piso 1 Pta/Letra IZ, piso 1, puerta IZ","postal_code":"11500","places":4,"units":2,"registered":"2023-02-14","catastro":"8037603qa4583e0002ZG","holder":null,"holder_count":null}},{"type":"Feature","geometry":{"type":"Point","coordinates":[-6.274213,36.599362]},"properties":{"id":"VUT/CA/16427","type":"VUT","group":"Completa","address":"CALLE Océano Pacífico Nº 2 Blq. A Esc. 1 Pta/Letra 8, puerta 8","postal_code":"11500","places":6,"units":3,"registered":"2023-02-15","catastro":"3941902QA4534B0008DF","holder":null,"holder_count":null}},{"type":"Feature","geometry":{"type":"Point","coordinates":[-6.225575,36.601418]},"properties":{"id":"VUT/CA/16429","type":"VUT","group":"Completa","address":"CALLE Carmen Pérez Pascual Nº 2 Plta/Piso 1 Pta/Letra 1ºI, piso 1, puerta 1ºI","postal_code":"11500","places":6,"units":3,"registered":"2023-02-15","catastro":"8345801QA4584E0004FA","holder":null,"holder_count":null}},{"type":"Feature","geometry":{"type":"Point","coordinates":[-6.272737,36.604402]},"properties":{"id":"VUT/CA/16432","type":"VUT","group":"Completa","address":"CALLE EL ANCLA Nº S/N Blq. 8 Plta/Piso 3 Pta/Letra A Compl.Dom. URBANIZACIÓN EL ANCLA, piso 3, puerta A","postal_code":"11500","places":8,"units":4,"registered":"2023-02-15","catastro":"4145901QA4544E0087KI","holder":null,"holder_count":null}},{"type":"Feature","geometry":{"type":"Point","coordinates":[-6.219996,36.623195]},"properties":{"id":"VUT/CA/16447","type":"VUT","group":"Por habitaciones","address":"CALLE CONVENTO Nº 2","postal_code":"11500","places":2,"units":1,"registered":"2023-02-16","catastro":"8769701QA4586H0001LM","holder":null,"holder_count":null}},{"type":"Feature","geometry":{"type":"Point","coordinates":[-6.256904,36.578401]},"properties":{"id":"VUT/CA/16582","type":"VUT","group":"Completa","address":"AVENIDA DEL PUERTO Nº 41 Esc. 6 Plta/Piso BAJA Pta/Letra 2 Compl.Dom. CASA 41, piso BAJA, puerta 2","postal_code":"11500","places":6,"units":2,"registered":"2023-03-02","catastro":"5217404QA4551G0064PI","holder":null,"holder_count":null}},{"type":"Feature","geometry":{"type":"Point","coordinates":[-6.232138,36.588822]},"properties":{"id":"VUT/CA/16598","type":"VUT","group":"Completa","address":"AVENIDA DE LA BAJAMAR Nº 88 Blq. C Plta/Piso 3 Pta/Letra C, piso 3, puerta C","postal_code":"11500","places":4,"units":2,"registered":"2023-03-03","catastro":"7730906QA4573B0012OF","holder":null,"holder_count":null}},{"type":"Feature","geometry":{"type":"Point","coordinates":[-6.223085,36.569231]},"properties":{"id":"VUT/CA/16605","type":"VUT","group":"Completa","address":"CALLE Paseo Marítimo Nº 37 Plta/Piso Bajo Pta/Letra D3, piso Bajo, puerta D3","postal_code":"11500","places":4,"units":4,"registered":"2023-03-04","catastro":"8709201QA4580H0064KS","holder":null,"holder_count":null}},{"type":"Feature","geometry":{"type":"Point","coordinates":[-6.225783,36.599144]},"properties":{"id":"VUT/CA/16616","type":"VUT","group":"Completa","address":"CALLE Virgen de los Milagros Nº 100 Plta/Piso 2 Pta/Letra A, piso 2, puerta A","postal_code":"11500","places":8,"units":3,"registered":"2023-03-06","catastro":"8242714QA4584A0004QZ","holder":null,"holder_count":null}},{"type":"Feature","geometry":{"type":"Point","coordinates":[-6.22873,36.598615]},"properties":{"id":"VUT/CA/16621","type":"VUT","group":"Completa","address":"CALLE SANTO DOMINGO Nº 38 Plta/Piso 1 Pta/Letra 5, piso 1, puerta 5","postal_code":"11500","places":6,"units":3,"registered":"2023-03-06","catastro":"8041905QA4584A0006FM","holder":null,"holder_count":null}},{"type":"Feature","geometry":{"type":"Point","coordinates":[-6.220418,36.604675]},"properties":{"id":"VUT/CA/16644","type":"VUT","group":"Completa","address":"CALLE Virgen de los Milagros Nº 1 Portal 2 Plta/Piso 1 Pta/Letra 2, piso 1, puerta 2","postal_code":"11500","places":5,"units":3,"registered":"2023-03-07","catastro":"8747112qa4584F0100SL","holder":null,"holder_count":null}},{"type":"Feature","geometry":{"type":"Point","coordinates":[-6.213418,36.617718]},"properties":{"id":"VUT/CA/16669","type":"VUT","group":"Completa","address":"CALLE Milagros Muñoz-Gil Nº 2 Blq. 1 Plta/Piso 2 Pta/Letra A Compl.Dom. ViaAugusta Homes Fase 1, piso 2, puerta A","postal_code":"11500","places":6,"units":2,"registered":"2023-03-08","catastro":"9161904QA4596A1052JZ","holder":null,"holder_count":null}},{"type":"Feature","geometry":{"type":"Point","coordinates":[-6.251836,36.598866]},"properties":{"id":"VUT/CA/16679","type":"VUT","group":"Completa","address":"CALLE VIVEROS Nº 13 Pta/Letra 13 Compl.Dom. URBANIZACIÓN VISTA HERMOSA, puerta 13","postal_code":"11500","places":3,"units":2,"registered":"2023-03-09","catastro":"6240917QA4564A0011RJ","holder":"BODEGAS PEÑA DE HITA S.L.","holder_count":2}},{"type":"Feature","geometry":{"type":"Point","coordinates":[-6.259221,36.601617]},"properties":{"id":"VUT/CA/16718","type":"VUT","group":"Completa","address":"CALLE Amparo Osborne Vazquez Nº 27","postal_code":"11500","places":6,"units":3,"registered":"2023-03-13","catastro":"5343901QA4554C0004GR","holder":null,"holder_count":null}},{"type":"Feature","geometry":{"type":"Point","coordinates":[-6.25796,36.580525]},"properties":{"id":"VUT/CA/16732","type":"VUT","group":"Completa","address":"AVENIDA del Puerto Nº 1 Plta/Piso 1 Compl.Dom. Pueblo Marinero de Puerto Sherry, piso 1","postal_code":"11500","places":8,"units":3,"registered":"2023-03-14","catastro":"5420601QA4552A0056HS","holder":"SICONO, S.L.","holder_count":1}},{"type":"Feature","geometry":{"type":"Point","coordinates":[-6.260716,36.580627]},"properties":{"id":"VUT/CA/16755","type":"VUT","group":"Completa","address":"AVENIDA DE LA MURALLA Nº 99 Pta/Letra 7 Compl.Dom. PUERTO SHERRY, puerta 7","postal_code":"11500","places":4,"units":1,"registered":"2023-03-16","catastro":"5217401QA4551G0021ZM","holder":"BODEGAS PEÑA DE HITA S.L.","holder_count":2}},{"type":"Feature","geometry":{"type":"Point","coordinates":[-6.220031,36.604055]},"properties":{"id":"VUT/CA/16789","type":"VUT","group":"Completa","address":"AVENIDA de la ESTACION Nº 3 Blq. 11 Plta/Piso 2 Pta/Letra 3, piso 2, puerta 3","postal_code":"11500","places":6,"units":2,"registered":"2023-03-18","catastro":"8747118QA4584F0077RE","holder":null,"holder_count":null}},{"type":"Feature","geometry":{"type":"Point","coordinates":[-6.225348,36.599469]},"properties":{"id":"VUT/CA/16806","type":"VUT","group":"Completa","address":"CALLE VIRGEN DE LOS MILAGROS Nº 86 Plta/Piso 1 Compl.Dom. CALLE LARGA, piso 1","postal_code":"11500","places":5,"units":2,"registered":"2023-03-20","catastro":"8342310QA4584C0001UD","holder":null,"holder_count":null}},{"type":"Feature","geometry":{"type":"Point","coordinates":[-6.229024,36.597272]},"properties":{"id":"VUT/CA/16834","type":"VUT","group":"Completa","address":"CALLE FEDERICO RUBIO Nº 45 Plta/Piso 1 Pta/Letra C, piso 1, puerta C","postal_code":"11500","places":4,"units":2,"registered":"2023-03-22","catastro":"8039213QA4583G0007FG","holder":null,"holder_count":null}},{"type":"Feature","geometry":{"type":"Point","coordinates":[-6.230588,36.601773]},"properties":{"id":"VUT/CA/16872","type":"VUT","group":"Por habitaciones","address":"CALLE SAN JUAN Nº 35","postal_code":"11500","places":3,"units":1,"registered":"2023-03-25","catastro":"7844910QA4574D0001AK","holder":null,"holder_count":null}},{"type":"Feature","geometry":{"type":"Point","coordinates":[-6.223816,36.605274]},"properties":{"id":"VUT/CA/16877","type":"VUT","group":"Completa","address":"CALLE RACIMO Nº 4 Blq. 3 Plta/Piso 1 Pta/Letra B, piso 1, puerta B","postal_code":"11500","places":6,"units":2,"registered":"2023-03-27","catastro":"8449703QA4584G0050WF","holder":null,"holder_count":null}},{"type":"Feature","geometry":{"type":"Point","coordinates":[-6.214289,36.614709]},"properties":{"id":"VUT/CA/16880","type":"VUT","group":"Completa","address":"CALLE DEL PIANO Nº 4 Portal 10 Plta/Piso 1, piso 1","postal_code":"11500","places":8,"units":3,"registered":"2023-03-27","catastro":"9259901QA4595G0257MW","holder":null,"holder_count":null}},{"type":"Feature","geometry":{"type":"Point","coordinates":[-6.223816,36.605274]},"properties":{"id":"VUT/CA/16887","type":"VUT","group":"Completa","address":"PLAZA JARDIN DE CANO Nº 1 Blq. 6 Plta/Piso 1 Pta/Letra E, piso 1, puerta E","postal_code":"11500","places":4,"units":2,"registered":"2023-03-28","catastro":"8449703QA4584G0096DW","holder":null,"holder_count":null}},{"type":"Feature","geometry":{"type":"Point","coordinates":[-6.224464,36.577606]},"properties":{"id":"VUT/CA/16893","type":"VUT","group":"Completa","address":"AVENIDA Avenida de la Paz Nº 75 Plta/Piso 2 Pta/Letra B, piso 2, puerta B","postal_code":"11500","places":6,"units":3,"registered":"2023-03-28","catastro":"8418701QA4518G0216LG","holder":null,"holder_count":null}},{"type":"Feature","geometry":{"type":"Point","coordinates":[-6.25219,36.59969]},"properties":{"id":"VUT/CA/16907","type":"VUT","group":"Completa","address":"AVENIDA JUAN MELGAREJO Nº 4 Pta/Letra 426, puerta 426","postal_code":"11500","places":3,"units":1,"registered":"2023-03-29","catastro":"6240915QA4564A0287QO","holder":"GUADALETE GESTIÓN TURÍSTICA, S.L.","holder_count":2}},{"type":"Feature","geometry":{"type":"Point","coordinates":[-6.226266,36.595218]},"properties":{"id":"VUT/CA/16920","type":"VUT","group":"Completa","address":"CALLE MICAELA ARAMBURU DE MORA Nº 21 Esc. D Plta/Piso 2 Pta/Letra D, piso 2, puerta D","postal_code":"11500","places":8,"units":4,"registered":"2023-03-29","catastro":"8237903QA4583E0006ZL","holder":null,"holder_count":null}},{"type":"Feature","geometry":{"type":"Point","coordinates":[-6.22496,36.600828]},"properties":{"id":"VUT/CA/16927","type":"VUT","group":"Completa","address":"CALLE DIEGO NIÑO Nº 28 Plta/Piso 2, piso 2","postal_code":"11500","places":6,"units":3,"registered":"2023-03-30","catastro":"8344926QA4584C0003XG","holder":null,"holder_count":null}},{"type":"Feature","geometry":{"type":"Point","coordinates":[-6.285473,36.611218]},"properties":{"id":"VUT/CA/16937","type":"VUT","group":"Completa","address":"CALLE Guinda Nº 20 Plta/Piso 1 Pta/Letra D Compl.Dom. Fuentebravia, piso 1, puerta D","postal_code":"11500","places":8,"units":3,"registered":"2023-03-30","catastro":"2953301QA4525D0033TG","holder":null,"holder_count":null}},{"type":"Feature","geometry":{"type":"Point","coordinates":[-6.25219,36.59969]},"properties":{"id":"VUT/CA/16940","type":"VUT","group":"Completa","address":"AVENIDA JUAN MELGAREJO Nº 6 Esc. 1 Plta/Piso 4 Pta/Letra 12 Compl.Dom. VISTAHERMOSA, piso 4, puerta 12","postal_code":"11500","places":4,"units":1,"registered":"2023-03-31","catastro":"6240915QA4564A0273DZ","holder":"BODEGAS PEÑA DE HITA SL","holder_count":1}},{"type":"Feature","geometry":{"type":"Point","coordinates":[-6.231472,36.589437]},"properties":{"id":"VUT/CA/16946","type":"VUT","group":"Completa","address":"AVENIDA Bajamar Nº 80 Plta/Piso 1 Pta/Letra Dcha., piso 1, puerta Dcha.","postal_code":"11500","places":4,"units":3,"registered":"2023-03-31","catastro":"7831104QA4573B0001JY","holder":null,"holder_count":null}},{"type":"Feature","geometry":{"type":"Point","coordinates":[-6.233001,36.592421]},"properties":{"id":"VUT/CA/16955","type":"VUT","group":"Completa","address":"CALLE BAHÍA DE ALGECIRAS Nº 10","postal_code":"11500","places":8,"units":3,"registered":"2023-04-02","catastro":"7634216QA4573D0098LW","holder":null,"holder_count":null}},{"type":"Feature","geometry":{"type":"Point","coordinates":[-6.28615,36.612565]},"properties":{"id":"VUT/CA/16981","type":"VUT","group":"Completa","address":"CALLE DE LA SANDIA Nº 10 Portal B Pta/Letra 1 Compl.Dom. FUENTEBRAVIA, puerta 1","postal_code":"11500","places":4,"units":2,"registered":"2023-04-05","catastro":"2855905QA4525F0052RM","holder":null,"holder_count":null}},{"type":"Feature","geometry":{"type":"Point","coordinates":[-6.231354,36.59696]},"properties":{"id":"VUT/CA/16982","type":"VUT","group":"Completa","address":"CALLE PAGADOR Nº 40 Plta/Piso 1 Pta/Letra C, piso 1, puerta C","postal_code":"11500","places":4,"units":2,"registered":"2023-04-05","catastro":"7739509QA4573H0007JB","holder":null,"holder_count":null}},{"type":"Feature","geometry":{"type":"Point","coordinates":[-6.22846,36.594584]},"properties":{"id":"VUT/CA/16989","type":"VUT","group":"Completa","address":"CALLE Vino Oloroso Nº 5 Plta/Piso 1 Pta/Letra D, piso 1, puerta D","postal_code":"11500","places":6,"units":3,"registered":"2023-04-05","catastro":"8037701QA4583E0001YF","holder":null,"holder_count":null}},{"type":"Feature","geometry":{"type":"Point","coordinates":[-6.285692,36.611234]},"properties":{"id":"VUT/CA/17023","type":"VUT","group":"Completa","address":"CALLE CIRUELA Nº 13 Plta/Piso 2 Pta/Letra 4 Compl.Dom. EDIFICIO VISTAMAR, piso 2, puerta 4","postal_code":"11500","places":6,"units":2,"registered":"2023-04-10","catastro":"2853501QA4525D0035MJ","holder":"PANTALLAS CREATIVAS SLU","holder_count":1}},{"type":"Feature","geometry":{"type":"Point","coordinates":[-6.250746,36.596992]},"properties":{"id":"VUT/CA/17057","type":"VUT","group":"Completa","address":"CALLE Margaritas Nº 1 Blq. 1 Portal 2 Plta/Piso 2 Pta/Letra C Compl.Dom. Conjunto residencial Las Camelias, piso 2, puerta C","postal_code":"11500","places":6,"units":2,"registered":"2023-04-12","catastro":"6038401QA4563G0027HZ","holder":"ALSOL INMOBILIARIA SL.","holder_count":1}},{"type":"Feature","geometry":{"type":"Point","coordinates":[-6.272486,36.599525]},"properties":{"id":"VUT/CA/17080","type":"VUT","group":"Completa","address":"CALLE Mar Menor Nº 4","postal_code":"11500","places":8,"units":4,"registered":"2023-04-13","catastro":"4041901QA4544D0048WK","holder":null,"holder_count":null}},{"type":"Feature","geometry":{"type":"Point","coordinates":[-6.284961,36.610488]},"properties":{"id":"VUT/CA/17098","type":"VUT","group":"Completa","address":"CALLE MEMBRILLO Nº 1 Plta/Piso 2 Pta/Letra B, piso 2, puerta B","postal_code":"11500","places":6,"units":3,"registered":"2023-04-14","catastro":"2853606QA4525D0009OM","holder":"GUADALETE GESTIÓN TURÍSTICA, S.L.","holder_count":2}},{"type":"Feature","geometry":{"type":"Point","coordinates":[-6.221599,36.57067]},"properties":{"id":"VUT/CA/17111","type":"VUT","group":"Completa","address":"AVENIDA SANTA MARIA DEL MAR Nº 16 Blq. C Portal ESTRIBOR Plta/Piso 8 Pta/Letra B Compl.Dom. URBANIZACIÓN BLEGAMAR - VLADELAGRANA, piso 8, puerta B","postal_code":"11500","places":6,"units":2,"registered":"2023-04-16","catastro":"8611718QA4581B0023MG","holder":"GESTION INTEGRAL DE PROPIEDADES LYRIOS HOMES, S.L.","holder_count":1}},{"type":"Feature","geometry":{"type":"Point","coordinates":[-6.2263,36.59779]},"properties":{"id":"VUT/CA/17116","type":"VUT","group":"Completa","address":"CALLE Palacios Nº 19 Plta/Piso 2º Pta/Letra izquierda, piso 2º, puerta izquierda","postal_code":"11500","places":2,"units":1,"registered":"2023-04-17","catastro":"8240912QA4584A0003EB","holder":null,"holder_count":null}},{"type":"Feature","geometry":{"type":"Point","coordinates":[-6.258241,36.578789]},"properties":{"id":"VUT/CA/17139","type":"VUT","group":"Completa","address":"CALLE Bulevar del Oloroso Nº 101 Plta/Piso 1 Pta/Letra A, piso 1, puerta A","postal_code":"11500","places":5,"units":2,"registered":"2023-04-18","catastro":"5217413QA4551G0006QF","holder":null,"holder_count":null}},{"type":"Feature","geometry":{"type":"Point","coordinates":[-6.237777,36.592466]},"properties":{"id":"VUT/CA/17151","type":"VUT","group":"Completa","address":"CALLE FEDERICO CHUECA Nº 1 Plta/Piso 4 Pta/Letra 3, piso 4, puerta 3","postal_code":"11500","places":8,"units":3,"registered":"2023-04-19","catastro":"7234104QA4573C0015XE","holder":null,"holder_count":null}},{"type":"Feature","geometry":{"type":"Point","coordinates":[-6.231506,36.601867]},"properties":{"id":"VUT/CA/17188","type":"VUT","group":"Completa","address":"CALLE POSTIGO Nº 36 Plta/Piso 1 Pta/Letra G, piso 1, puerta G","postal_code":"11500","places":4,"units":1,"registered":"2023-04-22","catastro":"7745705QA4574F0008TB","holder":null,"holder_count":null}},{"type":"Feature","geometry":{"type":"Point","coordinates":[-6.220609,36.572264]},"properties":{"id":"VUT/CA/17191","type":"VUT","group":"Completa","address":"AVENIDA SANTA MARIA DEL MAR Nº SN Blq. 2 Plta/Piso 3 Pta/Letra F Compl.Dom. URBANIZACION LAS SALINAS, piso 3, puerta F","postal_code":"11500","places":4,"units":1,"registered":"2023-04-22","catastro":"8811301QA4581B0056RH","holder":null,"holder_count":null}},{"type":"Feature","geometry":{"type":"Point","coordinates":[-6.248143,36.596892]},"properties":{"id":"VUT/CA/17206","type":"VUT","group":"Completa","address":"CALLE Lavanda Nº 20 Blq. 3 Plta/Piso 1 Pta/Letra B Compl.Dom. Residencial Tamarindos, piso 1, puerta B","postal_code":"11500","places":4,"units":2,"registered":"2023-04-24","catastro":"6238501QA4563G0027RZ","holder":null,"holder_count":null}},{"type":"Feature","geometry":{"type":"Point","coordinates":[-6.223085,36.569231]},"properties":{"id":"VUT/CA/17226","type":"VUT","group":"Completa","address":"PASEO valdelagrana Nº 37 Blq. A Plta/Piso 7 Pta/Letra D Compl.Dom. urbanización Puerto Príncipe, piso 7, puerta D","postal_code":"11500","places":4,"units":2,"registered":"2023-04-25","catastro":"8709201QA4580H0379HP","holder":null,"holder_count":null}},{"type":"Feature","geometry":{"type":"Point","coordinates":[-6.233589,36.60576]},"properties":{"id":"VUT/CA/17341","type":"VUT","group":"Completa","address":"CALLE CARMEN VALENZUELA Nº 2 Blq. 6 Pta/Letra BAJO B, puerta BAJO B","postal_code":"11500","places":6,"units":3,"registered":"2023-05-03","catastro":"7548501QA4574H0108KK","holder":null,"holder_count":null}},{"type":"Feature","geometry":{"type":"Point","coordinates":[-6.224464,36.577606]},"properties":{"id":"VUT/CA/17351","type":"VUT","group":"Completa","address":"AVENIDA de La Paz Nº 61 Plta/Piso 7 Pta/Letra C Compl.Dom. Valdelagrana, piso 7, puerta C","postal_code":"11500","places":4,"units":2,"registered":"2023-05-03","catastro":"8418701QA4518G0027ZJ","holder":null,"holder_count":null}},{"type":"Feature","geometry":{"type":"Point","coordinates":[-6.228185,36.599348]},"properties":{"id":"VUT/CA/17356","type":"VUT","group":"Completa","address":"CALLE Palacios Nº 62 Plta/Piso Bajo Pta/Letra C, piso Bajo, puerta C","postal_code":"11500","places":4,"units":2,"registered":"2023-05-03","catastro":"8042606QA4584A0002SL","holder":null,"holder_count":null}},{"type":"Feature","geometry":{"type":"Point","coordinates":[-6.223085,36.569231]},"properties":{"id":"VUT/CA/17369","type":"VUT","group":"Completa","address":"CALLE PASEO MARITIMO Nº 37 Esc. C Plta/Piso 1 Pta/Letra D, piso 1, puerta D","postal_code":"11500","places":6,"units":2,"registered":"2023-05-04","catastro":"8709201QA4580H0482LD","holder":null,"holder_count":null}},{"type":"Feature","geometry":{"type":"Point","coordinates":[-6.224861,36.598652]},"properties":{"id":"VUT/CA/17376","type":"VUT","group":"Completa","address":"CALLE MISERICORDIA Nº 10 Plta/Piso 1 Pta/Letra F, piso 1, puerta F","postal_code":"11500","places":12,"units":4,"registered":"2023-05-04","catastro":"8341910QA4584A0009AE","holder":null,"holder_count":null}},{"type":"Feature","geometry":{"type":"Point","coordinates":[-6.227092,36.595711]},"properties":{"id":"VUT/CA/17416","type":"VUT","group":"Completa","address":"CALLE SOL Nº 3 Esc. 2º Plta/Piso A, piso A","postal_code":"11500","places":4,"units":2,"registered":"2023-05-08","catastro":"8237303QA4583G0041BF","holder":null,"holder_count":null}},{"type":"Feature","geometry":{"type":"Point","coordinates":[-6.224343,36.59845]},"properties":{"id":"VUT/CA/17423","type":"VUT","group":"Completa","address":"CALLE JESUS DE LOS MILAGROS Nº 7 Plta/Piso 1 Pta/Letra A, piso 1, puerta A","postal_code":"11500","places":6,"units":2,"registered":"2023-05-08","catastro":"8441108QA4584A0001KK","holder":"GINVA REAL ESTATE SLU","holder_count":7}},{"type":"Feature","geometry":{"type":"Point","coordinates":[-6.22919,36.596822]},"properties":{"id":"VUT/CA/17439","type":"VUT","group":"Completa","address":"CALLE BOLOS Nº 6A Plta/Piso A, piso A","postal_code":"11500","places":4,"units":2,"registered":"2023-05-09","catastro":"7939901QA4573H0019MY","holder":null,"holder_count":null}},{"type":"Feature","geometry":{"type":"Point","coordinates":[-6.226944,36.597425]},"properties":{"id":"VUT/CA/17442","type":"VUT","group":"Completa","address":"CALLE VIRGEN DE LOS MILAGROS Nº 131 Plta/Piso 3 Pta/Letra B, piso 3, puerta B","postal_code":"11500","places":6,"units":2,"registered":"2023-05-09","catastro":"8240102QA4584A0006EM","holder":"PISGO DE INVERSIONES SL","holder_count":2}},{"type":"Feature","geometry":{"type":"Point","coordinates":[-6.286147,36.613366]},"properties":{"id":"VUT/CA/17443","type":"VUT","group":"Completa","address":"CALLE DE LA NARANJA Nº 41 Plta/Piso 3º Pta/Letra C, piso 3º, puerta C","postal_code":"11500","places":4,"units":3,"registered":"2023-05-09","catastro":"2855401QA4525F0016HX","holder":null,"holder_count":null}},{"type":"Feature","geometry":{"type":"Point","coordinates":[-6.235414,36.591302]},"properties":{"id":"VUT/CA/17448","type":"VUT","group":"Completa","address":"CALLE BUQUE ESCUELA GALATEA Nº 4 Plta/Piso 2 Pta/Letra IZQ, piso 2, puerta IZQ","postal_code":"11500","places":4,"units":2,"registered":"2023-05-09","catastro":"7433903QA4573C0004HK","holder":null,"holder_count":null}},{"type":"Feature","geometry":{"type":"Point","coordinates":[-6.287591,36.612481]},"properties":{"id":"VUT/CA/17464","type":"VUT","group":"Completa","address":"CALLE DE LA BREVA Nº 43 Esc. 1 Plta/Piso -4 Pta/Letra 49, piso -4, puerta 49","postal_code":"11500","places":4,"units":2,"registered":"2023-05-10","catastro":"2756101QA4525H0049KK","holder":null,"holder_count":null}},{"type":"Feature","geometry":{"type":"Point","coordinates":[-6.219152,36.579965]},"properties":{"id":"VUT/CA/17481","type":"VUT","group":"Completa","address":"AVENIDA DE CÁDIZ Nº 41 Pta/Letra B, puerta B","postal_code":"11500","places":6,"units":3,"registered":"2023-05-12","catastro":"8920426QA4582B0001MH","holder":null,"holder_count":null}},{"type":"Feature","geometry":{"type":"Point","coordinates":[-6.222932,36.573062]},"properties":{"id":"VUT/CA/17484","type":"VUT","group":"Completa","address":"PASEO Marítimo Nº 31 Blq. 1 Plta/Piso 9 Pta/Letra B Compl.Dom. Urbanización \"VIGALPE 500 - BAHÍA SHERRY\", piso 9, puerta B","postal_code":"11500","places":4,"units":2,"registered":"2023-05-12","catastro":"8613101Qa4581d0348eg","holder":null,"holder_count":null}},{"type":"Feature","geometry":{"type":"Point","coordinates":[-6.223071,36.578977]},"properties":{"id":"VUT/CA/17485","type":"VUT","group":"Completa","address":"URBANIZACION LA SALINERA Blq. 9 Plta/Piso BJ, piso BJ","postal_code":"11500","places":4,"units":1,"registered":"2023-05-12","catastro":"8620101QA4582B0247LP","holder":null,"holder_count":null}},{"type":"Feature","geometry":{"type":"Point","coordinates":[-6.235296,36.591084]},"properties":{"id":"VUT/CA/17505","type":"VUT","group":"Completa","address":"CALLE BATALLA DE CAVITE Nº 2 Plta/Piso 1 Pta/Letra IZQ, piso 1, puerta IZQ","postal_code":"11500","places":3,"units":2,"registered":"2023-05-15","catastro":"7432401QA4573C0002JH","holder":null,"holder_count":null}},{"type":"Feature","geometry":{"type":"Point","coordinates":[-6.222775,36.601166]},"properties":{"id":"VUT/CA/17517","type":"VUT","group":"Completa","address":"CALLE CHANCA Nº 6 Esc. 2 Plta/Piso 1 Pta/Letra E, piso 1, puerta E","postal_code":"11500","places":6,"units":3,"registered":"2023-05-16","catastro":"8644103QA4584D0018OD","holder":null,"holder_count":null}},{"type":"Feature","geometry":{"type":"Point","coordinates":[-6.231237,36.597694]},"properties":{"id":"VUT/CA/17526","type":"VUT","group":"Completa","address":"CALLE SAN FRANCISCO Nº 12","postal_code":"11500","places":4,"units":2,"registered":"2023-05-16","catastro":"7840902QA4574B0001GM","holder":"NUEVAS INVERSIONES J21 S.L.","holder_count":1}},{"type":"Feature","geometry":{"type":"Point","coordinates":[-6.286027,36.610481]},"properties":{"id":"VUT/CA/17532","type":"VUT","group":"Completa","address":"CALLE DE LA MORA Nº 5 Pta/Letra 15, puerta 15","postal_code":"11500","places":6,"units":3,"registered":"2023-05-17","catastro":"3153838QA4535C0028UI","holder":null,"holder_count":null}},{"type":"Feature","geometry":{"type":"Point","coordinates":[-6.22281,36.601376]},"properties":{"id":"VUT/CA/17550","type":"VUT","group":"Completa","address":"CALLE ALBAREDA Nº 24 Plta/Piso 1º Pta/Letra I, piso 1º, puerta I","postal_code":"11500","places":4,"units":2,"registered":"2023-05-17","catastro":"8544416QA4584D0020ES","holder":null,"holder_count":null}},{"type":"Feature","geometry":{"type":"Point","coordinates":[-6.272045,36.593459]},"properties":{"id":"VUT/CA/17556","type":"VUT","group":"Completa","address":"CALLE JAVIER MERELLO Nº 7 Esc. 4 Plta/Piso 1 Pta/Letra G, piso 1, puerta G","postal_code":"11500","places":8,"units":4,"registered":"2023-05-18","catastro":"4333518QA4543C0252QX","holder":null,"holder_count":null}},{"type":"Feature","geometry":{"type":"Point","coordinates":[-6.223003,36.601633]},"properties":{"id":"VUT/CA/17589","type":"VUT","group":"Completa","address":"CALLE Virgen de los Milagros Nº 35 Plta/Piso 1 Pta/Letra G, piso 1, puerta G","postal_code":"11500","places":6,"units":3,"registered":"2023-05-21","catastro":"8544406QA4584D0015UP","holder":null,"holder_count":null}},{"type":"Feature","geometry":{"type":"Point","coordinates":[-6.233116,36.588888]},"properties":{"id":"VUT/CA/17609","type":"VUT","group":"Completa","address":"CALLE AURORA Nº 66","postal_code":"11500","places":8,"units":3,"registered":"2023-05-22","catastro":"7630908QA4573B0001RY","holder":null,"holder_count":null}},{"type":"Feature","geometry":{"type":"Point","coordinates":[-6.250746,36.596992]},"properties":{"id":"VUT/CA/17614","type":"VUT","group":"Completa","address":"CALLE De las Margaritas Nº 1 Blq. 1 Esc. 2 Plta/Piso 0 Pta/Letra B, piso 0, puerta B","postal_code":"11500","places":4,"units":3,"registered":"2023-05-22","catastro":"6038401QA4563G0018PG","holder":null,"holder_count":null}},{"type":"Feature","geometry":{"type":"Point","coordinates":[-6.272154,36.599474]},"properties":{"id":"VUT/CA/17631","type":"VUT","group":"Completa","address":"CALLE MAR DEL JAPÓN Nº 51","postal_code":"11500","places":8,"units":4,"registered":"2023-05-23","catastro":"4140401QA4544A0018JH","holder":null,"holder_count":null}},{"type":"Feature","geometry":{"type":"Point","coordinates":[-6.223085,36.569231]},"properties":{"id":"VUT/CA/17633","type":"VUT","group":"Completa","address":"CALLE Paseo Marítimo Nº 37 Blq. B Plta/Piso 03 Pta/Letra 0F Compl.Dom. Urbanización Puerto Príncipe, piso 03, puerta 0F","postal_code":"11500","places":6,"units":2,"registered":"2023-05-23","catastro":"8709201QA4580H0426RZ","holder":null,"holder_count":null}},{"type":"Feature","geometry":{"type":"Point","coordinates":[-6.230404,36.598631]},"properties":{"id":"VUT/CA/17639","type":"VUT","group":"Completa","address":"CALLE SANTA LUCÍA Nº 24 Plta/Piso 1 Pta/Letra B, piso 1, puerta B","postal_code":"11500","places":6,"units":2,"registered":"2023-05-23","catastro":"7841518QA4574B0004OE","holder":null,"holder_count":null}},{"type":"Feature","geometry":{"type":"Point","coordinates":[-6.235748,36.594391]},"properties":{"id":"VUT/CA/17641","type":"VUT","group":"Completa","address":"CALLE LUIS MAZZANTINI Nº 5","postal_code":"11500","places":8,"units":3,"registered":"2023-05-24","catastro":"7336604QA4573E0001PP","holder":null,"holder_count":null}},{"type":"Feature","geometry":{"type":"Point","coordinates":[-6.256904,36.578401]},"properties":{"id":"VUT/CA/17645","type":"VUT","group":"Completa","address":"PLAZA PLAZA GARVEY Nº 42 Portal 5 Plta/Piso 1 Pta/Letra 1, piso 1, puerta 1","postal_code":"11500","places":6,"units":2,"registered":"2023-05-24","catastro":"5217404QA4551G0068FS","holder":null,"holder_count":null}},{"type":"Feature","geometry":{"type":"Point","coordinates":[-6.23275,36.604156]},"properties":{"id":"VUT/CA/17670","type":"VUT","group":"Completa","address":"CARRETERA DE SANLUCAR Nº 8 Blq. A Plta/Piso 1 Pta/Letra C Compl.Dom. JARDINES DE SANLUCAR, piso 1, puerta C","postal_code":"11500","places":6,"units":3,"registered":"2023-05-25","catastro":"7647705QA4574F0038ZK","holder":null,"holder_count":null}},{"type":"Feature","geometry":{"type":"Point","coordinates":[-6.223003,36.601633]},"properties":{"id":"VUT/CA/17689","type":"VUT","group":"Completa","address":"CALLE VIRGEN DE LOS MILAGROS Nº 35 Plta/Piso 2º Pta/Letra H, piso 2º, puerta H","postal_code":"11500","places":6,"units":2,"registered":"2023-05-26","catastro":"8544406QA4584D0024DH","holder":null,"holder_count":null}},{"type":"Feature","geometry":{"type":"Point","coordinates":[-6.221406,36.584882]},"properties":{"id":"VUT/CA/17729","type":"VUT","group":"Por habitaciones","address":"CALLE CAMARÓN Nº 20 Calif.Nº A","postal_code":"11500","places":4,"units":2,"registered":"2023-05-30","catastro":"8626606QA4582F0001TY","holder":null,"holder_count":null}},{"type":"Feature","geometry":{"type":"Point","coordinates":[-6.220609,36.572264]},"properties":{"id":"VUT/CA/17731","type":"VUT","group":"Completa","address":"CALLE AVOCETA Nº 1 Blq. 3 Plta/Piso 3 Pta/Letra B, piso 3, puerta B","postal_code":"11500","places":6,"units":2,"registered":"2023-05-30","catastro":"8811301QA4581B0085QD","holder":null,"holder_count":null}},{"type":"Feature","geometry":{"type":"Point","coordinates":[-6.231498,36.604703]},"properties":{"id":"VUT/CA/17734","type":"VUT","group":"Por habitaciones","address":"PLAZA Jardinero Mayor Francisco Peña Nº 2 Blq. 5 Plta/Piso 1 Pta/Letra B, piso 1, puerta B","postal_code":"11500","places":2,"units":1,"registered":"2023-05-30","catastro":"7747501QA4574H0364KH","holder":null,"holder_count":null}},{"type":"Feature","geometry":{"type":"Point","coordinates":[-6.26836,36.595344]},"properties":{"id":"VUT/CA/17769","type":"VUT","group":"Completa","address":"CALLE AZAHAR Nº 15","postal_code":"11500","places":8,"units":3,"registered":"2023-06-01","catastro":"4437617QA4543E0001SZ","holder":null,"holder_count":null}},{"type":"Feature","geometry":{"type":"Point","coordinates":[-6.25796,36.580525]},"properties":{"id":"VUT/CA/17777","type":"VUT","group":"Completa","address":"AVENIDA PUERTO DEL (PS) Nº 3 Esc. 3 Plta/Piso 1 Pta/Letra 2, piso 1, puerta 2","postal_code":"11500","places":6,"units":2,"registered":"2023-06-01","catastro":"5420601QA4552A0014OT","holder":null,"holder_count":null}},{"type":"Feature","geometry":{"type":"Point","coordinates":[-6.223085,36.569231]},"properties":{"id":"VUT/CA/17796","type":"VUT","group":"Completa","address":"PASEO MARITIMO DE VALDELAGRANA Nº 37 Blq. 3 Plta/Piso 8 Pta/Letra D Compl.Dom. URBANIZACIÓN PUERTO PRINCIPE, piso 8, puerta D","postal_code":"11500","places":6,"units":2,"registered":"2023-06-04","catastro":"8709201QA4580H0527IW","holder":null,"holder_count":null}},{"type":"Feature","geometry":{"type":"Point","coordinates":[-6.251858,36.59744]},"properties":{"id":"VUT/CA/17798","type":"VUT","group":"Completa","address":"CALLE DE  LOS PENSAMIENTOS Nº 19","postal_code":"11500","places":6,"units":2,"registered":"2023-06-05","catastro":"5939901QA4553H0001TY","holder":null,"holder_count":null}},{"type":"Feature","geometry":{"type":"Point","coordinates":[-6.227947,36.594726]},"properties":{"id":"VUT/CA/17808","type":"VUT","group":"Completa","address":"CALLE Ximénez de Sandoval Nº 1 Plta/Piso 4 Pta/Letra E, piso 4, puerta E","postal_code":"11500","places":7,"units":3,"registered":"2023-06-05","catastro":"8136302QA4583E0012JX","holder":null,"holder_count":null}},{"type":"Feature","geometry":{"type":"Point","coordinates":[-6.256904,36.578401]},"properties":{"id":"VUT/CA/17826","type":"VUT","group":"Completa","address":"PLAZA Doctor Agustín Blázquez Nº 38 Plta/Piso 1 Pta/Letra A Compl.Dom. MARINA PUERTO SHERRY, piso 1, puerta A","postal_code":"11500","places":6,"units":3,"registered":"2023-06-05","catastro":"5217404QA4551G0027IY","holder":"GUADALETE GESTION TURISTICA, S.L.","holder_count":18}},{"type":"Feature","geometry":{"type":"Point","coordinates":[-6.224092,36.600054]},"properties":{"id":"VUT/CA/17834","type":"VUT","group":"Completa","address":"CALLE JAVIER DE BURGOS Nº 18","postal_code":"11500","places":6,"units":3,"registered":"2023-06-06","catastro":"8443608QA4584C0003RG","holder":"OLE SOLUTIONS HOLIDAY RENTALS S.L.","holder_count":12}},{"type":"Feature","geometry":{"type":"Point","coordinates":[-6.234431,36.591286]},"properties":{"id":"VUT/CA/17861","type":"VUT","group":"Completa","address":"CALLE Francisco Javier de Uriarte Nº 3 Plta/Piso BAJO Pta/Letra IZQUIERDA, piso BAJO, puerta IZQUIERDA","postal_code":"11500","places":5,"units":3,"registered":"2023-06-07","catastro":"7533102QA4573D0008JI","holder":null,"holder_count":null}},{"type":"Feature","geometry":{"type":"Point","coordinates":[-6.224872,36.597323]},"properties":{"id":"VUT/CA/17865","type":"VUT","group":"Por habitaciones","address":"AVENIDA MICAELA ARAMBURU Nº 8","postal_code":"11500","places":6,"units":3,"registered":"2023-06-07","catastro":"8340716QA4584A0001ZK","holder":null,"holder_count":null}},{"type":"Feature","geometry":{"type":"Point","coordinates":[-6.226167,36.601116]},"properties":{"id":"VUT/CA/17867","type":"VUT","group":"Completa","address":"CALLE CIELOS Nº 100 Blq. 3 Plta/Piso BAJO Pta/Letra C, piso BAJO, puerta C","postal_code":"11500","places":4,"units":2,"registered":"2023-06-07","catastro":"8244229QA4584C0039PL","holder":null,"holder_count":null}},{"type":"Feature","geometry":{"type":"Point","coordinates":[-6.272677,36.604617]},"properties":{"id":"VUT/CA/17877","type":"VUT","group":"Completa","address":"RESIDENCIAL ANCORA Nº 1 Plta/Piso 2 Pta/Letra E, piso 2, puerta E","postal_code":"11500","places":2,"units":1,"registered":"2023-06-08","catastro":"4146502QA4544E0270IM","holder":null,"holder_count":null}},{"type":"Feature","geometry":{"type":"Point","coordinates":[-6.272737,36.604402]},"properties":{"id":"VUT/CA/17884","type":"VUT","group":"Completa","address":"CALLE ANCORA Portal 5 Plta/Piso BAJO Pta/Letra A Compl.Dom. URB: EL ANCLA, piso BAJO, puerta A","postal_code":"11500","places":6,"units":3,"registered":"2023-06-08","catastro":"4145901QA4544E0036TK","holder":"OLE SOLUTIONS HOLIDAY RENTALS S.L.","holder_count":12}},{"type":"Feature","geometry":{"type":"Point","coordinates":[-6.2263,36.59779]},"properties":{"id":"VUT/CA/17912","type":"VUT","group":"Completa","address":"CALLE Palacios Nº 19 Plta/Piso 2 Pta/Letra derecha, piso 2, puerta derecha","postal_code":"11500","places":4,"units":1,"registered":"2023-06-09","catastro":"8240912QA4584A0004RZ","holder":null,"holder_count":null}},{"type":"Feature","geometry":{"type":"Point","coordinates":[-6.28615,36.612565]},"properties":{"id":"VUT/CA/17918","type":"VUT","group":"Completa","address":"CALLE DE LA SANDÍA Nº 8 Blq. B Portal B Plta/Piso 1 Pta/Letra 7, piso 1, puerta 7","postal_code":"11500","places":4,"units":1,"registered":"2023-06-10","catastro":"2855905QA4525F0059AU","holder":null,"holder_count":null}},{"type":"Feature","geometry":{"type":"Point","coordinates":[-6.23565,36.591631]},"properties":{"id":"VUT/CA/17930","type":"VUT","group":"Completa","address":"PLAZA DEL MAESTRO DUEÑAS Nº 2 Plta/Piso 2 Pta/Letra A Compl.Dom. PISO, piso 2, puerta A","postal_code":"11500","places":6,"units":3,"registered":"2023-06-12","catastro":"7433301QA4573C0001JG","holder":null,"holder_count":null}},{"type":"Feature","geometry":{"type":"Point","coordinates":[-6.223852,36.580037]},"properties":{"id":"VUT/CA/17944","type":"VUT","group":"Completa","address":"AVENIDA CATALINA SANTOS LA GUACHI Nº 35 Portal 3 Plta/Piso 6 Pta/Letra A, piso 6, puerta A","postal_code":"11500","places":8,"units":3,"registered":"2023-06-12","catastro":"8320501QA4582A0045TH","holder":null,"holder_count":null}},{"type":"Feature","geometry":{"type":"Point","coordinates":[-6.240135,36.610432]},"properties":{"id":"VUT/CA/17963","type":"VUT","group":"Completa","address":"CALLE CIUDAD DUCAL Nº 3","postal_code":"11500","places":8,"units":4,"registered":"2023-06-13","catastro":"6953906QA4565D0001AI","holder":"GUADALETE GESTION TURISTICA SL","holder_count":5}},{"type":"Feature","geometry":{"type":"Point","coordinates":[-6.223758,36.599201]},"properties":{"id":"VUT/CA/17966","type":"VUT","group":"Completa","address":"CALLE RIBERA DEL RIO Nº 58 Plta/Piso 2 Pta/Letra D, piso 2, puerta D","postal_code":"11500","places":4,"units":1,"registered":"2023-06-13","catastro":"8442924QA4584A0010DQ","holder":null,"holder_count":null}},{"type":"Feature","geometry":{"type":"Point","coordinates":[-6.237916,36.594096]},"properties":{"id":"VUT/CA/17967","type":"VUT","group":"Completa","address":"CALLE TREBOLE Nº 8 Plta/Piso 3 Pta/Letra E, piso 3, puerta E","postal_code":"11500","places":7,"units":3,"registered":"2023-06-13","catastro":"7235301QA4573E0007EH","holder":"GUADALETE GESTION TURISTICA, S.L.","holder_count":18}},{"type":"Feature","geometry":{"type":"Point","coordinates":[-6.249345,36.599502]},"properties":{"id":"VUT/CA/17968","type":"VUT","group":"Completa","address":"CALLE GIRASOL Nº 2 Portal 3 Plta/Piso 4 Pta/Letra B, piso 4, puerta B","postal_code":"11500","places":7,"units":3,"registered":"2023-06-13","catastro":"6141501QA4564A0109EZ","holder":null,"holder_count":null}},{"type":"Feature","geometry":{"type":"Point","coordinates":[-6.224735,36.61019]},"properties":{"id":"VUT/CA/17969","type":"VUT","group":"Completa","address":"CALLE ARIES Nº 2 Plta/Piso 1 Pta/Letra A, piso 1, puerta A","postal_code":"11500","places":7,"units":3,"registered":"2023-06-14","catastro":"8354201QA4585C0121AQ","holder":"GUADALETE GESTION TURISTICA SL","holder_count":5}},{"type":"Feature","geometry":{"type":"Point","coordinates":[-6.231517,36.602967]},"properties":{"id":"VUT/CA/17979","type":"VUT","group":"Completa","address":"PLAZA DE SAN JUAN Nº 4 Plta/Piso 3 Pta/Letra A, piso 3, puerta A","postal_code":"11500","places":4,"units":2,"registered":"2023-06-20","catastro":"7846204QA4574F0031PA","holder":null,"holder_count":null}},{"type":"Feature","geometry":{"type":"Point","coordinates":[-6.284542,36.609774]},"properties":{"id":"VUT/CA/17985","type":"VUT","group":"Completa","address":"CALLE GOLETA Nº 26A Pta/Letra 23, puerta 23","postal_code":"11500","places":8,"units":3,"registered":"2023-06-20","catastro":"3153825QA4535C0029PO","holder":null,"holder_count":null}},{"type":"Feature","geometry":{"type":"Point","coordinates":[-6.233589,36.60576]},"properties":{"id":"VUT/CA/17995","type":"VUT","group":"Completa","address":"CALLE CARMEN VALENZUELA Nº 2 Blq. 6 Plta/Piso BJ Pta/Letra C, piso BJ, puerta C","postal_code":"11500","places":6,"units":3,"registered":"2023-06-20","catastro":"7548501QA4574H0109LL","holder":null,"holder_count":null}},{"type":"Feature","geometry":{"type":"Point","coordinates":[-6.226586,36.595379]},"properties":{"id":"VUT/CA/18003","type":"VUT","group":"Completa","address":"AVENIDA Micaela Aramburu de Mora Nº 30 Esc. 1 Plta/Piso 1 Pta/Letra A, piso 1, puerta A","postal_code":"11500","places":2,"units":1,"registered":"2023-06-20","catastro":"8237309QA4583G0006TF","holder":null,"holder_count":null}},{"type":"Feature","geometry":{"type":"Point","coordinates":[-6.280949,36.607262]},"properties":{"id":"VUT/CA/18021","type":"VUT","group":"Por habitaciones","address":"CALLE LOS ARCOS Nº 24","postal_code":"11500","places":2,"units":1,"registered":"2023-06-20","catastro":"3447556QA4534G0001BY","holder":null,"holder_count":null}},{"type":"Feature","geometry":{"type":"Point","coordinates":[-6.228605,36.600339]},"properties":{"id":"VUT/CA/18022","type":"VUT","group":"Completa","address":"CALLE SAN JUAN Nº 6 Compl.Dom. EL PTO DE STA MARIA","postal_code":"11500","places":15,"units":5,"registered":"2023-06-20","catastro":"8043602QA4584C0001ED","holder":"FASHION J&S BUUHIGAS SL","holder_count":1}},{"type":"Feature","geometry":{"type":"Point","coordinates":[-6.220283,36.607545]},"properties":{"id":"VUT/CA/18042","type":"VUT","group":"Completa","address":"AVENIDA de la Diputación Nº 2 Plta/Piso 1º Pta/Letra I, piso 1º, puerta I","postal_code":"11500","places":4,"units":1,"registered":"2023-06-20","catastro":"8851508QA4585B0011ZT","holder":null,"holder_count":null}},{"type":"Feature","geometry":{"type":"Point","coordinates":[-6.281402,36.608361]},"properties":{"id":"VUT/CA/18050","type":"VUT","group":"Completa","address":"CALLE ALTOS DEL MANANTIAL Nº 22","postal_code":"11500","places":4,"units":2,"registered":"2023-06-20","catastro":"3447517QA4534G0001UY","holder":null,"holder_count":null}},{"type":"Feature","geometry":{"type":"Point","coordinates":[-6.223816,36.605274]},"properties":{"id":"VUT/CA/18051","type":"VUT","group":"Completa","address":"CALLE RACIMO Nº 2 Portal 5 Plta/Piso 2 Pta/Letra e, piso 2, puerta e","postal_code":"11500","places":2,"units":1,"registered":"2023-06-20","catastro":"8449703QA4584G0078QD","holder":null,"holder_count":null}},{"type":"Feature","geometry":{"type":"Point","coordinates":[-6.216785,36.573923]},"properties":{"id":"VUT/CA/18082","type":"VUT","group":"Completa","address":"CALLE Zahara de la Sierra Nº 9 Compl.Dom. Urbanización Valdelagrana","postal_code":"11500","places":12,"units":5,"registered":"2023-06-22","catastro":"9114910QA4591C0001AS","holder":null,"holder_count":null}},{"type":"Feature","geometry":{"type":"Point","coordinates":[-6.22574,36.597505]},"properties":{"id":"VUT/CA/18122","type":"VUT","group":"Completa","address":"CALLE PALACIOS Nº 14 Plta/Piso 2 Pta/Letra C, piso 2, puerta C","postal_code":"11500","places":4,"units":1,"registered":"2023-06-26","catastro":"8340202QA4584A0047TY","holder":null,"holder_count":null}},{"type":"Feature","geometry":{"type":"Point","coordinates":[-6.285416,36.612335]},"properties":{"id":"VUT/CA/18164","type":"VUT","group":"Completa","address":"CALLE FRESA Nº 25 Plta/Piso 2 Pta/Letra D, piso 2, puerta D","postal_code":"11500","places":8,"units":3,"registered":"2023-06-29","catastro":"2954303QA4525D0011SX","holder":"GUADALETE GESTIÓN TURÍSTICA SL","holder_count":1}},{"type":"Feature","geometry":{"type":"Point","coordinates":[-6.270757,36.598283]},"properties":{"id":"VUT/CA/18181","type":"VUT","group":"Completa","address":"CALLE MAR TIMOR Nº 40 Calif.Nº A","postal_code":"11500","places":7,"units":4,"registered":"2023-06-29","catastro":"4139432QA4543G0027QD","holder":null,"holder_count":null}},{"type":"Feature","geometry":{"type":"Point","coordinates":[-6.270279,36.598855]},"properties":{"id":"VUT/CA/18190","type":"VUT","group":"Completa","address":"CALLE OCEANO ATLANTICO Nº 8 Compl.Dom. LAS REDES","postal_code":"11500","places":8,"units":4,"registered":"2023-06-30","catastro":"4341101QA4544D0011PD","holder":null,"holder_count":null}},{"type":"Feature","geometry":{"type":"Point","coordinates":[-6.214844,36.606896]},"properties":{"id":"VUT/CA/18228","type":"VUT","group":"Completa","address":"AVENIDA LAS AMERICAS Nº 40","postal_code":"11500","places":6,"units":5,"registered":"2023-07-04","catastro":"9250315QA4595A0001YH","holder":null,"holder_count":null}},{"type":"Feature","geometry":{"type":"Point","coordinates":[-6.252484,36.58976]},"properties":{"id":"VUT/CA/18236","type":"VUT","group":"Completa","address":"CALLE Juan Sebastián Elcano Nº 3 Pta/Letra 12, puerta 12","postal_code":"11500","places":8,"units":4,"registered":"2023-07-04","catastro":"5728031QA4552H0006QJ","holder":null,"holder_count":null}},{"type":"Feature","geometry":{"type":"Point","coordinates":[-6.218043,36.579809]},"properties":{"id":"VUT/CA/18239","type":"VUT","group":"Completa","address":"CALLE Caceres Nº 25","postal_code":"11500","places":8,"units":4,"registered":"2023-07-04","catastro":"9021914QA4592A0001YA","holder":null,"holder_count":null}},{"type":"Feature","geometry":{"type":"Point","coordinates":[-6.215373,36.60786]},"properties":{"id":"VUT/CA/18245","type":"VUT","group":"Completa","address":"AVENIDA LAS AMERICAS Nº 15 Esc. 1 Plta/Piso 00 Pta/Letra 01, piso 00, puerta 01","postal_code":"11500","places":6,"units":3,"registered":"2023-07-05","catastro":"9151502QA4595A0005PB","holder":"INVERSIONES EL ITALIANO, S.L.","holder_count":1}},{"type":"Feature","geometry":{"type":"Point","coordinates":[-6.214809,36.614099]},"properties":{"id":"VUT/CA/18252","type":"VUT","group":"Por habitaciones","address":"CALLE PIANO Nº 3 Esc. 10 Plta/Piso 4 Pta/Letra C, piso 4, puerta C","postal_code":"11500","places":3,"units":2,"registered":"2023-07-05","catastro":"9258202QA4595G0091GK","holder":null,"holder_count":null}},{"type":"Feature","geometry":{"type":"Point","coordinates":[-6.228858,36.603652]},"properties":{"id":"VUT/CA/18263","type":"VUT","group":"Completa","address":"CALLE ESPELETE Nº 31 Plta/Piso BAJO Pta/Letra B, piso BAJO, puerta B","postal_code":"11500","places":4,"units":2,"registered":"2023-07-06","catastro":"8046224QA4584E0002OO","holder":null,"holder_count":null}},{"type":"Feature","geometry":{"type":"Point","coordinates":[-6.260124,36.599237]},"properties":{"id":"VUT/CA/18275","type":"VUT","group":"Por habitaciones","address":"CALLE SOR MARIA AGUILAR Nº 2 Pta/Letra 70, puerta 70","postal_code":"11500","places":6,"units":3,"registered":"2023-07-06","catastro":"5240201QA4554A0070WI","holder":null,"holder_count":null}},{"type":"Feature","geometry":{"type":"Point","coordinates":[-6.275917,36.605992]},"properties":{"id":"VUT/CA/18277","type":"VUT","group":"Completa","address":"CALLE Pantoque Nº 10 Pta/Letra 7, puerta 7","postal_code":"11500","places":6,"units":3,"registered":"2023-07-06","catastro":"3848303QA4534H0007JZ","holder":null,"holder_count":null}},{"type":"Feature","geometry":{"type":"Point","coordinates":[-6.251836,36.598866]},"properties":{"id":"VUT/CA/18301","type":"VUT","group":"Completa","address":"CALLE Vivero Nº 13 Portal 11","postal_code":"11500","places":4,"units":2,"registered":"2023-07-09","catastro":"6240917QA4564A0028KI","holder":null,"holder_count":null}},{"type":"Feature","geometry":{"type":"Point","coordinates":[-6.222596,36.601248]},"properties":{"id":"VUT/CA/18318","type":"VUT","group":"Completa","address":"CALLE Albareda Nº 25 Portal B","postal_code":"11500","places":10,"units":3,"registered":"2023-07-10","catastro":"8644106QA4584D0001XX","holder":null,"holder_count":null}},{"type":"Feature","geometry":{"type":"Point","coordinates":[-6.25961,36.579064]},"properties":{"id":"VUT/CA/18339","type":"VUT","group":"Completa","address":"PASAJE Arcos Nº 74 Esc. 2 Plta/Piso 1 Pta/Letra 1 Compl.Dom. Pueblo Sherry, en Puerto Sherry esquina Plaza Harvey and Sons, piso 1, puerta 1","postal_code":"11500","places":4,"units":2,"registered":"2023-07-12","catastro":"5217411QA4551G0018GM","holder":"LuciaIrene, S.L.","holder_count":1}},{"type":"Feature","geometry":{"type":"Point","coordinates":[-6.257155,36.596866]},"properties":{"id":"VUT/CA/18370","type":"VUT","group":"Completa","address":"CALLE VELAZQUEZ Nº 6 Compl.Dom. PAR-80","postal_code":"11500","places":10,"units":5,"registered":"2023-07-14","catastro":"5438709QA4553G0001SB","holder":null,"holder_count":null}},{"type":"Feature","geometry":{"type":"Point","coordinates":[-6.224464,36.577606]},"properties":{"id":"VUT/CA/18387","type":"VUT","group":"Completa","address":"AVENIDA DE LA PAZ Nº 69 Plta/Piso 7 Pta/Letra A, piso 7, puerta A","postal_code":"11500","places":4,"units":2,"registered":"2023-07-17","catastro":"8418701QA4518G0124ZJ","holder":null,"holder_count":null}},{"type":"Feature","geometry":{"type":"Point","coordinates":[-6.228452,36.598426]},"properties":{"id":"VUT/CA/18392","type":"VUT","group":"Completa","address":"CALLE SANTO DOMINGO Nº 30 Plta/Piso 1 Pta/Letra B, piso 1, puerta B","postal_code":"11500","places":4,"units":2,"registered":"2023-07-17","catastro":"8041901QA4584A0002BL","holder":null,"holder_count":null}},{"type":"Feature","geometry":{"type":"Point","coordinates":[-6.228605,36.600339]},"properties":{"id":"VUT/CA/18426","type":"VUT","group":"Completa","address":"CALLE MELEROS Nº 21 Compl.Dom. EL PUERTO DE STA MARIA","postal_code":"11500","places":15,"units":6,"registered":"2023-07-20","catastro":"8043602QA4584C0001ED","holder":"FASHION J6S BUHIGAS SL","holder_count":1}},{"type":"Feature","geometry":{"type":"Point","coordinates":[-6.223852,36.580037]},"properties":{"id":"VUT/CA/18439","type":"VUT","group":"Completa","address":"AVENIDA Catalina Santos La Guachi Nº 37 Portal 2 Plta/Piso 4 Pta/Letra d, piso 4, puerta d","postal_code":"11500","places":6,"units":3,"registered":"2023-07-21","catastro":"8320501QA4582A0064KY","holder":null,"holder_count":null}},{"type":"Feature","geometry":{"type":"Point","coordinates":[-6.286006,36.6114]},"properties":{"id":"VUT/CA/18443","type":"VUT","group":"Completa","address":"CALLE CIRUELA Nº 15 Plta/Piso 0 Pta/Letra B Compl.Dom. FUENTEBRAVIA, piso 0, puerta B","postal_code":"11500","places":3,"units":1,"registered":"2023-07-22","catastro":"2854801QA4525D0019UU","holder":null,"holder_count":null}},{"type":"Feature","geometry":{"type":"Point","coordinates":[-6.227456,36.600441]},"properties":{"id":"VUT/CA/18445","type":"VUT","group":"Completa","address":"CALLE DOCTOR MUÑOZ SECA Nº 9 Plta/Piso 2 Pta/Letra C, piso 2, puerta C","postal_code":"11500","places":4,"units":2,"registered":"2023-07-23","catastro":"8143805QA4584C0010DL","holder":null,"holder_count":null}},{"type":"Feature","geometry":{"type":"Point","coordinates":[-6.229852,36.603013]},"properties":{"id":"VUT/CA/18454","type":"VUT","group":"Completa","address":"CALLE Yerba Nº 33 Plta/Piso 1 Pta/Letra C, piso 1, puerta C","postal_code":"11500","places":4,"units":1,"registered":"2023-07-24","catastro":"7945307QA4574F0008FB","holder":null,"holder_count":null}},{"type":"Feature","geometry":{"type":"Point","coordinates":[-6.22351,36.574783]},"properties":{"id":"VUT/CA/18459","type":"VUT","group":"Completa","address":"PASEO Paseo marítimo Nº 25 Plta/Piso 9 Pta/Letra a, piso 9, puerta a","postal_code":"11500","places":5,"units":2,"registered":"2023-07-24","catastro":"8515902QA4581F0173EB","holder":null,"holder_count":null}},{"type":"Feature","geometry":{"type":"Point","coordinates":[-6.284374,36.608244]},"properties":{"id":"VUT/CA/18491","type":"VUT","group":"Completa","address":"CALLE BALANDRO Nº 27 Esc. 1 Pta/Letra 4 Compl.Dom. URB EL MANANTIAL, EDIFICIO LAS GAVIOTAS, puerta 4","postal_code":"11500","places":4,"units":2,"registered":"2023-07-27","catastro":"3150907QA4535A0002IH","holder":null,"holder_count":null}},{"type":"Feature","geometry":{"type":"Point","coordinates":[-6.272737,36.604402]},"properties":{"id":"VUT/CA/18509","type":"VUT","group":"Completa","address":"CALLE EL ANCLA Nº 11 Portal 21 Esc. 1 Plta/Piso 3 Pta/Letra A, piso 3, puerta A","postal_code":"11500","places":6,"units":2,"registered":"2023-07-30","catastro":"4145901QA4544E0282LO","holder":null,"holder_count":null}},{"type":"Feature","geometry":{"type":"Point","coordinates":[-6.227456,36.600441]},"properties":{"id":"VUT/CA/18520","type":"VUT","group":"Completa","address":"CALLE Doctor Muñoz Seca Nº 9 Plta/Piso Bajo Pta/Letra A, piso Bajo, puerta A","postal_code":"11500","places":3,"units":1,"registered":"2023-07-31","catastro":"8143805QA4584C0005AJ","holder":null,"holder_count":null}},{"type":"Feature","geometry":{"type":"Point","coordinates":[-6.269576,36.588772]},"properties":{"id":"VUT/CA/18524","type":"VUT","group":"Completa","address":"CALLE ALTAIR Nº 10 Compl.Dom. URBANIZACION VISTAHERMOSA","postal_code":"11500","places":8,"units":5,"registered":"2023-08-01","catastro":"4429202QA4542G0001QX","holder":null,"holder_count":null}},{"type":"Feature","geometry":{"type":"Point","coordinates":[-6.22367,36.571645]},"properties":{"id":"VUT/CA/18546","type":"VUT","group":"Completa","address":"PASEO paseo maritimo Nº 33 Plta/Piso 3 Pta/Letra b Compl.Dom. URBANIZACION BLEGAMAR . EDIFICIO GALEON, piso 3, puerta b","postal_code":"11500","places":5,"units":2,"registered":"2023-08-02","catastro":"8611704QA4581B0006TR","holder":null,"holder_count":null}},{"type":"Feature","geometry":{"type":"Point","coordinates":[-6.284305,36.609906]},"properties":{"id":"VUT/CA/18548","type":"VUT","group":"Completa","address":"CALLE GOLETA Nº 26 Compl.Dom. URBANIZACION EL MANANTIAL","postal_code":"11500","places":6,"units":3,"registered":"2023-08-02","catastro":"3153824QA4535C0001WP","holder":null,"holder_count":null}},{"type":"Feature","geometry":{"type":"Point","coordinates":[-6.240423,36.594438]},"properties":{"id":"VUT/CA/18550","type":"VUT","group":"Completa","address":"PLAZA PINTOR  JUAN LARA Nº 3 Blq. 2 Plta/Piso 4 Pta/Letra A, piso 4, puerta A","postal_code":"11500","places":4,"units":3,"registered":"2023-08-02","catastro":"6936701QA4563F0013RQ","holder":null,"holder_count":null}},{"type":"Feature","geometry":{"type":"Point","coordinates":[-6.227644,36.599603]},"properties":{"id":"VUT/CA/18565","type":"VUT","group":"Completa","address":"CALLE Luna Nº 57 Plta/Piso 3 Pta/Letra 7, piso 3, puerta 7","postal_code":"11500","places":6,"units":3,"registered":"2023-08-04","catastro":"8042618QA4584A0009IE","holder":null,"holder_count":null}},{"type":"Feature","geometry":{"type":"Point","coordinates":[-6.222775,36.601166]},"properties":{"id":"VUT/CA/18581","type":"VUT","group":"Completa","address":"CALLE CHANCA Nº 6 Pta/Letra B, puerta B","postal_code":"11500","places":6,"units":2,"registered":"2023-08-07","catastro":"8644103QA4584D0002LM","holder":null,"holder_count":null}},{"type":"Feature","geometry":{"type":"Point","coordinates":[-6.213418,36.617718]},"properties":{"id":"VUT/CA/18609","type":"VUT","group":"Completa","address":"CALLE MILAGROS MUÑOZ GIL Nº 2 Blq. 1 Plta/Piso 3 Pta/Letra G Compl.Dom. COMPLEJO INMOBILIARIO VIA AUGUSTA, piso 3, puerta G","postal_code":"11500","places":4,"units":2,"registered":"2023-08-09","catastro":"9161904QA4596A1001RI","holder":null,"holder_count":null}},{"type":"Feature","geometry":{"type":"Point","coordinates":[-6.230536,36.59304]},"properties":{"id":"VUT/CA/18621","type":"VUT","group":"Completa","address":"CALLE SAN ESTANISLAO Nº 2 Plta/Piso 1 Pta/Letra D, piso 1, puerta D","postal_code":"11500","places":6,"units":3,"registered":"2023-08-11","catastro":"7835801QA4573F0026AG","holder":null,"holder_count":null}},{"type":"Feature","geometry":{"type":"Point","coordinates":[-6.235055,36.6107]},"properties":{"id":"VUT/CA/18634","type":"VUT","group":"Por habitaciones","address":"CAMINO Camino de la cereria Nº 3","postal_code":"11500","places":6,"units":3,"registered":"2023-08-14","catastro":"7556221QA4575F0001OU","holder":null,"holder_count":null}},{"type":"Feature","geometry":{"type":"Point","coordinates":[-6.228693,36.59903]},"properties":{"id":"VUT/CA/18643","type":"VUT","group":"Por habitaciones","address":"CALLE Pagador Nº 3","postal_code":"11500","places":6,"units":3,"registered":"2023-08-16","catastro":"8041910QA4584A0001RK","holder":null,"holder_count":null}},{"type":"Feature","geometry":{"type":"Point","coordinates":[-6.232523,36.611771]},"properties":{"id":"VUT/CA/18648","type":"VUT","group":"Por habitaciones","address":"PLAZA VENEZUELA Nº 4 Plta/Piso 1 Pta/Letra A, piso 1, puerta A","postal_code":"11500","places":6,"units":3,"registered":"2023-08-17","catastro":"7655403QA4575F0001AU","holder":null,"holder_count":null}},{"type":"Feature","geometry":{"type":"Point","coordinates":[-6.224732,36.598225]},"properties":{"id":"VUT/CA/18659","type":"VUT","group":"Por habitaciones","address":"CALLE JESÚS DE LOS MILAGROS Nº 10","postal_code":"11500","places":6,"units":3,"registered":"2023-08-18","catastro":"8341716QA4584A0001EK","holder":null,"holder_count":null}},{"type":"Feature","geometry":{"type":"Point","coordinates":[-6.286736,36.613514]},"properties":{"id":"VUT/CA/18662","type":"VUT","group":"Completa","address":"CALLE DE LA NARANJA Nº 49","postal_code":"11500","places":8,"units":4,"registered":"2023-08-19","catastro":"2756802QA4525F0004XD","holder":null,"holder_count":null}},{"type":"Feature","geometry":{"type":"Point","coordinates":[-6.272568,36.611998]},"properties":{"id":"VUT/CA/18663","type":"VUT","group":"Completa","address":"CALLE GALVECITO Nº 44","postal_code":"11500","places":8,"units":4,"registered":"2023-08-19","catastro":"3853703QA4535D0001FL","holder":null,"holder_count":null}},{"type":"Feature","geometry":{"type":"Point","coordinates":[-6.223085,36.569231]},"properties":{"id":"VUT/CA/18693","type":"VUT","group":"Completa","address":"CALLE Paseo Maritimo Nº 37 Esc. c Plta/Piso 4 Pta/Letra A, piso 4, puerta A","postal_code":"11500","places":6,"units":2,"registered":"2023-08-24","catastro":"8709201QA4580H0499PR","holder":null,"holder_count":null}},{"type":"Feature","geometry":{"type":"Point","coordinates":[-6.273925,36.598398]},"properties":{"id":"VUT/CA/18703","type":"VUT","group":"Completa","address":"CALLE MAR ADRIATICO Nº 118 Blq. 29","postal_code":"11500","places":6,"units":3,"registered":"2023-08-26","catastro":"4040202QA4544A0025UB","holder":null,"holder_count":null}},{"type":"Feature","geometry":{"type":"Point","coordinates":[-6.273925,36.598398]},"properties":{"id":"VUT/CA/18704","type":"VUT","group":"Completa","address":"CALLE MAR ADRIATICO Nº 118 Blq. 2","postal_code":"11500","places":6,"units":3,"registered":"2023-08-26","catastro":"4040202QA4544A0015MD","holder":null,"holder_count":null}},{"type":"Feature","geometry":{"type":"Point","coordinates":[-6.221851,36.577985]},"properties":{"id":"VUT/CA/18719","type":"VUT","group":"Completa","address":"CALLE Taraje Nº 31 Plta/Piso 5 Pta/Letra C Compl.Dom. Jardines de la Salinera, piso 5, puerta C","postal_code":"11500","places":4,"units":1,"registered":"2023-08-28","catastro":"8717101QA4581H0159JU","holder":null,"holder_count":null}},{"type":"Feature","geometry":{"type":"Point","coordinates":[-6.232945,36.613126]},"properties":{"id":"VUT/CA/18731","type":"VUT","group":"Completa","address":"CALLE BUENOS AIRES Nº 42","postal_code":"11500","places":8,"units":3,"registered":"2023-08-30","catastro":"7556279QA4575F0032RY","holder":null,"holder_count":null}},{"type":"Feature","geometry":{"type":"Point","coordinates":[-6.222932,36.573062]},"properties":{"id":"VUT/CA/18732","type":"VUT","group":"Completa","address":"PASEO Marítimo Valdelagrana Nº 31 Blq. 10 Plta/Piso 10 Pta/Letra A, piso 10, puerta A","postal_code":"11500","places":5,"units":2,"registered":"2023-08-30","catastro":"8613101QA4581D0037OZ","holder":"Franvisa Soluciones Avanzadas SL","holder_count":1}},{"type":"Feature","geometry":{"type":"Point","coordinates":[-6.227456,36.600441]},"properties":{"id":"VUT/CA/18740","type":"VUT","group":"Completa","address":"CALLE DOCTOR MUÑOZ SECA Nº 9 Esc. 1 Plta/Piso 1 Pta/Letra C, piso 1, puerta C","postal_code":"11500","places":4,"units":2,"registered":"2023-08-31","catastro":"8143805QA4584C0007DL","holder":null,"holder_count":null}},{"type":"Feature","geometry":{"type":"Point","coordinates":[-6.274967,36.603761]},"properties":{"id":"VUT/CA/18743","type":"VUT","group":"Completa","address":"CALLE TRAVES Nº 13","postal_code":"11500","places":8,"units":4,"registered":"2023-09-01","catastro":"3846202QA4534F0053WA","holder":null,"holder_count":null}},{"type":"Feature","geometry":{"type":"Point","coordinates":[-6.231028,36.598885]},"properties":{"id":"VUT/CA/18768","type":"VUT","group":"Completa","address":"CALLE FEDERICO RUBIO Nº 82 Pta/Letra 10, puerta 10","postal_code":"11500","places":6,"units":2,"registered":"2023-09-05","catastro":"7841507QA4574B0011PU","holder":null,"holder_count":null}},{"type":"Feature","geometry":{"type":"Point","coordinates":[-6.249344,36.599503]},"properties":{"id":"VUT/CA/18776","type":"VUT","group":"Completa","address":"CALLE GIRASOL Nº 2 Blq. 1 Plta/Piso 2 Pta/Letra B, piso 2, puerta B","postal_code":"11500","places":6,"units":3,"registered":"2023-09-07","catastro":"6141501QA4564A0077QL","holder":null,"holder_count":null}},{"type":"Feature","geometry":{"type":"Point","coordinates":[-6.273925,36.598398]},"properties":{"id":"VUT/CA/18799","type":"VUT","group":"Completa","address":"CALLE MAR ADRIATICO Nº 118 Esc. 1 Plta/Piso 0 Pta/Letra 28 Compl.Dom. CASA NUMERO 26, piso 0, puerta 28","postal_code":"11500","places":10,"units":5,"registered":"2023-09-12","catastro":"4040202QA4544A0028PM","holder":"CEREBEDA MGG SL","holder_count":1}},{"type":"Feature","geometry":{"type":"Point","coordinates":[-6.223852,36.580037]},"properties":{"id":"VUT/CA/18805","type":"VUT","group":"Completa","address":"CALLE PUERTO MAR Nº 10 Portal 10 Plta/Piso 2 Pta/Letra E, piso 2, puerta E","postal_code":"11500","places":6,"units":2,"registered":"2023-09-12","catastro":"8320501QA4582A0224LU","holder":null,"holder_count":null}},{"type":"Feature","geometry":{"type":"Point","coordinates":[-6.227132,36.600093]},"properties":{"id":"VUT/CA/18809","type":"VUT","group":"Completa","address":"CALLE SANTA MARIA Nº 4 Plta/Piso 2 Pta/Letra D, piso 2, puerta D","postal_code":"11500","places":6,"units":2,"registered":"2023-09-13","catastro":"8143814QA4584C0012MZ","holder":null,"holder_count":null}},{"type":"Feature","geometry":{"type":"Point","coordinates":[-6.228867,36.600404]},"properties":{"id":"VUT/CA/18820","type":"VUT","group":"Completa","address":"CALLE SAN JUAN Nº 7 Plta/Piso 2 Pta/Letra B, piso 2, puerta B","postal_code":"11500","places":3,"units":1,"registered":"2023-09-15","catastro":"7943913QA4574D0012PE","holder":null,"holder_count":null}},{"type":"Feature","geometry":{"type":"Point","coordinates":[-6.261946,36.602394]},"properties":{"id":"VUT/CA/18823","type":"VUT","group":"Completa","address":"CALLE Cárabo Nº 10 Plta/Piso 1 Pta/Letra G, piso 1, puerta G","postal_code":"11500","places":7,"units":3,"registered":"2023-09-16","catastro":"5144102QA4554C0012KO","holder":null,"holder_count":null}},{"type":"Feature","geometry":{"type":"Point","coordinates":[-6.286087,36.614088]},"properties":{"id":"VUT/CA/18836","type":"VUT","group":"Completa","address":"AVENIDA DEL PARADOR Nº 01 Pta/Letra 9, puerta 9","postal_code":"11500","places":9,"units":3,"registered":"2023-09-19","catastro":"2756224QA4525F0032MO","holder":null,"holder_count":null}},{"type":"Feature","geometry":{"type":"Point","coordinates":[-6.243527,36.596982]},"properties":{"id":"VUT/CA/18885","type":"VUT","group":"Completa","address":"CALLE MARINA DE GUERRA Nº 6 Blq. 1 Plta/Piso BAJO, piso BAJO","postal_code":"11500","places":2,"units":1,"registered":"2023-10-02","catastro":"6739802QA4563H0004LD","holder":null,"holder_count":null}},{"type":"Feature","geometry":{"type":"Point","coordinates":[-6.225725,36.596451]},"properties":{"id":"VUT/CA/18886","type":"VUT","group":"Completa","address":"PLAZA CRISTOBAL COLON Nº 1 Plta/Piso 3 Pta/Letra 17, piso 3, puerta 17","postal_code":"11500","places":8,"units":3,"registered":"2023-10-02","catastro":"8239704QA4583G0017JX","holder":null,"holder_count":null}},{"type":"Feature","geometry":{"type":"Point","coordinates":[-6.228292,36.602494]},"properties":{"id":"VUT/CA/18901","type":"VUT","group":"Completa","address":"CALLE CRUCES Nº 29 Esc. 1 Plta/Piso 1 Pta/Letra I, piso 1, puerta I","postal_code":"11500","places":3,"units":1,"registered":"2023-10-04","catastro":"8045603QA4584E0018DX","holder":null,"holder_count":null}},{"type":"Feature","geometry":{"type":"Point","coordinates":[-6.222949,36.605862]},"properties":{"id":"VUT/CA/18905","type":"VUT","group":"Completa","address":"CALLE RACIMO Nº 2 Portal 1 Plta/Piso 4 Pta/Letra B, piso 4, puerta B","postal_code":"11500","places":5,"units":2,"registered":"2023-10-04","catastro":"8449701QA4584G0045TS","holder":null,"holder_count":null}},{"type":"Feature","geometry":{"type":"Point","coordinates":[-6.274873,36.598846]},"properties":{"id":"VUT/CA/18907","type":"VUT","group":"Completa","address":"CALLE MAR ADRIATICO Nº 59 Plta/Piso 2 Pta/Letra 29, piso 2, puerta 29","postal_code":"11500","places":6,"units":2,"registered":"2023-10-04","catastro":"4039101QA4543G0029IG","holder":null,"holder_count":null}},{"type":"Feature","geometry":{"type":"Point","coordinates":[-6.284374,36.608244]},"properties":{"id":"VUT/CA/18927","type":"VUT","group":"Completa","address":"CALLE BALANDRO Nº 24 Pta/Letra 18 Compl.Dom. CALLES BALANDRO Y GOLETA, puerta 18","postal_code":"11500","places":5,"units":2,"registered":"2023-10-10","catastro":"3150907QA4535A0018ZY","holder":null,"holder_count":null}},{"type":"Feature","geometry":{"type":"Point","coordinates":[-6.253082,36.600747]},"properties":{"id":"VUT/CA/18933","type":"VUT","group":"Completa","address":"CALLE AMPARO OSBORNE VAZQUEZ Nº 2 Pta/Letra 1 Compl.Dom. CASA 1, puerta 1","postal_code":"11500","places":6,"units":3,"registered":"2023-10-11","catastro":"5743913QA4554D0001GP","holder":null,"holder_count":null}},{"type":"Feature","geometry":{"type":"Point","coordinates":[-6.272737,36.604402]},"properties":{"id":"VUT/CA/18937","type":"VUT","group":"Completa","address":"CALLE ANCORA Nº 18 Blq. 19 Plta/Piso 1º Pta/Letra C, piso 1º, puerta C","postal_code":"11500","places":4,"units":2,"registered":"2023-10-13","catastro":"4145901QA4544E0238DE","holder":null,"holder_count":null}},{"type":"Feature","geometry":{"type":"Point","coordinates":[-6.25219,36.59969]},"properties":{"id":"VUT/CA/18947","type":"VUT","group":"Completa","address":"AVENIDA JUAN MELGAREJO Nº 6 Esc. 1 Plta/Piso 2 Pta/Letra 8, piso 2, puerta 8","postal_code":"11500","places":4,"units":1,"registered":"2023-10-17","catastro":"6240915qa4564a0130wp","holder":null,"holder_count":null}},{"type":"Feature","geometry":{"type":"Point","coordinates":[-6.223758,36.599201]},"properties":{"id":"VUT/CA/18962","type":"VUT","group":"Completa","address":"CALLE RIBERA DEL RIO Nº 58 Plta/Piso 1 Pta/Letra B, piso 1, puerta B","postal_code":"11500","places":2,"units":1,"registered":"2023-10-20","catastro":"8442924QA4584A0004PZ","holder":null,"holder_count":null}},{"type":"Feature","geometry":{"type":"Point","coordinates":[-6.224464,36.577606]},"properties":{"id":"VUT/CA/18973","type":"VUT","group":"Completa","address":"AVENIDA DE LA PAZ Nº 67 Blq. 1 Plta/Piso 1 Pta/Letra D Compl.Dom. VALDEMAR, piso 1, puerta D","postal_code":"11500","places":8,"units":3,"registered":"2023-10-23","catastro":"8418701QA4518G0070EX","holder":null,"holder_count":null}},{"type":"Feature","geometry":{"type":"Point","coordinates":[-6.224464,36.577606]},"properties":{"id":"VUT/CA/18977","type":"VUT","group":"Completa","address":"AVENIDA DE LA PAZ Nº 67 Blq. 1 Esc. 1 Plta/Piso 1 Pta/Letra C Compl.Dom. URBANIZACION VALDEMAR - VALDELAGRANA, piso 1, puerta C","postal_code":"11500","places":6,"units":2,"registered":"2023-10-24","catastro":"8418701QA4518G0069TQ","holder":"PIZZA BARCA BURGUER, S.L.","holder_count":1}},{"type":"Feature","geometry":{"type":"Point","coordinates":[-6.223547,36.60134]},"properties":{"id":"VUT/CA/18991","type":"VUT","group":"Completa","address":"CALLE Virgen de los Milagros Nº 43 Plta/Piso 2, piso 2","postal_code":"11500","places":5,"units":3,"registered":"2023-10-25","catastro":"8544107QA4584D0002JM","holder":null,"holder_count":null}},{"type":"Feature","geometry":{"type":"Point","coordinates":[-6.227546,36.600298]},"properties":{"id":"VUT/CA/18993","type":"VUT","group":"Completa","address":"CALLE DOCTOR MUÑOZ SECA Nº 11 Plta/Piso 1, piso 1","postal_code":"11500","places":15,"units":6,"registered":"2023-10-26","catastro":"8143804QA4584C0004QH","holder":null,"holder_count":null}},{"type":"Feature","geometry":{"type":"Point","coordinates":[-6.222949,36.605862]},"properties":{"id":"VUT/CA/18997","type":"VUT","group":"Completa","address":"CALLE RACIMO Nº 2 Blq. 6 Plta/Piso 3 Pta/Letra A, piso 3, puerta A","postal_code":"11500","places":6,"units":2,"registered":"2023-10-26","catastro":"8449701QA4584G0100ZT","holder":"GUADALETE GESTION TURISTICA, S.L.","holder_count":18}},{"type":"Feature","geometry":{"type":"Point","coordinates":[-6.242203,36.595753]},"properties":{"id":"VUT/CA/18999","type":"VUT","group":"Completa","address":"AVENIDA DE LA LIBERTAD Nº 15 Esc. 3 Plta/Piso 2 Pta/Letra A, piso 2, puerta A","postal_code":"11500","places":6,"units":3,"registered":"2023-10-26","catastro":"6837901QA4563F0119AP","holder":null,"holder_count":null}},{"type":"Feature","geometry":{"type":"Point","coordinates":[-6.221548,36.604585]},"properties":{"id":"VUT/CA/19023","type":"VUT","group":"Completa","address":"CALLE CIELOS Nº 6 Plta/Piso 2 Pta/Letra C, piso 2, puerta C","postal_code":"11500","places":4,"units":2,"registered":"2023-10-30","catastro":"8647307QA4584H0041DJ","holder":null,"holder_count":null}},{"type":"Feature","geometry":{"type":"Point","coordinates":[-6.271697,36.598264]},"properties":{"id":"VUT/CA/19032","type":"VUT","group":"Completa","address":"CALLE Mar Timor Nº 42 Compl.Dom. Urbanización Las Redes","postal_code":"11500","places":10,"units":5,"registered":"2023-11-01","catastro":"4139402QA4543G0001XH","holder":null,"holder_count":null}},{"type":"Feature","geometry":{"type":"Point","coordinates":[-6.221851,36.577985]},"properties":{"id":"VUT/CA/19037","type":"VUT","group":"Completa","address":"CALLE TARAJE Nº 31 Plta/Piso BAJO Pta/Letra E, piso BAJO, puerta E","postal_code":"11500","places":6,"units":3,"registered":"2023-11-02","catastro":"8717101QA4581H0133BP","holder":null,"holder_count":null}},{"type":"Feature","geometry":{"type":"Point","coordinates":[-6.25219,36.59969]},"properties":{"id":"VUT/CA/19038","type":"VUT","group":"Completa","address":"AVENIDA JUAN MELGAREJO Nº 6 Pta/Letra 523, puerta 523","postal_code":"11500","places":6,"units":2,"registered":"2023-11-02","catastro":"6240915QA4564A0310JW","holder":null,"holder_count":null}},{"type":"Feature","geometry":{"type":"Point","coordinates":[-6.223766,36.575625]},"properties":{"id":"VUT/CA/19050","type":"VUT","group":"Completa","address":"AVENIDA PASEO MARITIMO 15 Nº 15 Blq. 1 Portal 1 Esc. 1 Plta/Piso 1 Pta/Letra C Compl.Dom. BAHIA BLANCA, piso 1, puerta C","postal_code":"11500","places":4,"units":1,"registered":"2023-11-06","catastro":"8515907QA4581F0003LF","holder":null,"holder_count":null}},{"type":"Feature","geometry":{"type":"Point","coordinates":[-6.222738,36.579812]},"properties":{"id":"VUT/CA/19072","type":"VUT","group":"Completa","address":"CALLE SEGUNDA PARALELA Nº 16 Compl.Dom. AV. DE LA PAZ","postal_code":"11500","places":10,"units":4,"registered":"2023-11-09","catastro":"8620124QA4582B0001JH","holder":null,"holder_count":null}},{"type":"Feature","geometry":{"type":"Point","coordinates":[-6.223816,36.605274]},"properties":{"id":"VUT/CA/19082","type":"VUT","group":"Completa","address":"CALLE ESPIRITU SANTO Nº 36 Esc. 1 Plta/Piso 3 Pta/Letra A, piso 3, puerta A","postal_code":"11500","places":4,"units":1,"registered":"2023-11-10","catastro":"8449703QA4584G0151YK","holder":null,"holder_count":null}},{"type":"Feature","geometry":{"type":"Point","coordinates":[-6.223816,36.605274]},"properties":{"id":"VUT/CA/19083","type":"VUT","group":"Completa","address":"CALLE ESPIRITU SANTO Nº 36 Esc. 1 Plta/Piso 3 Pta/Letra G, piso 3, puerta G","postal_code":"11500","places":4,"units":1,"registered":"2023-11-10","catastro":"8449703QA4584G0157SQ","holder":null,"holder_count":null}},{"type":"Feature","geometry":{"type":"Point","coordinates":[-6.223816,36.605274]},"properties":{"id":"VUT/CA/19084","type":"VUT","group":"Completa","address":"CALLE ESPIRITU SANTO Nº 36 Esc. 1 Plta/Piso 3 Pta/Letra F, piso 3, puerta F","postal_code":"11500","places":4,"units":1,"registered":"2023-11-10","catastro":"8449703QA4584G0156AM","holder":null,"holder_count":null}},{"type":"Feature","geometry":{"type":"Point","coordinates":[-6.223852,36.580037]},"properties":{"id":"VUT/CA/19102","type":"VUT","group":"Completa","address":"AVENIDA CATALINA SANTOS \"LA GUACHI\" Nº 33 Blq. 12 Plta/Piso 2 Pta/Letra D Compl.Dom. URBANIZACION PUERTOMAR, piso 2, puerta D","postal_code":"11500","places":8,"units":3,"registered":"2023-11-14","catastro":"8320501QA4582A0382HR","holder":null,"holder_count":null}},{"type":"Feature","geometry":{"type":"Point","coordinates":[-6.248143,36.596892]},"properties":{"id":"VUT/CA/19112","type":"VUT","group":"Completa","address":"CALLE Lavanda Nº 24 Plta/Piso 2 Pta/Letra d, piso 2, puerta d","postal_code":"11500","places":5,"units":2,"registered":"2023-11-15","catastro":"6238501QA4563G0008FI","holder":null,"holder_count":null}},{"type":"Feature","geometry":{"type":"Point","coordinates":[-6.25219,36.59969]},"properties":{"id":"VUT/CA/19119","type":"VUT","group":"Completa","address":"AVENIDA JUAN MELGAREJO Nº 6 Plta/Piso 5 Pta/Letra 512, piso 5, puerta 512","postal_code":"11500","places":4,"units":1,"registered":"2023-11-16","catastro":"6240915QA4564A0299PK","holder":null,"holder_count":null}},{"type":"Feature","geometry":{"type":"Point","coordinates":[-6.264842,36.580998]},"properties":{"id":"VUT/CA/19142","type":"VUT","group":"Por habitaciones","address":"PASEO Santa Catalina Nº 4","postal_code":"11500","places":4,"units":2,"registered":"2023-11-21","catastro":"4722639QA4542B0001EM","holder":null,"holder_count":null}},{"type":"Feature","geometry":{"type":"Point","coordinates":[-6.229977,36.591248]},"properties":{"id":"VUT/CA/19152","type":"VUT","group":"Completa","address":"CALLE Doctor Daniel Ortega Nº 5 Plta/Piso 1º Pta/Letra D Compl.Dom. C/ DANIEL ORTEGA, piso 1º, puerta D","postal_code":"11500","places":6,"units":3,"registered":"2023-11-22","catastro":"7933802QA4573D0001YQ","holder":null,"holder_count":null}},{"type":"Feature","geometry":{"type":"Point","coordinates":[-6.246274,36.594832]},"properties":{"id":"VUT/CA/19167","type":"VUT","group":"Completa","address":"CALLE ANTONIO ULLOA Nº 9","postal_code":"11500","places":8,"units":4,"registered":"2023-11-27","catastro":"6436425QA4563E0008ID","holder":null,"holder_count":null}},{"type":"Feature","geometry":{"type":"Point","coordinates":[-6.22351,36.574783]},"properties":{"id":"VUT/CA/19207","type":"VUT","group":"Completa","address":"PASEO maritimo Nº 25 Blq. 2 Portal 4 Plta/Piso 10 Pta/Letra b Compl.Dom. urbanizacion valparaiso, piso 10, puerta b","postal_code":"11500","places":4,"units":2,"registered":"2023-12-05","catastro":"8515902QA4581F0177UQ","holder":null,"holder_count":null}},{"type":"Feature","geometry":{"type":"Point","coordinates":[-6.234587,36.590716]},"properties":{"id":"VUT/CA/19211","type":"VUT","group":"Completa","address":"CALLE BATALLA DE LEPANTO Nº 4 Plta/Piso 2 Pta/Letra DRC, piso 2, puerta DRC","postal_code":"11500","places":4,"units":2,"registered":"2023-12-06","catastro":"7532902QA4573B0003HI","holder":null,"holder_count":null}},{"type":"Feature","geometry":{"type":"Point","coordinates":[-6.233872,36.594951]},"properties":{"id":"VUT/CA/19249","type":"VUT","group":"Completa","address":"CALLE GUACAMAYO Nº 1 Plta/Piso 5 Pta/Letra B, piso 5, puerta B","postal_code":"11500","places":4,"units":2,"registered":"2023-12-14","catastro":"7637801QA4573H0034LG","holder":null,"holder_count":null}},{"type":"Feature","geometry":{"type":"Point","coordinates":[-6.247585,36.606999]},"properties":{"id":"VUT/CA/19250","type":"VUT","group":"Completa","address":"CALLE BAHIA MARBELLA Nº 2","postal_code":"11500","places":4,"units":3,"registered":"2023-12-14","catastro":"6549919qa4564h0001dr","holder":null,"holder_count":null}},{"type":"Feature","geometry":{"type":"Point","coordinates":[-6.222949,36.605862]},"properties":{"id":"VUT/CA/19261","type":"VUT","group":"Completa","address":"CALLE Racimo Nº 2 Blq. 2 Plta/Piso 4 Pta/Letra B, piso 4, puerta B","postal_code":"11500","places":6,"units":3,"registered":"2023-12-16","catastro":"8449701QA4584G0055SL","holder":null,"holder_count":null}},{"type":"Feature","geometry":{"type":"Point","coordinates":[-6.237498,36.592029]},"properties":{"id":"VUT/CA/19266","type":"VUT","group":"Completa","address":"CALLE COMPOSITOR SANCHEZ DEL ARCO Nº 9 Plta/Piso BAJO Pta/Letra C, piso BAJO, puerta C","postal_code":"11500","places":4,"units":1,"registered":"2023-12-17","catastro":"7233401QA4573C0032DF","holder":null,"holder_count":null}},{"type":"Feature","geometry":{"type":"Point","coordinates":[-6.234587,36.590716]},"properties":{"id":"VUT/CA/19273","type":"VUT","group":"Completa","address":"CALLE Batalla de Lepanto Nº 4 Plta/Piso 1 Pta/Letra IZQ., piso 1, puerta IZQ.","postal_code":"11500","places":6,"units":3,"registered":"2023-12-18","catastro":"7532902QA4573B0002GU","holder":null,"holder_count":null}},{"type":"Feature","geometry":{"type":"Point","coordinates":[-6.223085,36.569231]},"properties":{"id":"VUT/CA/19279","type":"VUT","group":"Completa","address":"CALLE PASEO MARITIMO Nº 37 Esc. C Plta/Piso 2 Pta/Letra B2, piso 2, puerta B2","postal_code":"11500","places":6,"units":3,"registered":"2023-12-19","catastro":"8709201QA4580H0134MJ","holder":null,"holder_count":null}},{"type":"Feature","geometry":{"type":"Point","coordinates":[-6.285692,36.611234]},"properties":{"id":"VUT/CA/19288","type":"VUT","group":"Completa","address":"CALLE CIRUELA Nº 13 Plta/Piso 3 Pta/Letra 5, piso 3, puerta 5","postal_code":"11500","places":8,"units":3,"registered":"2023-12-20","catastro":"2853501QA4525D0042RZ","holder":null,"holder_count":null}},{"type":"Feature","geometry":{"type":"Point","coordinates":[-6.223556,36.600893]},"properties":{"id":"VUT/CA/19289","type":"VUT","group":"Completa","address":"CALLE LUJA Nº 12 Esc. 1 Plta/Piso 0 Pta/Letra 1 Compl.Dom. VIVIENDA 1-2, piso 0, puerta 1","postal_code":"11500","places":6,"units":2,"registered":"2023-12-20","catastro":"8544105QA4584D0005WE","holder":null,"holder_count":null}},{"type":"Feature","geometry":{"type":"Point","coordinates":[-6.286027,36.610481]},"properties":{"id":"VUT/CA/19291","type":"VUT","group":"Completa","address":"CALLE MORA DE LA Nº 5 Esc. 1 Plta/Piso 0 Pta/Letra 5, piso 0, puerta 5","postal_code":"11500","places":6,"units":3,"registered":"2023-12-20","catastro":"3153838QA4535C0035AS","holder":null,"holder_count":null}},{"type":"Feature","geometry":{"type":"Point","coordinates":[-6.238022,36.592102]},"properties":{"id":"VUT/CA/19294","type":"VUT","group":"Completa","address":"CALLE FEDERICO CHUECA Nº 5 Plta/Piso 4 Pta/Letra 2, piso 4, puerta 2","postal_code":"11500","places":5,"units":3,"registered":"2023-12-20","catastro":"7234102QA4573C0014EW","holder":"OLE SOLUTIONS HOLIDAY RENTALS S.L.","holder_count":12}},{"type":"Feature","geometry":{"type":"Point","coordinates":[-6.263462,36.582469]},"properties":{"id":"VUT/CA/19298","type":"VUT","group":"Completa","address":"CALLE Fuerteciudad Plta/Piso 42 Pta/Letra 4, piso 42, puerta 4","postal_code":"11500","places":9,"units":4,"registered":"2023-12-21","catastro":"4921105QA4542B0001DM","holder":"OSLO GESTION Y CONSULTORIAS DE EMPRESAS, SL","holder_count":1}},{"type":"Feature","geometry":{"type":"Point","coordinates":[-6.232225,36.59606]},"properties":{"id":"VUT/CA/19302","type":"VUT","group":"Completa","address":"CALLE DE LOS MOROS Nº 19 Plta/Piso 1 Pta/Letra K5, piso 1, puerta K5","postal_code":"11500","places":8,"units":4,"registered":"2023-12-22","catastro":"7738902QA4573H0002YG","holder":null,"holder_count":null}},{"type":"Feature","geometry":{"type":"Point","coordinates":[-6.272737,36.604402]},"properties":{"id":"VUT/CA/19331","type":"VUT","group":"Completa","address":"CALLE ÁNCORA Nº 21 Blq. 7 Plta/Piso 2 Pta/Letra D, piso 2, puerta D","postal_code":"11500","places":5,"units":2,"registered":"2023-12-30","catastro":"4145901QA4544E0061ZA","holder":null,"holder_count":null}},{"type":"Feature","geometry":{"type":"Point","coordinates":[-6.272737,36.604402]},"properties":{"id":"VUT/CA/19332","type":"VUT","group":"Completa","address":"CALLE ÁNCORA Nº 21 Blq. 6 Plta/Piso 2 Pta/Letra C, piso 2, puerta C","postal_code":"11500","places":5,"units":2,"registered":"2023-12-30","catastro":"4145901QA4544E0042IZ","holder":null,"holder_count":null}},{"type":"Feature","geometry":{"type":"Point","coordinates":[-6.223476,36.60492]},"properties":{"id":"VUT/CA/19356","type":"VUT","group":"Completa","address":"CALLE RACIMO Nº 5 Blq. 2 Plta/Piso 3 Pta/Letra A, piso 3, puerta A","postal_code":"11500","places":7,"units":3,"registered":"2024-01-07","catastro":"8548110QA4584H0033DS","holder":null,"holder_count":null}},{"type":"Feature","geometry":{"type":"Point","coordinates":[-6.223659,36.600638]},"properties":{"id":"VUT/CA/19359","type":"VUT","group":"Completa","address":"CALLE LUJA Nº 15 Esc. 2 Plta/Piso 1 Pta/Letra 6 Compl.Dom. APARTAMENTO PALACIO LUJA, piso 1, puerta 6","postal_code":"11500","places":4,"units":1,"registered":"2024-01-08","catastro":"8443622QA4584C0063EA","holder":"ALPEGUERRERO 2018 SL","holder_count":1}},{"type":"Feature","geometry":{"type":"Point","coordinates":[-6.223476,36.60492]},"properties":{"id":"VUT/CA/19368","type":"VUT","group":"Completa","address":"CALLE RACIMO Nº 5 Portal 2 Plta/Piso 1 Pta/Letra B, piso 1, puerta B","postal_code":"11500","places":4,"units":2,"registered":"2024-01-08","catastro":"8548110QA4584H0026OI","holder":null,"holder_count":null}},{"type":"Feature","geometry":{"type":"Point","coordinates":[-6.222949,36.605862]},"properties":{"id":"VUT/CA/19371","type":"VUT","group":"Completa","address":"CALLE RACIMO Nº 2 Esc. 4 Plta/Piso 2 Pta/Letra B, piso 2, puerta B","postal_code":"11500","places":6,"units":2,"registered":"2024-01-09","catastro":"8449701QA4584G0072MU","holder":null,"holder_count":null}},{"type":"Feature","geometry":{"type":"Point","coordinates":[-6.207085,36.628966]},"properties":{"id":"VUT/CA/19376","type":"VUT","group":"Completa","address":"CALLE Pajar Nº 34 Plta/Piso 3 Pta/Letra A, piso 3, puerta A","postal_code":"11500","places":6,"units":3,"registered":"2024-01-09","catastro":"9976919QA4597F0007QO","holder":null,"holder_count":null}},{"type":"Feature","geometry":{"type":"Point","coordinates":[-6.226658,36.595129]},"properties":{"id":"VUT/CA/19385","type":"VUT","group":"Completa","address":"AVENIDA MICAELA ARAMBURU DE MORA Nº 23 Esc. 3 Plta/Piso 2º Pta/Letra H, piso 2º, puerta H","postal_code":"11500","places":6,"units":2,"registered":"2024-01-10","catastro":"8237902QA4583E0036PJ","holder":"GINVA REAL ESTATE SL","holder_count":2}},{"type":"Feature","geometry":{"type":"Point","coordinates":[-6.225249,36.602404]},"properties":{"id":"VUT/CA/19388","type":"VUT","group":"Completa","address":"CALLE DE LA ROSA Nº 24 Plta/Piso 1 Pta/Letra 43, piso 1, puerta 43","postal_code":"11500","places":2,"units":1,"registered":"2024-01-10","catastro":"8245528QA4584E0111XK","holder":null,"holder_count":null}},{"type":"Feature","geometry":{"type":"Point","coordinates":[-6.272677,36.604617]},"properties":{"id":"VUT/CA/19422","type":"VUT","group":"Completa","address":"RESIDENCIAL ANCORA Nº 8 Blq. 1 Esc. 1 Plta/Piso E, piso E","postal_code":"11500","places":4,"units":2,"registered":"2024-01-15","catastro":"4146502QA4544E0263RL","holder":null,"holder_count":null}},{"type":"Feature","geometry":{"type":"Point","coordinates":[-6.273925,36.598398]},"properties":{"id":"VUT/CA/19433","type":"VUT","group":"Completa","address":"CALLE Mar Adriático Nº 118 Pta/Letra 27, puerta 27","postal_code":"11500","places":8,"units":4,"registered":"2024-01-16","catastro":"4040202QA4544A0027OX","holder":null,"holder_count":null}},{"type":"Feature","geometry":{"type":"Point","coordinates":[-6.222321,36.571837]},"properties":{"id":"VUT/CA/19445","type":"VUT","group":"Completa","address":"PASEO MARITIMO Nº 35 Plta/Piso 5 Pta/Letra D Compl.Dom. EDIFICIO MARINERO URBANIZACIO BLEGAMAR, piso 5, puerta D","postal_code":"11500","places":6,"units":2,"registered":"2024-01-17","catastro":"8611711QA4581B0010LT","holder":null,"holder_count":null}},{"type":"Feature","geometry":{"type":"Point","coordinates":[-6.230258,36.603763]},"properties":{"id":"VUT/CA/19453","type":"VUT","group":"Completa","address":"CALLE SANTA FE Nº 12 Plta/Piso 2 Pta/Letra D, piso 2, puerta D","postal_code":"11500","places":4,"units":1,"registered":"2024-01-18","catastro":"7846226QA4574F0108TM","holder":"QUILAN GALDIZ SOCIEDAD INVERSORA, S.L.","holder_count":2}},{"type":"Feature","geometry":{"type":"Point","coordinates":[-6.223085,36.569231]},"properties":{"id":"VUT/CA/19463","type":"VUT","group":"Completa","address":"AVENIDA SANTA MARIA DEL MAR Nº 37 Portal 7 Plta/Piso BAJO Pta/Letra IZQ Compl.Dom. URBANIZACIÓN COLOMINA BLOQUE 2D BAJO C2, piso BAJO, puerta IZQ","postal_code":"11500","places":8,"units":3,"registered":"2024-01-19","catastro":"8709201QA4580H0095JA","holder":null,"holder_count":null}},{"type":"Feature","geometry":{"type":"Point","coordinates":[-6.229865,36.598265]},"properties":{"id":"VUT/CA/19493","type":"VUT","group":"Completa","address":"CALLE PAGADOR Nº 24 Plta/Piso B Pta/Letra A, piso B, puerta A","postal_code":"11500","places":6,"units":2,"registered":"2024-01-23","catastro":"7941927QA4574B0002MQ","holder":"VARADERO CERVECERIAS, SL","holder_count":1}},{"type":"Feature","geometry":{"type":"Point","coordinates":[-6.223722,36.575582]},"properties":{"id":"VUT/CA/19503","type":"VUT","group":"Completa","address":"CALLE PASEO MARITIMO Nº 15 Blq. 2 Plta/Piso 6ª Pta/Letra E, piso 6ª, puerta E","postal_code":"11500","places":4,"units":1,"registered":"2024-01-23","catastro":"8515907QA4581F0125GP","holder":"APARTMENTS TIME S.L.","holder_count":1}},{"type":"Feature","geometry":{"type":"Point","coordinates":[-6.279831,36.610141]},"properties":{"id":"VUT/CA/19531","type":"VUT","group":"Completa","address":"CALLE DE LA FRAGATA Nº 1 Portal E Plta/Piso BAJO, piso BAJO","postal_code":"11500","places":6,"units":3,"registered":"2024-01-26","catastro":"3552127QA4535B0057TL","holder":null,"holder_count":null}},{"type":"Feature","geometry":{"type":"Point","coordinates":[-6.225755,36.598988]},"properties":{"id":"VUT/CA/19535","type":"VUT","group":"Completa","address":"CALLE virgen de los milagros Nº 98 Plta/Piso bajo Pta/Letra 1, piso bajo, puerta 1","postal_code":"11500","places":5,"units":2,"registered":"2024-01-27","catastro":"8242715qa4584a0008fw","holder":null,"holder_count":null}},{"type":"Feature","geometry":{"type":"Point","coordinates":[-6.253642,36.600478]},"properties":{"id":"VUT/CA/19536","type":"VUT","group":"Completa","address":"CALLE AMPARO OSBORNE VAZQUEZ Nº 4 Compl.Dom. CASA 20","postal_code":"11500","places":4,"units":2,"registered":"2024-01-27","catastro":"5743912QA4554D0020LM","holder":null,"holder_count":null}},{"type":"Feature","geometry":{"type":"Point","coordinates":[-6.284374,36.608244]},"properties":{"id":"VUT/CA/19547","type":"VUT","group":"Completa","address":"CALLE Balandro Nº 29 Pta/Letra 11, puerta 11","postal_code":"11500","places":4,"units":2,"registered":"2024-01-28","catastro":"3150907QA4535A0009GM","holder":null,"holder_count":null}},{"type":"Feature","geometry":{"type":"Point","coordinates":[-6.231117,36.596872]},"properties":{"id":"VUT/CA/19550","type":"VUT","group":"Completa","address":"CALLE PAGADOR Nº 37 Plta/Piso BAJO Pta/Letra B, piso BAJO, puerta B","postal_code":"11500","places":6,"units":2,"registered":"2024-01-28","catastro":"7839901QA4573H0003KH","holder":"EL BAOBAB HOSTEL SL","holder_count":2}},{"type":"Feature","geometry":{"type":"Point","coordinates":[-6.237017,36.612549]},"properties":{"id":"VUT/CA/19552","type":"VUT","group":"Completa","address":"CALLE EL Palomar Nº 7","postal_code":"11500","places":6,"units":3,"registered":"2024-01-29","catastro":"7256809QA4575E0001EZ","holder":null,"holder_count":null}},{"type":"Feature","geometry":{"type":"Point","coordinates":[-6.272486,36.599525]},"properties":{"id":"VUT/CA/19565","type":"VUT","group":"Completa","address":"CALLE Mar Menor Nº 4 Compl.Dom. Urbanizacion Las Redes","postal_code":"11500","places":8,"units":4,"registered":"2024-01-29","catastro":"4041901QA4544D0048WK","holder":null,"holder_count":null}},{"type":"Feature","geometry":{"type":"Point","coordinates":[-6.220973,36.570676]},"properties":{"id":"VUT/CA/19569","type":"VUT","group":"Completa","address":"CALLE AVOCETA Blq. 2 Plta/Piso 4 Pta/Letra D Compl.Dom. RESIDENCIAL LAS OLAS, piso 4, puerta D","postal_code":"11500","places":5,"units":2,"registered":"2024-01-29","catastro":"8810301QA4581B0057MJ","holder":null,"holder_count":null}},{"type":"Feature","geometry":{"type":"Point","coordinates":[-6.220609,36.572264]},"properties":{"id":"VUT/CA/19577","type":"VUT","group":"Completa","address":"AVENIDA DEL RIO SAN PEDRO Nº 18 Esc. 4 Plta/Piso BJ Pta/Letra E Compl.Dom. CONJUNTO RESIDENCIAL LAS SALINAS, piso BJ, puerta E","postal_code":"11500","places":5,"units":2,"registered":"2024-01-30","catastro":"8811301QA4581B0104HT","holder":null,"holder_count":null}},{"type":"Feature","geometry":{"type":"Point","coordinates":[-6.225831,36.598722]},"properties":{"id":"VUT/CA/19632","type":"VUT","group":"Completa","address":"CALLE VIRGEN DE LOS MILAGROS Nº 99 Plta/Piso 1º Pta/Letra B, piso 1º, puerta B","postal_code":"11500","places":15,"units":7,"registered":"2024-02-04","catastro":"8341904QA4584A0002ML","holder":null,"holder_count":null}},{"type":"Feature","geometry":{"type":"Point","coordinates":[-6.233589,36.60576]},"properties":{"id":"VUT/CA/19633","type":"VUT","group":"Completa","address":"CALLE CARMEN VALENZUELA Nº 2 Portal 4 Plta/Piso 2 Pta/Letra D Compl.Dom. URB LOS ALTOS DEL PUERTO, piso 2, puerta D","postal_code":"11500","places":6,"units":3,"registered":"2024-02-04","catastro":"7548501QA4574H0076HH","holder":null,"holder_count":null}},{"type":"Feature","geometry":{"type":"Point","coordinates":[-6.278928,36.606251]},"properties":{"id":"VUT/CA/19641","type":"VUT","group":"Completa","address":"CALLE CAMINO DE LA BERMEJA Nº 11 Plta/Piso 3 Pta/Letra a, piso 3, puerta a","postal_code":"11500","places":4,"units":2,"registered":"2024-02-05","catastro":"3447588QA4534G0007ES","holder":null,"holder_count":null}},{"type":"Feature","geometry":{"type":"Point","coordinates":[-6.221651,36.571656]},"properties":{"id":"VUT/CA/19656","type":"VUT","group":"Completa","address":"PASEO MARITIMO DE VALDELAGRANA Nº 33 Esc. 1 Plta/Piso 4 Pta/Letra B Compl.Dom. URBANIZACION BLEGAMAR, EDIFICIO NAVEGANTE, piso 4, puerta B","postal_code":"11500","places":3,"units":1,"registered":"2024-02-06","catastro":"8611715QA4581B0008PY","holder":"SALINAS DE LA TAPA S.L.","holder_count":1}},{"type":"Feature","geometry":{"type":"Point","coordinates":[-6.274967,36.603761]},"properties":{"id":"VUT/CA/19658","type":"VUT","group":"Completa","address":"CALLE HESPÉRIDES Nº 19","postal_code":"11500","places":8,"units":4,"registered":"2024-02-06","catastro":"3846202QA4534F0034SZ","holder":"KIKOROK SL","holder_count":2}},{"type":"Feature","geometry":{"type":"Point","coordinates":[-6.270663,36.602005]},"properties":{"id":"VUT/CA/19661","type":"VUT","group":"Completa","address":"CALLE Mar de Arabia Nº 11","postal_code":"11500","places":8,"units":4,"registered":"2024-02-06","catastro":"4244802QA4544D0020UL","holder":"KIKOROK SL","holder_count":2}},{"type":"Feature","geometry":{"type":"Point","coordinates":[-6.22635,36.597993]},"properties":{"id":"VUT/CA/19665","type":"VUT","group":"Completa","address":"CALLE PALACIOS Nº 26 Plta/Piso BAJO Pta/Letra IZQUIERDA, piso BAJO, puerta IZQUIERDA","postal_code":"11500","places":4,"units":1,"registered":"2024-02-06","catastro":"8240505QA4584A0003BB","holder":null,"holder_count":null}},{"type":"Feature","geometry":{"type":"Point","coordinates":[-6.226346,36.59796]},"properties":{"id":"VUT/CA/19694","type":"VUT","group":"Completa","address":"CALLE PALACIOS Nº 26 Plta/Piso BJ Pta/Letra DCHA, piso BJ, puerta DCHA","postal_code":"11500","places":4,"units":1,"registered":"2024-02-08","catastro":"8240505QA4584A0003BB","holder":"GUADALETE GESTION TURISTICA, S.L.","holder_count":18}},{"type":"Feature","geometry":{"type":"Point","coordinates":[-6.265176,36.610896]},"properties":{"id":"VUT/CA/19702","type":"VUT","group":"Completa","address":"LUGAR VALDEAZAHARES Nº 25 Calif.Nº [A]","postal_code":"11500","places":14,"units":5,"registered":"2024-02-09","catastro":"4855126QA4545F0001TK","holder":"OLE SOLUTIONS HOLIDAY RENTALS S.L.","holder_count":12}},{"type":"Feature","geometry":{"type":"Point","coordinates":[-6.223085,36.569231]},"properties":{"id":"VUT/CA/19732","type":"VUT","group":"Completa","address":"PASEO MARÍTIMO DE VALDELAGRANA Nº 37 Blq. 2 Plta/Piso 2 Pta/Letra G Compl.Dom. URBANIZACION PUERTO PRINCIPE, piso 2, puerta G","postal_code":"11500","places":7,"units":2,"registered":"2024-02-14","catastro":"8709201QA4580H0420ZG","holder":null,"holder_count":null}},{"type":"Feature","geometry":{"type":"Point","coordinates":[-6.227878,36.60287]},"properties":{"id":"VUT/CA/19764","type":"VUT","group":"Completa","address":"CALLE Espelete Nº 15 Plta/Piso bajo Pta/Letra C, piso bajo, puerta C","postal_code":"11500","places":4,"units":1,"registered":"2024-02-19","catastro":"8045606QA4584E0004YA","holder":null,"holder_count":null}},{"type":"Feature","geometry":{"type":"Point","coordinates":[-6.230536,36.59304]},"properties":{"id":"VUT/CA/19782","type":"VUT","group":"Completa","address":"CALLE COMEDIAS Nº 5 Plta/Piso 3 Pta/Letra DERECHA, piso 3, puerta DERECHA","postal_code":"11500","places":4,"units":2,"registered":"2024-02-20","catastro":"7835801QA4573F0005LM","holder":null,"holder_count":null}},{"type":"Feature","geometry":{"type":"Point","coordinates":[-6.215976,36.577472]},"properties":{"id":"VUT/CA/19788","type":"VUT","group":"Completa","address":"AVENIDA DE CADIZ Nº 112","postal_code":"11500","places":6,"units":3,"registered":"2024-02-20","catastro":"9218101QA4591G0001YW","holder":null,"holder_count":null}},{"type":"Feature","geometry":{"type":"Point","coordinates":[-6.224464,36.577606]},"properties":{"id":"VUT/CA/19798","type":"VUT","group":"Completa","address":"CALLE SANTA Mª DEL MAR Nº 2 Blq. 7 Plta/Piso 2º Pta/Letra C, piso 2º, puerta C","postal_code":"11500","places":6,"units":2,"registered":"2024-02-21","catastro":"8418701QA4518G0492IR","holder":null,"holder_count":null}},{"type":"Feature","geometry":{"type":"Point","coordinates":[-6.269499,36.602519]},"properties":{"id":"VUT/CA/19842","type":"VUT","group":"Completa","address":"CALLE Mar Cantábrico Nº 18","postal_code":"11500","places":10,"units":5,"registered":"2024-02-29","catastro":"4344801QA4544D0011UD","holder":null,"holder_count":null}},{"type":"Feature","geometry":{"type":"Point","coordinates":[-6.220756,36.604324]},"properties":{"id":"VUT/CA/19857","type":"VUT","group":"Completa","address":"PLAZA DE LOS JAZMINES Nº 1 Blq. 5 Plta/Piso BAJO Pta/Letra 3, piso BAJO, puerta 3","postal_code":"11500","places":5,"units":4,"registered":"2024-03-02","catastro":"8747116QA4584F0062BF","holder":null,"holder_count":null}},{"type":"Feature","geometry":{"type":"Point","coordinates":[-6.234039,36.606402]},"properties":{"id":"VUT/CA/19859","type":"VUT","group":"Completa","address":"CALLE CARMEN VALENZUELA Nº 1 Blq. 2 Portal 2 Plta/Piso 5 Pta/Letra A, piso 5, puerta A","postal_code":"11500","places":4,"units":2,"registered":"2024-03-03","catastro":"7549201qa4574h0040ts","holder":null,"holder_count":null}},{"type":"Feature","geometry":{"type":"Point","coordinates":[-6.222932,36.573062]},"properties":{"id":"VUT/CA/19881","type":"VUT","group":"Completa","address":"PASEO MARÍTIMO Nº 31 Blq. 2 Plta/Piso 8 Pta/Letra C Compl.Dom. Urbanización Vigalpe 500, Valdelagrana, piso 8, puerta C","postal_code":"11500","places":8,"units":3,"registered":"2024-03-04","catastro":"8613101QA4581D0163YK","holder":null,"holder_count":null}},{"type":"Feature","geometry":{"type":"Point","coordinates":[-6.234039,36.606402]},"properties":{"id":"VUT/CA/19883","type":"VUT","group":"Completa","address":"CALLE CARMEN VALENZUELA Nº 1 Portal 2 Plta/Piso 5 Pta/Letra A, piso 5, puerta A","postal_code":"11500","places":4,"units":2,"registered":"2024-03-05","catastro":"7549201QA4574H0130QI","holder":null,"holder_count":null}},{"type":"Feature","geometry":{"type":"Point","coordinates":[-6.251858,36.59744]},"properties":{"id":"VUT/CA/19893","type":"VUT","group":"Completa","address":"CALLE PENSAMIENTOS Nº 13","postal_code":"11500","places":8,"units":4,"registered":"2024-03-05","catastro":"5939901QA4553H0008SD","holder":null,"holder_count":null}},{"type":"Feature","geometry":{"type":"Point","coordinates":[-6.230691,36.603768]},"properties":{"id":"VUT/CA/19902","type":"VUT","group":"Completa","address":"GLORIETA JUAN DE AUSTRIA Nº 2 Plta/Piso 4 Pta/Letra E, piso 4, puerta E","postal_code":"11500","places":4,"units":1,"registered":"2024-03-06","catastro":"7846214QA4574F0040PJ","holder":null,"holder_count":null}},{"type":"Feature","geometry":{"type":"Point","coordinates":[-6.28615,36.612565]},"properties":{"id":"VUT/CA/19916","type":"VUT","group":"Completa","address":"CALLE Sandia Nº 10 Blq. B Pta/Letra 13, puerta 13","postal_code":"11500","places":4,"units":1,"registered":"2024-03-09","catastro":"2855905QA4525F0064DO","holder":null,"holder_count":null}},{"type":"Feature","geometry":{"type":"Point","coordinates":[-6.230774,36.599911]},"properties":{"id":"VUT/CA/19931","type":"VUT","group":"Completa","address":"CALLE Cruces Nº 77 Plta/Piso Baja, piso Baja","postal_code":"11500","places":9,"units":2,"registered":"2024-03-11","catastro":"7942229QA4574B0001JM","holder":null,"holder_count":null}},{"type":"Feature","geometry":{"type":"Point","coordinates":[-6.228185,36.599348]},"properties":{"id":"VUT/CA/19955","type":"VUT","group":"Completa","address":"CALLE PALACIOS Nº 62 Esc. 1 Plta/Piso 3 Pta/Letra C, piso 3, puerta C","postal_code":"11500","places":3,"units":3,"registered":"2024-03-13","catastro":"8042606qa4584a0011kw","holder":null,"holder_count":null}},{"type":"Feature","geometry":{"type":"Point","coordinates":[-6.272737,36.604402]},"properties":{"id":"VUT/CA/19958","type":"VUT","group":"Completa","address":"CALLE Ancora Nº 11 Portal 17 Plta/Piso 1 Pta/Letra C, piso 1, puerta C","postal_code":"11500","places":5,"units":2,"registered":"2024-03-13","catastro":"4145901QA4544E0211GT","holder":null,"holder_count":null}},{"type":"Feature","geometry":{"type":"Point","coordinates":[-6.225741,36.595944]},"properties":{"id":"VUT/CA/19960","type":"VUT","group":"Completa","address":"AVENIDA MICAELA ARMBURU DE MORA Blq. 11 Plta/Piso 3 Pta/Letra D, piso 3, puerta D","postal_code":"11500","places":5,"units":2,"registered":"2024-03-14","catastro":"8338201QA4583G0038KF","holder":null,"holder_count":null}},{"type":"Feature","geometry":{"type":"Point","coordinates":[-6.284236,36.611937]},"properties":{"id":"VUT/CA/19975","type":"VUT","group":"Completa","address":"CALLE FRESA Nº 16","postal_code":"11500","places":6,"units":2,"registered":"2024-03-14","catastro":"3054407QA4535C0001GP","holder":"GUADALETE GESTION TURISTICA, S.L.","holder_count":18}},{"type":"Feature","geometry":{"type":"Point","coordinates":[-6.287591,36.612481]},"properties":{"id":"VUT/CA/19976","type":"VUT","group":"Completa","address":"CALLE BREVA Nº 43 Esc. 8 Plta/Piso B Pta/Letra 1, piso B, puerta 1","postal_code":"11500","places":8,"units":4,"registered":"2024-03-14","catastro":"2756101QA4525H0032RR","holder":"GECI ESPAÑOLA, S.A.","holder_count":2}},{"type":"Feature","geometry":{"type":"Point","coordinates":[-6.227467,36.597468]},"properties":{"id":"VUT/CA/19977","type":"VUT","group":"Completa","address":"CALLE SANTO DOMINGO Nº 9 Plta/Piso 1 Pta/Letra E, piso 1, puerta E","postal_code":"11500","places":4,"units":1,"registered":"2024-03-14","catastro":"8139306QA4583G0030AY","holder":"GUADALETE GESTION TURISTICA, S.L.","holder_count":18}},{"type":"Feature","geometry":{"type":"Point","coordinates":[-6.223071,36.578977]},"properties":{"id":"VUT/CA/19998","type":"VUT","group":"Completa","address":"AVENIDA SANTA MARIA DEL MAR Nº 3 Portal 8 Plta/Piso 11 Pta/Letra A4IZQ Compl.Dom. URBANIZACION LA SALINERA, piso 11, puerta A4IZQ","postal_code":"11500","places":6,"units":3,"registered":"2024-03-16","catastro":"8620101QA4582B0223QG","holder":null,"holder_count":null}},{"type":"Feature","geometry":{"type":"Point","coordinates":[-6.25219,36.59969]},"properties":{"id":"VUT/CA/20002","type":"VUT","group":"Completa","address":"AVENIDA JUAN MELGAREJO Nº 6 Esc. DERECHA Plta/Piso 2 Pta/Letra 206 Compl.Dom. URB. VISTAHERMOSA, piso 2, puerta 206","postal_code":"11500","places":5,"units":2,"registered":"2024-03-17","catastro":"6240915QA4564A0215LR","holder":null,"holder_count":null}},{"type":"Feature","geometry":{"type":"Point","coordinates":[-6.244134,36.596607]},"properties":{"id":"VUT/CA/20005","type":"VUT","group":"Completa","address":"CALLE PALO TRINQUETE Nº 2 Blq. 2 Plta/Piso BAJO Pta/Letra D, piso BAJO, puerta D","postal_code":"11500","places":2,"units":2,"registered":"2024-03-18","catastro":"6638403QA4563H0016QX","holder":null,"holder_count":null}},{"type":"Feature","geometry":{"type":"Point","coordinates":[-6.250477,36.608591]},"properties":{"id":"VUT/CA/20006","type":"VUT","group":"Completa","address":"CALLE BAHIA DE BOLONIA Nº 2 Calif.Nº D Pta/Letra 1 Compl.Dom. URBANIZACION BELLA BAHIA, puerta 1","postal_code":"11500","places":11,"units":4,"registered":"2024-03-18","catastro":"6350705QA4565A0001RR","holder":null,"holder_count":null}},{"type":"Feature","geometry":{"type":"Point","coordinates":[-6.214635,36.608617]},"properties":{"id":"VUT/CA/20009","type":"VUT","group":"Completa","address":"CALLE LAS ADELFAS Nº 10 Plta/Piso 3 Pta/Letra B, piso 3, puerta B","postal_code":"11500","places":8,"units":3,"registered":"2024-03-18","catastro":"9252402QA4595C0010TJ","holder":null,"holder_count":null}},{"type":"Feature","geometry":{"type":"Point","coordinates":[-6.245227,36.593936]},"properties":{"id":"VUT/CA/20019","type":"VUT","group":"Completa","address":"CALLE ANTILLAS Nº 2 Portal 7 Plta/Piso 1 Pta/Letra D, piso 1, puerta D","postal_code":"11500","places":6,"units":2,"registered":"2024-03-19","catastro":"6535402QA4563F0045TQ","holder":"INVERSIONES EL ITALIANO, SL","holder_count":1}},{"type":"Feature","geometry":{"type":"Point","coordinates":[-6.226181,36.600967]},"properties":{"id":"VUT/CA/20025","type":"VUT","group":"Completa","address":"CALLE CIELO Nº 91 Plta/Piso 1 Pta/Letra 1, piso 1, puerta 1","postal_code":"11500","places":4,"units":1,"registered":"2024-03-19","catastro":"8243409QA4584C0003ZG","holder":null,"holder_count":null}},{"type":"Feature","geometry":{"type":"Point","coordinates":[-6.225759,36.598796]},"properties":{"id":"VUT/CA/20032","type":"VUT","group":"Completa","address":"CALLE VIRGEN DE LOS MILAGROS Nº 97 Plta/Piso 2 Pta/Letra 11, piso 2, puerta 11","postal_code":"11500","places":4,"units":1,"registered":"2024-03-19","catastro":"8341905QA4584A0012HE","holder":"GUADALETE GESTION TURISTICA, S.L.","holder_count":18}},{"type":"Feature","geometry":{"type":"Point","coordinates":[-6.272737,36.604402]},"properties":{"id":"VUT/CA/20038","type":"VUT","group":"Completa","address":"CALLE ANCORA Nº 11 Blq. 19 Esc. 09 Plta/Piso 2 Pta/Letra C Compl.Dom. URBANIZACION EL ANCLA, piso 2, puerta C","postal_code":"11500","places":5,"units":2,"registered":"2024-03-20","catastro":"4145901QA4544E0241DE","holder":null,"holder_count":null}},{"type":"Feature","geometry":{"type":"Point","coordinates":[-6.282909,36.612441]},"properties":{"id":"VUT/CA/20040","type":"VUT","group":"Completa","address":"CALLE MELOCOTON DEL Nº 2 Esc. 1 Plta/Piso 2 Pta/Letra A Compl.Dom. BL 3D ROSA DE LOS VIENTOS, piso 2, puerta A","postal_code":"11500","places":6,"units":3,"registered":"2024-05-23","catastro":"3154401QA4535C0017SM","holder":null,"holder_count":null}},{"type":"Feature","geometry":{"type":"Point","coordinates":[-6.224735,36.61019]},"properties":{"id":"VUT/CA/20049","type":"VUT","group":"Completa","address":"CALLE SAGITARIO Nº 17 Blq. 3 Esc. 1 Plta/Piso 1 Pta/Letra B, piso 1, puerta B","postal_code":"11500","places":6,"units":3,"registered":"2024-03-20","catastro":"8354201QA4585C0062FR","holder":null,"holder_count":null}},{"type":"Feature","geometry":{"type":"Point","coordinates":[-6.226309,36.601023]},"properties":{"id":"VUT/CA/20055","type":"VUT","group":"Completa","address":"CALLE CIELOS Nº 102 Plta/Piso 2 Pta/Letra D, piso 2, puerta D","postal_code":"11500","places":6,"units":3,"registered":"2024-03-21","catastro":"8244230QA4584C0011HB","holder":"RAMON NIETO, S.L.","holder_count":1}},{"type":"Feature","geometry":{"type":"Point","coordinates":[-6.21959,36.580721]},"properties":{"id":"VUT/CA/20060","type":"VUT","group":"Completa","address":"CALLE TOLEDO Nº 13","postal_code":"11500","places":14,"units":5,"registered":"2024-03-21","catastro":"8822607QA4582B0001QH","holder":null,"holder_count":null}},{"type":"Feature","geometry":{"type":"Point","coordinates":[-6.230678,36.596571]},"properties":{"id":"VUT/CA/20068","type":"VUT","group":"Completa","address":"CALLE San Bartolome Nº 58 Plta/Piso Bajo Pta/Letra A, piso Bajo, puerta A","postal_code":"11500","places":5,"units":2,"registered":"2024-03-22","catastro":"7839909QA4573H0001LF","holder":null,"holder_count":null}},{"type":"Feature","geometry":{"type":"Point","coordinates":[-6.22627,36.595718]},"properties":{"id":"VUT/CA/20075","type":"VUT","group":"Completa","address":"CALLE FEDERICO RUBIO Nº 1 Pta/Letra 2, puerta 2","postal_code":"11500","places":8,"units":3,"registered":"2024-03-23","catastro":"8237307QA4583G0010AG","holder":"PSICAS AYF S.L.","holder_count":1}},{"type":"Feature","geometry":{"type":"Point","coordinates":[-6.224592,36.597884]},"properties":{"id":"VUT/CA/20082","type":"VUT","group":"Completa","address":"CALLE BENI DE CADIZ Nº 4 Pta/Letra B, puerta B","postal_code":"11500","places":4,"units":2,"registered":"2024-03-25","catastro":"8441101QA4584A0001QK","holder":null,"holder_count":null}},{"type":"Feature","geometry":{"type":"Point","coordinates":[-6.25878,36.642388]},"properties":{"id":"VUT/CA/20084","type":"VUT","group":"Por habitaciones","address":"CARRETERA Sanlucar Km 6 Compl.Dom. Lugar El Pájaro 14, chalet \"Anduriña\"","postal_code":"11500","places":2,"units":1,"registered":"2024-03-25","catastro":"5189102QA4558G0001FD","holder":null,"holder_count":null}},{"type":"Feature","geometry":{"type":"Point","coordinates":[-6.223722,36.575582]},"properties":{"id":"VUT/CA/20085","type":"VUT","group":"Completa","address":"PASEO MARITIMO, URBANIZACION BAHIA BLANCA Nº 15 Blq. 2 Plta/Piso 3 Pta/Letra E, piso 3, puerta E","postal_code":"11500","places":4,"units":1,"registered":"2024-03-25","catastro":"8515907QA4581F0101BG","holder":null,"holder_count":null}},{"type":"Feature","geometry":{"type":"Point","coordinates":[-6.224464,36.577606]},"properties":{"id":"VUT/CA/20090","type":"VUT","group":"Completa","address":"AVENIDA AVENIDA DE LA PAZ Nº 67 Blq. 1 Plta/Piso 7 Pta/Letra A Compl.Dom. URBANIZACION VALDEMAR, piso 7, puerta A","postal_code":"11500","places":6,"units":3,"registered":"2024-03-26","catastro":"8418701QA4518G0091KF","holder":"PULIDO DOMINGUEZ, S.L.","holder_count":1}},{"type":"Feature","geometry":{"type":"Point","coordinates":[-6.222932,36.573062]},"properties":{"id":"VUT/CA/20095","type":"VUT","group":"Completa","address":"CALLE PS MARITIMO-VIGALPE Nº 12 Blq. 10 Plta/Piso 6 Pta/Letra B, piso 6, puerta B","postal_code":"11500","places":6,"units":3,"registered":"2024-03-26","catastro":"8613101QA4581D0022BO","holder":null,"holder_count":null}},{"type":"Feature","geometry":{"type":"Point","coordinates":[-6.221891,36.60114]},"properties":{"id":"VUT/CA/20099","type":"VUT","group":"Completa","address":"CALLE RIBERA DEL RIO Nº 4 Plta/Piso 1 Pta/Letra A, piso 1, puerta A","postal_code":"11500","places":12,"units":4,"registered":"2024-03-26","catastro":"8644116QA4584D0005BE","holder":null,"holder_count":null}},{"type":"Feature","geometry":{"type":"Point","coordinates":[-6.268004,36.595782]},"properties":{"id":"VUT/CA/20100","type":"VUT","group":"Completa","address":"CALLE catalpa Nº 16","postal_code":"1500","places":15,"units":4,"registered":"2024-03-26","catastro":"4835146QA4543F0001GU","holder":null,"holder_count":null}},{"type":"Feature","geometry":{"type":"Point","coordinates":[-6.25408,36.591454]},"properties":{"id":"VUT/CA/20102","type":"VUT","group":"Completa","address":"CALLE JUAN SEBASTIAN ELCANO Nº 6A Pta/Letra 4, puerta 4","postal_code":"11500","places":8,"units":3,"registered":"2024-03-26","catastro":"5832604QA4553B0001HZ","holder":null,"holder_count":null}},{"type":"Feature","geometry":{"type":"Point","coordinates":[-6.278355,36.605947]},"properties":{"id":"VUT/CA/20106","type":"VUT","group":"Completa","address":"CAMINO de la Bermeja Nº 5 Portal F Plta/Piso 1 Pta/Letra A, piso 1, puerta A","postal_code":"11500","places":4,"units":1,"registered":"2024-03-26","catastro":"3447589QA4534G0001YY","holder":null,"holder_count":null}},{"type":"Feature","geometry":{"type":"Point","coordinates":[-6.243871,36.596429]},"properties":{"id":"VUT/CA/20108","type":"VUT","group":"Completa","address":"CALLE Palo trinquete Nº 1 Plta/Piso Bajo Pta/Letra D, piso Bajo, puerta D","postal_code":"11500","places":4,"units":2,"registered":"2024-03-27","catastro":"6638701QA4563H0016KX","holder":null,"holder_count":null}},{"type":"Feature","geometry":{"type":"Point","coordinates":[-6.230174,36.593974]},"properties":{"id":"VUT/CA/20139","type":"VUT","group":"Completa","address":"CALLE COMEDIAS Nº 4 Plta/Piso 2 Pta/Letra C, piso 2, puerta C","postal_code":"11500","places":6,"units":3,"registered":"2024-03-31","catastro":"7836215QA4573F0082FU","holder":null,"holder_count":null}},{"type":"Feature","geometry":{"type":"Point","coordinates":[-6.251754,36.640656]},"properties":{"id":"VUT/CA/20143","type":"VUT","group":"Completa","address":"CALLE VENENCIADOR Nº 59 Compl.Dom. URBANIZACIÓN LAS VEGUETAS","postal_code":"11500","places":6,"units":3,"registered":"2024-04-01","catastro":"5787802qa4558f0001UR","holder":null,"holder_count":null}},{"type":"Feature","geometry":{"type":"Point","coordinates":[-6.223852,36.580037]},"properties":{"id":"VUT/CA/20156","type":"VUT","group":"Completa","address":"AVENIDA DE LA PAZ - URBANIZACIÓN PUERTO MAR Nº 36 Blq. 5 Plta/Piso 3 Pta/Letra G Compl.Dom. VALDELAGRANA, piso 3, puerta G","postal_code":"11500","places":6,"units":2,"registered":"2024-04-02","catastro":"8320501QA4582A0187GE","holder":null,"holder_count":null}},{"type":"Feature","geometry":{"type":"Point","coordinates":[-6.227951,36.600297]},"properties":{"id":"VUT/CA/20159","type":"VUT","group":"Completa","address":"CALLE DOCTOR MUÑOZ SECA Nº 24 Plta/Piso BAJO Pta/Letra C, piso BAJO, puerta C","postal_code":"11500","places":6,"units":2,"registered":"2024-04-03","catastro":"8043628QA4584C0004WH","holder":null,"holder_count":null}},{"type":"Feature","geometry":{"type":"Point","coordinates":[-6.234714,36.592734]},"properties":{"id":"VUT/CA/20167","type":"VUT","group":"Completa","address":"CALLE DEL RUISEÑOR Nº 13 Plta/Piso 2 Pta/Letra C, piso 2, puerta C","postal_code":"11500","places":6,"units":3,"registered":"2024-04-03","catastro":"7434603QA4573C0007SZ","holder":null,"holder_count":null}},{"type":"Feature","geometry":{"type":"Point","coordinates":[-6.257586,36.583421]},"properties":{"id":"VUT/CA/20169","type":"VUT","group":"Completa","address":"CALLE MALVAVISCO Nº 2","postal_code":"11500","places":8,"units":4,"registered":"2024-04-03","catastro":"5424813QA4552C0001HD","holder":null,"holder_count":null}},{"type":"Feature","geometry":{"type":"Point","coordinates":[-6.259967,36.579174]},"properties":{"id":"VUT/CA/20174","type":"VUT","group":"Completa","address":"PLAZA Harvey and son Nº 4 Blq. 4 Plta/Piso 2 Pta/Letra B, piso 2, puerta B","postal_code":"11500","places":4,"units":3,"registered":"2024-04-04","catastro":"5217410QA4551G0009MJ","holder":null,"holder_count":null}},{"type":"Feature","geometry":{"type":"Point","coordinates":[-6.22574,36.597505]},"properties":{"id":"VUT/CA/20187","type":"VUT","group":"Completa","address":"CALLE PALACIOS Nº 14 Plta/Piso 1 Pta/Letra H, piso 1, puerta H","postal_code":"11500","places":4,"units":2,"registered":"2024-04-05","catastro":"8340202QA4584A0039MQ","holder":null,"holder_count":null}},{"type":"Feature","geometry":{"type":"Point","coordinates":[-6.249344,36.599503]},"properties":{"id":"VUT/CA/20188","type":"VUT","group":"Completa","address":"CALLE Girasol Nº 2 Plta/Piso 3 Pta/Letra D, piso 3, puerta D","postal_code":"11500","places":6,"units":2,"registered":"2024-04-05","catastro":"6141501QA4564A0095DI","holder":null,"holder_count":null}},{"type":"Feature","geometry":{"type":"Point","coordinates":[-6.226332,36.598432]},"properties":{"id":"VUT/CA/20218","type":"VUT","group":"Completa","address":"CALLE VIRGEN DE LOS MILAGROS (CALLE LARGA) Nº 112 Plta/Piso 1 Pta/Letra A Compl.Dom. VIVIENDA EXTERIOR PLANTA PRIMERA (SIN CONTAR ENTREPLANTA), LETRA A. Telefonillo 1D, piso 1, puerta A","postal_code":"11500","places":6,"units":3,"registered":"2024-04-09","catastro":"8241114QA4584A0004KZ","holder":null,"holder_count":null}},{"type":"Feature","geometry":{"type":"Point","coordinates":[-6.22,36.571693]},"properties":{"id":"VUT/CA/20221","type":"VUT","group":"Completa","address":"CALLE CHARRAN Nº 12","postal_code":"11500","places":8,"units":4,"registered":"2024-04-09","catastro":"8911401QA4581B0029TZ","holder":null,"holder_count":null}},{"type":"Feature","geometry":{"type":"Point","coordinates":[-6.223031,36.571389]},"properties":{"id":"VUT/CA/20223","type":"VUT","group":"Completa","address":"PASEO MARITIMO Nº 33 Blq. 5 Plta/Piso 9 Pta/Letra B, piso 9, puerta B","postal_code":"11500","places":4,"units":2,"registered":"2024-04-09","catastro":"8611708QA4581B0021RD","holder":null,"holder_count":null}},{"type":"Feature","geometry":{"type":"Point","coordinates":[-6.224479,36.598422]},"properties":{"id":"VUT/CA/20234","type":"VUT","group":"Completa","address":"CALLE JESÚS DE LOS MILAGROS Nº 6 Plta/Piso 2 Pta/Letra C, piso 2, puerta C","postal_code":"11500","places":3,"units":2,"registered":"2024-04-10","catastro":"8341715qA4584A0007MQ","holder":null,"holder_count":null}},{"type":"Feature","geometry":{"type":"Point","coordinates":[-6.258216,36.605544]},"properties":{"id":"VUT/CA/20239","type":"VUT","group":"Completa","address":"CALLE EL CARMEN Nº 13 Portal 13","postal_code":"11500","places":10,"units":5,"registered":"2024-04-10","catastro":"5348206QA4554G0001IF","holder":null,"holder_count":null}},{"type":"Feature","geometry":{"type":"Point","coordinates":[-6.22546,36.600139]},"properties":{"id":"VUT/CA/20240","type":"VUT","group":"Completa","address":"PLAZA ISAAC PERAL Nº 2 Plta/Piso 3 Pta/Letra 0C, piso 3, puerta 0C","postal_code":"11500","places":6,"units":2,"registered":"2024-04-10","catastro":"8342305QA4584C0034DF","holder":null,"holder_count":null}},{"type":"Feature","geometry":{"type":"Point","coordinates":[-6.274967,36.603761]},"properties":{"id":"VUT/CA/20245","type":"VUT","group":"Completa","address":"CALLE HESPERIDES Nº 23","postal_code":"11500","places":8,"units":4,"registered":"2024-04-11","catastro":"3846202QA4534F0032PL","holder":null,"holder_count":null}},{"type":"Feature","geometry":{"type":"Point","coordinates":[-6.224464,36.577606]},"properties":{"id":"VUT/CA/20247","type":"VUT","group":"Completa","address":"AVENIDA DE LA PAZ Km 67 Portal 1 Esc. 1 Plta/Piso 1 Pta/Letra A, piso 1, puerta A","postal_code":"11500","places":6,"units":3,"registered":"2024-04-11","catastro":"8418701QA4518G0067EX","holder":"HERRERA-FILIBERTO, CB","holder_count":1}},{"type":"Feature","geometry":{"type":"Point","coordinates":[-6.26246,36.582386]},"properties":{"id":"VUT/CA/20262","type":"VUT","group":"Completa","address":"CALLE FUERTE CIUDAD Nº 7","postal_code":"11500","places":10,"units":3,"registered":"2024-04-12","catastro":"4921230QA4542B0010YY","holder":"GINVA REAL ESTATE SLU","holder_count":7}},{"type":"Feature","geometry":{"type":"Point","coordinates":[-6.219694,36.57031]},"properties":{"id":"VUT/CA/20265","type":"VUT","group":"Completa","address":"CALLE SAL MARINA Nº 11 Compl.Dom. VALDELAGRANA","postal_code":"11500","places":10,"units":5,"registered":"2024-04-13","catastro":"8910701QA4581B0001DX","holder":null,"holder_count":null}},{"type":"Feature","geometry":{"type":"Point","coordinates":[-6.223071,36.578977]},"properties":{"id":"VUT/CA/20267","type":"VUT","group":"Completa","address":"AVENIDA Santa María del Mar Nº 3 Blq. 8 Esc. 8 Plta/Piso Bajo Pta/Letra 1 Compl.Dom. Urbanización La Salinera, piso Bajo, puerta 1","postal_code":"11500","places":7,"units":2,"registered":"2024-04-13","catastro":"8620101QA4582B0284ZS","holder":null,"holder_count":null}},{"type":"Feature","geometry":{"type":"Point","coordinates":[-6.244813,36.59547]},"properties":{"id":"VUT/CA/20271","type":"VUT","group":"Completa","address":"CALLE ALVAR NUÑEZ Nº 1 Blq. 4 Plta/Piso 5 Pta/Letra A, piso 5, puerta A","postal_code":"11500","places":5,"units":3,"registered":"2024-04-14","catastro":"6637103QA4563E0105WD","holder":null,"holder_count":null}},{"type":"Feature","geometry":{"type":"Point","coordinates":[-6.234714,36.592734]},"properties":{"id":"VUT/CA/20273","type":"VUT","group":"Completa","address":"CALLE DEL RUISEÑOR Nº 13 Plta/Piso 2 Pta/Letra C, piso 2, puerta C","postal_code":"11500","places":6,"units":3,"registered":"2024-04-15","catastro":"7434603QA4573C0007SZ","holder":null,"holder_count":null}},{"type":"Feature","geometry":{"type":"Point","coordinates":[-6.22351,36.574783]},"properties":{"id":"VUT/CA/20288","type":"VUT","group":"Completa","address":"PASEO maritimo Nº 25 Blq. 5 Plta/Piso 3 Pta/Letra B, piso 3, puerta B","postal_code":"11500","places":4,"units":2,"registered":"2024-04-16","catastro":"8515902QA4581F0193JA","holder":null,"holder_count":null}},{"type":"Feature","geometry":{"type":"Point","coordinates":[-6.249806,36.598739]},"properties":{"id":"VUT/CA/20295","type":"VUT","group":"Completa","address":"CALLE de las Margaritas Nº 19","postal_code":"11500","places":8,"units":4,"registered":"2024-04-16","catastro":"6140401QA4564A0006AG","holder":"Gestora MGS Lagasca S.L","holder_count":1}},{"type":"Feature","geometry":{"type":"Point","coordinates":[-6.286075,36.613004]},"properties":{"id":"VUT/CA/20297","type":"VUT","group":"Completa","address":"CALLE FRESA Nº 32-34 Blq. 1 Plta/Piso BAJO Pta/Letra A, piso BAJO, puerta A","postal_code":"11500","places":4,"units":2,"registered":"2024-04-16","catastro":"2855405QA4525F0032HO","holder":null,"holder_count":null}},{"type":"Feature","geometry":{"type":"Point","coordinates":[-6.232869,36.605438]},"properties":{"id":"VUT/CA/20308","type":"VUT","group":"Completa","address":"CARRETERA sanlucar Nº 10 Blq. 10 Plta/Piso 1 Pta/Letra b Compl.Dom. urbanizacion bahia golf, piso 1, puerta b","postal_code":"11500","places":6,"units":3,"registered":"2024-04-17","catastro":"7648101QA4574H0209ZX","holder":null,"holder_count":null}},{"type":"Feature","geometry":{"type":"Point","coordinates":[-6.286075,36.613004]},"properties":{"id":"VUT/CA/20318","type":"VUT","group":"Completa","address":"CALLE FRESA Nº 32 Blq. 2 Plta/Piso BJ Pta/Letra C, piso BJ, puerta C","postal_code":"11500","places":5,"units":2,"registered":"2024-04-18","catastro":"2855405QA4525F0008QJ","holder":null,"holder_count":null}},{"type":"Feature","geometry":{"type":"Point","coordinates":[-6.220418,36.604675]},"properties":{"id":"VUT/CA/20334","type":"VUT","group":"Completa","address":"AVENIDA DE LA ESTACION Nº 4 Blq. 2 Plta/Piso Bajo Pta/Letra 3, piso Bajo, puerta 3","postal_code":"11500","places":10,"units":4,"registered":"2024-04-19","catastro":"8747112QA4584F0097PJ","holder":null,"holder_count":null}},{"type":"Feature","geometry":{"type":"Point","coordinates":[-6.225249,36.602404]},"properties":{"id":"VUT/CA/20341","type":"VUT","group":"Completa","address":"CALLE DE LA ROSA Nº 24 Pta/Letra 22, puerta 22","postal_code":"11500","places":5,"units":2,"registered":"2024-04-19","catastro":"8245528QA4584E0090TQ","holder":"OLE SOLUTIONS HOLIDAY RENTALS S.L.","holder_count":12}},{"type":"Feature","geometry":{"type":"Point","coordinates":[-6.270279,36.598855]},"properties":{"id":"VUT/CA/20345","type":"VUT","group":"Completa","address":"CALLE MAR DE IRLANDA Nº 34 Blq. 0 Portal 0 Esc. 0 Plta/Piso 0 Pta/Letra 0 Compl.Dom. URBANIZACION LAS REDES, piso 0, puerta 0","postal_code":"11500","places":12,"units":4,"registered":"2024-04-19","catastro":"4341101QA4544D0015FJ","holder":null,"holder_count":null}},{"type":"Feature","geometry":{"type":"Point","coordinates":[-6.270279,36.598855]},"properties":{"id":"VUT/CA/20346","type":"VUT","group":"Completa","address":"CALLE OCEANO ATLANTICO Nº 8","postal_code":"11500","places":8,"units":4,"registered":"2024-04-20","catastro":"4341101QA4544D0011PD","holder":null,"holder_count":null}},{"type":"Feature","geometry":{"type":"Point","coordinates":[-6.228455,36.597003]},"properties":{"id":"VUT/CA/20348","type":"VUT","group":"Completa","address":"CALLE federico rubio Nº 35","postal_code":"11500","places":9,"units":5,"registered":"2024-04-20","catastro":"8039218QA4583G0001UO","holder":null,"holder_count":null}},{"type":"Feature","geometry":{"type":"Point","coordinates":[-6.241543,36.59665]},"properties":{"id":"VUT/CA/20367","type":"VUT","group":"Completa","address":"AVENIDA DE LA LIBERTAD Nº 20 Blq. M2 Plta/Piso 1 Pta/Letra H, piso 1, puerta H","postal_code":"11500","places":8,"units":4,"registered":"2024-04-22","catastro":"6838401QA4563H0045PL","holder":null,"holder_count":null}},{"type":"Feature","geometry":{"type":"Point","coordinates":[-6.225371,36.576815]},"properties":{"id":"VUT/CA/20369","type":"VUT","group":"Completa","address":"PASEO PASEO MARITIMO Nº 9 Plta/Piso 1 Pta/Letra 1C, piso 1, puerta 1C","postal_code":"11500","places":5,"units":3,"registered":"2024-04-22","catastro":"8418702QA4581G0004DQ","holder":null,"holder_count":null}},{"type":"Feature","geometry":{"type":"Point","coordinates":[-6.241104,36.595093]},"properties":{"id":"VUT/CA/20392","type":"VUT","group":"Completa","address":"CALLE MIGUEL HERNANDEZ Nº 4 Esc. 1 Plta/Piso 2 Pta/Letra C, piso 2, puerta C","postal_code":"11500","places":6,"units":4,"registered":"2024-04-24","catastro":"6937102QA4563F0007FZ","holder":null,"holder_count":null}},{"type":"Feature","geometry":{"type":"Point","coordinates":[-6.281844,36.607093]},"properties":{"id":"VUT/CA/20425","type":"VUT","group":"Completa","address":"AVENIDA DE LOS MÁSTILES Nº 1 Pta/Letra C Compl.Dom. EL MANANTIAL, puerta C","postal_code":"11500","places":12,"units":6,"registered":"2024-04-26","catastro":"3447577QA4534G0001JY","holder":"TRESLINVER 2007, SL","holder_count":1}},{"type":"Feature","geometry":{"type":"Point","coordinates":[-6.223852,36.580037]},"properties":{"id":"VUT/CA/20441","type":"VUT","group":"Completa","address":"AVENIDA DE LA PAZ Nº 34 Blq. 7 Plta/Piso 5 Pta/Letra E Compl.Dom. URBANIZACIÓN PUERTOMAR (VALDELAGRANA), piso 5, puerta E","postal_code":"11500","places":4,"units":1,"registered":"2024-04-29","catastro":"8320501QA4582A0121DQ","holder":null,"holder_count":null}},{"type":"Feature","geometry":{"type":"Point","coordinates":[-6.221324,36.579169]},"properties":{"id":"VUT/CA/20445","type":"VUT","group":"Completa","address":"AVENIDA DE LA SALINERA Nº 10","postal_code":"11500","places":13,"units":5,"registered":"2024-04-28","catastro":"8619133QA4581H0001SU","holder":null,"holder_count":null}},{"type":"Feature","geometry":{"type":"Point","coordinates":[-6.220345,36.603991]},"properties":{"id":"VUT/CA/20480","type":"VUT","group":"Completa","address":"AVENIDA de la Estación Nº 5 Portal 6 Plta/Piso 2 Pta/Letra 1 Compl.Dom. Urbanización Sagrada Familia, piso 2, puerta 1","postal_code":"11500","places":8,"units":3,"registered":"2024-05-01","catastro":"8747119QA4584F0005IZ","holder":null,"holder_count":null}},{"type":"Feature","geometry":{"type":"Point","coordinates":[-6.22818,36.594531]},"properties":{"id":"VUT/CA/20490","type":"VUT","group":"Completa","address":"CALLE Ximenez de Sandoval Nº 3 Plta/Piso 2 Pta/Letra C, piso 2, puerta C","postal_code":"11500","places":4,"units":1,"registered":"2024-05-02","catastro":"8136301QA4583E0008UZ","holder":null,"holder_count":null}},{"type":"Feature","geometry":{"type":"Point","coordinates":[-6.286481,36.612754]},"properties":{"id":"VUT/CA/20492","type":"VUT","group":"Completa","address":"AVENIDA DEL PARADOR Nº 7 Plta/Piso 5 Pta/Letra E, piso 5, puerta E","postal_code":"11500","places":5,"units":2,"registered":"2024-05-02","catastro":"2855901QA4525F0070ES","holder":null,"holder_count":null}},{"type":"Feature","geometry":{"type":"Point","coordinates":[-6.22351,36.574783]},"properties":{"id":"VUT/CA/20493","type":"VUT","group":"Completa","address":"URBANIZACION VALPARAISO Nº 25 Blq. 2 Portal 6 Plta/Piso BAJO Pta/Letra A, piso BAJO, puerta A","postal_code":"11500","places":5,"units":2,"registered":"2024-05-02","catastro":"8515902QA4581F0275IW","holder":null,"holder_count":null}},{"type":"Feature","geometry":{"type":"Point","coordinates":[-6.222949,36.605862]},"properties":{"id":"VUT/CA/20506","type":"VUT","group":"Completa","address":"CALLE Racimo Nº 2 Blq. 5 Plta/Piso 1 Pta/Letra B, piso 1, puerta B","postal_code":"11500","places":6,"units":2,"registered":"2024-05-03","catastro":"8449701QA4584G0083IG","holder":null,"holder_count":null}},{"type":"Feature","geometry":{"type":"Point","coordinates":[-6.245227,36.593936]},"properties":{"id":"VUT/CA/20507","type":"VUT","group":"Completa","address":"CALLE ANTILLAS Nº 2 Blq. 6 Plta/Piso 3 Pta/Letra B Compl.Dom. EDIFICIO BALBOA, piso 3, puerta B","postal_code":"11500","places":8,"units":3,"registered":"2024-05-03","catastro":"6535402QA4563F0037ML","holder":null,"holder_count":null}},{"type":"Feature","geometry":{"type":"Point","coordinates":[-6.223852,36.580037]},"properties":{"id":"VUT/CA/20520","type":"VUT","group":"Completa","address":"AVENIDA DE LA PAZ Nº 36 Blq. 7 Plta/Piso 5 Pta/Letra E Compl.Dom. URBANIZACIÓN PUERTOMAR., piso 5, puerta E","postal_code":"11500","places":4,"units":1,"registered":"2024-05-05","catastro":"8320501QA4582A0121DQ","holder":null,"holder_count":null}},{"type":"Feature","geometry":{"type":"Point","coordinates":[-6.271187,36.596201]},"properties":{"id":"VUT/CA/20524","type":"VUT","group":"Completa","address":"CALLE Mar Caspio Nº 8 Compl.Dom. urbanizacion Las Redes","postal_code":"11500","places":8,"units":4,"registered":"2024-05-05","catastro":"48351A0QA4543F0001WU","holder":null,"holder_count":null}},{"type":"Feature","geometry":{"type":"Point","coordinates":[-6.236922,36.592873]},"properties":{"id":"VUT/CA/20532","type":"VUT","group":"Completa","address":"CALLE AVE FRÍA Nº 5 Plta/Piso 1 Pta/Letra A, piso 1, puerta A","postal_code":"11500","places":6,"units":3,"registered":"2024-05-06","catastro":"7234601QA4573C0052JT","holder":null,"holder_count":null}},{"type":"Feature","geometry":{"type":"Point","coordinates":[-6.222858,36.600433]},"properties":{"id":"VUT/CA/20542","type":"VUT","group":"Completa","address":"CALLE LUJA Nº 4 Esc. C Pta/Letra E, puerta E","postal_code":"11500","places":8,"units":3,"registered":"2024-05-07","catastro":"8544101QA4584D0005SE","holder":null,"holder_count":null}},{"type":"Feature","geometry":{"type":"Point","coordinates":[-6.225085,36.598052]},"properties":{"id":"VUT/CA/20546","type":"VUT","group":"Completa","address":"CALLE Luna Nº 9 Plta/Piso 1 Pta/Letra 2, piso 1, puerta 2","postal_code":"11500","places":2,"units":1,"registered":"2024-05-07","catastro":"8340212QA4584A0004FZ","holder":null,"holder_count":null}},{"type":"Feature","geometry":{"type":"Point","coordinates":[-6.25219,36.59969]},"properties":{"id":"VUT/CA/20554","type":"VUT","group":"Completa","address":"AVENIDA JUAN MELGAREJO Nº 6 Plta/Piso 4 Pta/Letra 418, piso 4, puerta 418","postal_code":"11500","places":6,"units":2,"registered":"2024-05-08","catastro":"6240915QA4564A0279LR","holder":"GUADALETE GESTION TURISTICA, S.L.","holder_count":18}},{"type":"Feature","geometry":{"type":"Point","coordinates":[-6.272737,36.604402]},"properties":{"id":"VUT/CA/20556","type":"VUT","group":"Completa","address":"CALLE ANCORA Nº 20 Portal 7 Plta/Piso 4 Pta/Letra D, piso 4, puerta D","postal_code":"11500","places":4,"units":2,"registered":"2024-05-08","catastro":"4145901QA4544E0069YL","holder":"GUADALETE GESTION TURISTICA, S.L.","holder_count":18}},{"type":"Feature","geometry":{"type":"Point","coordinates":[-6.235197,36.592099]},"properties":{"id":"VUT/CA/20572","type":"VUT","group":"Completa","address":"CALLE SAN DIEGO DE ALCALA Nº 1 Blq. 8 Plta/Piso 1 Pta/Letra A, piso 1, puerta A","postal_code":"11500","places":8,"units":3,"registered":"2024-05-09","catastro":"7634201QA4573D0044PO","holder":"JM GORDILLO ASESORES 2023, S.L","holder_count":1}},{"type":"Feature","geometry":{"type":"Point","coordinates":[-6.284712,36.610662]},"properties":{"id":"VUT/CA/20573","type":"VUT","group":"Completa","address":"CALLE CIRUELA Nº 3 Plta/Piso 2 Pta/Letra D, piso 2, puerta D","postal_code":"11500","places":5,"units":2,"registered":"2024-05-09","catastro":"2953906QA4525D0012DM","holder":null,"holder_count":null}},{"type":"Feature","geometry":{"type":"Point","coordinates":[-6.25408,36.591454]},"properties":{"id":"VUT/CA/20606","type":"VUT","group":"Completa","address":"CALLE JUAN SEBASTIAN ELCANO Nº 6 Calif.Nº A Pta/Letra 22, puerta 22","postal_code":"11500","places":7,"units":4,"registered":"2024-05-10","catastro":"5832604QA4553B0062DK","holder":null,"holder_count":null}},{"type":"Feature","geometry":{"type":"Point","coordinates":[-6.232808,36.60041]},"properties":{"id":"VUT/CA/20607","type":"VUT","group":"Por habitaciones","address":"CALLE FEDERICO RUBIO Nº 96 Plta/Piso 1 Pta/Letra A, piso 1, puerta A","postal_code":"11500","places":6,"units":3,"registered":"2024-05-11","catastro":"7642501QA4574D0102BX","holder":null,"holder_count":null}},{"type":"Feature","geometry":{"type":"Point","coordinates":[-6.220973,36.570676]},"properties":{"id":"VUT/CA/20620","type":"VUT","group":"Completa","address":"CALLE AVOCETA Nº 2 Portal 1 Plta/Piso 3 Pta/Letra D, piso 3, puerta D","postal_code":"11500","places":6,"units":3,"registered":"2024-05-13","catastro":"8810301QA4581B0025MJ","holder":"MAJAL CONSULTORES, S.L.","holder_count":1}},{"type":"Feature","geometry":{"type":"Point","coordinates":[-6.286691,36.61424]},"properties":{"id":"VUT/CA/20628","type":"VUT","group":"Completa","address":"AVENIDA FUENTEBRAVIA Nº 45 Plta/Piso 3 Pta/Letra 16 Compl.Dom. EDIFICIO JUNTO A LA ENTRADA DE LA BASE NAVAL DE ROTA, piso 3, puerta 16","postal_code":"11500","places":7,"units":3,"registered":"2024-05-13","catastro":"2756223QA4525F0016RX","holder":null,"holder_count":null}},{"type":"Feature","geometry":{"type":"Point","coordinates":[-6.220081,36.583752]},"properties":{"id":"VUT/CA/20630","type":"VUT","group":"Completa","address":"CALLE CAMARON Nº 32","postal_code":"11500","places":12,"units":4,"registered":"2024-05-13","catastro":"8824307QA4582D0001XA","holder":"CREADEST INMOBILIARIA SL","holder_count":1}},{"type":"Feature","geometry":{"type":"Point","coordinates":[-6.226009,36.59819]},"properties":{"id":"VUT/CA/20637","type":"VUT","group":"Completa","address":"CALLE virgen de los milagros Nº 107 Plta/Piso 1º Pta/Letra a, piso 1º, puerta a","postal_code":"11500","places":6,"units":2,"registered":"2024-05-13","catastro":"8240511QA4584A0002ML","holder":null,"holder_count":null}},{"type":"Feature","geometry":{"type":"Point","coordinates":[-6.269572,36.601305]},"properties":{"id":"VUT/CA/20639","type":"VUT","group":"Completa","address":"CALLE MAR CANTABRICO Nº 28","postal_code":"11500","places":10,"units":4,"registered":"2024-05-14","catastro":"4344803QA4544D0014TH","holder":"EXPERTOS EN SEO SL","holder_count":1}},{"type":"Feature","geometry":{"type":"Point","coordinates":[-6.227774,36.600527]},"properties":{"id":"VUT/CA/20660","type":"VUT","group":"Completa","address":"CALLE DOCTOR MUÑOZ SECA Nº 18 Plta/Piso 1 Pta/Letra D, piso 1, puerta D","postal_code":"11500","places":6,"units":1,"registered":"2024-05-14","catastro":"8043625QA4584C0006MK","holder":null,"holder_count":null}},{"type":"Feature","geometry":{"type":"Point","coordinates":[-6.223085,36.569231]},"properties":{"id":"VUT/CA/20664","type":"VUT","group":"Completa","address":"PASEO MARITIMO VALDELAGRANA Nº 37 Blq. 5 Esc. A Plta/Piso 5 Pta/Letra 5 Compl.Dom. EDIFICIO PUERTO PRINCIPE, piso 5, puerta 5","postal_code":"11500","places":3,"units":1,"registered":"2024-05-15","catastro":"8709201QA4580H0221HP","holder":null,"holder_count":null}},{"type":"Feature","geometry":{"type":"Point","coordinates":[-6.274712,36.603518]},"properties":{"id":"VUT/CA/20686","type":"VUT","group":"Completa","address":"CALLE JARCIA Nº 3","postal_code":"11500","places":9,"units":4,"registered":"2024-05-16","catastro":"3945402QA4534F0013GY","holder":null,"holder_count":null}},{"type":"Feature","geometry":{"type":"Point","coordinates":[-6.24517,36.598361]},"properties":{"id":"VUT/CA/20700","type":"VUT","group":"Completa","address":"CALLE Calle camino del águila número 4 pinar alto blq 7 1¿a Blq. 7 Plta/Piso 1 Pta/Letra A, piso 1, puerta A","postal_code":"11500","places":6,"units":3,"registered":"2024-05-17","catastro":"6540903QA4564B0213RA","holder":null,"holder_count":null}},{"type":"Feature","geometry":{"type":"Point","coordinates":[-6.223112,36.604583]},"properties":{"id":"VUT/CA/20701","type":"VUT","group":"Completa","address":"CALLE PARRA Nº 6 Blq. 2 Plta/Piso 5 Pta/Letra A, piso 5, puerta A","postal_code":"11500","places":8,"units":3,"registered":"2024-05-18","catastro":"8548106QA4584H0042PK","holder":null,"holder_count":null}},{"type":"Feature","geometry":{"type":"Point","coordinates":[-6.218495,36.576063]},"properties":{"id":"VUT/CA/20722","type":"VUT","group":"Completa","address":"CALLE UBRIQUE Nº 27","postal_code":"11500","places":2,"units":5,"registered":"2024-05-20","catastro":"9017102QA4591E0001EU","holder":null,"holder_count":null}},{"type":"Feature","geometry":{"type":"Point","coordinates":[-6.217183,36.581702]},"properties":{"id":"VUT/CA/20723","type":"VUT","group":"Completa","address":"CALLE ALBACETE Nº 7 Compl.Dom. VALDELAGRANA","postal_code":"11500","places":6,"units":3,"registered":"2024-05-20","catastro":"9122402QA4592C0001JY","holder":null,"holder_count":null}},{"type":"Feature","geometry":{"type":"Point","coordinates":[-6.222872,36.57157]},"properties":{"id":"VUT/CA/20724","type":"VUT","group":"Completa","address":"PASEO MARITIMO VALDELAGRANA Nº 33 Blq. 6 Portal F Plta/Piso 10 Pta/Letra B Compl.Dom. URBANIZACION BLEGAMAR. EDIFICIO NAVIO, piso 10, puerta B","postal_code":"11500","places":6,"units":2,"registered":"2024-05-20","catastro":"8611709QA4581B0020SS","holder":null,"holder_count":null}},{"type":"Feature","geometry":{"type":"Point","coordinates":[-6.235462,36.601783]},"properties":{"id":"VUT/CA/20734","type":"VUT","group":"Completa","address":"CALLE DEL PINAR DEL CONDE Nº 1 Plta/Piso 2 Pta/Letra D, piso 2, puerta D","postal_code":"11500","places":7,"units":3,"registered":"2024-05-21","catastro":"7444301QA4574C0003DA","holder":null,"holder_count":null}},{"type":"Feature","geometry":{"type":"Point","coordinates":[-6.222932,36.573062]},"properties":{"id":"VUT/CA/20755","type":"VUT","group":"Completa","address":"PASEO Maritimo Nº 31 Blq. 4 Plta/Piso 8 Pta/Letra n, piso 8, puerta n","postal_code":"11500","places":6,"units":2,"registered":"2024-05-22","catastro":"8613101QA4581D0490PX","holder":null,"holder_count":null}},{"type":"Feature","geometry":{"type":"Point","coordinates":[-6.270663,36.602005]},"properties":{"id":"VUT/CA/20767","type":"VUT","group":"Completa","address":"CALLE MAR DE JAVA Nº 36","postal_code":"11500","places":8,"units":3,"registered":"2024-05-22","catastro":"4244802QA4544D0006XA","holder":null,"holder_count":null}},{"type":"Feature","geometry":{"type":"Point","coordinates":[-6.228185,36.599348]},"properties":{"id":"VUT/CA/20768","type":"VUT","group":"Completa","address":"CALLE palacios Nº 62 Esc. 1 Plta/Piso 3 Pta/Letra c, piso 3, puerta c","postal_code":"11500","places":3,"units":3,"registered":"2024-05-23","catastro":"8042606qa4584a0011kw","holder":null,"holder_count":null}},{"type":"Feature","geometry":{"type":"Point","coordinates":[-6.281442,36.611894]},"properties":{"id":"VUT/CA/20789","type":"VUT","group":"Completa","address":"CALLE calabaza Nº 2 Pta/Letra 9 Compl.Dom. EL PUERTO DE SANTA MARIA, puerta 9","postal_code":"11500","places":6,"units":3,"registered":"2024-05-24","catastro":"3254902QA4535C0009TK","holder":null,"holder_count":null}},{"type":"Feature","geometry":{"type":"Point","coordinates":[-6.251443,36.59594]},"properties":{"id":"VUT/CA/20795","type":"VUT","group":"Completa","address":"CAMINO DEL ÁGUILA Nº 73 Pta/Letra 15, puerta 15","postal_code":"11500","places":8,"units":4,"registered":"2024-05-24","catastro":"6034151QA4563C0015FX","holder":"Rugala 2020 S.L.","holder_count":1}},{"type":"Feature","geometry":{"type":"Point","coordinates":[-6.215996,36.610925]},"properties":{"id":"VUT/CA/20797","type":"VUT","group":"Completa","address":"RONDA DEL FERROCARRIL Nº 1 Plta/Piso 1 Pta/Letra IZQ, piso 1, puerta IZQ","postal_code":"11500","places":8,"units":3,"registered":"2024-05-24","catastro":"9055604QA4595E0002AU","holder":null,"holder_count":null}},{"type":"Feature","geometry":{"type":"Point","coordinates":[-6.223599,36.571482]},"properties":{"id":"VUT/CA/20819","type":"VUT","group":"Completa","address":"PASEO PASEO MARITIMO DE VALDELAGRANA Nº 33 Blq. 2 Portal FRAGATA Plta/Piso 2 Pta/Letra C, piso 2, puerta C","postal_code":"11500","places":6,"units":2,"registered":"2024-05-27","catastro":"8611705QA4581B0003AQ","holder":null,"holder_count":null}},{"type":"Feature","geometry":{"type":"Point","coordinates":[-6.224464,36.577606]},"properties":{"id":"VUT/CA/20820","type":"VUT","group":"Completa","address":"AVENIDA DE LA PAZ Nº 65 Blq. 2 Plta/Piso 2 Pta/Letra A Compl.Dom. URBANIZACION  VALDEMAR, piso 2, puerta A","postal_code":"11500","places":6,"units":3,"registered":"2024-05-27","catastro":"8418701QA4518G0038YW","holder":null,"holder_count":null}},{"type":"Feature","geometry":{"type":"Point","coordinates":[-6.270279,36.598855]},"properties":{"id":"VUT/CA/20826","type":"VUT","group":"Completa","address":"CALLE mar de irlanda Km 0 Calif.Nº 0 Blq. 0 Portal 0 Esc. 0 Plta/Piso 0 Pta/Letra 0 Compl.Dom. urbanizacion las redes, piso 0, puerta 0","postal_code":"11500","places":10,"units":4,"registered":"2024-05-27","catastro":"4341101QA4544D0015FJ","holder":null,"holder_count":null}},{"type":"Feature","geometry":{"type":"Point","coordinates":[-6.220907,36.574748]},"properties":{"id":"VUT/CA/20829","type":"VUT","group":"Completa","address":"AVENIDA Río San Pedro Nº 43","postal_code":"11500","places":10,"units":4,"registered":"2024-05-27","catastro":"8815201QA4581H0004YP","holder":null,"holder_count":null}},{"type":"Feature","geometry":{"type":"Point","coordinates":[-6.228737,36.598813]},"properties":{"id":"VUT/CA/20831","type":"VUT","group":"Completa","address":"CALLE SANTO DOMINGO Nº 40 Plta/Piso 2 Pta/Letra A, piso 2, puerta A","postal_code":"11500","places":4,"units":2,"registered":"2024-05-27","catastro":"8041906QA4584A0013RR","holder":null,"holder_count":null}},{"type":"Feature","geometry":{"type":"Point","coordinates":[-6.222162,36.571308]},"properties":{"id":"VUT/CA/20841","type":"VUT","group":"Completa","address":"URBANIZACION BLEGAMAR EDIFICIO LA PINTA Plta/Piso 10º Pta/Letra A, piso 10º, puerta A","postal_code":"11500","places":6,"units":2,"registered":"2024-05-28","catastro":"8611729QA4581B0022WF","holder":null,"holder_count":null}},{"type":"Feature","geometry":{"type":"Point","coordinates":[-6.222162,36.571308]},"properties":{"id":"VUT/CA/20851","type":"VUT","group":"Completa","address":"URBANIZACION BLEGAMAR EDIFICIO LA PINTA Plta/Piso 10º Pta/Letra A, piso 10º, puerta A","postal_code":"11500","places":6,"units":2,"registered":"2024-05-28","catastro":"8611729QA4581B0022WF","holder":null,"holder_count":null}},{"type":"Feature","geometry":{"type":"Point","coordinates":[-6.270716,36.592248]},"properties":{"id":"VUT/CA/20860","type":"VUT","group":"Completa","address":"CALLE Javier Merello Nº 3 Portal 2 Plta/Piso 2 Pta/Letra E Compl.Dom. Apartamentos Mochicle, piso 2, puerta E","postal_code":"11500","places":10,"units":4,"registered":"2024-05-29","catastro":"4333520QA4543C0043EP","holder":null,"holder_count":null}},{"type":"Feature","geometry":{"type":"Point","coordinates":[-6.227861,36.595822]},"properties":{"id":"VUT/CA/20862","type":"VUT","group":"Completa","address":"CALLE VENENCIA Nº 2 Blq. 2 Esc. 3 Plta/Piso 1 Pta/Letra A, piso 1, puerta A","postal_code":"11500","places":4,"units":1,"registered":"2024-05-29","catastro":"8138901QA4583G0067DA","holder":null,"holder_count":null}},{"type":"Feature","geometry":{"type":"Point","coordinates":[-6.25219,36.59969]},"properties":{"id":"VUT/CA/20871","type":"VUT","group":"Completa","address":"AVENIDA JUAN MELGAREJO Nº 6 Esc. 1 Plta/Piso 3 Pta/Letra 19, piso 3, puerta 19","postal_code":"11500","places":3,"units":1,"registered":"2024-05-29","catastro":"6240915QA4564A0254MI","holder":null,"holder_count":null}},{"type":"Feature","geometry":{"type":"Point","coordinates":[-6.2818,36.607413]},"properties":{"id":"VUT/CA/20882","type":"VUT","group":"Completa","address":"CALLE De los Arcos Nº 6","postal_code":"11500","places":8,"units":3,"registered":"2024-05-30","catastro":"3447538QA4534G0001RY","holder":null,"holder_count":null}},{"type":"Feature","geometry":{"type":"Point","coordinates":[-6.21991,36.607363]},"properties":{"id":"VUT/CA/20907","type":"VUT","group":"Completa","address":"AVENIDA SANLUCAR Nº 8 Esc. 1 Plta/Piso 3 Pta/Letra D, piso 3, puerta D","postal_code":"11500","places":6,"units":2,"registered":"2024-06-03","catastro":"8851505QA4585B0021QS","holder":null,"holder_count":null}},{"type":"Feature","geometry":{"type":"Point","coordinates":[-6.228189,36.630604]},"properties":{"id":"VUT/CA/20915","type":"VUT","group":"Completa","address":"CALLE IMPERIO ROMANO Nº 4","postal_code":"11500","places":6,"units":3,"registered":"2024-06-03","catastro":"7976501QA4577F0001WK","holder":null,"holder_count":null}},{"type":"Feature","geometry":{"type":"Point","coordinates":[-6.286027,36.610481]},"properties":{"id":"VUT/CA/20921","type":"VUT","group":"Completa","address":"CALLE DE LA MORA Nº 5 Plta/Piso 2 Pta/Letra 16 Compl.Dom. EDIFICO HERCULES, piso 2, puerta 16","postal_code":"11500","places":4,"units":2,"registered":"2024-06-03","catastro":"3153838QA4535C0027YU","holder":null,"holder_count":null}},{"type":"Feature","geometry":{"type":"Point","coordinates":[-6.273925,36.598398]},"properties":{"id":"VUT/CA/20931","type":"VUT","group":"Completa","address":"CALLE Mar Adriático Nº 118 Pta/Letra 18, puerta 18","postal_code":"11500","places":7,"units":3,"registered":"2024-06-03","catastro":"4040202QA4544A0018EH","holder":null,"holder_count":null}},{"type":"Feature","geometry":{"type":"Point","coordinates":[-6.243742,36.593347]},"properties":{"id":"VUT/CA/20939","type":"VUT","group":"Completa","address":"CALLE CARIBE Nº 1 Portal 2 Esc. 2 Plta/Piso 03 Pta/Letra 22 Compl.Dom. EDIFICIO ORELLANA, piso 03, puerta 22","postal_code":"11500","places":6,"units":3,"registered":"2024-06-04","catastro":"6735101QA4563F0056XO","holder":null,"holder_count":null}},{"type":"Feature","geometry":{"type":"Point","coordinates":[-6.282909,36.612441]},"properties":{"id":"VUT/CA/20940","type":"VUT","group":"Completa","address":"CALLE Manzana Nº 1 Plta/Piso 1 Pta/Letra D, piso 1, puerta D","postal_code":"11500","places":4,"units":2,"registered":"2024-06-04","catastro":"3154401QA4535C0028BI","holder":null,"holder_count":null}},{"type":"Feature","geometry":{"type":"Point","coordinates":[-6.229418,36.609223]},"properties":{"id":"VUT/CA/20946","type":"VUT","group":"Por habitaciones","address":"CALLE chile Nº 5 Pta/Letra BIS, puerta BIS","postal_code":"11500","places":4,"units":1,"registered":"2024-06-04","catastro":"7953317QA4575D0001ES","holder":null,"holder_count":null}},{"type":"Feature","geometry":{"type":"Point","coordinates":[-6.223852,36.580037]},"properties":{"id":"VUT/CA/20962","type":"VUT","group":"Completa","address":"CALLE CATALINA SANTOS LA GUACHI Nº 33 Portal 11 Plta/Piso 8 Pta/Letra D, piso 8, puerta D","postal_code":"11500","places":6,"units":3,"registered":"2024-06-05","catastro":"8320501QA4582A0370UK","holder":null,"holder_count":null}},{"type":"Feature","geometry":{"type":"Point","coordinates":[-6.286006,36.6114]},"properties":{"id":"VUT/CA/20981","type":"VUT","group":"Completa","address":"CALLE CALLE CIRUELA Nº 15 Plta/Piso 0 Pta/Letra B, piso 0, puerta B","postal_code":"11500","places":3,"units":1,"registered":"2024-06-07","catastro":"2854801QA4525D0019UU","holder":null,"holder_count":null}},{"type":"Feature","geometry":{"type":"Point","coordinates":[-6.27552,36.607316]},"properties":{"id":"VUT/CA/20982","type":"VUT","group":"Completa","address":"CALLE PROA Nº 15","postal_code":"11500","places":6,"units":3,"registered":"2024-06-07","catastro":"3848301QA4534H0007XZ","holder":"OTON GONZALEZ REAL ESTATE, S.L.","holder_count":1}},{"type":"Feature","geometry":{"type":"Point","coordinates":[-6.220618,36.607807]},"properties":{"id":"VUT/CA/20995","type":"VUT","group":"Completa","address":"CALLE TONEL Nº 6 Plta/Piso 4 Pta/Letra IZQ, piso 4, puerta IZQ","postal_code":"11500","places":5,"units":3,"registered":"2024-06-08","catastro":"8751401QA4585B0008IT","holder":"OLE SOLUTIONS HOLIDAY RENTALS S.L.","holder_count":12}},{"type":"Feature","geometry":{"type":"Point","coordinates":[-6.255583,36.601479]},"properties":{"id":"VUT/CA/21003","type":"VUT","group":"Completa","address":"PASEO DE LA TORRE Nº 13","postal_code":"11500","places":6,"units":3,"registered":"2024-06-09","catastro":"5743905QA4554D0002JA","holder":"JAMAIS 2000, S.L.","holder_count":1}},{"type":"Feature","geometry":{"type":"Point","coordinates":[-6.222118,36.571137]},"properties":{"id":"VUT/CA/21008","type":"VUT","group":"Completa","address":"CALLE SANTA MARIA DEL MAR Nº 16 Portal C Plta/Piso 9 Pta/Letra A, piso 9, puerta A","postal_code":"11500","places":6,"units":3,"registered":"2024-06-10","catastro":"8611728QA4581B0020FS","holder":null,"holder_count":null}},{"type":"Feature","geometry":{"type":"Point","coordinates":[-6.269379,36.604172]},"properties":{"id":"VUT/CA/21049","type":"VUT","group":"Completa","address":"CALLE MAR DEL NORTE Nº 8 Blq. 2 Plta/Piso 1 Pta/Letra C, piso 1, puerta C","postal_code":"11500","places":6,"units":2,"registered":"2024-06-12","catastro":"4146504qa4544e0015ye","holder":null,"holder_count":null}},{"type":"Feature","geometry":{"type":"Point","coordinates":[-6.225725,36.596451]},"properties":{"id":"VUT/CA/21053","type":"VUT","group":null,"address":"PLAZA CRISTOBAL COLON Nº 1 Plta/Piso 1 Pta/Letra 4, piso 1, puerta 4","postal_code":"11500","places":6,"units":2,"registered":"2024-06-13","catastro":"8239704QA4583G0004US","holder":null,"holder_count":null}},{"type":"Feature","geometry":{"type":"Point","coordinates":[-6.22275,36.600066]},"properties":{"id":"VUT/CA/21054","type":"VUT","group":"Completa","address":"CALLE RIBERA DEL RIO Nº 26 Plta/Piso 2 Pta/Letra 6, piso 2, puerta 6","postal_code":"11500","places":6,"units":2,"registered":"2024-06-13","catastro":"8543809QA4584D0001AX","holder":null,"holder_count":null}},{"type":"Feature","geometry":{"type":"Point","coordinates":[-6.232122,36.605764]},"properties":{"id":"VUT/CA/21061","type":"VUT","group":"Completa","address":"CALLE DE LA ANGELITA Nº 3 Portal 2 Plta/Piso 3 Pta/Letra B, piso 3, puerta B","postal_code":"11500","places":6,"units":3,"registered":"2024-06-13","catastro":"7748302QA4574H0019IM","holder":null,"holder_count":null}},{"type":"Feature","geometry":{"type":"Point","coordinates":[-6.226159,36.598177]},"properties":{"id":"VUT/CA/21066","type":"VUT","group":"Completa","address":"CALLE VIRGEN DE LOS MILAGROS Nº 109 Plta/Piso 2 Pta/Letra B, piso 2, puerta B","postal_code":"11500","places":5,"units":2,"registered":"2024-06-13","catastro":"8240521QA4584A0006ZM","holder":null,"holder_count":null}},{"type":"Feature","geometry":{"type":"Point","coordinates":[-6.287179,36.612629]},"properties":{"id":"VUT/CA/21067","type":"VUT","group":"Completa","address":"CALLE GUAYABA Nº 11 Plta/Piso 00 Pta/Letra 5, piso 00, puerta 5","postal_code":"11500","places":10,"units":4,"registered":"2024-06-13","catastro":"2756106QA4525F0016HX","holder":null,"holder_count":null}},{"type":"Feature","geometry":{"type":"Point","coordinates":[-6.22275,36.600066]},"properties":{"id":"VUT/CA/21070","type":"VUT","group":"Completa","address":"CALLE RIBERA DEL RIO Nº 26 Plta/Piso 2 Pta/Letra 7, piso 2, puerta 7","postal_code":"11500","places":6,"units":2,"registered":"2024-06-13","catastro":"8543809QA4584D0001AX","holder":null,"holder_count":null}},{"type":"Feature","geometry":{"type":"Point","coordinates":[-6.22275,36.600066]},"properties":{"id":"VUT/CA/21071","type":"VUT","group":"Completa","address":"CALLE RIBERA DEL RIO Nº 26 Plta/Piso 1 Pta/Letra 5, piso 1, puerta 5","postal_code":"11500","places":4,"units":1,"registered":"2024-06-13","catastro":"8543809QA4584D0001AX","holder":"ESTANCIAS DEL PUERTO, S.L.","holder_count":2}},{"type":"Feature","geometry":{"type":"Point","coordinates":[-6.22275,36.600066]},"properties":{"id":"VUT/CA/21072","type":"VUT","group":"Completa","address":"CALLE RIBERA DEL RIO Nº 26 Plta/Piso 2 Pta/Letra 8, piso 2, puerta 8","postal_code":"11500","places":4,"units":1,"registered":"2024-06-13","catastro":"8543809QA4584D0001AX","holder":"ESTANCIAS DEL PUERTO, S.L.","holder_count":2}},{"type":"Feature","geometry":{"type":"Point","coordinates":[-6.263954,36.596056]},"properties":{"id":"VUT/CA/21100","type":"VUT","group":"Completa","address":"CAMINO DE LAS ARENILLAS Nº 8 Esc. 1 Plta/Piso 00 Pta/Letra 3, piso 00, puerta 3","postal_code":"11500","places":10,"units":4,"registered":"2024-06-17","catastro":"51399C3QA4553G0003WX","holder":"TEN CON TEN REAL ESTATE, S.L","holder_count":2}},{"type":"Feature","geometry":{"type":"Point","coordinates":[-6.231498,36.604703]},"properties":{"id":"VUT/CA/21101","type":"VUT","group":"Completa","address":"PLAZA JARDINERO MAYOR FRANCISCO PEÑA Nº 2 Blq. 3 Plta/Piso 1 Pta/Letra A, piso 1, puerta A","postal_code":"11500","places":5,"units":2,"registered":"2024-06-17","catastro":"7747501QA4574H0347UT","holder":null,"holder_count":null}},{"type":"Feature","geometry":{"type":"Point","coordinates":[-6.223894,36.601856]},"properties":{"id":"VUT/CA/21104","type":"VUT","group":"Completa","address":"CALLE CHANCA Nº 22","postal_code":"11500","places":4,"units":2,"registered":"2024-06-17","catastro":"8445703QA4584E0007MF","holder":"OLE SOLUTIONS HOLIDAY RENTALS S.L.","holder_count":12}},{"type":"Feature","geometry":{"type":"Point","coordinates":[-6.22351,36.574783]},"properties":{"id":"VUT/CA/21105","type":"VUT","group":"Completa","address":"PASEO PASEO MARITIMO Nº 25 Portal 2 Plta/Piso 3 Pta/Letra B Compl.Dom. RESIDENCIAL VALPARAISO, piso 3, puerta B","postal_code":"11500","places":6,"units":2,"registered":"2024-06-17","catastro":"8515902QA4581F0055AT","holder":null,"holder_count":null}},{"type":"Feature","geometry":{"type":"Point","coordinates":[-6.232122,36.605764]},"properties":{"id":"VUT/CA/21108","type":"VUT","group":"Completa","address":"CALLE LA ANGELITA Nº 3 Blq. 4 Plta/Piso 2 Pta/Letra B Compl.Dom. URBANIZACIÓN BAHIA GOLF NUMERO 3, piso 2, puerta B","postal_code":"11500","places":7,"units":3,"registered":"2024-06-17","catastro":"7748302QA4574H0037BS","holder":"AC GESTION CADIZ S.L.","holder_count":3}},{"type":"Feature","geometry":{"type":"Point","coordinates":[-6.22351,36.574783]},"properties":{"id":"VUT/CA/21111","type":"VUT","group":"Completa","address":"URBANIZACION PASEO MARITIMO EDI VALPARAISO 4 Nº 4 Blq. 4 Plta/Piso 2 Pta/Letra C, piso 2, puerta C","postal_code":"11500","places":6,"units":3,"registered":"2024-06-17","catastro":"8515902QA4581F0366TX","holder":null,"holder_count":null}},{"type":"Feature","geometry":{"type":"Point","coordinates":[-6.223816,36.605274]},"properties":{"id":"VUT/CA/21126","type":"VUT","group":"Completa","address":"CALLE Espiritu Santo Nº 36 Plta/Piso 1 Pta/Letra g, piso 1, puerta g","postal_code":"11500","places":5,"units":1,"registered":"2024-06-18","catastro":"8449703QA4584G0121IB","holder":null,"holder_count":null}},{"type":"Feature","geometry":{"type":"Point","coordinates":[-6.229414,36.602487]},"properties":{"id":"VUT/CA/21137","type":"VUT","group":"Por habitaciones","address":"CALLE mazuela Nº 7","postal_code":"11500","places":6,"units":5,"registered":"2024-06-19","catastro":"7945709QA4574F0001KD","holder":null,"holder_count":null}},{"type":"Feature","geometry":{"type":"Point","coordinates":[-6.25723,36.604085]},"properties":{"id":"VUT/CA/21139","type":"VUT","group":"Completa","address":"CALLE Cuatro Pinos Nº 50 Pta/Letra 8, puerta 8","postal_code":"11500","places":6,"units":4,"registered":"2024-06-19","catastro":"5347710QA4554E0008HE","holder":"GUADALETE GESTION TURISTICA, S.L.","holder_count":18}},{"type":"Feature","geometry":{"type":"Point","coordinates":[-6.284542,36.609774]},"properties":{"id":"VUT/CA/21146","type":"VUT","group":"Completa","address":"CALLE GOLETA Nº 26 Blq. A Pta/Letra 15, puerta 15","postal_code":"11500","places":6,"units":3,"registered":"2024-06-19","catastro":"3153825QA4535C0005GF","holder":null,"holder_count":null}},{"type":"Feature","geometry":{"type":"Point","coordinates":[-6.227384,36.598592]},"properties":{"id":"VUT/CA/21150","type":"VUT","group":"Completa","address":"CALLE PALACIOS Nº 47 Plta/Piso BAJO Pta/Letra 1, piso BAJO, puerta 1","postal_code":"11500","places":4,"units":1,"registered":"2024-06-20","catastro":"8141116QA4584A0002LL","holder":null,"holder_count":null}},{"type":"Feature","geometry":{"type":"Point","coordinates":[-6.22275,36.600066]},"properties":{"id":"VUT/CA/21156","type":"VUT","group":"Completa","address":"CALLE RIBERA DEL RIO Nº 26 Plta/Piso BAJO Pta/Letra 1, piso BAJO, puerta 1","postal_code":"11500","places":4,"units":1,"registered":"2024-06-20","catastro":"8543809QA4584D0001AX","holder":"CUSARMEX, S.L.","holder_count":2}},{"type":"Feature","geometry":{"type":"Point","coordinates":[-6.22275,36.600066]},"properties":{"id":"VUT/CA/21157","type":"VUT","group":"Completa","address":"CALLE RIBERA DEL RIO Nº 26 Plta/Piso 1 Pta/Letra 3, piso 1, puerta 3","postal_code":"11500","places":6,"units":2,"registered":"2024-06-20","catastro":"8543809QA4584D0001AX","holder":"CUSARMEX, S.L.","holder_count":2}},{"type":"Feature","geometry":{"type":"Point","coordinates":[-6.223816,36.605274]},"properties":{"id":"VUT/CA/21168","type":"VUT","group":"Completa","address":"CALLE ESPÍRITU SANTO Nº 36 Calif.Nº . Plta/Piso 1 Pta/Letra B, piso 1, puerta B","postal_code":"11500","places":4,"units":1,"registered":"2024-06-21","catastro":"8449703QA4584G0116YK","holder":null,"holder_count":null}},{"type":"Feature","geometry":{"type":"Point","coordinates":[-6.236612,36.598028]},"properties":{"id":"VUT/CA/21175","type":"VUT","group":"Completa","address":"CALLE VALDÉS Nº 41 Plta/Piso 3 Pta/Letra DR., piso 3, puerta DR.","postal_code":"11500","places":6,"units":3,"registered":"2024-06-21","catastro":"7340204QA4574A0005EK","holder":null,"holder_count":null}},{"type":"Feature","geometry":{"type":"Point","coordinates":[-6.223959,36.601089]},"properties":{"id":"VUT/CA/21178","type":"VUT","group":"Completa","address":"CALLE VIRGEN DE LOS MILAGROS Nº 64 Plta/Piso 1 Pta/Letra B, piso 1, puerta B","postal_code":"11500","places":6,"units":3,"registered":"2024-06-22","catastro":"8444117QA4584C0017IE","holder":null,"holder_count":null}},{"type":"Feature","geometry":{"type":"Point","coordinates":[-6.207568,36.628218]},"properties":{"id":"VUT/CA/21183","type":"VUT","group":"Por habitaciones","address":"CALLE azada Nº 3","postal_code":"11500","places":3,"units":1,"registered":"2024-06-22","catastro":"9874301QA4597D0034LO","holder":null,"holder_count":null}},{"type":"Feature","geometry":{"type":"Point","coordinates":[-6.226181,36.600967]},"properties":{"id":"VUT/CA/21197","type":"VUT","group":"Completa","address":"CALLE cielo Nº 91 Plta/Piso 1º Pta/Letra D Compl.Dom. APATAMENTO Nº2 EN PRIMERA PLANTA ALTA, piso 1º, puerta D","postal_code":"11500","places":4,"units":1,"registered":"2024-06-24","catastro":"8243409QA4584C0004XH","holder":null,"holder_count":null}},{"type":"Feature","geometry":{"type":"Point","coordinates":[-6.22574,36.597505]},"properties":{"id":"VUT/CA/21200","type":"VUT","group":"Completa","address":"CALLE Palacios Nº 14 Plta/Piso 1 Pta/Letra D, piso 1, puerta D","postal_code":"11500","places":4,"units":2,"registered":"2024-06-25","catastro":"8340202QA4584A0041XM","holder":null,"holder_count":null}},{"type":"Feature","geometry":{"type":"Point","coordinates":[-6.258218,36.580429]},"properties":{"id":"VUT/CA/21201","type":"VUT","group":"Completa","address":"de MEDINA Nº 6 Esc. 1 Plta/Piso 00 Pta/Letra 06, piso 00, puerta 06","postal_code":"11500","places":8,"units":3,"registered":"2024-06-25","catastro":"5420603QA4552A0006XM","holder":"TEN CON TEN REAL ESTATE, S.L","holder_count":2}},{"type":"Feature","geometry":{"type":"Point","coordinates":[-6.287591,36.612481]},"properties":{"id":"VUT/CA/21207","type":"VUT","group":"Completa","address":"CALLE BREVA Nº 43 Esc. 4 Plta/Piso 2 Pta/Letra IZDA, piso 2, puerta IZDA","postal_code":"11500","places":2,"units":3,"registered":"2024-06-25","catastro":"2756101QA4525H0002YY","holder":"ALQUISERVI, S.L.","holder_count":1}},{"type":"Feature","geometry":{"type":"Point","coordinates":[-6.260716,36.580627]},"properties":{"id":"VUT/CA/21245","type":"VUT","group":"Completa","address":"PASEO del Sherry Nº 14 Plta/Piso 2 Pta/Letra B, piso 2, puerta B","postal_code":"11500","places":5,"units":3,"registered":"2024-06-27","catastro":"5217401QA4551G0045HK","holder":"Benbo Adminnistración y Servicios SL","holder_count":5}},{"type":"Feature","geometry":{"type":"Point","coordinates":[-6.232749,36.604355]},"properties":{"id":"VUT/CA/21263","type":"VUT","group":"Completa","address":"CALLE Tren de Rota Nº 6","postal_code":"11500","places":8,"units":3,"registered":"2024-06-28","catastro":"7647703QA4574F0096BS","holder":"MORENO LASSALETTA S.L.","holder_count":1}},{"type":"Feature","geometry":{"type":"Point","coordinates":[-6.223852,36.580037]},"properties":{"id":"VUT/CA/21274","type":"VUT","group":"Completa","address":"AVENIDA CATALINA SANTOS LA GUACHI Nº 1 Blq. 1 Plta/Piso 5 Pta/Letra C, piso 5, puerta C","postal_code":"11500","places":6,"units":3,"registered":"2024-06-30","catastro":"8320501QA4582A0091DQ","holder":null,"holder_count":null}},{"type":"Feature","geometry":{"type":"Point","coordinates":[-6.228737,36.598813]},"properties":{"id":"VUT/CA/21275","type":"VUT","group":"Completa","address":"CALLE SANTO DOMINGO Nº 40 Plta/Piso 1 Pta/Letra G, piso 1, puerta G","postal_code":"11500","places":4,"units":2,"registered":"2024-06-30","catastro":"8041906QA4584A0012EE","holder":null,"holder_count":null}},{"type":"Feature","geometry":{"type":"Point","coordinates":[-6.226163,36.597628]},"properties":{"id":"VUT/CA/21279","type":"VUT","group":"Completa","address":"CALLE PALACIOS Nº 13 Esc. 1 Plta/Piso 1 Pta/Letra c, piso 1, puerta c","postal_code":"11500","places":5,"units":2,"registered":"2024-07-01","catastro":"8240915QA4584A0004IZ","holder":"RURAL PARADA Y FONDA S.L.","holder_count":2}},{"type":"Feature","geometry":{"type":"Point","coordinates":[-6.220609,36.572264]},"properties":{"id":"VUT/CA/21288","type":"VUT","group":"Completa","address":"CALLE AVOCETA Nº 1 Blq. 3 Plta/Piso 2 Pta/Letra F, piso 2, puerta F","postal_code":"11500","places":4,"units":1,"registered":"2024-07-01","catastro":"8811301QA4581B0083XA","holder":null,"holder_count":null}},{"type":"Feature","geometry":{"type":"Point","coordinates":[-6.244813,36.59547]},"properties":{"id":"VUT/CA/21289","type":"VUT","group":"Completa","address":"CALLE Alvar Núñez Nº 1 Portal 5 Plta/Piso 4 Pta/Letra C, piso 4, puerta C","postal_code":"11500","places":5,"units":3,"registered":"2024-07-01","catastro":"6637103QA4563E0124GE","holder":null,"holder_count":null}},{"type":"Feature","geometry":{"type":"Point","coordinates":[-6.230519,36.600421]},"properties":{"id":"VUT/CA/21297","type":"VUT","group":"Completa","address":"CALLE CRUCES Nº 74 Plta/Piso 1 Pta/Letra 1-2, piso 1, puerta 1-2","postal_code":"11500","places":8,"units":3,"registered":"2024-07-02","catastro":"7843324QA4574D0001SK","holder":"ARQUITECTURA BUSINESS AGUILAR, S.L.P.","holder_count":1}},{"type":"Feature","geometry":{"type":"Point","coordinates":[-6.226266,36.595218]},"properties":{"id":"VUT/CA/21301","type":"VUT","group":"Completa","address":"AVENIDA MICAELA ARAMBURU Nº 21 Blq. 21D Esc. 01 Plta/Piso 01 Pta/Letra D Compl.Dom. AV MICAELA ARAMBUR 21(D) Es:1 Pl:01 Pt:D 11500 EL PUERTO DE SANTA MARIA (CÁDIZ), piso 01, puerta D","postal_code":"11500","places":7,"units":3,"registered":"2024-07-02","catastro":"8237903QA4583E0004LJ","holder":null,"holder_count":null}},{"type":"Feature","geometry":{"type":"Point","coordinates":[-6.232154,36.598825]},"properties":{"id":"VUT/CA/21330","type":"VUT","group":"Por habitaciones","address":"CALLE Cruces Nº 102","postal_code":"11500","places":6,"units":3,"registered":"2024-07-03","catastro":"7642207QA4574B0001SM","holder":null,"holder_count":null}},{"type":"Feature","geometry":{"type":"Point","coordinates":[-6.225439,36.601506]},"properties":{"id":"VUT/CA/21332","type":"VUT","group":"Completa","address":"CALLE CIELO Nº 86 Esc. 1 Plta/Piso 00 Pta/Letra 02, piso 00, puerta 02","postal_code":"11500","places":4,"units":1,"registered":"2024-07-03","catastro":"8345829QA4584E0004TA","holder":null,"holder_count":null}},{"type":"Feature","geometry":{"type":"Point","coordinates":[-6.229852,36.603013]},"properties":{"id":"VUT/CA/21338","type":"VUT","group":"Completa","address":"CALLE yerba Nº 33","postal_code":"11500","places":4,"units":1,"registered":"2024-07-04","catastro":"7945307QA4574F0009GZ","holder":null,"holder_count":null}},{"type":"Feature","geometry":{"type":"Point","coordinates":[-6.230519,36.600421]},"properties":{"id":"VUT/CA/21340","type":"VUT","group":"Completa","address":"CALLE CRUCES Nº 74 Plta/Piso 1 Pta/Letra 3-4, piso 1, puerta 3-4","postal_code":"11500","places":10,"units":3,"registered":"2024-07-04","catastro":"7843324QA4574D0001SK","holder":"CASA SOLARANA, SL","holder_count":1}},{"type":"Feature","geometry":{"type":"Point","coordinates":[-6.223852,36.580037]},"properties":{"id":"VUT/CA/21354","type":"VUT","group":"Completa","address":"CALLE CATALINA SANROS LA GUACHI Nº 33 Portal 11 Plta/Piso 8 Pta/Letra D Compl.Dom. URBANIZACIÓN PUERTO MAR, piso 8, puerta D","postal_code":"11500","places":6,"units":3,"registered":"2024-07-04","catastro":"8320501qa4582a0370uk","holder":null,"holder_count":null}},{"type":"Feature","geometry":{"type":"Point","coordinates":[-6.281647,36.607265]},"properties":{"id":"VUT/CA/21372","type":"VUT","group":"Completa","address":"CALLE LOS ARCOS Nº 11","postal_code":"11500","places":8,"units":3,"registered":"2024-07-07","catastro":"3447543QA4534G0001XY","holder":null,"holder_count":null}},{"type":"Feature","geometry":{"type":"Point","coordinates":[-6.230519,36.600421]},"properties":{"id":"VUT/CA/21379","type":"VUT","group":"Completa","address":"CALLE CRUCES Nº 74 Plta/Piso 1 Pta/Letra 5-6, piso 1, puerta 5-6","postal_code":"11500","places":7,"units":3,"registered":"2024-07-08","catastro":"7843324QA4574D0001SK","holder":"CASA ÁGUILAS, S.L.","holder_count":1}},{"type":"Feature","geometry":{"type":"Point","coordinates":[-6.237059,36.593506]},"properties":{"id":"VUT/CA/21388","type":"VUT","group":"Completa","address":"CALLE CAMINO DE LOS ENAMORADOS, EDIFICIO ANDALUCIA Blq. 5 Portal 5 Esc. 2 Plta/Piso 5, piso 5","postal_code":"11500","places":4,"units":2,"registered":"2024-07-08","catastro":"7335601QA4573E0043IJ","holder":null,"holder_count":null}},{"type":"Feature","geometry":{"type":"Point","coordinates":[-6.222932,36.573062]},"properties":{"id":"VUT/CA/21405","type":"VUT","group":"Completa","address":"PASEO paseo maritimo Nº 29 Portal 3 Plta/Piso 1 Pta/Letra g Compl.Dom. valdelagrana .edificio bahia sherry, piso 1, puerta g","postal_code":"11500","places":2,"units":2,"registered":"2024-07-10","catastro":"8613101QA4581D0385TJ","holder":null,"holder_count":null}},{"type":"Feature","geometry":{"type":"Point","coordinates":[-6.241957,36.639331]},"properties":{"id":"VUT/CA/21416","type":"VUT","group":"Por habitaciones","address":"CALLE PERAL MOSCATEL Nº 2","postal_code":"11500","places":5,"units":2,"registered":"2024-07-11","catastro":"6585501QA4568F0001TI","holder":null,"holder_count":null}},{"type":"Feature","geometry":{"type":"Point","coordinates":[-6.25796,36.580525]},"properties":{"id":"VUT/CA/21430","type":"VUT","group":"Completa","address":"AVENIDA del Puerto de Santa María Nº 2 Esc. 2 Pta/Letra 6, puerta 6","postal_code":"11500","places":3,"units":1,"registered":"2024-07-12","catastro":"5420601QA4552A0011YW","holder":null,"holder_count":null}},{"type":"Feature","geometry":{"type":"Point","coordinates":[-6.251443,36.59594]},"properties":{"id":"VUT/CA/21469","type":"VUT","group":"Completa","address":"CAMINO DEL AGUILA Nº 42 Pta/Letra 10 Compl.Dom. COMPLEJO SIAT VISTAHERMOSA, puerta 10","postal_code":"11500","places":2,"units":4,"registered":"2024-07-16","catastro":"6034151QA4563C0001EA","holder":"PISGO DE INVERSIONES","holder_count":1}},{"type":"Feature","geometry":{"type":"Point","coordinates":[-6.230174,36.593974]},"properties":{"id":"VUT/CA/21471","type":"VUT","group":"Completa","address":"CALLE COMEDIAS Nº 4 Esc. A Plta/Piso 2 Pta/Letra B, piso 2, puerta B","postal_code":"11500","places":6,"units":3,"registered":"2024-07-16","catastro":"7836215QA4573F0045ST","holder":null,"holder_count":null}},{"type":"Feature","geometry":{"type":"Point","coordinates":[-6.243901,36.596935]},"properties":{"id":"VUT/CA/21483","type":"VUT","group":"Completa","address":"CALLE ALMIRANTE CHACON Nº 13 Plta/Piso 2 Pta/Letra D, piso 2, puerta D","postal_code":"11500","places":5,"units":3,"registered":"2024-07-17","catastro":"6638503QA4563H0008MJ","holder":null,"holder_count":null}},{"type":"Feature","geometry":{"type":"Point","coordinates":[-6.224343,36.59845]},"properties":{"id":"VUT/CA/21492","type":"VUT","group":"Completa","address":"CALLE JESUS DE LOS MILAGROS Nº 7 Plta/Piso 2º Pta/Letra A, piso 2º, puerta A","postal_code":"11500","places":8,"units":3,"registered":"2024-07-18","catastro":"8441108QA4584A0003BB","holder":"GINVA REAL ESTATE SLU","holder_count":7}},{"type":"Feature","geometry":{"type":"Point","coordinates":[-6.257892,36.584098]},"properties":{"id":"VUT/CA/21493","type":"VUT","group":"Completa","address":"CALLE CASUARIA Nº 12","postal_code":"11500","places":15,"units":6,"registered":"2024-07-18","catastro":"5424802QA4552C0002FF","holder":"GINVA REAL ESTATE SLU","holder_count":7}},{"type":"Feature","geometry":{"type":"Point","coordinates":[-6.229462,36.599705]},"properties":{"id":"VUT/CA/21495","type":"VUT","group":"Completa","address":"CALLE SAN SEBASTIAN Nº 5 Pta/Letra 10, puerta 10","postal_code":"11500","places":8,"units":3,"registered":"2024-07-18","catastro":"7942222QA4574B0010YY","holder":"GINVA REAL ESTATE SLU","holder_count":7}},{"type":"Feature","geometry":{"type":"Point","coordinates":[-6.228684,36.608879]},"properties":{"id":"VUT/CA/21496","type":"VUT","group":"Completa","address":"CALLE BOLIVIA Nº 1","postal_code":"11500","places":12,"units":6,"registered":"2024-07-18","catastro":"7952701QA4575B0002DK","holder":null,"holder_count":null}},{"type":"Feature","geometry":{"type":"Point","coordinates":[-6.25796,36.580525]},"properties":{"id":"VUT/CA/21503","type":"VUT","group":"Completa","address":"AVENIDA DEL PUERTO Nº 2 Esc. 2 Plta/Piso 0 Pta/Letra 1, piso 0, puerta 1","postal_code":"11500","places":3,"units":1,"registered":"2024-07-19","catastro":"5420601QA4552A0006RM","holder":null,"holder_count":null}},{"type":"Feature","geometry":{"type":"Point","coordinates":[-6.256904,36.578401]},"properties":{"id":"VUT/CA/21507","type":"VUT","group":"Completa","address":"PLAZA GARVEY Nº 42 Esc. 7 Plta/Piso 0 Pta/Letra 4, piso 0, puerta 4","postal_code":"11500","places":2,"units":1,"registered":"2024-07-19","catastro":"5217404QA4551G0080BK","holder":null,"holder_count":null}},{"type":"Feature","geometry":{"type":"Point","coordinates":[-6.198438,36.621829]},"properties":{"id":"VUT/CA/21508","type":"VUT","group":"Completa","address":"CALLE HERMANDAD DEL RESUCITADO Nº 22 Blq. 1 Plta/Piso 0 Compl.Dom. JARDINES DE PONIENTE 1º FASE-VIVIENDA NUMERO 1010, piso 0","postal_code":"11500","places":6,"units":3,"registered":"2024-07-19","catastro":"0667207QA5506H0001HE","holder":null,"holder_count":null}},{"type":"Feature","geometry":{"type":"Point","coordinates":[-6.258241,36.578789]},"properties":{"id":"VUT/CA/21509","type":"VUT","group":"Completa","address":"PASAJE GARROCHISTA Nº 53 Esc. 1 Plta/Piso 0 Pta/Letra 2, piso 0, puerta 2","postal_code":"11500","places":4,"units":1,"registered":"2024-07-19","catastro":"5217413QA4551G0002BP","holder":null,"holder_count":null}},{"type":"Feature","geometry":{"type":"Point","coordinates":[-6.258241,36.578789]},"properties":{"id":"VUT/CA/21510","type":"VUT","group":"Completa","address":"CALLE BULEVAR DEL OLOROSO Nº 53 Esc. 1 Plta/Piso 0 Pta/Letra 5, piso 0, puerta 5","postal_code":"11500","places":6,"units":2,"registered":"2024-07-19","catastro":"5217413QA4551G0005MD","holder":null,"holder_count":null}},{"type":"Feature","geometry":{"type":"Point","coordinates":[-6.228597,36.594697]},"properties":{"id":"VUT/CA/21516","type":"VUT","group":"Completa","address":"CALLE VINO AMONTILLADO Nº 5 Plta/Piso 1 Pta/Letra DCHA, piso 1, puerta DCHA","postal_code":"11500","places":3,"units":4,"registered":"2024-07-21","catastro":"8037801QA4583E0001PF","holder":null,"holder_count":null}},{"type":"Feature","geometry":{"type":"Point","coordinates":[-6.223085,36.569231]},"properties":{"id":"VUT/CA/21527","type":"VUT","group":"Completa","address":"CALLE PASEO MARITIMO Nº 37 Plta/Piso 6 Pta/Letra F Compl.Dom. URBANIZACION PUERTO PRINCIPE III, piso 6, puerta F","postal_code":"11500","places":6,"units":2,"registered":"2024-07-22","catastro":"8709201QA4580H0516MJ","holder":null,"holder_count":null}},{"type":"Feature","geometry":{"type":"Point","coordinates":[-6.222949,36.605862]},"properties":{"id":"VUT/CA/21530","type":"VUT","group":"Completa","address":"CALLE Racimo Nº 2 Plta/Piso 5 Pta/Letra A, piso 5, puerta A","postal_code":"11500","places":4,"units":1,"registered":"2024-07-22","catastro":"8449701QA4584G0137EP","holder":null,"holder_count":null}},{"type":"Feature","geometry":{"type":"Point","coordinates":[-6.22275,36.600066]},"properties":{"id":"VUT/CA/21543","type":"VUT","group":"Completa","address":"CALLE RIBERA DEL RO Nº 26 Plta/Piso BAJA Pta/Letra 2, piso BAJA, puerta 2","postal_code":"11500","places":4,"units":1,"registered":"2024-07-23","catastro":"8543809QA4584D0001AX","holder":null,"holder_count":null}},{"type":"Feature","geometry":{"type":"Point","coordinates":[-6.22275,36.600066]},"properties":{"id":"VUT/CA/21544","type":"VUT","group":"Completa","address":"CALLE RIBERA DEL RO Nº 26 Plta/Piso 1 Pta/Letra 4, piso 1, puerta 4","postal_code":"11500","places":4,"units":1,"registered":"2024-07-23","catastro":"8543809QA4584D0001AX","holder":null,"holder_count":null}},{"type":"Feature","geometry":{"type":"Point","coordinates":[-6.232225,36.59606]},"properties":{"id":"VUT/CA/21545","type":"VUT","group":"Completa","address":"PLAZA Elias Ahuja Nº 5 Blq. 3 Pta/Letra A3, puerta A3","postal_code":"11500","places":5,"units":3,"registered":"2024-07-23","catastro":"7738902QA4573H0054BY","holder":null,"holder_count":null}},{"type":"Feature","geometry":{"type":"Point","coordinates":[-6.223659,36.600638]},"properties":{"id":"VUT/CA/21553","type":"VUT","group":"Completa","address":"CALLE LUJA Nº 15 Plta/Piso 1 Pta/Letra 8 Compl.Dom. PALACIO DE LUJA, piso 1, puerta 8","postal_code":"11500","places":4,"units":1,"registered":"2024-07-24","catastro":"8443622QA4584C0065TD","holder":null,"holder_count":null}},{"type":"Feature","geometry":{"type":"Point","coordinates":[-6.222223,36.575065]},"properties":{"id":"VUT/CA/21560","type":"VUT","group":"Completa","address":"AVENIDA Santa Maria del Mar Nº 13 Blq. 13C Plta/Piso 4 Pta/Letra A Compl.Dom. Residencial Santa Maria del Mar Fase 2, piso 4, puerta A","postal_code":"11500","places":7,"units":3,"registered":"2024-07-24","catastro":"8715101QA4581F0061EI","holder":null,"holder_count":null}},{"type":"Feature","geometry":{"type":"Point","coordinates":[-6.25219,36.59969]},"properties":{"id":"VUT/CA/21563","type":"VUT","group":"Completa","address":"AVENIDA JUAN MELGAREJO Nº 6 Esc. 1 Plta/Piso -1 Pta/Letra 4B, piso -1, puerta 4B","postal_code":"11500","places":4,"units":2,"registered":"2024-07-24","catastro":"6240915QA4564A0041UG","holder":null,"holder_count":null}},{"type":"Feature","geometry":{"type":"Point","coordinates":[-6.230174,36.593974]},"properties":{"id":"VUT/CA/21575","type":"VUT","group":"Completa","address":"CALLE VALDES Nº 5-C Esc. 2 Plta/Piso BAJO Pta/Letra A, piso BAJO, puerta A","postal_code":"11500","places":6,"units":2,"registered":"2024-07-24","catastro":"7836215QA4573F0201OW","holder":null,"holder_count":null}},{"type":"Feature","geometry":{"type":"Point","coordinates":[-6.260794,36.580617]},"properties":{"id":"VUT/CA/21576","type":"VUT","group":"Completa","address":"AVENIDA Santa Maria Nº 103 Esc. 2 Pta/Letra 1 Compl.Dom. PUEBLO SHERRY, puerta 1","postal_code":"11500","places":6,"units":2,"registered":"2024-07-24","catastro":"5217405QA4551G0014UL","holder":null,"holder_count":null}},{"type":"Feature","geometry":{"type":"Point","coordinates":[-6.236411,36.591627]},"properties":{"id":"VUT/CA/21585","type":"VUT","group":"Completa","address":"CALLE REDEROS Portal 1 Plta/Piso BAJO Pta/Letra DERECHA IN, piso BAJO, puerta DERECHA IN","postal_code":"11500","places":4,"units":2,"registered":"2024-07-25","catastro":"7333802QA4573C0015LE","holder":null,"holder_count":null}},{"type":"Feature","geometry":{"type":"Point","coordinates":[-6.222949,36.605862]},"properties":{"id":"VUT/CA/21608","type":"VUT","group":"Completa","address":"CALLE RACIMO Nº 2 Plta/Piso 3 Pta/Letra D, piso 3, puerta D","postal_code":"11500","places":4,"units":1,"registered":"2024-07-26","catastro":"8449701QA4584G0132ZT","holder":null,"holder_count":null}},{"type":"Feature","geometry":{"type":"Point","coordinates":[-6.222949,36.605862]},"properties":{"id":"VUT/CA/21609","type":"VUT","group":"Completa","address":"CALLE racimo Nº 2 Plta/Piso 3 Pta/Letra A, piso 3, puerta A","postal_code":"11500","places":4,"units":1,"registered":"2024-07-26","catastro":"8449701QA4584G0129ZT","holder":"LUARQUI INVERSIONES S.L.","holder_count":1}},{"type":"Feature","geometry":{"type":"Point","coordinates":[-6.222949,36.605862]},"properties":{"id":"VUT/CA/21610","type":"VUT","group":"Completa","address":"CALLE RACIMO Nº 2 Plta/Piso 4 Pta/Letra B, piso 4, puerta B","postal_code":"11500","places":4,"units":1,"registered":"2024-07-26","catastro":"8449701QA4584G0135QI","holder":null,"holder_count":null}},{"type":"Feature","geometry":{"type":"Point","coordinates":[-6.222949,36.605862]},"properties":{"id":"VUT/CA/21616","type":"VUT","group":"Completa","address":"CALLE RACIMO Nº 2 Plta/Piso 2 Pta/Letra D, piso 2, puerta D","postal_code":"11500","places":4,"units":1,"registered":"2024-07-28","catastro":"8449701QA4584G0127LE","holder":null,"holder_count":null}},{"type":"Feature","geometry":{"type":"Point","coordinates":[-6.222949,36.605862]},"properties":{"id":"VUT/CA/21619","type":"VUT","group":"Completa","address":"CALLE Racimo Nº 2 Plta/Piso 2 Pta/Letra C, piso 2, puerta C","postal_code":"11500","places":4,"units":1,"registered":"2024-07-29","catastro":"8449701QA4584G0126KW","holder":null,"holder_count":null}},{"type":"Feature","geometry":{"type":"Point","coordinates":[-6.222949,36.605862]},"properties":{"id":"VUT/CA/21620","type":"VUT","group":"Completa","address":"CALLE Racimo Nº 2 Plta/Piso 4 Pta/Letra C, piso 4, puerta C","postal_code":"11500","places":4,"units":1,"registered":"2024-07-29","catastro":"8449701QA4584G0136WO","holder":null,"holder_count":null}},{"type":"Feature","geometry":{"type":"Point","coordinates":[-6.222949,36.605862]},"properties":{"id":"VUT/CA/21624","type":"VUT","group":"Completa","address":"CALLE RACIMO Nº 2 Plta/Piso 3 Pta/Letra C, piso 3, puerta C","postal_code":"11500","places":4,"units":1,"registered":"2024-07-29","catastro":"8449701QA4584G0131BR","holder":null,"holder_count":null}},{"type":"Feature","geometry":{"type":"Point","coordinates":[-6.285868,36.613417]},"properties":{"id":"VUT/CA/21625","type":"VUT","group":"Completa","address":"CALLE Naranja Nº 44 Blq. 1 Plta/Piso 3 Pta/Letra Izq Compl.Dom. Edificio Fuentebravía-Sol, piso 3, puerta Izq","postal_code":"11500","places":6,"units":2,"registered":"2024-07-29","catastro":"2856901qa4525f0068od","holder":"Benbo Adminnistración y Servicios SL","holder_count":5}},{"type":"Feature","geometry":{"type":"Point","coordinates":[-6.222949,36.605862]},"properties":{"id":"VUT/CA/21627","type":"VUT","group":"Completa","address":"CALLE Racimo Nº 2 Plta/Piso 2 Pta/Letra E, piso 2, puerta E","postal_code":"11500","places":4,"units":1,"registered":"2024-07-29","catastro":"8449701QA4584G0128BR","holder":null,"holder_count":null}},{"type":"Feature","geometry":{"type":"Point","coordinates":[-6.274213,36.599362]},"properties":{"id":"VUT/CA/21631","type":"VUT","group":"Completa","address":"CALLE OCEANO PACIFICO Nº 1 Pta/Letra 18, puerta 18","postal_code":"11500","places":6,"units":2,"registered":"2024-07-29","catastro":"3941902QA4534B0018BZ","holder":null,"holder_count":null}},{"type":"Feature","geometry":{"type":"Point","coordinates":[-6.222949,36.605862]},"properties":{"id":"VUT/CA/21632","type":"VUT","group":"Completa","address":"CALLE Racimo Nº 2 Plta/Piso BAJO Pta/Letra C, piso BAJO, puerta C","postal_code":"11500","places":4,"units":1,"registered":"2024-07-29","catastro":"8449701QA4584G0117SL","holder":null,"holder_count":null}},{"type":"Feature","geometry":{"type":"Point","coordinates":[-6.222949,36.605862]},"properties":{"id":"VUT/CA/21634","type":"VUT","group":"Completa","address":"CALLE RACIMO Nº 2 Plta/Piso 1 Pta/Letra B, piso 1, puerta B","postal_code":"11500","places":4,"units":1,"registered":"2024-07-29","catastro":"8449701QA4584G0120SL","holder":null,"holder_count":null}},{"type":"Feature","geometry":{"type":"Point","coordinates":[-6.222949,36.605862]},"properties":{"id":"VUT/CA/21636","type":"VUT","group":"Completa","address":"CALLE Racimo Nº 2 Plta/Piso Bajo Pta/Letra A, piso Bajo, puerta A","postal_code":"11500","places":4,"units":1,"registered":"2024-07-29","catastro":"8449701QA4584G0115PJ","holder":"Ulayar Aramendia SL","holder_count":2}},{"type":"Feature","geometry":{"type":"Point","coordinates":[-6.222949,36.605862]},"properties":{"id":"VUT/CA/21637","type":"VUT","group":"Completa","address":"CALLE Racimo Nº 2 Plta/Piso 3 Pta/Letra E, piso 3, puerta E","postal_code":"11500","places":4,"units":1,"registered":"2024-07-29","catastro":"8449701QA4584G0133XY","holder":"Ulayar Aramendia SL","holder_count":2}},{"type":"Feature","geometry":{"type":"Point","coordinates":[-6.222949,36.605862]},"properties":{"id":"VUT/CA/21640","type":"VUT","group":"Completa","address":"CALLE RACIMO Nº 2 Plta/Piso 3 Pta/Letra B, piso 3, puerta B","postal_code":"11500","places":4,"units":1,"registered":"2024-07-30","catastro":"8449701QA4584G0130LE","holder":"GUADALETE GESTION TURISTICA, S.L.","holder_count":18}},{"type":"Feature","geometry":{"type":"Point","coordinates":[-6.222949,36.605862]},"properties":{"id":"VUT/CA/21645","type":"VUT","group":"Completa","address":"CALLE Racimo Nº 2 Plta/Piso 1 Pta/Letra C, piso 1, puerta C","postal_code":"11500","places":4,"units":1,"registered":"2024-07-30","catastro":"8449701QA4584G0121DB","holder":null,"holder_count":null}},{"type":"Feature","geometry":{"type":"Point","coordinates":[-6.22818,36.594531]},"properties":{"id":"VUT/CA/21649","type":"VUT","group":"Completa","address":"CALLE LOS MOROS Nº 10 Plta/Piso 2 Pta/Letra E, piso 2, puerta E","postal_code":"11500","places":4,"units":2,"registered":"2024-07-31","catastro":"8136301QA4583E0020DR","holder":null,"holder_count":null}},{"type":"Feature","geometry":{"type":"Point","coordinates":[-6.222949,36.605862]},"properties":{"id":"VUT/CA/21652","type":"VUT","group":"Completa","address":"CALLE SANLUCAR Nº 7 Esc. 1 Plta/Piso 4 Pta/Letra A, piso 4, puerta A","postal_code":"11500","places":4,"units":1,"registered":"2024-07-31","catastro":"8449701QA4584G0134MU","holder":null,"holder_count":null}},{"type":"Feature","geometry":{"type":"Point","coordinates":[-6.244813,36.59547]},"properties":{"id":"VUT/CA/21653","type":"VUT","group":"Completa","address":"CALLE ALVAR NUÑEZ Nº 1 Blq. 4 Plta/Piso 5 Pta/Letra A, piso 5, puerta A","postal_code":"11500","places":5,"units":3,"registered":"2024-07-31","catastro":"6637103QA4563E0105WD","holder":null,"holder_count":null}},{"type":"Feature","geometry":{"type":"Point","coordinates":[-6.222949,36.605862]},"properties":{"id":"VUT/CA/21654","type":"VUT","group":"Completa","address":"CALLE RACIMO Nº 2 Plta/Piso 2 Pta/Letra B, piso 2, puerta B","postal_code":"11500","places":4,"units":1,"registered":"2024-07-31","catastro":"8449701QA4584G0125JQ","holder":null,"holder_count":null}},{"type":"Feature","geometry":{"type":"Point","coordinates":[-6.222949,36.605862]},"properties":{"id":"VUT/CA/21658","type":"VUT","group":"Completa","address":"CALLE RACIMO Nº 2 Plta/Piso 2 Pta/Letra A, piso 2, puerta A","postal_code":"11500","places":4,"units":1,"registered":"2024-07-31","catastro":"8449701QA4584G0124HM","holder":null,"holder_count":null}},{"type":"Feature","geometry":{"type":"Point","coordinates":[-6.222949,36.605862]},"properties":{"id":"VUT/CA/21660","type":"VUT","group":"Completa","address":"CALLE Racimo Nº 2 Plta/Piso 1 Pta/Letra D, piso 1, puerta D","postal_code":"11500","places":4,"units":1,"registered":"2024-08-01","catastro":"8449701QA4584G0122FZ","holder":null,"holder_count":null}},{"type":"Feature","geometry":{"type":"Point","coordinates":[-6.223558,36.581728]},"properties":{"id":"VUT/CA/21678","type":"VUT","group":"Completa","address":"AVENIDA DE CADIZ Nº 26","postal_code":"11500","places":10,"units":5,"registered":"2024-08-02","catastro":"8522206QA4582B0001MH","holder":null,"holder_count":null}},{"type":"Feature","geometry":{"type":"Point","coordinates":[-6.275476,36.605608]},"properties":{"id":"VUT/CA/21679","type":"VUT","group":"Completa","address":"CALLE Pantoque Nº 13 Plta/Piso 1 Pta/Letra I, piso 1, puerta I","postal_code":"11500","places":4,"units":2,"registered":"2024-08-02","catastro":"3947201QA4534H0052ST","holder":"INMERAY SLU","holder_count":4}},{"type":"Feature","geometry":{"type":"Point","coordinates":[-6.229852,36.603013]},"properties":{"id":"VUT/CA/21685","type":"VUT","group":"Completa","address":"CALLE Yerba Nº 33 Pta/Letra D, puerta D","postal_code":"11500","places":6,"units":2,"registered":"2024-08-02","catastro":"7945307QA4574F0004PH","holder":null,"holder_count":null}},{"type":"Feature","geometry":{"type":"Point","coordinates":[-6.222949,36.605862]},"properties":{"id":"VUT/CA/21691","type":"VUT","group":"Completa","address":"CALLE RACIMO Nº 2 Plta/Piso BAJO Pta/Letra B, piso BAJO, puerta B","postal_code":"11500","places":4,"units":1,"registered":"2024-08-03","catastro":"8449701QA4584G0116AK","holder":null,"holder_count":null}},{"type":"Feature","geometry":{"type":"Point","coordinates":[-6.223722,36.575582]},"properties":{"id":"VUT/CA/21695","type":"VUT","group":"Completa","address":"AVENIDA Paseo Maritimo Nº 15 Blq. 1 Plta/Piso 9 Pta/Letra B Compl.Dom. Residencial Bahia Blanca, piso 9, puerta B","postal_code":"11500","places":6,"units":2,"registered":"2024-08-05","catastro":"8515907QA4581F0074MK","holder":null,"holder_count":null}},{"type":"Feature","geometry":{"type":"Point","coordinates":[-6.225085,36.598052]},"properties":{"id":"VUT/CA/21696","type":"VUT","group":"Completa","address":"CALLE Luna Portal 9 Plta/Piso 2 Pta/Letra B, piso 2, puerta B","postal_code":"11500","places":4,"units":1,"registered":"2024-08-06","catastro":"8340212QA4584A0005GX","holder":null,"holder_count":null}},{"type":"Feature","geometry":{"type":"Point","coordinates":[-6.272677,36.604617]},"properties":{"id":"VUT/CA/21699","type":"VUT","group":"Completa","address":"CALLE ANCORA Nº 4 Blq. 2 Portal 8 Esc. 2 Plta/Piso 3 Pta/Letra E, piso 3, puerta E","postal_code":"11500","places":3,"units":1,"registered":"2024-08-05","catastro":"4146502QA4544E0305DT","holder":null,"holder_count":null}},{"type":"Feature","geometry":{"type":"Point","coordinates":[-6.222394,36.602681]},"properties":{"id":"VUT/CA/21703","type":"VUT","group":"Completa","address":"CALLE Virgen de los Milagros Nº 25 Plta/Piso B01, piso B01","postal_code":"11500","places":6,"units":2,"registered":"2024-08-06","catastro":"8645404QA4584F1001LG","holder":null,"holder_count":null}},{"type":"Feature","geometry":{"type":"Point","coordinates":[-6.222949,36.605862]},"properties":{"id":"VUT/CA/21706","type":"VUT","group":"Completa","address":"CALLE Racimo Nº 2 Plta/Piso 1º Pta/Letra A, piso 1º, puerta A","postal_code":"11500","places":4,"units":1,"registered":"2024-08-06","catastro":"8449701QA4584G0119FZ","holder":null,"holder_count":null}},{"type":"Feature","geometry":{"type":"Point","coordinates":[-6.21991,36.607363]},"properties":{"id":"VUT/CA/21713","type":"VUT","group":"Completa","address":"AVENIDA Sanlúcar Nº 8 Esc. 2 Plta/Piso 4 Pta/Letra F, piso 4, puerta F","postal_code":"11500","places":4,"units":1,"registered":"2024-08-06","catastro":"8851505QA4585B0031IL","holder":null,"holder_count":null}},{"type":"Feature","geometry":{"type":"Point","coordinates":[-6.223085,36.569231]},"properties":{"id":"VUT/CA/21724","type":"VUT","group":"Completa","address":"PASEO MARITIMO Nº 37 Blq. 5 Portal B Plta/Piso 9 Pta/Letra 2, piso 9, puerta 2","postal_code":"11500","places":2,"units":1,"registered":"2024-08-08","catastro":"8709201QA4580H0242IW","holder":null,"holder_count":null}},{"type":"Feature","geometry":{"type":"Point","coordinates":[-6.222949,36.605862]},"properties":{"id":"VUT/CA/21732","type":"VUT","group":"Completa","address":"CALLE RACIMO Nº 2 Plta/Piso 0 Pta/Letra D, piso 0, puerta D","postal_code":"11500","places":4,"units":1,"registered":"2024-08-09","catastro":"8449701QA4584G0118DB","holder":null,"holder_count":null}},{"type":"Feature","geometry":{"type":"Point","coordinates":[-6.222949,36.605862]},"properties":{"id":"VUT/CA/21735","type":"VUT","group":"Completa","address":"AVENIDA SANLUCAR Nº 7 Esc. 1 Plta/Piso 01 Pta/Letra E Compl.Dom. V.E. S-CC-12A PARCELA B, piso 01, puerta E","postal_code":"11500","places":4,"units":1,"registered":"2024-08-09","catastro":"8449701QA4584G0123GX","holder":"AGG, CONTROL Y GESTION ACTIVOS SL","holder_count":1}},{"type":"Feature","geometry":{"type":"Point","coordinates":[-6.224514,36.603262]},"properties":{"id":"VUT/CA/21756","type":"VUT","group":"Completa","address":"CALLE UVA PEDRO XIMENEZ Nº 5 Esc. 1 Plta/Piso 3 Pta/Letra C, piso 3, puerta C","postal_code":"11500","places":4,"units":3,"registered":"2024-08-12","catastro":"8446101QA4584E0019KM","holder":null,"holder_count":null}},{"type":"Feature","geometry":{"type":"Point","coordinates":[-6.285416,36.612335]},"properties":{"id":"VUT/CA/21759","type":"VUT","group":"Completa","address":"CALLE FRESA Nº 21 Plta/Piso 0 Pta/Letra C, piso 0, puerta C","postal_code":"11500","places":6,"units":2,"registered":"2024-08-12","catastro":"2954303QA4525D0006PB","holder":null,"holder_count":null}},{"type":"Feature","geometry":{"type":"Point","coordinates":[-6.236651,36.593952]},"properties":{"id":"VUT/CA/21760","type":"VUT","group":"Completa","address":"CAMINO DE LOS ENAMORADOS Nº 6 Plta/Piso 1 Pta/Letra A Compl.Dom. CENTRO, piso 1, puerta A","postal_code":"11500","places":6,"units":3,"registered":"2024-08-12","catastro":"7236702QA4573E0032EO","holder":null,"holder_count":null}},{"type":"Feature","geometry":{"type":"Point","coordinates":[-6.258218,36.580429]},"properties":{"id":"VUT/CA/21775","type":"VUT","group":"Completa","address":"de Medina Nº 1 Plta/Piso 3 Pta/Letra A Compl.Dom. Pueblo Sherry - Buzón 24, piso 3, puerta A","postal_code":"11500","places":5,"units":2,"registered":"2024-08-14","catastro":"5420603QA4552A0002KL","holder":null,"holder_count":null}},{"type":"Feature","geometry":{"type":"Point","coordinates":[-6.229414,36.602487]},"properties":{"id":"VUT/CA/21783","type":"VUT","group":"Completa","address":"CALLE MAZUELA Nº 7","postal_code":"11500","places":4,"units":1,"registered":"2024-08-15","catastro":"7945709QA4574F0002LF","holder":null,"holder_count":null}},{"type":"Feature","geometry":{"type":"Point","coordinates":[-6.232122,36.605764]},"properties":{"id":"VUT/CA/21796","type":"VUT","group":"Completa","address":"CALLE LA ANGELITA Nº 3 Portal 8 Plta/Piso 4 Pta/Letra A Compl.Dom. URBANIZACION BAHIA GOLF 3, piso 4, puerta A","postal_code":"11500","places":5,"units":3,"registered":"2024-08-17","catastro":"7748302QA4574H0079RL","holder":null,"holder_count":null}},{"type":"Feature","geometry":{"type":"Point","coordinates":[-6.222932,36.573062]},"properties":{"id":"VUT/CA/21798","type":"VUT","group":"Completa","address":"CALLE PASEO MARITIMO Nº 31 Blq. 3 Plta/Piso 5 Pta/Letra D Compl.Dom. CONJUNTO RESIDENCIAL VIGALPE 500 - VALDELAGRANA, piso 5, puerta D","postal_code":"11500","places":4,"units":1,"registered":"2024-08-18","catastro":"8613101QA4581D0196UL","holder":null,"holder_count":null}},{"type":"Feature","geometry":{"type":"Point","coordinates":[-6.230678,36.596571]},"properties":{"id":"VUT/CA/21805","type":"VUT","group":"Completa","address":"CALLE San BARTOLOME Nº 58 Pta/Letra B, puerta B","postal_code":"11500","places":11,"units":4,"registered":"2024-08-19","catastro":"7839909QA4573H0002BG","holder":null,"holder_count":null}},{"type":"Feature","geometry":{"type":"Point","coordinates":[-6.22803,36.600925]},"properties":{"id":"VUT/CA/21818","type":"VUT","group":"Completa","address":"CALLE MELEROS Nº 3 Plta/Piso BAJA Pta/Letra 3, piso BAJA, puerta 3","postal_code":"11500","places":4,"units":2,"registered":"2024-08-20","catastro":"8043522QA4584C0006GK","holder":null,"holder_count":null}},{"type":"Feature","geometry":{"type":"Point","coordinates":[-6.222454,36.571173]},"properties":{"id":"VUT/CA/21820","type":"VUT","group":"Completa","address":"EDIFICIO Marinero Plta/Piso 2 Pta/Letra B, piso 2, puerta B","postal_code":"11500","places":4,"units":1,"registered":"2024-08-20","catastro":"8611701QA4581B0630AF","holder":null,"holder_count":null}},{"type":"Feature","geometry":{"type":"Point","coordinates":[-6.227682,36.598825]},"properties":{"id":"VUT/CA/21844","type":"VUT","group":"Completa","address":"CALLE palacios Nº 57 Plta/Piso 3, piso 3","postal_code":"11500","places":4,"units":1,"registered":"2024-08-21","catastro":"8141111QA4584A0001LK","holder":null,"holder_count":null}},{"type":"Feature","geometry":{"type":"Point","coordinates":[-6.276856,36.621323]},"properties":{"id":"VUT/CA/21860","type":"VUT","group":"Completa","address":"LUGAR CALLE CANTARRANAS Nº 57","postal_code":"11500","places":10,"units":4,"registered":"2024-08-25","catastro":"3763702QA4536E0001WX","holder":null,"holder_count":null}},{"type":"Feature","geometry":{"type":"Point","coordinates":[-6.275917,36.605992]},"properties":{"id":"VUT/CA/21866","type":"VUT","group":"Completa","address":"CALLE pantoque Nº 10 Pta/Letra 5 Compl.Dom. urbanizacion el ancla, puerta 5","postal_code":"11500","places":6,"units":3,"registered":"2024-08-26","catastro":"3848303QA4534H0005GL","holder":null,"holder_count":null}},{"type":"Feature","geometry":{"type":"Point","coordinates":[-6.222949,36.605862]},"properties":{"id":"VUT/CA/21871","type":"VUT","group":"Completa","address":"CALLE RACIMO Nº 2 Plta/Piso 0 Pta/Letra D, piso 0, puerta D","postal_code":"11500","places":4,"units":1,"registered":"2024-08-27","catastro":"8449701QA4584G0118DB","holder":null,"holder_count":null}},{"type":"Feature","geometry":{"type":"Point","coordinates":[-6.240236,36.595021]},"properties":{"id":"VUT/CA/21877","type":"VUT","group":"Completa","address":"PLAZA Doctor Agustín Fernández Rodríguez Blq. 5 Plta/Piso Bajo Pta/Letra D, piso Bajo, puerta D","postal_code":"11500","places":4,"units":2,"registered":"2024-08-27","catastro":"6937702QA4563F0020XT","holder":null,"holder_count":null}},{"type":"Feature","geometry":{"type":"Point","coordinates":[-6.229529,36.596932]},"properties":{"id":"VUT/CA/21884","type":"VUT","group":"Completa","address":"CALLE san bartolome Nº 47 Esc. 2 Plta/Piso bajo Pta/Letra a, piso bajo, puerta a","postal_code":"11500","places":6,"units":2,"registered":"2024-08-29","catastro":"7939912QA4573H0012LX","holder":null,"holder_count":null}},{"type":"Feature","geometry":{"type":"Point","coordinates":[-6.223722,36.575582]},"properties":{"id":"VUT/CA/21896","type":"VUT","group":"Completa","address":"CALLE PASEO MARÍTIMO VALDELAGRANA Nº 15 Blq. 1 Plta/Piso 7 Pta/Letra G Compl.Dom. URBANIZACION BAHÍA BLANCA, piso 7, puerta G","postal_code":"11500","places":2,"units":1,"registered":"2024-08-30","catastro":"8515907QA4581F0060SU","holder":null,"holder_count":null}},{"type":"Feature","geometry":{"type":"Point","coordinates":[-6.224464,36.577606]},"properties":{"id":"VUT/CA/21912","type":"VUT","group":"Completa","address":"AVENIDA Santa Maria Del Mar Nº 2 Blq. 7 Plta/Piso 6 Pta/Letra C Compl.Dom. Urbanización Valdemar, piso 6, puerta C","postal_code":"11500","places":4,"units":2,"registered":"2024-09-03","catastro":"8418701QA4518G0508ML","holder":null,"holder_count":null}},{"type":"Feature","geometry":{"type":"Point","coordinates":[-6.223959,36.601089]},"properties":{"id":"VUT/CA/21915","type":"VUT","group":"Completa","address":"CALLE VIRGEN DE LOS MILAGROS Nº 64 Plta/Piso 2 Pta/Letra D, piso 2, puerta D","postal_code":"11500","places":4,"units":2,"registered":"2024-09-03","catastro":"8444117QA4584C0027GP","holder":null,"holder_count":null}},{"type":"Feature","geometry":{"type":"Point","coordinates":[-6.240236,36.595021]},"properties":{"id":"VUT/CA/21916","type":"VUT","group":"Completa","address":"PLAZA Doctor Agustín Fernández Rodríguez Blq. 5 Plta/Piso Bajo Pta/Letra D, piso Bajo, puerta D","postal_code":"11500","places":4,"units":2,"registered":"2024-09-03","catastro":"6937702QA4563F0020XT","holder":null,"holder_count":null}},{"type":"Feature","geometry":{"type":"Point","coordinates":[-6.23421,36.588315]},"properties":{"id":"VUT/CA/21923","type":"VUT","group":"Completa","address":"CALLE FARO Nº 4 Plta/Piso 1 Pta/Letra D, piso 1, puerta D","postal_code":"11500","places":8,"units":3,"registered":"2024-09-05","catastro":"7528409qa4572h0004om","holder":"INVERSIONES MAMA CARMEN, S.L.","holder_count":2}},{"type":"Feature","geometry":{"type":"Point","coordinates":[-6.21559,36.612837]},"properties":{"id":"VUT/CA/21924","type":"VUT","group":"Completa","address":"CALLE CLARINETE Nº 6 Plta/Piso 1 Pta/Letra B, piso 1, puerta B","postal_code":"11500","places":6,"units":2,"registered":"2024-09-05","catastro":"9157901QA4595E0055DX","holder":"INVERSIONES MAMA CARMEN, S.L.","holder_count":2}},{"type":"Feature","geometry":{"type":"Point","coordinates":[-6.240126,36.594818]},"properties":{"id":"VUT/CA/21925","type":"VUT","group":"Completa","address":"CALLE DOCTOR AGUSTIN FERNANDEZ Nº 4 Plta/Piso 2 Pta/Letra B, piso 2, puerta B","postal_code":"11500","places":8,"units":3,"registered":"2024-09-05","catastro":"7036301QA4573E0006MG","holder":"FERRYS INVERSIONES, S.L.","holder_count":2}},{"type":"Feature","geometry":{"type":"Point","coordinates":[-6.258058,36.580588]},"properties":{"id":"VUT/CA/21936","type":"VUT","group":"Completa","address":"AVENIDA SANTA MARIA Nº 7 Pta/Letra 5, puerta 5","postal_code":"11500","places":4,"units":1,"registered":"2024-09-06","catastro":"5420604QA4552A0005UX","holder":null,"holder_count":null}},{"type":"Feature","geometry":{"type":"Point","coordinates":[-6.269768,36.60424]},"properties":{"id":"VUT/CA/21940","type":"VUT","group":"Completa","address":"CALLE Mar del Norte Nº 10 Blq. 4 Plta/Piso 3 Pta/Letra C, piso 3, puerta C","postal_code":"11500","places":5,"units":2,"registered":"2024-09-06","catastro":"4146503QA4544E0022QU","holder":null,"holder_count":null}},{"type":"Feature","geometry":{"type":"Point","coordinates":[-6.229462,36.599705]},"properties":{"id":"VUT/CA/21955","type":"VUT","group":"Completa","address":"CALLE SAN SEBASTIAN Nº 5 Plta/Piso BAJO Pta/Letra 1, piso BAJO, puerta 1","postal_code":"11500","places":6,"units":2,"registered":"2024-09-09","catastro":"7942222QA4574B0001MM","holder":null,"holder_count":null}},{"type":"Feature","geometry":{"type":"Point","coordinates":[-6.254766,36.588515]},"properties":{"id":"VUT/CA/21956","type":"VUT","group":"Completa","address":"CALLE BUQUE ESCUELA ESMERALDA Nº 37 Pta/Letra A, puerta A","postal_code":"11500","places":4,"units":2,"registered":"2024-09-10","catastro":"5728029QA4552H0048JQ","holder":"CATEDRA ALAYA Y FORMADORES SL","holder_count":1}},{"type":"Feature","geometry":{"type":"Point","coordinates":[-6.243742,36.593347]},"properties":{"id":"VUT/CA/21976","type":"VUT","group":"Completa","address":"CALLE CARIBE Nº 1 Esc. 5 Plta/Piso 2 Pta/Letra 8º, piso 2, puerta 8º","postal_code":"11500","places":7,"units":3,"registered":"2024-09-12","catastro":"6735101QA4563F0101IK","holder":null,"holder_count":null}},{"type":"Feature","geometry":{"type":"Point","coordinates":[-6.228452,36.598426]},"properties":{"id":"VUT/CA/21984","type":"VUT","group":"Completa","address":"CALLE SANTO DOMINGO Nº 30 Plta/Piso BAJO, piso BAJO","postal_code":"11500","places":4,"units":1,"registered":"2024-09-13","catastro":"8041901QA4584A0007WQ","holder":"OLE SOLUTIONS HOLIDAY RENTALS S.L.","holder_count":12}},{"type":"Feature","geometry":{"type":"Point","coordinates":[-6.221401,36.577809]},"properties":{"id":"VUT/CA/21986","type":"VUT","group":"Completa","address":"CALLE PALMITO Nº 18","postal_code":"11500","places":8,"units":4,"registered":"2024-09-15","catastro":"8717510QA4581H0001KU","holder":null,"holder_count":null}},{"type":"Feature","geometry":{"type":"Point","coordinates":[-6.245227,36.593936]},"properties":{"id":"VUT/CA/22010","type":"VUT","group":"Completa","address":"CALLE ANTILLAS Nº 2 Blq. 6 Plta/Piso 3 Pta/Letra A Compl.Dom. EDIFICIO BALBOA, piso 3, puerta A","postal_code":"11500","places":6,"units":2,"registered":"2024-09-18","catastro":"6535402QA4563F0036XK","holder":null,"holder_count":null}},{"type":"Feature","geometry":{"type":"Point","coordinates":[-6.269924,36.609407]},"properties":{"id":"VUT/CA/22016","type":"VUT","group":"Completa","address":"CALLE Hoja Nº 24 Compl.Dom. Urbanización Los Almendros II","postal_code":"11500","places":13,"units":5,"registered":"2024-09-19","catastro":"3857112QA4535D0001KL","holder":null,"holder_count":null}},{"type":"Feature","geometry":{"type":"Point","coordinates":[-6.279728,36.608177]},"properties":{"id":"VUT/CA/22018","type":"VUT","group":"Completa","address":"CALLE BERGANTIN (MA) Nº 19 Esc. 1 Plta/Piso 00 Pta/Letra 24, piso 00, puerta 24","postal_code":"11500","places":9,"units":3,"registered":"2024-09-19","catastro":"3450901QA4535A0024GO","holder":null,"holder_count":null}},{"type":"Feature","geometry":{"type":"Point","coordinates":[-6.245526,36.594113]},"properties":{"id":"VUT/CA/22023","type":"VUT","group":"Completa","address":"CALLE ANTILLAS Nº 2 Portal 3 Plta/Piso 3 Pta/Letra D, piso 3, puerta D","postal_code":"11500","places":5,"units":2,"registered":"2024-09-20","catastro":"6535403QA4563F0054BU","holder":null,"holder_count":null}},{"type":"Feature","geometry":{"type":"Point","coordinates":[-6.223071,36.578977]},"properties":{"id":"VUT/CA/22025","type":"VUT","group":"Completa","address":"AVENIDA SANTA MARÍA DEL MAR Nº 3 Portal 8 Plta/Piso 8 Pta/Letra DD, piso 8, puerta DD","postal_code":"11500","places":5,"units":2,"registered":"2024-09-20","catastro":"8620101QA4582B0210FT","holder":null,"holder_count":null}},{"type":"Feature","geometry":{"type":"Point","coordinates":[-6.223852,36.580037]},"properties":{"id":"VUT/CA/22027","type":"VUT","group":"Completa","address":"AVENIDA CATALINA SANTOS LA GUACHI Nº 33 Portal 11 Plta/Piso 8 Pta/Letra D Compl.Dom. URBANIZACIÓN PUERTO MAR, piso 8, puerta D","postal_code":"11500","places":6,"units":3,"registered":"2024-09-21","catastro":"8320501qa4582a0370uk","holder":null,"holder_count":null}},{"type":"Feature","geometry":{"type":"Point","coordinates":[-6.229156,36.597644]},"properties":{"id":"VUT/CA/22053","type":"VUT","group":"Completa","address":"CALLE SAN BARTOLOME Nº 33 Calif.Nº 1 Plta/Piso BJA Pta/Letra DCHA, piso BJA, puerta DCHA","postal_code":"11500","places":4,"units":1,"registered":"2024-09-26","catastro":"8040907QA4584A0004WZ","holder":null,"holder_count":null}},{"type":"Feature","geometry":{"type":"Point","coordinates":[-6.225118,36.601698]},"properties":{"id":"VUT/CA/22061","type":"VUT","group":"Completa","address":"CALLE DE LA ROSA Nº 57 Pta/Letra A Compl.Dom. LA VIVIENDA SE SITUA EN EL NUMERO 57 ACCESORIO, puerta A","postal_code":"11500","places":6,"units":2,"registered":"2024-09-27","catastro":"8345825QA4584E0002DO","holder":null,"holder_count":null}},{"type":"Feature","geometry":{"type":"Point","coordinates":[-6.233948,36.595988]},"properties":{"id":"VUT/CA/22066","type":"VUT","group":"Completa","address":"PLAZA Miguel del PIno Nº 5 Esc. 1 Plta/Piso 2 Pta/Letra A, piso 2, puerta A","postal_code":"11500","places":5,"units":2,"registered":"2024-09-29","catastro":"7538901QA4573H0025UO","holder":null,"holder_count":null}},{"type":"Feature","geometry":{"type":"Point","coordinates":[-6.244587,36.597807]},"properties":{"id":"VUT/CA/22069","type":"VUT","group":"Por habitaciones","address":"CALLE Camino de Aguila Nº 15 Calif.Nº A","postal_code":"11500","places":4,"units":2,"registered":"2024-09-29","catastro":"6639411QA4563H0001HP","holder":null,"holder_count":null}},{"type":"Feature","geometry":{"type":"Point","coordinates":[-6.254766,36.588515]},"properties":{"id":"VUT/CA/22072","type":"VUT","group":"Completa","address":"CALLE buque escuela esmeralda Nº 21 Pta/Letra B, puerta B","postal_code":"11500","places":6,"units":3,"registered":"2024-10-01","catastro":"5728029QA4552H0022BR","holder":null,"holder_count":null}},{"type":"Feature","geometry":{"type":"Point","coordinates":[-6.248365,36.607926]},"properties":{"id":"VUT/CA/22076","type":"VUT","group":"Completa","address":"CALLE BAHIA DE BENIDORM Nº 6","postal_code":"11500","places":8,"units":3,"registered":"2024-10-01","catastro":"6450406QA4565A0002JT","holder":"FERRYS INVERSIONES SL","holder_count":4}},{"type":"Feature","geometry":{"type":"Point","coordinates":[-6.233422,36.595784]},"properties":{"id":"VUT/CA/22089","type":"VUT","group":"Completa","address":"CALLE VALDES Nº 17 Plta/Piso BAJO Compl.Dom. ACTUAL CALLE ALBERO Nº 2, piso BAJO","postal_code":"11500","places":4,"units":2,"registered":"2024-10-03","catastro":"7637921QA4573F0050ZU","holder":null,"holder_count":null}},{"type":"Feature","geometry":{"type":"Point","coordinates":[-6.261543,36.582254]},"properties":{"id":"VUT/CA/22092","type":"VUT","group":"Completa","address":"CALLE FUERTECIUDAD Nº 1","postal_code":"11500","places":8,"units":4,"registered":"2024-10-04","catastro":"4921208QA4542B0001ZM","holder":"GECI ESPAÑOLA, S.A.","holder_count":2}},{"type":"Feature","geometry":{"type":"Point","coordinates":[-6.223722,36.575582]},"properties":{"id":"VUT/CA/22094","type":"VUT","group":"Completa","address":"CALLE PASEO MARÍTIMO Nº 15 Blq. 4 Plta/Piso 9 Pta/Letra C Compl.Dom. RESIDENCIAL BAHIA BLANCA, piso 9, puerta C","postal_code":"11500","places":4,"units":2,"registered":"2024-10-04","catastro":"8515907QA4581F0295ZH","holder":"QUILAN GALDIZ SOCIEDAD INVERSORA, S.L.","holder_count":2}},{"type":"Feature","geometry":{"type":"Point","coordinates":[-6.211351,36.628459]},"properties":{"id":"VUT/CA/22095","type":"VUT","group":"Completa","address":"CALLE RULETA Nº 28 Plta/Piso 1 Pta/Letra B, piso 1, puerta B","postal_code":"11500","places":5,"units":3,"registered":"2024-10-04","catastro":"9373703QA4597C0078TO","holder":null,"holder_count":null}},{"type":"Feature","geometry":{"type":"Point","coordinates":[-6.231012,36.602106]},"properties":{"id":"VUT/CA/22100","type":"VUT","group":"Completa","address":"CALLE san juan Nº 41 Plta/Piso B Pta/Letra G, piso B, puerta G","postal_code":"11500","places":4,"units":1,"registered":"2024-10-07","catastro":"7745710QA4574F0007XL","holder":null,"holder_count":null}},{"type":"Feature","geometry":{"type":"Point","coordinates":[-6.269768,36.60424]},"properties":{"id":"VUT/CA/22103","type":"VUT","group":"Completa","address":"CALLE MAR DEL NORTE Nº 10 Esc. 4 Plta/Piso 2 Pta/Letra A Compl.Dom. URBANIZACION LA ALCAZABA, piso 2, puerta A","postal_code":"11150","places":6,"units":2,"registered":"2024-10-07","catastro":"4146503QA4544E0016ZR","holder":null,"holder_count":null}},{"type":"Feature","geometry":{"type":"Point","coordinates":[-6.225931,36.596951]},"properties":{"id":"VUT/CA/22109","type":"VUT","group":"Completa","address":"PLAZA CRISTOBAL COLON Nº 4 Plta/Piso 5 Pta/Letra C, piso 5, puerta C","postal_code":"11500","places":6,"units":3,"registered":"2024-10-08","catastro":"8239405QA4583G0019HQ","holder":"ANAMILSAN S.L.","holder_count":1}},{"type":"Feature","geometry":{"type":"Point","coordinates":[-6.230974,36.598052]},"properties":{"id":"VUT/CA/22120","type":"VUT","group":null,"address":"CALLE SANTA LUCIA Nº 32 Blq. 4 Plta/Piso 1º Pta/Letra Ñ, piso 1º, puerta Ñ","postal_code":"11500","places":4,"units":2,"registered":"2024-10-11","catastro":"7840315QA4574B0028PZ","holder":null,"holder_count":null}},{"type":"Feature","geometry":{"type":"Point","coordinates":[-6.262959,36.600556]},"properties":{"id":"VUT/CA/22127","type":"VUT","group":"Por habitaciones","address":"CALLE ÁGUILA Nº 13 Compl.Dom. URBANIZACIÓN EL AGUILA","postal_code":"11500","places":6,"units":2,"registered":"2024-10-09","catastro":"4942822QA4544B0001IA","holder":null,"holder_count":null}},{"type":"Feature","geometry":{"type":"Point","coordinates":[-6.269664,36.603818]},"properties":{"id":"VUT/CA/22131","type":"VUT","group":"Completa","address":"CALLE MAR DE JAVA, 8 Nº 8","postal_code":"11500","places":7,"units":4,"registered":"2024-10-10","catastro":"4245607QA4544D0007LS","holder":null,"holder_count":null}},{"type":"Feature","geometry":{"type":"Point","coordinates":[-6.268291,36.594921]},"properties":{"id":"VUT/CA/22134","type":"VUT","group":"Completa","address":"CALLE AZUCENA Nº 14","postal_code":"11500","places":8,"units":3,"registered":"2024-10-10","catastro":"4437606QA4543E0001OZ","holder":null,"holder_count":null}},{"type":"Feature","geometry":{"type":"Point","coordinates":[-6.222813,36.57076]},"properties":{"id":"VUT/CA/22135","type":"VUT","group":"Completa","address":"CALLE Paseo Marítimo Nº 33 Calif.Nº A Blq. 11 Esc. 1 Plta/Piso 5 Pta/Letra D Compl.Dom. Urbanización Blegamar 2ª Fase, piso 5, puerta D","postal_code":"11500","places":11,"units":3,"registered":"2024-10-10","catastro":"8611723QA4581B0018HD","holder":null,"holder_count":null}},{"type":"Feature","geometry":{"type":"Point","coordinates":[-6.210923,36.611215]},"properties":{"id":"VUT/CA/22136","type":"VUT","group":"Completa","address":"CALLE RIO TAJO Nº 30","postal_code":"11500","places":6,"units":3,"registered":"2024-10-11","catastro":"9556419QA4595F0001YG","holder":null,"holder_count":null}},{"type":"Feature","geometry":{"type":"Point","coordinates":[-6.274873,36.598846]},"properties":{"id":"VUT/CA/22138","type":"VUT","group":"Completa","address":"CALLE Mar Adriatico Nº 59 Blq. 1 Plta/Piso 3 Pta/Letra 57 Compl.Dom. Edificio Horizonte, piso 3, puerta 57","postal_code":"11500","places":6,"units":2,"registered":"2024-10-12","catastro":"4039101QA4543G0058TS","holder":null,"holder_count":null}},{"type":"Feature","geometry":{"type":"Point","coordinates":[-6.251443,36.59594]},"properties":{"id":"VUT/CA/22141","type":"VUT","group":"Completa","address":"CALLE CAMINO DEL AGUILA Nº 73 Pta/Letra 6, puerta 6","postal_code":"11500","places":8,"units":4,"registered":"2024-10-14","catastro":"6034151QA4563C0001EA","holder":null,"holder_count":null}},{"type":"Feature","geometry":{"type":"Point","coordinates":[-6.222499,36.603653]},"properties":{"id":"VUT/CA/22155","type":"VUT","group":"Completa","address":"CALLE ESPIRITU SANTO Nº 25 Pta/Letra 2, puerta 2","postal_code":"11500","places":4,"units":1,"registered":"2024-10-15","catastro":"8446917QA4584E0003HP","holder":"GUADALETE GESTION TURISTICA, S.L.","holder_count":18}},{"type":"Feature","geometry":{"type":"Point","coordinates":[-6.211351,36.628459]},"properties":{"id":"VUT/CA/22182","type":"VUT","group":"Completa","address":"CALLE de la Ruleta Nº 36 Plta/Piso 2 Pta/Letra D, piso 2, puerta D","postal_code":"11500","places":6,"units":3,"registered":"2024-10-18","catastro":"9373703QA4597C0096JZ","holder":"Menesteo SARLS","holder_count":1}},{"type":"Feature","geometry":{"type":"Point","coordinates":[-6.251836,36.598866]},"properties":{"id":"VUT/CA/22209","type":"VUT","group":"Completa","address":"CALLE VIVERO Nº 13 Compl.Dom. APARTAMENTO 1-A, EN PLANTA BAJA","postal_code":"11500","places":6,"units":1,"registered":"2024-10-22","catastro":"6240917QA4564A0037QF","holder":null,"holder_count":null}},{"type":"Feature","geometry":{"type":"Point","coordinates":[-6.223816,36.605274]},"properties":{"id":"VUT/CA/22211","type":"VUT","group":"Completa","address":"CALLE Espiritu Santo Nº 36 Plta/Piso 4 Pta/Letra D, piso 4, puerta D","postal_code":"11500","places":4,"units":1,"registered":"2024-10-22","catastro":"8449703QA4584G0172ZP","holder":null,"holder_count":null}},{"type":"Feature","geometry":{"type":"Point","coordinates":[-6.244478,36.595113]},"properties":{"id":"VUT/CA/22212","type":"VUT","group":"Completa","address":"CALLE ALVAR NUÑEZ Nº 1 Portal 3 Plta/Piso 4º Pta/Letra B, piso 4º, puerta B","postal_code":"11500","places":7,"units":3,"registered":"2024-10-22","catastro":"6637102QA4563E0059YE","holder":null,"holder_count":null}},{"type":"Feature","geometry":{"type":"Point","coordinates":[-6.268136,36.589376]},"properties":{"id":"VUT/CA/22214","type":"VUT","group":"Completa","address":"CALLE ROBLE Nº 37 Compl.Dom. URB. VISTAHERMOSA","postal_code":"11500","places":7,"units":4,"registered":"2024-10-23","catastro":"4529902QA4542H0001ZI","holder":"GERALDINO PATRIMONIAL, S.L.","holder_count":1}},{"type":"Feature","geometry":{"type":"Point","coordinates":[-6.233589,36.60576]},"properties":{"id":"VUT/CA/22223","type":"VUT","group":"Completa","address":"CALLE CARMEN VALENZUELA Nº 2 Esc. 5 Plta/Piso 3 Pta/Letra D Compl.Dom. N2-2 LOS ALTOS DEL PUERTO, piso 3, puerta D","postal_code":"11500","places":6,"units":3,"registered":"2024-10-24","catastro":"7548501QA4574H0100PP","holder":null,"holder_count":null}},{"type":"Feature","geometry":{"type":"Point","coordinates":[-6.223085,36.569231]},"properties":{"id":"VUT/CA/22248","type":"VUT","group":"Completa","address":"PASEO Maririmo de Valdelagrana Nº 37 Blq. 2B Plta/Piso 3 Pta/Letra B2 Compl.Dom. URBANIZACION COLOMINAS, piso 3, puerta B2","postal_code":"11500","places":8,"units":3,"registered":"2024-10-28","catastro":"8709201QA4580H0058GO","holder":null,"holder_count":null}},{"type":"Feature","geometry":{"type":"Point","coordinates":[-6.233001,36.592421]},"properties":{"id":"VUT/CA/22249","type":"VUT","group":"Completa","address":"CALLE BAHÍA DE BARBATE Nº 20 Esc. 1 Plta/Piso 01 Pta/Letra 20, piso 01, puerta 20","postal_code":"11500","places":9,"units":4,"registered":"2024-10-28","catastro":"7634216QA4573D0023AJ","holder":"GRÚAS AUTOMOCIÓN ANCOEX, S.L.","holder_count":1}},{"type":"Feature","geometry":{"type":"Point","coordinates":[-6.260794,36.580617]},"properties":{"id":"VUT/CA/22258","type":"VUT","group":"Completa","address":"PLAZA DE LOS ARTESANOS Nº 4 Plta/Piso BAJO Pta/Letra 2 Compl.Dom. PUEBLO MARINERO. URBANIZACIÓN PUERTO SHERRY, piso BAJO, puerta 2","postal_code":"11500","places":3,"units":2,"registered":"2024-10-29","catastro":"5217405QA4551G0002ZP","holder":"MASEL ESTUDIO SL","holder_count":2}},{"type":"Feature","geometry":{"type":"Point","coordinates":[-6.229965,36.600025]},"properties":{"id":"VUT/CA/22278","type":"VUT","group":"Completa","address":"CALLE SAN SEBASTIAN Nº 12 Plta/Piso 2 Pta/Letra D, piso 2, puerta D","postal_code":"11500","places":9,"units":3,"registered":"2024-11-04","catastro":"7942303QA4574D0001WK","holder":"FERRYS INVERSIONES S.L.","holder_count":2}},{"type":"Feature","geometry":{"type":"Point","coordinates":[-6.229965,36.600025]},"properties":{"id":"VUT/CA/22279","type":"VUT","group":"Completa","address":"CALLE SAN SEBASTIAN Nº 12 Plta/Piso 2 Pta/Letra I, piso 2, puerta I","postal_code":"11500","places":8,"units":3,"registered":"2024-11-04","catastro":"7942303QA4574D0001WK","holder":"FERRYS INVERSIONES S.L.","holder_count":2}},{"type":"Feature","geometry":{"type":"Point","coordinates":[-6.22254,36.600211]},"properties":{"id":"VUT/CA/22285","type":"VUT","group":"Completa","address":"CALLE LUJA Nº 2A Plta/Piso 2º Pta/Letra B, piso 2º, puerta B","postal_code":"11500","places":12,"units":5,"registered":"2024-11-04","catastro":"8544123QA4584D0017RS","holder":"GINVA REAL ESTATE SLU","holder_count":7}},{"type":"Feature","geometry":{"type":"Point","coordinates":[-6.26658,36.585344]},"properties":{"id":"VUT/CA/22289","type":"VUT","group":"Completa","address":"CALLE CLIPPER Nº 29","postal_code":"11500","places":9,"units":5,"registered":"2024-11-05","catastro":"4625606QA4542F0001JD","holder":"EL PUERTO MANSIONS, S.L.","holder_count":1}},{"type":"Feature","geometry":{"type":"Point","coordinates":[-6.253428,36.589304]},"properties":{"id":"VUT/CA/22291","type":"VUT","group":"Completa","address":"CALLE BUQUE ESCUELA ESMERALDA Nº 5 Pta/Letra 14, puerta 14","postal_code":"11500","places":6,"units":3,"registered":"2024-11-05","catastro":"5728030QA4552H0015ZM","holder":"GUADALETE GESTION TURISTICA, S.L.","holder_count":18}},{"type":"Feature","geometry":{"type":"Point","coordinates":[-6.223943,36.599133]},"properties":{"id":"VUT/CA/22296","type":"VUT","group":"Completa","address":"PLAZA DE LA HERRERIA Nº 6 Esc. 1 Plta/Piso 2 Pta/Letra 8, piso 2, puerta 8","postal_code":"11500","places":4,"units":2,"registered":"2024-11-05","catastro":"8442901QA4584A0008XW","holder":null,"holder_count":null}},{"type":"Feature","geometry":{"type":"Point","coordinates":[-6.223085,36.569231]},"properties":{"id":"VUT/CA/22299","type":"VUT","group":"Completa","address":"PASEO PASEO MARÍTIMO Nº 37 Blq. 1 Plta/Piso 10 Pta/Letra F, piso 10, puerta F","postal_code":"11500","places":5,"units":2,"registered":"2024-11-05","catastro":"8709201QA4580H0400UQ","holder":null,"holder_count":null}},{"type":"Feature","geometry":{"type":"Point","coordinates":[-6.229965,36.600025]},"properties":{"id":"VUT/CA/22302","type":"VUT","group":"Completa","address":"CALLE SAN SEBASTIAN Nº 12 Plta/Piso BJ Pta/Letra DERECHA, piso BJ, puerta DERECHA","postal_code":"11500","places":4,"units":1,"registered":"2024-11-06","catastro":"7942303QA4574D0001WK","holder":null,"holder_count":null}},{"type":"Feature","geometry":{"type":"Point","coordinates":[-6.229965,36.600025]},"properties":{"id":"VUT/CA/22303","type":"VUT","group":"Completa","address":"CALLE SAN SEBASTIAN Nº 12 Plta/Piso BJ Pta/Letra IZQ, piso BJ, puerta IZQ","postal_code":"11500","places":6,"units":2,"registered":"2024-11-06","catastro":"7942303QA4574D0001WK","holder":null,"holder_count":null}},{"type":"Feature","geometry":{"type":"Point","coordinates":[-6.239578,36.610163]},"properties":{"id":"VUT/CA/22309","type":"VUT","group":"Completa","address":"CALLE CIUDAD DUCAL Nº 35","postal_code":"11500","places":15,"units":7,"registered":"2024-11-06","catastro":"6953908QA4565D0001YI","holder":null,"holder_count":null}},{"type":"Feature","geometry":{"type":"Point","coordinates":[-6.222415,36.575555]},"properties":{"id":"VUT/CA/22318","type":"VUT","group":"Completa","address":"AVENIDA santa maria del mar Nº 9 Blq. A Plta/Piso 4 Pta/Letra A, piso 4, puerta A","postal_code":"11500","places":2,"units":3,"registered":"2024-11-07","catastro":"8616601QA4581F0017UW","holder":null,"holder_count":null}},{"type":"Feature","geometry":{"type":"Point","coordinates":[-6.262276,36.590211]},"properties":{"id":"VUT/CA/22371","type":"VUT","group":"Completa","address":"CALLE SICOMORO Nº 33","postal_code":"11500","places":12,"units":5,"registered":"2024-11-18","catastro":"5030502QA4553A0001WS","holder":"VALMUZA, SL","holder_count":1}},{"type":"Feature","geometry":{"type":"Point","coordinates":[-6.231899,36.60035]},"properties":{"id":"VUT/CA/22374","type":"VUT","group":"Completa","address":"CALLE FRANCISCO LAMEYER Nº 3 Plta/Piso 2 Pta/Letra A, piso 2, puerta A","postal_code":"11500","places":7,"units":3,"registered":"2024-11-18","catastro":"7742201QA4574B0100ZW","holder":null,"holder_count":null}},{"type":"Feature","geometry":{"type":"Point","coordinates":[-6.224804,36.598137]},"properties":{"id":"VUT/CA/22377","type":"VUT","group":"Por habitaciones","address":"CALLE JESUS DE LOS MILAGROS Nº 12 Plta/Piso 1 Pta/Letra 1, piso 1, puerta 1","postal_code":"11500","places":5,"units":3,"registered":"2024-11-19","catastro":"8341717QA4584A0004GZ","holder":null,"holder_count":null}},{"type":"Feature","geometry":{"type":"Point","coordinates":[-6.224804,36.598137]},"properties":{"id":"VUT/CA/22378","type":"VUT","group":"Por habitaciones","address":"CALLE JESUS DE LOS MILAGROS Nº 12 Plta/Piso 2 Pta/Letra 1, piso 2, puerta 1","postal_code":"11500","places":5,"units":3,"registered":"2024-11-19","catastro":"8341717QA4584A0005HX","holder":null,"holder_count":null}},{"type":"Feature","geometry":{"type":"Point","coordinates":[-6.232225,36.59606]},"properties":{"id":"VUT/CA/22406","type":"VUT","group":"Completa","address":"PLAZA ELIAS AHUJA Nº 5 Blq. A Plta/Piso 2 Pta/Letra 1, piso 2, puerta 1","postal_code":"11500","places":6,"units":2,"registered":"2024-11-25","catastro":"7738902QA4573H0048JE","holder":"GUADALETE GESTION TURISTICA, S.L.","holder_count":18}},{"type":"Feature","geometry":{"type":"Point","coordinates":[-6.222932,36.573062]},"properties":{"id":"VUT/CA/22421","type":"VUT","group":"Completa","address":"PASEO MARITIMA VIGALPE Nº 31 Blq. G Portal 2 Plta/Piso 3 Pta/Letra J, piso 3, puerta J","postal_code":"11500","places":6,"units":3,"registered":"2024-11-25","catastro":"8613101QA4581D0284QD","holder":"JAVIER ALFONSO INVERSIONES S.L.","holder_count":1}},{"type":"Feature","geometry":{"type":"Point","coordinates":[-6.268858,36.593274]},"properties":{"id":"VUT/CA/22431","type":"VUT","group":"Completa","address":"AVENIDA CLUB MEDITERRANEO Nº 23 Blq. H Plta/Piso 1 Pta/Letra A, piso 1, puerta A","postal_code":"11500","places":6,"units":3,"registered":"2024-11-27","catastro":"4333541QA4543C0269ED","holder":"TORREALOCAZ SL","holder_count":1}},{"type":"Feature","geometry":{"type":"Point","coordinates":[-6.268858,36.593274]},"properties":{"id":"VUT/CA/22439","type":"VUT","group":"Completa","address":"AVENIDA CLUB MEDITERRANEO Nº 23 Blq. B Plta/Piso 1 Pta/Letra A, piso 1, puerta A","postal_code":"11500","places":6,"units":3,"registered":"2024-11-28","catastro":"4333541QA4543C0190SX","holder":"GADIS TRADIN COMPANY SL","holder_count":1}},{"type":"Feature","geometry":{"type":"Point","coordinates":[-6.236662,36.592727]},"properties":{"id":"VUT/CA/22445","type":"VUT","group":"Completa","address":"CALLE tortola Nº 8 Plta/Piso 4 Pta/Letra c, piso 4, puerta c","postal_code":"11500","places":8,"units":3,"registered":"2024-11-28","catastro":"7334202QA4573C0015ME","holder":null,"holder_count":null}},{"type":"Feature","geometry":{"type":"Point","coordinates":[-6.268858,36.593274]},"properties":{"id":"VUT/CA/22446","type":"VUT","group":"Completa","address":"AVENIDA CLUB MEDITERRANEO Nº 23 Blq. B Plta/Piso 1 Pta/Letra B, piso 1, puerta B","postal_code":"11500","places":8,"units":2,"registered":"2024-11-28","catastro":"4333541QA4543C0191DM","holder":"RIVERO GALVEZ, S.L.","holder_count":1}},{"type":"Feature","geometry":{"type":"Point","coordinates":[-6.260589,36.601993]},"properties":{"id":"VUT/CA/22459","type":"VUT","group":"Completa","address":"CALLE CARABO Nº 2 Plta/Piso BAJO, piso BAJO","postal_code":"11500","places":6,"units":3,"registered":"2024-12-01","catastro":"5144401QA4554C0040JT","holder":null,"holder_count":null}},{"type":"Feature","geometry":{"type":"Point","coordinates":[-6.22,36.571693]},"properties":{"id":"VUT/CA/22466","type":"VUT","group":"Completa","address":"CALLE charran Nº 8 Compl.Dom. valdelagrana","postal_code":"11500","places":8,"units":4,"registered":"2024-12-03","catastro":"8911401QA4581B0031RB","holder":null,"holder_count":null}},{"type":"Feature","geometry":{"type":"Point","coordinates":[-6.272737,36.604402]},"properties":{"id":"VUT/CA/22467","type":"VUT","group":"Completa","address":"CALLE ANCORA Nº 1 Portal 14 Plta/Piso BAJO Pta/Letra A, piso BAJO, puerta A","postal_code":"11500","places":5,"units":2,"registered":"2024-12-03","catastro":"4145901QA4544E0178GT","holder":null,"holder_count":null}},{"type":"Feature","geometry":{"type":"Point","coordinates":[-6.268858,36.593274]},"properties":{"id":"VUT/CA/22474","type":"VUT","group":"Completa","address":"AVENIDA CLUB MEDITERRANEO Nº 23 Portal F Plta/Piso 3 Pta/Letra A, piso 3, puerta A","postal_code":"11500","places":6,"units":3,"registered":"2024-12-03","catastro":"4333541QA4543C0245IK","holder":"ROMEROMECQ SL","holder_count":1}},{"type":"Feature","geometry":{"type":"Point","coordinates":[-6.222035,36.60365]},"properties":{"id":"VUT/CA/22478","type":"VUT","group":"Completa","address":"CALLE CIELO Nº 13 Plta/Piso 1, piso 1","postal_code":"11500","places":12,"units":4,"registered":"2024-12-03","catastro":"8647902QA4584F0010HM","holder":null,"holder_count":null}},{"type":"Feature","geometry":{"type":"Point","coordinates":[-6.224927,36.599701]},"properties":{"id":"VUT/CA/22480","type":"VUT","group":"Completa","address":"CALLE VIRGEN DE LOS MILAGROS Nº 85 Portal DOS Plta/Piso 4 Pta/Letra B, piso 4, puerta B","postal_code":"11500","places":7,"units":3,"registered":"2024-12-04","catastro":"8342605QA4584A0011IW","holder":null,"holder_count":null}},{"type":"Feature","geometry":{"type":"Point","coordinates":[-6.223722,36.575582]},"properties":{"id":"VUT/CA/22486","type":"VUT","group":"Completa","address":"PASEO PASO MARITIMO 15 Blq. 1 Plta/Piso 4 Pta/Letra F, piso 4, puerta F","postal_code":"11500","places":5,"units":1,"registered":"2024-12-04","catastro":"8515907QA4581F0032HA","holder":null,"holder_count":null}},{"type":"Feature","geometry":{"type":"Point","coordinates":[-6.223071,36.578977]},"properties":{"id":"VUT/CA/22504","type":"VUT","group":"Completa","address":"AVENIDA SANTA MARIA DEL MAR Nº 3 Portal 4 Plta/Piso 12 Pta/Letra D DCHA. Compl.Dom. URBANIZACION LA SALINERA, piso 12, puerta D DCHA.","postal_code":"11500","places":3,"units":1,"registered":"2024-12-10","catastro":"8620101QA4582B0127WH","holder":null,"holder_count":null}},{"type":"Feature","geometry":{"type":"Point","coordinates":[-6.229454,36.598517]},"properties":{"id":"VUT/CA/22505","type":"VUT","group":"Completa","address":"CALLE PAGADOR Nº 15 Plta/Piso 2 Pta/Letra F, piso 2, puerta F","postal_code":"11500","places":5,"units":3,"registered":"2024-12-10","catastro":"7940508QA4574B0041RT","holder":null,"holder_count":null}},{"type":"Feature","geometry":{"type":"Point","coordinates":[-6.226658,36.595129]},"properties":{"id":"VUT/CA/22511","type":"VUT","group":"Completa","address":"AVENIDA MICAELA ARAMBURU DE MORA Nº 23 Plta/Piso 1 Pta/Letra B Compl.Dom. EL PUERTO DE STA MARIA, piso 1, puerta B","postal_code":"11500","places":6,"units":2,"registered":"2024-12-11","catastro":"8237902QA4583E0021ZT","holder":null,"holder_count":null}},{"type":"Feature","geometry":{"type":"Point","coordinates":[-6.226802,36.598324]},"properties":{"id":"VUT/CA/22515","type":"VUT","group":"Completa","address":"CALLE PALACIOS Nº 34 Plta/Piso 2 Pta/Letra D, piso 2, puerta D","postal_code":"11500","places":8,"units":3,"registered":"2024-12-11","catastro":"8241122QA4584A0005KX","holder":null,"holder_count":null}},{"type":"Feature","geometry":{"type":"Point","coordinates":[-6.268858,36.593274]},"properties":{"id":"VUT/CA/22518","type":"VUT","group":"Completa","address":"AVENIDA MEDITERRANEO Nº 23 Blq. A Plta/Piso 3 Pta/Letra B, piso 3, puerta B","postal_code":"11500","places":8,"units":3,"registered":"2024-12-11","catastro":"4333541QA4543C0183IK","holder":null,"holder_count":null}},{"type":"Feature","geometry":{"type":"Point","coordinates":[-6.249351,36.59652]},"properties":{"id":"VUT/CA/22537","type":"VUT","group":"Completa","address":"CALLE CAMELIAS Nº 7 Plta/Piso 1 Pta/Letra A, piso 1, puerta A","postal_code":"11500","places":6,"units":3,"registered":"2024-12-13","catastro":"6138601QA4563G0093GB","holder":"AC GESTION CADIZ S.L.","holder_count":3}},{"type":"Feature","geometry":{"type":"Point","coordinates":[-6.222932,36.573062]},"properties":{"id":"VUT/CA/22543","type":"VUT","group":"Completa","address":"CALLE paseo maritimo Nº 31 Blq. 10 Plta/Piso 7 Pta/Letra c, piso 7, puerta c","postal_code":"11500","places":8,"units":3,"registered":"2024-12-14","catastro":"8613101QA4581D0027WF","holder":null,"holder_count":null}},{"type":"Feature","geometry":{"type":"Point","coordinates":[-6.223816,36.605274]},"properties":{"id":"VUT/CA/22544","type":"VUT","group":"Completa","address":"CALLE Racimo Nº 4 Blq. 2 Plta/Piso 4 Pta/Letra B, piso 4, puerta B","postal_code":"11500","places":5,"units":2,"registered":"2024-12-15","catastro":"8449703QA4584G0042BO","holder":null,"holder_count":null}},{"type":"Feature","geometry":{"type":"Point","coordinates":[-6.22122,36.579904]},"properties":{"id":"VUT/CA/22571","type":"VUT","group":"Completa","address":"AVENIDA SALINERA Nº 11","postal_code":"11500","places":10,"units":5,"registered":"2024-12-19","catastro":"8720910QA4582B0001AH","holder":null,"holder_count":null}},{"type":"Feature","geometry":{"type":"Point","coordinates":[-6.229852,36.603013]},"properties":{"id":"VUT/CA/22581","type":"VUT","group":"Completa","address":"CALLE YERBA Nº 33 Esc. 1 Plta/Piso 1 Pta/Letra B, piso 1, puerta B","postal_code":"11500","places":4,"units":2,"registered":"2024-12-22","catastro":"7945307QA4574F0007DL","holder":null,"holder_count":null}},{"type":"Feature","geometry":{"type":"Point","coordinates":[-6.221053,36.603358]},"properties":{"id":"VUT/CA/22583","type":"VUT","group":"Completa","address":"CALLE ALBAREDA Nº 6 Plta/Piso 0 Pta/Letra C, piso 0, puerta C","postal_code":"11500","places":4,"units":2,"registered":"2024-12-22","catastro":"8747109QA4584F0022WO","holder":null,"holder_count":null}},{"type":"Feature","geometry":{"type":"Point","coordinates":[-6.231546,36.598508]},"properties":{"id":"VUT/CA/22587","type":"VUT","group":"Completa","address":"CALLE GATONA Nº 8 Esc. 1 Plta/Piso 1 Pta/Letra E, piso 1, puerta E","postal_code":"11500","places":5,"units":2,"registered":"2024-12-24","catastro":"7741813QA4574B0006OT","holder":"GUADALETE GESTION TURISTICA SL","holder_count":5}},{"type":"Feature","geometry":{"type":"Point","coordinates":[-6.222001,36.601386]},"properties":{"id":"VUT/CA/22591","type":"VUT","group":"Completa","address":"CALLE CALDEVILLA Nº 7 Plta/Piso 1 Pta/Letra B/A, piso 1, puerta B/A","postal_code":"11500","places":4,"units":2,"registered":"2024-12-26","catastro":"8644112QA4584D0009AU","holder":null,"holder_count":null}},{"type":"Feature","geometry":{"type":"Point","coordinates":[-6.222001,36.601386]},"properties":{"id":"VUT/CA/22592","type":"VUT","group":"Completa","address":"CALLE CALDEVILLA Nº 7 Plta/Piso 1 Pta/Letra B/B, piso 1, puerta B/B","postal_code":"11500","places":4,"units":2,"registered":"2024-12-26","catastro":"8644112QA4584D0009AU","holder":null,"holder_count":null}},{"type":"Feature","geometry":{"type":"Point","coordinates":[-6.245099,36.595616]},"properties":{"id":"VUT/CA/22599","type":"VUT","group":"Completa","address":"CALLE RODRIGO DE BASTIDAS Nº 8 Plta/Piso 5 Pta/Letra J, piso 5, puerta J","postal_code":"11500","places":4,"units":2,"registered":"2024-12-29","catastro":"6537303QA4563E0054EZ","holder":null,"holder_count":null}},{"type":"Feature","geometry":{"type":"Point","coordinates":[-6.223816,36.605274]},"properties":{"id":"VUT/CA/22606","type":"VUT","group":"Completa","address":"CALLE RACIMO Nº 4 Blq. 5 Plta/Piso 1 Pta/Letra B, piso 1, puerta B","postal_code":"11500","places":5,"units":2,"registered":"2024-12-30","catastro":"8449703QA4584G0070HT","holder":null,"holder_count":null}},{"type":"Feature","geometry":{"type":"Point","coordinates":[-6.22,36.571693]},"properties":{"id":"VUT/CA/22607","type":"VUT","group":"Completa","address":"CALLE CHARRAN Nº 8","postal_code":"11500","places":15,"units":5,"registered":"2024-12-30","catastro":"8911401QA4581B0031RB","holder":null,"holder_count":null}},{"type":"Feature","geometry":{"type":"Point","coordinates":[-6.217737,36.610937]},"properties":{"id":"VUT/CA/22647","type":"VUT","group":"Completa","address":"CALLE HERMANOS ALVAREZ QUINTERO Nº 5 Plta/Piso 3 Pta/Letra A, piso 3, puerta A","postal_code":"11500","places":6,"units":3,"registered":"2025-01-08","catastro":"8955601QA4585F0009ZL","holder":null,"holder_count":null}},{"type":"Feature","geometry":{"type":"Point","coordinates":[-6.222439,36.603733]},"properties":{"id":"VUT/CA/22651","type":"VUT","group":"Completa","address":"CALLE ESPIRITU SANTO Nº 22 Plta/Piso 1, piso 1","postal_code":"11500","places":6,"units":2,"registered":"2025-01-08","catastro":"8647301QA4584H0003WF","holder":null,"holder_count":null}},{"type":"Feature","geometry":{"type":"Point","coordinates":[-6.23265,36.591229]},"properties":{"id":"VUT/CA/22653","type":"VUT","group":"Completa","address":"CALLE LEVATE Nº 28","postal_code":"11500","places":6,"units":3,"registered":"2025-01-08","catastro":"7733239QA4573D0001BQ","holder":null,"holder_count":null}},{"type":"Feature","geometry":{"type":"Point","coordinates":[-6.2324,36.59146]},"properties":{"id":"VUT/CA/22654","type":"VUT","group":"Completa","address":"CALLE LEVANTE Nº 16","postal_code":"11500","places":6,"units":3,"registered":"2025-01-08","catastro":"7733233QA4573D0001SQ","holder":null,"holder_count":null}},{"type":"Feature","geometry":{"type":"Point","coordinates":[-6.282814,36.611892]},"properties":{"id":"VUT/CA/22668","type":"VUT","group":"Completa","address":"CALLE De la Naranja Nº 18 Plta/Piso 3 Pta/Letra N Compl.Dom. Edificio Paraíso, piso 3, puerta N","postal_code":"11500","places":5,"units":2,"registered":"2025-01-10","catastro":"3154409QA4535C0014SB","holder":null,"holder_count":null}},{"type":"Feature","geometry":{"type":"Point","coordinates":[-6.229799,36.603077]},"properties":{"id":"VUT/CA/22680","type":"VUT","group":"Completa","address":"CALLE YERBA Nº 31 Plta/Piso 1 Pta/Letra 5, piso 1, puerta 5","postal_code":"11500","places":6,"units":2,"registered":"2025-01-10","catastro":"7945308QA4574F0006ZK","holder":null,"holder_count":null}},{"type":"Feature","geometry":{"type":"Point","coordinates":[-6.272045,36.593459]},"properties":{"id":"VUT/CA/22696","type":"VUT","group":"Completa","address":"CALLE JAVIER MERELLO Nº 7 Esc. 4 Plta/Piso 4 Pta/Letra G, piso 4, puerta G","postal_code":"11500","places":8,"units":4,"registered":"2025-01-14","catastro":"4333518QA4543C0089MZ","holder":"AC GESTION CADIZ S.L.","holder_count":3}},{"type":"Feature","geometry":{"type":"Point","coordinates":[-6.222394,36.602681]},"properties":{"id":"VUT/CA/22729","type":"VUT","group":"Completa","address":"CALLE VIRGEN DE LOS MILAGROS Nº 25 Plta/Piso B Pta/Letra 02, piso B, puerta 02","postal_code":"11500","places":6,"units":2,"registered":"2025-01-17","catastro":"8645404QA4584F0001ZJ","holder":"GUADALETE GESTION TURISTICA SL","holder_count":5}},{"type":"Feature","geometry":{"type":"Point","coordinates":[-6.283859,36.608663]},"properties":{"id":"VUT/CA/22732","type":"VUT","group":"Completa","address":"CALLE BALANDRO Nº 25 Esc. 4 Plta/Piso 2 Pta/Letra 1, piso 2, puerta 1","postal_code":"11500","places":11,"units":5,"registered":"2025-01-17","catastro":"3150919QA4535A0007WZ","holder":"MAYRO INMOJEREZ SL","holder_count":1}},{"type":"Feature","geometry":{"type":"Point","coordinates":[-6.242835,36.597112]},"properties":{"id":"VUT/CA/22745","type":"VUT","group":"Completa","address":"CALLE ALMIRANTE CHACÓN Blq. 10 Portal D Plta/Piso 4 Pta/Letra D, piso 4, puerta D","postal_code":"11500","places":3,"units":2,"registered":"2025-01-19","catastro":"6739801QA4563H0020BM","holder":null,"holder_count":null}},{"type":"Feature","geometry":{"type":"Point","coordinates":[-6.216061,36.61041]},"properties":{"id":"VUT/CA/22748","type":"VUT","group":"Completa","address":"PLAZA Tula Ruíz Golluri Nº 11 Plta/Piso 1 Pta/Letra izq, piso 1, puerta izq","postal_code":"11500","places":6,"units":3,"registered":"2025-01-20","catastro":"9154302QA4595C0002FS","holder":null,"holder_count":null}},{"type":"Feature","geometry":{"type":"Point","coordinates":[-6.239745,36.592024]},"properties":{"id":"VUT/CA/22750","type":"VUT","group":"Completa","address":"CALLE MORENO TORROBA Nº 1 Plta/Piso 1 Pta/Letra A, piso 1, puerta A","postal_code":"11500","places":6,"units":3,"registered":"2025-01-20","catastro":"7033501QA4573C0001AG","holder":null,"holder_count":null}},{"type":"Feature","geometry":{"type":"Point","coordinates":[-6.254766,36.588515]},"properties":{"id":"VUT/CA/22751","type":"VUT","group":"Completa","address":"CALLE Buque Escuela Esmeralda Nº 31 Blq. C","postal_code":"11500","places":6,"units":3,"registered":"2025-01-20","catastro":"5728029QA4552H0038PJ","holder":"Bellwether Corporate Assistance SLU","holder_count":1}},{"type":"Feature","geometry":{"type":"Point","coordinates":[-6.223722,36.575582]},"properties":{"id":"VUT/CA/22761","type":"VUT","group":"Completa","address":"URBANIZACION Conjunto Residencial Bahía Nº 26 Blq. 8 Plta/Piso 4 Pta/Letra B, piso 4, puerta B","postal_code":"11500","places":4,"units":2,"registered":"2025-01-21","catastro":"8515907QA4581F0395QL","holder":null,"holder_count":null}},{"type":"Feature","geometry":{"type":"Point","coordinates":[-6.237059,36.593506]},"properties":{"id":"VUT/CA/22762","type":"VUT","group":"Completa","address":"CAMINO DE LOS ENAMORADOS Nº 5 Portal 5 Plta/Piso 2, piso 2","postal_code":"11500","places":8,"units":3,"registered":"2025-01-21","catastro":"7335601QA4573E0040TF","holder":"GUADALETE GESTION TURISTICA, S.L.","holder_count":18}},{"type":"Feature","geometry":{"type":"Point","coordinates":[-6.280855,36.607359]},"properties":{"id":"VUT/CA/22764","type":"VUT","group":"Completa","address":"PASAJE DEL AGUA Nº 8","postal_code":"11500","places":5,"units":2,"registered":"2025-01-21","catastro":"3349401QA4534G0001LY","holder":null,"holder_count":null}},{"type":"Feature","geometry":{"type":"Point","coordinates":[-6.235378,36.59234]},"properties":{"id":"VUT/CA/22765","type":"VUT","group":"Completa","address":"CALLE DEL RUISEÑOR Nº 15 Plta/Piso B0 Pta/Letra 0A, piso B0, puerta 0A","postal_code":"11500","places":6,"units":3,"registered":"2025-01-21","catastro":"7434803QA4573C0017RT","holder":"GUADALETE GESTION TURISTICA SL","holder_count":5}},{"type":"Feature","geometry":{"type":"Point","coordinates":[-6.224421,36.574081]},"properties":{"id":"VUT/CA/22781","type":"VUT","group":"Completa","address":"PASEO Marítimo de Valdelagrana Nº 27 Blq. 1 Plta/Piso 8 Pta/Letra b, piso 8, puerta b","postal_code":"11500","places":6,"units":3,"registered":"2025-01-23","catastro":"8515901QA4581F0030YO","holder":null,"holder_count":null}},{"type":"Feature","geometry":{"type":"Point","coordinates":[-6.222675,36.60331]},"properties":{"id":"VUT/CA/22799","type":"VUT","group":"Completa","address":"CALLE Cielo Nº 21 Compl.Dom. Bajo derecha","postal_code":"11500","places":6,"units":2,"registered":"2025-01-26","catastro":"8546905QA4584F0001JJ","holder":null,"holder_count":null}},{"type":"Feature","geometry":{"type":"Point","coordinates":[-6.230691,36.603768]},"properties":{"id":"VUT/CA/22845","type":"VUT","group":"Completa","address":"CALLE glorieta Juan de Austria Nº 2 Plta/Piso 3 Pta/Letra F, piso 3, puerta F","postal_code":"11500","places":4,"units":1,"registered":"2025-01-30","catastro":"7846214QA4574F0034UF","holder":null,"holder_count":null}},{"type":"Feature","geometry":{"type":"Point","coordinates":[-6.220609,36.572264]},"properties":{"id":"VUT/CA/22849","type":"VUT","group":"Completa","address":"AVENIDA RÍO SAN PEDRO Nº 18 Portal 4 Plta/Piso 1 Pta/Letra E, piso 1, puerta E","postal_code":"11500","places":5,"units":2,"registered":"2025-01-31","catastro":"8811301QA4581B0109ZP","holder":null,"holder_count":null}},{"type":"Feature","geometry":{"type":"Point","coordinates":[-6.268858,36.593274]},"properties":{"id":"VUT/CA/22855","type":"VUT","group":"Completa","address":"AVENIDA CLUB MEDITERRANEO Nº 23 Blq. E Plta/Piso 1 Pta/Letra A, piso 1, puerta A","postal_code":"11500","places":8,"units":3,"registered":"2025-01-31","catastro":"4333541QA4543C0227LY","holder":null,"holder_count":null}},{"type":"Feature","geometry":{"type":"Point","coordinates":[-6.268858,36.593274]},"properties":{"id":"VUT/CA/22856","type":"VUT","group":"Completa","address":"AVENIDA CLUB MEDITERRANEO Nº 23 Portal E Plta/Piso BAJO Pta/Letra D, piso BAJO, puerta D","postal_code":"11500","places":8,"units":3,"registered":"2025-02-01","catastro":"4333541QA4543C0225JR","holder":null,"holder_count":null}},{"type":"Feature","geometry":{"type":"Point","coordinates":[-6.268858,36.593274]},"properties":{"id":"VUT/CA/22857","type":"VUT","group":"Completa","address":"AVENIDA CLUB MEDITERRANEO Nº 23 Blq. E Plta/Piso 2 Pta/Letra B, piso 2, puerta B","postal_code":"11500","places":7,"units":4,"registered":"2025-02-01","catastro":"4333541QA4543C0231BU","holder":null,"holder_count":null}},{"type":"Feature","geometry":{"type":"Point","coordinates":[-6.223852,36.580037]},"properties":{"id":"VUT/CA/22875","type":"VUT","group":"Completa","address":"AVENIDA Catalina Santos \"La Guachi\" Nº 33 Blq. 11 Plta/Piso 7 Pta/Letra A, piso 7, puerta A","postal_code":"11500","places":4,"units":1,"registered":"2025-02-03","catastro":"8320501QA4582A0363EF","holder":null,"holder_count":null}},{"type":"Feature","geometry":{"type":"Point","coordinates":[-6.220014,36.607693]},"properties":{"id":"VUT/CA/22881","type":"VUT","group":"Completa","address":"AVENIDA DE LA DIPUTACION Nº 4 Plta/Piso 2 Pta/Letra E, piso 2, puerta E","postal_code":"11500","places":2,"units":1,"registered":"2025-02-04","catastro":"8851509QA4585B0029XB","holder":null,"holder_count":null}},{"type":"Feature","geometry":{"type":"Point","coordinates":[-6.230691,36.603768]},"properties":{"id":"VUT/CA/22894","type":"VUT","group":"Completa","address":"CALLE Glorieta Juan de Austria Nº 2 Plta/Piso 3 Pta/Letra E, piso 3, puerta E","postal_code":"11500","places":4,"units":1,"registered":"2025-02-05","catastro":"7846214QA4574F0034UF","holder":null,"holder_count":null}},{"type":"Feature","geometry":{"type":"Point","coordinates":[-6.275685,36.603235]},"properties":{"id":"VUT/CA/22899","type":"VUT","group":"Completa","address":"CALLE BOLARDO Nº 15","postal_code":"11500","places":7,"units":3,"registered":"2025-02-05","catastro":"3745401QA4534F0029SL","holder":null,"holder_count":null}},{"type":"Feature","geometry":{"type":"Point","coordinates":[-6.225249,36.602404]},"properties":{"id":"VUT/CA/22904","type":"VUT","group":"Completa","address":"CALLE DE LA ROSA Nº 24 Pta/Letra 38, puerta 38","postal_code":"11500","places":6,"units":2,"registered":"2025-02-06","catastro":"8245528QA4584E0106BH","holder":"LORETIAS GEYCA SL","holder_count":1}},{"type":"Feature","geometry":{"type":"Point","coordinates":[-6.222637,36.570665]},"properties":{"id":"VUT/CA/22925","type":"VUT","group":"Completa","address":"PASEO MARITIMO Nº 33 Blq. 12 Plta/Piso 5 Pta/Letra C Compl.Dom. URBANIZACION BLEGAMAR. VALDELAGRANA, piso 5, puerta C","postal_code":"11500","places":4,"units":1,"registered":"2025-02-10","catastro":"8611722QA4581B0009QU","holder":null,"holder_count":null}},{"type":"Feature","geometry":{"type":"Point","coordinates":[-6.286147,36.613366]},"properties":{"id":"VUT/CA/22939","type":"VUT","group":"Completa","address":"CALLE DE LA NARANJA Nº 41 Plta/Piso 1 Pta/Letra B1, piso 1, puerta B1","postal_code":"11500","places":4,"units":1,"registered":"2025-02-11","catastro":"2855401QA4525F0006OG","holder":null,"holder_count":null}},{"type":"Feature","geometry":{"type":"Point","coordinates":[-6.221053,36.603358]},"properties":{"id":"VUT/CA/22969","type":"VUT","group":"Completa","address":"CALLE VIRGEN DE LOS MILAGROS Nº 7 Plta/Piso 1 Pta/Letra B, piso 1, puerta B","postal_code":"11500","places":6,"units":3,"registered":"2025-02-13","catastro":"8747109QA4584F0001PJ","holder":null,"holder_count":null}},{"type":"Feature","geometry":{"type":"Point","coordinates":[-6.232697,36.591189]},"properties":{"id":"VUT/CA/22996","type":"VUT","group":"Completa","address":"CALLE levante Nº 30","postal_code":"11500","places":2,"units":3,"registered":"2025-02-16","catastro":"7733240QA4573D0001WQ","holder":null,"holder_count":null}},{"type":"Feature","geometry":{"type":"Point","coordinates":[-6.272284,36.600895]},"properties":{"id":"VUT/CA/22998","type":"VUT","group":"Completa","address":"CALLE MAR DE BERING Nº 2","postal_code":"11500","places":8,"units":3,"registered":"2025-02-16","catastro":"4142201QA4544D0007AS","holder":null,"holder_count":null}},{"type":"Feature","geometry":{"type":"Point","coordinates":[-6.276891,36.622494]},"properties":{"id":"VUT/CA/22999","type":"VUT","group":"Completa","address":"CALLE PEREJIL Nº 75","postal_code":"11500","places":8,"units":3,"registered":"2025-02-16","catastro":"3666903QA4536F0001LI","holder":null,"holder_count":null}},{"type":"Feature","geometry":{"type":"Point","coordinates":[-6.227132,36.600093]},"properties":{"id":"VUT/CA/23022","type":"VUT","group":"Completa","address":"CALLE SANTA MARÍA Nº 4 Esc. 01 Plta/Piso 01 Pta/Letra C, piso 01, puerta C","postal_code":"11500","places":5,"units":3,"registered":"2025-02-18","catastro":"8143814QA4584C0005LJ","holder":null,"holder_count":null}},{"type":"Feature","geometry":{"type":"Point","coordinates":[-6.224421,36.574081]},"properties":{"id":"VUT/CA/23024","type":"VUT","group":"Completa","address":"PASEO MARITIMO VALDELAGRANA Nº 27 Portal 1 Compl.Dom. URBANIZACION BAHIALUZ PORTAL 1, PASEO MARITIMO 27 - LETRA D - PLANTA ATICO","postal_code":"11500","places":5,"units":2,"registered":"2025-02-18","catastro":"8515901QA4581F0032IA","holder":"MIJUAL, S.L.","holder_count":1}},{"type":"Feature","geometry":{"type":"Point","coordinates":[-6.270663,36.602005]},"properties":{"id":"VUT/CA/23025","type":"VUT","group":"Completa","address":"CALLE MAR DE JAVA Nº 46 Pta/Letra 1, puerta 1","postal_code":"11500","places":8,"units":3,"registered":"2025-02-18","catastro":"4244802QA4544D0012WF","holder":null,"holder_count":null}},{"type":"Feature","geometry":{"type":"Point","coordinates":[-6.274873,36.598846]},"properties":{"id":"VUT/CA/23053","type":"VUT","group":"Completa","address":"CALLE MAR ADRIATICO Nº 54","postal_code":"11500","places":5,"units":2,"registered":"2025-02-21","catastro":"4039101qa4543g0055wo","holder":null,"holder_count":null}},{"type":"Feature","geometry":{"type":"Point","coordinates":[-6.232226,36.591615]},"properties":{"id":"VUT/CA/23056","type":"VUT","group":"Completa","address":"CALLE LEVANTE Nº 8","postal_code":"11500","places":5,"units":3,"registered":"2025-02-21","catastro":"7733229QA4573D0001EQ","holder":null,"holder_count":null}},{"type":"Feature","geometry":{"type":"Point","coordinates":[-6.230334,36.602102]},"properties":{"id":"VUT/CA/23070","type":"VUT","group":"Completa","address":"CALLE Arzobispo Bizarrón Nº 31 Plta/Piso bajo Pta/Letra der, piso bajo, puerta der","postal_code":"11500","places":4,"units":1,"registered":"2025-02-22","catastro":"7844517QA4574D0003FB","holder":null,"holder_count":null}},{"type":"Feature","geometry":{"type":"Point","coordinates":[-6.223085,36.569231]},"properties":{"id":"VUT/CA/23077","type":"VUT","group":"Completa","address":"CALLE PASEO MARITIMO Nº 37 Blq. 1 Portal A Plta/Piso 3 Pta/Letra C Compl.Dom. URBANIZACION COLOMINA, VALDELAGRANA, piso 3, puerta C","postal_code":"11500","places":5,"units":3,"registered":"2025-02-23","catastro":"8709201QA4580H0011EB","holder":null,"holder_count":null}},{"type":"Feature","geometry":{"type":"Point","coordinates":[-6.223722,36.575582]},"properties":{"id":"VUT/CA/23078","type":"VUT","group":"Completa","address":"CALLE AVDA. PASEO MARITIMO Nº 15 Blq. 4 Plta/Piso 5 Pta/Letra H, piso 5, puerta H","postal_code":"11500","places":4,"units":1,"registered":"2025-02-23","catastro":"8515907QA4581F0258LF","holder":null,"holder_count":null}},{"type":"Feature","geometry":{"type":"Point","coordinates":[-6.223143,36.600426]},"properties":{"id":"VUT/CA/23084","type":"VUT","group":"Completa","address":"CALLE MAYORGA Nº 4 Plta/Piso 2 Pta/Letra D, piso 2, puerta D","postal_code":"11500","places":5,"units":2,"registered":"2025-02-25","catastro":"8443615QA4584C0012MZ","holder":null,"holder_count":null}},{"type":"Feature","geometry":{"type":"Point","coordinates":[-6.274357,36.604373]},"properties":{"id":"VUT/CA/23090","type":"VUT","group":"Completa","address":"CALLE CAMAROTE Nº 20 Compl.Dom. URBANIZACION EL ANCLA","postal_code":"11500","places":7,"units":3,"registered":"2025-02-24","catastro":"3947203QA4534F0031GK","holder":null,"holder_count":null}},{"type":"Feature","geometry":{"type":"Point","coordinates":[-6.222415,36.575555]},"properties":{"id":"VUT/CA/23113","type":"VUT","group":"Completa","address":"AVENIDA SANTA MARIA DEL MAR, 9 Nº 2-11 Blq. 1 Esc. 1 Plta/Piso 5 Pta/Letra B, piso 5, puerta B","postal_code":"11500","places":7,"units":4,"registered":"2025-02-26","catastro":"8616601QA4581F0022OR","holder":null,"holder_count":null}},{"type":"Feature","geometry":{"type":"Point","coordinates":[-6.284632,36.609167]},"properties":{"id":"VUT/CA/23120","type":"VUT","group":"Completa","address":"CALLE GOLETA Nº 38 Plta/Piso 1 Pta/Letra A Compl.Dom. URBANIZACION EL MANANTIAL, piso 1, puerta A","postal_code":"11500","places":4,"units":1,"registered":"2025-02-27","catastro":"3153830QA4535C0009FK","holder":null,"holder_count":null}},{"type":"Feature","geometry":{"type":"Point","coordinates":[-6.239576,36.596432]},"properties":{"id":"VUT/CA/23122","type":"VUT","group":"Completa","address":"AVENIDA CRUZ ROJA Nº 1 Esc. G Plta/Piso 0 Pta/Letra 1, piso 0, puerta 1","postal_code":"11500","places":4,"units":1,"registered":"2025-02-27","catastro":"7039101QA4573G0075OS","holder":null,"holder_count":null}},{"type":"Feature","geometry":{"type":"Point","coordinates":[-6.214289,36.614709]},"properties":{"id":"VUT/CA/23136","type":"VUT","group":"Completa","address":"CALLE PIANO Nº 4 Blq. 7 Plta/Piso 3 Pta/Letra 731 Compl.Dom. JARDINES DEL PASEO, piso 3, puerta 731","postal_code":"11500","places":6,"units":3,"registered":"2025-02-28","catastro":"9259901QA4595G0001XQ","holder":null,"holder_count":null}},{"type":"Feature","geometry":{"type":"Point","coordinates":[-6.225989,36.600189]},"properties":{"id":"VUT/CA/23149","type":"VUT","group":"Completa","address":"CALLE GANADO Nº 22 Plta/Piso 2 Pta/Letra C, piso 2, puerta C","postal_code":"11500","places":4,"units":2,"registered":"2025-03-03","catastro":"8243602QA4584C0009KZ","holder":null,"holder_count":null}},{"type":"Feature","geometry":{"type":"Point","coordinates":[-6.25219,36.59969]},"properties":{"id":"VUT/CA/23160","type":"VUT","group":"Completa","address":"AVENIDA JUAN MELGAREJO Nº 6 Plta/Piso 1 Pta/Letra 122, piso 1, puerta 122","postal_code":"11500","places":6,"units":2,"registered":"2025-03-03","catastro":"6240915QA4564A0196RS","holder":"GUADALETE GESTION TURISTICA, S.L.","holder_count":18}},{"type":"Feature","geometry":{"type":"Point","coordinates":[-6.237059,36.593506]},"properties":{"id":"VUT/CA/23176","type":"VUT","group":"Completa","address":"CALLE RUISEÑOR Nº 34 Plta/Piso 2 Pta/Letra B, piso 2, puerta B","postal_code":"11150","places":7,"units":4,"registered":"2025-03-04","catastro":"7335601QA4573E0055JE","holder":null,"holder_count":null}},{"type":"Feature","geometry":{"type":"Point","coordinates":[-6.271493,36.606948]},"properties":{"id":"VUT/CA/23191","type":"VUT","group":"Completa","address":"CARRETERA FUENTERRABIA Nº SN Compl.Dom. ESTE. FRENTE A CC EL ANCLA","postal_code":"11500","places":12,"units":6,"registered":"2025-03-05","catastro":"11027A013000190001GL","holder":"GUADALETE GESTION TURISTICA, S.L.","holder_count":18}},{"type":"Feature","geometry":{"type":"Point","coordinates":[-6.25219,36.59969]},"properties":{"id":"VUT/CA/23211","type":"VUT","group":"Completa","address":"AVENIDA Juan Melgarejo Nº 6 Esc. 1 Plta/Piso 3 Pta/Letra 2, piso 3, puerta 2","postal_code":"11500","places":4,"units":1,"registered":"2025-03-07","catastro":"6240915QA4564A0237SB","holder":null,"holder_count":null}},{"type":"Feature","geometry":{"type":"Point","coordinates":[-6.225802,36.60103]},"properties":{"id":"VUT/CA/23228","type":"VUT","group":"Por habitaciones","address":"CALLE Descalzos Nº 9","postal_code":"11500","places":6,"units":5,"registered":"2025-03-06","catastro":"8243413QA4584C0001TD","holder":null,"holder_count":null}},{"type":"Feature","geometry":{"type":"Point","coordinates":[-6.224343,36.59845]},"properties":{"id":"VUT/CA/23232","type":"VUT","group":"Completa","address":"CALLE JESUS DE LOS MILAGROS Nº 7 Plta/Piso 3, piso 3","postal_code":"11500","places":6,"units":3,"registered":"2025-03-07","catastro":"8441108QA4584A0004ZZ","holder":"CAYETANOS DEL PUERTO SL","holder_count":1}},{"type":"Feature","geometry":{"type":"Point","coordinates":[-6.250076,36.587892]},"properties":{"id":"VUT/CA/23234","type":"VUT","group":"Completa","address":"CALLE TOPACIO Nº 13","postal_code":"11500","places":10,"units":5,"registered":"2025-03-07","catastro":"6228908QA4562G0001TU","holder":null,"holder_count":null}},{"type":"Feature","geometry":{"type":"Point","coordinates":[-6.248006,36.598882]},"properties":{"id":"VUT/CA/23236","type":"VUT","group":"Completa","address":"CALLE LAS MAGNOLIAS Nº 18 Esc. 1 Pta/Letra 9 Compl.Dom. SOTO DE VISTAHERMOSA, puerta 9","postal_code":"11500","places":2,"units":4,"registered":"2025-03-07","catastro":"6240964QA4564A0009JK","holder":null,"holder_count":null}},{"type":"Feature","geometry":{"type":"Point","coordinates":[-6.275476,36.605608]},"properties":{"id":"VUT/CA/23238","type":"VUT","group":"Completa","address":"CALLE Pantoque Nº 13 Esc. 1 Plta/Piso 1º Pta/Letra G, piso 1º, puerta G","postal_code":"11500","places":6,"units":3,"registered":"2025-03-10","catastro":"3947201QA4534H0050PE","holder":null,"holder_count":null}},{"type":"Feature","geometry":{"type":"Point","coordinates":[-6.248006,36.598882]},"properties":{"id":"VUT/CA/23239","type":"VUT","group":"Completa","address":"CALLE LAS MAGNOLIAS Nº 20 Esc. 1 Pta/Letra 10, puerta 10","postal_code":"11500","places":2,"units":4,"registered":"2025-03-07","catastro":"6240964QA4564A0010GH","holder":null,"holder_count":null}},{"type":"Feature","geometry":{"type":"Point","coordinates":[-6.272677,36.604617]},"properties":{"id":"VUT/CA/23243","type":"VUT","group":"Completa","address":"CALLE ANCORA Nº 8 Blq. 2 Plta/Piso 3 Pta/Letra D, piso 3, puerta D","postal_code":"11500","places":3,"units":1,"registered":"2025-03-07","catastro":"4146502QA4544E0304SR","holder":null,"holder_count":null}},{"type":"Feature","geometry":{"type":"Point","coordinates":[-6.227302,36.599389]},"properties":{"id":"VUT/CA/23245","type":"VUT","group":"Completa","address":"CALLE Luna Nº 51 Plta/Piso 2 Pta/Letra I, piso 2, puerta I","postal_code":"11500","places":8,"units":4,"registered":"2025-03-07","catastro":"8042621QA4584A0003WB","holder":null,"holder_count":null}},{"type":"Feature","geometry":{"type":"Point","coordinates":[-6.22351,36.574783]},"properties":{"id":"VUT/CA/23250","type":"VUT","group":"Completa","address":"PASEO MARITIMO VALDELAGRANA Nº 25","postal_code":"11500","places":4,"units":2,"registered":"2025-03-07","catastro":"8515902QA4581F0186DU","holder":"ARENAS GARCÍA LÓPEZ, S.L.","holder_count":1}},{"type":"Feature","geometry":{"type":"Point","coordinates":[-6.211845,36.611336]},"properties":{"id":"VUT/CA/23269","type":"VUT","group":"Completa","address":"CALLE CALLE RIO JUCAR Nº 6","postal_code":"11500","places":6,"units":2,"registered":"2025-03-10","catastro":"9556917QA4595F0001IG","holder":null,"holder_count":null}},{"type":"Feature","geometry":{"type":"Point","coordinates":[-6.220031,36.604055]},"properties":{"id":"VUT/CA/23288","type":"VUT","group":"Completa","address":"CALLE VIRGEN DE LOS MILAGROS Nº 3 Blq. 12 Plta/Piso b Pta/Letra 2 Compl.Dom. Residencial Bodega Sagrada Familia, piso b, puerta 2","postal_code":"11500","places":4,"units":2,"registered":"2025-03-11","catastro":"8747118QA4584F0081TR","holder":null,"holder_count":null}},{"type":"Feature","geometry":{"type":"Point","coordinates":[-6.221053,36.603358]},"properties":{"id":"VUT/CA/23301","type":"VUT","group":"Completa","address":"CALLE VIRGEN DE LOS MILAGROS Nº 7 Plta/Piso 1 Pta/Letra F, piso 1, puerta F","postal_code":"11500","places":8,"units":4,"registered":"2025-03-12","catastro":"8747109QA4584F0001PJ","holder":null,"holder_count":null}},{"type":"Feature","geometry":{"type":"Point","coordinates":[-6.256904,36.578401]},"properties":{"id":"VUT/CA/23305","type":"VUT","group":"Completa","address":"PLAZA Garvey Esc. 3 Plta/Piso 2 Pta/Letra C Compl.Dom. Poblado de Puerto Sherry, piso 2, puerta C","postal_code":"11407","places":8,"units":3,"registered":"2025-03-12","catastro":"5217404QA4551G0075KH","holder":"Benbo Adminnistración y Servicios SL","holder_count":5}},{"type":"Feature","geometry":{"type":"Point","coordinates":[-6.221053,36.603358]},"properties":{"id":"VUT/CA/23307","type":"VUT","group":"Completa","address":"CALLE ALBAREDA Nº 6 Portal F","postal_code":"11500","places":6,"units":3,"registered":"2025-03-12","catastro":"8747109QA4584F0001PJ","holder":null,"holder_count":null}},{"type":"Feature","geometry":{"type":"Point","coordinates":[-6.231165,36.622345]},"properties":{"id":"VUT/CA/23311","type":"VUT","group":"Completa","address":"CALLE ALFARERO Nº 21 Esc. 1 Plta/Piso 0 Pta/Letra B Compl.Dom. EL BARRERO, piso 0, puerta B","postal_code":"11500","places":3,"units":1,"registered":"2025-03-12","catastro":"7766128QA4576F0002LW","holder":null,"holder_count":null}},{"type":"Feature","geometry":{"type":"Point","coordinates":[-6.223902,36.599862]},"properties":{"id":"VUT/CA/23316","type":"VUT","group":"Completa","address":"CALLE JAVIER DE BURGOS Nº 15","postal_code":"11500","places":8,"units":4,"registered":"2025-03-13","catastro":"8442909QA4584A0001KK","holder":"CHAIKANA S.L.","holder_count":1}},{"type":"Feature","geometry":{"type":"Point","coordinates":[-6.213425,36.607952]},"properties":{"id":"VUT/CA/23334","type":"VUT","group":"Completa","address":"CALLE ALBAHACA Nº 3 Plta/Piso BJ Pta/Letra D, piso BJ, puerta D","postal_code":"11500","places":5,"units":2,"registered":"2025-03-14","catastro":"9352801QA4595A0020AY","holder":null,"holder_count":null}},{"type":"Feature","geometry":{"type":"Point","coordinates":[-6.256904,36.578401]},"properties":{"id":"VUT/CA/23342","type":"VUT","group":"Completa","address":"AVENIDA Del Puerto Nº 36 Pta/Letra L-4 Compl.Dom. En Pueblo Sherry, puerta L-4","postal_code":"11500","places":6,"units":2,"registered":"2025-03-15","catastro":"5217404QA4551G0007JG","holder":null,"holder_count":null}},{"type":"Feature","geometry":{"type":"Point","coordinates":[-6.218838,36.610523]},"properties":{"id":"VUT/CA/23345","type":"VUT","group":"Completa","address":"CALLE CONCEJAL JUAN BOCANEGRA Nº 11 Blq. 4 Plta/Piso 3 Pta/Letra A, piso 3, puerta A","postal_code":"11500","places":6,"units":3,"registered":"2025-03-16","catastro":"8854401QA4585D0057EA","holder":null,"holder_count":null}},{"type":"Feature","geometry":{"type":"Point","coordinates":[-6.221747,36.571809]},"properties":{"id":"VUT/CA/23356","type":"VUT","group":"Completa","address":"PASEO MARITIMO VALDELAGRANA Nº 33 Plta/Piso 1 Pta/Letra B, piso 1, puerta B","postal_code":"11500","places":6,"units":2,"registered":"2025-03-17","catastro":"8611714QA4581B0002KM","holder":"ARENAS GARCÍA LOPEZ, S.L.","holder_count":1}},{"type":"Feature","geometry":{"type":"Point","coordinates":[-6.27605,36.61372]},"properties":{"id":"VUT/CA/23357","type":"VUT","group":"Completa","address":"CALLE SAUCES Nº 2 Compl.Dom. LAS ARENAS DE FUENTEBRAVIA","postal_code":"11500","places":6,"units":3,"registered":"2025-03-18","catastro":"3757207QA4535F0001SF","holder":null,"holder_count":null}},{"type":"Feature","geometry":{"type":"Point","coordinates":[-6.236909,36.594342]},"properties":{"id":"VUT/CA/23361","type":"VUT","group":"Completa","address":"AVENIDA PINTOR ANTONIO FERNANDEZ SEVILLA Nº 10","postal_code":"11500","places":9,"units":3,"registered":"2025-03-17","catastro":"7336203QA4573E0001IP","holder":null,"holder_count":null}},{"type":"Feature","geometry":{"type":"Point","coordinates":[-6.220907,36.574748]},"properties":{"id":"VUT/CA/23371","type":"VUT","group":"Completa","address":"CALLE LA PLAYA Nº 11","postal_code":"11500","places":8,"units":4,"registered":"2025-03-17","catastro":"8815201QA4581H0035TO","holder":null,"holder_count":null}},{"type":"Feature","geometry":{"type":"Point","coordinates":[-6.231312,36.601339]},"properties":{"id":"VUT/CA/23383","type":"VUT","group":"Completa","address":"CALLE Capillera Nº 9 Plta/Piso 1 Pta/Letra L, piso 1, puerta L","postal_code":"11500","places":5,"units":2,"registered":"2025-03-18","catastro":"7843311QA4574D0012XE","holder":null,"holder_count":null}},{"type":"Feature","geometry":{"type":"Point","coordinates":[-6.223085,36.569231]},"properties":{"id":"VUT/CA/23400","type":"VUT","group":"Completa","address":"AVENIDA PASEO MARÍTIMO Nº 17 Portal 1 Plta/Piso BAJA Pta/Letra IZQ, piso BAJA, puerta IZQ","postal_code":"11500","places":7,"units":3,"registered":"2025-03-18","catastro":"8709201QA4580H0191HP","holder":null,"holder_count":null}},{"type":"Feature","geometry":{"type":"Point","coordinates":[-6.221078,36.575218]},"properties":{"id":"VUT/CA/23423","type":"VUT","group":"Completa","address":"CALLE SALAZON Nº 6","postal_code":"11500","places":8,"units":3,"registered":"2025-03-19","catastro":"8815301QA4581F0007DK","holder":null,"holder_count":null}},{"type":"Feature","geometry":{"type":"Point","coordinates":[-6.231828,36.589255]},"properties":{"id":"VUT/CA/23434","type":"VUT","group":"Completa","address":"CALLE MANUEL FERNÁNDEZ MORO Nº 11 Blq. 11 Plta/Piso BAJO Pta/Letra IZQ Compl.Dom. ANTIGUA CALLE FALANGISTA JUAN LOPEZ CHORRO, piso BAJO, puerta IZQ","postal_code":"11500","places":5,"units":3,"registered":"2025-03-20","catastro":"7730501QA4573B0004SO","holder":null,"holder_count":null}},{"type":"Feature","geometry":{"type":"Point","coordinates":[-6.284374,36.608244]},"properties":{"id":"VUT/CA/23437","type":"VUT","group":"Completa","address":"CALLE BALANDRO Nº 57 Plta/Piso 3 Pta/Letra 8 Compl.Dom. RESIDENCIAL LAS GAVIOTAS APARTAMENTO Nº 8, piso 3, puerta 8","postal_code":"11500","places":5,"units":2,"registered":"2025-03-20","catastro":"3150907QA4535A0008FX","holder":null,"holder_count":null}},{"type":"Feature","geometry":{"type":"Point","coordinates":[-6.222932,36.573062]},"properties":{"id":"VUT/CA/23439","type":"VUT","group":"Completa","address":"URBANIZACION VALDELAGRANA Portal 3 Plta/Piso 2 Pta/Letra F Compl.Dom. CONJUNTO VIGALPE 500, piso 2, puerta F","postal_code":"11500","places":5,"units":2,"registered":"2025-03-20","catastro":"8613101QA4581D0398GR","holder":null,"holder_count":null}},{"type":"Feature","geometry":{"type":"Point","coordinates":[-6.284374,36.608244]},"properties":{"id":"VUT/CA/23450","type":"VUT","group":"Completa","address":"CALLE BALANDRO Nº 27 Esc. 1 Plta/Piso 2 Pta/Letra 16, piso 2, puerta 16","postal_code":"11500","places":3,"units":2,"registered":"2025-03-20","catastro":"3150907QA4535A0015KE","holder":null,"holder_count":null}},{"type":"Feature","geometry":{"type":"Point","coordinates":[-6.226975,36.598433]},"properties":{"id":"VUT/CA/23473","type":"VUT","group":"Completa","address":"CALLE Palacios Nº 40 Plta/Piso 2 Pta/Letra B, piso 2, puerta B","postal_code":"11500","places":6,"units":2,"registered":"2025-03-21","catastro":"8241124QA4584A0005DX","holder":null,"holder_count":null}},{"type":"Feature","geometry":{"type":"Point","coordinates":[-6.221053,36.603358]},"properties":{"id":"VUT/CA/23477","type":"VUT","group":"Completa","address":"CALLE Albareda Nº 6 Plta/Piso Bajo Pta/Letra B Compl.Dom. Modulos Unifamiliares, piso Bajo, puerta B","postal_code":"11500","places":6,"units":2,"registered":"2025-03-21","catastro":"8747109QA4584F0001PJ","holder":"OLE SOLUTIONS HOLIDAY RENTALS S.L.","holder_count":12}},{"type":"Feature","geometry":{"type":"Point","coordinates":[-6.228867,36.600404]},"properties":{"id":"VUT/CA/23501","type":"VUT","group":"Completa","address":"CALLE SAN JUAN Nº 7 Plta/Piso ATICO Pta/Letra A, piso ATICO, puerta A","postal_code":"11500","places":4,"units":2,"registered":"2025-03-23","catastro":"7943913QA4574D0011OW","holder":null,"holder_count":null}},{"type":"Feature","geometry":{"type":"Point","coordinates":[-6.229156,36.597644]},"properties":{"id":"VUT/CA/23515","type":"VUT","group":"Completa","address":"CALLE SAN BARTOLOME Nº 33 Plta/Piso 1 Pta/Letra 5, piso 1, puerta 5","postal_code":"11500","places":2,"units":1,"registered":"2025-03-24","catastro":"8040907qa4584a0008yw","holder":null,"holder_count":null}},{"type":"Feature","geometry":{"type":"Point","coordinates":[-6.222872,36.57157]},"properties":{"id":"VUT/CA/23633","type":"VUT","group":"Completa","address":"PASEO Marítimo Valdelagrana Nº 33 Blq. Nav Esc. 1 Plta/Piso 6 Pta/Letra A, piso 6, puerta A","postal_code":"11500","places":4,"units":2,"registered":"2025-03-27","catastro":"8611709QA4581B0011YY","holder":null,"holder_count":null}},{"type":"Feature","geometry":{"type":"Point","coordinates":[-6.272677,36.604617]},"properties":{"id":"VUT/CA/23635","type":"VUT","group":"Completa","address":"CALLE ANCORA Nº 8 Esc. 2 Plta/Piso 1 Pta/Letra E Compl.Dom. EDIFICIO ANCORA iI, piso 1, puerta E","postal_code":"11500","places":3,"units":1,"registered":"2025-03-27","catastro":"4146502QA4544E0291MG","holder":null,"holder_count":null}},{"type":"Feature","geometry":{"type":"Point","coordinates":[-6.229045,36.602447]},"properties":{"id":"VUT/CA/23644","type":"VUT","group":"Completa","address":"CALLE CRUCES Nº 34 Pta/Letra I, puerta I","postal_code":"11500","places":8,"units":4,"registered":"2025-03-27","catastro":"7945710QA4574F0023HY","holder":null,"holder_count":null}},{"type":"Feature","geometry":{"type":"Point","coordinates":[-6.258376,36.583655]},"properties":{"id":"VUT/CA/23655","type":"VUT","group":"Completa","address":"CALLE MALVAVISCO Nº 7","postal_code":"11500","places":13,"units":3,"registered":"2025-03-27","catastro":"5423201QA4552C0004QH","holder":null,"holder_count":null}},{"type":"Feature","geometry":{"type":"Point","coordinates":[-6.25219,36.59969]},"properties":{"id":"VUT/CA/23656","type":"VUT","group":"Completa","address":"AVENIDA JUAN MELGAREJO Nº 6 Plta/Piso 1 Pta/Letra 2, piso 1, puerta 2","postal_code":"11500","places":4,"units":1,"registered":"2025-03-28","catastro":"6240915QA4564A0147HQ","holder":null,"holder_count":null}},{"type":"Feature","geometry":{"type":"Point","coordinates":[-6.226187,36.597085]},"properties":{"id":"VUT/CA/23660","type":"VUT","group":"Completa","address":"CALLE Alquiladores Nº 5 Plta/Piso 1 Pta/Letra C, piso 1, puerta C","postal_code":"11500","places":4,"units":1,"registered":"2025-03-28","catastro":"8239404QA4583G0008XH","holder":null,"holder_count":null}},{"type":"Feature","geometry":{"type":"Point","coordinates":[-6.224483,36.599185]},"properties":{"id":"VUT/CA/23754","type":"VUT","group":"Completa","address":"CALLE GANADO Nº 6 Esc. 3 Plta/Piso 1 Pta/Letra A, piso 1, puerta A","postal_code":"11500","places":2,"units":3,"registered":"2025-03-31","catastro":"8342601QA4584A0012LE","holder":null,"holder_count":null}},{"type":"Feature","geometry":{"type":"Point","coordinates":[-6.249008,36.59737]},"properties":{"id":"VUT/CA/23759","type":"VUT","group":"Completa","address":"CALLE Camelias Nº 4","postal_code":"11500","places":10,"units":4,"registered":"2025-03-31","catastro":"6239201QA4563G0020DF","holder":null,"holder_count":null}},{"type":"Feature","geometry":{"type":"Point","coordinates":[-6.22919,36.596822]},"properties":{"id":"VUT/CA/23763","type":"VUT","group":"Completa","address":"CALLE BOLOS Nº 6A Compl.Dom. DUPLEX C","postal_code":"11500","places":4,"units":2,"registered":"2025-03-31","catastro":"7939901QA4573H0021XT","holder":null,"holder_count":null}},{"type":"Feature","geometry":{"type":"Point","coordinates":[-6.244833,36.626486]},"properties":{"id":"VUT/CA/23768","type":"VUT","group":"Completa","address":"CALLE Virgen del Rocio Nº 19 Compl.Dom. Urbanización Montesdeoca","postal_code":"11500","places":4,"units":1,"registered":"2025-03-31","catastro":"6369137QA4566G0001FY","holder":null,"holder_count":null}},{"type":"Feature","geometry":{"type":"Point","coordinates":[-6.222932,36.573062]},"properties":{"id":"VUT/CA/23772","type":"VUT","group":"Completa","address":"CALLE DE LA LUZ Nº 1 Blq. 1 Plta/Piso 5 Pta/Letra C Compl.Dom. URBANIZACION VIGALPE 500, piso 5, puerta C","postal_code":"11500","places":5,"units":3,"registered":"2025-04-01","catastro":"8613101QA4581D0107FE","holder":null,"holder_count":null}},{"type":"Feature","geometry":{"type":"Point","coordinates":[-6.235078,36.601452]},"properties":{"id":"VUT/CA/23837","type":"VUT","group":"Completa","address":"GLORIETA bennluire Nº 1 Plta/Piso 2 Pta/Letra d, piso 2, puerta d","postal_code":"11500","places":6,"units":3,"registered":"2025-04-01","catastro":"7444901QA4574C0003FA","holder":null,"holder_count":null}},{"type":"Feature","geometry":{"type":"Point","coordinates":[-6.261946,36.602394]},"properties":{"id":"VUT/CA/23885","type":"VUT","group":"Completa","address":"CALLE CÁRABO Nº 12 Blq. 3 Plta/Piso 1 Pta/Letra IZQUIERDA, piso 1, puerta IZQUIERDA","postal_code":"11500","places":6,"units":3,"registered":"2025-04-02","catastro":"5144102QA4554C0051XD","holder":null,"holder_count":null}},{"type":"Feature","geometry":{"type":"Point","coordinates":[-6.223085,36.569231]},"properties":{"id":"VUT/CA/23928","type":"VUT","group":"Completa","address":"CALLE PASEO MARITIMO DE VALDELAGRANA Nº 37 Blq. 3 Portal 3B Plta/Piso 3 Pta/Letra D, piso 3, puerta D","postal_code":"11500","places":8,"units":3,"registered":"2025-04-03","catastro":"8709201QA4580H0124HP","holder":null,"holder_count":null}},{"type":"Feature","geometry":{"type":"Point","coordinates":[-6.268933,36.595224]},"properties":{"id":"VUT/CA/23969","type":"VUT","group":"Completa","address":"CALLE AZAHAR Nº 21","postal_code":"11500","places":11,"units":5,"registered":"2025-04-04","catastro":"4437614QA4543E0001IZ","holder":null,"holder_count":null}},{"type":"Feature","geometry":{"type":"Point","coordinates":[-6.228168,36.594873]},"properties":{"id":"VUT/CA/23990","type":"VUT","group":"Completa","address":"CALLE Vino Oloroso Nº 1 Plta/Piso 2 Pta/Letra B, piso 2, puerta B","postal_code":"11500","places":6,"units":2,"registered":"2025-04-04","catastro":"8037703QA4583E0003EH","holder":"A Good Deal 24","holder_count":1}},{"type":"Feature","geometry":{"type":"Point","coordinates":[-6.223852,36.580037]},"properties":{"id":"VUT/CA/24000","type":"VUT","group":"Completa","address":"AVENIDA DE LA PAZ Blq. 6 Plta/Piso 1 Pta/Letra A Compl.Dom. VALDELAGRANA, COMPLEJO PUERTO MAR, piso 1, puerta A","postal_code":"11500","places":8,"units":3,"registered":"2025-04-06","catastro":"8320501QA4582A0139TH","holder":null,"holder_count":null}},{"type":"Feature","geometry":{"type":"Point","coordinates":[-6.223852,36.580037]},"properties":{"id":"VUT/CA/24007","type":"VUT","group":"Completa","address":"CALLE De la Bahia Nº 2 Blq. 10 Plta/Piso 3 Pta/Letra E Compl.Dom. PURTOMAR 10, VALDELAGRANA, piso 3, puerta E","postal_code":"11500","places":3,"units":2,"registered":"2025-04-07","catastro":"8320501QA4582A0229QS","holder":null,"holder_count":null}},{"type":"Feature","geometry":{"type":"Point","coordinates":[-6.223852,36.580037]},"properties":{"id":"VUT/CA/24008","type":"VUT","group":"Completa","address":"CALLE De La Bahía Nº 2 Blq. 10 Plta/Piso 4 Pta/Letra E Compl.Dom. PUERTOMAR 10, piso 4, puerta E","postal_code":"11500","places":3,"units":2,"registered":"2025-04-07","catastro":"8320501QA4582A0229QS","holder":null,"holder_count":null}},{"type":"Feature","geometry":{"type":"Point","coordinates":[-6.229045,36.602447]},"properties":{"id":"VUT/CA/24013","type":"VUT","group":"Completa","address":"CALLE Cruces Nº 34 Plta/Piso duplex Pta/Letra h, piso duplex, puerta h","postal_code":"11500","places":6,"units":3,"registered":"2025-04-08","catastro":"7945710QA4574F0022GT","holder":null,"holder_count":null}},{"type":"Feature","geometry":{"type":"Point","coordinates":[-6.223085,36.569231]},"properties":{"id":"VUT/CA/24014","type":"VUT","group":"Completa","address":"CALLE PASEO MARITIMO Nº 37 Blq. 2 Portal C Plta/Piso 3 Pta/Letra C Compl.Dom. VALDELAGRANA, piso 3, puerta C","postal_code":"11500","places":8,"units":3,"registered":"2025-04-08","catastro":"8709201QA4580H0076RZ","holder":null,"holder_count":null}},{"type":"Feature","geometry":{"type":"Point","coordinates":[-6.245424,36.589837]},"properties":{"id":"VUT/CA/24052","type":"VUT","group":"Completa","address":"CALLE Alhaja Nº 7","postal_code":"11500","places":6,"units":3,"registered":"2025-04-14","catastro":"6530956QA4563B0001BW","holder":null,"holder_count":null}},{"type":"Feature","geometry":{"type":"Point","coordinates":[-6.229045,36.602447]},"properties":{"id":"VUT/CA/24111","type":"VUT","group":"Completa","address":"CALLE CRUCES Nº 34 Pta/Letra 5E, puerta 5E","postal_code":"11500","places":4,"units":1,"registered":"2025-04-23","catastro":"7945710QA4574F0010YL","holder":null,"holder_count":null}},{"type":"Feature","geometry":{"type":"Point","coordinates":[-6.242259,36.594235]},"properties":{"id":"VUT/CA/24126","type":"VUT","group":"Completa","address":"APARTAMENTO POETA RAFAEL ALBERTI Nº 22 Plta/Piso BAJO Pta/Letra C, piso BAJO, puerta C","postal_code":"11500","places":6,"units":3,"registered":"2025-04-27","catastro":"6836201QA4563F0023XI","holder":null,"holder_count":null}},{"type":"Feature","geometry":{"type":"Point","coordinates":[-6.227712,36.601089]},"properties":{"id":"VUT/CA/24134","type":"VUT","group":null,"address":"CALLE MELEROS Nº 6 Esc. 1 Plta/Piso 00 Pta/Letra 7, piso 00, puerta 7","postal_code":"11500","places":4,"units":1,"registered":"2025-04-29","catastro":"8043521QA4584C0020FE","holder":null,"holder_count":null}}]}