{"type":"FeatureCollection","municipio":{"slug":"jerez-de-la-frontera","name":"Jerez de la Frontera","total":1433,"places":7173,"source_updated_at":"2026-10-05"},"features":[{"type":"Feature","geometry":{"type":"Point","coordinates":[-6.137963,36.676393]},"properties":{"id":"VUT/CA/00038","type":"VUT","group":"Completa","address":"CALLE MUÑOZ SECA Nº 25","postal_code":"11401","places":8,"units":3,"registered":"2016-05-12","catastro":"5930815QA5653B0001OG","holder":null,"holder_count":null}},{"type":"Feature","geometry":{"type":"Point","coordinates":[-6.135445,36.684227]},"properties":{"id":"VUT/CA/00051","type":"VUT","group":"Completa","address":"CALLE NARANJAS Nº 10 Plta/Piso 2 Pta/Letra C, piso 2, puerta C","postal_code":"11402","places":5,"units":2,"registered":"2016-05-13","catastro":"6139023QA5663G0010SQ","holder":"SHERRYFLAT S.L","holder_count":40}},{"type":"Feature","geometry":{"type":"Point","coordinates":[-6.141269,36.688702]},"properties":{"id":"VUT/CA/00055","type":"VUT","group":"Completa","address":"CALLE lealas Nº 4","postal_code":"11403","places":12,"units":6,"registered":"2016-05-12","catastro":"5644018QA5654D0001FR","holder":null,"holder_count":null}},{"type":"Feature","geometry":{"type":"Point","coordinates":[-6.140759,36.685462]},"properties":{"id":"VUT/CA/00070","type":"VUT","group":"Completa","address":"CALLE FRANCOS Nº 43 Esc. 1 Pta/Letra 1B, puerta 1B","postal_code":"11403","places":4,"units":2,"registered":"2016-05-17","catastro":"5640011QA5654B0011UH","holder":null,"holder_count":null}},{"type":"Feature","geometry":{"type":"Point","coordinates":[-6.134977,36.677213]},"properties":{"id":"VUT/CA/00079","type":"VUT","group":"Completa","address":"CALLE RONDA DE MULEROS Nº 33 Plta/Piso 2 Pta/Letra 14, piso 2, puerta 14","postal_code":"11401","places":4,"units":2,"registered":"2016-05-14","catastro":"6131810QA5663A0014PB","holder":null,"holder_count":null}},{"type":"Feature","geometry":{"type":"Point","coordinates":[-6.146275,36.683389]},"properties":{"id":"VUT/CA/00110","type":"VUT","group":"Completa","address":"CALLE BALDERRAMAS Nº 16 Plta/Piso BAJO Pta/Letra 3, piso BAJO, puerta 3","postal_code":"11408","places":6,"units":3,"registered":"2016-05-18","catastro":"5138208QA5653G0003OH","holder":null,"holder_count":null}},{"type":"Feature","geometry":{"type":"Point","coordinates":[-6.139122,36.685504]},"properties":{"id":"VUT/CA/00149","type":"VUT","group":"Completa","address":"PLAZA SAN MARCOS Nº 4 Pta/Letra C, puerta C","postal_code":"11403","places":2,"units":1,"registered":"2016-05-19","catastro":"5839803QA5653H0003YW","holder":null,"holder_count":null}},{"type":"Feature","geometry":{"type":"Point","coordinates":[-6.139122,36.685504]},"properties":{"id":"VUT/CA/00152","type":"VUT","group":"Completa","address":"PLAZA SAN MARCOS Nº 4 Plta/Piso Bajo Pta/Letra B, piso Bajo, puerta B","postal_code":"11403","places":4,"units":1,"registered":"2016-05-19","catastro":"5839803QA5653H0002TQ","holder":null,"holder_count":null}},{"type":"Feature","geometry":{"type":"Point","coordinates":[-6.138383,36.687975]},"properties":{"id":"VUT/CA/00195","type":"VUT","group":"Completa","address":"CALLE GAITÁN Nº 16 Plta/Piso 2 Pta/Letra A, piso 2, puerta A","postal_code":"11403","places":4,"units":2,"registered":"2016-05-20","catastro":"5842022QA5654B0017PX","holder":null,"holder_count":null}},{"type":"Feature","geometry":{"type":"Point","coordinates":[-6.143351,36.688136]},"properties":{"id":"VUT/CA/00197","type":"VUT","group":"Completa","address":"CALLE JUAN DE TORRES Nº 26 Plta/Piso 1 Pta/Letra D, piso 1, puerta D","postal_code":"11404","places":5,"units":3,"registered":"2016-05-20","catastro":"5444013QA5654C0008GW","holder":null,"holder_count":null}},{"type":"Feature","geometry":{"type":"Point","coordinates":[-6.145523,36.684179]},"properties":{"id":"VUT/CA/00208","type":"VUT","group":"Por habitaciones","address":"PLAZA San Mateo 6 Nº 6","postal_code":"11408","places":6,"units":2,"registered":"2016-05-20","catastro":"5138201QA5653G0001DF","holder":null,"holder_count":null}},{"type":"Feature","geometry":{"type":"Point","coordinates":[-6.142144,36.68369]},"properties":{"id":"VUT/CA/00247","type":"VUT","group":"Completa","address":"CALLE BENAVENTE BAJO Nº 4","postal_code":"11403","places":10,"units":3,"registered":"2016-05-24","catastro":"5538706QA5653H0001MM","holder":null,"holder_count":null}},{"type":"Feature","geometry":{"type":"Point","coordinates":[-6.10852,36.710417]},"properties":{"id":"VUT/CA/00257","type":"VUT","group":"Completa","address":"CALLE JOSE LUIS LOPEZ ARANGUREN Nº 27","postal_code":"11407","places":8,"units":3,"registered":"2016-05-25","catastro":"8368501QA5686G0041BD","holder":null,"holder_count":null}},{"type":"Feature","geometry":{"type":"Point","coordinates":[-6.148491,36.688442]},"properties":{"id":"VUT/CA/00326","type":"VUT","group":"Completa","address":"CALLE ZOILO RUIZ MATEOS Nº 6 Plta/Piso 1ª Pta/Letra A Compl.Dom. URBANIZACIÓN JARDINES DEL TEMPUL, piso 1ª, puerta A","postal_code":"11408","places":8,"units":2,"registered":"2016-06-01","catastro":"4943101QA5644D0343RH","holder":null,"holder_count":null}},{"type":"Feature","geometry":{"type":"Point","coordinates":[-6.138679,36.67853]},"properties":{"id":"VUT/CA/00328","type":"VUT","group":"Completa","address":"PLAZA CARBÓN Nº 3","postal_code":"11401","places":8,"units":2,"registered":"2016-06-01","catastro":"5932801QA5653B0004GK","holder":null,"holder_count":null}},{"type":"Feature","geometry":{"type":"Point","coordinates":[-6.135827,36.68616]},"properties":{"id":"VUT/CA/00331","type":"VUT","group":"Completa","address":"PLAZA ALFONSO SANCHEZ FERRAJÓN Nº 2 Portal 1 Plta/Piso 3 Pta/Letra A Compl.Dom. EDIFICIO 2A, PORTAL 1, piso 3, puerta A","postal_code":"11402","places":8,"units":3,"registered":"2016-06-01","catastro":"6041006QA5664A0067RY","holder":"VIGUFAM, S.L.","holder_count":1}},{"type":"Feature","geometry":{"type":"Point","coordinates":[-6.148491,36.688442]},"properties":{"id":"VUT/CA/00334","type":"VUT","group":"Completa","address":"CALLE ZOILO RUIZ MATEOS Km 6 Blq. 3 Plta/Piso 2º Pta/Letra H Compl.Dom. URBANIZACIÓN JARDINES DEL TEMPUL, piso 2º, puerta H","postal_code":"11408","places":7,"units":2,"registered":"2016-06-01","catastro":"4943101QA5644D0358HT","holder":null,"holder_count":null}},{"type":"Feature","geometry":{"type":"Point","coordinates":[-6.144486,36.689431]},"properties":{"id":"VUT/CA/00335","type":"VUT","group":"Completa","address":"CALLE MARQUÉS DE CÁDIZ Nº 3","postal_code":"11404","places":8,"units":2,"registered":"2016-06-01","catastro":"5244316QA5654C0001JK","holder":null,"holder_count":null}},{"type":"Feature","geometry":{"type":"Point","coordinates":[-6.115615,36.684746]},"properties":{"id":"VUT/CA/00336","type":"VUT","group":"Completa","address":"CALLE NUESTRA SEÑORA DEL DESAMPARO Nº 8 Plta/Piso 1º Pta/Letra DERECHA Compl.Dom. BARRIADA LA ASUNCIÓN, piso 1º, puerta DERECHA","postal_code":"11406","places":10,"units":3,"registered":"2016-06-01","catastro":"7940702QA5674B0003QL","holder":null,"holder_count":null}},{"type":"Feature","geometry":{"type":"Point","coordinates":[-6.137765,36.679705]},"properties":{"id":"VUT/CA/00338","type":"VUT","group":"Completa","address":"PLAZA SAN MIGUEL Nº 5","postal_code":"11403","places":10,"units":5,"registered":"2016-06-01","catastro":"5934606QA5653D0001DP","holder":null,"holder_count":null}},{"type":"Feature","geometry":{"type":"Point","coordinates":[-6.137765,36.679705]},"properties":{"id":"VUT/CA/00344","type":"VUT","group":"Completa","address":"PLAZA SAN MIGUEL Nº 5","postal_code":"11403","places":2,"units":1,"registered":"2016-06-02","catastro":"5934606QA5653D0001DP","holder":null,"holder_count":null}},{"type":"Feature","geometry":{"type":"Point","coordinates":[-6.143073,36.686423]},"properties":{"id":"VUT/CA/00397","type":"VUT","group":"Completa","address":"CALLE PALMA Nº 2 Pta/Letra 3, puerta 3","postal_code":"11403","places":6,"units":2,"registered":"2016-06-06","catastro":"5441002QA5654A0003GW","holder":null,"holder_count":null}},{"type":"Feature","geometry":{"type":"Point","coordinates":[-6.143073,36.686423]},"properties":{"id":"VUT/CA/00398","type":"VUT","group":"Completa","address":"CALLE PALMA Nº 2 Pta/Letra 6, puerta 6","postal_code":"11403","places":6,"units":2,"registered":"2016-06-06","catastro":"5441002QA5654A0006KT","holder":null,"holder_count":null}},{"type":"Feature","geometry":{"type":"Point","coordinates":[-6.142543,36.686063]},"properties":{"id":"VUT/CA/00410","type":"VUT","group":"Completa","address":"CALLE San Juan Nº 10","postal_code":"11403","places":15,"units":6,"registered":"2016-06-07","catastro":"5441006QA5654A0001EM","holder":null,"holder_count":null}},{"type":"Feature","geometry":{"type":"Point","coordinates":[-6.130107,36.678533]},"properties":{"id":"VUT/CA/00444","type":"VUT","group":"Completa","address":"CALLE Ronda de San Telmo Nº 2 Plta/Piso 3 Pta/Letra c Compl.Dom. Edificio La Ronda, piso 3, puerta c","postal_code":"11401","places":4,"units":1,"registered":"2016-06-09","catastro":"6633602QA5663D0020XR","holder":null,"holder_count":null}},{"type":"Feature","geometry":{"type":"Point","coordinates":[-6.110604,36.695943]},"properties":{"id":"VUT/CA/00475","type":"VUT","group":"Completa","address":"CALLE PEDRO MIGUEL GONZALEZ QUIJANO Nº 7 Esc. 4 Pta/Letra 06, puerta 06","postal_code":"11405","places":2,"units":1,"registered":"2016-06-14","catastro":"8253025QA5685C0078MA","holder":null,"holder_count":null}},{"type":"Feature","geometry":{"type":"Point","coordinates":[-6.136617,36.680463]},"properties":{"id":"VUT/CA/00504","type":"VUT","group":"Por habitaciones","address":"CALLE Caballeros Nº 22","postal_code":"11403","places":6,"units":2,"registered":"2016-06-17","catastro":"6034809QA5663C0001KT","holder":null,"holder_count":null}},{"type":"Feature","geometry":{"type":"Point","coordinates":[-6.142778,36.689086]},"properties":{"id":"VUT/CA/00543","type":"VUT","group":"Completa","address":"CALLE JARDINILLO Nº 14 Plta/Piso ATICO Pta/Letra B, piso ATICO, puerta B","postal_code":"11404","places":4,"units":2,"registered":"2016-06-22","catastro":"5444018QA5654C0019XP","holder":null,"holder_count":null}},{"type":"Feature","geometry":{"type":"Point","coordinates":[-6.145707,36.6837]},"properties":{"id":"VUT/CA/00544","type":"VUT","group":"Completa","address":"CALLE BALDERRAMAS Nº 10 Plta/Piso BAJO Pta/Letra D, piso BAJO, puerta D","postal_code":"11408","places":6,"units":2,"registered":"2016-06-22","catastro":"5138205QA5653G0004YJ","holder":null,"holder_count":null}},{"type":"Feature","geometry":{"type":"Point","coordinates":[-6.136746,36.680173]},"properties":{"id":"VUT/CA/00586","type":"VUT","group":"Completa","address":"CALLE PAVÓN Nº 1 Pta/Letra 6, puerta 6","postal_code":"11403","places":4,"units":2,"registered":"2016-06-27","catastro":"6034811QA5663C0024EX","holder":null,"holder_count":null}},{"type":"Feature","geometry":{"type":"Point","coordinates":[-6.1357,36.680162]},"properties":{"id":"VUT/CA/00618","type":"VUT","group":"Completa","address":"CALLE CABALLEROS Nº 33 Portal 1 Pta/Letra R7, puerta R7","postal_code":"11403","places":2,"units":1,"registered":"2016-06-30","catastro":"6134006QA5663C0051OJ","holder":null,"holder_count":null}},{"type":"Feature","geometry":{"type":"Point","coordinates":[-6.131226,36.677101]},"properties":{"id":"VUT/CA/00621","type":"VUT","group":"Completa","address":"CALLE JUAN MONEO, EL TORTA Nº 4 DPDO Esc. A Plta/Piso 4 Pta/Letra 1, piso 4, puerta 1","postal_code":"11401","places":5,"units":3,"registered":"2016-07-01","catastro":"6532508QA5663A0061SY","holder":null,"holder_count":null}},{"type":"Feature","geometry":{"type":"Point","coordinates":[-6.141086,36.683661]},"properties":{"id":"VUT/CA/00641","type":"VUT","group":"Por habitaciones","address":"CALLE BARRANCO Nº 2","postal_code":"11403","places":2,"units":1,"registered":"2016-07-04","catastro":"5638001QA5653H0001AM","holder":null,"holder_count":null}},{"type":"Feature","geometry":{"type":"Point","coordinates":[-6.150651,36.659356]},"properties":{"id":"VUT/CA/00828","type":"VUT","group":"Completa","address":"URBANIZACION ROYAL GOLF AVENIDA REINO UNIDO Nº M3 Compl.Dom. CRUCE CON CALLE ISLANDIA","postal_code":"11408","places":6,"units":3,"registered":"2016-07-21","catastro":"4811901QA5641B0039AY","holder":"INVERSIONES CHEZ NOUS SL","holder_count":2}},{"type":"Feature","geometry":{"type":"Point","coordinates":[-6.110431,36.708343]},"properties":{"id":"VUT/CA/00829","type":"VUT","group":"Completa","address":"CALLE VIRGEN DE LA ESTRELLA Nº 54","postal_code":"11405","places":6,"units":3,"registered":"2016-07-21","catastro":"8265423QA5686E0001PD","holder":"INVERSIONES CHEZ NOUS SL","holder_count":2}},{"type":"Feature","geometry":{"type":"Point","coordinates":[-6.143073,36.686423]},"properties":{"id":"VUT/CA/00864","type":"VUT","group":"Completa","address":"CALLE PALMA Nº 2 Pta/Letra 2, puerta 2","postal_code":"11403","places":3,"units":1,"registered":"2016-07-26","catastro":"5441002QA5654A0002FQ","holder":null,"holder_count":null}},{"type":"Feature","geometry":{"type":"Point","coordinates":[-6.146275,36.683389]},"properties":{"id":"VUT/CA/00943","type":"VUT","group":"Completa","address":"CALLE BALDERRAMAS Nº 16 Plta/Piso BAJA Pta/Letra 11, piso BAJA, puerta 11","postal_code":"11408","places":5,"units":2,"registered":"2016-08-05","catastro":"5138208QA5653G0011FZ","holder":null,"holder_count":null}},{"type":"Feature","geometry":{"type":"Point","coordinates":[-6.099745,36.683656]},"properties":{"id":"VUT/CA/00946","type":"VUT","group":"Completa","address":"AVENIDA Rey Juan Carlos I Nº 46 Blq. 2 Plta/Piso 1º Pta/Letra B, piso 1º, puerta B","postal_code":"11406","places":6,"units":2,"registered":"2016-08-06","catastro":"9239702QA5693G0114SB","holder":null,"holder_count":null}},{"type":"Feature","geometry":{"type":"Point","coordinates":[-6.137712,36.682118]},"properties":{"id":"VUT/CA/01032","type":"VUT","group":"Completa","address":"CALLE CONSISTORIO Nº 2 Esc. 1 Plta/Piso 3 Pta/Letra 1, piso 3, puerta 1","postal_code":"11403","places":6,"units":3,"registered":"2016-08-25","catastro":"5937419QA5653F0005XO","holder":null,"holder_count":null}},{"type":"Feature","geometry":{"type":"Point","coordinates":[-6.12979,36.686318]},"properties":{"id":"VUT/CA/01033","type":"VUT","group":"Completa","address":"CALLE ENRIQUE RIVERO Nº 13","postal_code":"11405","places":9,"units":4,"registered":"2016-08-25","catastro":"6641812QA5664B0001DD","holder":null,"holder_count":null}},{"type":"Feature","geometry":{"type":"Point","coordinates":[-6.133528,36.684898]},"properties":{"id":"VUT/CA/01066","type":"VUT","group":"Completa","address":"CALLE BIZCOCHEROS Nº 40 Plta/Piso BAJA Pta/Letra B, piso BAJA, puerta B","postal_code":"11402","places":4,"units":2,"registered":"2016-08-31","catastro":"6349305QA5664G0002XD","holder":null,"holder_count":null}},{"type":"Feature","geometry":{"type":"Point","coordinates":[-6.130454,36.676239]},"properties":{"id":"VUT/CA/01092","type":"VUT","group":"Completa","address":"CALLE Vista Alegre Nº 1 Plta/Piso 11 Pta/Letra A2, piso 11, puerta A2","postal_code":"11401","places":6,"units":2,"registered":"2016-09-04","catastro":"6630702QA5663B0043TE","holder":null,"holder_count":null}},{"type":"Feature","geometry":{"type":"Point","coordinates":[-6.14219,36.68762]},"properties":{"id":"VUT/CA/01105","type":"VUT","group":"Por habitaciones","address":"CALLE ANCHA Nº 23 Pta/Letra 1 e, puerta 1 e","postal_code":"11404","places":6,"units":3,"registered":"2016-09-06","catastro":"5642833QA5654B0005YD","holder":"OLE SOLUTIONS HOLIDAY RENTALS S.L.","holder_count":52}},{"type":"Feature","geometry":{"type":"Point","coordinates":[-6.146308,36.672205]},"properties":{"id":"VUT/CA/01138","type":"VUT","group":"Completa","address":"CALLE JOSE SOTO Y MOLINA Nº 12-13 Portal 12-13 Plta/Piso 1 Pta/Letra 12-11 Compl.Dom. URBANIZACION LA VENENCIA, piso 1, puerta 12-11","postal_code":"11408","places":4,"units":1,"registered":"2016-09-12","catastro":"5125408QA5652C0005GA","holder":null,"holder_count":null}},{"type":"Feature","geometry":{"type":"Point","coordinates":[-6.141477,36.687623]},"properties":{"id":"VUT/CA/01145","type":"VUT","group":"Completa","address":"PLAZA MIRABAL DE RAMON CHAVELI Nº 1 Plta/Piso 1ª Pta/Letra 5, piso 1ª, puerta 5","postal_code":"11403","places":3,"units":2,"registered":"2016-09-13","catastro":"5642836QA5654B0005PD","holder":null,"holder_count":null}},{"type":"Feature","geometry":{"type":"Point","coordinates":[-6.131436,36.679072]},"properties":{"id":"VUT/CA/01168","type":"VUT","group":"Completa","address":"CALLE CAMPANA Nº 29 Plta/Piso 2 Pta/Letra B, piso 2, puerta B","postal_code":"11401","places":10,"units":3,"registered":"2016-09-13","catastro":"6533011QA5663D0007UB","holder":null,"holder_count":null}},{"type":"Feature","geometry":{"type":"Point","coordinates":[-6.139859,36.685013]},"properties":{"id":"VUT/CA/01215","type":"VUT","group":"Completa","address":"CALLE FRANCOS Nº 22 Compl.Dom. Escalera 1, planta 1ª, letra B","postal_code":"11403","places":4,"units":2,"registered":"2016-09-16","catastro":"5839824QA5653H0061BL","holder":null,"holder_count":null}},{"type":"Feature","geometry":{"type":"Point","coordinates":[-6.135558,36.680521]},"properties":{"id":"VUT/CA/01219","type":"VUT","group":"Completa","address":"CALLE CASTILLA Nº 3 Plta/Piso 1 Pta/Letra 7, piso 1, puerta 7","postal_code":"11402","places":3,"units":1,"registered":"2016-09-20","catastro":"6134005QA5663C0008KS","holder":null,"holder_count":null}},{"type":"Feature","geometry":{"type":"Point","coordinates":[-6.134977,36.677213]},"properties":{"id":"VUT/CA/01237","type":"VUT","group":"Completa","address":"RONDA DE MULEROS Nº 33 Plta/Piso 2 Pta/Letra 18, piso 2, puerta 18","postal_code":"11401","places":4,"units":2,"registered":"2016-09-21","catastro":"6131810QA5663A0018FQ","holder":null,"holder_count":null}},{"type":"Feature","geometry":{"type":"Point","coordinates":[-6.145395,36.6846]},"properties":{"id":"VUT/CA/01301","type":"VUT","group":"Completa","address":"PLAZA SAN MATEO Nº 11 Plta/Piso ALTA, piso ALTA","postal_code":"11408","places":4,"units":1,"registered":"2016-09-27","catastro":"5239006QA5653G0001QF","holder":null,"holder_count":null}},{"type":"Feature","geometry":{"type":"Point","coordinates":[-6.137518,36.678934]},"properties":{"id":"VUT/CA/01342","type":"VUT","group":"Por habitaciones","address":"CALLE ANTÓN Nº 4","postal_code":"11403","places":5,"units":2,"registered":"2016-09-30","catastro":"5933502QA5653D0001FP","holder":null,"holder_count":null}},{"type":"Feature","geometry":{"type":"Point","coordinates":[-6.131866,36.700721]},"properties":{"id":"VUT/CA/01381","type":"VUT","group":"Completa","address":"CALLE JOSE LEON DE CARRANZA Portal 2 Plta/Piso 2 Pta/Letra I Compl.Dom. EDIFICIO LAS ADELFAS, piso 2, puerta I","postal_code":"11407","places":4,"units":2,"registered":"2016-10-05","catastro":"6757010QA5665H0057GP","holder":null,"holder_count":null}},{"type":"Feature","geometry":{"type":"Point","coordinates":[-6.107942,36.704816]},"properties":{"id":"VUT/CA/01409","type":"VUT","group":"Completa","address":"AVENIDA San José Obrero s/n -Urbanización Villa Jardín,5 Nº s/n","postal_code":"11405","places":5,"units":3,"registered":"2016-10-10","catastro":"8462801QA5686A0005HR","holder":null,"holder_count":null}},{"type":"Feature","geometry":{"type":"Point","coordinates":[-6.139852,36.682453]},"properties":{"id":"VUT/CA/01428","type":"VUT","group":"Completa","address":"CALLE VISITACION Nº 3 Plta/Piso BJ Pta/Letra D, piso BJ, puerta D","postal_code":"11403","places":4,"units":1,"registered":"2016-10-13","catastro":"5736001QA5653F0094DW","holder":null,"holder_count":null}},{"type":"Feature","geometry":{"type":"Point","coordinates":[-6.126987,36.685973]},"properties":{"id":"VUT/CA/01438","type":"VUT","group":"Completa","address":"CALLE JORGE BOCUZE Nº 1 Blq. 1 Plta/Piso 8 Pta/Letra C Compl.Dom. RESIDENCIAL RENFURBIS, piso 8, puerta C","postal_code":"11403","places":6,"units":2,"registered":"2016-10-15","catastro":"6840401QA5664B0095JA","holder":null,"holder_count":null}},{"type":"Feature","geometry":{"type":"Point","coordinates":[-6.14138,36.688547]},"properties":{"id":"VUT/CA/01439","type":"VUT","group":"Completa","address":"CALLE Lealas Nº 1 Plta/Piso 4 Pta/Letra A Compl.Dom. Edificio la Victoria, piso 4, puerta A","postal_code":"11403","places":6,"units":3,"registered":"2016-10-16","catastro":"5543102QA5654D0030HQ","holder":null,"holder_count":null}},{"type":"Feature","geometry":{"type":"Point","coordinates":[-6.130115,36.691702]},"properties":{"id":"VUT/CA/01443","type":"VUT","group":"Completa","address":"CALLE ISABELITA RUIZ Nº 1 Esc. 1 Plta/Piso 3 Pta/Letra G Compl.Dom. EDIFICIO HUELVA III, piso 3, puerta G","postal_code":"11405","places":2,"units":1,"registered":"2016-10-17","catastro":"6548405QA5664H0049JA","holder":null,"holder_count":null}},{"type":"Feature","geometry":{"type":"Point","coordinates":[-6.142039,36.686657]},"properties":{"id":"VUT/CA/01683","type":"VUT","group":"Completa","address":"CALLE FRANCOS Nº 44/46 Plta/Piso 1 Pta/Letra D Compl.Dom. CASA DE LAS PIEDRAS NEGRAS, piso 1, puerta D","postal_code":"11403","places":5,"units":2,"registered":"2016-11-21","catastro":"5541205QA5654B0005ZD","holder":null,"holder_count":null}},{"type":"Feature","geometry":{"type":"Point","coordinates":[-6.136598,36.684892]},"properties":{"id":"VUT/CA/01697","type":"VUT","group":"Por habitaciones","address":"CALLE LARGA Nº 55 Plta/Piso 2, piso 2","postal_code":"11402","places":2,"units":1,"registered":"2016-11-22","catastro":"5940010QA5654B0003GA","holder":null,"holder_count":null}},{"type":"Feature","geometry":{"type":"Point","coordinates":[-6.143111,36.685587]},"properties":{"id":"VUT/CA/01698","type":"VUT","group":"Completa","address":"CALLE LIEBRE Nº 5","postal_code":"11402","places":15,"units":4,"registered":"2016-11-22","catastro":"5440003QA5654A0001JM","holder":null,"holder_count":null}},{"type":"Feature","geometry":{"type":"Point","coordinates":[-6.140769,36.686823]},"properties":{"id":"VUT/CA/01745","type":"VUT","group":"Completa","address":"CALLE PARALEJO Blq. 2 Plta/Piso 1 Pta/Letra 9, piso 1, puerta 9","postal_code":"11403","places":4,"units":1,"registered":"2016-11-28","catastro":"5642508QA5654B0014JL","holder":null,"holder_count":null}},{"type":"Feature","geometry":{"type":"Point","coordinates":[-6.142168,36.69356]},"properties":{"id":"VUT/CA/01769","type":"VUT","group":"Completa","address":"CALLE PEDRO ESTUPIÑÁN Nº 2","postal_code":"11404","places":6,"units":3,"registered":"2016-11-30","catastro":"5549703QA5654H0001DJ","holder":null,"holder_count":null}},{"type":"Feature","geometry":{"type":"Point","coordinates":[-6.132562,36.685713]},"properties":{"id":"VUT/CA/01785","type":"VUT","group":"Completa","address":"CALLE RUI LOPEZ Nº 9 Plta/Piso BAJO Pta/Letra C, piso BAJO, puerta C","postal_code":"11402","places":5,"units":2,"registered":"2016-12-02","catastro":"6340008QA5664A0003HY","holder":null,"holder_count":null}},{"type":"Feature","geometry":{"type":"Point","coordinates":[-6.137843,36.679808]},"properties":{"id":"VUT/CA/01830","type":"VUT","group":"Completa","address":"PLAZA SAN MIGUEL Nº 6 Plta/Piso 1 Pta/Letra C, piso 1, puerta C","postal_code":"11402","places":2,"units":1,"registered":"2016-12-13","catastro":"5934605QA5653D0006OG","holder":null,"holder_count":null}},{"type":"Feature","geometry":{"type":"Point","coordinates":[-6.137843,36.679808]},"properties":{"id":"VUT/CA/01835","type":"VUT","group":"Completa","address":"PLAZA SAN MIGUEL Nº 6 Plta/Piso BAJO Pta/Letra A, piso BAJO, puerta A","postal_code":"11402","places":4,"units":2,"registered":"2016-12-13","catastro":"5934605QA5653D0001RP","holder":null,"holder_count":null}},{"type":"Feature","geometry":{"type":"Point","coordinates":[-6.1315,36.683836]},"properties":{"id":"VUT/CA/01840","type":"VUT","group":"Completa","address":"CALLE ARCOS Nº 44 Plta/Piso 1 Pta/Letra j, piso 1, puerta j","postal_code":"11402","places":2,"units":1,"registered":"2016-12-14","catastro":"6538001QA5663H0079BG","holder":null,"holder_count":null}},{"type":"Feature","geometry":{"type":"Point","coordinates":[-6.14751,36.673725]},"properties":{"id":"VUT/CA/01842","type":"VUT","group":"Completa","address":"CALLE ESCRITOR ANTONIO QUINTERO Y RAMIREZ Portal 4 Plta/Piso 2 Pta/Letra B Compl.Dom. RESIDENCIAL NUEVO JEREZ, piso 2, puerta B","postal_code":"11408","places":8,"units":3,"registered":"2016-12-14","catastro":"5127301QA5652E0053FH","holder":null,"holder_count":null}},{"type":"Feature","geometry":{"type":"Point","coordinates":[-6.134087,36.683271]},"properties":{"id":"VUT/CA/01853","type":"VUT","group":"Completa","address":"CALLE Fontana Nº 8","postal_code":"11402","places":4,"units":1,"registered":"2016-12-16","catastro":"6238624QA5663G0001EK","holder":null,"holder_count":null}},{"type":"Feature","geometry":{"type":"Point","coordinates":[-6.138339,36.684702]},"properties":{"id":"VUT/CA/01866","type":"VUT","group":"Completa","address":"CALLE TORNERÍA Nº 8 Plta/Piso 1 Pta/Letra A, piso 1, puerta A","postal_code":"11403","places":4,"units":2,"registered":"2016-12-20","catastro":"5839308QA5653H0004OE","holder":null,"holder_count":null}},{"type":"Feature","geometry":{"type":"Point","coordinates":[-6.133167,36.683594]},"properties":{"id":"VUT/CA/01956","type":"VUT","group":"Por habitaciones","address":"CALLE PRIETA Nº 5","postal_code":"11402","places":2,"units":1,"registered":"2017-01-11","catastro":"6338023QA5663G0001IK","holder":null,"holder_count":null}},{"type":"Feature","geometry":{"type":"Point","coordinates":[-6.138301,36.685916]},"properties":{"id":"VUT/CA/01983","type":"VUT","group":"Completa","address":"PLAZA RAFAEL RIVERO Nº 3-duplic","postal_code":"11403","places":8,"units":4,"registered":"2017-01-16","catastro":"5741324QA5654B0001UO","holder":null,"holder_count":null}},{"type":"Feature","geometry":{"type":"Point","coordinates":[-6.145683,36.679084]},"properties":{"id":"VUT/CA/02049","type":"VUT","group":"Completa","address":"CALLE ERMITA DE GUIA Blq. 6 Plta/Piso 5 Pta/Letra i Compl.Dom. Urb. LAS FRESAS, piso 5, puerta i","postal_code":"11408","places":4,"units":2,"registered":"2017-01-26","catastro":"5034003QA5653C0033AQ","holder":null,"holder_count":null}},{"type":"Feature","geometry":{"type":"Point","coordinates":[-6.155256,36.66339]},"properties":{"id":"VUT/CA/02054","type":"VUT","group":"Completa","address":"CALLE MALTA Nº 54 Compl.Dom. RESIDENCIAL GOLF GUADABAJAQUE","postal_code":"11407","places":8,"units":4,"registered":"2017-01-27","catastro":"4415101QA5641E0054JL","holder":null,"holder_count":null}},{"type":"Feature","geometry":{"type":"Point","coordinates":[-6.131596,36.67741]},"properties":{"id":"VUT/CA/02077","type":"VUT","group":"Completa","address":"CALLE CAMPILLO Nº 5 Plta/Piso 3º Pta/Letra H, piso 3º, puerta H","postal_code":"11401","places":6,"units":2,"registered":"2017-01-31","catastro":"6031901QA5663A0005IF","holder":null,"holder_count":null}},{"type":"Feature","geometry":{"type":"Point","coordinates":[-6.13858,36.679847]},"properties":{"id":"VUT/CA/02104","type":"VUT","group":"Completa","address":"CALLE GUARNIDOS Nº 2 Plta/Piso 2 Pta/Letra G, piso 2, puerta G","postal_code":"11403","places":4,"units":1,"registered":"2017-02-02","catastro":"5834003QA5653D0009QK","holder":null,"holder_count":null}},{"type":"Feature","geometry":{"type":"Point","coordinates":[-6.138639,36.683816]},"properties":{"id":"VUT/CA/02114","type":"VUT","group":"Completa","address":"CALLE BAILEN Nº 10 Plta/Piso 1, piso 1","postal_code":"11403","places":6,"units":2,"registered":"2017-02-03","catastro":"5838104QA5653H0001EM","holder":null,"holder_count":null}},{"type":"Feature","geometry":{"type":"Point","coordinates":[-6.138731,36.683948]},"properties":{"id":"VUT/CA/02115","type":"VUT","group":"Completa","address":"CALLE BAILEN Nº 12 Plta/Piso 1, piso 1","postal_code":"11403","places":12,"units":3,"registered":"2017-02-03","catastro":"5838103QA5653H0002KQ","holder":null,"holder_count":null}},{"type":"Feature","geometry":{"type":"Point","coordinates":[-6.137991,36.680694]},"properties":{"id":"VUT/CA/02161","type":"VUT","group":"Completa","address":"CALLEJA FATE Nº 7 Plta/Piso 2º Pta/Letra D, piso 2º, puerta D","postal_code":"11403","places":6,"units":2,"registered":"2017-02-09","catastro":"5934101QA5653D0003LS","holder":null,"holder_count":null}},{"type":"Feature","geometry":{"type":"Point","coordinates":[-6.136706,36.683711]},"properties":{"id":"VUT/CA/02188","type":"VUT","group":"Completa","address":"CALLE Larga Nº 23-25 Esc. 3 Pta/Letra 50 Compl.Dom. Edificio Los Ciesnes, puerta 50","postal_code":"11402","places":4,"units":2,"registered":"2017-02-13","catastro":"5938309QA5653H0121LJ","holder":null,"holder_count":null}},{"type":"Feature","geometry":{"type":"Point","coordinates":[-6.143201,36.684943]},"properties":{"id":"VUT/CA/02195","type":"VUT","group":"Completa","address":"PLAZA SAN LUCAS Nº 7","postal_code":"11403","places":9,"units":5,"registered":"2017-02-14","catastro":"5439804QA5653G0001XF","holder":"OLE SOLUTIONS HOLIDAY RENTALS S.L.","holder_count":52}},{"type":"Feature","geometry":{"type":"Point","coordinates":[-6.140113,36.686897]},"properties":{"id":"VUT/CA/02223","type":"VUT","group":"Completa","address":"CALLE FLORINDA Nº 5 Plta/Piso 1 Pta/Letra 2, piso 1, puerta 2","postal_code":"11403","places":4,"units":2,"registered":"2017-02-16","catastro":"5741806QA5654B0001AO","holder":null,"holder_count":null}},{"type":"Feature","geometry":{"type":"Point","coordinates":[-6.128851,36.681931]},"properties":{"id":"VUT/CA/02284","type":"VUT","group":"Por habitaciones","address":"PLAZA VIRGEN DE LA AMARGURA Nº 6 Plta/Piso Bajo Pta/Letra C, piso Bajo, puerta C","postal_code":"11401","places":4,"units":2,"registered":"2017-02-23","catastro":"6736102QA5663F0077TK","holder":null,"holder_count":null}},{"type":"Feature","geometry":{"type":"Point","coordinates":[-6.140755,36.684708]},"properties":{"id":"VUT/CA/02361","type":"VUT","group":"Completa","address":"CALLE ORBANEJA Nº 4 Compl.Dom. 0","postal_code":"11403","places":6,"units":2,"registered":"2017-03-10","catastro":"5639807QA5653H0001PM","holder":null,"holder_count":null}},{"type":"Feature","geometry":{"type":"Point","coordinates":[-6.146071,36.683084]},"properties":{"id":"VUT/CA/02437","type":"VUT","group":"Completa","address":"CALLE SAN BLAS Nº 12 Plta/Piso 1 Pta/Letra 14 Compl.Dom. COMPLEJO INMOBILIARIO SAN BLAS 2ª FASE, piso 1, puerta 14","postal_code":"11403","places":4,"units":1,"registered":"2017-03-21","catastro":"5238006QA5653G0063JS","holder":"SHERRYFLAT S.L","holder_count":40}},{"type":"Feature","geometry":{"type":"Point","coordinates":[-6.142948,36.682111]},"properties":{"id":"VUT/CA/02446","type":"VUT","group":"Completa","address":"PLAZA DEL ARROYO Nº 29 Plta/Piso 1 Pta/Letra E, piso 1, puerta E","postal_code":"11403","places":4,"units":2,"registered":"2017-03-22","catastro":"5436002QA5653E0020HO","holder":null,"holder_count":null}},{"type":"Feature","geometry":{"type":"Point","coordinates":[-6.141951,36.681981]},"properties":{"id":"VUT/CA/02453","type":"VUT","group":"Completa","address":"CALLE CAZORLA BAJA Nº 2 Compl.Dom. VIVIENDA Nº 6","postal_code":"11403","places":6,"units":2,"registered":"2017-03-23","catastro":"5535002QA5653F0001DT","holder":"LA AGACHADIZA, S.L.","holder_count":2}},{"type":"Feature","geometry":{"type":"Point","coordinates":[-6.141951,36.681981]},"properties":{"id":"VUT/CA/02455","type":"VUT","group":"Completa","address":"CALLE CAZORLA BAJA Nº 2 Compl.Dom. VIVIENDA Nº 5","postal_code":"11403","places":4,"units":1,"registered":"2017-03-23","catastro":"5535002QA5653F0001DT","holder":"LA AGACHADIZA, S.L.","holder_count":2}},{"type":"Feature","geometry":{"type":"Point","coordinates":[-6.137357,36.681538]},"properties":{"id":"VUT/CA/02473","type":"VUT","group":"Completa","address":"CALLE CORREDERA Nº 1 Plta/Piso 1 Pta/Letra E, piso 1, puerta E","postal_code":"11401","places":4,"units":4,"registered":"2017-03-27","catastro":"6035801QA5663E0036ME","holder":null,"holder_count":null}},{"type":"Feature","geometry":{"type":"Point","coordinates":[-6.128069,36.692164]},"properties":{"id":"VUT/CA/02494","type":"VUT","group":"Completa","address":"AVENIDA MÉXICO Nº 6 Plta/Piso 2 Pta/Letra 10, piso 2, puerta 10","postal_code":"11405","places":3,"units":1,"registered":"2017-03-28","catastro":"6849018QA5664H0184YF","holder":null,"holder_count":null}},{"type":"Feature","geometry":{"type":"Point","coordinates":[-6.133155,36.679487]},"properties":{"id":"VUT/CA/02550","type":"VUT","group":"Completa","address":"CALLE SOL Nº 25 Plta/Piso 2 Pta/Letra A, piso 2, puerta A","postal_code":"11402","places":6,"units":2,"registered":"2017-04-08","catastro":"6334012QA5663C0007FA","holder":"OLE SOLUTIONS HOLIDAY RENTALS S.L.","holder_count":52}},{"type":"Feature","geometry":{"type":"Point","coordinates":[-6.148319,36.692214]},"properties":{"id":"VUT/CA/02564","type":"VUT","group":"Completa","address":"CALLE CAÑA Nº 1 Plta/Piso 1º Pta/Letra DERECHA Compl.Dom. BARRIADA EL CALVARIO, piso 1º, puerta DERECHA","postal_code":"11408","places":8,"units":3,"registered":"2017-04-11","catastro":"4947103QA5644F0001EK","holder":null,"holder_count":null}},{"type":"Feature","geometry":{"type":"Point","coordinates":[-6.138349,36.678935]},"properties":{"id":"VUT/CA/026122","type":"VUT","group":"Completa","address":"CALLE ESTEREROS Nº 6 Plta/Piso BAJO Pta/Letra IZDA, piso BAJO, puerta IZDA","postal_code":"11401","places":4,"units":1,"registered":"2026-03-31","catastro":"5833403QA5653D0001RP","holder":null,"holder_count":null}},{"type":"Feature","geometry":{"type":"Point","coordinates":[-6.152447,36.692457]},"properties":{"id":"VUT/CA/026217","type":"VUT","group":"Por habitaciones","address":"CALLE SAN VALENTIN Blq. 17 Plta/Piso 1 Pta/Letra D, piso 1, puerta D","postal_code":"11408","places":1,"units":1,"registered":"2026-04-15","catastro":"4547001QA5644F0004HZ","holder":null,"holder_count":null}},{"type":"Feature","geometry":{"type":"Point","coordinates":[-6.127058,36.69725]},"properties":{"id":"VUT/CA/026383","type":"VUT","group":"Completa","address":"AVENIDA ALCALDE ALVARO DOMECQ Nº 41","postal_code":"11405","places":14,"units":7,"registered":"2026-05-06","catastro":"6854004QA5665D0001HW","holder":"MOBILIA WHYMON, S.L.U.","holder_count":1}},{"type":"Feature","geometry":{"type":"Point","coordinates":[-6.145464,36.683403]},"properties":{"id":"VUT/CA/02651","type":"VUT","group":"Completa","address":"CALLE SAN BLAS Nº 12 Pta/Letra 4, puerta 4","postal_code":"11403","places":4,"units":1,"registered":"2017-04-27","catastro":"5238006QA5653G0056DI","holder":null,"holder_count":null}},{"type":"Feature","geometry":{"type":"Point","coordinates":[-6.101743,36.688405]},"properties":{"id":"VUT/CA/02655","type":"VUT","group":"Completa","address":"CALLE DON Nº 14","postal_code":"11406","places":7,"units":3,"registered":"2017-04-27","catastro":"9044907QA5694C0001OA","holder":null,"holder_count":null}},{"type":"Feature","geometry":{"type":"Point","coordinates":[-6.133935,36.67989]},"properties":{"id":"VUT/CA/026565","type":"VUT","group":"Completa","address":"CALLE SOL Nº 16 Calif.Nº 1","postal_code":"11402","places":4,"units":2,"registered":"2026-05-28","catastro":"6233014QA5663C0001YT","holder":null,"holder_count":null}},{"type":"Feature","geometry":{"type":"Point","coordinates":[-6.1502,36.665731]},"properties":{"id":"VUT/CA/026747","type":"VUT","group":"Completa","address":"CALLE AQUISGRÁN Nº 35","postal_code":"11408","places":8,"units":4,"registered":"2026-06-24","catastro":"4916303QA5641F0001HD","holder":"OLE SOLUTIONS HOLIDAY RENTALS S.L.","holder_count":52}},{"type":"Feature","geometry":{"type":"Point","coordinates":[-6.131584,36.678416]},"properties":{"id":"VUT/CA/026896","type":"VUT","group":"Completa","address":"CALLE SOL Nº 55 Plta/Piso 0 Pta/Letra 3, piso 0, puerta 3","postal_code":"11401","places":3,"units":1,"registered":"2026-07-24","catastro":"6532109QA5663C0001OT","holder":"SMART RENT GESTION DE INMUEBLES S.L.","holder_count":6}},{"type":"Feature","geometry":{"type":"Point","coordinates":[-6.127122,36.677565]},"properties":{"id":"VUT/CA/026952","type":"VUT","group":"Completa","address":"CALLE VENTURA MISA Nº 9 Esc. 1 Plta/Piso 0 Pta/Letra 2, piso 0, puerta 2","postal_code":"11401","places":2,"units":1,"registered":"2026-08-11","catastro":"6932522QA5663B0002AB","holder":"PANES COVER SL","holder_count":2}},{"type":"Feature","geometry":{"type":"Point","coordinates":[-6.142532,36.682416]},"properties":{"id":"VUT/CA/026988","type":"VUT","group":"Completa","address":"CALLE lepanto Nº 6 Plta/Piso 2 Pta/Letra B, piso 2, puerta B","postal_code":"11403","places":4,"units":2,"registered":"2026-08-23","catastro":"5537708QA5653E0006KQ","holder":null,"holder_count":null}},{"type":"Feature","geometry":{"type":"Point","coordinates":[-6.215815,36.70751]},"properties":{"id":"VUT/CA/027017","type":"VUT","group":"Completa","address":"CALLE la via Nº 31","postal_code":"11400","places":12,"units":3,"registered":"2026-09-01","catastro":"8862102QA4686B0001UB","holder":null,"holder_count":null}},{"type":"Feature","geometry":{"type":"Point","coordinates":[-6.129669,36.677012]},"properties":{"id":"VUT/CA/027028","type":"VUT","group":"Completa","address":"CALLE PUERTA DEL SOL Nº 20 Compl.Dom. APARTAMENTO 12","postal_code":"11401","places":4,"units":1,"registered":"2026-09-07","catastro":"6631005QA5663B0001WL","holder":null,"holder_count":null}},{"type":"Feature","geometry":{"type":"Point","coordinates":[-6.145864,36.683742]},"properties":{"id":"VUT/CA/027031","type":"VUT","group":"Completa","address":"CALLE Balderramas Nº 10 Plta/Piso 1 Pta/Letra E, piso 1, puerta E","postal_code":"11408","places":5,"units":2,"registered":"2026-09-07","catastro":"5138205QA5653G0011PZ","holder":null,"holder_count":null}},{"type":"Feature","geometry":{"type":"Point","coordinates":[-6.131165,36.677915]},"properties":{"id":"VUT/CA/027037","type":"VUT","group":"Completa","address":"CALLE NTRO. PADRE JESUS DE LA SENTENCIA Nº 1","postal_code":"11404","places":8,"units":8,"registered":"2026-09-09","catastro":"6532502QA5663A0001IP","holder":"LA NUEVA PLAZUELA PROMOCIONES Y CONSTRUCCIONES, S.L.","holder_count":1}},{"type":"Feature","geometry":{"type":"Point","coordinates":[-6.146275,36.683389]},"properties":{"id":"VUT/CA/02742","type":"VUT","group":"Completa","address":"CALLE BALDERRAMAS Nº 16 Pta/Letra 5, puerta 5","postal_code":"11408","places":5,"units":2,"registered":"2017-05-09","catastro":"5138208QA5653G0005AK","holder":null,"holder_count":null}},{"type":"Feature","geometry":{"type":"Point","coordinates":[-6.137947,36.680962]},"properties":{"id":"VUT/CA/02753","type":"VUT","group":"Completa","address":"CALLE FATE Nº 6 Plta/Piso 1 Pta/Letra B, piso 1, puerta B","postal_code":"11403","places":5,"units":2,"registered":"2017-05-10","catastro":"5935006QA5653F0003LU","holder":null,"holder_count":null}},{"type":"Feature","geometry":{"type":"Point","coordinates":[-6.140298,36.686353]},"properties":{"id":"VUT/CA/02784","type":"VUT","group":"Completa","address":"CALLE MONJAS VICTORIA Nº 1 Portal 2 Plta/Piso 1 Pta/Letra D, piso 1, puerta D","postal_code":"11402","places":4,"units":2,"registered":"2017-05-16","catastro":"5641002QA5654B0002ZP","holder":null,"holder_count":null}},{"type":"Feature","geometry":{"type":"Point","coordinates":[-6.125515,36.674674]},"properties":{"id":"VUT/CA/02786","type":"VUT","group":"Por habitaciones","address":"CONJUNTO SAN ELOY Blq. 10 Plta/Piso 1 Pta/Letra a, piso 1, puerta a","postal_code":"11401","places":2,"units":1,"registered":"2017-05-16","catastro":"7029505QA5672G0003ZU","holder":null,"holder_count":null}},{"type":"Feature","geometry":{"type":"Point","coordinates":[-6.142543,36.686063]},"properties":{"id":"VUT/CA/02985","type":"VUT","group":"Completa","address":"CALLE San Juan Nº 10","postal_code":"11403","places":6,"units":2,"registered":"2017-06-11","catastro":"5441006QA5654A0001EM","holder":null,"holder_count":null}},{"type":"Feature","geometry":{"type":"Point","coordinates":[-6.137076,36.682024]},"properties":{"id":"VUT/CA/03130","type":"VUT","group":"Completa","address":"CALLE Lancería Nº 4 Plta/Piso 2-3 Pta/Letra D, piso 2-3, puerta D","postal_code":"11402","places":4,"units":2,"registered":"2017-06-27","catastro":"6036708QA5663E0009MI","holder":null,"holder_count":null}},{"type":"Feature","geometry":{"type":"Point","coordinates":[-6.134282,36.680234]},"properties":{"id":"VUT/CA/03133","type":"VUT","group":"Completa","address":"CALLE SOL 9","postal_code":"11402","places":4,"units":1,"registered":"2017-06-27","catastro":"6235506QA5663E0001FM","holder":null,"holder_count":null}},{"type":"Feature","geometry":{"type":"Point","coordinates":[-6.142184,36.687624]},"properties":{"id":"VUT/CA/03252","type":"VUT","group":"Completa","address":"PLAZA DE LOS ANGELES Blq. 3 Plta/Piso 1a Pta/Letra 3D, piso 1a, puerta 3D","postal_code":"11403","places":5,"units":3,"registered":"2017-07-10","catastro":"5642833QA5654B0017GX","holder":null,"holder_count":null}},{"type":"Feature","geometry":{"type":"Point","coordinates":[-6.142874,36.685472]},"properties":{"id":"VUT/CA/03257","type":"VUT","group":"Completa","address":"CALLE LIEBRE Nº 1-3 Plta/Piso 8, piso 8","postal_code":"11403","places":2,"units":1,"registered":"2017-07-10","catastro":"5440006QA5654A0091GJ","holder":null,"holder_count":null}},{"type":"Feature","geometry":{"type":"Point","coordinates":[-6.137545,36.681897]},"properties":{"id":"VUT/CA/03258","type":"VUT","group":"Completa","address":"PLAZA Arenal Nº 2 Plta/Piso 3 Pta/Letra A, piso 3, puerta A","postal_code":"11403","places":6,"units":2,"registered":"2017-07-18","catastro":"5937417QA5653F0005RO","holder":null,"holder_count":null}},{"type":"Feature","geometry":{"type":"Point","coordinates":[-6.138294,36.68389]},"properties":{"id":"VUT/CA/03429","type":"VUT","group":"Completa","address":"CALLE ALVAR LOPEZ Nº 2 Plta/Piso 1 Pta/Letra A, piso 1, puerta A","postal_code":"11403","places":4,"units":2,"registered":"2017-08-08","catastro":"5838207QA5653H0004FE","holder":null,"holder_count":null}},{"type":"Feature","geometry":{"type":"Point","coordinates":[-6.098609,36.683569]},"properties":{"id":"VUT/CA/03447","type":"VUT","group":"Completa","address":"CALLE AVDA. REY JUAN CARLOS I Nº 7 Blq. 3 Plta/Piso 2 Pta/Letra F, piso 2, puerta F","postal_code":"11406","places":6,"units":2,"registered":"2017-08-14","catastro":"9339701QA5693G0149ZM","holder":null,"holder_count":null}},{"type":"Feature","geometry":{"type":"Point","coordinates":[-6.145396,36.678697]},"properties":{"id":"VUT/CA/03450","type":"VUT","group":"Completa","address":"AVENIDA SANLUCAR Nº 2 Plta/Piso 8 Pta/Letra A, piso 8, puerta A","postal_code":"11408","places":8,"units":3,"registered":"2017-08-16","catastro":"5232201QA5653A0043TD","holder":null,"holder_count":null}},{"type":"Feature","geometry":{"type":"Point","coordinates":[-6.103634,36.711619]},"properties":{"id":"VUT/CA/03540","type":"VUT","group":"Completa","address":"PLAZA EL CABECEO Blq. 4 Plta/Piso 3 Pta/Letra B Compl.Dom. BARRIADA LAS TORRES, piso 3, puerta B","postal_code":"11403","places":10,"units":3,"registered":"2017-08-29","catastro":"8870814QA5687B0001EE","holder":null,"holder_count":null}},{"type":"Feature","geometry":{"type":"Point","coordinates":[-6.129052,36.692003]},"properties":{"id":"VUT/CA/03696","type":"VUT","group":"Completa","address":"CALLE ISABELITA RUIZ Nº 1 Plta/Piso 2 Pta/Letra M, piso 2, puerta M","postal_code":"11405","places":2,"units":1,"registered":"2017-09-18","catastro":"6548404QA5664H0069XW","holder":null,"holder_count":null}},{"type":"Feature","geometry":{"type":"Point","coordinates":[-6.1357,36.680162]},"properties":{"id":"VUT/CA/03710","type":"VUT","group":"Completa","address":"CALLE CABALLEROS Nº 33 Esc. 1 Pta/Letra N5, puerta N5","postal_code":"11403","places":4,"units":1,"registered":"2017-09-19","catastro":"6134006QA5663C0073WP","holder":"SHERRYFLAT S.L","holder_count":40}},{"type":"Feature","geometry":{"type":"Point","coordinates":[-6.137631,36.683042]},"properties":{"id":"VUT/CA/03736","type":"VUT","group":"Completa","address":"CALLE ALGARVE Nº 27 Plta/Piso 2 Pta/Letra A, piso 2, puerta A","postal_code":"11402","places":4,"units":2,"registered":"2017-09-21","catastro":"5937004QA5653F0001OT","holder":"proyecto gaucin sl","holder_count":1}},{"type":"Feature","geometry":{"type":"Point","coordinates":[-6.128883,36.67921]},"properties":{"id":"VUT/CA/03739","type":"VUT","group":"Completa","address":"CALLE MERITO Blq. 2 Plta/Piso 2 Pta/Letra A Compl.Dom. PLAZA MADRE DE DIOS, piso 2, puerta A","postal_code":"11401","places":2,"units":1,"registered":"2017-09-21","catastro":"6733002QA5663D0081PQ","holder":"SHERRYFLAT S.L","holder_count":40}},{"type":"Feature","geometry":{"type":"Point","coordinates":[-6.125994,36.704529]},"properties":{"id":"VUT/CA/03771","type":"VUT","group":"Completa","address":"CALLE MONTEVIDEO Nº 5 Portal 5 Plta/Piso 3 Pta/Letra B Compl.Dom. URBANIZACION LOS CEDROS, piso 3, puerta B","postal_code":"11407","places":6,"units":3,"registered":"2017-09-25","catastro":"6862407QA5666B0006BY","holder":null,"holder_count":null}},{"type":"Feature","geometry":{"type":"Point","coordinates":[-6.13296,36.686793]},"properties":{"id":"VUT/CA/03804","type":"VUT","group":"Completa","address":"CALLE Conocedores Nº 6 Plta/Piso 1 Pta/Letra H, piso 1, puerta H","postal_code":"11403","places":4,"units":1,"registered":"2017-09-27","catastro":"6342308QA5664A0008BA","holder":null,"holder_count":null}},{"type":"Feature","geometry":{"type":"Point","coordinates":[-6.134138,36.680031]},"properties":{"id":"VUT/CA/03877","type":"VUT","group":"Completa","address":"CALLE MOLINEROS Nº 9 Plta/Piso 2, piso 2","postal_code":"11402","places":4,"units":2,"registered":"2017-10-10","catastro":"6233012QA5663C0002SY","holder":null,"holder_count":null}},{"type":"Feature","geometry":{"type":"Point","coordinates":[-6.135104,36.689792]},"properties":{"id":"VUT/CA/03965","type":"VUT","group":"Completa","address":"CALLE PAUL PUERTA DE SEVILLA Blq. 38 Plta/Piso 2 Pta/Letra A, piso 2, puerta A","postal_code":"11405","places":4,"units":1,"registered":"2017-10-20","catastro":"6043037QA5664C0006IR","holder":null,"holder_count":null}},{"type":"Feature","geometry":{"type":"Point","coordinates":[-6.14219,36.683018]},"properties":{"id":"VUT/CA/03966","type":"VUT","group":"Completa","address":"CALLE PELAYO Nº 4","postal_code":"11403","places":2,"units":1,"registered":"2017-10-20","catastro":"5537312QA5653F0001YT","holder":null,"holder_count":null}},{"type":"Feature","geometry":{"type":"Point","coordinates":[-6.146071,36.683084]},"properties":{"id":"VUT/CA/03980","type":"VUT","group":"Completa","address":"CALLE SAN BLAS Nº 12 Plta/Piso 1 Pta/Letra 10, piso 1, puerta 10","postal_code":"11403","places":4,"units":1,"registered":"2017-10-22","catastro":"5238006QA5653G0059HA","holder":null,"holder_count":null}},{"type":"Feature","geometry":{"type":"Point","coordinates":[-6.146071,36.683084]},"properties":{"id":"VUT/CA/03981","type":"VUT","group":"Completa","address":"CALLE SAN BLAS Nº 12 Plta/Piso 1 Pta/Letra 11, piso 1, puerta 11","postal_code":"11403","places":4,"units":1,"registered":"2017-10-22","catastro":"5238006QA5653G0060FO","holder":null,"holder_count":null}},{"type":"Feature","geometry":{"type":"Point","coordinates":[-6.121693,36.69817]},"properties":{"id":"VUT/CA/03983","type":"VUT","group":"Completa","address":"AVENIDA DEL ALTILLO Plta/Piso 10 Pta/Letra A Compl.Dom. URB. EL BOSQUE, EDIF CASUARINA, piso 10, puerta A","postal_code":"11405","places":8,"units":4,"registered":"2017-10-24","catastro":"7255403QA5675E0041WB","holder":null,"holder_count":null}},{"type":"Feature","geometry":{"type":"Point","coordinates":[-6.134727,36.691377]},"properties":{"id":"VUT/CA/03995","type":"VUT","group":"Completa","address":"AVENIDA Alvaro Domecq esquina A C/Fermin Aranda Nº 1 Pta/Letra D Compl.Dom. Edificio Jardines de la Avenida, puerta D","postal_code":"11405","places":6,"units":3,"registered":"2017-10-25","catastro":"6046301QA5664E0014RR","holder":null,"holder_count":null}},{"type":"Feature","geometry":{"type":"Point","coordinates":[-6.140847,36.683614]},"properties":{"id":"VUT/CA/04095","type":"VUT","group":"Por habitaciones","address":"PLAZA del Arroyo Nº 49","postal_code":"11403","places":6,"units":2,"registered":"2017-11-12","catastro":"5638002QA5653H0001BM","holder":null,"holder_count":null}},{"type":"Feature","geometry":{"type":"Point","coordinates":[-6.147174,36.697399]},"properties":{"id":"VUT/CA/04108","type":"VUT","group":"Completa","address":"PLAZA DE LAS CASTAÑUELAS Nº 4 Plta/Piso 7 Pta/Letra C, piso 7, puerta C","postal_code":"11404","places":6,"units":3,"registered":"2017-11-14","catastro":"5053703QA5655C0027OO","holder":null,"holder_count":null}},{"type":"Feature","geometry":{"type":"Point","coordinates":[-6.11411,36.703765]},"properties":{"id":"VUT/CA/04146","type":"VUT","group":"Completa","address":"CALLE POLAR Nº 3 Plta/Piso 4 Pta/Letra H, piso 4, puerta H","postal_code":"11405","places":4,"units":2,"registered":"2017-11-17","catastro":"7960601QA5676B0108BG","holder":null,"holder_count":null}},{"type":"Feature","geometry":{"type":"Point","coordinates":[-6.134285,36.69606]},"properties":{"id":"VUT/CA/04157","type":"VUT","group":"Completa","address":"AVENIDA DE LA CRUZ ROJA Nº 15 Blq. 1 Plta/Piso 3 Pta/Letra B Compl.Dom. EDIFICIO EL DUQUE, piso 3, puerta B","postal_code":"11407","places":6,"units":3,"registered":"2017-11-20","catastro":"6152402QA5665A0064DB","holder":null,"holder_count":null}},{"type":"Feature","geometry":{"type":"Point","coordinates":[-6.103634,36.711619]},"properties":{"id":"VUT/CA/04197","type":"VUT","group":"Completa","address":"CALLE Gaviota Nº 9 Pta/Letra Iz, puerta Iz","postal_code":"11405","places":4,"units":1,"registered":"2017-11-29","catastro":"8870814QA5687B0001EE","holder":null,"holder_count":null}},{"type":"Feature","geometry":{"type":"Point","coordinates":[-6.138819,36.681508]},"properties":{"id":"VUT/CA/04241","type":"VUT","group":"Completa","address":"PLAZA MONTI Nº 8 Plta/Piso 3, piso 3","postal_code":"11407","places":6,"units":3,"registered":"2017-12-19","catastro":"5836009QA5653F0004FI","holder":null,"holder_count":null}},{"type":"Feature","geometry":{"type":"Point","coordinates":[-6.132102,36.680631]},"properties":{"id":"VUT/CA/04243","type":"VUT","group":"Completa","address":"CALLE Diego Fernandez de Herrera Nº 6 Plta/Piso 3 Pta/Letra B, piso 3, puerta B","postal_code":"11401","places":8,"units":4,"registered":"2017-12-20","catastro":"6435604QA5663E0008FU","holder":null,"holder_count":null}},{"type":"Feature","geometry":{"type":"Point","coordinates":[-6.137947,36.680962]},"properties":{"id":"VUT/CA/04258","type":"VUT","group":"Completa","address":"CALLE FATE Nº 6 Plta/Piso 2 Pta/Letra A, piso 2, puerta A","postal_code":"11401","places":4,"units":2,"registered":"2017-12-27","catastro":"5935006QA5653F0007MA","holder":null,"holder_count":null}},{"type":"Feature","geometry":{"type":"Point","coordinates":[-6.137896,36.681028]},"properties":{"id":"VUT/CA/04267","type":"VUT","group":"Completa","address":"CALLE Fate Nº 4 Plta/Piso 2 Pta/Letra D, piso 2, puerta D","postal_code":"11403","places":4,"units":1,"registered":"2018-01-05","catastro":"5935005QA5653F0020ZK","holder":null,"holder_count":null}},{"type":"Feature","geometry":{"type":"Point","coordinates":[-6.134335,36.679722]},"properties":{"id":"VUT/CA/04311","type":"VUT","group":"Completa","address":"CALLE MOLINEROS Nº 15 Plta/Piso BJ Pta/Letra 4, piso BJ, puerta 4","postal_code":"11402","places":4,"units":2,"registered":"2018-01-11","catastro":"6233009QA5663C0004FI","holder":null,"holder_count":null}},{"type":"Feature","geometry":{"type":"Point","coordinates":[-6.146071,36.683084]},"properties":{"id":"VUT/CA/04312","type":"VUT","group":"Completa","address":"CALLE SAN BLAS Nº 12 Plta/Piso 1 Pta/Letra 12, piso 1, puerta 12","postal_code":"11403","places":4,"units":1,"registered":"2018-01-11","catastro":"5238006QA5653G0061GP","holder":null,"holder_count":null}},{"type":"Feature","geometry":{"type":"Point","coordinates":[-6.149565,36.695693]},"properties":{"id":"VUT/CA/04315","type":"VUT","group":"Completa","address":"PLAZA SOLERA Nº 1 Blq. D-6 Plta/Piso 2 Pta/Letra A Compl.Dom. BARRIADA LAS TORRES, piso 2, puerta A","postal_code":"11403","places":10,"units":3,"registered":"2018-01-11","catastro":"4851103QA5645B0009QU","holder":null,"holder_count":null}},{"type":"Feature","geometry":{"type":"Point","coordinates":[-6.141109,36.686065]},"properties":{"id":"VUT/CA/04327","type":"VUT","group":"Completa","address":"CALLE FRANCOS Nº 49D Plta/Piso 3 Pta/Letra ATICO, piso 3, puerta ATICO","postal_code":"11402","places":2,"units":1,"registered":"2018-01-12","catastro":"5640007QA5654B0010BG","holder":null,"holder_count":null}},{"type":"Feature","geometry":{"type":"Point","coordinates":[-6.131475,36.678354]},"properties":{"id":"VUT/CA/04335","type":"VUT","group":"Completa","address":"CALLE SOL Nº 57 Plta/Piso bAJO, piso bAJO","postal_code":"11401","places":2,"units":1,"registered":"2018-01-12","catastro":"6532108QA5663C0002QY","holder":null,"holder_count":null}},{"type":"Feature","geometry":{"type":"Point","coordinates":[-6.142874,36.685472]},"properties":{"id":"VUT/CA/04337","type":"VUT","group":"Completa","address":"CALLE LIEBRE Nº 1-3 Plta/Piso 1 Pta/Letra 22 Compl.Dom. RESIDENCIAL SIGLO XII, piso 1, puerta 22","postal_code":"11403","places":4,"units":1,"registered":"2018-01-12","catastro":"5440006QA5654A0105TU","holder":"SHERRYFLAT S.L","holder_count":40}},{"type":"Feature","geometry":{"type":"Point","coordinates":[-6.128574,36.687667]},"properties":{"id":"VUT/CA/04339","type":"VUT","group":"Completa","address":"CALLE ALCALDE SANTIAGO LOZANO CORRALON Nº 6 Portal 6 Plta/Piso 1 Pta/Letra C, piso 1, puerta C","postal_code":"11405","places":4,"units":2,"registered":"2018-01-12","catastro":"6743603QA5664D0003QP","holder":"CARLUKAR S.L","holder_count":1}},{"type":"Feature","geometry":{"type":"Point","coordinates":[-6.141109,36.686065]},"properties":{"id":"VUT/CA/04346","type":"VUT","group":"Completa","address":"CALLE FRANCOS Nº 49D Plta/Piso 1º Pta/Letra B, piso 1º, puerta B","postal_code":"11403","places":4,"units":2,"registered":"2018-01-15","catastro":"5640007QA5654B0007BG","holder":null,"holder_count":null}},{"type":"Feature","geometry":{"type":"Point","coordinates":[-6.135445,36.684227]},"properties":{"id":"VUT/CA/04350","type":"VUT","group":"Completa","address":"CALLE PUERTO Nº 17 Plta/Piso 1 Pta/Letra A, piso 1, puerta A","postal_code":"11403","places":4,"units":1,"registered":"2018-01-16","catastro":"5633201QA5653D0028GI","holder":"SHERRYFLAT S.L","holder_count":40}},{"type":"Feature","geometry":{"type":"Point","coordinates":[-6.137947,36.680962]},"properties":{"id":"VUT/CA/04379","type":"VUT","group":"Completa","address":"CALLE FATE Nº 6 Plta/Piso 3 Pta/Letra C, piso 3, puerta C","postal_code":"11403","places":4,"units":2,"registered":"2018-01-18","catastro":"5935006QA5653F0009WD","holder":"SHERRYFLAT S.L","holder_count":40}},{"type":"Feature","geometry":{"type":"Point","coordinates":[-6.135558,36.680521]},"properties":{"id":"VUT/CA/04392","type":"VUT","group":"Completa","address":"CALLE CASTILLA Nº 3 Plta/Piso BAJO Pta/Letra Nº3, piso BAJO, puerta Nº3","postal_code":"11402","places":2,"units":1,"registered":"2018-01-19","catastro":"6134005QA5663C0003DU","holder":null,"holder_count":null}},{"type":"Feature","geometry":{"type":"Point","coordinates":[-6.135558,36.680521]},"properties":{"id":"VUT/CA/04414","type":"VUT","group":"Completa","address":"CALLE CASTILLA Nº 3 Plta/Piso 2 Pta/Letra 10, piso 2, puerta 10","postal_code":"11403","places":2,"units":1,"registered":"2018-01-23","catastro":"6134005QA5663C0012LD","holder":null,"holder_count":null}},{"type":"Feature","geometry":{"type":"Point","coordinates":[-6.118686,36.694921]},"properties":{"id":"VUT/CA/04466","type":"VUT","group":"Por habitaciones","address":"CALLE DOCTOR RAFAEL RUIZ MATEOS Nº 1 Blq. 4 Plta/Piso 4 Pta/Letra C, piso 4, puerta C","postal_code":"11405","places":4,"units":2,"registered":"2018-02-01","catastro":"7550501QA5675B0221MI","holder":null,"holder_count":null}},{"type":"Feature","geometry":{"type":"Point","coordinates":[-6.147672,36.697537]},"properties":{"id":"VUT/CA/04499","type":"VUT","group":"Completa","address":"PLAZA DE LAS CASTAÑUELAS Nº 1 Blq. 1 Plta/Piso BAJO Pta/Letra C Compl.Dom. BARRIADA LAS TORRES, piso BAJO, puerta C","postal_code":"11403","places":6,"units":2,"registered":"2018-02-07","catastro":"5053704QA5655C0003MF","holder":"Iron Dome Heritage Spciety Corporation SLU","holder_count":1}},{"type":"Feature","geometry":{"type":"Point","coordinates":[-6.129052,36.692003]},"properties":{"id":"VUT/CA/04510","type":"VUT","group":"Completa","address":"CALLE FERNANDO VIOLA Blq. 2 Portal 1 Plta/Piso 5 Pta/Letra F, piso 5, puerta F","postal_code":"11405","places":4,"units":1,"registered":"2018-02-14","catastro":"6548404QA5664H0053OS","holder":null,"holder_count":null}},{"type":"Feature","geometry":{"type":"Point","coordinates":[-6.135558,36.680521]},"properties":{"id":"VUT/CA/04545","type":"VUT","group":"Completa","address":"CALLE CASTILLA Nº 3 Esc. 1 Pta/Letra 8, puerta 8","postal_code":"11403","places":4,"units":2,"registered":"2018-02-19","catastro":"6134005QA5663C0010JA","holder":"SHERRYFLAT S.L","holder_count":40}},{"type":"Feature","geometry":{"type":"Point","coordinates":[-6.142874,36.685472]},"properties":{"id":"VUT/CA/04547","type":"VUT","group":"Completa","address":"CALLE LIEBRE Nº 1-3 Plta/Piso 1 Pta/Letra 23 Compl.Dom. RESIDENCIAL SIGLO XII, piso 1, puerta 23","postal_code":"11403","places":4,"units":1,"registered":"2018-02-20","catastro":"5440006QA5654A0106YI","holder":"SHERRYFLAT S.L","holder_count":40}},{"type":"Feature","geometry":{"type":"Point","coordinates":[-6.133751,36.680534]},"properties":{"id":"VUT/CA/04557","type":"VUT","group":"Completa","address":"PLAZA Angustias Nº 11 Plta/Piso 2 Compl.Dom. Plaza de las Angustias. N. 11 2 Piso, piso 2","postal_code":"11402","places":6,"units":2,"registered":"2018-02-21","catastro":"6334114QA5663C0001UT","holder":null,"holder_count":null}},{"type":"Feature","geometry":{"type":"Point","coordinates":[-6.135409,36.68779]},"properties":{"id":"VUT/CA/04587","type":"VUT","group":"Completa","address":"CALLE Zaragoza Nº 4","postal_code":"11402","places":15,"units":5,"registered":"2018-02-27","catastro":"6042120QA5664C0002GM","holder":null,"holder_count":null}},{"type":"Feature","geometry":{"type":"Point","coordinates":[-6.124481,36.686607]},"properties":{"id":"VUT/CA/04682","type":"VUT","group":"Por habitaciones","address":"CALLE Ronda del Pelirón Nº 19 Plta/Piso 1ª, piso 1ª","postal_code":"11405","places":6,"units":3,"registered":"2018-03-15","catastro":"7042009QA5674A0001QI","holder":null,"holder_count":null}},{"type":"Feature","geometry":{"type":"Point","coordinates":[-6.14517,36.688998]},"properties":{"id":"VUT/CA/04699","type":"VUT","group":"Completa","address":"CALLE TAXDIRT Nº 21 Pta/Letra A, puerta A","postal_code":"11408","places":5,"units":2,"registered":"2018-03-20","catastro":"5243015QA5654C0001FK","holder":null,"holder_count":null}},{"type":"Feature","geometry":{"type":"Point","coordinates":[-6.14517,36.688998]},"properties":{"id":"VUT/CA/04700","type":"VUT","group":"Completa","address":"CALLE TAXDIRT Nº 21 Pta/Letra b, puerta b","postal_code":"11408","places":5,"units":2,"registered":"2018-03-20","catastro":"5243015QA5654C0001FK","holder":null,"holder_count":null}},{"type":"Feature","geometry":{"type":"Point","coordinates":[-6.134163,36.684234]},"properties":{"id":"VUT/CA/04705","type":"VUT","group":"Completa","address":"CALLE Los Morenos Nº 16 Portal Izquierda Plta/Piso Baja Pta/Letra A Compl.Dom. Parte delantera de la vivienda letra A, piso Baja, puerta A","postal_code":"11402","places":4,"units":1,"registered":"2018-03-21","catastro":"6239712QA5663G0005RX","holder":null,"holder_count":null}},{"type":"Feature","geometry":{"type":"Point","coordinates":[-6.13473,36.685129]},"properties":{"id":"VUT/CA/04708","type":"VUT","group":"Por habitaciones","address":"CALLE Bizcocheros Nº 21 Plta/Piso 1 Pta/Letra B, piso 1, puerta B","postal_code":"11402","places":4,"units":2,"registered":"2018-03-22","catastro":"6240815QA5664A1001LW","holder":null,"holder_count":null}},{"type":"Feature","geometry":{"type":"Point","coordinates":[-6.13473,36.685129]},"properties":{"id":"VUT/CA/04709","type":"VUT","group":"Completa","address":"CALLE Bizcocheros Nº 21 Plta/Piso Bajo Pta/Letra B, piso Bajo, puerta B","postal_code":"11402","places":4,"units":2,"registered":"2018-03-22","catastro":"6240815QA5664A0002XT","holder":"ROTLINE INVESTMENT EUROPE SL","holder_count":2}},{"type":"Feature","geometry":{"type":"Point","coordinates":[-6.13473,36.685129]},"properties":{"id":"VUT/CA/04714","type":"VUT","group":"Completa","address":"CALLE Bizcocheros Nº 21 Plta/Piso 1 Pta/Letra A, piso 1, puerta A","postal_code":"11402","places":4,"units":2,"registered":"2018-03-22","catastro":"6240815QA5664A0004QU","holder":null,"holder_count":null}},{"type":"Feature","geometry":{"type":"Point","coordinates":[-6.13473,36.685129]},"properties":{"id":"VUT/CA/04716","type":"VUT","group":"Completa","address":"CALLE Bizcocheros Nº 21 Plta/Piso Bajo Pta/Letra A, piso Bajo, puerta A","postal_code":"11402","places":6,"units":3,"registered":"2018-03-22","catastro":"6240815QA5664A0003MY","holder":"ROTLINE INVESTMENT EUROPE SL","holder_count":2}},{"type":"Feature","geometry":{"type":"Point","coordinates":[-6.039274,36.697833]},"properties":{"id":"VUT/CA/04717","type":"VUT","group":"Completa","address":"CALLE JACK NICKLAUS Nº 14","postal_code":"11592","places":8,"units":4,"registered":"2018-03-23","catastro":"4556414QA6645F0001AQ","holder":"OLE SOLUTIONS HOLIDAY RENTALS S.L.","holder_count":52}},{"type":"Feature","geometry":{"type":"Point","coordinates":[-6.142184,36.687624]},"properties":{"id":"VUT/CA/04753","type":"VUT","group":"Completa","address":"CALLE ANCHA Nº 23 Portal 9 Pta/Letra C Compl.Dom. PLAZA DE LOS ÁNGELES 3, puerta C","postal_code":"11404","places":6,"units":3,"registered":"2018-04-05","catastro":"5642833QA5654B0066EP","holder":null,"holder_count":null}},{"type":"Feature","geometry":{"type":"Point","coordinates":[-6.142143,36.685248]},"properties":{"id":"VUT/CA/04770","type":"VUT","group":"Completa","address":"CALLE SANTA MARIA DE GRACIA Nº 1 Plta/Piso BAJO, piso BAJO","postal_code":"11403","places":2,"units":2,"registered":"2018-04-08","catastro":"5440405QA5654A0002YQ","holder":"LACAIN 05, S.L.","holder_count":2}},{"type":"Feature","geometry":{"type":"Point","coordinates":[-6.142143,36.685248]},"properties":{"id":"VUT/CA/04771","type":"VUT","group":"Completa","address":"CALLE SANTA MARIA DE GRACIA Nº 1 Plta/Piso 1 Pta/Letra B, piso 1, puerta B","postal_code":"11403","places":2,"units":2,"registered":"2018-04-08","catastro":"5440405QA5654A0004IE","holder":"LACAIN 05, S.L.","holder_count":2}},{"type":"Feature","geometry":{"type":"Point","coordinates":[-6.134532,36.68274]},"properties":{"id":"VUT/CA/04780","type":"VUT","group":"Completa","address":"CALLE MEDINA Nº 6 Plta/Piso 3ª Pta/Letra I, piso 3ª, puerta I","postal_code":"11402","places":4,"units":1,"registered":"2018-04-09","catastro":"6237004QA5663E0009JI","holder":null,"holder_count":null}},{"type":"Feature","geometry":{"type":"Point","coordinates":[-6.139128,36.687626]},"properties":{"id":"VUT/CA/04817","type":"VUT","group":"Completa","address":"CALLE Gaitan Nº 3D Pta/Letra 2, puerta 2","postal_code":"11403","places":6,"units":2,"registered":"2018-04-11","catastro":"5843032QA5654D0003ZY","holder":null,"holder_count":null}},{"type":"Feature","geometry":{"type":"Point","coordinates":[-6.1357,36.680162]},"properties":{"id":"VUT/CA/04823","type":"VUT","group":"Completa","address":"CALLE CABALLEROS Nº 33 Esc. 1 Plta/Piso 2 Pta/Letra 16A, piso 2, puerta 16A","postal_code":"11403","places":4,"units":1,"registered":"2018-04-12","catastro":"6134006QA5663C0093HQ","holder":null,"holder_count":null}},{"type":"Feature","geometry":{"type":"Point","coordinates":[-6.143444,36.68391]},"properties":{"id":"VUT/CA/04828","type":"VUT","group":"Completa","address":"PLAZA BASURTO Portal 10 Pta/Letra D, puerta D","postal_code":"11403","places":2,"units":1,"registered":"2018-04-13","catastro":"5338007QA5653G0010EB","holder":null,"holder_count":null}},{"type":"Feature","geometry":{"type":"Point","coordinates":[-6.135665,36.680572]},"properties":{"id":"VUT/CA/04974","type":"VUT","group":"Completa","address":"CALLE CASTILLA Nº 4 Plta/Piso BAJO, piso BAJO","postal_code":"11402","places":5,"units":2,"registered":"2018-05-04","catastro":"6134004QA5663C0003RU","holder":null,"holder_count":null}},{"type":"Feature","geometry":{"type":"Point","coordinates":[-6.135543,36.677578]},"properties":{"id":"VUT/CA/05001","type":"VUT","group":"Completa","address":"CALLE sancho vizcaino Nº 14 Plta/Piso bajo Pta/Letra h, piso bajo, puerta h","postal_code":"11402","places":4,"units":2,"registered":"2018-05-07","catastro":"6131807QA5663A0046PB","holder":null,"holder_count":null}},{"type":"Feature","geometry":{"type":"Point","coordinates":[-6.135543,36.677578]},"properties":{"id":"VUT/CA/05002","type":"VUT","group":"Completa","address":"CALLE sancho vizcaino Nº 14 Plta/Piso primero Pta/Letra e, piso primero, puerta e","postal_code":"11402","places":4,"units":2,"registered":"2018-05-07","catastro":"6131807QA5663A0053FQ","holder":null,"holder_count":null}},{"type":"Feature","geometry":{"type":"Point","coordinates":[-6.138554,36.680476]},"properties":{"id":"VUT/CA/05090","type":"VUT","group":"Completa","address":"CALLE SA AGUSTIN Nº 16 Plta/Piso 2, piso 2","postal_code":"11403","places":6,"units":2,"registered":"2018-05-18","catastro":"5835511QA5653F0003LU","holder":null,"holder_count":null}},{"type":"Feature","geometry":{"type":"Point","coordinates":[-6.1357,36.680162]},"properties":{"id":"VUT/CA/05103","type":"VUT","group":"Completa","address":"CALLE CABALLERO Nº 33 Portal 1 Plta/Piso 2 Pta/Letra 18B, piso 2, puerta 18B","postal_code":"11403","places":4,"units":1,"registered":"2018-05-21","catastro":"6134006QA5663C0064LR","holder":null,"holder_count":null}},{"type":"Feature","geometry":{"type":"Point","coordinates":[-6.118132,36.705584]},"properties":{"id":"VUT/CA/05117","type":"VUT","group":"Completa","address":"CALLE SUCRE Nº 2 Portal 4 Plta/Piso 1º Pta/Letra D Compl.Dom. EDIFICIO PARQUE ALTILLO, piso 1º, puerta D","postal_code":"11407","places":5,"units":4,"registered":"2018-05-21","catastro":"7563301QA5676D0125BZ","holder":null,"holder_count":null}},{"type":"Feature","geometry":{"type":"Point","coordinates":[-6.136057,36.684324]},"properties":{"id":"VUT/CA/05121","type":"VUT","group":"Completa","address":"CALLE SANTA MARIA Nº 19 Plta/Piso 2 Pta/Letra B, piso 2, puerta B","postal_code":"11402","places":7,"units":2,"registered":"2018-05-21","catastro":"6038004QA5663G0001UK","holder":"19 SANTA MARIA S.L.","holder_count":1}},{"type":"Feature","geometry":{"type":"Point","coordinates":[-6.138027,36.685851]},"properties":{"id":"VUT/CA/05158","type":"VUT","group":"Completa","address":"PLAZA RAFAEL RIVERO Nº 4","postal_code":"11403","places":10,"units":5,"registered":"2018-05-25","catastro":"5741323QA5654B0001ZO","holder":null,"holder_count":null}},{"type":"Feature","geometry":{"type":"Point","coordinates":[-6.135889,36.683916]},"properties":{"id":"VUT/CA/05174","type":"VUT","group":"Por habitaciones","address":"CALLE HONDA Nº 9 Plta/Piso 1 Pta/Letra IZQ., piso 1, puerta IZQ.","postal_code":"11402","places":6,"units":2,"registered":"2018-05-25","catastro":"6038008QA5663G0001BK","holder":null,"holder_count":null}},{"type":"Feature","geometry":{"type":"Point","coordinates":[-6.097197,36.697393]},"properties":{"id":"VUT/CA/05183","type":"VUT","group":"Completa","address":"CALLE EL GRECO Nº 24","postal_code":"11405","places":5,"units":2,"registered":"2018-05-27","catastro":"9454251QA5695C0001GT","holder":null,"holder_count":null}},{"type":"Feature","geometry":{"type":"Point","coordinates":[-6.135889,36.683916]},"properties":{"id":"VUT/CA/05190","type":"VUT","group":"Completa","address":"CALLE HONDA Nº 9 Plta/Piso 2 Pta/Letra IZQ., piso 2, puerta IZQ.","postal_code":"11402","places":6,"units":2,"registered":"2018-05-28","catastro":"6038008QA5663G0001BK","holder":null,"holder_count":null}},{"type":"Feature","geometry":{"type":"Point","coordinates":[-6.146071,36.683084]},"properties":{"id":"VUT/CA/05197","type":"VUT","group":"Completa","address":"CALLE SAN BLAS Nº 12 Pta/Letra 6, puerta 6","postal_code":"11403","places":4,"units":1,"registered":"2018-05-29","catastro":"5238006QA5653G0055SU","holder":null,"holder_count":null}},{"type":"Feature","geometry":{"type":"Point","coordinates":[-6.102342,36.686155]},"properties":{"id":"VUT/CA/05205","type":"VUT","group":"Por habitaciones","address":"CALLE LEO Nº 1","postal_code":"11406","places":4,"units":2,"registered":"2018-05-29","catastro":"9041323QA5694A0001FH","holder":null,"holder_count":null}},{"type":"Feature","geometry":{"type":"Point","coordinates":[-6.134915,36.687524]},"properties":{"id":"VUT/CA/05206","type":"VUT","group":"Completa","address":"CALLE CRUZ Nº 9 Esc. 1 Plta/Piso bajo Pta/Letra C, piso bajo, puerta C","postal_code":"11402","places":5,"units":3,"registered":"2018-05-29","catastro":"6042110QA5664C0005QE","holder":null,"holder_count":null}},{"type":"Feature","geometry":{"type":"Point","coordinates":[-6.146071,36.683084]},"properties":{"id":"VUT/CA/05223","type":"VUT","group":"Completa","address":"CALLE BALDERRAMAS Nº 5","postal_code":"11408","places":4,"units":1,"registered":"2018-05-31","catastro":"5238006QA5653G0039WB","holder":null,"holder_count":null}},{"type":"Feature","geometry":{"type":"Point","coordinates":[-6.135191,36.67993]},"properties":{"id":"VUT/CA/05227","type":"VUT","group":"Completa","address":"CALLE PEDRO ALONSO Nº 14 Calif.Nº DUPLICADO Plta/Piso 2 Pta/Letra B, piso 2, puerta B","postal_code":"11402","places":8,"units":4,"registered":"2018-05-31","catastro":"6134012QA5663C0009OD","holder":null,"holder_count":null}},{"type":"Feature","geometry":{"type":"Point","coordinates":[-6.132558,36.684421]},"properties":{"id":"VUT/CA/05233","type":"VUT","group":"Completa","address":"CALLE HONSARIO Nº 9","postal_code":"11402","places":8,"units":4,"registered":"2018-06-01","catastro":"6339008QA5663G0001QK","holder":null,"holder_count":null}},{"type":"Feature","geometry":{"type":"Point","coordinates":[-6.130949,36.677845]},"properties":{"id":"VUT/CA/05246","type":"VUT","group":"Completa","address":"PLAZA NUESTRO PADRE JESÚS DE LA SENTENCIA Nº 3 Plta/Piso BAJO Pta/Letra B, piso BAJO, puerta B","postal_code":"11401","places":6,"units":2,"registered":"2018-06-04","catastro":"6532504QA5663A0002RA","holder":null,"holder_count":null}},{"type":"Feature","geometry":{"type":"Point","coordinates":[-6.140356,36.686733]},"properties":{"id":"VUT/CA/05274","type":"VUT","group":"Completa","address":"CALLE FLORINDA Nº 11","postal_code":"11403","places":10,"units":4,"registered":"2018-06-05","catastro":"5741803QA5654B0001UO","holder":null,"holder_count":null}},{"type":"Feature","geometry":{"type":"Point","coordinates":[-6.139378,36.682277]},"properties":{"id":"VUT/CA/05313","type":"VUT","group":"Por habitaciones","address":"CALLE SANTA ISABEL Nº - Calif.Nº 9 Plta/Piso 1, piso 1","postal_code":"11403","places":2,"units":1,"registered":"2018-06-11","catastro":"5737305QA5653F0003WU","holder":null,"holder_count":null}},{"type":"Feature","geometry":{"type":"Point","coordinates":[-6.146071,36.683084]},"properties":{"id":"VUT/CA/05325","type":"VUT","group":"Completa","address":"CALLE Balderramas Nº 13","postal_code":"11408","places":2,"units":2,"registered":"2018-06-12","catastro":"5238006QA5653G0043EZ","holder":null,"holder_count":null}},{"type":"Feature","geometry":{"type":"Point","coordinates":[-6.146079,36.684214]},"properties":{"id":"VUT/CA/05349","type":"VUT","group":"Completa","address":"CALLE ALMENDRILLO Nº 3 Plta/Piso 0 Pta/Letra A, piso 0, puerta A","postal_code":"11408","places":4,"units":1,"registered":"2018-06-14","catastro":"5138210QA5653G0027KA","holder":null,"holder_count":null}},{"type":"Feature","geometry":{"type":"Point","coordinates":[-6.142948,36.682111]},"properties":{"id":"VUT/CA/05365","type":"VUT","group":"Completa","address":"CALLE CALZADA DEL ARROYO Nº 29 Plta/Piso 3 Pta/Letra F Compl.Dom. PUERTA DEL ARROYO, piso 3, puerta F","postal_code":"11403","places":5,"units":2,"registered":"2018-06-18","catastro":"5436002QA5653E0036YX","holder":null,"holder_count":null}},{"type":"Feature","geometry":{"type":"Point","coordinates":[-6.136518,36.678325]},"properties":{"id":"VUT/CA/05414","type":"VUT","group":"Completa","address":"CALLE ENCARAMADA Nº 20 Plta/Piso BAJO Pta/Letra IZQ, piso BAJO, puerta IZQ","postal_code":"11403","places":4,"units":1,"registered":"2018-06-24","catastro":"6033412QA5663C0002ZY","holder":null,"holder_count":null}},{"type":"Feature","geometry":{"type":"Point","coordinates":[-6.136568,36.698139]},"properties":{"id":"VUT/CA/05416","type":"VUT","group":"Completa","address":"CALLE DR. FLEMING Blq. 1 Plta/Piso 5 Pta/Letra B, piso 5, puerta B","postal_code":"11407","places":6,"units":4,"registered":"2018-06-25","catastro":"5954006QA5655D0011BT","holder":null,"holder_count":null}},{"type":"Feature","geometry":{"type":"Point","coordinates":[-6.138446,36.68651]},"properties":{"id":"VUT/CA/05422","type":"VUT","group":"Completa","address":"CALLE Porvera Nº 13 Plta/Piso 1 Pta/Letra A, piso 1, puerta A","postal_code":"11403","places":2,"units":1,"registered":"2018-06-25","catastro":"5741315QA5654B0003QA","holder":null,"holder_count":null}},{"type":"Feature","geometry":{"type":"Point","coordinates":[-6.109187,36.691145]},"properties":{"id":"VUT/CA/05497","type":"VUT","group":"Completa","address":"AVENIDA AMSTERDAM Nº 7 Blq. 1 Plta/Piso BAJO Pta/Letra 1006 Compl.Dom. RESIDENCIAL REAL DE ARCOS, piso BAJO, puerta 1006","postal_code":"11405","places":4,"units":2,"registered":"2018-07-04","catastro":"8447701QA5684E0021MH","holder":null,"holder_count":null}},{"type":"Feature","geometry":{"type":"Point","coordinates":[-6.140206,36.692348]},"properties":{"id":"VUT/CA/05507","type":"VUT","group":"Completa","address":"CALLE PIZARRO Nº 19 Pta/Letra 101, puerta 101","postal_code":"11403","places":2,"units":1,"registered":"2018-07-07","catastro":"5646001QA5654F0012ZU","holder":null,"holder_count":null}},{"type":"Feature","geometry":{"type":"Point","coordinates":[-6.146071,36.683084]},"properties":{"id":"VUT/CA/05513","type":"VUT","group":"Completa","address":"CALLE SAN BLAS Nº 12 Esc. 1 Plta/Piso BJ Pta/Letra 3.1 Compl.Dom. PUERTA 9, piso BJ, puerta 3.1","postal_code":"11403","places":4,"units":1,"registered":"2018-07-09","catastro":"5238006QA5653G0065LF","holder":null,"holder_count":null}},{"type":"Feature","geometry":{"type":"Point","coordinates":[-6.1359,36.677931]},"properties":{"id":"VUT/CA/05543","type":"VUT","group":"Completa","address":"CALLE Sanchovizcaino Nº 3 Plta/Piso 2 Pta/Letra C, piso 2, puerta C","postal_code":"11401","places":3,"units":2,"registered":"2018-07-11","catastro":"6132017QA5663A0009ZK","holder":null,"holder_count":null}},{"type":"Feature","geometry":{"type":"Point","coordinates":[-6.13668,36.684017]},"properties":{"id":"VUT/CA/05578","type":"VUT","group":"Completa","address":"CALLE Cuatro Juanes Nº 3 Esc. 1 Plta/Piso 3, piso 3","postal_code":"11403","places":2,"units":1,"registered":"2018-07-16","catastro":"5938308QA5653H0004LE","holder":null,"holder_count":null}},{"type":"Feature","geometry":{"type":"Point","coordinates":[-6.13668,36.684017]},"properties":{"id":"VUT/CA/05579","type":"VUT","group":"Completa","address":"CALLE CUATRO JUANES Nº 3 Esc. 1 Pta/Letra 2, puerta 2","postal_code":"11403","places":2,"units":1,"registered":"2018-07-16","catastro":"5938308QA5653H0003KW","holder":"SHERRYFLAT S.L","holder_count":40}},{"type":"Feature","geometry":{"type":"Point","coordinates":[-6.141678,36.67769]},"properties":{"id":"VUT/CA/05583","type":"VUT","group":"Por habitaciones","address":"CALLE LUISA Nº 16","postal_code":"11401","places":6,"units":3,"registered":"2018-07-17","catastro":"5531201QA5653B0001GG","holder":null,"holder_count":null}},{"type":"Feature","geometry":{"type":"Point","coordinates":[-6.145103,36.693145]},"properties":{"id":"VUT/CA/05597","type":"VUT","group":"Completa","address":"AVENIDA San Juan Bosco Portal 21 Plta/Piso atico Pta/Letra a Compl.Dom. jerez de la frontera, piso atico, puerta a","postal_code":"11404","places":2,"units":1,"registered":"2018-07-17","catastro":"5249604QA5654G0019AM","holder":null,"holder_count":null}},{"type":"Feature","geometry":{"type":"Point","coordinates":[-6.136346,36.683963]},"properties":{"id":"VUT/CA/05629","type":"VUT","group":"Completa","address":"CALLE LARGA Nº 28 Plta/Piso 3 Pta/Letra A, piso 3, puerta A","postal_code":"11402","places":6,"units":2,"registered":"2018-07-21","catastro":"6038030QA5663G0007TQ","holder":null,"holder_count":null}},{"type":"Feature","geometry":{"type":"Point","coordinates":[-6.139859,36.685013]},"properties":{"id":"VUT/CA/05636","type":"VUT","group":"Completa","address":"CALLE Francos Nº 22 Plta/Piso bajo Pta/Letra A, piso bajo, puerta A","postal_code":"11403","places":4,"units":2,"registered":"2018-07-23","catastro":"5839824QA5653H0054HG","holder":null,"holder_count":null}},{"type":"Feature","geometry":{"type":"Point","coordinates":[-6.146079,36.684214]},"properties":{"id":"VUT/CA/05655","type":"VUT","group":"Completa","address":"CALLE ALMENDRILLO Nº 3 Plta/Piso 1 Pta/Letra G, piso 1, puerta G","postal_code":"11408","places":4,"units":1,"registered":"2018-07-25","catastro":"5138210QA5653G0033ZF","holder":null,"holder_count":null}},{"type":"Feature","geometry":{"type":"Point","coordinates":[-6.147476,36.697791]},"properties":{"id":"VUT/CA/05680","type":"VUT","group":"Completa","address":"PLAZA DE LAS CASTAÑUELAS Blq. 2 Plta/Piso 10 Pta/Letra D, piso 10, puerta D","postal_code":"11404","places":6,"units":3,"registered":"2018-07-27","catastro":"5053701QA5655C0004BG","holder":null,"holder_count":null}},{"type":"Feature","geometry":{"type":"Point","coordinates":[-6.140086,36.686201]},"properties":{"id":"VUT/CA/05713","type":"VUT","group":"Completa","address":"PLAZA COMPAÑIA Nº 1 Portal 4 Plta/Piso 2 Pta/Letra N, piso 2, puerta N","postal_code":"11403","places":8,"units":4,"registered":"2018-08-01","catastro":"5741333QA5654B0025PR","holder":null,"holder_count":null}},{"type":"Feature","geometry":{"type":"Point","coordinates":[-6.140769,36.686823]},"properties":{"id":"VUT/CA/05751","type":"VUT","group":"Completa","address":"CALLE PARALEJO Nº 2 Plta/Piso 1 Pta/Letra 10 Compl.Dom. EDIFICIO CARRUAJE, piso 1, puerta 10","postal_code":"11403","places":4,"units":2,"registered":"2018-08-08","catastro":"5642508QA5654B0015KB","holder":null,"holder_count":null}},{"type":"Feature","geometry":{"type":"Point","coordinates":[-6.142874,36.685472]},"properties":{"id":"VUT/CA/05753","type":"VUT","group":"Completa","address":"CALLE LIEBRE Nº 1 Plta/Piso BAJO Pta/Letra 2 Compl.Dom. RESIDENCIAL SIGLO XXII, piso BAJO, puerta 2","postal_code":"11403","places":6,"units":3,"registered":"2018-08-08","catastro":"5440006QA5654A0085SF","holder":null,"holder_count":null}},{"type":"Feature","geometry":{"type":"Point","coordinates":[-6.138259,36.682414]},"properties":{"id":"VUT/CA/05796","type":"VUT","group":"Completa","address":"CALLE LATORRE Nº 6","postal_code":"11403","places":2,"units":1,"registered":"2018-08-20","catastro":"5837003QA5653F0001IT","holder":null,"holder_count":null}},{"type":"Feature","geometry":{"type":"Point","coordinates":[-6.138321,36.684816]},"properties":{"id":"VUT/CA/05804","type":"VUT","group":"Completa","address":"CALLE TORNERIA Nº 7 Esc. 1 Plta/Piso 1 Pta/Letra 3, piso 1, puerta 3","postal_code":"11403","places":6,"units":3,"registered":"2018-08-21","catastro":"5840006QA5654B0006JF","holder":"GESTION EMPRESARIAL SHEBELLE, S.L.","holder_count":2}},{"type":"Feature","geometry":{"type":"Point","coordinates":[-6.138455,36.690448]},"properties":{"id":"VUT/CA/05805","type":"VUT","group":"Completa","address":"CONJUNTO RESIDENCIAL VALDESPINO Nº 3 Blq. 3 Esc. 1 Plta/Piso 1 Pta/Letra A, piso 1, puerta A","postal_code":"11402","places":5,"units":2,"registered":"2018-08-21","catastro":"5945042QA5654F0002HM","holder":"GESTION EMPRESARIAL SHEBELLE, S.L.","holder_count":2}},{"type":"Feature","geometry":{"type":"Point","coordinates":[-6.113873,36.689197]},"properties":{"id":"VUT/CA/05815","type":"VUT","group":"Completa","address":"CALLE GENOVA Nº 5 Blq. 3 Plta/Piso BAJO Pta/Letra B Compl.Dom. RSD ALMENARA, piso BAJO, puerta B","postal_code":"11405","places":5,"units":3,"registered":"2018-08-23","catastro":"8044301QA5684C0039HD","holder":null,"holder_count":null}},{"type":"Feature","geometry":{"type":"Point","coordinates":[-6.130107,36.678533]},"properties":{"id":"VUT/CA/05828","type":"VUT","group":"Completa","address":"CALLE RONDA DE SAN TELMO Nº 2 Plta/Piso 1 Pta/Letra B, piso 1, puerta B","postal_code":"11401","places":3,"units":1,"registered":"2018-08-27","catastro":"6633602QA5663D0014LQ","holder":"SHERRYFLAT S.L","holder_count":40}},{"type":"Feature","geometry":{"type":"Point","coordinates":[-6.139767,36.683918]},"properties":{"id":"VUT/CA/05853","type":"VUT","group":"Completa","address":"CALLE Juan de Abarca Nº 9 Plta/Piso bajo Pta/Letra C, piso bajo, puerta C","postal_code":"11403","places":2,"units":1,"registered":"2018-08-29","catastro":"5738002QA5653H0003FW","holder":null,"holder_count":null}},{"type":"Feature","geometry":{"type":"Point","coordinates":[-6.113539,36.684697]},"properties":{"id":"VUT/CA/05874","type":"VUT","group":"Completa","address":"CALLE NUESTRA SEÑORA DEL DESCONSUELO Portal 2 Plta/Piso 1 Pta/Letra IZQ, piso 1, puerta IZQ","postal_code":"11406","places":6,"units":3,"registered":"2018-09-03","catastro":"8040304QA5684A0002KD","holder":null,"holder_count":null}},{"type":"Feature","geometry":{"type":"Point","coordinates":[-6.137011,36.688864]},"properties":{"id":"VUT/CA/05890","type":"VUT","group":"Completa","address":"CALLE SEVILLA Nº 16-18 Esc. 2 Plta/Piso 5 Pta/Letra C, piso 5, puerta C","postal_code":"11402","places":4,"units":2,"registered":"2018-09-04","catastro":"6043009QA5664C0037BE","holder":null,"holder_count":null}},{"type":"Feature","geometry":{"type":"Point","coordinates":[-6.136784,36.689187]},"properties":{"id":"VUT/CA/05891","type":"VUT","group":"Completa","address":"CALLE SEVILLA Nº 22-24 Plta/Piso 4 Pta/Letra D, piso 4, puerta D","postal_code":"11402","places":9,"units":5,"registered":"2018-09-04","catastro":"6043012QA5664C0043MY","holder":null,"holder_count":null}},{"type":"Feature","geometry":{"type":"Point","coordinates":[-6.138338,36.683084]},"properties":{"id":"VUT/CA/05893","type":"VUT","group":"Completa","address":"CALLE ANGOSTILLO DE SAN DIONISIO Nº 2 Plta/Piso 3 Pta/Letra B, piso 3, puerta B","postal_code":"11403","places":4,"units":2,"registered":"2024-02-26","catastro":"5838407QA5653H0007WY","holder":null,"holder_count":null}},{"type":"Feature","geometry":{"type":"Point","coordinates":[-6.145763,36.693523]},"properties":{"id":"VUT/CA/05999","type":"VUT","group":"Completa","address":"CALLE Taranta Portal 1 Plta/Piso 10 Pta/Letra A, piso 10, puerta A","postal_code":"11404","places":3,"units":1,"registered":"2018-09-19","catastro":"5149006QA5654G0019DM","holder":null,"holder_count":null}},{"type":"Feature","geometry":{"type":"Point","coordinates":[-6.142874,36.685472]},"properties":{"id":"VUT/CA/06002","type":"VUT","group":"Completa","address":"CALLE LIEBRE Nº 1 Plta/Piso 26, piso 26","postal_code":"11403","places":4,"units":1,"registered":"2018-09-20","catastro":"5440006QA5654A0050OA","holder":"SHERRYFLAT S.L","holder_count":40}},{"type":"Feature","geometry":{"type":"Point","coordinates":[-6.152231,36.692599]},"properties":{"id":"VUT/CA/06004","type":"VUT","group":"Por habitaciones","address":"CALLE San Valentin Blq. 17 Plta/Piso 1 Pta/Letra D, piso 1, puerta D","postal_code":"11408","places":2,"units":1,"registered":"2018-09-20","catastro":"4547001QA5644F0004HZ","holder":null,"holder_count":null}},{"type":"Feature","geometry":{"type":"Point","coordinates":[-6.146275,36.683389]},"properties":{"id":"VUT/CA/06010","type":"VUT","group":"Completa","address":"CALLE BALDERRAMAS Nº 16 Plta/Piso BAJA Pta/Letra 2, piso BAJA, puerta 2","postal_code":"11408","places":6,"units":2,"registered":"2018-09-21","catastro":"5138208QA5653G0002IG","holder":null,"holder_count":null}},{"type":"Feature","geometry":{"type":"Point","coordinates":[-6.116339,36.684835]},"properties":{"id":"VUT/CA/06018","type":"VUT","group":"Por habitaciones","address":"CALLE NUESTRA SEÑORA DE LA PAZ Nº 2 Plta/Piso 1 Pta/Letra D Compl.Dom. BARRIADA LA ASUNCIÓN, piso 1, puerta D","postal_code":"11401","places":1,"units":3,"registered":"2018-09-23","catastro":"7940709QA5674B0003KL","holder":null,"holder_count":null}},{"type":"Feature","geometry":{"type":"Point","coordinates":[-6.142874,36.685472]},"properties":{"id":"VUT/CA/06039","type":"VUT","group":"Completa","address":"CALLE LIEBRE Km 1 Plta/Piso 1 Pta/Letra 20, piso 1, puerta 20","postal_code":"11403","places":4,"units":2,"registered":"2018-09-26","catastro":"5440006QA5654A0103ET","holder":null,"holder_count":null}},{"type":"Feature","geometry":{"type":"Point","coordinates":[-6.131794,36.684723]},"properties":{"id":"VUT/CA/06047","type":"VUT","group":"Por habitaciones","address":"CALLE Don Juan Nº 11","postal_code":"11402","places":4,"units":2,"registered":"2018-09-26","catastro":"6439703QA5663G0001XK","holder":null,"holder_count":null}},{"type":"Feature","geometry":{"type":"Point","coordinates":[-6.104812,36.679927]},"properties":{"id":"VUT/CA/06059","type":"VUT","group":"Por habitaciones","address":"CALLE PLAYA DEL PALMAR Nº 28 Compl.Dom. UNIFAMILIAR","postal_code":"11406","places":6,"units":4,"registered":"2018-09-28","catastro":"8734901QA5683D0057UJ","holder":null,"holder_count":null}},{"type":"Feature","geometry":{"type":"Point","coordinates":[-6.136425,36.693803]},"properties":{"id":"VUT/CA/06070","type":"VUT","group":"Completa","address":"URBANIZACION LA UNIÓN PARCELA 8 Blq. 1 Plta/Piso 2ª Pta/Letra IZQ., piso 2ª, puerta IZQ.","postal_code":"11407","places":5,"units":3,"registered":"2018-09-30","catastro":"6049101QA5664G0005TH","holder":null,"holder_count":null}},{"type":"Feature","geometry":{"type":"Point","coordinates":[-6.12385,36.675239]},"properties":{"id":"VUT/CA/06078","type":"VUT","group":"Completa","address":"AVENIDA VALLESEQUILLO I Blq. 5 Plta/Piso 4 Pta/Letra C, piso 4, puerta C","postal_code":"11401","places":4,"units":3,"registered":"2018-10-01","catastro":"7129305QA5672G0015FH","holder":null,"holder_count":null}},{"type":"Feature","geometry":{"type":"Point","coordinates":[-6.14226,36.685258]},"properties":{"id":"VUT/CA/06091","type":"VUT","group":"Completa","address":"CALLE SANTA MARIA DE GRACIA Nº 3 Plta/Piso 2, piso 2","postal_code":"11403","places":6,"units":3,"registered":"2018-10-04","catastro":"5440404QA5654A0003ZW","holder":null,"holder_count":null}},{"type":"Feature","geometry":{"type":"Point","coordinates":[-6.146071,36.683084]},"properties":{"id":"VUT/CA/06105","type":"VUT","group":"Completa","address":"CALLE san Blas Nº 14","postal_code":"11403","places":2,"units":1,"registered":"2018-10-08","catastro":"5238006QA5653G0049OR","holder":null,"holder_count":null}},{"type":"Feature","geometry":{"type":"Point","coordinates":[-6.138381,36.678606]},"properties":{"id":"VUT/CA/06109","type":"VUT","group":"Completa","address":"CALLE Ronda Muleros Nº 7","postal_code":"11403","places":6,"units":2,"registered":"2018-10-10","catastro":"5932804QA5653B0001HG","holder":null,"holder_count":null}},{"type":"Feature","geometry":{"type":"Point","coordinates":[-6.138381,36.678606]},"properties":{"id":"VUT/CA/06110","type":"VUT","group":"Completa","address":"CALLE Ronda Muleros Nº 7","postal_code":"11403","places":4,"units":1,"registered":"2018-10-10","catastro":"5932804QA5653B0001HG","holder":null,"holder_count":null}},{"type":"Feature","geometry":{"type":"Point","coordinates":[-6.103502,36.711443]},"properties":{"id":"VUT/CA/06169","type":"VUT","group":"Completa","address":"CALLE Gaviota Nº 11","postal_code":"11405","places":8,"units":2,"registered":"2018-10-21","catastro":"8870813QA5687B0001JE","holder":null,"holder_count":null}},{"type":"Feature","geometry":{"type":"Point","coordinates":[-6.134265,36.682643]},"properties":{"id":"VUT/CA/06225","type":"VUT","group":"Completa","address":"CALLE Medina Nº 10 Plta/Piso Bajo Pta/Letra Izda, piso Bajo, puerta Izda","postal_code":"11402","places":4,"units":2,"registered":"2018-10-28","catastro":"6237006QA5663E0002TQ","holder":null,"holder_count":null}},{"type":"Feature","geometry":{"type":"Point","coordinates":[-6.136706,36.683711]},"properties":{"id":"VUT/CA/06226","type":"VUT","group":"Completa","address":"CALLE LARGA Nº 23 Plta/Piso 2 Pta/Letra 40 Compl.Dom. EDIFICIO LOS CISNES, DUPLEX 40, piso 2, puerta 40","postal_code":"11402","places":6,"units":3,"registered":"2018-10-28","catastro":"5938309QA5653H0111SP","holder":null,"holder_count":null}},{"type":"Feature","geometry":{"type":"Point","coordinates":[-6.134265,36.682643]},"properties":{"id":"VUT/CA/06227","type":"VUT","group":"Completa","address":"CALLE Medina Nº 10 Plta/Piso Bajo Pta/Letra Derecha, piso Bajo, puerta Derecha","postal_code":"11402","places":2,"units":1,"registered":"2018-10-28","catastro":"6237006QA5663E0002TQ","holder":null,"holder_count":null}},{"type":"Feature","geometry":{"type":"Point","coordinates":[-6.134265,36.682643]},"properties":{"id":"VUT/CA/06228","type":"VUT","group":"Completa","address":"CALLE Medina Nº 10 Plta/Piso ATICO, piso ATICO","postal_code":"11402","places":2,"units":1,"registered":"2018-10-28","catastro":"6237006QA5663E0002TQ","holder":null,"holder_count":null}},{"type":"Feature","geometry":{"type":"Point","coordinates":[-6.131654,36.678345]},"properties":{"id":"VUT/CA/06249","type":"VUT","group":"Completa","address":"CALLE EMPEDRADA Nº 33 Plta/Piso 1 Pta/Letra D, piso 1, puerta D","postal_code":"11401","places":5,"units":3,"registered":"2018-11-02","catastro":"6433614QA5663C0005KO","holder":null,"holder_count":null}},{"type":"Feature","geometry":{"type":"Point","coordinates":[-6.137103,36.692282]},"properties":{"id":"VUT/CA/06273","type":"VUT","group":"Completa","address":"AVENIDA DUQUE DE ABRANTES Nº 2","postal_code":"11407","places":8,"units":4,"registered":"2018-11-06","catastro":"5947503QA5654H0001OJ","holder":null,"holder_count":null}},{"type":"Feature","geometry":{"type":"Point","coordinates":[-6.124344,36.681434]},"properties":{"id":"VUT/CA/06279","type":"VUT","group":"Completa","address":"PASEO DE LAS DELICIAS Nº 3 Plta/Piso 8 Pta/Letra C Compl.Dom. C.P. 11405 JEREZ DE LA FRONTERA, piso 8, puerta C","postal_code":"11405","places":10,"units":4,"registered":"2018-11-06","catastro":"7136003QA5673E0059DQ","holder":null,"holder_count":null}},{"type":"Feature","geometry":{"type":"Point","coordinates":[-6.121292,36.688001]},"properties":{"id":"VUT/CA/06282","type":"VUT","group":"Completa","address":"CALLE ALCALDE JESUS MANTARA Nº 3 Blq. 3 Plta/Piso BAJO Pta/Letra A, piso BAJO, puerta A","postal_code":"11405","places":4,"units":2,"registered":"2018-11-07","catastro":"7342401QA5674C0122IZ","holder":null,"holder_count":null}},{"type":"Feature","geometry":{"type":"Point","coordinates":[-6.135543,36.677578]},"properties":{"id":"VUT/CA/06295","type":"VUT","group":"Completa","address":"RONDA Ronda de Muleros Nº 29 Plta/Piso 1° Pta/Letra B, piso 1°, puerta B","postal_code":"11401","places":4,"units":2,"registered":"2018-11-07","catastro":"6131807QA5663A0035WS","holder":null,"holder_count":null}},{"type":"Feature","geometry":{"type":"Point","coordinates":[-6.138069,36.684108]},"properties":{"id":"VUT/CA/06298","type":"VUT","group":"Por habitaciones","address":"CALLE ALVAR LOPEZ Nº 10","postal_code":"11403","places":2,"units":1,"registered":"2018-11-07","catastro":"5838209QA5653H0001YM","holder":null,"holder_count":null}},{"type":"Feature","geometry":{"type":"Point","coordinates":[-6.14163,36.678759]},"properties":{"id":"VUT/CA/06317","type":"VUT","group":"Completa","address":"CALLE Arquitecto Jose Ferrari Nº 5 Plta/Piso 2 Pta/Letra I, piso 2, puerta I","postal_code":"11401","places":5,"units":2,"registered":"2018-11-10","catastro":"5533306QA5653D0006PG","holder":null,"holder_count":null}},{"type":"Feature","geometry":{"type":"Point","coordinates":[-6.138343,36.687052]},"properties":{"id":"VUT/CA/06351","type":"VUT","group":"Completa","address":"CALLE PORVERA Nº 18 Compl.Dom. UNIFAMILIAR 6","postal_code":"11403","places":8,"units":2,"registered":"2018-11-15","catastro":"5842013QA5654B0020WX","holder":null,"holder_count":null}},{"type":"Feature","geometry":{"type":"Point","coordinates":[-6.133873,36.683447]},"properties":{"id":"VUT/CA/06383","type":"VUT","group":"Completa","address":"CALLE Arcos Nº 20 Plta/Piso 2, piso 2","postal_code":"11402","places":4,"units":1,"registered":"2018-11-21","catastro":"6238602QA5663G0001BK","holder":null,"holder_count":null}},{"type":"Feature","geometry":{"type":"Point","coordinates":[-6.138276,36.684865]},"properties":{"id":"VUT/CA/06421","type":"VUT","group":"Completa","address":"CALLE HORNO Nº 1 Plta/Piso 2 Pta/Letra B, piso 2, puerta B","postal_code":"11403","places":6,"units":2,"registered":"2018-11-26","catastro":"5840005QA5654B0007OG","holder":null,"holder_count":null}},{"type":"Feature","geometry":{"type":"Point","coordinates":[-6.146079,36.684214]},"properties":{"id":"VUT/CA/06429","type":"VUT","group":"Completa","address":"CALLE ALMENDRILLO Nº 3 Plta/Piso BAJO Pta/Letra E, piso BAJO, puerta E","postal_code":"11408","places":4,"units":2,"registered":"2018-11-28","catastro":"5138210QA5653G0031LS","holder":null,"holder_count":null}},{"type":"Feature","geometry":{"type":"Point","coordinates":[-6.13668,36.684017]},"properties":{"id":"VUT/CA/06434","type":"VUT","group":"Completa","address":"CALLE CUATRO JUANES Nº 3 Esc. 1 Pta/Letra 2, puerta 2","postal_code":"11403","places":4,"units":2,"registered":"2018-11-28","catastro":"5938308QA5653H0002JQ","holder":"Nunadrola, SL.","holder_count":2}},{"type":"Feature","geometry":{"type":"Point","coordinates":[-6.138446,36.68651]},"properties":{"id":"VUT/CA/06435","type":"VUT","group":"Completa","address":"CALLE Porvera Nº 13 Plta/Piso 2 Pta/Letra C, piso 2, puerta C","postal_code":"11403","places":2,"units":1,"registered":"2018-11-28","catastro":"5741315QA5654B0008YH","holder":"Nunadrola, SL.","holder_count":2}},{"type":"Feature","geometry":{"type":"Point","coordinates":[-6.135827,36.68616]},"properties":{"id":"VUT/CA/06441","type":"VUT","group":"Completa","address":"PLAZA Alfonso Sánchez Ferrajón Nº 1 Plta/Piso 3, piso 3","postal_code":"11402","places":4,"units":2,"registered":"2018-11-29","catastro":"6041006QA5664A0057BX","holder":null,"holder_count":null}},{"type":"Feature","geometry":{"type":"Point","coordinates":[-6.136915,36.678569]},"properties":{"id":"VUT/CA/06450","type":"VUT","group":"Completa","address":"CALLE San Antón Nº 16","postal_code":"11403","places":6,"units":3,"registered":"2018-11-30","catastro":"5933509QA5653D0001IP","holder":null,"holder_count":null}},{"type":"Feature","geometry":{"type":"Point","coordinates":[-6.130841,36.691544]},"properties":{"id":"VUT/CA/06466","type":"VUT","group":"Completa","address":"CALLE FERNANDO VIOLA Nº 3 Plta/Piso 1 Pta/Letra B, piso 1, puerta B","postal_code":"11405","places":7,"units":2,"registered":"2018-12-05","catastro":"6548409QA5664H0083YP","holder":null,"holder_count":null}},{"type":"Feature","geometry":{"type":"Point","coordinates":[-6.135645,36.688162]},"properties":{"id":"VUT/CA/06471","type":"VUT","group":"Completa","address":"CALLE SAN CAYETANO Nº 4-6 Esc. IZQ Plta/Piso 1 Pta/Letra 18, piso 1, puerta 18","postal_code":"11402","places":4,"units":2,"registered":"2018-12-10","catastro":"6244614QA5664C0088KH","holder":null,"holder_count":null}},{"type":"Feature","geometry":{"type":"Point","coordinates":[-6.147034,36.672067]},"properties":{"id":"VUT/CA/06516","type":"VUT","group":"Completa","address":"PLAZA ALVARO OBERTOS DE VALETO Blq. 12 Plta/Piso 3 Pta/Letra 1, piso 3, puerta 1","postal_code":"11408","places":2,"units":1,"registered":"2018-12-14","catastro":"5125408QA5652C0011KF","holder":null,"holder_count":null}},{"type":"Feature","geometry":{"type":"Point","coordinates":[-6.12821,36.682685]},"properties":{"id":"VUT/CA/06520","type":"VUT","group":"Completa","address":"CALLE BEATO FRANCISCO CAMACHO Nº 7 Plta/Piso 4 Pta/Letra IZQ / B, piso 4, puerta IZQ / B","postal_code":"11401","places":6,"units":4,"registered":"2018-12-16","catastro":"6737202QA5663F0010AG","holder":null,"holder_count":null}},{"type":"Feature","geometry":{"type":"Point","coordinates":[-6.138568,36.68001]},"properties":{"id":"VUT/CA/06528","type":"VUT","group":"Completa","address":"CALLE GUARNIDOS Nº 2-D Esc. 1 Plta/Piso 3 Pta/Letra 1, piso 3, puerta 1","postal_code":"11403","places":12,"units":5,"registered":"2018-12-17","catastro":"5834002QA5653D0007DH","holder":"SETAC, SL","holder_count":1}},{"type":"Feature","geometry":{"type":"Point","coordinates":[-6.13888,36.681947]},"properties":{"id":"VUT/CA/06540","type":"VUT","group":"Por habitaciones","address":"CALLE POZUELO Nº 8","postal_code":"11403","places":6,"units":6,"registered":"2018-12-19","catastro":"5736004QA5653F0001BT","holder":null,"holder_count":null}},{"type":"Feature","geometry":{"type":"Point","coordinates":[-6.142874,36.685472]},"properties":{"id":"VUT/CA/06559","type":"VUT","group":"Completa","address":"CALLE LIEBRE Nº 1-3 Plta/Piso BJ Pta/Letra 11 Compl.Dom. RESIDENCIAL SIGLO XII, piso BJ, puerta 11","postal_code":"11408","places":4,"units":2,"registered":"2018-12-26","catastro":"5440006QA5654A0094KB","holder":null,"holder_count":null}},{"type":"Feature","geometry":{"type":"Point","coordinates":[-6.138597,36.688921]},"properties":{"id":"VUT/CA/06567","type":"VUT","group":"Completa","address":"CALLE GUADALETE Nº 25 Plta/Piso 1 Pta/Letra B, piso 1, puerta B","postal_code":"11403","places":4,"units":2,"registered":"2019-01-02","catastro":"5743003QA5654D0006DO","holder":null,"holder_count":null}},{"type":"Feature","geometry":{"type":"Point","coordinates":[-6.099604,36.686569]},"properties":{"id":"VUT/CA/06575","type":"VUT","group":"Completa","address":"CALLE LAGO DE ENOL Nº 3 Portal 1 Plta/Piso 3º Pta/Letra A, piso 3º, puerta A","postal_code":"11406","places":4,"units":3,"registered":"2019-01-03","catastro":"9242602QA5694A0017IY","holder":null,"holder_count":null}},{"type":"Feature","geometry":{"type":"Point","coordinates":[-6.137879,36.685256]},"properties":{"id":"VUT/CA/06605","type":"VUT","group":"Completa","address":"CALLE TORNERÍA Nº 11 Plta/Piso BAJO Pta/Letra C, piso BAJO, puerta C","postal_code":"11403","places":6,"units":3,"registered":"2019-01-11","catastro":"5840306QA5654B0011IH","holder":null,"holder_count":null}},{"type":"Feature","geometry":{"type":"Point","coordinates":[-6.13504,36.6891]},"properties":{"id":"VUT/CA/06645","type":"VUT","group":"Completa","address":"CALLE SANTO DOMINGO Nº 31 Plta/Piso 2 Pta/Letra B, piso 2, puerta B","postal_code":"11402","places":15,"units":4,"registered":"2019-01-18","catastro":"6043035QA5664C0005SE","holder":"INTELIGENCIA EMPRESARIAL SL","holder_count":1}},{"type":"Feature","geometry":{"type":"Point","coordinates":[-6.146618,36.697923]},"properties":{"id":"VUT/CA/06692","type":"VUT","group":"Completa","address":"AVENIDA MANZANILLA Nº 15 Esc. 1 Plta/Piso 1 Pta/Letra IZ, piso 1, puerta IZ","postal_code":"11404","places":4,"units":2,"registered":"2019-01-25","catastro":"5153801QA5655C0003GF","holder":null,"holder_count":null}},{"type":"Feature","geometry":{"type":"Point","coordinates":[-6.134461,36.689939]},"properties":{"id":"VUT/CA/06700","type":"VUT","group":"Completa","address":"CALLE PAÚL Nº 1 Plta/Piso BAJO Pta/Letra A, piso BAJO, puerta A","postal_code":"11402","places":4,"units":2,"registered":"2019-01-27","catastro":"6246013QA5664E0177DY","holder":null,"holder_count":null}},{"type":"Feature","geometry":{"type":"Point","coordinates":[-6.137369,36.678777]},"properties":{"id":"VUT/CA/06718","type":"VUT","group":"Por habitaciones","address":"CALLE SAN ANTÓN Nº 8 Compl.Dom. BARRIO SAN MIGUEL","postal_code":"11403","places":5,"units":2,"registered":"2019-01-28","catastro":"5933505QA5653D0001KP","holder":null,"holder_count":null}},{"type":"Feature","geometry":{"type":"Point","coordinates":[-6.139859,36.685013]},"properties":{"id":"VUT/CA/06756","type":"VUT","group":"Completa","address":"CALLE FRANCOS Nº 22 Plta/Piso BAJA Pta/Letra D, piso BAJA, puerta D","postal_code":"11403","places":4,"units":2,"registered":"2019-02-04","catastro":"5839824QA5653H0055JH","holder":null,"holder_count":null}},{"type":"Feature","geometry":{"type":"Point","coordinates":[-6.142445,36.682598]},"properties":{"id":"VUT/CA/06789","type":"VUT","group":"Completa","address":"PLAZA PLAZA DEL ARROYO Nº 34-35 Blq. 1 Plta/Piso 2 Pta/Letra E, piso 2, puerta E","postal_code":"11403","places":4,"units":2,"registered":"2019-02-06","catastro":"5537706QA5653E0047YU","holder":null,"holder_count":null}},{"type":"Feature","geometry":{"type":"Point","coordinates":[-6.1357,36.680162]},"properties":{"id":"VUT/CA/06792","type":"VUT","group":"Completa","address":"CALLE CABALLEROS Nº 33 Esc. 1 Plta/Piso 2 Pta/Letra 18A, piso 2, puerta 18A","postal_code":"11402","places":4,"units":2,"registered":"2019-02-06","catastro":"6134006QA5663C0063KE","holder":null,"holder_count":null}},{"type":"Feature","geometry":{"type":"Point","coordinates":[-6.140206,36.692348]},"properties":{"id":"VUT/CA/06824","type":"VUT","group":"Completa","address":"CALLE PIZARRO Nº 19 Plta/Piso 1 Pta/Letra 210, piso 1, puerta 210","postal_code":"11404","places":6,"units":2,"registered":"2019-02-11","catastro":"5646001QA5654F0024UH","holder":null,"holder_count":null}},{"type":"Feature","geometry":{"type":"Point","coordinates":[-6.140105,36.685927]},"properties":{"id":"VUT/CA/06830","type":"VUT","group":"Completa","address":"CALLE Francos Nº 30 Blq. 1 Plta/Piso 2 Pta/Letra d Compl.Dom. edificio Florencia, piso 2, puerta d","postal_code":"11403","places":4,"units":3,"registered":"2019-02-11","catastro":"5641003QA5654B0055XW","holder":null,"holder_count":null}},{"type":"Feature","geometry":{"type":"Point","coordinates":[-6.136156,36.679713]},"properties":{"id":"VUT/CA/06839","type":"VUT","group":"Completa","address":"CALLE Caballeros Nº 34 Plta/Piso 1 Pta/Letra D, piso 1, puerta D","postal_code":"11403","places":6,"units":2,"registered":"2019-02-12","catastro":"6034006QA5663C0009DD","holder":null,"holder_count":null}},{"type":"Feature","geometry":{"type":"Point","coordinates":[-6.139562,36.684383]},"properties":{"id":"VUT/CA/06851","type":"VUT","group":"Por habitaciones","address":"CALLE CARMEN Nº 14","postal_code":"11403","places":1,"units":1,"registered":"2019-02-12","catastro":"5739316QA5653H0001DM","holder":null,"holder_count":null}},{"type":"Feature","geometry":{"type":"Point","coordinates":[-6.118132,36.705584]},"properties":{"id":"VUT/CA/06858","type":"VUT","group":"Completa","address":"CALLE sucre Nº 2 Blq. 5 Plta/Piso 1 Pta/Letra B, piso 1, puerta B","postal_code":"11407","places":6,"units":4,"registered":"2019-02-13","catastro":"7563301QA5676D0142IO","holder":null,"holder_count":null}},{"type":"Feature","geometry":{"type":"Point","coordinates":[-6.139668,36.682545]},"properties":{"id":"VUT/CA/06867","type":"VUT","group":"Completa","address":"CALLE Santa Isabel Nº 6 Plta/Piso 1º Pta/Letra D, piso 1º, puerta D","postal_code":"11403","places":4,"units":2,"registered":"2019-02-14","catastro":"5736001QA5653F0006ZP","holder":null,"holder_count":null}},{"type":"Feature","geometry":{"type":"Point","coordinates":[-6.141539,36.683649]},"properties":{"id":"VUT/CA/06872","type":"VUT","group":"Completa","address":"CALLE BARRANCO Nº 10 Pta/Letra D, puerta D","postal_code":"11403","places":6,"units":3,"registered":"2019-02-14","catastro":"5638822QA5653H0001JM","holder":null,"holder_count":null}},{"type":"Feature","geometry":{"type":"Point","coordinates":[-6.142948,36.682111]},"properties":{"id":"VUT/CA/06897","type":"VUT","group":"Completa","address":"PLAZA PLAZA DEL ARROYO Nº 29 Blq. 29 Plta/Piso 3 Pta/Letra H, piso 3, puerta H","postal_code":"11408","places":2,"units":1,"registered":"2019-02-18","catastro":"5436002QA5653E0038IQ","holder":null,"holder_count":null}},{"type":"Feature","geometry":{"type":"Point","coordinates":[-6.138704,36.680841]},"properties":{"id":"VUT/CA/06900","type":"VUT","group":"Completa","address":"CALLE ARMAS Nº 9 Plta/Piso 1 Pta/Letra C, piso 1, puerta C","postal_code":"11403","places":6,"units":2,"registered":"2019-02-18","catastro":"5835523QA5653F0006AP","holder":null,"holder_count":null}},{"type":"Feature","geometry":{"type":"Point","coordinates":[-6.142951,36.678045]},"properties":{"id":"VUT/CA/06915","type":"VUT","group":"Completa","address":"CALLE MANUEL MARIA Nº 25 Compl.Dom. BARRIADA DE TORRESOTO","postal_code":"11401","places":2,"units":1,"registered":"2019-02-20","catastro":"5432402QA5653A0001XY","holder":null,"holder_count":null}},{"type":"Feature","geometry":{"type":"Point","coordinates":[-6.145204,36.687057]},"properties":{"id":"VUT/CA/06917","type":"VUT","group":"Completa","address":"CALLE MERCED Nº 27 Plta/Piso 6 Compl.Dom. BAJO, piso 6","postal_code":"11404","places":2,"units":1,"registered":"2019-02-21","catastro":"5241020QA5654A0004WE","holder":"TECNIMAR PUERTO S.L.","holder_count":1}},{"type":"Feature","geometry":{"type":"Point","coordinates":[-6.137147,36.682184]},"properties":{"id":"VUT/CA/06922","type":"VUT","group":"Completa","address":"CALLE LANCERIA Nº 15 Plta/Piso 2, piso 2","postal_code":"11402","places":5,"units":3,"registered":"2019-02-21","catastro":"5937413QA5653F0003SU","holder":null,"holder_count":null}},{"type":"Feature","geometry":{"type":"Point","coordinates":[-6.139378,36.682277]},"properties":{"id":"VUT/CA/06946","type":"VUT","group":"Completa","address":"CALLE Santa Isabel Nº 9 Plta/Piso baja, piso baja","postal_code":"11403","places":6,"units":3,"registered":"2019-02-27","catastro":"5737305QA5653F0003WU","holder":null,"holder_count":null}},{"type":"Feature","geometry":{"type":"Point","coordinates":[-6.140587,36.687315]},"properties":{"id":"VUT/CA/06959","type":"VUT","group":"Completa","address":"CALLE CHANCILLERIA Nº 3 Plta/Piso 1 Pta/Letra ESTUDIO 1, piso 1, puerta ESTUDIO 1","postal_code":"11403","places":2,"units":1,"registered":"2019-03-05","catastro":"5642403QA5654B0080DK","holder":null,"holder_count":null}},{"type":"Feature","geometry":{"type":"Point","coordinates":[-6.136206,36.686838]},"properties":{"id":"VUT/CA/06962","type":"VUT","group":"Completa","address":"CALLE ROSARIO Nº 8 Plta/Piso 1 Pta/Letra 7, piso 1, puerta 7","postal_code":"11402","places":6,"units":3,"registered":"2019-03-06","catastro":"6041004QA5664A0007DP","holder":"SALGAR1974, SL","holder_count":3}},{"type":"Feature","geometry":{"type":"Point","coordinates":[-6.131475,36.678354]},"properties":{"id":"VUT/CA/06969","type":"VUT","group":"Completa","address":"CALLE SOL Nº 57 Plta/Piso BAJO Pta/Letra D, piso BAJO, puerta D","postal_code":"11401","places":4,"units":2,"registered":"2019-03-06","catastro":"6532108QA5663C0001MT","holder":null,"holder_count":null}},{"type":"Feature","geometry":{"type":"Point","coordinates":[-6.149565,36.695693]},"properties":{"id":"VUT/CA/06970","type":"VUT","group":"Completa","address":"PLAZA SOLERA Blq. 1 Plta/Piso 1 Pta/Letra B Compl.Dom. BARRIADA LAS TORRES, piso 1, puerta B","postal_code":"11404","places":6,"units":2,"registered":"2019-03-06","catastro":"4851103QA5645B0002JM","holder":null,"holder_count":null}},{"type":"Feature","geometry":{"type":"Point","coordinates":[-6.130981,36.678658]},"properties":{"id":"VUT/CA/06981","type":"VUT","group":"Por habitaciones","address":"CALLE Campana Nº 42","postal_code":"11401","places":6,"units":3,"registered":"2019-03-11","catastro":"6532120QA5663C0001IT","holder":null,"holder_count":null}},{"type":"Feature","geometry":{"type":"Point","coordinates":[-6.143551,36.685708]},"properties":{"id":"VUT/CA/06992","type":"VUT","group":"Completa","address":"CALLE LIEBRE Nº 9 Plta/Piso 1 Pta/Letra 14 Compl.Dom. PALACIO CARRIZOSA, piso 1, puerta 14","postal_code":"11403","places":5,"units":2,"registered":"2019-03-12","catastro":"5440009QA5654A0014SP","holder":null,"holder_count":null}},{"type":"Feature","geometry":{"type":"Point","coordinates":[-6.130115,36.691702]},"properties":{"id":"VUT/CA/06994","type":"VUT","group":"Completa","address":"CALLE Isabelita Ruiz Nº 1","postal_code":"11405","places":4,"units":2,"registered":"2019-03-12","catastro":"6548405QA5664H0011AT","holder":null,"holder_count":null}},{"type":"Feature","geometry":{"type":"Point","coordinates":[-6.139929,36.684415]},"properties":{"id":"VUT/CA/07010","type":"VUT","group":"Completa","address":"CALLE Castellanos Nº 6 Plta/Piso 1ª Pta/Letra A, piso 1ª, puerta A","postal_code":"11403","places":6,"units":4,"registered":"2019-03-14","catastro":"5739705QA5653H0002RQ","holder":null,"holder_count":null}},{"type":"Feature","geometry":{"type":"Point","coordinates":[-6.144872,36.684307]},"properties":{"id":"VUT/CA/07041","type":"VUT","group":"Completa","address":"PLAZA MERCADO Nº 2 Compl.Dom. PLAZA DEL MERCADO, Nº 2 ENTRADA POR CALLE CENIZA","postal_code":"11402","places":4,"units":1,"registered":"2019-03-21","catastro":"5238001QA5653G0007EB","holder":"Benbo Adminnistración y Servicios SL","holder_count":7}},{"type":"Feature","geometry":{"type":"Point","coordinates":[-6.142948,36.682111]},"properties":{"id":"VUT/CA/07044","type":"VUT","group":"Completa","address":"CALLE ARROYO Nº 29 Plta/Piso 2 Pta/Letra F, piso 2, puerta F","postal_code":"11403","places":4,"units":1,"registered":"2019-03-22","catastro":"5436002QA5653E0028QJ","holder":null,"holder_count":null}},{"type":"Feature","geometry":{"type":"Point","coordinates":[-6.13067,36.678313]},"properties":{"id":"VUT/CA/07046","type":"VUT","group":"Completa","address":"CALLE PAÑUELO DE LA YEDRA Nº 3 Pta/Letra 2, puerta 2","postal_code":"11401","places":6,"units":2,"registered":"2019-03-22","catastro":"6532102QA5663C0002HY","holder":null,"holder_count":null}},{"type":"Feature","geometry":{"type":"Point","coordinates":[-6.134479,36.682847]},"properties":{"id":"VUT/CA/07065","type":"VUT","group":"Por habitaciones","address":"CALLE MEDINA Nº 11 Plta/Piso 2 Pta/Letra D, piso 2, puerta D","postal_code":"11402","places":4,"units":2,"registered":"2019-03-29","catastro":"6238609QA5663G0006LM","holder":null,"holder_count":null}},{"type":"Feature","geometry":{"type":"Point","coordinates":[-6.132286,36.679712]},"properties":{"id":"VUT/CA/07072","type":"VUT","group":"Completa","address":"CALLE CAMPANA Nº 15","postal_code":"11401","places":6,"units":3,"registered":"2019-04-01","catastro":"6434016QA5663C0001DT","holder":null,"holder_count":null}},{"type":"Feature","geometry":{"type":"Point","coordinates":[-6.143896,36.693144]},"properties":{"id":"VUT/CA/07073","type":"VUT","group":"Completa","address":"AVENIDA LA SERRANA Nº 7 Plta/Piso 6 Pta/Letra A, piso 6, puerta A","postal_code":"11404","places":4,"units":2,"registered":"2019-04-01","catastro":"5348002QA5654G0011JG","holder":null,"holder_count":null}},{"type":"Feature","geometry":{"type":"Point","coordinates":[-6.142814,36.678301]},"properties":{"id":"VUT/CA/07093","type":"VUT","group":"Completa","address":"CALLE PEDRO NOLASCO Nº 5 Compl.Dom. BARRIADA TORRESOTO","postal_code":"11401","places":4,"units":2,"registered":"2019-04-04","catastro":"5532728QA5653A0001XY","holder":null,"holder_count":null}},{"type":"Feature","geometry":{"type":"Point","coordinates":[-6.133049,36.678019]},"properties":{"id":"VUT/CA/07101","type":"VUT","group":"Completa","address":"CALLE LECHERAS Nº 5 Plta/Piso ATICO Pta/Letra E, piso ATICO, puerta E","postal_code":"11401","places":1,"units":1,"registered":"2019-04-09","catastro":"6332316QA5663A0008UJ","holder":null,"holder_count":null}},{"type":"Feature","geometry":{"type":"Point","coordinates":[-6.133231,36.677384]},"properties":{"id":"VUT/CA/07104","type":"VUT","group":"Completa","address":"CALLE Pavia Nº 4 Plta/Piso 3 Pta/Letra A, piso 3, puerta A","postal_code":"11401","places":4,"units":2,"registered":"2019-04-09","catastro":"6331004QA5663A0016YX","holder":null,"holder_count":null}},{"type":"Feature","geometry":{"type":"Point","coordinates":[-6.097432,36.660628]},"properties":{"id":"VUT/CA/07106","type":"VUT","group":"Completa","address":"CALLE K, urbanización Montealegre alto Nº 9","postal_code":"11406","places":6,"units":3,"registered":"2019-04-09","catastro":"9311710QA5691A0001KA","holder":null,"holder_count":null}},{"type":"Feature","geometry":{"type":"Point","coordinates":[-6.115672,36.674445]},"properties":{"id":"VUT/CA/07115","type":"VUT","group":"Completa","address":"CALLE Tablas de Daimiel Nº 2","postal_code":"11406","places":4,"units":2,"registered":"2019-04-10","catastro":"7828701QA5672H0001FF","holder":null,"holder_count":null}},{"type":"Feature","geometry":{"type":"Point","coordinates":[-6.12992,36.675878]},"properties":{"id":"VUT/CA/07133","type":"VUT","group":"Completa","address":"CALLE Francisco José Blq. 3 Plta/Piso 10 Pta/Letra A1, piso 10, puerta A1","postal_code":"11401","places":6,"units":3,"registered":"2019-04-16","catastro":"6630502QA5663B0039LW","holder":null,"holder_count":null}},{"type":"Feature","geometry":{"type":"Point","coordinates":[-6.138261,36.68095]},"properties":{"id":"VUT/CA/07137","type":"VUT","group":"Completa","address":"CALLE San Agustín Nº 6 Plta/Piso 1, piso 1","postal_code":"11402","places":5,"units":2,"registered":"2019-04-16","catastro":"5835505QA5653F0004HI","holder":null,"holder_count":null}},{"type":"Feature","geometry":{"type":"Point","coordinates":[-6.140521,36.685486]},"properties":{"id":"VUT/CA/07156","type":"VUT","group":"Por habitaciones","address":"CALLE FRANCOS Nº 43 Plta/Piso 1 Pta/Letra A, piso 1, puerta A","postal_code":"11403","places":6,"units":4,"registered":"2019-04-18","catastro":"5640011QA5654B0008UH","holder":null,"holder_count":null}},{"type":"Feature","geometry":{"type":"Point","coordinates":[-6.139054,36.684166]},"properties":{"id":"VUT/CA/07166","type":"VUT","group":"Completa","address":"CALLE CARMEN Nº 6","postal_code":"11403","places":15,"units":6,"registered":"2019-04-22","catastro":"5739312QA5653H0001MM","holder":null,"holder_count":null}},{"type":"Feature","geometry":{"type":"Point","coordinates":[-6.142532,36.682416]},"properties":{"id":"VUT/CA/07171","type":"VUT","group":"Completa","address":"CALLE LEPANTO Nº 6 Plta/Piso 1 Pta/Letra B, piso 1, puerta B","postal_code":"11403","places":6,"units":2,"registered":"2019-04-22","catastro":"5537708QA5653E0004HX","holder":null,"holder_count":null}},{"type":"Feature","geometry":{"type":"Point","coordinates":[-6.136706,36.683711]},"properties":{"id":"VUT/CA/07207","type":"VUT","group":"Completa","address":"CALLE LARGA Nº 23-25 Plta/Piso 2ª Pta/Letra 33, piso 2ª, puerta 33","postal_code":"11403","places":4,"units":2,"registered":"2019-04-22","catastro":"5938309QA5653H0104IY","holder":null,"holder_count":null}},{"type":"Feature","geometry":{"type":"Point","coordinates":[-6.135445,36.684227]},"properties":{"id":"VUT/CA/07220","type":"VUT","group":"Completa","address":"CALLE NARANJAS Nº 10 Plta/Piso Baja Pta/Letra I, piso Baja, puerta I","postal_code":"11402","places":2,"units":1,"registered":"2019-04-22","catastro":"6139023QA5663G0004OZ","holder":null,"holder_count":null}},{"type":"Feature","geometry":{"type":"Point","coordinates":[-6.127566,36.680271]},"properties":{"id":"VUT/CA/07238","type":"VUT","group":"Completa","address":"PLAZA DE LA ESTACION Nº 3 Plta/Piso 1 Pta/Letra C, piso 1, puerta C","postal_code":"11401","places":4,"units":1,"registered":"2019-04-22","catastro":"6834001QA5663D0084QR","holder":"SHERRYFLAT S.L","holder_count":40}},{"type":"Feature","geometry":{"type":"Point","coordinates":[-6.142121,36.682491]},"properties":{"id":"VUT/CA/07248","type":"VUT","group":"Completa","address":"PLAZA del Arroyo Nº 40 Portal D Plta/Piso 1 Pta/Letra C, piso 1, puerta C","postal_code":"11403","places":5,"units":3,"registered":"2019-04-22","catastro":"5537501QA5653F0012LD","holder":"OLE SOLUTIONS HOLIDAY RENTALS S.L.","holder_count":52}},{"type":"Feature","geometry":{"type":"Point","coordinates":[-6.135827,36.68616]},"properties":{"id":"VUT/CA/07273","type":"VUT","group":"Completa","address":"PLAZA ALFONSO SANCHEZ FERRAJON Blq. 2A Portal 1 Plta/Piso 2 Pta/Letra C, piso 2, puerta C","postal_code":"11400","places":6,"units":3,"registered":"2019-04-23","catastro":"6041006QA5664A0066ET","holder":"OLE SOLUTIONS HOLIDAY RENTALS S.L.","holder_count":52}},{"type":"Feature","geometry":{"type":"Point","coordinates":[-6.146105,36.684481]},"properties":{"id":"VUT/CA/07293","type":"VUT","group":"Por habitaciones","address":"CALLE Almendrillo Nº 9 Plta/Piso 1, piso 1","postal_code":"11408","places":4,"units":1,"registered":"2019-04-23","catastro":"5140010QA5654A0001IM","holder":null,"holder_count":null}},{"type":"Feature","geometry":{"type":"Point","coordinates":[-6.145864,36.683742]},"properties":{"id":"VUT/CA/07311","type":"VUT","group":"Completa","address":"CALLE BALDERRAMAS Nº 10 Plta/Piso BAJO Pta/Letra F, piso BAJO, puerta F","postal_code":"11408","places":4,"units":2,"registered":"2019-04-23","catastro":"5138205QA5653G0006IL","holder":null,"holder_count":null}},{"type":"Feature","geometry":{"type":"Point","coordinates":[-6.107369,36.69232]},"properties":{"id":"VUT/CA/07329","type":"VUT","group":"Completa","address":"CALLE Manzana Nº 4 Calif.Nº 18 Plta/Piso 5 Pta/Letra C Compl.Dom. PAU AVENIDA FERNANDO PORTILLO- EDIFICIO TERRAZAS DE CHAPIN, piso 5, puerta C","postal_code":"11405","places":7,"units":3,"registered":"2019-04-23","catastro":"8448801QA5684G0042QE","holder":null,"holder_count":null}},{"type":"Feature","geometry":{"type":"Point","coordinates":[-6.135235,36.687198]},"properties":{"id":"VUT/CA/07360","type":"VUT","group":"Completa","address":"PLAZA San Andres Nº 4 Plta/Piso bajo Pta/Letra 20 Compl.Dom. Edificio Espronceda, piso bajo, puerta 20","postal_code":"11402","places":3,"units":1,"registered":"2019-04-23","catastro":"6042107qa5664c0049ps","holder":null,"holder_count":null}},{"type":"Feature","geometry":{"type":"Point","coordinates":[-6.139701,36.679517]},"properties":{"id":"VUT/CA/07375","type":"VUT","group":"Completa","address":"CALLE juan sanchez Nº 5 Plta/Piso bajo Pta/Letra a, piso bajo, puerta a","postal_code":"11403","places":4,"units":2,"registered":"2019-04-23","catastro":"5733203QA5653D0001RP","holder":null,"holder_count":null}},{"type":"Feature","geometry":{"type":"Point","coordinates":[-6.140508,36.687429]},"properties":{"id":"VUT/CA/07396","type":"VUT","group":"Completa","address":"CALLE CHANCILLERIA Nº 4 Plta/Piso 1A, piso 1A","postal_code":"11403","places":3,"units":2,"registered":"2019-04-23","catastro":"5642810QA5654B0001PO","holder":null,"holder_count":null}},{"type":"Feature","geometry":{"type":"Point","coordinates":[-6.13858,36.679847]},"properties":{"id":"VUT/CA/07401","type":"VUT","group":"Completa","address":"CALLE GUARNIDOS Nº 2 Portal 2 Plta/Piso 1 Pta/Letra C, piso 1, puerta C","postal_code":"11403","places":4,"units":1,"registered":"2019-04-23","catastro":"5834003QA5653D0005BF","holder":null,"holder_count":null}},{"type":"Feature","geometry":{"type":"Point","coordinates":[-6.133723,36.681189]},"properties":{"id":"VUT/CA/07414","type":"VUT","group":"Completa","address":"PLAZA Angustias Nº 2 Plta/Piso 2 Pta/Letra 7, piso 2, puerta 7","postal_code":"11402","places":4,"units":1,"registered":"2019-04-23","catastro":"6336012QA5663E0010QY","holder":null,"holder_count":null}},{"type":"Feature","geometry":{"type":"Point","coordinates":[-6.137947,36.680962]},"properties":{"id":"VUT/CA/07471","type":"VUT","group":"Completa","address":"CALLE FATE Nº 6 Plta/Piso 1 Pta/Letra A, piso 1, puerta A","postal_code":"11403","places":6,"units":3,"registered":"2019-04-24","catastro":"5935006qa5653f0002ky","holder":null,"holder_count":null}},{"type":"Feature","geometry":{"type":"Point","coordinates":[-6.121969,36.705515]},"properties":{"id":"VUT/CA/07502","type":"VUT","group":"Por habitaciones","address":"CALLE DE LA HABANA Nº 20 Compl.Dom. URB. ALTILLO PARQUE","postal_code":"11407","places":3,"units":1,"registered":"2019-04-26","catastro":"7262303qa5676a0028aj","holder":null,"holder_count":null}},{"type":"Feature","geometry":{"type":"Point","coordinates":[-6.139261,36.682721]},"properties":{"id":"VUT/CA/07526","type":"VUT","group":"Completa","address":"CALLE AMARGURA Nº 11 Plta/Piso 1 Pta/Letra 7, piso 1, puerta 7","postal_code":"11403","places":3,"units":1,"registered":"2019-04-30","catastro":"5837710QA5653F0008PS","holder":null,"holder_count":null}},{"type":"Feature","geometry":{"type":"Point","coordinates":[-6.126675,36.688341]},"properties":{"id":"VUT/CA/07557","type":"VUT","group":"Completa","address":"CALLE PABLO NERUDA Nº 3 Blq. 1 Plta/Piso 5º Pta/Letra A Compl.Dom. RESIDENCIAL CAMPANALES, piso 5º, puerta A","postal_code":"11405","places":4,"units":2,"registered":"2019-05-05","catastro":"6843901QA5664D0014KK","holder":null,"holder_count":null}},{"type":"Feature","geometry":{"type":"Point","coordinates":[-6.135543,36.677578]},"properties":{"id":"VUT/CA/07558","type":"VUT","group":"Completa","address":"CALLE RONDA DE MULEROS Blq. 29 Portal 29 Esc. SOTANO Plta/Piso 1 Pta/Letra A, piso 1, puerta A","postal_code":"11401","places":4,"units":2,"registered":"2019-05-05","catastro":"6131807QA5663A0034QA","holder":null,"holder_count":null}},{"type":"Feature","geometry":{"type":"Point","coordinates":[-6.124975,36.674809]},"properties":{"id":"VUT/CA/07561","type":"VUT","group":"Completa","address":"CALLE Venerable Vargas Nº 21 Plta/Piso 2 Pta/Letra B, piso 2, puerta B","postal_code":"11401","places":5,"units":3,"registered":"2019-05-06","catastro":"7029401QA5672G0006UP","holder":null,"holder_count":null}},{"type":"Feature","geometry":{"type":"Point","coordinates":[-6.128102,36.692792]},"properties":{"id":"VUT/CA/07564","type":"VUT","group":"Completa","address":"AVENIDA MEJICO Nº 6 Esc. 2 Plta/Piso 1 Pta/Letra 11, piso 1, puerta 11","postal_code":"11405","places":4,"units":1,"registered":"2019-05-07","catastro":"6849018QA5664H0161SB","holder":null,"holder_count":null}},{"type":"Feature","geometry":{"type":"Point","coordinates":[-6.134733,36.705439]},"properties":{"id":"VUT/CA/07580","type":"VUT","group":"Por habitaciones","address":"CALLE JACARANDA Nº 3","postal_code":"11407","places":6,"units":5,"registered":"2019-05-07","catastro":"6162005QA5666A0001FG","holder":null,"holder_count":null}},{"type":"Feature","geometry":{"type":"Point","coordinates":[-6.106156,36.710412]},"properties":{"id":"VUT/CA/07608","type":"VUT","group":"Completa","address":"CALLE Séneca Nº 4 Esc. 7 Plta/Piso 2 Pta/Letra a Compl.Dom. Urbanizacion Jardines de Pozoalbero, piso 2, puerta a","postal_code":"11407","places":2,"units":2,"registered":"2019-05-09","catastro":"8670602QA5687B0122JZ","holder":"Inversiones Avemar,S.L.","holder_count":1}},{"type":"Feature","geometry":{"type":"Point","coordinates":[-6.125787,36.688142]},"properties":{"id":"VUT/CA/07611","type":"VUT","group":"Completa","address":"CALLE batalla de sotillo Nº 14","postal_code":"11405","places":15,"units":12,"registered":"2019-05-09","catastro":"6943315QA5664D0001YI","holder":"BAHIA SIERRA SL","holder_count":2}},{"type":"Feature","geometry":{"type":"Point","coordinates":[-6.117578,36.6824]},"properties":{"id":"VUT/CA/07627","type":"VUT","group":"Completa","address":"PASEO DE LAS DELICIAS Blq. 1 Esc. 1 Plta/Piso 5 Pta/Letra A Compl.Dom. EDIF. LOS INFANTES, piso 5, puerta A","postal_code":"11406","places":4,"units":2,"registered":"2019-05-10","catastro":"7637404qa5673f0027ep","holder":null,"holder_count":null}},{"type":"Feature","geometry":{"type":"Point","coordinates":[-6.139531,36.671133]},"properties":{"id":"VUT/CA/07631","type":"VUT","group":"Por habitaciones","address":"CALLE MIGUEL RODRIGUEZ BERNAL Nº 2 Portal 3 Plta/Piso BJ Pta/Letra D, piso BJ, puerta D","postal_code":"11408","places":5,"units":2,"registered":"2019-05-10","catastro":"5724102QA5652D0036PL","holder":null,"holder_count":null}},{"type":"Feature","geometry":{"type":"Point","coordinates":[-6.133723,36.681189]},"properties":{"id":"VUT/CA/07722","type":"VUT","group":"Completa","address":"PLAZA LAS ANGUSTIAS Nº 2 Plta/Piso 1 Pta/Letra 1, piso 1, puerta 1","postal_code":"11402","places":2,"units":1,"registered":"2019-05-22","catastro":"6336012QA5663E0004ZE","holder":null,"holder_count":null}},{"type":"Feature","geometry":{"type":"Point","coordinates":[-6.142874,36.685472]},"properties":{"id":"VUT/CA/07760","type":"VUT","group":"Completa","address":"CALLE LIEBRE Nº 1-3 Plta/Piso BAJA Pta/Letra 13 Compl.Dom. RESIDENCIAL SIGLO XII, piso BAJA, puerta 13","postal_code":"11403","places":4,"units":2,"registered":"2019-05-26","catastro":"5440006QA5654A0096BX","holder":null,"holder_count":null}},{"type":"Feature","geometry":{"type":"Point","coordinates":[-6.138635,36.691358]},"properties":{"id":"VUT/CA/07829","type":"VUT","group":"Completa","address":"AVENIDA DUQUE DE ABRANTES Nº 1 Calif.Nº DPDO. Blq. 1 Plta/Piso 1 Pta/Letra B, piso 1, puerta B","postal_code":"11403","places":4,"units":2,"registered":"2019-05-31","catastro":"5848009QA5654H0077LE","holder":null,"holder_count":null}},{"type":"Feature","geometry":{"type":"Point","coordinates":[-6.135827,36.68616]},"properties":{"id":"VUT/CA/07905","type":"VUT","group":"Completa","address":"PLAZA Alfonso Sánchez Ferrajón Nº 2 Portal B Plta/Piso Bajo Pta/Letra A, piso Bajo, puerta A","postal_code":"11403","places":8,"units":4,"registered":"2019-06-06","catastro":"6041006QA5664A0094XQ","holder":null,"holder_count":null}},{"type":"Feature","geometry":{"type":"Point","coordinates":[-6.139767,36.683918]},"properties":{"id":"VUT/CA/08033","type":"VUT","group":"Completa","address":"APARTAMENTO Plaza del Carmen Nº 9 Esc. 1 Plta/Piso 01 Pta/Letra 06 Compl.Dom. Referencia catastral 5738002QA5653H0006JT, piso 01, puerta 06","postal_code":"11403","places":5,"units":2,"registered":"2019-06-17","catastro":"5738002QA5653H0006JT","holder":null,"holder_count":null}},{"type":"Feature","geometry":{"type":"Point","coordinates":[-6.133507,36.683108]},"properties":{"id":"VUT/CA/08039","type":"VUT","group":"Completa","address":"CALLE PRIETA Nº 12 Plta/Piso BAJO Pta/Letra D, piso BAJO, puerta D","postal_code":"11402","places":8,"units":4,"registered":"2019-06-17","catastro":"6237206QA5663E0002DQ","holder":null,"holder_count":null}},{"type":"Feature","geometry":{"type":"Point","coordinates":[-6.137662,36.679022]},"properties":{"id":"VUT/CA/08065","type":"VUT","group":"Completa","address":"CALLE SANTA CLARA Nº 3 Plta/Piso 1 Pta/Letra A, piso 1, puerta A","postal_code":"11403","places":3,"units":1,"registered":"2019-06-20","catastro":"5933501QA5653D0005OF","holder":null,"holder_count":null}},{"type":"Feature","geometry":{"type":"Point","coordinates":[-6.130591,36.67681]},"properties":{"id":"VUT/CA/08067","type":"VUT","group":"Completa","address":"CALLE LEONES Nº 3 Plta/Piso BAJO Pta/Letra G, piso BAJO, puerta G","postal_code":"11401","places":4,"units":1,"registered":"2019-06-20","catastro":"6631022QA5663B0007GW","holder":null,"holder_count":null}},{"type":"Feature","geometry":{"type":"Point","coordinates":[-6.133555,36.704959]},"properties":{"id":"VUT/CA/08083","type":"VUT","group":"Completa","address":"AVENIDA MARIA AUXILIADORA Nº 21 Calif.Nº 1","postal_code":"11407","places":8,"units":3,"registered":"2019-06-21","catastro":"6262603QA5666A0001SG","holder":null,"holder_count":null}},{"type":"Feature","geometry":{"type":"Point","coordinates":[-6.143384,36.686009]},"properties":{"id":"VUT/CA/08110","type":"VUT","group":"Completa","address":"CALLE Salas Nº 8 Portal 1 Pta/Letra 2, puerta 2","postal_code":"11403","places":5,"units":3,"registered":"2019-06-26","catastro":"5441010QA5654A0033SM","holder":null,"holder_count":null}},{"type":"Feature","geometry":{"type":"Point","coordinates":[-6.13784,36.681089]},"properties":{"id":"VUT/CA/08119","type":"VUT","group":"Completa","address":"PLAZA ARENAL Nº 10 Plta/Piso 2, piso 2","postal_code":"11403","places":2,"units":1,"registered":"2019-06-25","catastro":"5935009QA5653F0003MU","holder":null,"holder_count":null}},{"type":"Feature","geometry":{"type":"Point","coordinates":[-6.146079,36.684214]},"properties":{"id":"VUT/CA/08130","type":"VUT","group":"Completa","address":"CALLE ALMENDRILLO Nº 3 Plta/Piso 1 Pta/Letra I, piso 1, puerta I","postal_code":"11408","places":4,"units":4,"registered":"2019-06-26","catastro":"5138210QA5653G0009YX","holder":null,"holder_count":null}},{"type":"Feature","geometry":{"type":"Point","coordinates":[-6.121674,36.683622]},"properties":{"id":"VUT/CA/08142","type":"VUT","group":"Completa","address":"CALLE MAGALLANES Nº 6 Plta/Piso 2 Pta/Letra 2 Compl.Dom. BARRIO DE LA VID, piso 2, puerta 2","postal_code":"11406","places":6,"units":2,"registered":"2019-06-26","catastro":"7339036QA5673G0004RW","holder":null,"holder_count":null}},{"type":"Feature","geometry":{"type":"Point","coordinates":[-6.132694,36.67736]},"properties":{"id":"VUT/CA/08181","type":"VUT","group":"Completa","address":"CALLE SAN JUSTO Nº 16 Plta/Piso BAJO Pta/Letra D, piso BAJO, puerta D","postal_code":"11401","places":10,"units":3,"registered":"2019-07-02","catastro":"6431701QA5663A0004DD","holder":null,"holder_count":null}},{"type":"Feature","geometry":{"type":"Point","coordinates":[-6.138728,36.695474]},"properties":{"id":"VUT/CA/08195","type":"VUT","group":"Completa","address":"CALLE CAROLINA GALLEGOS Nº 6 Portal 1 Plta/Piso BAJO Pta/Letra IZQUI. Compl.Dom. URBANIZACION LA UNION, piso BAJO, puerta IZQUI.","postal_code":"11407","places":6,"units":2,"registered":"2019-07-02","catastro":"5751302QA5655B0002FR","holder":null,"holder_count":null}},{"type":"Feature","geometry":{"type":"Point","coordinates":[-6.139261,36.682721]},"properties":{"id":"VUT/CA/08245","type":"VUT","group":"Completa","address":"CALLE AMARGURA Nº 11 Plta/Piso BAJO Pta/Letra 1 Compl.Dom. LOFT, piso BAJO, puerta 1","postal_code":"11403","places":4,"units":1,"registered":"2019-07-05","catastro":"5837710QA5653F0002RY","holder":null,"holder_count":null}},{"type":"Feature","geometry":{"type":"Point","coordinates":[-6.146079,36.684214]},"properties":{"id":"VUT/CA/08268","type":"VUT","group":"Completa","address":"CALLE ALMENDRILLO Nº 3 Plta/Piso BJ Pta/Letra D, piso BJ, puerta D","postal_code":"11408","places":4,"units":2,"registered":"2019-07-08","catastro":"5138210QA5653G0030KA","holder":null,"holder_count":null}},{"type":"Feature","geometry":{"type":"Point","coordinates":[-6.094807,36.691401]},"properties":{"id":"VUT/CA/08276","type":"VUT","group":"Por habitaciones","address":"CALLE CASTILLO DE MEDINA Nº 15 Compl.Dom. URBANIZACION LA MARQUESA","postal_code":"11405","places":2,"units":1,"registered":"2019-07-09","catastro":"9748840QA5694H0001BP","holder":null,"holder_count":null}},{"type":"Feature","geometry":{"type":"Point","coordinates":[-6.141673,36.686368]},"properties":{"id":"VUT/CA/08278","type":"VUT","group":"Completa","address":"CALLE francos Nº 55 Calif.Nº duplicado Plta/Piso bajo, piso bajo","postal_code":"11403","places":8,"units":2,"registered":"2019-07-09","catastro":"5541003QA5654B0001FO","holder":null,"holder_count":null}},{"type":"Feature","geometry":{"type":"Point","coordinates":[-6.131941,36.678207]},"properties":{"id":"VUT/CA/08299","type":"VUT","group":"Completa","address":"CALLE EMPEDRADA Nº 29 Esc. 1 Plta/Piso BAJO Pta/Letra A, piso BAJO, puerta A","postal_code":"11401","places":3,"units":2,"registered":"2019-07-12","catastro":"6433619QA5663C0001DT","holder":null,"holder_count":null}},{"type":"Feature","geometry":{"type":"Point","coordinates":[-6.138639,36.683816]},"properties":{"id":"VUT/CA/08303","type":"VUT","group":"Completa","address":"CALLE BELEN Nº 10 Plta/Piso 1, piso 1","postal_code":"11403","places":4,"units":1,"registered":"2019-07-14","catastro":"5838104QA5653H0001EM","holder":null,"holder_count":null}},{"type":"Feature","geometry":{"type":"Point","coordinates":[-6.132396,36.679671]},"properties":{"id":"VUT/CA/08304","type":"VUT","group":"Completa","address":"CALLE CAMPANA Nº 14 Plta/Piso 1 Pta/Letra D, piso 1, puerta D","postal_code":"11401","places":7,"units":2,"registered":"2019-07-14","catastro":"6433001QA5663C0012MD","holder":null,"holder_count":null}},{"type":"Feature","geometry":{"type":"Point","coordinates":[-6.13754,36.69427]},"properties":{"id":"VUT/CA/08323","type":"VUT","group":"Completa","address":"URBANIZACION LA UNION Nº 4 Blq. 1 Plta/Piso 3 Pta/Letra Dcha Compl.Dom. PARCELA 4, piso 3, puerta Dcha","postal_code":"11403","places":6,"units":3,"registered":"2019-07-17","catastro":"5950001QA5655B0007MO","holder":null,"holder_count":null}},{"type":"Feature","geometry":{"type":"Point","coordinates":[-6.136656,36.694637]},"properties":{"id":"VUT/CA/08324","type":"VUT","group":"Completa","address":"URBANIZACION LA UNION Nº 6 Blq. 4 Plta/Piso BAJO Pta/Letra Dcha Compl.Dom. PARCELA 4, piso BAJO, puerta Dcha","postal_code":"11403","places":6,"units":3,"registered":"2019-07-17","catastro":"5950204QA5655B0001YE","holder":null,"holder_count":null}},{"type":"Feature","geometry":{"type":"Point","coordinates":[-6.114053,36.682207]},"properties":{"id":"VUT/CA/08354","type":"VUT","group":"Completa","address":"CALLE Faisán Nº 22","postal_code":"11406","places":4,"units":1,"registered":"2019-07-20","catastro":"8037112QA5683G0001IE","holder":null,"holder_count":null}},{"type":"Feature","geometry":{"type":"Point","coordinates":[-6.143954,36.689039]},"properties":{"id":"VUT/CA/08363","type":"VUT","group":"Completa","address":"CALLE Moraito Chico Nº 14 Blq. A Plta/Piso baja Pta/Letra 1iz, piso baja, puerta 1iz","postal_code":"11404","places":3,"units":1,"registered":"2019-07-22","catastro":"5344307QA5654C0004RZ","holder":null,"holder_count":null}},{"type":"Feature","geometry":{"type":"Point","coordinates":[-6.140769,36.686823]},"properties":{"id":"VUT/CA/08369","type":"VUT","group":"Completa","address":"CALLE Paralejo Nº 2 Plta/Piso 1 Pta/Letra 9, piso 1, puerta 9","postal_code":"11403","places":4,"units":1,"registered":"2019-07-22","catastro":"5642508QA5654B0014JL","holder":null,"holder_count":null}},{"type":"Feature","geometry":{"type":"Point","coordinates":[-6.130963,36.679292]},"properties":{"id":"VUT/CA/08391","type":"VUT","group":"Completa","address":"CALLE PORVENIR Nº 36 Plta/Piso 2 Pta/Letra C, piso 2, puerta C","postal_code":"11401","places":5,"units":3,"registered":"2019-07-24","catastro":"6533014qa5663d0014gq","holder":null,"holder_count":null}},{"type":"Feature","geometry":{"type":"Point","coordinates":[-6.129126,36.6837]},"properties":{"id":"VUT/CA/08403","type":"VUT","group":"Completa","address":"CALLE FRAY Blq. 4 Portal C Plta/Piso BAJO Pta/Letra B Compl.Dom. RESIDENCIAL LOS ARCOS, piso BAJO, puerta B","postal_code":"11401","places":8,"units":4,"registered":"2019-07-25","catastro":"6639433QA5663H0002MT","holder":null,"holder_count":null}},{"type":"Feature","geometry":{"type":"Point","coordinates":[-6.138635,36.691358]},"properties":{"id":"VUT/CA/08424","type":"VUT","group":"Completa","address":"CALLE PIZARRO Nº 3 Esc. 2 Plta/Piso 3 Pta/Letra A Compl.Dom. RECREO DE LAS CADENAS, ESCALERA 2, 3A, piso 3, puerta A","postal_code":"11404","places":6,"units":3,"registered":"2019-07-29","catastro":"5848009QA5654H0096OH","holder":"EUROPEA MUNTANER 2002 S.L.","holder_count":1}},{"type":"Feature","geometry":{"type":"Point","coordinates":[-6.136156,36.679713]},"properties":{"id":"VUT/CA/08429","type":"VUT","group":"Completa","address":"CALLE CABALLEROS Nº 34 Esc. 1 Plta/Piso 1 Pta/Letra 1, piso 1, puerta 1","postal_code":"11403","places":4,"units":2,"registered":"2019-07-30","catastro":"6034006QA5663C0010AA","holder":"RUIZ SISTEMAS S.L.","holder_count":2}},{"type":"Feature","geometry":{"type":"Point","coordinates":[-6.133723,36.681189]},"properties":{"id":"VUT/CA/08430","type":"VUT","group":"Completa","address":"PLAZA ANGUSTIAS Nº 2 Esc. 1 Plta/Piso 2 Pta/Letra 11, piso 2, puerta 11","postal_code":"11403","places":4,"units":1,"registered":"2019-07-30","catastro":"6336012QA5663E0014TP","holder":"RUIZ SISTEMAS S.L.","holder_count":2}},{"type":"Feature","geometry":{"type":"Point","coordinates":[-6.139568,36.679193]},"properties":{"id":"VUT/CA/08449","type":"VUT","group":"Completa","address":"CALLE Rodrigo de  León Nº 7 Esc. 3 Plta/Piso 2 Pta/Letra F, piso 2, puerta F","postal_code":"11403","places":6,"units":3,"registered":"2019-07-31","catastro":"5833601QA5653D0013EL","holder":null,"holder_count":null}},{"type":"Feature","geometry":{"type":"Point","coordinates":[-6.133003,36.678863]},"properties":{"id":"VUT/CA/08479","type":"VUT","group":"Completa","address":"CALLE MARIÑIGUEZ Nº 8","postal_code":"11402","places":8,"units":3,"registered":"2019-08-02","catastro":"6433632QA5663C0001UT","holder":null,"holder_count":null}},{"type":"Feature","geometry":{"type":"Point","coordinates":[-6.139261,36.682721]},"properties":{"id":"VUT/CA/08490","type":"VUT","group":"Completa","address":"CALLE Amargura Nº 11 Plta/Piso 1 Pta/Letra 5, piso 1, puerta 5","postal_code":"11402","places":4,"units":1,"registered":"2019-08-05","catastro":"5837710QA5653F0006IP","holder":null,"holder_count":null}},{"type":"Feature","geometry":{"type":"Point","coordinates":[-6.136796,36.678583]},"properties":{"id":"VUT/CA/08494","type":"VUT","group":"Completa","address":"CALLE POLLO Nº 11 Plta/Piso 1 Pta/Letra E, piso 1, puerta E","postal_code":"11403","places":4,"units":2,"registered":"2019-08-05","catastro":"6033414QA5663C0023IZ","holder":null,"holder_count":null}},{"type":"Feature","geometry":{"type":"Point","coordinates":[-6.114631,36.691184]},"properties":{"id":"VUT/CA/08516","type":"VUT","group":"Completa","address":"CALLE LISBOA Nº 8","postal_code":"11405","places":9,"units":4,"registered":"2019-08-07","catastro":"7947602QA5674F0002II","holder":"LENCO INGENIEROS Y ECONOMISTAS ASOCIADOS SL","holder_count":1}},{"type":"Feature","geometry":{"type":"Point","coordinates":[-6.143954,36.689039]},"properties":{"id":"VUT/CA/08534","type":"VUT","group":"Completa","address":"CALLE JORGE MANRIQUE Nº 11","postal_code":"11401","places":8,"units":4,"registered":"2019-08-08","catastro":"5344307QA5654C0004RZ","holder":null,"holder_count":null}},{"type":"Feature","geometry":{"type":"Point","coordinates":[-6.140222,36.685738]},"properties":{"id":"VUT/CA/08547","type":"VUT","group":"Completa","address":"PLAZA COMPAÑÍA Nº 9 Plta/Piso 3 Pta/Letra C, piso 3, puerta C","postal_code":"11403","places":12,"units":5,"registered":"2019-08-09","catastro":"5740701QA5654B0008PH","holder":null,"holder_count":null}},{"type":"Feature","geometry":{"type":"Point","coordinates":[-6.139805,36.67828]},"properties":{"id":"VUT/CA/08569","type":"VUT","group":"Completa","address":"AVENIDA TORRESOTO Nº 1 Portal 1 Esc. 1 Plta/Piso 1/21 Pta/Letra 21 Compl.Dom. EDIFICIO TORRESOTO APARTAMENTO 21 GARAJE 32, piso 1/21, puerta 21","postal_code":"11401","places":8,"units":3,"registered":"2019-08-14","catastro":"5732001QA5653B0076RM","holder":null,"holder_count":null}},{"type":"Feature","geometry":{"type":"Point","coordinates":[-6.13858,36.679847]},"properties":{"id":"VUT/CA/08591","type":"VUT","group":"Completa","address":"CALLE GUARNIDOS Nº 2 Plta/Piso 2º Pta/Letra H, piso 2º, puerta H","postal_code":"11403","places":4,"units":1,"registered":"2019-08-19","catastro":"5834003QA5653D0010XH","holder":null,"holder_count":null}},{"type":"Feature","geometry":{"type":"Point","coordinates":[-6.105393,36.704631]},"properties":{"id":"VUT/CA/08595","type":"VUT","group":"Completa","address":"CALLE santa catalina Nº 26 Plta/Piso bajo derec, piso bajo derec","postal_code":"11408","places":4,"units":2,"registered":"2019-08-19","catastro":"8762813QA5686D0001MR","holder":null,"holder_count":null}},{"type":"Feature","geometry":{"type":"Point","coordinates":[-6.139521,36.682993]},"properties":{"id":"VUT/CA/08672","type":"VUT","group":"Completa","address":"CALLE AMARGURA Nº 2","postal_code":"11403","places":5,"units":2,"registered":"2019-08-28","catastro":"5737301QA5653F0003SU","holder":"SHERRYFLAT S.L","holder_count":40}},{"type":"Feature","geometry":{"type":"Point","coordinates":[-6.039002,36.697761]},"properties":{"id":"VUT/CA/08680","type":"VUT","group":"Completa","address":"CALLE JACK NICKLAUS Nº 15","postal_code":"11592","places":4,"units":5,"registered":"2019-08-30","catastro":"4556415QA6645F0001BQ","holder":null,"holder_count":null}},{"type":"Feature","geometry":{"type":"Point","coordinates":[-6.128553,36.70133]},"properties":{"id":"VUT/CA/08682","type":"VUT","group":"Completa","address":"CALLE CONTADORA Nº 3 Esc. 1 Plta/Piso 1 Pta/Letra 4, piso 1, puerta 4","postal_code":"11407","places":10,"units":4,"registered":"2019-08-31","catastro":"6658003QA5665H0003XJ","holder":null,"holder_count":null}},{"type":"Feature","geometry":{"type":"Point","coordinates":[-6.135827,36.68616]},"properties":{"id":"VUT/CA/08710","type":"VUT","group":"Completa","address":"PLAZA ALFONSO SANCHEZ FERRAJON Nº 2A Portal 3 Plta/Piso 2 Pta/Letra B, piso 2, puerta B","postal_code":"11402","places":6,"units":3,"registered":"2019-09-04","catastro":"6041006QA5664A0091LZ","holder":null,"holder_count":null}},{"type":"Feature","geometry":{"type":"Point","coordinates":[-6.145432,36.668618]},"properties":{"id":"VUT/CA/08713","type":"VUT","group":"Por habitaciones","address":"CALLE BELGICA Nº 2 Blq. 7 Plta/Piso BAJO Pta/Letra C, piso BAJO, puerta C","postal_code":"11408","places":2,"units":1,"registered":"2019-09-05","catastro":"5221801QA5652S0092MJ","holder":null,"holder_count":null}},{"type":"Feature","geometry":{"type":"Point","coordinates":[-6.138635,36.691358]},"properties":{"id":"VUT/CA/08724","type":"VUT","group":"Completa","address":"AVENIDA DUQUE DE ABRANTES Nº 1 Calif.Nº DUP Portal 1 Plta/Piso 1 Pta/Letra B, piso 1, puerta B","postal_code":"11403","places":4,"units":2,"registered":"2019-09-06","catastro":"5848009QA5654H0077LE","holder":null,"holder_count":null}},{"type":"Feature","geometry":{"type":"Point","coordinates":[-6.1357,36.680162]},"properties":{"id":"VUT/CA/08733","type":"VUT","group":"Completa","address":"CALLE CABALLEROS Nº 33 Esc. 1 Plta/Piso 1 Pta/Letra N14, piso 1, puerta N14","postal_code":"11403","places":4,"units":1,"registered":"2019-09-09","catastro":"6134006QA5663C0082IH","holder":"SHERRYFLAT S.L","holder_count":40}},{"type":"Feature","geometry":{"type":"Point","coordinates":[-6.134601,36.678245]},"properties":{"id":"VUT/CA/08742","type":"VUT","group":"Completa","address":"CALLE GALVAN Nº 4 Pta/Letra 5, puerta 5","postal_code":"11401","places":4,"units":2,"registered":"2019-09-11","catastro":"6232812QA5663A0005LF","holder":null,"holder_count":null}},{"type":"Feature","geometry":{"type":"Point","coordinates":[-6.139767,36.683918]},"properties":{"id":"VUT/CA/08745","type":"VUT","group":"Completa","address":"CALLE Juan de Abarca Nº 9 Plta/Piso atico Pta/Letra B, piso atico, puerta B","postal_code":"11403","places":6,"units":2,"registered":"2019-09-11","catastro":"5738002QA5653H0010KY","holder":null,"holder_count":null}},{"type":"Feature","geometry":{"type":"Point","coordinates":[-6.125761,36.688229]},"properties":{"id":"VUT/CA/08750","type":"VUT","group":"Completa","address":"CALLE batalla de sotillo Nº 16","postal_code":"11405","places":5,"units":3,"registered":"2019-09-14","catastro":"6943316QA5664D0001GI","holder":"BAHIA SIERRA SL","holder_count":2}},{"type":"Feature","geometry":{"type":"Point","coordinates":[-6.141948,36.67648]},"properties":{"id":"VUT/CA/08752","type":"VUT","group":"Completa","address":"CALLE Dolores Nº 56 Plta/Piso 1 Pta/Letra D, piso 1, puerta D","postal_code":"11401","places":4,"units":2,"registered":"2019-09-15","catastro":"5530003QA5653B0004MK","holder":null,"holder_count":null}},{"type":"Feature","geometry":{"type":"Point","coordinates":[-6.140218,36.684528]},"properties":{"id":"VUT/CA/08760","type":"VUT","group":"Completa","address":"CALLE CARPINTERIA BAJA Nº 8","postal_code":"11403","places":2,"units":1,"registered":"2019-09-17","catastro":"5639306QA5653H0001RM","holder":"PROMAUSIN SL","holder_count":2}},{"type":"Feature","geometry":{"type":"Point","coordinates":[-6.133123,36.68019]},"properties":{"id":"VUT/CA/08762","type":"VUT","group":"Completa","address":"CALLE GRANADOS Nº 3 Compl.Dom. ATICO","postal_code":"11401","places":3,"units":1,"registered":"2019-09-18","catastro":"6334001QA5663C0001TT","holder":null,"holder_count":null}},{"type":"Feature","geometry":{"type":"Point","coordinates":[-6.137205,36.678136]},"properties":{"id":"VUT/CA/08799","type":"VUT","group":"Completa","address":"CALLE Oropesa 6-8 Portal 6 Plta/Piso 3, piso 3","postal_code":"11403","places":10,"units":4,"registered":"2019-09-27","catastro":"5932815QA5653B0005ML","holder":null,"holder_count":null}},{"type":"Feature","geometry":{"type":"Point","coordinates":[-6.129088,36.699673]},"properties":{"id":"VUT/CA/08807","type":"VUT","group":"Completa","address":"CALLE MARQUÉS DE BONANZA Nº 25 Compl.Dom. CASA EL HALCÓN","postal_code":"11407","places":6,"units":3,"registered":"2019-09-30","catastro":"6556006QA5665F0001XB","holder":null,"holder_count":null}},{"type":"Feature","geometry":{"type":"Point","coordinates":[-6.133642,36.686708]},"properties":{"id":"VUT/CA/08811","type":"VUT","group":"Completa","address":"CALLE CLAVEL Nº 5 Calif.Nº 5-7 Plta/Piso BJ Pta/Letra A, piso BJ, puerta A","postal_code":"11402","places":6,"units":3,"registered":"2019-10-01","catastro":"6143015QA5664C0002DM","holder":null,"holder_count":null}},{"type":"Feature","geometry":{"type":"Point","coordinates":[-6.140769,36.686823]},"properties":{"id":"VUT/CA/08883","type":"VUT","group":"Completa","address":"CALLE PARALEJO Nº 2 Pta/Letra 19, puerta 19","postal_code":"11403","places":6,"units":2,"registered":"2019-10-15","catastro":"5642508QA5654B0024QE","holder":null,"holder_count":null}},{"type":"Feature","geometry":{"type":"Point","coordinates":[-6.138635,36.691358]},"properties":{"id":"VUT/CA/08887","type":"VUT","group":"Completa","address":"AVENIDA Duque de Abrantes Nº 1 Esc. 3 Plta/Piso 1 Pta/Letra C, piso 1, puerta C","postal_code":"11407","places":6,"units":3,"registered":"2019-10-15","catastro":"5848009QA5654H0101DB","holder":"SHERRYFLAT S.L","holder_count":40}},{"type":"Feature","geometry":{"type":"Point","coordinates":[-6.1357,36.680162]},"properties":{"id":"VUT/CA/08898","type":"VUT","group":"Completa","address":"CALLE CABALLEROS Nº 33 Portal 1 Pta/Letra N15, puerta N15","postal_code":"11403","places":4,"units":1,"registered":"2019-10-17","catastro":"6134006QA5663C0083OJ","holder":null,"holder_count":null}},{"type":"Feature","geometry":{"type":"Point","coordinates":[-6.108985,36.68269]},"properties":{"id":"VUT/CA/08904","type":"VUT","group":"Por habitaciones","address":"CALLE ANA PARRILLA Nº 1 Portal 6 Plta/Piso ATICO Pta/Letra A, piso ATICO, puerta A","postal_code":"11406","places":6,"units":3,"registered":"2019-10-18","catastro":"8437303QA5683G0122JZ","holder":null,"holder_count":null}},{"type":"Feature","geometry":{"type":"Point","coordinates":[-6.124956,36.685573]},"properties":{"id":"VUT/CA/08930","type":"VUT","group":"Completa","address":"CALLE JORGE BOCUZE Nº 25","postal_code":"11405","places":6,"units":3,"registered":"2019-10-22","catastro":"7141713QA5674A0001WI","holder":null,"holder_count":null}},{"type":"Feature","geometry":{"type":"Point","coordinates":[-6.140184,36.684677]},"properties":{"id":"VUT/CA/08974","type":"VUT","group":"Completa","address":"CALLE JUANA DE DIOS LACOSTE Nº 7","postal_code":"11403","places":15,"units":5,"registered":"2019-10-24","catastro":"5639312QA5653H0001IM","holder":"PROMAUSIN SL","holder_count":2}},{"type":"Feature","geometry":{"type":"Point","coordinates":[-6.138639,36.683816]},"properties":{"id":"VUT/CA/09003","type":"VUT","group":"Completa","address":"CALLE BELEN Nº 10","postal_code":"11403","places":3,"units":1,"registered":"2019-10-26","catastro":"5838104QA5653H0002RQ","holder":null,"holder_count":null}},{"type":"Feature","geometry":{"type":"Point","coordinates":[-6.141974,36.683767]},"properties":{"id":"VUT/CA/09020","type":"VUT","group":"Completa","address":"CALLE Benavente Bajo Nº 3","postal_code":"11403","places":1,"units":2,"registered":"2019-10-28","catastro":"5638615QA5653H0002BQ","holder":null,"holder_count":null}},{"type":"Feature","geometry":{"type":"Point","coordinates":[-6.137879,36.685256]},"properties":{"id":"VUT/CA/09047","type":"VUT","group":"Completa","address":"CALLE TORNERIA Nº 11 Plta/Piso 1 Pta/Letra B, piso 1, puerta B","postal_code":"11403","places":6,"units":3,"registered":"2019-10-29","catastro":"5840306QA5654B0013PK","holder":"SHERRYFLAT S.L","holder_count":40}},{"type":"Feature","geometry":{"type":"Point","coordinates":[-6.136308,36.68794]},"properties":{"id":"VUT/CA/09051","type":"VUT","group":"Por habitaciones","address":"CALLE EGUILUZ Nº 2 Plta/Piso 3 Pta/Letra D, piso 3, puerta D","postal_code":"11402","places":3,"units":1,"registered":"2019-10-29","catastro":"6043004QA5664C0033JX","holder":null,"holder_count":null}},{"type":"Feature","geometry":{"type":"Point","coordinates":[-6.137882,36.68819]},"properties":{"id":"VUT/CA/09054","type":"VUT","group":"Completa","address":"CALLE Beato Juan Grande Nº 11 Calif.Nº DUP","postal_code":"11403","places":6,"units":2,"registered":"2019-10-29","catastro":"5842002QA5654B0003AA","holder":null,"holder_count":null}},{"type":"Feature","geometry":{"type":"Point","coordinates":[-6.137989,36.690251]},"properties":{"id":"VUT/CA/09057","type":"VUT","group":"Completa","address":"CALLE POZO DEL OLIVAR Nº 4 Blq. 1 Plta/Piso 1 Pta/Letra B Compl.Dom. CONJUNTO RESIDENCIAL VALDESPINO, piso 1, puerta B","postal_code":"11403","places":4,"units":2,"registered":"2019-10-29","catastro":"5945039QA5654F0004KW","holder":null,"holder_count":null}},{"type":"Feature","geometry":{"type":"Point","coordinates":[-6.138635,36.691358]},"properties":{"id":"VUT/CA/09088","type":"VUT","group":"Completa","address":"CALLE PIZARRO Nº 3 Esc. 2 Plta/Piso 3 Pta/Letra B Compl.Dom. RECREO DE LAS CADENAS, ESCALERA 2, 3B, piso 3, puerta B","postal_code":"11404","places":6,"units":3,"registered":"2019-11-06","catastro":"5848009QA5654H0097PJ","holder":null,"holder_count":null}},{"type":"Feature","geometry":{"type":"Point","coordinates":[-6.140097,36.684082]},"properties":{"id":"VUT/CA/09090","type":"VUT","group":"Completa","address":"CALLE CASTELLANOS Nº 3 Plta/Piso 3 Pta/Letra 16, piso 3, puerta 16","postal_code":"11403","places":4,"units":1,"registered":"2019-11-07","catastro":"5638203QA5653H0032DX","holder":null,"holder_count":null}},{"type":"Feature","geometry":{"type":"Point","coordinates":[-6.133155,36.679487]},"properties":{"id":"VUT/CA/09114","type":"VUT","group":"Completa","address":"CALLE SOL Nº 25 Plta/Piso 2 Pta/Letra C, piso 2, puerta C","postal_code":"11402","places":4,"units":1,"registered":"2019-11-11","catastro":"6334012QA5663C0009HD","holder":null,"holder_count":null}},{"type":"Feature","geometry":{"type":"Point","coordinates":[-6.114207,36.682027]},"properties":{"id":"VUT/CA/09123","type":"VUT","group":"Completa","address":"CALLE TUCAN Nº 17 Plta/Piso 1 Pta/Letra D, piso 1, puerta D","postal_code":"11406","places":4,"units":1,"registered":"2019-11-12","catastro":"8037138QA5683G0003YT","holder":null,"holder_count":null}},{"type":"Feature","geometry":{"type":"Point","coordinates":[-6.135436,36.684577]},"properties":{"id":"VUT/CA/09151","type":"VUT","group":"Completa","address":"CALLE Naranjas Nº 9 Plta/Piso 1 Pta/Letra 3, piso 1, puerta 3","postal_code":"11402","places":4,"units":2,"registered":"2019-11-14","catastro":"6139706QA5663G0003YB","holder":null,"holder_count":null}},{"type":"Feature","geometry":{"type":"Point","coordinates":[-6.14002,36.679292]},"properties":{"id":"VUT/CA/09153","type":"VUT","group":"Completa","address":"CALLE JUAN SACNHEZ Nº 7 Plta/Piso 1 Pta/Letra A, piso 1, puerta A","postal_code":"11401","places":6,"units":3,"registered":"2019-11-14","catastro":"5733204QA5653D0005JF","holder":"DOÑA PEPA JEREZ, S.L.","holder_count":3}},{"type":"Feature","geometry":{"type":"Point","coordinates":[-6.14002,36.679292]},"properties":{"id":"VUT/CA/09155","type":"VUT","group":"Completa","address":"CALLE JUAN SANCHEZ Nº 7 Plta/Piso 1 Pta/Letra B, piso 1, puerta B","postal_code":"11401","places":6,"units":3,"registered":"2019-11-14","catastro":"5733204QA5653D0006KG","holder":"DOÑA PEPA JEREZ, S.L.","holder_count":3}},{"type":"Feature","geometry":{"type":"Point","coordinates":[-6.14002,36.679292]},"properties":{"id":"VUT/CA/09156","type":"VUT","group":"Completa","address":"CALLE JUAN SANCHEZ Nº 7 Plta/Piso 1 Pta/Letra C, piso 1, puerta C","postal_code":"11401","places":4,"units":2,"registered":"2019-11-14","catastro":"5733204QA5653D0007LH","holder":null,"holder_count":null}},{"type":"Feature","geometry":{"type":"Point","coordinates":[-6.14002,36.679292]},"properties":{"id":"VUT/CA/09157","type":"VUT","group":"Completa","address":"CALLE JUAN SANCHEZ Nº 7 Plta/Piso 1 Pta/Letra E, piso 1, puerta E","postal_code":"11401","places":4,"units":2,"registered":"2019-11-14","catastro":"5733204QA5653D0009ZK","holder":null,"holder_count":null}},{"type":"Feature","geometry":{"type":"Point","coordinates":[-6.142874,36.685472]},"properties":{"id":"VUT/CA/09174","type":"VUT","group":"Por habitaciones","address":"CALLE Liebre Nº 1 Pta/Letra 33, puerta 33","postal_code":"11403","places":4,"units":2,"registered":"2019-11-18","catastro":"5440006QA5654A0116DG","holder":null,"holder_count":null}},{"type":"Feature","geometry":{"type":"Point","coordinates":[-6.136706,36.683711]},"properties":{"id":"VUT/CA/09232","type":"VUT","group":"Completa","address":"CALLE LARGA Nº 23 Pta/Letra 59 Compl.Dom. APARTAMENTOS LOS CISNES, puerta 59","postal_code":"11402","places":3,"units":1,"registered":"2019-11-21","catastro":"5938309QA5653H0130WM","holder":null,"holder_count":null}},{"type":"Feature","geometry":{"type":"Point","coordinates":[-6.133873,36.683447]},"properties":{"id":"VUT/CA/09278","type":"VUT","group":"Completa","address":"CALLE Arcos Nº 20","postal_code":"11402","places":6,"units":2,"registered":"2019-11-25","catastro":"6238602QA5663G0001BK","holder":null,"holder_count":null}},{"type":"Feature","geometry":{"type":"Point","coordinates":[-6.129402,36.701127]},"properties":{"id":"VUT/CA/09299","type":"VUT","group":"Completa","address":"AVENIDA DE LEBRIJA Nº 2 Blq. 2 Plta/Piso 6 Pta/Letra 11 Compl.Dom. URBANIZACION EL PAQUETE, piso 6, puerta 11","postal_code":"11407","places":6,"units":3,"registered":"2019-11-26","catastro":"6558502QA5665H0043MX","holder":null,"holder_count":null}},{"type":"Feature","geometry":{"type":"Point","coordinates":[-6.132184,36.686279]},"properties":{"id":"VUT/CA/09308","type":"VUT","group":"Completa","address":"CALLE CLAVEL Nº 21 Plta/Piso 1º Pta/Letra D, piso 1º, puerta D","postal_code":"11402","places":4,"units":1,"registered":"2019-11-26","catastro":"6443013QA5664C0007XT","holder":null,"holder_count":null}},{"type":"Feature","geometry":{"type":"Point","coordinates":[-6.134543,36.689098]},"properties":{"id":"VUT/CA/09333","type":"VUT","group":"Por habitaciones","address":"CALLE CALLE SANTO DOMINGO Nº 10-12 Blq. 1º Plta/Piso 3ª Pta/Letra E, piso 3ª, puerta E","postal_code":"11402","places":4,"units":2,"registered":"2019-11-27","catastro":"6244617QA5664C0017KS","holder":null,"holder_count":null}},{"type":"Feature","geometry":{"type":"Point","coordinates":[-6.13376,36.685948]},"properties":{"id":"VUT/CA/09334","type":"VUT","group":"Completa","address":"CALLE VALIENTES Nº 16-18 Pta/Letra 4D, puerta 4D","postal_code":"11402","places":4,"units":2,"registered":"2019-11-27","catastro":"6341624QA5664A0008WA","holder":null,"holder_count":null}},{"type":"Feature","geometry":{"type":"Point","coordinates":[-6.140769,36.686823]},"properties":{"id":"VUT/CA/09369","type":"VUT","group":"Completa","address":"CALLE PARALEJO Nº 2 Plta/Piso 1 Pta/Letra 11, piso 1, puerta 11","postal_code":"11403","places":4,"units":2,"registered":"2019-12-02","catastro":"5642508QA5654B0016LZ","holder":null,"holder_count":null}},{"type":"Feature","geometry":{"type":"Point","coordinates":[-6.1315,36.683836]},"properties":{"id":"VUT/CA/09376","type":"VUT","group":"Completa","address":"CALLE ARCOS Nº 44 Plta/Piso 1 Pta/Letra L Compl.Dom. EDIFICIO LARRIVA, piso 1, puerta L","postal_code":"11401","places":3,"units":2,"registered":"2019-12-02","catastro":"6538001QA5663H0081LF","holder":null,"holder_count":null}},{"type":"Feature","geometry":{"type":"Point","coordinates":[-6.137142,36.680942]},"properties":{"id":"VUT/CA/09398","type":"VUT","group":"Completa","address":"CALLE CABALLEROS Nº 10 Plta/Piso 1, piso 1","postal_code":"11403","places":4,"units":2,"registered":"2019-12-03","catastro":"5935206QA5653F0004TI","holder":null,"holder_count":null}},{"type":"Feature","geometry":{"type":"Point","coordinates":[-6.137974,36.682664]},"properties":{"id":"VUT/CA/09402","type":"VUT","group":"Completa","address":"CALLE CONSISTORIO Nº 12 Plta/Piso 2 Pta/Letra C, piso 2, puerta C","postal_code":"11403","places":2,"units":1,"registered":"2019-12-03","catastro":"5937018QA5653F0008MS","holder":null,"holder_count":null}},{"type":"Feature","geometry":{"type":"Point","coordinates":[-6.132735,36.678247]},"properties":{"id":"VUT/CA/09410","type":"VUT","group":"Completa","address":"CALLE EMPEDRADA Nº 18 Plta/Piso 1 Pta/Letra A, piso 1, puerta A","postal_code":"11401","places":4,"units":2,"registered":"2019-12-03","catastro":"6332304QA5663A0005GF","holder":null,"holder_count":null}},{"type":"Feature","geometry":{"type":"Point","coordinates":[-6.139552,36.699358]},"properties":{"id":"VUT/CA/09414","type":"VUT","group":"Completa","address":"CALLE DOCTOR FLEMING Portal 15 Plta/Piso 2 Pta/Letra B, piso 2, puerta B","postal_code":"11407","places":7,"units":3,"registered":"2019-12-04","catastro":"5755803QA5655F0010XX","holder":null,"holder_count":null}},{"type":"Feature","geometry":{"type":"Point","coordinates":[-6.140222,36.685738]},"properties":{"id":"VUT/CA/09442","type":"VUT","group":"Completa","address":"PLAZA Compañía Nº 9 Plta/Piso 3 Pta/Letra C, piso 3, puerta C","postal_code":"11403","places":12,"units":5,"registered":"2019-12-10","catastro":"5740701QA5654B0008PH","holder":null,"holder_count":null}},{"type":"Feature","geometry":{"type":"Point","coordinates":[-6.136598,36.684892]},"properties":{"id":"VUT/CA/09450","type":"VUT","group":"Completa","address":"CALLE LARGA Nº 55 Plta/Piso 1, piso 1","postal_code":"11402","places":11,"units":4,"registered":"2019-12-11","catastro":"5940010QA5654B0002FP","holder":null,"holder_count":null}},{"type":"Feature","geometry":{"type":"Point","coordinates":[-6.136346,36.683963]},"properties":{"id":"VUT/CA/09469","type":"VUT","group":"Completa","address":"CALLE Larga Nº 28 Plta/Piso 1 Pta/Letra A, piso 1, puerta A","postal_code":"11402","places":8,"units":3,"registered":"2019-12-12","catastro":"6038030QA5663G0003QB","holder":null,"holder_count":null}},{"type":"Feature","geometry":{"type":"Point","coordinates":[-6.140086,36.686201]},"properties":{"id":"VUT/CA/09480","type":"VUT","group":"Completa","address":"EDIFICIO Plaza Compania Nº 1 Portal 3 Plta/Piso Bajo Pta/Letra 2E, piso Bajo, puerta 2E","postal_code":"11403","places":10,"units":3,"registered":"2019-12-13","catastro":"5741333QA5654B0037LD","holder":null,"holder_count":null}},{"type":"Feature","geometry":{"type":"Point","coordinates":[-6.143082,36.688147]},"properties":{"id":"VUT/CA/09487","type":"VUT","group":"Completa","address":"PLAZA SANTIAGO Nº 10","postal_code":"11404","places":4,"units":1,"registered":"2019-12-13","catastro":"5443007QA5654C0001XK","holder":null,"holder_count":null}},{"type":"Feature","geometry":{"type":"Point","coordinates":[-6.139261,36.682721]},"properties":{"id":"VUT/CA/09531","type":"VUT","group":"Completa","address":"CALLE AMARGURA Nº 11 Plta/Piso 1ª Pta/Letra 6, piso 1ª, puerta 6","postal_code":"11403","places":4,"units":1,"registered":"2019-12-17","catastro":"5837710QA5653F0007OA","holder":null,"holder_count":null}},{"type":"Feature","geometry":{"type":"Point","coordinates":[-6.137775,36.677996]},"properties":{"id":"VUT/CA/09544","type":"VUT","group":"Completa","address":"CALLE RONDA MULEROS Nº 6 Portal 3 Plta/Piso 2 Pta/Letra C, piso 2, puerta C","postal_code":"11401","places":6,"units":2,"registered":"2019-12-18","catastro":"5932605QA5653B0042MZ","holder":null,"holder_count":null}},{"type":"Feature","geometry":{"type":"Point","coordinates":[-6.139306,36.683332]},"properties":{"id":"VUT/CA/09562","type":"VUT","group":"Completa","address":"CALLE JOSE LUIS DÍEZ Nº 10 Portal 2 Esc. 2 Plta/Piso 2 Pta/Letra A, piso 2, puerta A","postal_code":"11403","places":8,"units":3,"registered":"2019-12-30","catastro":"5738004QA5653H0039DY","holder":null,"holder_count":null}},{"type":"Feature","geometry":{"type":"Point","coordinates":[-6.135693,36.681182]},"properties":{"id":"VUT/CA/09569","type":"VUT","group":"Completa","address":"CALLE CORREDERA Nº 31","postal_code":"11402","places":6,"units":2,"registered":"2020-01-03","catastro":"6136023QA5663E0001FM","holder":null,"holder_count":null}},{"type":"Feature","geometry":{"type":"Point","coordinates":[-6.136024,36.684235]},"properties":{"id":"VUT/CA/09573","type":"VUT","group":"Completa","address":"CALLE HONDA Nº 15 Plta/Piso 2 Pta/Letra B, piso 2, puerta B","postal_code":"11402","places":4,"units":1,"registered":"2020-01-03","catastro":"6038005QA5663G0016TU","holder":null,"holder_count":null}},{"type":"Feature","geometry":{"type":"Point","coordinates":[-6.136706,36.683711]},"properties":{"id":"VUT/CA/09577","type":"VUT","group":"Completa","address":"CALLE LARGA Nº 23 Plta/Piso 2 Pta/Letra 20, piso 2, puerta 20","postal_code":"11403","places":2,"units":1,"registered":"2020-01-03","catastro":"5938309QA5653H0091LJ","holder":null,"holder_count":null}},{"type":"Feature","geometry":{"type":"Point","coordinates":[-6.144061,36.688801]},"properties":{"id":"VUT/CA/09578","type":"VUT","group":"Completa","address":"CALLE MORAITO CHICO (ANTES CALLE BARRERAS) Nº 9 Plta/Piso BAJO Pta/Letra IZQUIERDA, piso BAJO, puerta IZQUIERDA","postal_code":"11404","places":4,"units":2,"registered":"2020-01-04","catastro":"5343104QA5654C0007DQ","holder":null,"holder_count":null}},{"type":"Feature","geometry":{"type":"Point","coordinates":[-6.144061,36.688801]},"properties":{"id":"VUT/CA/09579","type":"VUT","group":"Completa","address":"CALLE MORAITO CHICO (ANTES CALLE BARRERAS) Nº 9 Plta/Piso 1 Pta/Letra DERECHA, piso 1, puerta DERECHA","postal_code":"11404","places":4,"units":2,"registered":"2020-01-04","catastro":"5343104QA5654C0006SM","holder":null,"holder_count":null}},{"type":"Feature","geometry":{"type":"Point","coordinates":[-6.138387,36.683913]},"properties":{"id":"VUT/CA/09592","type":"VUT","group":"Completa","address":"PLAZA Plaza Plateros Nº 14","postal_code":"11403","places":4,"units":2,"registered":"2020-01-07","catastro":"5838206QA5653H0001WM","holder":"Arenas y Aridos Pueblos Blancos S.L","holder_count":1}},{"type":"Feature","geometry":{"type":"Point","coordinates":[-6.140687,36.682139]},"properties":{"id":"VUT/CA/09593","type":"VUT","group":"Por habitaciones","address":"CALLE calle visitacion Nº 11 Pta/Letra B, puerta B","postal_code":"11403","places":2,"units":1,"registered":"2020-01-07","catastro":"5736015QA5653F0001MT","holder":null,"holder_count":null}},{"type":"Feature","geometry":{"type":"Point","coordinates":[-6.140687,36.682139]},"properties":{"id":"VUT/CA/09594","type":"VUT","group":"Por habitaciones","address":"CALLE Visitacion Nº 11","postal_code":"11403","places":2,"units":1,"registered":"2020-01-07","catastro":"5736015QA5653F0001MT","holder":null,"holder_count":null}},{"type":"Feature","geometry":{"type":"Point","coordinates":[-6.143444,36.68391]},"properties":{"id":"VUT/CA/09595","type":"VUT","group":"Completa","address":"PLAZA BASURTO Nº 10 Plta/Piso 1 Pta/Letra C, piso 1, puerta C","postal_code":"11403","places":2,"units":1,"registered":"2020-01-08","catastro":"5338007QA5653G0009TX","holder":null,"holder_count":null}},{"type":"Feature","geometry":{"type":"Point","coordinates":[-6.09873,36.688345]},"properties":{"id":"VUT/CA/09596","type":"VUT","group":"Completa","address":"AVENIDA REY JUAN CARLOS I Nº 22","postal_code":"11406","places":4,"units":2,"registered":"2020-01-08","catastro":"9344901QA5694C0004EF","holder":null,"holder_count":null}},{"type":"Feature","geometry":{"type":"Point","coordinates":[-6.137701,36.683074]},"properties":{"id":"VUT/CA/09599","type":"VUT","group":"Completa","address":"CALLE ALGARVE Nº 29 Plta/Piso 1 Pta/Letra B, piso 1, puerta B","postal_code":"11403","places":4,"units":2,"registered":"2020-01-09","catastro":"5937003QA5653F0004EI","holder":null,"holder_count":null}},{"type":"Feature","geometry":{"type":"Point","coordinates":[-6.133951,36.682183]},"properties":{"id":"VUT/CA/09603","type":"VUT","group":"Completa","address":"CALLE EVORA Nº 22 Plta/Piso 1 Pta/Letra DCHA, piso 1, puerta DCHA","postal_code":"11402","places":4,"units":1,"registered":"2020-01-09","catastro":"6236325QA5663E0003GW","holder":null,"holder_count":null}},{"type":"Feature","geometry":{"type":"Point","coordinates":[-6.128957,36.680599]},"properties":{"id":"VUT/CA/09612","type":"VUT","group":"Completa","address":"PLAZA MADRE DE DIOS Nº 12 Portal 1 Plta/Piso 2 Pta/Letra A Compl.Dom. EDIFICIO SHERRY, piso 2, puerta A","postal_code":"11401","places":4,"units":1,"registered":"2020-01-12","catastro":"6635006QA5663F0086MQ","holder":null,"holder_count":null}},{"type":"Feature","geometry":{"type":"Point","coordinates":[-6.137904,36.683733]},"properties":{"id":"VUT/CA/09644","type":"VUT","group":"Completa","address":"CALLE Plaza del Progreso Nº 5 Plta/Piso 2 Pta/Letra B, piso 2, puerta B","postal_code":"11403","places":4,"units":2,"registered":"2020-01-16","catastro":"5938701QA5653H0024OJ","holder":null,"holder_count":null}},{"type":"Feature","geometry":{"type":"Point","coordinates":[-6.133155,36.679487]},"properties":{"id":"VUT/CA/09666","type":"VUT","group":"Completa","address":"CALLE SOL Nº 25 Plta/Piso BAJO Pta/Letra B, piso BAJO, puerta B","postal_code":"11402","places":2,"units":1,"registered":"2020-01-20","catastro":"6334012QA5663C0002OY","holder":null,"holder_count":null}},{"type":"Feature","geometry":{"type":"Point","coordinates":[-6.132404,36.683306]},"properties":{"id":"VUT/CA/09672","type":"VUT","group":"Completa","address":"CALLE AVILA Nº 13 Plta/Piso 1 Pta/Letra A, piso 1, puerta A","postal_code":"11401","places":6,"units":3,"registered":"2020-01-20","catastro":"6438013QA5663G0007SQ","holder":null,"holder_count":null}},{"type":"Feature","geometry":{"type":"Point","coordinates":[-6.138554,36.680476]},"properties":{"id":"VUT/CA/09690","type":"VUT","group":"Completa","address":"CALLE SAN AGUSTÍN Nº 16 Plta/Piso 1, piso 1","postal_code":"11403","places":4,"units":1,"registered":"2020-01-21","catastro":"5835511QA5653F0002KY","holder":"SHERRYFLAT S.L","holder_count":40}},{"type":"Feature","geometry":{"type":"Point","coordinates":[-6.142747,36.677901]},"properties":{"id":"VUT/CA/09753","type":"VUT","group":"Completa","address":"CALLE PEDRO NOLASCO Nº 22","postal_code":"11401","places":5,"units":2,"registered":"2020-01-25","catastro":"5431203QA5653A0001KY","holder":null,"holder_count":null}},{"type":"Feature","geometry":{"type":"Point","coordinates":[-6.134543,36.689098]},"properties":{"id":"VUT/CA/09772","type":"VUT","group":"Completa","address":"CALLE SANTO DOMINGO Nº 12 Blq. 1 Plta/Piso 3 Pta/Letra F Compl.Dom. EDIFICIO MAYAGUAYA, piso 3, puerta F","postal_code":"11405","places":4,"units":3,"registered":"2020-01-28","catastro":"6244617QA5664C0018LD","holder":null,"holder_count":null}},{"type":"Feature","geometry":{"type":"Point","coordinates":[-6.144061,36.688801]},"properties":{"id":"VUT/CA/09775","type":"VUT","group":"Completa","address":"CALLE MORAITO CHICO (ANTES CALLE BARRERAS) Nº 9","postal_code":"11405","places":4,"units":2,"registered":"2020-01-28","catastro":"5343104QA5654C0007DQ","holder":"CRISTIRENE, S.L.","holder_count":2}},{"type":"Feature","geometry":{"type":"Point","coordinates":[-6.140769,36.686823]},"properties":{"id":"VUT/CA/09784","type":"VUT","group":"Completa","address":"PLAZA COCHERAS Nº 1 Plta/Piso 1 Pta/Letra 14, piso 1, puerta 14","postal_code":"11403","places":5,"units":2,"registered":"2020-01-28","catastro":"5642508QA5654B0019XQ","holder":null,"holder_count":null}},{"type":"Feature","geometry":{"type":"Point","coordinates":[-6.139016,36.681669]},"properties":{"id":"VUT/CA/09786","type":"VUT","group":"Completa","address":"PLAZA MONTI Nº 7 Esc. 1 Plta/Piso 5 Pta/Letra C, piso 5, puerta C","postal_code":"11403","places":12,"units":5,"registered":"2020-01-28","catastro":"5836010QA5653F0026SQ","holder":"LOFT Y APARTAMENTO JEREZ CENTRO S.L.","holder_count":1}},{"type":"Feature","geometry":{"type":"Point","coordinates":[-6.140045,36.683863]},"properties":{"id":"VUT/CA/09808","type":"VUT","group":"Completa","address":"PLAZA Plaza el Carmen Nº 3 Blq. 3 Plta/Piso Baja Pta/Letra A Compl.Dom. Plaza del Carmen número 3,planta00,puertaA, piso Baja, puerta A","postal_code":"11403","places":4,"units":1,"registered":"2020-01-29","catastro":"5638206QA5653H0004ZE","holder":null,"holder_count":null}},{"type":"Feature","geometry":{"type":"Point","coordinates":[-6.146108,36.671582]},"properties":{"id":"VUT/CA/09849","type":"VUT","group":"Completa","address":"PLAZA ALBARO OBERTOS DE VALETO Blq. 9 Portal 9 Plta/Piso BAJA Pta/Letra 4, piso BAJA, puerta 4","postal_code":"11408","places":5,"units":2,"registered":"2020-01-31","catastro":"5125410QA5652C0005YA","holder":null,"holder_count":null}},{"type":"Feature","geometry":{"type":"Point","coordinates":[-6.146275,36.683389]},"properties":{"id":"VUT/CA/09857","type":"VUT","group":"Completa","address":"CALLE BALDERRAMAS Nº 16","postal_code":"11408","places":4,"units":2,"registered":"2020-02-04","catastro":"5138208QA5653G0007DB","holder":"VALORES HIPOTECARIOS SL","holder_count":1}},{"type":"Feature","geometry":{"type":"Point","coordinates":[-6.14751,36.673725]},"properties":{"id":"VUT/CA/09866","type":"VUT","group":"Completa","address":"CALLE Escritor Antonio Quintero y Ramírez Nº 2 Plta/Piso 2 Pta/Letra C Compl.Dom. Residencial Nuevo jerez, piso 2, puerta C","postal_code":"11408","places":4,"units":2,"registered":"2020-02-04","catastro":"5127301QA5652E0034QE","holder":null,"holder_count":null}},{"type":"Feature","geometry":{"type":"Point","coordinates":[-6.140508,36.687429]},"properties":{"id":"VUT/CA/09867","type":"VUT","group":"Completa","address":"CALLE CHANCILLERIA Nº 4 Plta/Piso 1 Pta/Letra 3, piso 1, puerta 3","postal_code":"11403","places":2,"units":1,"registered":"2020-02-04","catastro":"5642810QA5654B0003SA","holder":null,"holder_count":null}},{"type":"Feature","geometry":{"type":"Point","coordinates":[-6.136706,36.683711]},"properties":{"id":"VUT/CA/09875","type":"VUT","group":"Completa","address":"CALLE Larga Nº 23 Plta/Piso 3 Pta/Letra 45, piso 3, puerta 45","postal_code":"11402","places":4,"units":2,"registered":"2020-02-05","catastro":"5938309QA5653H0116JG","holder":null,"holder_count":null}},{"type":"Feature","geometry":{"type":"Point","coordinates":[-6.135048,36.681754]},"properties":{"id":"VUT/CA/09881","type":"VUT","group":"Por habitaciones","address":"CALLE DOÑA BLANCA Nº 14 Plta/Piso 2 Pta/Letra A, piso 2, puerta A","postal_code":"11402","places":6,"units":3,"registered":"2020-02-05","catastro":"6136005QA5663E4004HK","holder":null,"holder_count":null}},{"type":"Feature","geometry":{"type":"Point","coordinates":[-6.139859,36.685013]},"properties":{"id":"VUT/CA/09938","type":"VUT","group":"Completa","address":"CALLE FRANCOS Nº 22 Plta/Piso 1 Pta/Letra G Compl.Dom. EDIFICIO PATIOS DE SAN MARCOS, piso 1, puerta G","postal_code":"11403","places":8,"units":3,"registered":"2020-02-12","catastro":"5839824QA5653H0066WQ","holder":null,"holder_count":null}},{"type":"Feature","geometry":{"type":"Point","coordinates":[-6.143795,36.687299]},"properties":{"id":"VUT/CA/09940","type":"VUT","group":"Completa","address":"CALLE DE LA MERCED Nº 7","postal_code":"11404","places":12,"units":6,"registered":"2020-02-12","catastro":"5241003qa5654a0001gm","holder":null,"holder_count":null}},{"type":"Feature","geometry":{"type":"Point","coordinates":[-6.134282,36.680234]},"properties":{"id":"VUT/CA/09980","type":"VUT","group":"Completa","address":"CALLE sol Nº 9 Plta/Piso BAJO Pta/Letra I, piso BAJO, puerta I","postal_code":"11402","places":4,"units":1,"registered":"2020-02-18","catastro":"6235506QA5663E0001FM","holder":null,"holder_count":null}},{"type":"Feature","geometry":{"type":"Point","coordinates":[-6.135445,36.684227]},"properties":{"id":"VUT/CA/10014","type":"VUT","group":"Completa","address":"CALLE NARANJAS Nº 10 Plta/Piso 1 Pta/Letra C, piso 1, puerta C","postal_code":"11402","places":5,"units":2,"registered":"2020-02-20","catastro":"6139023QA5663G0007SQ","holder":null,"holder_count":null}},{"type":"Feature","geometry":{"type":"Point","coordinates":[-6.136847,36.684122]},"properties":{"id":"VUT/CA/10019","type":"VUT","group":"Completa","address":"CALLE CUATRO JUANES Nº 4 Plta/Piso 1 Pta/Letra B, piso 1, puerta B","postal_code":"11403","places":4,"units":2,"registered":"2020-02-20","catastro":"5939405QA5653H0005WR","holder":null,"holder_count":null}},{"type":"Feature","geometry":{"type":"Point","coordinates":[-6.140248,36.686852]},"properties":{"id":"VUT/CA/10022","type":"VUT","group":"Completa","address":"CALLE Florinda Nº 8 Plta/Piso Bajo, piso Bajo","postal_code":"11402","places":8,"units":4,"registered":"2020-02-21","catastro":"5642409QA5654B0001SO","holder":null,"holder_count":null}},{"type":"Feature","geometry":{"type":"Point","coordinates":[-6.142532,36.682416]},"properties":{"id":"VUT/CA/10024","type":"VUT","group":"Completa","address":"CALLE LEPANTO Nº 6 Plta/Piso BJ Pta/Letra B, piso BJ, puerta B","postal_code":"11402","places":6,"units":3,"registered":"2020-02-23","catastro":"5537708QA5653E0002FB","holder":null,"holder_count":null}},{"type":"Feature","geometry":{"type":"Point","coordinates":[-6.133065,36.690293]},"properties":{"id":"VUT/CA/10046","type":"VUT","group":"Completa","address":"CALLE MANUEL DE LA QUINTANA Nº 1 Plta/Piso 4 Pta/Letra E Compl.Dom. EDIFICIO MANUEL DE LA QUINTANA PRIMERA FASE NUCLEO 1, piso 4, puerta E","postal_code":"11402","places":4,"units":2,"registered":"2020-02-27","catastro":"6246002QA5664E0035ML","holder":null,"holder_count":null}},{"type":"Feature","geometry":{"type":"Point","coordinates":[-6.136706,36.683711]},"properties":{"id":"VUT/CA/10072","type":"VUT","group":"Completa","address":"CALLE LARGA Nº 23 Pta/Letra 57 Compl.Dom. RESIDENCIAL LOS CISNES, puerta 57","postal_code":"11402","places":4,"units":2,"registered":"2020-02-27","catastro":"5938309QA5653H0128EQ","holder":"SHERRYFLAT S.L","holder_count":40}},{"type":"Feature","geometry":{"type":"Point","coordinates":[-6.146275,36.683389]},"properties":{"id":"VUT/CA/10107","type":"VUT","group":"Completa","address":"CALLE BALDERRAMAS Nº 16 Pta/Letra 17 Compl.Dom. VIVIENDA 17, puerta 17","postal_code":"11408","places":4,"units":2,"registered":"2020-03-03","catastro":"5138208QA5653G0017BR","holder":null,"holder_count":null}},{"type":"Feature","geometry":{"type":"Point","coordinates":[-6.140264,36.687164]},"properties":{"id":"VUT/CA/10117","type":"VUT","group":"Completa","address":"CALLE DEL DOCTOR MERCADO Nº 9","postal_code":"11403","places":2,"units":1,"registered":"2020-03-04","catastro":"5642406QA5654B0001IO","holder":null,"holder_count":null}},{"type":"Feature","geometry":{"type":"Point","coordinates":[-6.140264,36.687164]},"properties":{"id":"VUT/CA/10118","type":"VUT","group":"Completa","address":"CALLE DEL DOCTOR MERCADO Nº 9","postal_code":"11403","places":2,"units":1,"registered":"2020-03-04","catastro":"5642406QA5654B0001IO","holder":null,"holder_count":null}},{"type":"Feature","geometry":{"type":"Point","coordinates":[-6.103679,36.701379]},"properties":{"id":"VUT/CA/10120","type":"VUT","group":"Completa","address":"CALLE JOSE CAMACHO GOMEZ Nº 32 Esc. T Plta/Piso OD Pta/Letra OS, piso OD, puerta OS","postal_code":"11405","places":6,"units":3,"registered":"2020-03-04","catastro":"8858283QA5685h0001DM","holder":null,"holder_count":null}},{"type":"Feature","geometry":{"type":"Point","coordinates":[-6.142106,36.686963]},"properties":{"id":"VUT/CA/10131","type":"VUT","group":"Completa","address":"CALLE CHANCILLERIA Nº 16 Plta/Piso ATICO, piso ATICO","postal_code":"11403","places":4,"units":1,"registered":"2020-03-06","catastro":"5642815QA5654B0007GG","holder":"OLE SOLUTIONS HOLIDAY RENTALS S.L.","holder_count":52}},{"type":"Feature","geometry":{"type":"Point","coordinates":[-6.137662,36.679022]},"properties":{"id":"VUT/CA/10134","type":"VUT","group":"Completa","address":"CALLE SANTA CLARA Nº 3 Esc. 1 Plta/Piso 1 Pta/Letra B, piso 1, puerta B","postal_code":"11405","places":7,"units":3,"registered":"2020-03-06","catastro":"5933501QA5653D0006PG","holder":null,"holder_count":null}},{"type":"Feature","geometry":{"type":"Point","coordinates":[-6.146472,36.684617]},"properties":{"id":"VUT/CA/10139","type":"VUT","group":"Completa","address":"CALLE RONDA DEL CARACOL Nº 4 Blq. 1 Plta/Piso 2 Pta/Letra B, piso 2, puerta B","postal_code":"11408","places":4,"units":2,"registered":"2020-03-06","catastro":"5140019QA5654A0056FJ","holder":null,"holder_count":null}},{"type":"Feature","geometry":{"type":"Point","coordinates":[-6.087916,36.708703]},"properties":{"id":"VUT/CA/10160","type":"VUT","group":"Por habitaciones","address":"COLONIA DE CAULINA Nº 73 Pta/Letra 6, puerta 6","postal_code":"11405","places":6,"units":2,"registered":"2020-03-09","catastro":"53020A157001670000IJ","holder":null,"holder_count":null}},{"type":"Feature","geometry":{"type":"Point","coordinates":[-6.123265,36.701236]},"properties":{"id":"VUT/CA/10161","type":"VUT","group":"Completa","address":"CALLE ARRAYANES Nº 12","postal_code":"11407","places":12,"units":5,"registered":"2020-03-09","catastro":"7158028QA5675G0001FP","holder":null,"holder_count":null}},{"type":"Feature","geometry":{"type":"Point","coordinates":[-6.140648,36.682571]},"properties":{"id":"VUT/CA/10167","type":"VUT","group":"Completa","address":"CALLE Cruces Nº 3 Plta/Piso 2 Pta/Letra C, piso 2, puerta C","postal_code":"11402","places":8,"units":4,"registered":"2020-03-10","catastro":"5637401QA5653F0011YS","holder":null,"holder_count":null}},{"type":"Feature","geometry":{"type":"Point","coordinates":[-6.132382,36.681893]},"properties":{"id":"VUT/CA/10175","type":"VUT","group":"Completa","address":"CALLE MEDINA Nº 51 Plta/Piso 1 Pta/Letra J, piso 1, puerta J","postal_code":"11402","places":4,"units":1,"registered":"2020-03-10","catastro":"6436124QA5663E0035TW","holder":null,"holder_count":null}},{"type":"Feature","geometry":{"type":"Point","coordinates":[-6.135235,36.687198]},"properties":{"id":"VUT/CA/10185","type":"VUT","group":"Completa","address":"PLAZA SAN ANDRES Nº 4 Portal 4 Plta/Piso 2 Pta/Letra A, piso 2, puerta A","postal_code":"11402","places":5,"units":3,"registered":"2020-03-11","catastro":"6042107qa5664c0029lz","holder":null,"holder_count":null}},{"type":"Feature","geometry":{"type":"Point","coordinates":[-6.121292,36.688001]},"properties":{"id":"VUT/CA/10192","type":"VUT","group":"Completa","address":"CALLE ALCALDE JESÚS MANTARAS Nº 5 Blq. 4 Plta/Piso 1º Pta/Letra C Compl.Dom. RESIDENCIAL OLIMPUS, piso 1º, puerta C","postal_code":"11405","places":8,"units":3,"registered":"2020-03-11","catastro":"7342401QA5674C0142XS","holder":null,"holder_count":null}},{"type":"Feature","geometry":{"type":"Point","coordinates":[-6.133721,36.686208]},"properties":{"id":"VUT/CA/10257","type":"VUT","group":"Completa","address":"CALLE Valientes Nº 19 Pta/Letra B, puerta B","postal_code":"11402","places":6,"units":2,"registered":"2020-04-01","catastro":"6240806QA5664A0001DR","holder":null,"holder_count":null}},{"type":"Feature","geometry":{"type":"Point","coordinates":[-6.133721,36.686208]},"properties":{"id":"VUT/CA/10258","type":"VUT","group":"Completa","address":"CALLE Valientes Nº 19 Plta/Piso A, piso A","postal_code":"11402","places":6,"units":2,"registered":"2020-04-01","catastro":"6240806QA5664A0001DR","holder":null,"holder_count":null}},{"type":"Feature","geometry":{"type":"Point","coordinates":[-6.142663,36.686148]},"properties":{"id":"VUT/CA/10272","type":"VUT","group":"Completa","address":"CALLE Palma Nº 8 Plta/Piso 2 Pta/Letra D, piso 2, puerta D","postal_code":"11403","places":4,"units":2,"registered":"2020-04-01","catastro":"5441005QA5654A0009WI","holder":null,"holder_count":null}},{"type":"Feature","geometry":{"type":"Point","coordinates":[-6.133049,36.678019]},"properties":{"id":"VUT/CA/10381","type":"VUT","group":"Completa","address":"CALLE LECHERAS Nº 5 Plta/Piso 1 Pta/Letra 1-C, piso 1, puerta 1-C","postal_code":"11401","places":4,"units":2,"registered":"2020-05-14","catastro":"6332316QA5663A0006TG","holder":null,"holder_count":null}},{"type":"Feature","geometry":{"type":"Point","coordinates":[-6.133049,36.678019]},"properties":{"id":"VUT/CA/10401","type":"VUT","group":"Completa","address":"CALLE LECHERAS Nº 5 Plta/Piso BAJO Pta/Letra C, piso BAJO, puerta C","postal_code":"11401","places":4,"units":2,"registered":"2020-05-22","catastro":"6332316QA5663A0003WS","holder":null,"holder_count":null}},{"type":"Feature","geometry":{"type":"Point","coordinates":[-6.135827,36.68616]},"properties":{"id":"VUT/CA/10427","type":"VUT","group":"Completa","address":"PLAZA ALFONSO SANCHEZ FERRAJON Nº 2 Calif.Nº A Esc. 2 Plta/Piso 3 Pta/Letra A, piso 3, puerta A","postal_code":"11402","places":6,"units":3,"registered":"2020-06-02","catastro":"6041006QA5664A0083FH","holder":null,"holder_count":null}},{"type":"Feature","geometry":{"type":"Point","coordinates":[-6.143351,36.688136]},"properties":{"id":"VUT/CA/10440","type":"VUT","group":"Completa","address":"PLAZA SANTIAGO Nº 9 Plta/Piso BJ Pta/Letra B, piso BJ, puerta B","postal_code":"11404","places":4,"units":2,"registered":"2020-06-03","catastro":"5444013QA5654C0002OL","holder":null,"holder_count":null}},{"type":"Feature","geometry":{"type":"Point","coordinates":[-6.145361,36.687]},"properties":{"id":"VUT/CA/10521","type":"VUT","group":"Completa","address":"CALLE MERCED Nº 31","postal_code":"11404","places":4,"units":1,"registered":"2020-06-17","catastro":"5241017QA5654A0001XM","holder":null,"holder_count":null}},{"type":"Feature","geometry":{"type":"Point","coordinates":[-6.142039,36.686657]},"properties":{"id":"VUT/CA/10548","type":"VUT","group":"Completa","address":"CALLE FRANCOS Nº 44 Plta/Piso 2 Pta/Letra H, piso 2, puerta H","postal_code":"11403","places":4,"units":1,"registered":"2020-06-19","catastro":"5541205QA5654B0009WJ","holder":null,"holder_count":null}},{"type":"Feature","geometry":{"type":"Point","coordinates":[-6.139388,36.684611]},"properties":{"id":"VUT/CA/10569","type":"VUT","group":"Completa","address":"CALLE Francos Nº 21 Plta/Piso BAJO, piso BAJO","postal_code":"11403","places":4,"units":1,"registered":"2020-06-22","catastro":"5739303QA5653H0001GM","holder":null,"holder_count":null}},{"type":"Feature","geometry":{"type":"Point","coordinates":[-6.130963,36.679292]},"properties":{"id":"VUT/CA/10624","type":"VUT","group":"Completa","address":"CALLE PORVENIR Nº 36 Plta/Piso 2 Pta/Letra D, piso 2, puerta D","postal_code":"11401","places":6,"units":3,"registered":"2020-06-27","catastro":"6533014QA5663D0015HW","holder":null,"holder_count":null}},{"type":"Feature","geometry":{"type":"Point","coordinates":[-6.112788,36.704533]},"properties":{"id":"VUT/CA/10654","type":"VUT","group":"Completa","address":"AVENIDA Descartes Nº 2 Portal 10 Plta/Piso 1 Pta/Letra 3, piso 1, puerta 3","postal_code":"11405","places":6,"units":3,"registered":"2020-06-30","catastro":"8161213QA5686A0008EU","holder":null,"holder_count":null}},{"type":"Feature","geometry":{"type":"Point","coordinates":[-6.14751,36.673725]},"properties":{"id":"VUT/CA/10665","type":"VUT","group":"Completa","address":"CONJUNTO RES. NUEVO JEREZ FASE I Portal 5 Plta/Piso 3 Pta/Letra A Compl.Dom. URBANIZACION PUERTAS DEL SUR, piso 3, puerta A","postal_code":"11408","places":6,"units":3,"registered":"2020-07-02","catastro":"5127301QA5652E0070WR","holder":null,"holder_count":null}},{"type":"Feature","geometry":{"type":"Point","coordinates":[-6.130418,36.687105]},"properties":{"id":"VUT/CA/10675","type":"VUT","group":"Completa","address":"PLAZA ALCALDE FRANCISCO GERMA ALSINA Nº 6 Plta/Piso 2 Pta/Letra 22, piso 2, puerta 22","postal_code":"11405","places":6,"units":3,"registered":"2020-07-03","catastro":"6543004QA5664D0006TD","holder":null,"holder_count":null}},{"type":"Feature","geometry":{"type":"Point","coordinates":[-6.117966,36.700072]},"properties":{"id":"VUT/CA/10680","type":"VUT","group":"Completa","address":"CALLE CLARA CAMPOAMOR Nº 5","postal_code":"11405","places":15,"units":6,"registered":"2020-07-03","catastro":"7757012QA5675H0003UZ","holder":null,"holder_count":null}},{"type":"Feature","geometry":{"type":"Point","coordinates":[-6.115306,36.688492]},"properties":{"id":"VUT/CA/10796","type":"VUT","group":"Completa","address":"URBANIZACION TORRESBLANCAS Blq. 8 Plta/Piso 5 Pta/Letra D Compl.Dom. AVDA. DE ARCOS, 51, piso 5, puerta D","postal_code":"11405","places":4,"units":2,"registered":"2020-07-21","catastro":"8043803QA5684C0025GW","holder":null,"holder_count":null}},{"type":"Feature","geometry":{"type":"Point","coordinates":[-6.132649,36.682972]},"properties":{"id":"VUT/CA/10809","type":"VUT","group":"Completa","address":"CALLE AVILA Nº 10 Pta/Letra 9, puerta 9","postal_code":"11401","places":8,"units":4,"registered":"2020-07-23","catastro":"6338007QA5663G0009KE","holder":null,"holder_count":null}},{"type":"Feature","geometry":{"type":"Point","coordinates":[-6.140479,36.684497]},"properties":{"id":"VUT/CA/10906","type":"VUT","group":"Completa","address":"CALLE CARPINTERIA BAJA Nº 9 Calif.Nº BIS Plta/Piso 1 Pta/Letra E, piso 1, puerta E","postal_code":"11403","places":4,"units":2,"registered":"2020-08-25","catastro":"5739703QA5653H0038DT","holder":null,"holder_count":null}},{"type":"Feature","geometry":{"type":"Point","coordinates":[-6.098351,36.684497]},"properties":{"id":"VUT/CA/11019","type":"VUT","group":"Completa","address":"CALLE ESCRITORA FRASQUITA LARREA Nº 3 Pta/Letra A, puerta A","postal_code":"11406","places":8,"units":3,"registered":"2020-09-25","catastro":"9340701QA5694A0016UT","holder":null,"holder_count":null}},{"type":"Feature","geometry":{"type":"Point","coordinates":[-6.138574,36.683717]},"properties":{"id":"VUT/CA/11020","type":"VUT","group":"Completa","address":"CALLE belen Nº 6 Plta/Piso 1, piso 1","postal_code":"11402","places":4,"units":1,"registered":"2020-09-25","catastro":"5838106QA5653H0002XQ","holder":"SHERRYFLAT S.L","holder_count":40}},{"type":"Feature","geometry":{"type":"Point","coordinates":[-6.138349,36.678935]},"properties":{"id":"VUT/CA/11034","type":"VUT","group":"Completa","address":"CALLE ESTEREROS Nº 6 Plta/Piso 0 Pta/Letra 1, piso 0, puerta 1","postal_code":"11401","places":4,"units":2,"registered":"2020-09-28","catastro":"5833403QA5653D0001RP","holder":null,"holder_count":null}},{"type":"Feature","geometry":{"type":"Point","coordinates":[-6.135436,36.684577]},"properties":{"id":"VUT/CA/11044","type":"VUT","group":"Completa","address":"CALLE NARANJAS Nº 9 Portal 1 Esc. 1 Pta/Letra 4 Compl.Dom. CALLE NARANJAS 9, ESC 1 P 1 PT 4, puerta 4","postal_code":"11403","places":4,"units":1,"registered":"2020-10-01","catastro":"6139706QA5663G0005IX","holder":null,"holder_count":null}},{"type":"Feature","geometry":{"type":"Point","coordinates":[-6.133049,36.678019]},"properties":{"id":"VUT/CA/11069","type":"VUT","group":"Completa","address":"CALLE LECHERAS Nº 5 Plta/Piso 2 Pta/Letra F Compl.Dom. (ATICO), piso 2, puerta F","postal_code":"11401","places":4,"units":1,"registered":"2020-10-15","catastro":"6332316QA5663A0009IK","holder":null,"holder_count":null}},{"type":"Feature","geometry":{"type":"Point","coordinates":[-6.142934,36.678088]},"properties":{"id":"VUT/CA/11088","type":"VUT","group":"Completa","address":"CALLE PEDRO NOLASCO Km 32 Compl.Dom. BARRIADA TORRESOTO","postal_code":"11401","places":2,"units":1,"registered":"2020-10-21","catastro":"5432401QA5653A0001DY","holder":null,"holder_count":null}},{"type":"Feature","geometry":{"type":"Point","coordinates":[-6.135702,36.699996]},"properties":{"id":"VUT/CA/11140","type":"VUT","group":"Por habitaciones","address":"CALLE FEDERICO GARCIA LORCA Nº 23 Plta/Piso 4 Pta/Letra 1, piso 4, puerta 1","postal_code":"11407","places":2,"units":1,"registered":"2020-11-10","catastro":"6056002QA5665e0013sb","holder":null,"holder_count":null}},{"type":"Feature","geometry":{"type":"Point","coordinates":[-6.135466,36.682143]},"properties":{"id":"VUT/CA/11174","type":"VUT","group":"Completa","address":"CALLE DOÑA BLANCA Nº 9 Esc. 1 Plta/Piso 2 Pta/Letra A, piso 2, puerta A","postal_code":"11402","places":6,"units":2,"registered":"2020-11-26","catastro":"6137507QA5663E0007QY","holder":"OLE SOLUTIONS HOLIDAY RENTALS S.L.","holder_count":52}},{"type":"Feature","geometry":{"type":"Point","coordinates":[-6.135445,36.684227]},"properties":{"id":"VUT/CA/11197","type":"VUT","group":"Completa","address":"CALLE NARANJAS Nº 10","postal_code":"11402","places":2,"units":1,"registered":"2020-12-15","catastro":"6139023QA5663G0002UL","holder":null,"holder_count":null}},{"type":"Feature","geometry":{"type":"Point","coordinates":[-6.144824,36.687296]},"properties":{"id":"VUT/CA/11222","type":"VUT","group":"Completa","address":"CALLE MERCED Nº 18","postal_code":"11404","places":6,"units":3,"registered":"2020-12-24","catastro":"5242609QA5654A0001YM","holder":null,"holder_count":null}},{"type":"Feature","geometry":{"type":"Point","coordinates":[-6.139369,36.687305]},"properties":{"id":"VUT/CA/11278","type":"VUT","group":"Completa","address":"CALLE PORVERA Nº 30 Plta/Piso 3, piso 3","postal_code":"11403","places":3,"units":2,"registered":"2021-01-25","catastro":"5842019QA5654B0012TJ","holder":null,"holder_count":null}},{"type":"Feature","geometry":{"type":"Point","coordinates":[-6.140541,36.678066]},"properties":{"id":"VUT/CA/11309","type":"VUT","group":"Completa","address":"CALLE MARIA NICOLASA Nº 5 Plta/Piso BAJA Pta/Letra B, piso BAJA, puerta B","postal_code":"11401","places":3,"units":2,"registered":"2021-02-05","catastro":"5631321QA5653B0002MH","holder":null,"holder_count":null}},{"type":"Feature","geometry":{"type":"Point","coordinates":[-6.137052,36.678644]},"properties":{"id":"VUT/CA/11434","type":"VUT","group":"Completa","address":"CALLE SAN ANTON Nº 14","postal_code":"11403","places":6,"units":3,"registered":"2021-03-09","catastro":"5933508QA5653D0001XP","holder":null,"holder_count":null}},{"type":"Feature","geometry":{"type":"Point","coordinates":[-6.115885,36.681063]},"properties":{"id":"VUT/CA/11451","type":"VUT","group":"Completa","address":"AVENIDA REPUBLICA SAHARAUI Blq. 4 Plta/Piso 5 Pta/Letra o, piso 5, puerta o","postal_code":"11406","places":4,"units":2,"registered":"2021-03-12","catastro":"7936007QA5673F0243QE","holder":null,"holder_count":null}},{"type":"Feature","geometry":{"type":"Point","coordinates":[-6.1357,36.680162]},"properties":{"id":"VUT/CA/11507","type":"VUT","group":"Completa","address":"CALLE Caballeros Nº 33 Plta/Piso baja Pta/Letra N4 Compl.Dom. Conjunto El Palacio, piso baja, puerta N4","postal_code":"11405","places":4,"units":1,"registered":"2021-03-22","catastro":"6134006QA5663C0072QO","holder":null,"holder_count":null}},{"type":"Feature","geometry":{"type":"Point","coordinates":[-6.141109,36.678976]},"properties":{"id":"VUT/CA/11616","type":"VUT","group":"Completa","address":"CALLE Quintos Nº 3","postal_code":"11401","places":2,"units":1,"registered":"2021-04-15","catastro":"5732821QA5653B0001HG","holder":null,"holder_count":null}},{"type":"Feature","geometry":{"type":"Point","coordinates":[-6.137896,36.681028]},"properties":{"id":"VUT/CA/11642","type":"VUT","group":"Completa","address":"CALLE FATE Nº 4 Plta/Piso 1 Pta/Letra C, piso 1, puerta C","postal_code":"11403","places":5,"units":2,"registered":"2021-04-21","catastro":"5935005qa5653f0015lh","holder":null,"holder_count":null}},{"type":"Feature","geometry":{"type":"Point","coordinates":[-6.137701,36.683074]},"properties":{"id":"VUT/CA/11690","type":"VUT","group":"Completa","address":"CALLE ALGARVE Nº 29 Plta/Piso 2 Pta/Letra A, piso 2, puerta A","postal_code":"11403","places":6,"units":3,"registered":"2021-04-29","catastro":"5937003QA5653F0005RO","holder":null,"holder_count":null}},{"type":"Feature","geometry":{"type":"Point","coordinates":[-6.142874,36.685472]},"properties":{"id":"VUT/CA/11725","type":"VUT","group":"Completa","address":"CALLE Liebre Nº 1 Pta/Letra 15, puerta 15","postal_code":"11403","places":4,"units":2,"registered":"2021-05-05","catastro":"5440006QA5654A0098XQ","holder":null,"holder_count":null}},{"type":"Feature","geometry":{"type":"Point","coordinates":[-6.135448,36.695262]},"properties":{"id":"VUT/CA/11727","type":"VUT","group":"Completa","address":"CALLE Carpintería Alta Nº 5 Plta/Piso BAJO Pta/Letra A, piso BAJO, puerta A","postal_code":"11403","places":2,"units":1,"registered":"2021-05-05","catastro":"5639307QA5653H0004HE","holder":null,"holder_count":null}},{"type":"Feature","geometry":{"type":"Point","coordinates":[-6.140735,36.689554]},"properties":{"id":"VUT/CA/11796","type":"VUT","group":"Completa","address":"CALLE RENDONA Nº 17 Plta/Piso 1, piso 1","postal_code":"11403","places":2,"units":1,"registered":"2021-05-13","catastro":"5545010QA5654F0001QX","holder":null,"holder_count":null}},{"type":"Feature","geometry":{"type":"Point","coordinates":[-6.142874,36.685472]},"properties":{"id":"VUT/CA/11890","type":"VUT","group":"Completa","address":"CALLE LIEBRE Nº 1 Pta/Letra 7, puerta 7","postal_code":"11400","places":4,"units":2,"registered":"2021-05-25","catastro":"5440006qa5654A0090FH","holder":"SHERRYFLAT S.L","holder_count":40}},{"type":"Feature","geometry":{"type":"Point","coordinates":[-6.141109,36.686065]},"properties":{"id":"VUT/CA/11908","type":"VUT","group":"Completa","address":"CALLE FRANCOS Nº 49D Plta/Piso 1 Pta/Letra A, piso 1, puerta A","postal_code":"11403","places":5,"units":2,"registered":"2021-05-26","catastro":"5640007QA5654B0006LF","holder":null,"holder_count":null}},{"type":"Feature","geometry":{"type":"Point","coordinates":[-6.143389,36.690114]},"properties":{"id":"VUT/CA/11946","type":"VUT","group":"Completa","address":"CALLE SAN FRANCISCO JAVIER Nº 9 Portal BAJO Pta/Letra 5, puerta 5","postal_code":"11404","places":4,"units":2,"registered":"2021-05-31","catastro":"5444026QA5654C0005PX","holder":"MARKETER GLOBAL MEDIA SLU","holder_count":2}},{"type":"Feature","geometry":{"type":"Point","coordinates":[-6.136983,36.682118]},"properties":{"id":"VUT/CA/12062","type":"VUT","group":"Completa","address":"TRAVESIA Ntro Padre Viacrucis Nº 10 Plta/Piso 3, piso 3","postal_code":"11402","places":4,"units":1,"registered":"2021-06-08","catastro":"6036710QA5663E0003IW","holder":null,"holder_count":null}},{"type":"Feature","geometry":{"type":"Point","coordinates":[-6.14539,36.684396]},"properties":{"id":"VUT/CA/12068","type":"VUT","group":"Por habitaciones","address":"PLAZA DE SAN MATEOS Nº 2 Esc. 1 Plta/Piso 00 Pta/Letra 01, piso 00, puerta 01","postal_code":"11408","places":4,"units":4,"registered":"2021-06-09","catastro":"5239513QA5653G0001AF","holder":null,"holder_count":null}},{"type":"Feature","geometry":{"type":"Point","coordinates":[-6.140564,36.70175]},"properties":{"id":"VUT/CA/12092","type":"VUT","group":"Completa","address":"AVENIDA ANGEL MAYO Nº 21 Plta/Piso 5 Pta/Letra 1, piso 5, puerta 1","postal_code":"11407","places":2,"units":1,"registered":"2021-06-10","catastro":"5658701QA5655H0025SY","holder":null,"holder_count":null}},{"type":"Feature","geometry":{"type":"Point","coordinates":[-6.128957,36.680599]},"properties":{"id":"VUT/CA/12124","type":"VUT","group":"Completa","address":"AVENIDA DIEGO FERNANDEZ HERRERA Nº 1 Blq. 1 Plta/Piso 2 Pta/Letra B, piso 2, puerta B","postal_code":"11401","places":6,"units":2,"registered":"2021-06-14","catastro":"6635006QA5663F0182XM","holder":null,"holder_count":null}},{"type":"Feature","geometry":{"type":"Point","coordinates":[-6.128957,36.680599]},"properties":{"id":"VUT/CA/12125","type":"VUT","group":"Completa","address":"AVENIDA DIEGO FERNANDEZ HERRERA Blq. 2 Plta/Piso 4 Pta/Letra B, piso 4, puerta B","postal_code":"11401","places":6,"units":2,"registered":"2021-06-14","catastro":"6635006QA5663F0182XM","holder":null,"holder_count":null}},{"type":"Feature","geometry":{"type":"Point","coordinates":[-6.136168,36.682645]},"properties":{"id":"VUT/CA/12142","type":"VUT","group":"Completa","address":"CALLE MESONES Nº 4 Plta/Piso 5 Pta/Letra IZDA, piso 5, puerta IZDA","postal_code":"11402","places":4,"units":2,"registered":"2021-06-16","catastro":"6037306QA5663E0016ZS","holder":null,"holder_count":null}},{"type":"Feature","geometry":{"type":"Point","coordinates":[-6.148491,36.688442]},"properties":{"id":"VUT/CA/12245","type":"VUT","group":"Completa","address":"CALLE ZOILO RUIZ-MATEOS CAMACHO Nº 6 Blq. 4 Plta/Piso 4 Pta/Letra G Compl.Dom. URBANIZACIÓN JARDINES DE TEMPUL, piso 4, puerta G","postal_code":"11406","places":4,"units":1,"registered":"2021-06-27","catastro":"4943101QA5644D0403WF","holder":null,"holder_count":null}},{"type":"Feature","geometry":{"type":"Point","coordinates":[-6.143052,36.690894]},"properties":{"id":"VUT/CA/12259","type":"VUT","group":"Completa","address":"CALLE LEALAS Nº 49 Plta/Piso 1 Pta/Letra F, piso 1, puerta F","postal_code":"11404","places":8,"units":3,"registered":"2021-06-29","catastro":"5446613QA5654E0023SY","holder":null,"holder_count":null}},{"type":"Feature","geometry":{"type":"Point","coordinates":[-6.120344,36.683161]},"properties":{"id":"VUT/CA/12318","type":"VUT","group":"Completa","address":"CALLE RABOATUN Portal 1 Plta/Piso BJ Pta/Letra IZQ Compl.Dom. BARRIADA DE LA VID, piso BJ, puerta IZQ","postal_code":"11405","places":5,"units":3,"registered":"2021-07-03","catastro":"7538809QA5673H0005GS","holder":null,"holder_count":null}},{"type":"Feature","geometry":{"type":"Point","coordinates":[-6.143389,36.690114]},"properties":{"id":"VUT/CA/12328","type":"VUT","group":"Completa","address":"CALLE San Francisco Javier Nº 9 Plta/Piso Bajo Pta/Letra 4, piso Bajo, puerta 4","postal_code":"11404","places":3,"units":1,"registered":"2021-07-04","catastro":"5444026QA5654C0004OZ","holder":null,"holder_count":null}},{"type":"Feature","geometry":{"type":"Point","coordinates":[-6.146577,36.667777]},"properties":{"id":"VUT/CA/12334","type":"VUT","group":"Por habitaciones","address":"CALLE ESTRABURGOS Nº 6 Calif.Nº B Compl.Dom. PARTE ALTA","postal_code":"11408","places":4,"units":1,"registered":"2021-07-05","catastro":"5020705QA5652A0001WS","holder":null,"holder_count":null}},{"type":"Feature","geometry":{"type":"Point","coordinates":[-6.141068,36.67821]},"properties":{"id":"VUT/CA/12383","type":"VUT","group":"Completa","address":"CALLE LUISA Nº 1","postal_code":"11401","places":6,"units":2,"registered":"2021-07-10","catastro":"5631735QA5653B0001XG","holder":null,"holder_count":null}},{"type":"Feature","geometry":{"type":"Point","coordinates":[-6.133266,36.683571]},"properties":{"id":"VUT/CA/12399","type":"VUT","group":"Completa","address":"CALLE PRIETA Nº 4","postal_code":"11403","places":4,"units":2,"registered":"2021-07-12","catastro":"6237202QA5663E0001XM","holder":null,"holder_count":null}},{"type":"Feature","geometry":{"type":"Point","coordinates":[-6.141329,36.675761]},"properties":{"id":"VUT/CA/12402","type":"VUT","group":"Completa","address":"CALLE CABAÑILES Nº 20 Plta/Piso BAJO Pta/Letra 4, piso BAJO, puerta 4","postal_code":"11401","places":4,"units":1,"registered":"2021-07-13","catastro":"5629022QA5652H0005TP","holder":null,"holder_count":null}},{"type":"Feature","geometry":{"type":"Point","coordinates":[-6.128102,36.692792]},"properties":{"id":"VUT/CA/12485","type":"VUT","group":"Completa","address":"AVENIDA MEJICO Nº 10 Portal 4 Pta/Letra B, puerta B","postal_code":"11405","places":6,"units":3,"registered":"2021-07-25","catastro":"6849018QA5664H0512DZ","holder":null,"holder_count":null}},{"type":"Feature","geometry":{"type":"Point","coordinates":[-6.137751,36.679105]},"properties":{"id":"VUT/CA/12488","type":"VUT","group":"Completa","address":"CALLE SANTA CLARA Nº 12 Plta/Piso 1 Pta/Letra G, piso 1, puerta G","postal_code":"11403","places":6,"units":3,"registered":"2021-07-25","catastro":"5933809QA5653D0009TK","holder":null,"holder_count":null}},{"type":"Feature","geometry":{"type":"Point","coordinates":[-6.1357,36.680162]},"properties":{"id":"VUT/CA/12490","type":"VUT","group":"Completa","address":"CALLE CABALLEROS Nº 33 Esc. 1 Plta/Piso 2 Pta/Letra 17A Compl.Dom. EDIFICIO EL PALACIO, piso 2, puerta 17A","postal_code":"11403","places":2,"units":1,"registered":"2021-07-26","catastro":"6134006QA5663C0094JW","holder":"SHERRYFLAT S.L","holder_count":40}},{"type":"Feature","geometry":{"type":"Point","coordinates":[-6.142121,36.682491]},"properties":{"id":"VUT/CA/12514","type":"VUT","group":"Completa","address":"PLAZA ARROYO Portal 39D Plta/Piso 2 Pta/Letra A, piso 2, puerta A","postal_code":"11403","places":6,"units":3,"registered":"2021-07-28","catastro":"5537501QA5653F0006HP","holder":null,"holder_count":null}},{"type":"Feature","geometry":{"type":"Point","coordinates":[-6.133003,36.678863]},"properties":{"id":"VUT/CA/12540","type":"VUT","group":"Completa","address":"CALLE MARIÑIGUEZ Nº 8 Plta/Piso 1 Pta/Letra 9, piso 1, puerta 9","postal_code":"11402","places":6,"units":2,"registered":"2021-08-02","catastro":"6433632QA5663C0009GD","holder":null,"holder_count":null}},{"type":"Feature","geometry":{"type":"Point","coordinates":[-6.124159,36.675736]},"properties":{"id":"VUT/CA/12565","type":"VUT","group":"Completa","address":"AVENIDA VALLESEQUILLO Portal 3 Plta/Piso 3 Pta/Letra G, piso 3, puerta G","postal_code":"11401","places":8,"units":4,"registered":"2021-08-09","catastro":"7129302QA5672G0010TA","holder":null,"holder_count":null}},{"type":"Feature","geometry":{"type":"Point","coordinates":[-6.143073,36.686423]},"properties":{"id":"VUT/CA/12573","type":"VUT","group":"Completa","address":"CALLE PALMA Nº 2 Esc. 1 Plta/Piso 1 Pta/Letra 4, piso 1, puerta 4","postal_code":"11403","places":4,"units":1,"registered":"2021-08-09","catastro":"5441002QA5654A0004HE","holder":null,"holder_count":null}},{"type":"Feature","geometry":{"type":"Point","coordinates":[-6.130949,36.677845]},"properties":{"id":"VUT/CA/12585","type":"VUT","group":"Completa","address":"PLAZA NUESTRO PADRE JESUS DE LA SENTENCIA Nº 3 Plta/Piso 3 Pta/Letra A, piso 3, puerta A","postal_code":"11401","places":4,"units":2,"registered":"2021-08-12","catastro":"6532504QA5663A0006IG","holder":"OLE SOLUTIONS HOLIDAY RENTALS S.L.","holder_count":52}},{"type":"Feature","geometry":{"type":"Point","coordinates":[-6.129569,36.687012]},"properties":{"id":"VUT/CA/12608","type":"VUT","group":"Por habitaciones","address":"PLAZA España Nº 11","postal_code":"11405","places":6,"units":2,"registered":"2021-08-17","catastro":"6642007QA5664B0001FD","holder":null,"holder_count":null}},{"type":"Feature","geometry":{"type":"Point","coordinates":[-6.13474,36.683381]},"properties":{"id":"VUT/CA/12662","type":"VUT","group":"Completa","address":"CALLE ARCOS Nº 8 Pta/Letra B, puerta B","postal_code":"11402","places":4,"units":1,"registered":"2021-08-30","catastro":"6238617QA5663G0007LQ","holder":"SHERRYFLAT S.L","holder_count":40}},{"type":"Feature","geometry":{"type":"Point","coordinates":[-6.146322,36.697668]},"properties":{"id":"VUT/CA/12667","type":"VUT","group":"Completa","address":"CALLE CAVABIEN Blq. Z-2 Plta/Piso 3 Pta/Letra IZ Compl.Dom. PAGO LA SERRANA, piso 3, puerta IZ","postal_code":"11404","places":6,"units":3,"registered":"2021-08-31","catastro":"5153806QA5655C0008LL","holder":null,"holder_count":null}},{"type":"Feature","geometry":{"type":"Point","coordinates":[-6.138574,36.683717]},"properties":{"id":"VUT/CA/12694","type":"VUT","group":"Completa","address":"CALLE BELEN Nº 6 Plta/Piso 2, piso 2","postal_code":"11403","places":4,"units":2,"registered":"2021-09-03","catastro":"5838106QA5653H0003MW","holder":"SHERRYFLAT S.L","holder_count":40}},{"type":"Feature","geometry":{"type":"Point","coordinates":[-6.128342,36.681355]},"properties":{"id":"VUT/CA/12707","type":"VUT","group":"Completa","address":"PLAZA VIRGEN DE LA AMARGURA Nº s/n Compl.Dom. CONJUNTO RESIDENCIAL NUEVO PIO XII. BLOQUE 7 - PLANTA 3 - VIVIENDA 14","postal_code":"11401","places":4,"units":1,"registered":"2021-09-07","catastro":"6736103QA5663F0029RI","holder":null,"holder_count":null}},{"type":"Feature","geometry":{"type":"Point","coordinates":[-6.137775,36.677996]},"properties":{"id":"VUT/CA/12719","type":"VUT","group":"Completa","address":"CALLE RONDA DE MULEROS Nº 6 Portal 1 Plta/Piso 2 Pta/Letra B, piso 2, puerta B","postal_code":"11401","places":6,"units":3,"registered":"2021-09-08","catastro":"5932605QA5653B0056AO","holder":null,"holder_count":null}},{"type":"Feature","geometry":{"type":"Point","coordinates":[-6.134384,36.700345]},"properties":{"id":"VUT/CA/12735","type":"VUT","group":"Completa","address":"CALLE VELAZQUEZ Portal 24 Plta/Piso 3 Pta/Letra B, piso 3, puerta B","postal_code":"11407","places":9,"units":4,"registered":"2021-09-10","catastro":"6157401QA5665E0007DJ","holder":null,"holder_count":null}},{"type":"Feature","geometry":{"type":"Point","coordinates":[-6.136662,36.702948]},"properties":{"id":"VUT/CA/12784","type":"VUT","group":"Completa","address":"AVENIDA LOS ALAMOS Nº 3","postal_code":"11407","places":10,"units":4,"registered":"2021-09-22","catastro":"5860009QA5656B0001JB","holder":null,"holder_count":null}},{"type":"Feature","geometry":{"type":"Point","coordinates":[-6.143384,36.686009]},"properties":{"id":"VUT/CA/12875","type":"VUT","group":"Completa","address":"CALLE SALAS Nº 8 Esc. 1 Pta/Letra 7, puerta 7","postal_code":"11403","places":6,"units":3,"registered":"2021-10-18","catastro":"5441010QA5654A0038JT","holder":null,"holder_count":null}},{"type":"Feature","geometry":{"type":"Point","coordinates":[-6.143389,36.690114]},"properties":{"id":"VUT/CA/12886","type":"VUT","group":"Completa","address":"CALLE SAN FRANCISCO JAVIER Nº 9 Pta/Letra 1, puerta 1","postal_code":"11404","places":4,"units":2,"registered":"2021-10-20","catastro":"5444026QA5654C0001YK","holder":null,"holder_count":null}},{"type":"Feature","geometry":{"type":"Point","coordinates":[-6.139857,36.689248]},"properties":{"id":"VUT/CA/12899","type":"VUT","group":"Completa","address":"CALLE PONCE Nº 23 Plta/Piso BAJO Pta/Letra IZQDA, piso BAJO, puerta IZQDA","postal_code":"11403","places":2,"units":1,"registered":"2021-10-23","catastro":"5644007QA5654D0007JP","holder":null,"holder_count":null}},{"type":"Feature","geometry":{"type":"Point","coordinates":[-6.105873,36.688803]},"properties":{"id":"VUT/CA/12901","type":"VUT","group":"Por habitaciones","address":"CALLE NAVIA Nº 10","postal_code":"11405","places":6,"units":3,"registered":"2021-10-23","catastro":"8744005QA5684D0001QH","holder":null,"holder_count":null}},{"type":"Feature","geometry":{"type":"Point","coordinates":[-6.144073,36.688387]},"properties":{"id":"VUT/CA/12924","type":"VUT","group":"Completa","address":"CALLE TAXDIRT Nº 6 Esc. 1","postal_code":"11403","places":2,"units":1,"registered":"2021-11-02","catastro":"5343107QA5654C0006HM","holder":null,"holder_count":null}},{"type":"Feature","geometry":{"type":"Point","coordinates":[-6.137345,36.682469]},"properties":{"id":"VUT/CA/12927","type":"VUT","group":"Completa","address":"CALLE REMEDIOS Nº 6 Plta/Piso 2ª, piso 2ª","postal_code":"11403","places":6,"units":3,"registered":"2021-11-02","catastro":"5937423QA5653F0003YU","holder":null,"holder_count":null}},{"type":"Feature","geometry":{"type":"Point","coordinates":[-6.148011,36.670072]},"properties":{"id":"VUT/CA/12931","type":"VUT","group":"Completa","address":"CALLE ESCRITOR FEDERICO DE LA VEGA Nº 3 Plta/Piso 2 Pta/Letra B, piso 2, puerta B","postal_code":"11408","places":4,"units":2,"registered":"2021-11-02","catastro":"5023704QA5642D0017ZW","holder":null,"holder_count":null}},{"type":"Feature","geometry":{"type":"Point","coordinates":[-6.134433,36.700963]},"properties":{"id":"VUT/CA/12932","type":"VUT","group":"Completa","address":"PLAZA VENUS Nº 17 Plta/Piso 6 Pta/Letra 12, piso 6, puerta 12","postal_code":"11407","places":6,"units":2,"registered":"2021-11-02","catastro":"6157103QA5665E0014MZ","holder":null,"holder_count":null}},{"type":"Feature","geometry":{"type":"Point","coordinates":[-6.142874,36.685472]},"properties":{"id":"VUT/CA/12935","type":"VUT","group":"Completa","address":"CALLE Liebre Nº 1-3 Plta/Piso 1 Pta/Letra 18, piso 1, puerta 18","postal_code":"11406","places":4,"units":2,"registered":"2021-11-02","catastro":"5440006QA5654A0101QE","holder":null,"holder_count":null}},{"type":"Feature","geometry":{"type":"Point","coordinates":[-6.12974,36.677699]},"properties":{"id":"VUT/CA/12937","type":"VUT","group":"Completa","address":"CALLE acebuche Portal 9 Plta/Piso bajo Pta/Letra izqerda, piso bajo, puerta izqerda","postal_code":"11401","places":5,"units":3,"registered":"2021-11-02","catastro":"6632011QA5663B0008KE","holder":null,"holder_count":null}},{"type":"Feature","geometry":{"type":"Point","coordinates":[-6.149115,36.695859]},"properties":{"id":"VUT/CA/12939","type":"VUT","group":"Completa","address":"PLAZA DE LA PODA Nº 3 Plta/Piso BAJ Pta/Letra C, piso BAJ, puerta C","postal_code":"11404","places":6,"units":2,"registered":"2021-11-02","catastro":"4851301QA5645B0003IQ","holder":null,"holder_count":null}},{"type":"Feature","geometry":{"type":"Point","coordinates":[-6.144035,36.686967]},"properties":{"id":"VUT/CA/12940","type":"VUT","group":"Completa","address":"CALLE MURO Nº 5 Plta/Piso 2 Pta/Letra D, piso 2, puerta D","postal_code":"11404","places":5,"units":2,"registered":"2021-11-02","catastro":"5342402QA5654A0016IS","holder":null,"holder_count":null}},{"type":"Feature","geometry":{"type":"Point","coordinates":[-6.138704,36.680841]},"properties":{"id":"VUT/CA/12948","type":"VUT","group":"Completa","address":"CALLE Armas Nº 9 Plta/Piso 0 Pta/Letra 3, piso 0, puerta 3","postal_code":"11403","places":5,"units":2,"registered":"2021-11-03","catastro":"5835523QA5653F0003IU","holder":"OLE SOLUTIONS HOLIDAY RENTALS S.L.","holder_count":52}},{"type":"Feature","geometry":{"type":"Point","coordinates":[-6.141109,36.686065]},"properties":{"id":"VUT/CA/12952","type":"VUT","group":"Completa","address":"CALLE FRANCOS Nº 49 Plta/Piso 2 Pta/Letra A Compl.Dom. SEGUNDA PLANTA ALTA LETRA A, piso 2, puerta A","postal_code":"11403","places":5,"units":2,"registered":"2021-11-04","catastro":"5640007QA5654B0008ZH","holder":"R.M INTEGRAL SOLUTIONS, SOCIEDAD LIMITADA","holder_count":1}},{"type":"Feature","geometry":{"type":"Point","coordinates":[-6.1357,36.680162]},"properties":{"id":"VUT/CA/12955","type":"VUT","group":"Completa","address":"CALLE CABALLEROS Nº 33 Pta/Letra N8, puerta N8","postal_code":"11403","places":4,"units":2,"registered":"2021-11-04","catastro":"6134006QA5663C0076TD","holder":"RUIZ ANTUNEZ CB","holder_count":1}},{"type":"Feature","geometry":{"type":"Point","coordinates":[-6.130963,36.679292]},"properties":{"id":"VUT/CA/12958","type":"VUT","group":"Completa","address":"CALLE PORVENIR Km 0 Calif.Nº 0 Blq. 0 Portal 0 Esc. 1 Plta/Piso 2º Pta/Letra E, piso 2º, puerta E","postal_code":"11401","places":4,"units":2,"registered":"2021-11-06","catastro":"6533014QA5663D0016JE","holder":null,"holder_count":null}},{"type":"Feature","geometry":{"type":"Point","coordinates":[-6.138635,36.691358]},"properties":{"id":"VUT/CA/13013","type":"VUT","group":"Completa","address":"AVENIDA Duque de Abrantes Nº 1 Ddo Blq. 2 Plta/Piso 1 Pta/Letra C, piso 1, puerta C","postal_code":"11407","places":5,"units":3,"registered":"2021-11-20","catastro":"5848009QA5654H0090EP","holder":null,"holder_count":null}},{"type":"Feature","geometry":{"type":"Point","coordinates":[-6.133187,36.683864]},"properties":{"id":"VUT/CA/13014","type":"VUT","group":"Completa","address":"CALLE ARCOS Nº 33 Plta/Piso 2, piso 2","postal_code":"11402","places":4,"units":2,"registered":"2021-11-20","catastro":"6339015QA5663G0003HB","holder":"SHERRYFLAT S.L","holder_count":40}},{"type":"Feature","geometry":{"type":"Point","coordinates":[-6.125683,36.686732]},"properties":{"id":"VUT/CA/13030","type":"VUT","group":"Completa","address":"CALLE BATALLA DE TORRE LOBATÓN Nº 3","postal_code":"11405","places":4,"units":2,"registered":"2021-11-23","catastro":"7042030QA5674A0001JI","holder":null,"holder_count":null}},{"type":"Feature","geometry":{"type":"Point","coordinates":[-6.139248,36.684928]},"properties":{"id":"VUT/CA/13037","type":"VUT","group":"Completa","address":"CALLE FRANCOS Nº 16 Plta/Piso 02 Pta/Letra C, piso 02, puerta C","postal_code":"11403","places":15,"units":5,"registered":"2021-11-25","catastro":"5839808QA5653H0014DP","holder":null,"holder_count":null}},{"type":"Feature","geometry":{"type":"Point","coordinates":[-6.143073,36.686423]},"properties":{"id":"VUT/CA/13053","type":"VUT","group":"Completa","address":"CALLE LA PALMA Nº 2 Plta/Piso 1 Pta/Letra 1, piso 1, puerta 1","postal_code":"11401","places":3,"units":1,"registered":"2021-11-26","catastro":"5441002QA5654A0001DM","holder":null,"holder_count":null}},{"type":"Feature","geometry":{"type":"Point","coordinates":[-6.149274,36.671826]},"properties":{"id":"VUT/CA/13131","type":"VUT","group":"Completa","address":"CALLE HISTORIADOR TRILLO Y BORBON Nº 54","postal_code":"11408","places":6,"units":3,"registered":"2021-12-13","catastro":"4925406QA5642D0016BQ","holder":"BALENCO GESTION Y LOGISTICA S.L.U.","holder_count":1}},{"type":"Feature","geometry":{"type":"Point","coordinates":[-6.134839,36.685989]},"properties":{"id":"VUT/CA/13149","type":"VUT","group":"Completa","address":"CALLE Antona de Dios Nº 11","postal_code":"11402","places":6,"units":3,"registered":"2021-12-17","catastro":"6140013QA5664A0001WR","holder":null,"holder_count":null}},{"type":"Feature","geometry":{"type":"Point","coordinates":[-6.141224,36.67955]},"properties":{"id":"VUT/CA/13151","type":"VUT","group":"Completa","address":"CALLE PUERO Nº 17 Plta/Piso 2 Pta/Letra A, piso 2, puerta A","postal_code":"11403","places":4,"units":2,"registered":"2021-12-17","catastro":"5633201QA5653D0030FU","holder":null,"holder_count":null}},{"type":"Feature","geometry":{"type":"Point","coordinates":[-6.138202,36.683767]},"properties":{"id":"VUT/CA/13174","type":"VUT","group":"Completa","address":"PLAZA NUÑEZ DE VILLAVICANCIO Nº 5 Pta/Letra A Compl.Dom. PLAZA PLATEROS, puerta A","postal_code":"11402","places":10,"units":5,"registered":"2021-12-23","catastro":"5838205QA5653H0005BR","holder":null,"holder_count":null}},{"type":"Feature","geometry":{"type":"Point","coordinates":[-6.133158,36.678669]},"properties":{"id":"VUT/CA/13195","type":"VUT","group":"Por habitaciones","address":"CALLE MARIÑIGUEZ Nº 4","postal_code":"11402","places":4,"units":2,"registered":"2021-12-28","catastro":"6433630QA5663C0001ST","holder":null,"holder_count":null}},{"type":"Feature","geometry":{"type":"Point","coordinates":[-6.138482,36.68404]},"properties":{"id":"VUT/CA/13199","type":"VUT","group":"Completa","address":"CALLE BASANTES Nº 2","postal_code":"11403","places":3,"units":1,"registered":"2021-12-30","catastro":"5839306QA5653H0001AM","holder":"INMOJEREZ XXI, S.L.","holder_count":1}},{"type":"Feature","geometry":{"type":"Point","coordinates":[-6.129238,36.683485]},"properties":{"id":"VUT/CA/13211","type":"VUT","group":"Completa","address":"CALLE FRAY LUIS DE CARVAJAL RESIDENCIAL ARCOS Blq. 4 Portal B Plta/Piso 2 Pta/Letra B, piso 2, puerta B","postal_code":"11401","places":4,"units":2,"registered":"2022-01-04","catastro":"6639432QA5663H0010LP","holder":null,"holder_count":null}},{"type":"Feature","geometry":{"type":"Point","coordinates":[-6.140587,36.687315]},"properties":{"id":"VUT/CA/13216","type":"VUT","group":"Completa","address":"CALLE CHANCILLERIA Nº 3 Plta/Piso 2 Pta/Letra EST. 2, piso 2, puerta EST. 2","postal_code":"11403","places":4,"units":2,"registered":"2022-01-06","catastro":"5642403QA5654B0085KM","holder":null,"holder_count":null}},{"type":"Feature","geometry":{"type":"Point","coordinates":[-6.137404,36.697552]},"properties":{"id":"VUT/CA/13225","type":"VUT","group":"Completa","address":"AVENIDA Marianistas Nº 3 Plta/Piso 2 Pta/Letra D, piso 2, puerta D","postal_code":"11407","places":3,"units":3,"registered":"2022-01-09","catastro":"5954004QA5655D0008WT","holder":null,"holder_count":null}},{"type":"Feature","geometry":{"type":"Point","coordinates":[-6.147476,36.697791]},"properties":{"id":"VUT/CA/13229","type":"VUT","group":"Completa","address":"PLAZA Castañuelas Nº 2 Plta/Piso 3 Pta/Letra A, piso 3, puerta A","postal_code":"11405","places":4,"units":3,"registered":"2022-01-10","catastro":"5053701QA5655C0013EZ","holder":null,"holder_count":null}},{"type":"Feature","geometry":{"type":"Point","coordinates":[-6.14219,36.683018]},"properties":{"id":"VUT/CA/13235","type":"VUT","group":"Completa","address":"CALLE PELAYO Nº 4","postal_code":"11403","places":2,"units":1,"registered":"2022-01-12","catastro":"5537312QA5653F0001YT","holder":null,"holder_count":null}},{"type":"Feature","geometry":{"type":"Point","coordinates":[-6.142271,36.691554]},"properties":{"id":"VUT/CA/13257","type":"VUT","group":"Completa","address":"CALLE ATALAYA Nº 14 Plta/Piso 2 Pta/Letra C, piso 2, puerta C","postal_code":"11404","places":6,"units":3,"registered":"2022-01-14","catastro":"5646041QA5654F0061IK","holder":null,"holder_count":null}},{"type":"Feature","geometry":{"type":"Point","coordinates":[-6.134301,36.679943]},"properties":{"id":"VUT/CA/13303","type":"VUT","group":"Completa","address":"CALLE MOLINEROS Nº 12 Plta/Piso 1, piso 1","postal_code":"11402","places":4,"units":1,"registered":"2022-01-23","catastro":"6234606QA5663C0001DT","holder":null,"holder_count":null}},{"type":"Feature","geometry":{"type":"Point","coordinates":[-6.128244,36.6799]},"properties":{"id":"VUT/CA/13312","type":"VUT","group":"Completa","address":"CALLE DIEGO FERNANDEZ HERRERA Nº 17 Plta/Piso 2 Pta/Letra A, piso 2, puerta A","postal_code":"11401","places":6,"units":3,"registered":"2022-01-25","catastro":"6834004QA5663D0016RE","holder":"GRUPO ZAMBRANA 2020, S.L.","holder_count":2}},{"type":"Feature","geometry":{"type":"Point","coordinates":[-6.143505,36.677937]},"properties":{"id":"VUT/CA/13332","type":"VUT","group":"Por habitaciones","address":"CALLE HILDA Nº 2","postal_code":"11401","places":6,"units":4,"registered":"2022-01-26","catastro":"5431802QA5653A0001PY","holder":null,"holder_count":null}},{"type":"Feature","geometry":{"type":"Point","coordinates":[-6.133073,36.687363]},"properties":{"id":"VUT/CA/13341","type":"VUT","group":"Completa","address":"CALLE CONOCEDORES Nº 13 Pta/Letra 1, puerta 1","postal_code":"11402","places":4,"units":2,"registered":"2022-01-28","catastro":"6143004QA5664C0001OX","holder":null,"holder_count":null}},{"type":"Feature","geometry":{"type":"Point","coordinates":[-6.132172,36.679981]},"properties":{"id":"VUT/CA/13391","type":"VUT","group":"Completa","address":"CALLE PORVENIR Nº 16","postal_code":"11401","places":4,"units":1,"registered":"2022-02-04","catastro":"6434001QA5663C0001BT","holder":null,"holder_count":null}},{"type":"Feature","geometry":{"type":"Point","coordinates":[-6.134543,36.689098]},"properties":{"id":"VUT/CA/13457","type":"VUT","group":"Completa","address":"CALLE SANTO DOMINGO Nº 12 Portal 1 Plta/Piso 3 Pta/Letra D Compl.Dom. EDIFICIO MAYAGUANA, piso 3, puerta D","postal_code":"11402","places":5,"units":2,"registered":"2022-02-15","catastro":"6244617qa5664c0016ja","holder":"OLE SOLUTIONS HOLIDAY RENTALS S.L.","holder_count":52}},{"type":"Feature","geometry":{"type":"Point","coordinates":[-6.138619,36.697775]},"properties":{"id":"VUT/CA/13459","type":"VUT","group":"Completa","address":"AVENIDA TOMAS GARCIA FIGUERAS Nº 5 Plta/Piso 1 Pta/Letra D, piso 1, puerta D","postal_code":"11407","places":6,"units":3,"registered":"2022-02-15","catastro":"5754304QA5655D0004EQ","holder":null,"holder_count":null}},{"type":"Feature","geometry":{"type":"Point","coordinates":[-6.142682,36.690431]},"properties":{"id":"VUT/CA/13461","type":"VUT","group":"Por habitaciones","address":"CALLE Lealas Nº 41","postal_code":"11404","places":6,"units":3,"registered":"2022-02-15","catastro":"5446619QA5654E0002TF","holder":null,"holder_count":null}},{"type":"Feature","geometry":{"type":"Point","coordinates":[-6.145409,36.675804]},"properties":{"id":"VUT/CA/13474","type":"VUT","group":"Completa","address":"CALLE ARQUITECTO JOSE VARGAS Esc. 3 Plta/Piso 3 Pta/Letra C, piso 3, puerta C","postal_code":"11408","places":2,"units":1,"registered":"2022-02-16","catastro":"5229601QA5652G0078QU","holder":null,"holder_count":null}},{"type":"Feature","geometry":{"type":"Point","coordinates":[-6.132514,36.682489]},"properties":{"id":"VUT/CA/13477","type":"VUT","group":"Completa","address":"CALLE SAN FRANCISCO DE PAULA Nº 2 Calif.Nº BIS","postal_code":"11401","places":4,"units":1,"registered":"2022-02-17","catastro":"6436107QA5663E0001LM","holder":null,"holder_count":null}},{"type":"Feature","geometry":{"type":"Point","coordinates":[-6.138796,36.695055]},"properties":{"id":"VUT/CA/13485","type":"VUT","group":"Completa","address":"CALLE CAROLINA GALLEGOS Nº 10 Esc. 1 Plta/Piso 3 Pta/Letra IZ Compl.Dom. BARRIADA LA UNIÓN PARCELA II, piso 3, puerta IZ","postal_code":"11407","places":6,"units":3,"registered":"2022-02-18","catastro":"5751305QA5655B0008QP","holder":null,"holder_count":null}},{"type":"Feature","geometry":{"type":"Point","coordinates":[-6.136024,36.684235]},"properties":{"id":"VUT/CA/13499","type":"VUT","group":"Completa","address":"CALLE Honda Blq. 1 Plta/Piso 15 Pta/Letra d, piso 15, puerta d","postal_code":"11402","places":4,"units":2,"registered":"2022-02-19","catastro":"6038005QA5663G0014ET","holder":null,"holder_count":null}},{"type":"Feature","geometry":{"type":"Point","coordinates":[-6.106692,36.697076]},"properties":{"id":"VUT/CA/13515","type":"VUT","group":"Completa","address":"PLAZA UBRIQUE Nº 13 Plta/Piso 2 Pta/Letra A Compl.Dom. BDA LA GRANJA, piso 2, puerta A","postal_code":"11405","places":6,"units":3,"registered":"2022-02-22","catastro":"8754814QA5685D0009GK","holder":null,"holder_count":null}},{"type":"Feature","geometry":{"type":"Point","coordinates":[-6.128795,36.691507]},"properties":{"id":"VUT/CA/13522","type":"VUT","group":"Completa","address":"AVENIDA JOSE CADIZ SALVATIERRA Nº 4 Plta/Piso 3 Pta/Letra B Compl.Dom. EDIFICIO CADIZ, piso 3, puerta B","postal_code":"11401","places":6,"units":3,"registered":"2022-02-23","catastro":"6548406QA5664H0048WP","holder":"GRUPO ZAMBRANA 2020, S.L.","holder_count":2}},{"type":"Feature","geometry":{"type":"Point","coordinates":[-6.148504,36.672867]},"properties":{"id":"VUT/CA/13523","type":"VUT","group":"Completa","address":"PLAZA Puerta Bahia Nº 2 Blq. 2 Esc. 2 Plta/Piso 1 Pta/Letra d Compl.Dom. Urbanizacion Puerta Bahia, piso 1, puerta d","postal_code":"11408","places":4,"units":3,"registered":"2022-02-23","catastro":"4925402QA5642D0035BF","holder":null,"holder_count":null}},{"type":"Feature","geometry":{"type":"Point","coordinates":[-6.109215,36.696991]},"properties":{"id":"VUT/CA/13542","type":"VUT","group":"Completa","address":"AVENIDA EUROPA Nº 18 Portal 1 Plta/Piso 3 Pta/Letra 7, piso 3, puerta 7","postal_code":"11405","places":5,"units":3,"registered":"2022-02-25","catastro":"8253023QA5685C0054PH","holder":"ALLO APARTMENTS HOLYDAYS S.L.","holder_count":9}},{"type":"Feature","geometry":{"type":"Point","coordinates":[-6.125843,36.686679]},"properties":{"id":"VUT/CA/13548","type":"VUT","group":"Completa","address":"CALLE BATALLA DE TORRELOBATÓN Nº 1","postal_code":"11405","places":5,"units":5,"registered":"2022-02-26","catastro":"7042032QA5674A0001SI","holder":null,"holder_count":null}},{"type":"Feature","geometry":{"type":"Point","coordinates":[-6.143954,36.689039]},"properties":{"id":"VUT/CA/13568","type":"VUT","group":"Completa","address":"CALLE Moraito Chico Nº 14 Portal A","postal_code":"11404","places":2,"units":1,"registered":"2022-03-02","catastro":"5344307QA5654C0001QK","holder":null,"holder_count":null}},{"type":"Feature","geometry":{"type":"Point","coordinates":[-6.124156,36.677808]},"properties":{"id":"VUT/CA/13641","type":"VUT","group":"Por habitaciones","address":"URBANIZACION MONTEALEGRE Nº 4 Blq. 2 Plta/Piso 5 Pta/Letra D, piso 5, puerta D","postal_code":"11406","places":3,"units":2,"registered":"2022-03-09","catastro":"7132004QA5673A0024XI","holder":null,"holder_count":null}},{"type":"Feature","geometry":{"type":"Point","coordinates":[-5.929635,36.72382]},"properties":{"id":"VUT/CA/13705","type":"VUT","group":"Por habitaciones","address":"CALLE NARANJAS Nº 14","postal_code":"11402","places":3,"units":1,"registered":"2022-03-16","catastro":"6139024QA5663G0001GK","holder":null,"holder_count":null}},{"type":"Feature","geometry":{"type":"Point","coordinates":[-6.141284,36.68704]},"properties":{"id":"VUT/CA/13736","type":"VUT","group":"Completa","address":"CALLE CHANCILLERIA Nº 17","postal_code":"11403","places":4,"units":1,"registered":"2022-03-20","catastro":"5642501QA5654B0001DO","holder":null,"holder_count":null}},{"type":"Feature","geometry":{"type":"Point","coordinates":[-6.143073,36.686423]},"properties":{"id":"VUT/CA/13833","type":"VUT","group":"Completa","address":"CALLE Palma Nº 2 Pta/Letra 5, puerta 5","postal_code":"11403","places":6,"units":2,"registered":"2022-03-30","catastro":"5441002QA5654A0005JR","holder":null,"holder_count":null}},{"type":"Feature","geometry":{"type":"Point","coordinates":[-6.146132,36.685687]},"properties":{"id":"VUT/CA/13840","type":"VUT","group":"Completa","address":"RONDA DEL CARACOL Nº 10 Esc. 1 Plta/Piso 2 Pta/Letra E Compl.Dom. URBANIZACION NUEVA MEDINA, piso 2, puerta E","postal_code":"11408","places":4,"units":1,"registered":"2022-03-31","catastro":"5140015QA5654A0090MH","holder":null,"holder_count":null}},{"type":"Feature","geometry":{"type":"Point","coordinates":[-6.140938,36.685675]},"properties":{"id":"VUT/CA/13847","type":"VUT","group":"Completa","address":"CALLE FRANCOS Nº 45","postal_code":"11403","places":12,"units":6,"registered":"2022-04-01","catastro":"5640010QA5654B0001FO","holder":"TOPKAPI NEWCO SL","holder_count":1}},{"type":"Feature","geometry":{"type":"Point","coordinates":[-6.136156,36.679713]},"properties":{"id":"VUT/CA/13861","type":"VUT","group":"Completa","address":"CALLE CABALLEROS Nº 34 Plta/Piso 2 Pta/Letra E, piso 2, puerta E","postal_code":"11403","places":6,"units":2,"registered":"2022-04-04","catastro":"6034006QA5663C0015HH","holder":null,"holder_count":null}},{"type":"Feature","geometry":{"type":"Point","coordinates":[-6.135354,36.687113]},"properties":{"id":"VUT/CA/13864","type":"VUT","group":"Completa","address":"CALLE SANTA ROSA Nº 14 Plta/Piso 2 Pta/Letra A, piso 2, puerta A","postal_code":"11402","places":6,"units":3,"registered":"2022-04-04","catastro":"6042307QA5664A0005OI","holder":null,"holder_count":null}},{"type":"Feature","geometry":{"type":"Point","coordinates":[-6.132374,36.683768]},"properties":{"id":"VUT/CA/13887","type":"VUT","group":"Completa","address":"CALLE ARCOS Nº 36 Plta/Piso 2 Pta/Letra A, piso 2, puerta A","postal_code":"11402","places":6,"units":4,"registered":"2022-04-06","catastro":"6338004QA5663G0020LI","holder":null,"holder_count":null}},{"type":"Feature","geometry":{"type":"Point","coordinates":[-6.136973,36.684209]},"properties":{"id":"VUT/CA/13907","type":"VUT","group":"Completa","address":"CALLE COMPAS Nº 2 Plta/Piso 2 Pta/Letra B, piso 2, puerta B","postal_code":"11403","places":5,"units":2,"registered":"2022-04-08","catastro":"5938335QA5653H0006XT","holder":null,"holder_count":null}},{"type":"Feature","geometry":{"type":"Point","coordinates":[-6.135349,36.678698]},"properties":{"id":"VUT/CA/13918","type":"VUT","group":"Completa","address":"CALLE Zarza Portal 5","postal_code":"11403","places":5,"units":2,"registered":"2022-04-11","catastro":"6232822QA5663A0001OP","holder":null,"holder_count":null}},{"type":"Feature","geometry":{"type":"Point","coordinates":[-6.138889,36.678253]},"properties":{"id":"VUT/CA/13954","type":"VUT","group":"Por habitaciones","address":"PLAZA PLAZA DEL CARBÓN Nº 5 Esc. A Plta/Piso 3º Pta/Letra A, piso 3º, puerta A","postal_code":"11405","places":2,"units":1,"registered":"2022-04-17","catastro":"5932601QA5653B0018KY","holder":null,"holder_count":null}},{"type":"Feature","geometry":{"type":"Point","coordinates":[-6.136175,36.689556]},"properties":{"id":"VUT/CA/13969","type":"VUT","group":"Completa","address":"CALLE Sevilla Nº 38 Plta/Piso 5 Pta/Letra b, piso 5, puerta b","postal_code":"11402","places":2,"units":1,"registered":"2022-04-19","catastro":"6043042QA5664C0110UI","holder":"OLE SOLUTIONS HOLIDAY RENTALS S.L.","holder_count":52}},{"type":"Feature","geometry":{"type":"Point","coordinates":[-6.142663,36.686148]},"properties":{"id":"VUT/CA/14004","type":"VUT","group":"Completa","address":"CALLE LA PALMA Nº 8","postal_code":"11403","places":6,"units":3,"registered":"2022-04-22","catastro":"5441005QA5654A0004BE","holder":null,"holder_count":null}},{"type":"Feature","geometry":{"type":"Point","coordinates":[-6.140942,36.684156]},"properties":{"id":"VUT/CA/14044","type":"VUT","group":"Completa","address":"PLAZA PEONES Nº 5 Plta/Piso BAJA, piso BAJA","postal_code":"11403","places":6,"units":2,"registered":"2022-04-26","catastro":"5638804QA5653H0001QM","holder":null,"holder_count":null}},{"type":"Feature","geometry":{"type":"Point","coordinates":[-6.139338,36.682714]},"properties":{"id":"VUT/CA/14103","type":"VUT","group":"Completa","address":"CALLE amargura Blq. 6 Plta/Piso 2 Pta/Letra A, piso 2, puerta A","postal_code":"11403","places":6,"units":2,"registered":"2022-05-03","catastro":"5737303QA5653F0018LL","holder":"SHERRYFLAT S.L","holder_count":40}},{"type":"Feature","geometry":{"type":"Point","coordinates":[-6.119717,36.686346]},"properties":{"id":"VUT/CA/14118","type":"VUT","group":"Completa","address":"PLAZA Kiyosu Blq. 6 Plta/Piso 1 Pta/Letra A, piso 1, puerta A","postal_code":"11405","places":6,"units":3,"registered":"2022-05-04","catastro":"7441509QA5674A0022XM","holder":null,"holder_count":null}},{"type":"Feature","geometry":{"type":"Point","coordinates":[-6.138581,36.678554]},"properties":{"id":"VUT/CA/14155","type":"VUT","group":"Completa","address":"CALLE VICARIO Nº 2 Plta/Piso 1º Pta/Letra A, piso 1º, puerta A","postal_code":"11403","places":2,"units":1,"registered":"2022-05-06","catastro":"5932802QA5653B0001ZG","holder":null,"holder_count":null}},{"type":"Feature","geometry":{"type":"Point","coordinates":[-6.133887,36.679028]},"properties":{"id":"VUT/CA/14156","type":"VUT","group":"Completa","address":"CALLE CAZON Km 16","postal_code":"11401","places":4,"units":1,"registered":"2022-05-06","catastro":"6233024QA5663C0001MT","holder":null,"holder_count":null}},{"type":"Feature","geometry":{"type":"Point","coordinates":[-6.106156,36.710412]},"properties":{"id":"VUT/CA/14236","type":"VUT","group":"Completa","address":"URBANIZACION Pozo Albero Nº 4 Blq. 1 Portal 2 Plta/Piso 5 Pta/Letra A, piso 5, puerta A","postal_code":"11407","places":2,"units":1,"registered":"2022-05-13","catastro":"8670602QA5687B0037EU","holder":null,"holder_count":null}},{"type":"Feature","geometry":{"type":"Point","coordinates":[-6.106156,36.710412]},"properties":{"id":"VUT/CA/14237","type":"VUT","group":"Completa","address":"URBANIZACION Urbanización Pozo Albero Nº 4 Blq. 1 Portal 2 Plta/Piso 5 Pta/Letra A, piso 5, puerta A","postal_code":"11407","places":2,"units":1,"registered":"2022-05-13","catastro":"8670602QA5687B0037EU","holder":null,"holder_count":null}},{"type":"Feature","geometry":{"type":"Point","coordinates":[-6.131729,36.687727]},"properties":{"id":"VUT/CA/14255","type":"VUT","group":"Completa","address":"CALLE Zaragoza Nº 34 Plta/Piso 2 Pta/Letra D, piso 2, puerta D","postal_code":"11405","places":4,"units":1,"registered":"2022-05-16","catastro":"6543009QA5664D0136TF","holder":null,"holder_count":null}},{"type":"Feature","geometry":{"type":"Point","coordinates":[-6.1315,36.683836]},"properties":{"id":"VUT/CA/14256","type":"VUT","group":"Completa","address":"CALLE Arcos Nº 44 Plta/Piso 1 Pta/Letra N, piso 1, puerta N","postal_code":"11401","places":4,"units":1,"registered":"2022-05-16","catastro":"6538001QA5663H0083ZH","holder":null,"holder_count":null}},{"type":"Feature","geometry":{"type":"Point","coordinates":[-6.1315,36.683836]},"properties":{"id":"VUT/CA/14257","type":"VUT","group":"Completa","address":"CALLE Arcos Nº 44 Plta/Piso 1 Pta/Letra M, piso 1, puerta M","postal_code":"11401","places":4,"units":1,"registered":"2022-05-16","catastro":"6538001QA5663H0082BG","holder":null,"holder_count":null}},{"type":"Feature","geometry":{"type":"Point","coordinates":[-6.126497,36.70669]},"properties":{"id":"VUT/CA/14258","type":"VUT","group":"Completa","address":"CALLE RONDA DE CIRCUNVALACION Nº 1 Blq. 3 Plta/Piso 2 Pta/Letra C Compl.Dom. CONJUNTO RESIDENCIAL PIE DE REY, piso 2, puerta C","postal_code":"11405","places":4,"units":2,"registered":"2022-05-16","catastro":"6864601QA5666D0069YM","holder":null,"holder_count":null}},{"type":"Feature","geometry":{"type":"Point","coordinates":[-6.126843,36.687066]},"properties":{"id":"VUT/CA/14260","type":"VUT","group":"Completa","address":"CALLE CESAR VALLEJO Nº 1 Blq. 2 Plta/Piso 9 Pta/Letra C Compl.Dom. EDIFICIO RENFURBIS, piso 9, puerta C","postal_code":"11405","places":4,"units":2,"registered":"2022-05-16","catastro":"6842801QA5664B0131MF","holder":"OLE SOLUTIONS HOLIDAY RENTALS S.L.","holder_count":52}},{"type":"Feature","geometry":{"type":"Point","coordinates":[-6.139745,36.684355]},"properties":{"id":"VUT/CA/14350","type":"VUT","group":"Completa","address":"PLAZA PLAZA DEL CARMEN Nº 7 Plta/Piso 1º Pta/Letra 1, piso 1º, puerta 1","postal_code":"11403","places":4,"units":2,"registered":"2022-05-24","catastro":"5739707QA5653H0002XQ","holder":null,"holder_count":null}},{"type":"Feature","geometry":{"type":"Point","coordinates":[-6.135827,36.68616]},"properties":{"id":"VUT/CA/14510","type":"VUT","group":"Completa","address":"PLAZA SANCHEZ FERRAJÓN Blq. 1 Plta/Piso 1 Pta/Letra C, piso 1, puerta C","postal_code":"11402","places":4,"units":1,"registered":"2022-06-03","catastro":"6041006QA5664A0049GJ","holder":"ALQUI10JEREZ,S.L.","holder_count":1}},{"type":"Feature","geometry":{"type":"Point","coordinates":[-6.1264,36.678175]},"properties":{"id":"VUT/CA/14513","type":"VUT","group":"Completa","address":"CALLE PADRE TORRES SILVA Nº 15","postal_code":"11401","places":15,"units":10,"registered":"2022-06-03","catastro":"6932206QA5663B0001ML","holder":null,"holder_count":null}},{"type":"Feature","geometry":{"type":"Point","coordinates":[-6.145121,36.687193]},"properties":{"id":"VUT/CA/14518","type":"VUT","group":"Completa","address":"CALLE MERCED Nº 24 Plta/Piso 1, piso 1","postal_code":"11404","places":6,"units":3,"registered":"2022-06-04","catastro":"5242612QA5654A0010SY","holder":null,"holder_count":null}},{"type":"Feature","geometry":{"type":"Point","coordinates":[-6.14455,36.680181]},"properties":{"id":"VUT/CA/14523","type":"VUT","group":"Completa","address":"CALLE CALZADA DEL ARROYO Nº 14 Plta/Piso 3 Pta/Letra I, piso 3, puerta I","postal_code":"11408","places":5,"units":2,"registered":"2022-06-04","catastro":"5336018QA5653E0040JM","holder":null,"holder_count":null}},{"type":"Feature","geometry":{"type":"Point","coordinates":[-6.119717,36.686346]},"properties":{"id":"VUT/CA/14530","type":"VUT","group":"Completa","address":"PLAZA KIYOSU Blq. 7 Plta/Piso 1 Pta/Letra D, piso 1, puerta D","postal_code":"11406","places":4,"units":3,"registered":"2022-06-04","catastro":"7441509QA5674A0039DF","holder":null,"holder_count":null}},{"type":"Feature","geometry":{"type":"Point","coordinates":[-6.142718,36.678636]},"properties":{"id":"VUT/CA/14554","type":"VUT","group":"Completa","address":"CALLE Puerto Nº 41 Plta/Piso 2 Pta/Letra Der, piso 2, puerta Der","postal_code":"11401","places":4,"units":2,"registered":"2022-06-06","catastro":"5533312QA5653D0005DF","holder":"OLE SOLUTIONS HOLIDAY RENTALS S.L.","holder_count":52}},{"type":"Feature","geometry":{"type":"Point","coordinates":[-6.109215,36.696991]},"properties":{"id":"VUT/CA/14563","type":"VUT","group":"Completa","address":"CALLE Alberto Durán Tejera Nº 4 Portal 3 Plta/Piso 3 Pta/Letra 4 Compl.Dom. Edificio Roma, piso 3, puerta 4","postal_code":"11405","places":8,"units":4,"registered":"2022-06-06","catastro":"8253023QA5685C0111TA","holder":null,"holder_count":null}},{"type":"Feature","geometry":{"type":"Point","coordinates":[-6.137989,36.690251]},"properties":{"id":"VUT/CA/14583","type":"VUT","group":"Completa","address":"URBANIZACION NUEVO VALDESPINO Nº 1 Blq. 1 Portal 4 Plta/Piso 0 Pta/Letra A, piso 0, puerta A","postal_code":"11402","places":2,"units":1,"registered":"2022-06-07","catastro":"5945039QA5654F0021YD","holder":null,"holder_count":null}},{"type":"Feature","geometry":{"type":"Point","coordinates":[-6.114498,36.684675]},"properties":{"id":"VUT/CA/14584","type":"VUT","group":"Completa","address":"CALLE NUESTRAS SEÑORA DE LOS DOLORES Nº 4 Blq. 4 Plta/Piso BAJO Pta/Letra DCHA, piso BAJO, puerta DCHA","postal_code":"11406","places":4,"units":3,"registered":"2022-06-07","catastro":"7940402QA5674B0001PJ","holder":null,"holder_count":null}},{"type":"Feature","geometry":{"type":"Point","coordinates":[-6.114498,36.684675]},"properties":{"id":"VUT/CA/14585","type":"VUT","group":"Completa","address":"CALLE NUESTRA SEÑORA DE LOS DOLORES Nº 4 Plta/Piso 2º Pta/Letra DCHA, piso 2º, puerta DCHA","postal_code":"11406","places":4,"units":3,"registered":"2022-06-07","catastro":"7940402QA5674B0005FZ","holder":null,"holder_count":null}},{"type":"Feature","geometry":{"type":"Point","coordinates":[-6.110604,36.695943]},"properties":{"id":"VUT/CA/14588","type":"VUT","group":"Completa","address":"CALLE Pedro Miguel González Quijano Nº 1 Plta/Piso 2 Pta/Letra 126 Compl.Dom. Edificio París, 1, piso 2, puerta 126","postal_code":"11405","places":5,"units":2,"registered":"2022-06-07","catastro":"8253025QA5685C0018RG","holder":null,"holder_count":null}},{"type":"Feature","geometry":{"type":"Point","coordinates":[-6.133316,36.684125]},"properties":{"id":"VUT/CA/14591","type":"VUT","group":"Completa","address":"CALLE Gaspar Fernández Nº 16 Plta/Piso 1 Pta/Letra C, piso 1, puerta C","postal_code":"11402","places":4,"units":2,"registered":"2022-06-07","catastro":"6349314QA5664G0013GZ","holder":"SHERRYFLAT S.L","holder_count":40}},{"type":"Feature","geometry":{"type":"Point","coordinates":[-6.138294,36.68389]},"properties":{"id":"VUT/CA/14592","type":"VUT","group":"Completa","address":"CALLE ALVAR LOPEZ Nº 2 Esc. 1 Plta/Piso 1 Pta/Letra A, piso 1, puerta A","postal_code":"11403","places":4,"units":2,"registered":"2022-06-07","catastro":"5838207QA5653H0004FE","holder":null,"holder_count":null}},{"type":"Feature","geometry":{"type":"Point","coordinates":[-6.118103,36.687087]},"properties":{"id":"VUT/CA/14601","type":"VUT","group":"Completa","address":"PLAZA DE LOS PINOS Blq. 4 Plta/Piso 1 Pta/Letra B Compl.Dom. BARRIADA LOS PINOS, piso 1, puerta B","postal_code":"11406","places":4,"units":3,"registered":"2022-06-09","catastro":"7642109QA5674C0007OO","holder":null,"holder_count":null}},{"type":"Feature","geometry":{"type":"Point","coordinates":[-6.118103,36.687087]},"properties":{"id":"VUT/CA/14603","type":"VUT","group":"Completa","address":"PLAZA LOS PINOS Nº 4 Plta/Piso 2º Pta/Letra B Compl.Dom. BARRIADA LOS PINOS, piso 2º, puerta B","postal_code":"11406","places":4,"units":3,"registered":"2022-06-09","catastro":"7642109QA5674C0011PP","holder":null,"holder_count":null}},{"type":"Feature","geometry":{"type":"Point","coordinates":[-6.127566,36.680271]},"properties":{"id":"VUT/CA/14612","type":"VUT","group":"Completa","address":"PLAZA DE LA ESTACION Nº 3 Esc. 1 Plta/Piso 4 Pta/Letra E, piso 4, puerta E","postal_code":"11401","places":7,"units":3,"registered":"2022-06-09","catastro":"6834001QA5663D0101FJ","holder":null,"holder_count":null}},{"type":"Feature","geometry":{"type":"Point","coordinates":[-6.119717,36.686346]},"properties":{"id":"VUT/CA/14646","type":"VUT","group":"Completa","address":"PLAZA KIYOSU Blq. 7 Plta/Piso 1º Pta/Letra C, piso 1º, puerta C","postal_code":"11406","places":4,"units":3,"registered":"2022-06-13","catastro":"7441509QA5674A0038SD","holder":null,"holder_count":null}},{"type":"Feature","geometry":{"type":"Point","coordinates":[-6.143444,36.68391]},"properties":{"id":"VUT/CA/14649","type":"VUT","group":"Completa","address":"PLAZA BASURTO Nº 10 Esc. 1 Plta/Piso 0 Pta/Letra E, piso 0, puerta E","postal_code":"11403","places":3,"units":1,"registered":"2022-06-13","catastro":"5338007QA5653G0006WL","holder":null,"holder_count":null}},{"type":"Feature","geometry":{"type":"Point","coordinates":[-6.11218,36.705768]},"properties":{"id":"VUT/CA/14764","type":"VUT","group":"Completa","address":"AVENIDA DE ESPERA Nº 5 Portal 1 Plta/Piso 3 Pta/Letra B, piso 3, puerta B","postal_code":"11405","places":8,"units":3,"registered":"2022-06-21","catastro":"8063601QA5686C0012EE","holder":null,"holder_count":null}},{"type":"Feature","geometry":{"type":"Point","coordinates":[-6.115141,36.688725]},"properties":{"id":"VUT/CA/14766","type":"VUT","group":"Completa","address":"BARRIADA TORRES BALNCAS Nº 7 Esc. A Plta/Piso 10 Pta/Letra C, piso 10, puerta C","postal_code":"11405","places":5,"units":4,"registered":"2022-06-21","catastro":"8043802QA5684C0046ZJ","holder":null,"holder_count":null}},{"type":"Feature","geometry":{"type":"Point","coordinates":[-6.143068,36.686574]},"properties":{"id":"VUT/CA/14787","type":"VUT","group":"Completa","address":"CALLE PALMA Nº 2 Blq. D Esc. 1 Plta/Piso 1 Pta/Letra 2C Compl.Dom. LA VIVIENDA SE SITUA EN EL Nº2 DUPLICADO, piso 1, puerta 2C","postal_code":"11403","places":4,"units":1,"registered":"2022-06-22","catastro":"5441001QA5654A0005IR","holder":"SHERRYFLAT S.L","holder_count":40}},{"type":"Feature","geometry":{"type":"Point","coordinates":[-6.138624,36.683793]},"properties":{"id":"VUT/CA/14813","type":"VUT","group":"Completa","address":"CALLE BELEN Nº 8 Plta/Piso 3, piso 3","postal_code":"11403","places":4,"units":1,"registered":"2022-06-23","catastro":"5838105QA5653H0003FW","holder":"SHERRYFLAT S.L","holder_count":40}},{"type":"Feature","geometry":{"type":"Point","coordinates":[-6.133935,36.678964]},"properties":{"id":"VUT/CA/14905","type":"VUT","group":"Completa","address":"CALLE CAZÓN Nº 18 Pta/Letra B, puerta B","postal_code":"11402","places":6,"units":3,"registered":"2022-06-30","catastro":"6233025QA5663C0003AU","holder":null,"holder_count":null}},{"type":"Feature","geometry":{"type":"Point","coordinates":[-6.142259,36.674041]},"properties":{"id":"VUT/CA/14918","type":"VUT","group":"Completa","address":"CALLE MODESTO DE CASTRO Nº 4","postal_code":"11408","places":8,"units":2,"registered":"2022-07-01","catastro":"5627812QA5652F0001YA","holder":null,"holder_count":null}},{"type":"Feature","geometry":{"type":"Point","coordinates":[-6.1357,36.680162]},"properties":{"id":"VUT/CA/14929","type":"VUT","group":"Completa","address":"CALLE caballeros Nº 33 Plta/Piso 2 Pta/Letra N20 Compl.Dom. Edificio El Palacio, piso 2, puerta N20","postal_code":"11401","places":4,"units":1,"registered":"2022-07-01","catastro":"6134006QA5663C0088FX","holder":null,"holder_count":null}},{"type":"Feature","geometry":{"type":"Point","coordinates":[-6.130528,36.682788]},"properties":{"id":"VUT/CA/14934","type":"VUT","group":"Completa","address":"CALLE MARIA ANTONIA DE JESUS TIRADO Nº 8 Portal A Plta/Piso 4 Pta/Letra 15, piso 4, puerta 15","postal_code":"11401","places":4,"units":3,"registered":"2022-07-02","catastro":"6538004QA5663H0251IX","holder":null,"holder_count":null}},{"type":"Feature","geometry":{"type":"Point","coordinates":[-6.140704,36.679204]},"properties":{"id":"VUT/CA/14983","type":"VUT","group":"Completa","address":"CALLE JUAN SANCHEZ Nº 12","postal_code":"11403","places":12,"units":4,"registered":"2022-07-06","catastro":"5633217QA5653D0001LP","holder":"B&S Immo Consult","holder_count":1}},{"type":"Feature","geometry":{"type":"Point","coordinates":[-6.133518,36.6836]},"properties":{"id":"VUT/CA/15028","type":"VUT","group":"Completa","address":"CALLE Arcos Nº 26 Plta/Piso 4 Pta/Letra B, piso 4, puerta B","postal_code":"11402","places":4,"units":2,"registered":"2022-07-10","catastro":"6237223QA5663E0009RI","holder":null,"holder_count":null}},{"type":"Feature","geometry":{"type":"Point","coordinates":[-6.133637,36.685005]},"properties":{"id":"VUT/CA/15029","type":"VUT","group":"Completa","address":"CALLE BIZCOCHEROS Nº 41 Plta/Piso 1 Pta/Letra D, piso 1, puerta D","postal_code":"11402","places":5,"units":3,"registered":"2022-07-10","catastro":"6340020QA5664A0006RO","holder":null,"holder_count":null}},{"type":"Feature","geometry":{"type":"Point","coordinates":[-6.109508,36.700395]},"properties":{"id":"VUT/CA/15094","type":"VUT","group":"Completa","address":"CALLE TITANIO Nº 1 Blq. 3 Plta/Piso 3 Pta/Letra A, piso 3, puerta A","postal_code":"11405","places":4,"units":2,"registered":"2022-07-14","catastro":"8357901QA5685E0087US","holder":null,"holder_count":null}},{"type":"Feature","geometry":{"type":"Point","coordinates":[-6.135436,36.684577]},"properties":{"id":"VUT/CA/15105","type":"VUT","group":"Completa","address":"CALLE DE LAS NARANAJS Nº 9 Plta/Piso 1 Pta/Letra A, piso 1, puerta A","postal_code":"11403","places":3,"units":2,"registered":"2022-07-15","catastro":"6139706QA5663G0004UZ","holder":null,"holder_count":null}},{"type":"Feature","geometry":{"type":"Point","coordinates":[-6.137626,36.683957]},"properties":{"id":"VUT/CA/15106","type":"VUT","group":"Por habitaciones","address":"CALLE SAN CRISTOBAL Nº 14","postal_code":"11403","places":4,"units":2,"registered":"2022-07-15","catastro":"5939409QA5653H0001AM","holder":null,"holder_count":null}},{"type":"Feature","geometry":{"type":"Point","coordinates":[-6.138903,36.688509]},"properties":{"id":"VUT/CA/15107","type":"VUT","group":"Completa","address":"CALLE ESCUELAS Nº 25 Pta/Letra C, puerta C","postal_code":"11402","places":4,"units":2,"registered":"2022-07-15","catastro":"5743005QA5654D0013SD","holder":null,"holder_count":null}},{"type":"Feature","geometry":{"type":"Point","coordinates":[-6.133743,36.677287]},"properties":{"id":"VUT/CA/15112","type":"VUT","group":"Completa","address":"CALLE SAN TELMO Nº 3 Plta/Piso 0 Pta/Letra B, piso 0, puerta B","postal_code":"11401","places":4,"units":2,"registered":"2022-07-17","catastro":"6331011QA5663A0002IA","holder":null,"holder_count":null}},{"type":"Feature","geometry":{"type":"Point","coordinates":[-6.128567,36.680612]},"properties":{"id":"VUT/CA/15124","type":"VUT","group":"Completa","address":"CALLE JUAN PUERTO ANDRADE Blq. 2 Plta/Piso 2 Pta/Letra B, piso 2, puerta B","postal_code":"11401","places":2,"units":1,"registered":"2022-07-18","catastro":"6734101QA5663D0035WH","holder":null,"holder_count":null}},{"type":"Feature","geometry":{"type":"Point","coordinates":[-6.143388,36.690113]},"properties":{"id":"VUT/CA/15166","type":"VUT","group":"Completa","address":"CALLE San Francisco Javier Nº 9 Pta/Letra 2, puerta 2","postal_code":"11404","places":2,"units":1,"registered":"2022-07-21","catastro":"5444026QA5654C0002UL","holder":null,"holder_count":null}},{"type":"Feature","geometry":{"type":"Point","coordinates":[-6.144776,36.695227]},"properties":{"id":"VUT/CA/15175","type":"VUT","group":"Completa","address":"PLAZA VENDIMIADOR Nº 3 Portal 3 Plta/Piso 3 Pta/Letra A, piso 3, puerta A","postal_code":"11407","places":6,"units":4,"registered":"2022-07-22","catastro":"5251302QA5655A0007DM","holder":null,"holder_count":null}},{"type":"Feature","geometry":{"type":"Point","coordinates":[-6.137205,36.678136]},"properties":{"id":"VUT/CA/15180","type":"VUT","group":"Completa","address":"CALLE OROPESA Nº 6 Esc. 1 Plta/Piso 1 Pta/Letra 1, piso 1, puerta 1","postal_code":"11403","places":10,"units":4,"registered":"2022-07-24","catastro":"5932815QA5653B0003ZJ","holder":null,"holder_count":null}},{"type":"Feature","geometry":{"type":"Point","coordinates":[-6.136026,36.677897]},"properties":{"id":"VUT/CA/15182","type":"VUT","group":"Completa","address":"CALLE Sancho Vizcaino Blq. 6 Plta/Piso 1 Pta/Letra A, piso 1, puerta A","postal_code":"11401","places":5,"units":2,"registered":"2022-07-25","catastro":"6131803QA5663A0001PP","holder":null,"holder_count":null}},{"type":"Feature","geometry":{"type":"Point","coordinates":[-6.14455,36.680181]},"properties":{"id":"VUT/CA/15202","type":"VUT","group":"Completa","address":"CALLE CALZADA DEL ARROYO Nº 6 Blq. 12 Plta/Piso 3 Pta/Letra D, piso 3, puerta D","postal_code":"11408","places":4,"units":2,"registered":"2022-07-26","catastro":"5336018QA5653E0031AJ","holder":null,"holder_count":null}},{"type":"Feature","geometry":{"type":"Point","coordinates":[-6.12334,36.679028]},"properties":{"id":"VUT/CA/15289","type":"VUT","group":"Completa","address":"CALLE GRAN CANARIA Nº 17 Compl.Dom. URBANIZACION PARQUE DEL RETIRO","postal_code":"11406","places":4,"units":2,"registered":"2022-08-05","catastro":"7133601QA5673C0159UO","holder":null,"holder_count":null}},{"type":"Feature","geometry":{"type":"Point","coordinates":[-6.135289,36.679539]},"properties":{"id":"VUT/CA/15315","type":"VUT","group":"Completa","address":"CALLE PEDRO ALONSO Nº 19 Compl.Dom. C/ PEDRO ALONSO, 19","postal_code":"11402","places":6,"units":7,"registered":"2022-08-09","catastro":"6234623QA5663C0001BT","holder":"TORRE DE SUNA","holder_count":1}},{"type":"Feature","geometry":{"type":"Point","coordinates":[-6.113165,36.689814]},"properties":{"id":"VUT/CA/15333","type":"VUT","group":"Completa","address":"CALLE GENOVA Nº 6 Blq. B Plta/Piso 3 Pta/Letra D Compl.Dom. URBANIZACIÓN HACIENDA SANTA ANA, piso 3, puerta D","postal_code":"11405","places":7,"units":3,"registered":"2022-08-11","catastro":"8045701QA5684E0032UQ","holder":null,"holder_count":null}},{"type":"Feature","geometry":{"type":"Point","coordinates":[-6.138889,36.678253]},"properties":{"id":"VUT/CA/15337","type":"VUT","group":"Por habitaciones","address":"PLAZA PLAZA DEL CARBÓN Nº 5 Blq. 5 Esc. A Plta/Piso 1º Pta/Letra B, piso 1º, puerta B","postal_code":"11401","places":6,"units":3,"registered":"2022-08-12","catastro":"5932601QA5653B0013DQ","holder":null,"holder_count":null}},{"type":"Feature","geometry":{"type":"Point","coordinates":[-6.138202,36.683767]},"properties":{"id":"VUT/CA/15365","type":"VUT","group":"Completa","address":"PLAZA VILLAVICENCIO Nº 7 Pta/Letra C, puerta C","postal_code":"11402","places":6,"units":3,"registered":"2022-08-16","catastro":"5838205QA5653H0006ZT","holder":null,"holder_count":null}},{"type":"Feature","geometry":{"type":"Point","coordinates":[-6.146472,36.684617]},"properties":{"id":"VUT/CA/15380","type":"VUT","group":"Completa","address":"RONDA DEL CARACOL Nº 4 Portal 4 Esc. N1 Plta/Piso 3º Pta/Letra H, piso 3º, puerta H","postal_code":"11408","places":4,"units":1,"registered":"2022-08-18","catastro":"5140019QA5654A0070XW","holder":null,"holder_count":null}},{"type":"Feature","geometry":{"type":"Point","coordinates":[-6.112405,36.706897]},"properties":{"id":"VUT/CA/15389","type":"VUT","group":"Completa","address":"CALLE VIRGEN DE LA ESTRELLA Nº 3 Esc. 1 Plta/Piso 1 Pta/Letra A Compl.Dom. EDIFICIO MENCIA III, piso 1, puerta A","postal_code":"11407","places":4,"units":2,"registered":"2022-08-22","catastro":"8064901QA5686C0001SK","holder":null,"holder_count":null}},{"type":"Feature","geometry":{"type":"Point","coordinates":[-6.148687,36.696966]},"properties":{"id":"VUT/CA/15411","type":"VUT","group":"Completa","address":"PLAZA DEL CABECEO Nº 4 Esc. 1 Plta/Piso 10 Pta/Letra B Compl.Dom. URBANIZACIÓN LAS TORRES, piso 10, puerta B","postal_code":"11404","places":6,"units":5,"registered":"2022-08-25","catastro":"4953601QA5645D0042EM","holder":null,"holder_count":null}},{"type":"Feature","geometry":{"type":"Point","coordinates":[-6.097996,36.67863]},"properties":{"id":"VUT/CA/15417","type":"VUT","group":"Por habitaciones","address":"CALLE CANAL Nº 4","postal_code":"11406","places":1,"units":1,"registered":"2022-08-26","catastro":"9533203QA5693C0001EJ","holder":null,"holder_count":null}},{"type":"Feature","geometry":{"type":"Point","coordinates":[-6.146472,36.694175]},"properties":{"id":"VUT/CA/15419","type":"VUT","group":"Completa","address":"CALLE Lagar Nº 1 Plta/Piso 1 Pta/Letra A, piso 1, puerta A","postal_code":"11404","places":6,"units":3,"registered":"2022-08-27","catastro":"5050404QA5655A0004BB","holder":null,"holder_count":null}},{"type":"Feature","geometry":{"type":"Point","coordinates":[-6.033607,36.699432]},"properties":{"id":"VUT/CA/15421","type":"VUT","group":"Por habitaciones","address":"CALLE JOSE MARÍA OLAZABAL Nº 18 Compl.Dom. URB. MONTECASTILLO","postal_code":"11592","places":2,"units":1,"registered":"2022-08-28","catastro":"5159827QA6655G0001HF","holder":null,"holder_count":null}},{"type":"Feature","geometry":{"type":"Point","coordinates":[-6.138557,36.669551]},"properties":{"id":"VUT/CA/15450","type":"VUT","group":"Por habitaciones","address":"RESIDENCIAL PRIMERO DE MAYO Portal 10 Plta/Piso 3 Pta/Letra A Compl.Dom. AVENIDA PUERTAS DEL SUR S/N, piso 3, puerta A","postal_code":"11408","places":6,"units":3,"registered":"2022-09-01","catastro":"5922801QA5652B0094BK","holder":null,"holder_count":null}},{"type":"Feature","geometry":{"type":"Point","coordinates":[-6.133049,36.678019]},"properties":{"id":"VUT/CA/15462","type":"VUT","group":"Completa","address":"CALLE LECHERAS Nº 5 Plta/Piso 1 Pta/Letra D, piso 1, puerta D","postal_code":"11401","places":3,"units":2,"registered":"2022-09-02","catastro":"6332316QA5663A0007YH","holder":null,"holder_count":null}},{"type":"Feature","geometry":{"type":"Point","coordinates":[-6.13271,36.687636]},"properties":{"id":"VUT/CA/15492","type":"VUT","group":"Completa","address":"CALLE CONOCEDORES Nº 24","postal_code":"11402","places":10,"units":5,"registered":"2022-09-08","catastro":"6342316QA5664A0001SR","holder":"LEONOR HOME SL","holder_count":1}},{"type":"Feature","geometry":{"type":"Point","coordinates":[-6.138609,36.676637]},"properties":{"id":"VUT/CA/15523","type":"VUT","group":"Completa","address":"CALLE QUEVEDO Nº 18","postal_code":"11401","places":6,"units":2,"registered":"2022-09-13","catastro":"5831507QA5653B0001AG","holder":null,"holder_count":null}},{"type":"Feature","geometry":{"type":"Point","coordinates":[-6.145396,36.678697]},"properties":{"id":"VUT/CA/15545","type":"VUT","group":"Completa","address":"AVENIDA Sanlucar Nº 2 Esc. 3 Plta/Piso 6 Pta/Letra B Compl.Dom. EDIFICIO ERMITA, piso 6, puerta B","postal_code":"11408","places":5,"units":2,"registered":"2022-09-15","catastro":"5232201QA5653A0116DZ","holder":null,"holder_count":null}},{"type":"Feature","geometry":{"type":"Point","coordinates":[-6.144117,36.692951]},"properties":{"id":"VUT/CA/15548","type":"VUT","group":"Completa","address":"CALLE SALIDA DEL MARTINETE Nº 1 Esc. 1 Plta/Piso 2 Pta/Letra A, piso 2, puerta A","postal_code":"11403","places":6,"units":3,"registered":"2022-09-15","catastro":"5348012QA5654G0006OD","holder":"GESTION ENERGETICA SOSTENIBLE 2005, S.L","holder_count":1}},{"type":"Feature","geometry":{"type":"Point","coordinates":[-6.133449,36.686508]},"properties":{"id":"VUT/CA/15559","type":"VUT","group":"Completa","address":"CALLE CLAVEL Nº 9","postal_code":"11402","places":4,"units":3,"registered":"2022-09-16","catastro":"6143013QA5664C0001JX","holder":null,"holder_count":null}},{"type":"Feature","geometry":{"type":"Point","coordinates":[-6.145396,36.678697]},"properties":{"id":"VUT/CA/15579","type":"VUT","group":"Completa","address":"AVENIDA SANLUCAR Nº 2 Blq. 2 Plta/Piso 5 Pta/Letra B Compl.Dom. RESIDENCIAL ALAZÁN JEREZ, piso 5, puerta B","postal_code":"11408","places":6,"units":2,"registered":"2022-09-19","catastro":"5232201QA5653A0999RS","holder":null,"holder_count":null}},{"type":"Feature","geometry":{"type":"Point","coordinates":[-6.138455,36.690448]},"properties":{"id":"VUT/CA/15590","type":"VUT","group":"Completa","address":"CALLE POZO DEL OLIVAR Nº 14 Blq. 3 Plta/Piso 1ª Pta/Letra B Compl.Dom. CONJUNTO RESIDENCIAL VALDESPINO, piso 1ª, puerta B","postal_code":"11403","places":6,"units":3,"registered":"2022-09-21","catastro":"5945042QA5654F0003JQ","holder":null,"holder_count":null}},{"type":"Feature","geometry":{"type":"Point","coordinates":[-6.145396,36.678697]},"properties":{"id":"VUT/CA/15611","type":"VUT","group":"Completa","address":"CALLE ERMITA DE GUIA Nº 2 Plta/Piso 1 Pta/Letra B, piso 1, puerta B","postal_code":"11408","places":4,"units":2,"registered":"2022-09-24","catastro":"5232201QA5653A057HQ","holder":null,"holder_count":null}},{"type":"Feature","geometry":{"type":"Point","coordinates":[-6.137751,36.679105]},"properties":{"id":"VUT/CA/15648","type":"VUT","group":"Completa","address":"CALLE SANTA  CLARA Nº 12 Esc. 1 Plta/Piso BAJO Pta/Letra B, piso BAJO, puerta B","postal_code":"11403","places":2,"units":1,"registered":"2022-09-29","catastro":"5933809QA5653D0002ZA","holder":null,"holder_count":null}},{"type":"Feature","geometry":{"type":"Point","coordinates":[-6.135139,36.681823]},"properties":{"id":"VUT/CA/15667","type":"VUT","group":"Completa","address":"CALLE DOÑA BLANCA Nº 12 Esc. 1 Plta/Piso 0 Pta/Letra 1, piso 0, puerta 1","postal_code":"11402","places":4,"units":2,"registered":"2022-10-03","catastro":"6136004QA5663E0005HR","holder":null,"holder_count":null}},{"type":"Feature","geometry":{"type":"Point","coordinates":[-6.135543,36.677578]},"properties":{"id":"VUT/CA/15692","type":"VUT","group":"Completa","address":"CALLE SANCHO VIZCAINO. Nº 14 Blq. 1 Plta/Piso 1 Pta/Letra A, piso 1, puerta A","postal_code":"11401","places":6,"units":2,"registered":"2022-10-06","catastro":"6131807QA5663A0049DM","holder":null,"holder_count":null}},{"type":"Feature","geometry":{"type":"Point","coordinates":[-6.148095,36.669969]},"properties":{"id":"VUT/CA/15698","type":"VUT","group":"Completa","address":"CALLE ESCRITOR FEDERICO DE LA VEGA Nº SN Portal II Plta/Piso 3 Pta/Letra H, piso 3, puerta H","postal_code":"11408","places":4,"units":1,"registered":"2022-10-10","catastro":"5023703QA5642D0061KI","holder":null,"holder_count":null}},{"type":"Feature","geometry":{"type":"Point","coordinates":[-6.142121,36.682491]},"properties":{"id":"VUT/CA/15701","type":"VUT","group":"Completa","address":"CALLE Calzada del Arroyo Nº 40 dup Plta/Piso 1 Pta/Letra D, piso 1, puerta D","postal_code":"11403","places":6,"units":3,"registered":"2022-10-10","catastro":"5537501QA5653F0013BF","holder":"OLE SOLUTIONS HOLIDAY RENTALS S.L.","holder_count":52}},{"type":"Feature","geometry":{"type":"Point","coordinates":[-6.145396,36.678697]},"properties":{"id":"VUT/CA/15705","type":"VUT","group":"Completa","address":"EDIFICIO PUERTA DE LA ERMITA Nº 151 Plta/Piso 5 Pta/Letra B, piso 5, puerta B","postal_code":"11408","places":6,"units":2,"registered":"2022-10-12","catastro":"5232201QA5653A0151DZ","holder":null,"holder_count":null}},{"type":"Feature","geometry":{"type":"Point","coordinates":[-6.137712,36.682118]},"properties":{"id":"VUT/CA/15735","type":"VUT","group":"Completa","address":"CALLE CONSISTORIO Nº 2 Plta/Piso 1, piso 1","postal_code":"11403","places":6,"units":2,"registered":"2022-10-18","catastro":"5937419QA5653F0003BU","holder":null,"holder_count":null}},{"type":"Feature","geometry":{"type":"Point","coordinates":[-6.132382,36.681893]},"properties":{"id":"VUT/CA/15757","type":"VUT","group":"Completa","address":"CALLE MEDINA Nº 51-53 Plta/Piso 1 Pta/Letra K, piso 1, puerta K","postal_code":"11402","places":2,"units":1,"registered":"2022-10-24","catastro":"6436124QA5663E0036YE","holder":null,"holder_count":null}},{"type":"Feature","geometry":{"type":"Point","coordinates":[-6.136796,36.678583]},"properties":{"id":"VUT/CA/15758","type":"VUT","group":"Completa","address":"CALLE POLLO Nº 11 Plta/Piso 1 Pta/Letra B, piso 1, puerta B","postal_code":"11403","places":4,"units":2,"registered":"2022-10-24","catastro":"6033414QA5663C0020TK","holder":null,"holder_count":null}},{"type":"Feature","geometry":{"type":"Point","coordinates":[-6.142889,36.682888]},"properties":{"id":"VUT/CA/15775","type":"VUT","group":"Completa","address":"CALLE Espiritu Santo Nº 12","postal_code":"11403","places":8,"units":2,"registered":"2022-10-26","catastro":"5437401QA5653E0001GL","holder":null,"holder_count":null}},{"type":"Feature","geometry":{"type":"Point","coordinates":[-6.142874,36.685472]},"properties":{"id":"VUT/CA/15777","type":"VUT","group":"Completa","address":"CALLE LIEBRE Nº 1 Pta/Letra 25 Compl.Dom. RESIDENCIAL SIGLO XII, puerta 25","postal_code":"11408","places":2,"units":1,"registered":"2022-10-27","catastro":"5440006QA5654A0108IP","holder":"SHERRYFLAT S.L","holder_count":40}},{"type":"Feature","geometry":{"type":"Point","coordinates":[-6.13568,36.679569]},"properties":{"id":"VUT/CA/15781","type":"VUT","group":"Completa","address":"CALLE CABALLEROS Nº 39 Esc. 1 Plta/Piso 2 Pta/Letra B Compl.Dom. RES. MARIA AUXILIADORA, piso 2, puerta B","postal_code":"11403","places":2,"units":1,"registered":"2022-10-27","catastro":"6134015QA5663C0009DD","holder":null,"holder_count":null}},{"type":"Feature","geometry":{"type":"Point","coordinates":[-6.133528,36.684898]},"properties":{"id":"VUT/CA/15798","type":"VUT","group":"Completa","address":"CALLE Bizcocheros Nº 40 Plta/Piso Bajo Pta/Letra A, piso Bajo, puerta A","postal_code":"11402","places":6,"units":2,"registered":"2022-11-02","catastro":"6349305QA5664G0001ZS","holder":null,"holder_count":null}},{"type":"Feature","geometry":{"type":"Point","coordinates":[-6.131254,36.679472]},"properties":{"id":"VUT/CA/15801","type":"VUT","group":"Completa","address":"CALLE PORVENIR Nº 34 Esc. 3 Plta/Piso 1 Pta/Letra D, piso 1, puerta D","postal_code":"11401","places":4,"units":2,"registered":"2022-11-02","catastro":"6533013QA5663D0032KD","holder":null,"holder_count":null}},{"type":"Feature","geometry":{"type":"Point","coordinates":[-6.131913,36.679855]},"properties":{"id":"VUT/CA/15809","type":"VUT","group":"Completa","address":"CALLE PORVENIR Nº 22 Portal 24 Plta/Piso 4 Pta/Letra A, piso 4, puerta A","postal_code":"11401","places":4,"units":1,"registered":"2022-11-04","catastro":"6434004QA5663C0010UA","holder":"SHERRYFLAT S.L","holder_count":40}},{"type":"Feature","geometry":{"type":"Point","coordinates":[-6.138202,36.679892]},"properties":{"id":"VUT/CA/15816","type":"VUT","group":"Completa","address":"CALLE SANTA CECILIA Nº 4","postal_code":"11403","places":12,"units":6,"registered":"2022-11-06","catastro":"5934602QA5653D0001MP","holder":null,"holder_count":null}},{"type":"Feature","geometry":{"type":"Point","coordinates":[-6.137202,36.680223]},"properties":{"id":"VUT/CA/15826","type":"VUT","group":"Por habitaciones","address":"CALLE SAN MIGUEL Nº 17 Blq. 17 Plta/Piso BAJO Pta/Letra A, piso BAJO, puerta A","postal_code":"11403","places":4,"units":2,"registered":"2022-11-07","catastro":"6034813QA5663C0018KL","holder":null,"holder_count":null}},{"type":"Feature","geometry":{"type":"Point","coordinates":[-6.128102,36.692792]},"properties":{"id":"VUT/CA/15831","type":"VUT","group":"Completa","address":"AVENIDA DE MÉXICO Nº 6 Plta/Piso 1 Pta/Letra 11, piso 1, puerta 11","postal_code":"11405","places":4,"units":1,"registered":"2022-11-07","catastro":"6849018QA5664H0161SB","holder":null,"holder_count":null}},{"type":"Feature","geometry":{"type":"Point","coordinates":[-6.115138,36.702381]},"properties":{"id":"VUT/CA/15835","type":"VUT","group":"Completa","address":"CALLE MENTA Nº 36","postal_code":"11407","places":8,"units":3,"registered":"2022-11-08","catastro":"7859902QA5675H0081DY","holder":null,"holder_count":null}},{"type":"Feature","geometry":{"type":"Point","coordinates":[-6.131855,36.699944]},"properties":{"id":"VUT/CA/15849","type":"VUT","group":"Completa","address":"AVENIDA DUQUE DE ABRANTES Nº 31 Calif.Nº 25 Blq. 11 Plta/Piso BAJO Pta/Letra C, piso BAJO, puerta C","postal_code":"11407","places":8,"units":3,"registered":"2022-11-10","catastro":"6456802QA5665E0003TD","holder":null,"holder_count":null}},{"type":"Feature","geometry":{"type":"Point","coordinates":[-6.148116,36.671824]},"properties":{"id":"VUT/CA/15855","type":"VUT","group":"Completa","address":"PLAZA PUERTA BAHÍA Blq. 7 Plta/Piso 3 Pta/Letra D, piso 3, puerta D","postal_code":"11408","places":4,"units":2,"registered":"2022-11-13","catastro":"4925404QA5642D0021RE","holder":null,"holder_count":null}},{"type":"Feature","geometry":{"type":"Point","coordinates":[-6.139261,36.682721]},"properties":{"id":"VUT/CA/15872","type":"VUT","group":"Completa","address":"CALLE AMARGURA Nº 11 Plta/Piso BAJO Pta/Letra 3, piso BAJO, puerta 3","postal_code":"11403","places":4,"units":1,"registered":"2022-11-16","catastro":"5837710QA5653F0004YI","holder":null,"holder_count":null}},{"type":"Feature","geometry":{"type":"Point","coordinates":[-6.132396,36.679671]},"properties":{"id":"VUT/CA/15888","type":"VUT","group":"Completa","address":"CALLE CAMPANA Nº 12 Plta/Piso 1 Pta/Letra A, piso 1, puerta A","postal_code":"11401","places":2,"units":1,"registered":"2022-11-18","catastro":"6433001QA5663C0003JU","holder":null,"holder_count":null}},{"type":"Feature","geometry":{"type":"Point","coordinates":[-6.142038,36.674102]},"properties":{"id":"VUT/CA/15903","type":"VUT","group":"Completa","address":"CALLE MODESTO DE CASTRO Nº 2","postal_code":"11408","places":8,"units":3,"registered":"2022-11-22","catastro":"5627811QA5652F0001BA","holder":null,"holder_count":null}},{"type":"Feature","geometry":{"type":"Point","coordinates":[-6.137239,36.678408]},"properties":{"id":"VUT/CA/15933","type":"VUT","group":"Completa","address":"CALLE VICARIO Nº 22 Plta/Piso BAJO Pta/Letra B, piso BAJO, puerta B","postal_code":"11403","places":4,"units":2,"registered":"2022-11-24","catastro":"5932809QA5653B0002HH","holder":null,"holder_count":null}},{"type":"Feature","geometry":{"type":"Point","coordinates":[-6.143083,36.687733]},"properties":{"id":"VUT/CA/15943","type":"VUT","group":"Completa","address":"PLAZA SANTIAGO Nº 2","postal_code":"11404","places":10,"units":4,"registered":"2022-11-27","catastro":"5442102QA5654C0001XK","holder":null,"holder_count":null}},{"type":"Feature","geometry":{"type":"Point","coordinates":[-6.13013,36.679139]},"properties":{"id":"VUT/CA/15967","type":"VUT","group":"Completa","address":"CALLE Porvenir Nº 11 Esc. 3 Plta/Piso 1 Pta/Letra M, piso 1, puerta M","postal_code":"11401","places":4,"units":2,"registered":"2022-12-01","catastro":"6634007QA5663D0142ZM","holder":null,"holder_count":null}},{"type":"Feature","geometry":{"type":"Point","coordinates":[-6.040654,36.696477]},"properties":{"id":"VUT/CA/15970","type":"VUT","group":"Por habitaciones","address":"CALLE JACK NICKLAUS Nº 27 Pta/Letra A Compl.Dom. URB. MONTECASTILLO MANZANA 9, puerta A","postal_code":"11592","places":6,"units":2,"registered":"2022-12-02","catastro":"4554422QA6645D0001MY","holder":null,"holder_count":null}},{"type":"Feature","geometry":{"type":"Point","coordinates":[-6.145396,36.678697]},"properties":{"id":"VUT/CA/15972","type":"VUT","group":"Completa","address":"AVENIDA SANLÚCAR Nº 2 Blq. 4 Plta/Piso 9 Pta/Letra B, piso 9, puerta B","postal_code":"11408","places":3,"units":2,"registered":"2022-12-02","catastro":"5232201QA5653A0999RS","holder":null,"holder_count":null}},{"type":"Feature","geometry":{"type":"Point","coordinates":[-6.145396,36.678697]},"properties":{"id":"VUT/CA/15977","type":"VUT","group":"Completa","address":"AVENIDA De Sanlucar Nº 2 Portal 2 Plta/Piso 7 Pta/Letra D, piso 7, puerta D","postal_code":"11407","places":6,"units":2,"registered":"2022-12-05","catastro":"5232201QA5653A0083PK","holder":null,"holder_count":null}},{"type":"Feature","geometry":{"type":"Point","coordinates":[-6.132933,36.679354]},"properties":{"id":"VUT/CA/15985","type":"VUT","group":"Completa","address":"CALLE Sol Nº 29 Plta/Piso Bajo Pta/Letra A, piso Bajo, puerta A","postal_code":"11402","places":4,"units":2,"registered":"2022-12-07","catastro":"6334010QA5663C0001DT","holder":null,"holder_count":null}},{"type":"Feature","geometry":{"type":"Point","coordinates":[-6.145396,36.678697]},"properties":{"id":"VUT/CA/15987","type":"VUT","group":"Completa","address":"AVENIDA De Sanlucar Nº 2 Blq. 2 Plta/Piso 8 Pta/Letra D, piso 8, puerta D","postal_code":"11408","places":6,"units":2,"registered":"2022-12-07","catastro":"5232201QA5653A0087FX","holder":null,"holder_count":null}},{"type":"Feature","geometry":{"type":"Point","coordinates":[-6.137858,36.678767]},"properties":{"id":"VUT/CA/16013","type":"VUT","group":"Completa","address":"CALLE SANTA CLARA Nº 7 Pta/Letra 9, puerta 9","postal_code":"11403","places":5,"units":2,"registered":"2022-12-13","catastro":"5933516QA5653D0001ZP","holder":null,"holder_count":null}},{"type":"Feature","geometry":{"type":"Point","coordinates":[-6.128567,36.680612]},"properties":{"id":"VUT/CA/16039","type":"VUT","group":"Completa","address":"CALLE JUAN PUERTO ANDRADES Nº 2 Plta/Piso 4 Pta/Letra C Compl.Dom. ANTIGUA CALLE CARTUJA Nº 10, piso 4, puerta C","postal_code":"11401","places":4,"units":1,"registered":"2022-12-20","catastro":"6734101QA5663D0044IX","holder":"ALM CREDIT FINANZAS 2006 SL","holder_count":1}},{"type":"Feature","geometry":{"type":"Point","coordinates":[-6.136706,36.683711]},"properties":{"id":"VUT/CA/16048","type":"VUT","group":"Completa","address":"CALLE CUATRO JUANES  NUMERO 1 Esc. 1 Plta/Piso 2 Pta/Letra 6 Compl.Dom. EDIFICIO CENTRO COMERCIAL LOS CISNES, piso 2, puerta 6","postal_code":"11402","places":6,"units":2,"registered":"2022-12-24","catastro":"5938309QA5653H0077AO","holder":null,"holder_count":null}},{"type":"Feature","geometry":{"type":"Point","coordinates":[-6.141477,36.687623]},"properties":{"id":"VUT/CA/16053","type":"VUT","group":"Completa","address":"PLAZA MIRABAL DE RAMON CAVELI Nº 1 Pta/Letra 4, puerta 4","postal_code":"11404","places":4,"units":1,"registered":"2022-12-27","catastro":"5642836QA5654B0004OS","holder":null,"holder_count":null}},{"type":"Feature","geometry":{"type":"Point","coordinates":[-6.145707,36.705193]},"properties":{"id":"VUT/CA/16061","type":"VUT","group":"Completa","address":"CALLE MAR DE AZOV Nº 3 Compl.Dom. URBANIZACIÓN \"LOS VILLARES\"","postal_code":"11407","places":8,"units":4,"registered":"2022-12-30","catastro":"5061623QA5656A0001ZA","holder":null,"holder_count":null}},{"type":"Feature","geometry":{"type":"Point","coordinates":[-6.136026,36.677897]},"properties":{"id":"VUT/CA/16065","type":"VUT","group":"Completa","address":"CALLE SANCHO VIZCAINO Nº 6 Plta/Piso 2 Pta/Letra IZQUIERDA, piso 2, puerta IZQUIERDA","postal_code":"11401","places":8,"units":3,"registered":"2022-12-30","catastro":"6131803QA5663A0006GG","holder":null,"holder_count":null}},{"type":"Feature","geometry":{"type":"Point","coordinates":[-6.149265,36.667012]},"properties":{"id":"VUT/CA/16082","type":"VUT","group":"Completa","address":"AVENIDA ITALIA Nº 87","postal_code":"11408","places":10,"units":8,"registered":"2023-01-07","catastro":"4918201QA5641H0004UA","holder":null,"holder_count":null}},{"type":"Feature","geometry":{"type":"Point","coordinates":[-6.137631,36.683042]},"properties":{"id":"VUT/CA/16104","type":"VUT","group":"Por habitaciones","address":"CALLE algarve Nº 27 Plta/Piso 3 Pta/Letra a, piso 3, puerta a","postal_code":"11402","places":4,"units":2,"registered":"2023-01-11","catastro":"5937004QA5653F0008HS","holder":null,"holder_count":null}},{"type":"Feature","geometry":{"type":"Point","coordinates":[-6.140097,36.684082]},"properties":{"id":"VUT/CA/16148","type":"VUT","group":"Completa","address":"CALLE CASTELLANOS Nº 3 Esc. 1 Plta/Piso 0 Pta/Letra 1, piso 0, puerta 1","postal_code":"11403","places":4,"units":1,"registered":"2023-01-17","catastro":"5638203QA5653H0017RD","holder":null,"holder_count":null}},{"type":"Feature","geometry":{"type":"Point","coordinates":[-6.137095,36.681743]},"properties":{"id":"VUT/CA/16161","type":"VUT","group":"Completa","address":"PLAZA ESTEVE Nº 2 Plta/Piso 1 Pta/Letra 4, piso 1, puerta 4","postal_code":"11402","places":5,"units":2,"registered":"2023-01-17","catastro":"6036702QA5663E0012GI","holder":"SHERRYFLAT S.L","holder_count":40}},{"type":"Feature","geometry":{"type":"Point","coordinates":[-6.125678,36.677102]},"properties":{"id":"VUT/CA/16174","type":"VUT","group":"Completa","address":"CALLE ARGÜELLES Nº 34 Plta/Piso 3 Pta/Letra B Compl.Dom. URBANIZACION CERET MUNDO NUEVO, piso 3, puerta B","postal_code":"11401","places":7,"units":3,"registered":"2023-01-18","catastro":"7031005QA5673A0056AI","holder":null,"holder_count":null}},{"type":"Feature","geometry":{"type":"Point","coordinates":[-6.125252,36.670473]},"properties":{"id":"VUT/CA/16181","type":"VUT","group":"Completa","address":"CALLE FRATERNIDAD Nº 6 Portal 1 Plta/Piso 5 Pta/Letra B, piso 5, puerta B","postal_code":"11408","places":4,"units":2,"registered":"2023-01-19","catastro":"7124004QA5672C0054KU","holder":null,"holder_count":null}},{"type":"Feature","geometry":{"type":"Point","coordinates":[-6.136706,36.683711]},"properties":{"id":"VUT/CA/16191","type":"VUT","group":"Completa","address":"CALLE Larga Nº 23 Plta/Piso 2 Pta/Letra 13 Compl.Dom. Conjunto Residencial Los Cisnes, piso 2, puerta 13","postal_code":"11402","places":2,"units":1,"registered":"2023-01-21","catastro":"5938309QA5653H0084GD","holder":null,"holder_count":null}},{"type":"Feature","geometry":{"type":"Point","coordinates":[-6.135356,36.678193]},"properties":{"id":"VUT/CA/16260","type":"VUT","group":"Completa","address":"CALLE MOLINO DE VIENTO Nº 6","postal_code":"11401","places":10,"units":3,"registered":"2023-01-30","catastro":"6132003QA5663A0001YP","holder":"HONEY VIAJES, S.L.","holder_count":1}},{"type":"Feature","geometry":{"type":"Point","coordinates":[-6.137906,36.687494]},"properties":{"id":"VUT/CA/16270","type":"VUT","group":"Completa","address":"CALLE SAN JUAN DE DIOS Nº 7-9 Plta/Piso 1 Pta/Letra 19, piso 1, puerta 19","postal_code":"11403","places":6,"units":3,"registered":"2023-01-31","catastro":"5842008QA5654B0053IM","holder":null,"holder_count":null}},{"type":"Feature","geometry":{"type":"Point","coordinates":[-6.146071,36.683084]},"properties":{"id":"VUT/CA/16286","type":"VUT","group":"Completa","address":"CALLE SAN BLAS Nº 12 Pta/Letra 2, puerta 2","postal_code":"11403","places":4,"units":2,"registered":"2023-02-02","catastro":"5238006QA5653G0051IE","holder":null,"holder_count":null}},{"type":"Feature","geometry":{"type":"Point","coordinates":[-6.131572,36.678005]},"properties":{"id":"VUT/CA/16296","type":"VUT","group":"Completa","address":"CALLE SAN CLEMENTE Nº 2 Plta/Piso BAJO Pta/Letra E, piso BAJO, puerta E","postal_code":"11401","places":6,"units":2,"registered":"2023-02-02","catastro":"6432016QA5663A0002RA","holder":null,"holder_count":null}},{"type":"Feature","geometry":{"type":"Point","coordinates":[-6.14023,36.682969]},"properties":{"id":"VUT/CA/16317","type":"VUT","group":"Completa","address":"PLAZA ARROYO Nº 2 Portal 3 Plta/Piso 2 Pta/Letra A, piso 2, puerta A","postal_code":"11403","places":4,"units":1,"registered":"2023-02-04","catastro":"5637301QA5653F0010QA","holder":null,"holder_count":null}},{"type":"Feature","geometry":{"type":"Point","coordinates":[-6.103155,36.684846]},"properties":{"id":"VUT/CA/16326","type":"VUT","group":"Completa","address":"CALLE CASIOPEA Nº 1","postal_code":"11406","places":5,"units":3,"registered":"2023-02-06","catastro":"9039115QA5693G0001SU","holder":null,"holder_count":null}},{"type":"Feature","geometry":{"type":"Point","coordinates":[-6.141563,36.692083]},"properties":{"id":"VUT/CA/16327","type":"VUT","group":"Por habitaciones","address":"PLAZA Dr. Juan Planelles Ripoll Nº 2 Plta/Piso Bajo Pta/Letra Izquierda, piso Bajo, puerta Izquierda","postal_code":"11404","places":3,"units":3,"registered":"2023-02-06","catastro":"5547102QA5654F0002JM","holder":null,"holder_count":null}},{"type":"Feature","geometry":{"type":"Point","coordinates":[-6.133832,36.68336]},"properties":{"id":"VUT/CA/16335","type":"VUT","group":"Completa","address":"CALLE FONTANA Nº 5 Plta/Piso 1 Pta/Letra E, piso 1, puerta E","postal_code":"11402","places":3,"units":2,"registered":"2023-02-07","catastro":"6237220QA5663E0005LR","holder":"SHERRYFLAT S.L","holder_count":40}},{"type":"Feature","geometry":{"type":"Point","coordinates":[-6.145396,36.678697]},"properties":{"id":"VUT/CA/16359","type":"VUT","group":"Completa","address":"AVENIDA DE SANLUCAR Portal 3 Plta/Piso 5 Pta/Letra A Compl.Dom. RESIDENCIAL ERMITA DE GUIA, piso 5, puerta A","postal_code":"11408","places":4,"units":2,"registered":"2023-02-09","catastro":"5232201QA5653A0999RS","holder":null,"holder_count":null}},{"type":"Feature","geometry":{"type":"Point","coordinates":[-6.136156,36.679713]},"properties":{"id":"VUT/CA/16365","type":"VUT","group":"Completa","address":"CALLE CABALLERO Nº 34","postal_code":"11403","places":6,"units":3,"registered":"2023-02-09","catastro":"6034006QA5663C0004II","holder":null,"holder_count":null}},{"type":"Feature","geometry":{"type":"Point","coordinates":[-6.135733,36.679626]},"properties":{"id":"VUT/CA/16372","type":"VUT","group":"Por habitaciones","address":"CALLE Caballeros Nº 37 Plta/Piso 2 Pta/Letra 1, piso 2, puerta 1","postal_code":"11403","places":2,"units":1,"registered":"2023-02-10","catastro":"6134016QA5663C0004JI","holder":null,"holder_count":null}},{"type":"Feature","geometry":{"type":"Point","coordinates":[-6.133259,36.68571]},"properties":{"id":"VUT/CA/16387","type":"VUT","group":"Completa","address":"CALLE VALIENTES Nº 12 Pta/Letra H, puerta H","postal_code":"11402","places":6,"units":4,"registered":"2023-02-13","catastro":"6341608QA5664A0018AK","holder":null,"holder_count":null}},{"type":"Feature","geometry":{"type":"Point","coordinates":[-6.145396,36.678697]},"properties":{"id":"VUT/CA/16399","type":"VUT","group":"Completa","address":"AVENIDA DE SANLUCAR Nº 2 Portal 3 Plta/Piso 6 Pta/Letra D Compl.Dom. PUERTA DE LA ERMITA, piso 6, puerta D","postal_code":"11408","places":5,"units":2,"registered":"2023-02-13","catastro":"5232201QA5653A0118GM","holder":"OLE SOLUTIONS HOLIDAY RENTALS S.L.","holder_count":52}},{"type":"Feature","geometry":{"type":"Point","coordinates":[-6.145396,36.678697]},"properties":{"id":"VUT/CA/16400","type":"VUT","group":"Completa","address":"AVENIDA SANLUCAR DE BARRAMEDA Nº 2 Portal 3 Plta/Piso 9 Pta/Letra C, piso 9, puerta C","postal_code":"11408","places":6,"units":2,"registered":"2023-02-13","catastro":"5232201QA5653A0129MI","holder":"OLE SOLUTIONS HOLIDAY RENTALS S.L.","holder_count":52}},{"type":"Feature","geometry":{"type":"Point","coordinates":[-6.145016,36.689917]},"properties":{"id":"VUT/CA/16422","type":"VUT","group":"Completa","address":"CALLE MARQUES DE CADIZ Nº 10 Pta/Letra 4, puerta 4","postal_code":"11404","places":4,"units":2,"registered":"2023-02-15","catastro":"5245008QA5654E0001AD","holder":null,"holder_count":null}},{"type":"Feature","geometry":{"type":"Point","coordinates":[-6.129388,36.677966]},"properties":{"id":"VUT/CA/16426","type":"VUT","group":"Por habitaciones","address":"CALLE ALAMOS Nº 15","postal_code":"11401","places":6,"units":4,"registered":"2023-02-15","catastro":"6732013QA5663B0001ZL","holder":null,"holder_count":null}},{"type":"Feature","geometry":{"type":"Point","coordinates":[-6.094667,36.701944]},"properties":{"id":"VUT/CA/16474","type":"VUT","group":"Por habitaciones","address":"COLONIA DE CAULINA Nº 27 Pta/Letra B, puerta B","postal_code":"11405","places":2,"units":1,"registered":"2023-02-20","catastro":"53020A157001740000IU","holder":null,"holder_count":null}},{"type":"Feature","geometry":{"type":"Point","coordinates":[-6.140045,36.683863]},"properties":{"id":"VUT/CA/16541","type":"VUT","group":"Completa","address":"CALLE CARMEN Nº 3 Plta/Piso 1 Pta/Letra D, piso 1, puerta D","postal_code":"11403","places":4,"units":2,"registered":"2023-02-26","catastro":"5638206QA5653H0009EI","holder":"OLE SOLUTIONS HOLIDAY RENTALS S.L.","holder_count":52}},{"type":"Feature","geometry":{"type":"Point","coordinates":[-6.1357,36.680162]},"properties":{"id":"VUT/CA/16555","type":"VUT","group":"Completa","address":"CALLE CABALLEROS Nº 33 Pta/Letra R-4 Compl.Dom. EDIFICIO EL PALACIO, puerta R-4","postal_code":"11402","places":8,"units":4,"registered":"2023-02-28","catastro":"6134006QA5663C0048OJ","holder":null,"holder_count":null}},{"type":"Feature","geometry":{"type":"Point","coordinates":[-6.135291,36.680601]},"properties":{"id":"VUT/CA/16557","type":"VUT","group":"Por habitaciones","address":"CALLE cotofre Nº 4","postal_code":"11403","places":5,"units":5,"registered":"2023-02-28","catastro":"6134008QA5663C0001GT","holder":"E-JAG NEGOCIO E INVERSION SL","holder_count":1}},{"type":"Feature","geometry":{"type":"Point","coordinates":[-6.145016,36.689917]},"properties":{"id":"VUT/CA/16576","type":"VUT","group":"Completa","address":"CALLE MARQUÉS DE CÁDIZ Nº 10 Pta/Letra 3, puerta 3","postal_code":"11404","places":4,"units":2,"registered":"2023-03-02","catastro":"5245008QA5654E0003DG","holder":null,"holder_count":null}},{"type":"Feature","geometry":{"type":"Point","coordinates":[-6.100978,36.69823]},"properties":{"id":"VUT/CA/16590","type":"VUT","group":"Completa","address":"PLAZA ALGODONALES Nº 10 Plta/Piso 4 Pta/Letra D Compl.Dom. BARRIADA LA GRANJA, piso 4, puerta D","postal_code":"11405","places":4,"units":3,"registered":"2023-03-02","catastro":"9155203QA5695E0020DD","holder":null,"holder_count":null}},{"type":"Feature","geometry":{"type":"Point","coordinates":[-6.143272,36.687482]},"properties":{"id":"VUT/CA/16670","type":"VUT","group":"Completa","address":"PLAZA SANTIAGO Nº 1 Plta/Piso 3 Pta/Letra AB, piso 3, puerta AB","postal_code":"11403","places":10,"units":4,"registered":"2023-03-08","catastro":"5342401QA5654A0008JU","holder":null,"holder_count":null}},{"type":"Feature","geometry":{"type":"Point","coordinates":[-6.143524,36.688415]},"properties":{"id":"VUT/CA/16721","type":"VUT","group":"Completa","address":"CALLE JARDINILLO Nº 1 Plta/Piso BAJO Pta/Letra DPDO, piso BAJO, puerta DPDO","postal_code":"11404","places":12,"units":6,"registered":"2023-03-14","catastro":"5344301QA5654C0006ZM","holder":"CRISTIRENE, S.L.","holder_count":2}},{"type":"Feature","geometry":{"type":"Point","coordinates":[-6.137202,36.680223]},"properties":{"id":"VUT/CA/16726","type":"VUT","group":"Completa","address":"CALLE SAN MIGUEL Nº 17 Plta/Piso 2, piso 2","postal_code":"11401","places":4,"units":2,"registered":"2023-03-14","catastro":"6034813QA5663C0024ZX","holder":null,"holder_count":null}},{"type":"Feature","geometry":{"type":"Point","coordinates":[-6.143551,36.685708]},"properties":{"id":"VUT/CA/16747","type":"VUT","group":"Completa","address":"PLAZA Carrizosa Nº 9 Plta/Piso bajo Pta/Letra 7, piso bajo, puerta 7","postal_code":"11403","places":6,"units":2,"registered":"2023-03-15","catastro":"5440009qa5654a0007iy","holder":"OLE SOLUTIONS HOLIDAY RENTALS S.L.","holder_count":52}},{"type":"Feature","geometry":{"type":"Point","coordinates":[-6.143444,36.68391]},"properties":{"id":"VUT/CA/16830","type":"VUT","group":"Completa","address":"PLAZA BASURTO Nº 10 Plta/Piso BJ Pta/Letra C, piso BJ, puerta C","postal_code":"11403","places":3,"units":1,"registered":"2023-03-22","catastro":"5338007QA5653G0004MJ","holder":null,"holder_count":null}},{"type":"Feature","geometry":{"type":"Point","coordinates":[-6.138048,36.690976]},"properties":{"id":"VUT/CA/16839","type":"VUT","group":"Completa","address":"RESIDENCIAL VALDESPINO Nº 6 Plta/Piso 2 Pta/Letra D, piso 2, puerta D","postal_code":"11402","places":4,"units":1,"registered":"2023-03-22","catastro":"5945047QA5654F0010BT","holder":null,"holder_count":null}},{"type":"Feature","geometry":{"type":"Point","coordinates":[-6.128637,36.706045]},"properties":{"id":"VUT/CA/16852","type":"VUT","group":"Completa","address":"AVENIDA LEBRIJA Nº 8 Plta/Piso 3 Pta/Letra E Compl.Dom. URBANIZACION CERET ALTO, piso 3, puerta E","postal_code":"11407","places":7,"units":3,"registered":"2023-03-23","catastro":"6663201QA5666D0049PO","holder":null,"holder_count":null}},{"type":"Feature","geometry":{"type":"Point","coordinates":[-6.142445,36.682598]},"properties":{"id":"VUT/CA/16873","type":"VUT","group":"Completa","address":"PLAZA DEL ARROYO Nº 34-35 Blq. 1 Plta/Piso 3 Pta/Letra B, piso 3, puerta B","postal_code":"11403","places":4,"units":1,"registered":"2023-03-26","catastro":"5537706QA5653E0050YU","holder":"Benbo Adminnistración y Servicios SL","holder_count":7}},{"type":"Feature","geometry":{"type":"Point","coordinates":[-6.133248,36.682109]},"properties":{"id":"VUT/CA/16891","type":"VUT","group":"Por habitaciones","address":"CALLE MEDINA Nº 26","postal_code":"11401","places":4,"units":2,"registered":"2023-03-28","catastro":"6236304QA5663E0001HM","holder":null,"holder_count":null}},{"type":"Feature","geometry":{"type":"Point","coordinates":[-6.140769,36.686823]},"properties":{"id":"VUT/CA/16944","type":"VUT","group":"Completa","address":"PLAZA COCHERAS Nº 1 Pta/Letra 6, puerta 6","postal_code":"11403","places":4,"units":2,"registered":"2023-03-31","catastro":"5642508QA5654B0011FH","holder":null,"holder_count":null}},{"type":"Feature","geometry":{"type":"Point","coordinates":[-6.130115,36.691702]},"properties":{"id":"VUT/CA/16992","type":"VUT","group":"Completa","address":"CALLE ISABELITA RUIZ Nº 1 Plta/Piso 2 Pta/Letra B Compl.Dom. EDIFICIO HUELVA III, piso 2, puerta B","postal_code":"11405","places":4,"units":1,"registered":"2023-04-06","catastro":"6548405QA5664H0027QK","holder":null,"holder_count":null}},{"type":"Feature","geometry":{"type":"Point","coordinates":[-6.130115,36.691702]},"properties":{"id":"VUT/CA/16993","type":"VUT","group":"Completa","address":"CALLE ISABELITA RUIZ Nº 1 Plta/Piso 3 Pta/Letra B Compl.Dom. EDIFICIO HUELVA III, piso 3, puerta B","postal_code":"11405","places":4,"units":1,"registered":"2023-04-06","catastro":"6548405QA5664H0044SY","holder":null,"holder_count":null}},{"type":"Feature","geometry":{"type":"Point","coordinates":[-6.139492,36.6824]},"properties":{"id":"VUT/CA/17016","type":"VUT","group":"Por habitaciones","address":"CALLE SANTA ISABEL Nº 7 Plta/Piso 1, piso 1","postal_code":"11403","places":4,"units":2,"registered":"2023-04-10","catastro":"5737306QA5653F0002PY","holder":null,"holder_count":null}},{"type":"Feature","geometry":{"type":"Point","coordinates":[-6.137142,36.680942]},"properties":{"id":"VUT/CA/17022","type":"VUT","group":"Completa","address":"CALLE Caballeros Nº 10 Esc. 1 Plta/Piso 2 Pta/Letra 2, piso 2, puerta 2","postal_code":"11403","places":6,"units":3,"registered":"2023-04-10","catastro":"5935206QA5653F0005YO","holder":null,"holder_count":null}},{"type":"Feature","geometry":{"type":"Point","coordinates":[-6.146368,36.698354]},"properties":{"id":"VUT/CA/17024","type":"VUT","group":"Completa","address":"PLAZA CEJILLA Nº 3 Plta/Piso 10 Pta/Letra B, piso 10, puerta B","postal_code":"11404","places":6,"units":3,"registered":"2023-04-10","catastro":"5154701QA5655C0043ZL","holder":null,"holder_count":null}},{"type":"Feature","geometry":{"type":"Point","coordinates":[-6.112728,36.688337]},"properties":{"id":"VUT/CA/17031","type":"VUT","group":"Completa","address":"URBANIZACION TORRES BLANCAS Nº 1 Blq. 1 Portal 8 Pta/Letra B, puerta B","postal_code":"11405","places":6,"units":3,"registered":"2023-04-11","catastro":"8043809QA5684C0034YI","holder":null,"holder_count":null}},{"type":"Feature","geometry":{"type":"Point","coordinates":[-6.155256,36.66339]},"properties":{"id":"VUT/CA/17035","type":"VUT","group":"Completa","address":"CALLE MALTA Nº 51","postal_code":"11408","places":12,"units":5,"registered":"2023-04-11","catastro":"4415101QA5641E0051FH","holder":"LOFT Y APARTAMENTOS JEREZ CENTRO S.L.","holder_count":4}},{"type":"Feature","geometry":{"type":"Point","coordinates":[-6.13395,36.689248]},"properties":{"id":"VUT/CA/17036","type":"VUT","group":"Completa","address":"CALLE Nuño de Cañas Nº 4-6 Blq. 3 Plta/Piso 1-D, piso 1-D","postal_code":"11407","places":6,"units":2,"registered":"2023-04-11","catastro":"6244602QA5664C0026IK","holder":null,"holder_count":null}},{"type":"Feature","geometry":{"type":"Point","coordinates":[-6.129204,36.676256]},"properties":{"id":"VUT/CA/17039","type":"VUT","group":"Completa","address":"CALLE PUERTA DEL SOL Nº 26(C) Esc. 1 Plta/Piso 5 Pta/Letra 67, piso 5, puerta 67","postal_code":"11401","places":8,"units":3,"registered":"2023-04-11","catastro":"6631030QA5663B0021XP","holder":null,"holder_count":null}},{"type":"Feature","geometry":{"type":"Point","coordinates":[-6.145016,36.689917]},"properties":{"id":"VUT/CA/17045","type":"VUT","group":"Completa","address":"CALLE MARQUES DE CADIZ Nº 10 Plta/Piso BAJO Pta/Letra 1, piso BAJO, puerta 1","postal_code":"11404","places":5,"units":2,"registered":"2023-04-11","catastro":"5245008QA5654E1001OA","holder":"MARKETER GLOBAL MEDIA SLU","holder_count":2}},{"type":"Feature","geometry":{"type":"Point","coordinates":[-6.139437,36.683103]},"properties":{"id":"VUT/CA/17050","type":"VUT","group":"Completa","address":"CALLE AMARGURA Nº 3 Plta/Piso 0 Pta/Letra 3, piso 0, puerta 3","postal_code":"11403","places":4,"units":2,"registered":"2023-04-11","catastro":null,"holder":null,"holder_count":null}},{"type":"Feature","geometry":{"type":"Point","coordinates":[-6.106633,36.688004]},"properties":{"id":"VUT/CA/17054","type":"VUT","group":"Por habitaciones","address":"CALLE Bidasoa Nº 31 Pta/Letra A, puerta A","postal_code":"11406","places":3,"units":1,"registered":"2023-04-12","catastro":"8644413QA5684D0001QH","holder":null,"holder_count":null}},{"type":"Feature","geometry":{"type":"Point","coordinates":[-6.137121,36.681643]},"properties":{"id":"VUT/CA/17075","type":"VUT","group":"Completa","address":"CALLE Corredera Nº 3 Plta/Piso 6, piso 6","postal_code":"11402","places":6,"units":3,"registered":"2023-04-13","catastro":"6036706QA5663E0008RU","holder":"SMART RENT GESTION DE INMUEBLES S.L.","holder_count":6}},{"type":"Feature","geometry":{"type":"Point","coordinates":[-6.137121,36.681643]},"properties":{"id":"VUT/CA/17077","type":"VUT","group":"Completa","address":"CALLE CORREDERA Nº 3 Plta/Piso 5, piso 5","postal_code":"11402","places":6,"units":3,"registered":"2023-04-13","catastro":"6036706QA5663E0007EY","holder":"SMART RENT GESTION DE INMUEBLES S.L","holder_count":1}},{"type":"Feature","geometry":{"type":"Point","coordinates":[-6.140399,36.689002]},"properties":{"id":"VUT/CA/17127","type":"VUT","group":"Completa","address":"CALLE PONCE Nº 13 Plta/Piso 2 Pta/Letra B, piso 2, puerta B","postal_code":"11403","places":4,"units":1,"registered":"2023-04-18","catastro":"5644012QA5654D0018BK","holder":null,"holder_count":null}},{"type":"Feature","geometry":{"type":"Point","coordinates":[-6.145396,36.678697]},"properties":{"id":"VUT/CA/17128","type":"VUT","group":"Completa","address":"AVENIDA SAN LUCAR Nº 2 Portal 2 Plta/Piso 8 Pta/Letra A, piso 8, puerta A","postal_code":"11408","places":6,"units":2,"registered":"2023-04-18","catastro":"5232201QA5653A0084AL","holder":"SMART COST SLU","holder_count":1}},{"type":"Feature","geometry":{"type":"Point","coordinates":[-6.145396,36.678697]},"properties":{"id":"VUT/CA/17133","type":"VUT","group":"Completa","address":"AUTOPISTA SAN LUCAR Nº 2 Portal 5 Plta/Piso 2 Pta/Letra A, piso 2, puerta A","postal_code":"11408","places":8,"units":3,"registered":"2023-04-18","catastro":"5232201QA5653A0175IH","holder":null,"holder_count":null}},{"type":"Feature","geometry":{"type":"Point","coordinates":[-6.146105,36.684481]},"properties":{"id":"VUT/CA/17186","type":"VUT","group":"Por habitaciones","address":"CALLE Almendrillo Nº 9 Portal 1 Esc. 0 Plta/Piso 0 Pta/Letra 1, piso 0, puerta 1","postal_code":"11408","places":4,"units":1,"registered":"2023-04-21","catastro":"5140010QA5654A0001IM","holder":null,"holder_count":null}},{"type":"Feature","geometry":{"type":"Point","coordinates":[-6.139332,36.689597]},"properties":{"id":"VUT/CA/17201","type":"VUT","group":"Completa","address":"CALLE POZO DEL OLIVAR Nº 5 Esc. 1 Plta/Piso 0 Pta/Letra 3, piso 0, puerta 3","postal_code":"11403","places":4,"units":1,"registered":"2023-04-24","catastro":"5646021QA5654F0003EQ","holder":null,"holder_count":null}},{"type":"Feature","geometry":{"type":"Point","coordinates":[-6.112621,36.706074]},"properties":{"id":"VUT/CA/17210","type":"VUT","group":"Completa","address":"CALLE VIRGEN DE LA ESTRELLA Nº 2 Plta/Piso 1 Pta/Letra B Compl.Dom. EDIFICIO MALVASIA, 1, piso 1, puerta B","postal_code":"11405","places":4,"units":2,"registered":"2023-04-24","catastro":"8063401QA5686C0008JW","holder":"EQUIPO AMAVAL, S.L.","holder_count":1}},{"type":"Feature","geometry":{"type":"Point","coordinates":[-6.137121,36.681643]},"properties":{"id":"VUT/CA/17227","type":"VUT","group":"Completa","address":"CALLE CORREDERA Nº 3 Plta/Piso 1, piso 1","postal_code":"11402","places":6,"units":3,"registered":"2023-04-25","catastro":"6036706QA5663E0003XW","holder":null,"holder_count":null}},{"type":"Feature","geometry":{"type":"Point","coordinates":[-6.145016,36.689917]},"properties":{"id":"VUT/CA/17230","type":"VUT","group":"Completa","address":"CALLE MARQUES DE CADIZ Nº 10 Pta/Letra 2, puerta 2","postal_code":"11404","places":4,"units":2,"registered":"2023-04-25","catastro":"5245008QA5654E0001AD","holder":null,"holder_count":null}},{"type":"Feature","geometry":{"type":"Point","coordinates":[-6.12992,36.675878]},"properties":{"id":"VUT/CA/17233","type":"VUT","group":"Completa","address":"CALLE VISTA ALEGRE Nº 3 Esc. 1 Plta/Piso 1 Pta/Letra B, piso 1, puerta B","postal_code":"11401","places":6,"units":3,"registered":"2023-04-25","catastro":"6630502QA5663B0005JM","holder":null,"holder_count":null}},{"type":"Feature","geometry":{"type":"Point","coordinates":[-6.137121,36.681643]},"properties":{"id":"VUT/CA/17236","type":"VUT","group":"Completa","address":"CALLE CORREDERA Nº 3 Plta/Piso 2, piso 2","postal_code":"11402","places":6,"units":3,"registered":"2023-04-26","catastro":"6036706QA5663E0004ME","holder":null,"holder_count":null}},{"type":"Feature","geometry":{"type":"Point","coordinates":[-6.137121,36.681643]},"properties":{"id":"VUT/CA/17239","type":"VUT","group":"Completa","address":"CALLE CORREDERA Nº 3 Plta/Piso 3, piso 3","postal_code":"11402","places":6,"units":3,"registered":"2023-04-26","catastro":"6036706QA5663E0005QR","holder":"SETAC CLIMATIZACIÓN, S.L.","holder_count":2}},{"type":"Feature","geometry":{"type":"Point","coordinates":[-6.137121,36.681643]},"properties":{"id":"VUT/CA/17242","type":"VUT","group":"Completa","address":"CALLE CORREDERA Nº 3 Plta/Piso 4, piso 4","postal_code":"11402","places":6,"units":3,"registered":"2023-04-26","catastro":"6036706QA5663E0006WT","holder":"SETAC CLIMATIZACIÓN, S.L.","holder_count":2}},{"type":"Feature","geometry":{"type":"Point","coordinates":[-6.139042,36.686876]},"properties":{"id":"VUT/CA/17244","type":"VUT","group":"Completa","address":"CALLE PORVERA Nº 27 Blq. A Plta/Piso 3 Pta/Letra B, piso 3, puerta B","postal_code":"11403","places":6,"units":3,"registered":"2023-04-26","catastro":"5741309QA5654B0003BA","holder":null,"holder_count":null}},{"type":"Feature","geometry":{"type":"Point","coordinates":[-6.139042,36.686876]},"properties":{"id":"VUT/CA/17246","type":"VUT","group":"Completa","address":"CALLE PORVERA Nº 27 Blq. A Plta/Piso 3 Pta/Letra A, piso 3, puerta A","postal_code":"11403","places":4,"units":2,"registered":"2023-04-26","catastro":"5741309QA5654B3001SE","holder":null,"holder_count":null}},{"type":"Feature","geometry":{"type":"Point","coordinates":[-6.118899,36.687018]},"properties":{"id":"VUT/CA/17248","type":"VUT","group":"Completa","address":"PLAZA LOS PINOS Nº 12 Plta/Piso 4 Pta/Letra C, piso 4, puerta C","postal_code":"11405","places":3,"units":3,"registered":"2023-04-26","catastro":"7642117QA5674C0020GH","holder":null,"holder_count":null}},{"type":"Feature","geometry":{"type":"Point","coordinates":[-6.126497,36.70669]},"properties":{"id":"VUT/CA/17259","type":"VUT","group":"Completa","address":"CARRETERA RONDA CIRCUNVALACIÓN Nº 1 Calif.Nº D Blq. 3 Plta/Piso 3 Pta/Letra A, piso 3, puerta A","postal_code":"11407","places":4,"units":1,"registered":"2023-04-27","catastro":"6864601QA5666d0073UQ","holder":null,"holder_count":null}},{"type":"Feature","geometry":{"type":"Point","coordinates":[-6.132649,36.682972]},"properties":{"id":"VUT/CA/17266","type":"VUT","group":"Completa","address":"CALLE AVILA Nº 10 Plta/Piso 1 Pta/Letra 10, piso 1, puerta 10","postal_code":"11401","places":8,"units":3,"registered":"2023-04-27","catastro":"6338007QA5663G0010HQ","holder":null,"holder_count":null}},{"type":"Feature","geometry":{"type":"Point","coordinates":[-6.143272,36.687482]},"properties":{"id":"VUT/CA/17267","type":"VUT","group":"Completa","address":"PLAZA SANTIAGO Nº 1 Plta/Piso 3 Pta/Letra A, piso 3, puerta A","postal_code":"11403","places":10,"units":4,"registered":"2023-04-27","catastro":"5342401QA5654A0008JU","holder":null,"holder_count":null}},{"type":"Feature","geometry":{"type":"Point","coordinates":[-6.133859,36.682301]},"properties":{"id":"VUT/CA/17286","type":"VUT","group":"Completa","address":"CALLE Evora Nº 24 Plta/Piso 1 Pta/Letra c, piso 1, puerta c","postal_code":"11402","places":6,"units":2,"registered":"2023-04-28","catastro":"6236326QA5663E0005ER","holder":null,"holder_count":null}},{"type":"Feature","geometry":{"type":"Point","coordinates":[-6.12334,36.679028]},"properties":{"id":"VUT/CA/17303","type":"VUT","group":"Completa","address":"CALLE GRAN CANARIA Nº 17 Compl.Dom. URBANIZACION PARQUE DEL RETIRO","postal_code":"11406","places":6,"units":3,"registered":"2023-05-01","catastro":"7133601QA5673C0159UO","holder":null,"holder_count":null}},{"type":"Feature","geometry":{"type":"Point","coordinates":[-6.137362,36.677875]},"properties":{"id":"VUT/CA/17328","type":"VUT","group":"Completa","address":"CALLE RONDA DE MULEROS Nº 8 Portal 2 Plta/Piso 3 Pta/Letra E Compl.Dom. RESIDENCIAL ALTOS DE JEREZ, piso 3, puerta E","postal_code":"11401","places":4,"units":2,"registered":"2023-05-02","catastro":"5932606QA5653B0000WF","holder":null,"holder_count":null}},{"type":"Feature","geometry":{"type":"Point","coordinates":[-6.140508,36.687429]},"properties":{"id":"VUT/CA/17331","type":"VUT","group":"Completa","address":"CALLE Chancillería Nº 4 Plta/Piso 2 Pta/Letra D, piso 2, puerta D","postal_code":"11403","places":6,"units":3,"registered":"2023-05-03","catastro":"5642810QA5654B0007HG","holder":null,"holder_count":null}},{"type":"Feature","geometry":{"type":"Point","coordinates":[-6.135645,36.688162]},"properties":{"id":"VUT/CA/17340","type":"VUT","group":"Completa","address":"CALLE San Cayetano Nº 4 Plta/Piso 1 Pta/Letra 1 Compl.Dom. Edifico San Cayetano, piso 1, puerta 1","postal_code":"11402","places":2,"units":1,"registered":"2023-05-03","catastro":"6244614QA5664C0071RW","holder":null,"holder_count":null}},{"type":"Feature","geometry":{"type":"Point","coordinates":[-6.135645,36.688162]},"properties":{"id":"VUT/CA/17360","type":"VUT","group":"Completa","address":"CALLE SAN CAYETANO Nº 4 Plta/Piso 2 Pta/Letra 35, piso 2, puerta 35","postal_code":"11402","places":3,"units":1,"registered":"2023-05-03","catastro":"6244614QA5664C0105IY","holder":null,"holder_count":null}},{"type":"Feature","geometry":{"type":"Point","coordinates":[-6.133579,36.679646]},"properties":{"id":"VUT/CA/17375","type":"VUT","group":"Completa","address":"CALLE sol Nº 24 Plta/Piso 0, piso 0","postal_code":"11402","places":2,"units":1,"registered":"2023-05-04","catastro":"6233017QA5663C1001IE","holder":null,"holder_count":null}},{"type":"Feature","geometry":{"type":"Point","coordinates":[-6.114764,36.680693]},"properties":{"id":"VUT/CA/17429","type":"VUT","group":"Por habitaciones","address":"CALLE HIBISCO Nº 2","postal_code":"11406","places":4,"units":2,"registered":"2023-05-08","catastro":"7935207QA5673F0001FD","holder":null,"holder_count":null}},{"type":"Feature","geometry":{"type":"Point","coordinates":[-6.107213,36.699584]},"properties":{"id":"VUT/CA/17455","type":"VUT","group":"Completa","address":"CALLE JOSE MANUEL CABALLERO BONALD Nº 4 Blq. 3 Plta/Piso 5 Pta/Letra C Compl.Dom. EDIFICIO RONDA NORTE, piso 5, puerta C","postal_code":"11405","places":6,"units":3,"registered":"2023-05-10","catastro":"8556401QA5685F0003ZU","holder":"ALLO APARTMENTS HOLYDAYS S.L.U.","holder_count":4}},{"type":"Feature","geometry":{"type":"Point","coordinates":[-6.135613,36.68555]},"properties":{"id":"VUT/CA/17462","type":"VUT","group":"Completa","address":"CALLE CARACUEL Nº 3 Plta/Piso 1 Pta/Letra 4, piso 1, puerta 4","postal_code":"11402","places":4,"units":2,"registered":"2023-05-10","catastro":"6041013QA5664A0004KU","holder":"SHERRYFLAT S.L","holder_count":40}},{"type":"Feature","geometry":{"type":"Point","coordinates":[-6.133859,36.682301]},"properties":{"id":"VUT/CA/17472","type":"VUT","group":"Completa","address":"CALLE EVORA Nº 24","postal_code":"11405","places":10,"units":5,"registered":"2023-05-11","catastro":"6236326QA5663E0007TY","holder":null,"holder_count":null}},{"type":"Feature","geometry":{"type":"Point","coordinates":[-6.156075,36.664438]},"properties":{"id":"VUT/CA/17503","type":"VUT","group":"Completa","address":"CALLE IRLANDA Nº 55","postal_code":"11408","places":12,"units":5,"registered":"2023-05-15","catastro":"4316101QA5641E0055IB","holder":"LOFT Y APARTAMENTOS JEREZ CENTRO S.L.","holder_count":4}},{"type":"Feature","geometry":{"type":"Point","coordinates":[-6.147093,36.687858]},"properties":{"id":"VUT/CA/17520","type":"VUT","group":"Completa","address":"CALLE Armas de Santiago Nº 15 DPD Plta/Piso 1 Pta/Letra F, piso 1, puerta F","postal_code":"11408","places":4,"units":1,"registered":"2023-05-16","catastro":"5143021QA5654C0013SR","holder":null,"holder_count":null}},{"type":"Feature","geometry":{"type":"Point","coordinates":[-6.134148,36.682581]},"properties":{"id":"VUT/CA/17586","type":"VUT","group":"Completa","address":"CALLE BODEGAS Nº 2 Blq. 1 Plta/Piso 1 Pta/Letra D, piso 1, puerta D","postal_code":"11402","places":4,"units":2,"registered":"2023-05-19","catastro":"6237007QA5663E0014MP","holder":"SHERRYFLAT S.L","holder_count":40}},{"type":"Feature","geometry":{"type":"Point","coordinates":[-6.126497,36.70669]},"properties":{"id":"VUT/CA/17608","type":"VUT","group":"Completa","address":"CARRETERA RONDA CIRCUNVALACIÓN Km 0 Calif.Nº D Blq. 3 Plta/Piso 2 Pta/Letra B, piso 2, puerta B","postal_code":"11407","places":4,"units":1,"registered":"2023-05-22","catastro":"6864601QA5666D0068TX","holder":null,"holder_count":null}},{"type":"Feature","geometry":{"type":"Point","coordinates":[-6.130963,36.679292]},"properties":{"id":"VUT/CA/17664","type":"VUT","group":"Completa","address":"CALLE Porvenir Nº 36 Plta/Piso 1 Pta/Letra A, piso 1, puerta A","postal_code":"11402","places":4,"units":2,"registered":"2023-05-25","catastro":"6533014QA5663D0006PL","holder":null,"holder_count":null}},{"type":"Feature","geometry":{"type":"Point","coordinates":[-6.14455,36.680181]},"properties":{"id":"VUT/CA/17702","type":"VUT","group":"Completa","address":"CALLE Calzada del Arroyo Nº 6 Plta/Piso 3 Pta/Letra Derecha, piso 3, puerta Derecha","postal_code":"11408","places":4,"units":2,"registered":"2023-05-28","catastro":"5336018QA5653E0007LW","holder":null,"holder_count":null}},{"type":"Feature","geometry":{"type":"Point","coordinates":[-6.14058,36.682479]},"properties":{"id":"VUT/CA/17703","type":"VUT","group":"Completa","address":"CALLE Visitación Nº 8 Plta/Piso 2 Pta/Letra D, piso 2, puerta D","postal_code":"11403","places":2,"units":1,"registered":"2023-05-28","catastro":"5637402QA5653F0001IT","holder":"ALORA ACTIVOS, SL","holder_count":1}},{"type":"Feature","geometry":{"type":"Point","coordinates":[-6.142106,36.686963]},"properties":{"id":"VUT/CA/17708","type":"VUT","group":"Completa","address":"CALLE CHANCILLERÍA Nº 16 Plta/Piso 00 Pta/Letra C, piso 00, puerta C","postal_code":"11403","places":2,"units":1,"registered":"2023-05-29","catastro":"5642815QA5654B0003AA","holder":null,"holder_count":null}},{"type":"Feature","geometry":{"type":"Point","coordinates":[-6.132649,36.682972]},"properties":{"id":"VUT/CA/17710","type":"VUT","group":"Completa","address":"CALLE AVILA Nº 10 Plta/Piso 1 Pta/Letra 10, piso 1, puerta 10","postal_code":"11401","places":8,"units":3,"registered":"2023-05-29","catastro":"6338007QA5663G0010HQ","holder":null,"holder_count":null}},{"type":"Feature","geometry":{"type":"Point","coordinates":[-6.139261,36.682721]},"properties":{"id":"VUT/CA/17771","type":"VUT","group":"Completa","address":"CALLE AMARGURA Nº 11 Esc. 1 Plta/Piso 02 Pta/Letra 08, piso 02, puerta 08","postal_code":"11403","places":4,"units":2,"registered":"2023-06-01","catastro":"5837710QA5653F0009AD","holder":null,"holder_count":null}},{"type":"Feature","geometry":{"type":"Point","coordinates":[-6.138339,36.684702]},"properties":{"id":"VUT/CA/17774","type":"VUT","group":"Completa","address":"CALLE TORNERIA Nº 8 Plta/Piso 1 Pta/Letra B, piso 1, puerta B","postal_code":"11403","places":6,"units":3,"registered":"2023-06-01","catastro":"5839308QA5653H0005PR","holder":"CONOCIENDO CANARIAS SL","holder_count":2}},{"type":"Feature","geometry":{"type":"Point","coordinates":[-6.140508,36.687429]},"properties":{"id":"VUT/CA/17797","type":"VUT","group":"Completa","address":"CALLE PUERTA NUEVA Nº 4 Plta/Piso 3 Pta/Letra ATICO Compl.Dom. ATICO IZQUIERDA, piso 3, puerta ATICO","postal_code":"11403","places":4,"units":2,"registered":"2023-06-04","catastro":"5642810QA5654B0011JH","holder":null,"holder_count":null}},{"type":"Feature","geometry":{"type":"Point","coordinates":[-6.13629,36.68255]},"properties":{"id":"VUT/CA/17806","type":"VUT","group":"Completa","address":"CALLE Santa maría Nº 4 Esc. 1 Plta/Piso 1 Pta/Letra 2, piso 1, puerta 2","postal_code":"11402","places":4,"units":1,"registered":"2023-06-05","catastro":"6037003QA5663E0004LE","holder":"ALLO APARTMENTS HOLYDAYS S.L.U.","holder_count":4}},{"type":"Feature","geometry":{"type":"Point","coordinates":[-6.137712,36.678708]},"properties":{"id":"VUT/CA/17814","type":"VUT","group":"Completa","address":"CALLE SANTA CLARA Nº 7 Plta/Piso 1, piso 1","postal_code":"11403","places":3,"units":1,"registered":"2023-06-05","catastro":"5933516QA5653D1001LI","holder":null,"holder_count":null}},{"type":"Feature","geometry":{"type":"Point","coordinates":[-6.137712,36.678708]},"properties":{"id":"VUT/CA/17815","type":"VUT","group":"Completa","address":"CALLE SANTA CLARA Nº 7 Plta/Piso 3, piso 3","postal_code":"11403","places":3,"units":1,"registered":"2023-06-05","catastro":"5933516QA5653D0003MS","holder":null,"holder_count":null}},{"type":"Feature","geometry":{"type":"Point","coordinates":[-6.137712,36.678708]},"properties":{"id":"VUT/CA/17817","type":"VUT","group":"Completa","address":"CALLE SANTA CLARA Nº 7 Plta/Piso 3, piso 3","postal_code":"11403","places":3,"units":1,"registered":"2023-06-05","catastro":"5933516QA5653D0001ZP","holder":"INVERSIONES LA ABACERIA SL","holder_count":3}},{"type":"Feature","geometry":{"type":"Point","coordinates":[-6.137712,36.678708]},"properties":{"id":"VUT/CA/17819","type":"VUT","group":"Completa","address":"CALLE SANTA CLARA Nº 7 Plta/Piso 5, piso 5","postal_code":"11403","places":3,"units":1,"registered":"2023-06-05","catastro":"5933516QA5653D0001ZP","holder":null,"holder_count":null}},{"type":"Feature","geometry":{"type":"Point","coordinates":[-6.137712,36.678708]},"properties":{"id":"VUT/CA/17820","type":"VUT","group":"Completa","address":"CALLE SANTA CLARA Nº 7 Plta/Piso 6, piso 6","postal_code":"11403","places":3,"units":1,"registered":"2023-06-05","catastro":"5933516QA5653D0001ZP","holder":"INVERSIONES LA ABACERIA SL","holder_count":3}},{"type":"Feature","geometry":{"type":"Point","coordinates":[-6.137712,36.678708]},"properties":{"id":"VUT/CA/17821","type":"VUT","group":"Completa","address":"CALLE SANTA CLARA Nº 7 Plta/Piso 8, piso 8","postal_code":"11403","places":3,"units":1,"registered":"2023-06-05","catastro":"5933516QA5653D0001ZP","holder":"INVERSIONES LA ABACERIA SL","holder_count":3}},{"type":"Feature","geometry":{"type":"Point","coordinates":[-6.109215,36.696991]},"properties":{"id":"VUT/CA/17823","type":"VUT","group":"Completa","address":"CALLE ALBERTO DURAN TEJERA Nº 8 Esc. 6 Plta/Piso 3 Pta/Letra 1, piso 3, puerta 1","postal_code":"11405","places":6,"units":3,"registered":"2023-06-05","catastro":"8253023QA5685C0182OG","holder":null,"holder_count":null}},{"type":"Feature","geometry":{"type":"Point","coordinates":[-6.130115,36.691702]},"properties":{"id":"VUT/CA/17824","type":"VUT","group":"Completa","address":"CALLE ISABELITA RUIZ Nº 1 Plta/Piso 5 Pta/Letra L Compl.Dom. EDIFICIO HUELVA III, piso 5, puerta L","postal_code":"11405","places":4,"units":1,"registered":"2023-06-05","catastro":"6548405QA5664H0088ZG","holder":null,"holder_count":null}},{"type":"Feature","geometry":{"type":"Point","coordinates":[-6.13629,36.68255]},"properties":{"id":"VUT/CA/17886","type":"VUT","group":"Completa","address":"CALLE SANTA MARÍA Nº 4 Plta/Piso 3 Pta/Letra 10, piso 3, puerta 10","postal_code":"11402","places":4,"units":1,"registered":"2023-06-08","catastro":"6037003QA5663E0012QI","holder":"ALLO APARTMENTS HOLYDAYS S.L.","holder_count":9}},{"type":"Feature","geometry":{"type":"Point","coordinates":[-6.132644,36.685594]},"properties":{"id":"VUT/CA/17924","type":"VUT","group":"Completa","address":"CALLE RUI LOPEZ Nº 7","postal_code":"11402","places":4,"units":1,"registered":"2023-06-11","catastro":"6340009QA5664A0001MR","holder":null,"holder_count":null}},{"type":"Feature","geometry":{"type":"Point","coordinates":[-6.12509,36.686985]},"properties":{"id":"VUT/CA/17932","type":"VUT","group":"Por habitaciones","address":"RONDA PELIRON Nº 29 Plta/Piso 2, piso 2","postal_code":"11405","places":6,"units":2,"registered":"2023-06-12","catastro":"7042005QA5674A0001AI","holder":null,"holder_count":null}},{"type":"Feature","geometry":{"type":"Point","coordinates":[-6.136278,36.679242]},"properties":{"id":"VUT/CA/17955","type":"VUT","group":"Completa","address":"CALLE BARJA Nº 10 Plta/Piso BAJO Pta/Letra A, piso BAJO, puerta A","postal_code":"11401","places":4,"units":1,"registered":"2023-06-13","catastro":"6033004QA5663C0001TT","holder":null,"holder_count":null}},{"type":"Feature","geometry":{"type":"Point","coordinates":[-6.136278,36.679242]},"properties":{"id":"VUT/CA/17957","type":"VUT","group":"Completa","address":"CALLE BARJA Nº 10 Plta/Piso BAJO Pta/Letra B, piso BAJO, puerta B","postal_code":"11401","places":4,"units":1,"registered":"2023-06-13","catastro":"6033004QA5663C0001TT","holder":null,"holder_count":null}},{"type":"Feature","geometry":{"type":"Point","coordinates":[-6.138202,36.683767]},"properties":{"id":"VUT/CA/17976","type":"VUT","group":"Completa","address":"PLAZA PLATEROS Nº 15 Plta/Piso 1 Pta/Letra D, piso 1, puerta D","postal_code":"11403","places":4,"units":1,"registered":"2023-06-20","catastro":"5838205QA5653H0011MU","holder":null,"holder_count":null}},{"type":"Feature","geometry":{"type":"Point","coordinates":[-6.107213,36.699584]},"properties":{"id":"VUT/CA/18005","type":"VUT","group":"Completa","address":"AVENIDA JOSÉ MANUEL CABALLERO BONALD Nº 4 Portal 2 Plta/Piso 5 Pta/Letra C Compl.Dom. RESIDENCIAL RONDA NORTE, piso 5, puerta C","postal_code":"11405","places":8,"units":3,"registered":"2023-06-20","catastro":"8556401QA5685F1045ES","holder":null,"holder_count":null}},{"type":"Feature","geometry":{"type":"Point","coordinates":[-6.134601,36.678245]},"properties":{"id":"VUT/CA/18018","type":"VUT","group":"Completa","address":"CALLE GALVAN Nº 4 Pta/Letra 3, puerta 3","postal_code":"11401","places":4,"units":1,"registered":"2023-07-13","catastro":"6232812QA5663A0003JS","holder":null,"holder_count":null}},{"type":"Feature","geometry":{"type":"Point","coordinates":[-6.130639,36.692144]},"properties":{"id":"VUT/CA/18108","type":"VUT","group":"Completa","address":"CALLE Santo Domingo Nº 22 Portal 2 Plta/Piso 2 Pta/Letra B Compl.Dom. Edificio Almería, piso 2, puerta B","postal_code":"11405","places":6,"units":2,"registered":"2023-06-25","catastro":"6548410QA5664H0237OI","holder":null,"holder_count":null}},{"type":"Feature","geometry":{"type":"Point","coordinates":[-6.135409,36.687338]},"properties":{"id":"VUT/CA/18150","type":"VUT","group":"Completa","address":"CALLE SANTA ROSA Nº 7 Esc. 1 Plta/Piso 1 Pta/Letra Izda, piso 1, puerta Izda","postal_code":"11402","places":4,"units":2,"registered":"2023-06-28","catastro":"6042108QA5664C0004OW","holder":null,"holder_count":null}},{"type":"Feature","geometry":{"type":"Point","coordinates":[-6.137362,36.677875]},"properties":{"id":"VUT/CA/18169","type":"VUT","group":"Completa","address":"CALLE RONDA MULEROS Nº 8 Portal 2 Plta/Piso 5 Pta/Letra M, piso 5, puerta M","postal_code":"11401","places":6,"units":3,"registered":"2023-06-29","catastro":"5932606QA5653B0047FE","holder":null,"holder_count":null}},{"type":"Feature","geometry":{"type":"Point","coordinates":[-6.138541,36.681072]},"properties":{"id":"VUT/CA/18196","type":"VUT","group":"Por habitaciones","address":"CALLE Armas Nº 5","postal_code":"11403","places":4,"units":2,"registered":"2023-07-01","catastro":"5835525QA5653F0002WY","holder":null,"holder_count":null}},{"type":"Feature","geometry":{"type":"Point","coordinates":[-6.147034,36.672067]},"properties":{"id":"VUT/CA/18211","type":"VUT","group":"Completa","address":"CALLE JOSE SOTO Y MOLINA Nº 13 Portal 12-13 Plta/Piso 2º Pta/Letra 1321 Compl.Dom. URB. LA VENENCIA, piso 2º, puerta 1321","postal_code":"11408","places":4,"units":2,"registered":"2023-07-03","catastro":"5125408QA5652C0020QB","holder":null,"holder_count":null}},{"type":"Feature","geometry":{"type":"Point","coordinates":[-6.142081,36.682898]},"properties":{"id":"VUT/CA/18232","type":"VUT","group":"Completa","address":"PLAZA DEL ARROYO Km 0 Calif.Nº 0 Blq. 0 Portal 0 Esc. 0 Plta/Piso BJ Pta/Letra 1, piso BJ, puerta 1","postal_code":"11403","places":4,"units":1,"registered":"2023-07-04","catastro":"5537311QA5653F0002ZY","holder":"APARTAMENTS BCN GRUPO CUIDACASA, S.L.","holder_count":2}},{"type":"Feature","geometry":{"type":"Point","coordinates":[-6.142081,36.682898]},"properties":{"id":"VUT/CA/18234","type":"VUT","group":"Completa","address":"PLAZA DEL ARROYO Km 0 Calif.Nº 0 Blq. 0 Portal 0 Esc. 0 Plta/Piso BJ Pta/Letra 2, piso BJ, puerta 2","postal_code":"11403","places":6,"units":2,"registered":"2023-07-04","catastro":"5537311QA5653F0003XU","holder":"APARTAMENTS BCN GRUPO CUIDACASA, S.L.","holder_count":2}},{"type":"Feature","geometry":{"type":"Point","coordinates":[-6.137362,36.677875]},"properties":{"id":"VUT/CA/18268","type":"VUT","group":"Completa","address":"RONDA MULEROS Nº 8 Portal 1 Esc. INT Plta/Piso 4 Pta/Letra F, piso 4, puerta F","postal_code":"11401","places":6,"units":2,"registered":"2023-07-06","catastro":"5932606QA5653B0000WF","holder":null,"holder_count":null}},{"type":"Feature","geometry":{"type":"Point","coordinates":[-6.13629,36.68255]},"properties":{"id":"VUT/CA/18312","type":"VUT","group":"Completa","address":"CALLE SANTA MARIA Nº 4 Plta/Piso 1 Pta/Letra 1, piso 1, puerta 1","postal_code":"11402","places":5,"units":2,"registered":"2023-07-10","catastro":"6037003QA5663E0003KW","holder":null,"holder_count":null}},{"type":"Feature","geometry":{"type":"Point","coordinates":[-6.142081,36.682898]},"properties":{"id":"VUT/CA/18346","type":"VUT","group":"Completa","address":"PLAZA DEL ARROYO Nº 38 Plta/Piso 1 Pta/Letra 3, piso 1, puerta 3","postal_code":"11403","places":6,"units":2,"registered":"2023-07-12","catastro":"5537311QA5653F0004MI","holder":"SERVISEGUROS MULTIASISTENCIA, S.L.","holder_count":2}},{"type":"Feature","geometry":{"type":"Point","coordinates":[-6.142081,36.682898]},"properties":{"id":"VUT/CA/18347","type":"VUT","group":"Completa","address":"PLAZA DEL ARROYO Nº 38 Plta/Piso 1 Pta/Letra 4, piso 1, puerta 4","postal_code":"11403","places":4,"units":1,"registered":"2023-07-12","catastro":"5537311QA5653F0005QO","holder":"SERVISEGUROS MULTIASISTENCIA, S.L.","holder_count":2}},{"type":"Feature","geometry":{"type":"Point","coordinates":[-6.110579,36.694472]},"properties":{"id":"VUT/CA/18353","type":"VUT","group":"Completa","address":"CALLE FRANCISCO RIBA Nº 6 Esc. 2 Plta/Piso 5 Pta/Letra B, piso 5, puerta B","postal_code":"11405","places":6,"units":2,"registered":"2023-07-13","catastro":"8250501QA5685A0060SQ","holder":null,"holder_count":null}},{"type":"Feature","geometry":{"type":"Point","coordinates":[-6.133049,36.678019]},"properties":{"id":"VUT/CA/18355","type":"VUT","group":"Completa","address":"CALLE LECHERAS Nº 5 Plta/Piso 1 Pta/Letra B, piso 1, puerta B","postal_code":"11401","places":5,"units":2,"registered":"2023-07-13","catastro":"6332316QA5663A0005RF","holder":null,"holder_count":null}},{"type":"Feature","geometry":{"type":"Point","coordinates":[-6.13629,36.68255]},"properties":{"id":"VUT/CA/18358","type":"VUT","group":"Completa","address":"CALLE SANTA MARÍA Nº 4 Plta/Piso 1 Pta/Letra 3, piso 1, puerta 3","postal_code":"11402","places":3,"units":1,"registered":"2023-07-13","catastro":"6037003QA5663E0005BR","holder":null,"holder_count":null}},{"type":"Feature","geometry":{"type":"Point","coordinates":[-6.1357,36.680162]},"properties":{"id":"VUT/CA/18398","type":"VUT","group":"Completa","address":"CALLE CABALLEROS Nº 33 Esc. 1 Plta/Piso 2 Pta/Letra R17 Compl.Dom. EDIFICIO EL PALACIO, piso 2, puerta R17","postal_code":"11403","places":2,"units":1,"registered":"2023-07-18","catastro":"6134006QA5663C0061HQ","holder":null,"holder_count":null}},{"type":"Feature","geometry":{"type":"Point","coordinates":[-6.1357,36.680162]},"properties":{"id":"VUT/CA/18399","type":"VUT","group":"Completa","address":"CALLE CABALLEROS Nº 33 Esc. 1 Plta/Piso 2 Pta/Letra R18 Compl.Dom. EDIFICIO EL PALACIO, piso 2, puerta R18","postal_code":"11403","places":2,"units":1,"registered":"2023-07-18","catastro":"6134006QA5663C0062JW","holder":null,"holder_count":null}},{"type":"Feature","geometry":{"type":"Point","coordinates":[-5.944108,36.608308]},"properties":{"id":"VUT/CA/18421","type":"VUT","group":"Por habitaciones","address":"CALLE Salado Nº 5","postal_code":"11595","places":4,"units":3,"registered":"2023-07-21","catastro":"3460611QA7536A0001GX","holder":null,"holder_count":null}},{"type":"Feature","geometry":{"type":"Point","coordinates":[-6.144541,36.690877]},"properties":{"id":"VUT/CA/18473","type":"VUT","group":"Completa","address":"CALLE FONTAN Nº 3 Esc. 1 Plta/Piso 02 Pta/Letra 13, piso 02, puerta 13","postal_code":"11404","places":5,"units":2,"registered":"2023-07-26","catastro":"5247007QA5654E0033SD","holder":null,"holder_count":null}},{"type":"Feature","geometry":{"type":"Point","coordinates":[-6.1357,36.680162]},"properties":{"id":"VUT/CA/18489","type":"VUT","group":"Completa","address":"CALLE Caballero Nº 33 Plta/Piso R Pta/Letra 22, piso R, puerta 22","postal_code":"11403","places":6,"units":2,"registered":"2023-07-27","catastro":"6134006QA5663C0067XU","holder":"Gestiser Costa Marbella S.L.","holder_count":1}},{"type":"Feature","geometry":{"type":"Point","coordinates":[-6.132564,36.680179]},"properties":{"id":"VUT/CA/18492","type":"VUT","group":"Por habitaciones","address":"CALLE Porvenir Nº 10 Plta/Piso Bajo Pta/Letra A, piso Bajo, puerta A","postal_code":"11401","places":6,"units":2,"registered":"2023-07-27","catastro":"6434806QA5663C0001TT","holder":null,"holder_count":null}},{"type":"Feature","geometry":{"type":"Point","coordinates":[-6.135814,36.67886]},"properties":{"id":"VUT/CA/18521","type":"VUT","group":"Completa","address":"CALLE Encaramada Nº 8 Plta/Piso Baja Pta/Letra 1, piso Baja, puerta 1","postal_code":"11403","places":3,"units":2,"registered":"2023-07-31","catastro":"6033406QA5663C0001HT","holder":null,"holder_count":null}},{"type":"Feature","geometry":{"type":"Point","coordinates":[-6.129668,36.677524]},"properties":{"id":"VUT/CA/18536","type":"VUT","group":"Completa","address":"CALLE acebuche Nº 16 Plta/Piso bajo Pta/Letra derecha, piso bajo, puerta derecha","postal_code":"11401","places":5,"units":2,"registered":"2023-08-02","catastro":"6632505QA5663B0001RL","holder":"OLE SOLUTIONS HOLIDAY RENTALS S.L.","holder_count":52}},{"type":"Feature","geometry":{"type":"Point","coordinates":[-6.142081,36.682898]},"properties":{"id":"VUT/CA/18542","type":"VUT","group":"Completa","address":"PLAZA DEL ARROYO Nº 38 Plta/Piso 00 Pta/Letra L01, piso 00, puerta L01","postal_code":"11403","places":4,"units":1,"registered":"2023-08-02","catastro":"5537311QA5653F0001BT","holder":"GALATEA PROJECT, S.L.","holder_count":2}},{"type":"Feature","geometry":{"type":"Point","coordinates":[-6.142081,36.682898]},"properties":{"id":"VUT/CA/18543","type":"VUT","group":"Completa","address":"PLAZA DEL ARROYO Nº 38 Plta/Piso 1 Pta/Letra 05, piso 1, puerta 05","postal_code":"11403","places":6,"units":2,"registered":"2023-08-02","catastro":"5537311QA5653F0006WP","holder":"GALATEA PROJECT, S.L.","holder_count":2}},{"type":"Feature","geometry":{"type":"Point","coordinates":[-6.117984,36.668642]},"properties":{"id":"VUT/CA/18561","type":"VUT","group":"Completa","address":"CAMINO MONTEALEGRE Nº 29 Pta/Letra 1, puerta 1","postal_code":"11406","places":15,"units":8,"registered":"2023-08-04","catastro":"7520615QA5672B0001QY","holder":null,"holder_count":null}},{"type":"Feature","geometry":{"type":"Point","coordinates":[-6.134642,36.700606]},"properties":{"id":"VUT/CA/18610","type":"VUT","group":"Completa","address":"PLAZA JÚPITER Nº 12 Plta/Piso 3 Pta/Letra D, piso 3, puerta D","postal_code":"11407","places":4,"units":1,"registered":"2023-08-09","catastro":"6157005QA5665E0007PJ","holder":null,"holder_count":null}},{"type":"Feature","geometry":{"type":"Point","coordinates":[-6.13792,36.697951]},"properties":{"id":"VUT/CA/18615","type":"VUT","group":"Completa","address":"AVENIDA TOMAS GARCIA FIGUERAS Nº 14 Plta/Piso 4 Pta/Letra B, piso 4, puerta B","postal_code":"11407","places":4,"units":3,"registered":"2023-08-10","catastro":"5954001QA5655D0008ZT","holder":null,"holder_count":null}},{"type":"Feature","geometry":{"type":"Point","coordinates":[-6.105775,36.684492]},"properties":{"id":"VUT/CA/18631","type":"VUT","group":"Completa","address":"CALLE GUERNICA Nº 15 Calif.Nº NUEVO Compl.Dom. 15 NUEVO","postal_code":"11406","places":10,"units":3,"registered":"2023-08-14","catastro":"8739501QA5683H0001ZS","holder":null,"holder_count":null}},{"type":"Feature","geometry":{"type":"Point","coordinates":[-6.146132,36.685687]},"properties":{"id":"VUT/CA/18638","type":"VUT","group":"Completa","address":"CALLE RONDA DEL CARACOL Nº 10 Plta/Piso ATICO Pta/Letra B, piso ATICO, puerta B","postal_code":"11408","places":6,"units":3,"registered":"2023-08-15","catastro":"5140015QA5654A0109KA","holder":"OLE SOLUTIONS HOLIDAY RENTALS S.L.","holder_count":52}},{"type":"Feature","geometry":{"type":"Point","coordinates":[-6.135436,36.684577]},"properties":{"id":"VUT/CA/18642","type":"VUT","group":"Completa","address":"CALLE NARANJAS Nº 9 Plta/Piso BAJA Pta/Letra B, piso BAJA, puerta B","postal_code":"11402","places":4,"units":1,"registered":"2023-08-16","catastro":"6139706QA5663G0001RK","holder":null,"holder_count":null}},{"type":"Feature","geometry":{"type":"Point","coordinates":[-6.142874,36.685472]},"properties":{"id":"VUT/CA/18646","type":"VUT","group":"Completa","address":"CALLE LIEBRE Nº 1 Plta/Piso BAJA Pta/Letra 12, piso BAJA, puerta 12","postal_code":"11403","places":6,"units":3,"registered":"2023-08-16","catastro":"5440006QA5654A0095LZ","holder":null,"holder_count":null}},{"type":"Feature","geometry":{"type":"Point","coordinates":[-6.145396,36.678697]},"properties":{"id":"VUT/CA/18649","type":"VUT","group":"Completa","address":"AVENIDA DE SANLUCAR Nº 2 Blq. 4 Plta/Piso 9 Pta/Letra C, piso 9, puerta C","postal_code":"11408","places":4,"units":2,"registered":"2023-08-17","catastro":"5232201QA5653A0168RS","holder":"OLE SOLUTIONS HOLIDAY RENTALS S.L.","holder_count":52}},{"type":"Feature","geometry":{"type":"Point","coordinates":[-6.13259,36.673092]},"properties":{"id":"VUT/CA/18654","type":"VUT","group":"Completa","address":"CALLE Beato Diego de Cádiz Nº 44","postal_code":"11408","places":6,"units":4,"registered":"2023-08-17","catastro":"6427022QA5662E0001BY","holder":null,"holder_count":null}},{"type":"Feature","geometry":{"type":"Point","coordinates":[-6.142809,36.670153]},"properties":{"id":"VUT/CA/18690","type":"VUT","group":"Por habitaciones","address":"CALLE MARIA LUISA COBO PEÑA Portal 3 Plta/Piso 2 Pta/Letra A, piso 2, puerta A","postal_code":"11408","places":4,"units":2,"registered":"2023-08-23","catastro":"5423502QA5652A0048IQ","holder":null,"holder_count":null}},{"type":"Feature","geometry":{"type":"Point","coordinates":[-6.137362,36.677875]},"properties":{"id":"VUT/CA/18695","type":"VUT","group":"Por habitaciones","address":"CALLE RONDA DE MULEROS Nº 8 Blq. 2 Plta/Piso 4 Pta/Letra E, piso 4, puerta E","postal_code":"11401","places":4,"units":2,"registered":"2023-08-24","catastro":"5932606QA5653B0026XA","holder":null,"holder_count":null}},{"type":"Feature","geometry":{"type":"Point","coordinates":[-6.137362,36.677875]},"properties":{"id":"VUT/CA/18698","type":"VUT","group":"Completa","address":"CALLE RONDA DE MULEROS Nº 8 Blq. 1 Portal INTERIOR Plta/Piso 3 Pta/Letra H, piso 3, puerta H","postal_code":"11401","places":4,"units":2,"registered":"2023-08-25","catastro":"5932606QA5653B0020HT","holder":null,"holder_count":null}},{"type":"Feature","geometry":{"type":"Point","coordinates":[-6.140704,36.676033]},"properties":{"id":"VUT/CA/18709","type":"VUT","group":"Completa","address":"CALLE POPULO Nº 10","postal_code":"11401","places":4,"units":1,"registered":"2023-08-27","catastro":"5630411QA5653B0001RG","holder":null,"holder_count":null}},{"type":"Feature","geometry":{"type":"Point","coordinates":[-6.140704,36.676033]},"properties":{"id":"VUT/CA/18711","type":"VUT","group":"Completa","address":"CALLE POPULO Nº 10","postal_code":"11401","places":4,"units":1,"registered":"2023-08-27","catastro":"5630411QA5653B0001RG","holder":null,"holder_count":null}},{"type":"Feature","geometry":{"type":"Point","coordinates":[-6.135058,36.687908]},"properties":{"id":"VUT/CA/18715","type":"VUT","group":"Por habitaciones","address":"CALLE Zaragoza Nº 10","postal_code":"11402","places":4,"units":1,"registered":"2023-08-28","catastro":"6042123QA5664C0001KX","holder":null,"holder_count":null}},{"type":"Feature","geometry":{"type":"Point","coordinates":[-6.141885,36.686581]},"properties":{"id":"VUT/CA/18736","type":"VUT","group":"Completa","address":"CALLE FRANCOS Nº 42 Pta/Letra D, puerta D","postal_code":"11403","places":6,"units":4,"registered":"2023-08-31","catastro":"5541204QA5654B0001IO","holder":null,"holder_count":null}},{"type":"Feature","geometry":{"type":"Point","coordinates":[-6.129052,36.692003]},"properties":{"id":"VUT/CA/18748","type":"VUT","group":"Completa","address":"CALLE ISABELITA RUIZ Nº 1 Esc. 2 Plta/Piso 5 Pta/Letra F Compl.Dom. EDIFICIO HUELVA III, piso 5, puerta F","postal_code":"11405","places":4,"units":1,"registered":"2023-09-01","catastro":"6548404QA5664H0053OS","holder":null,"holder_count":null}},{"type":"Feature","geometry":{"type":"Point","coordinates":[-6.145763,36.693523]},"properties":{"id":"VUT/CA/18765","type":"VUT","group":"Completa","address":"CALLE TARANTA1 Blq. 1 Plta/Piso 10 Pta/Letra B, piso 10, puerta B","postal_code":"11404","places":3,"units":1,"registered":"2023-09-05","catastro":"5149006QA5654G0020AZ","holder":null,"holder_count":null}},{"type":"Feature","geometry":{"type":"Point","coordinates":[-6.132564,36.680179]},"properties":{"id":"VUT/CA/18772","type":"VUT","group":"Completa","address":"CALLE PORVENIR Nº 10 Plta/Piso 1 Pta/Letra C, piso 1, puerta C","postal_code":"11401","places":6,"units":3,"registered":"2023-09-05","catastro":"6434806QA5663C0001TT","holder":null,"holder_count":null}},{"type":"Feature","geometry":{"type":"Point","coordinates":[-6.106269,36.677402]},"properties":{"id":"VUT/CA/18780","type":"VUT","group":"Por habitaciones","address":"CALLE PLAYA DE LA VICTORIA Nº 14","postal_code":"11406","places":6,"units":5,"registered":"2023-09-08","catastro":"8732101QA5683B0087OB","holder":null,"holder_count":null}},{"type":"Feature","geometry":{"type":"Point","coordinates":[-6.145396,36.678697]},"properties":{"id":"VUT/CA/18782","type":"VUT","group":"Completa","address":"AVENIDA SANLUCAR Nº 2 Portal 3 Esc. 1 Pta/Letra D, puerta D","postal_code":"11408","places":3,"units":2,"registered":"2023-09-08","catastro":"5232201QA5653A0098XU","holder":null,"holder_count":null}},{"type":"Feature","geometry":{"type":"Point","coordinates":[-6.130029,36.678204]},"properties":{"id":"VUT/CA/18784","type":"VUT","group":"Completa","address":"CALLE Alamos 8-10 Nº 8 Compl.Dom. EDIFICIO ALAMOS, 8 BLOQUE 1 BAJO 1","postal_code":"11401","places":6,"units":2,"registered":"2023-09-09","catastro":"6632001QA5663B0002KB","holder":null,"holder_count":null}},{"type":"Feature","geometry":{"type":"Point","coordinates":[-6.133859,36.682301]},"properties":{"id":"VUT/CA/18785","type":"VUT","group":"Completa","address":"CALLE EVORA Nº 24 Plta/Piso 5 Pta/Letra C, piso 5, puerta C","postal_code":"11402","places":6,"units":2,"registered":"2023-09-09","catastro":"6236326QA5663E0017SD","holder":null,"holder_count":null}},{"type":"Feature","geometry":{"type":"Point","coordinates":[-6.135331,36.68074]},"properties":{"id":"VUT/CA/18789","type":"VUT","group":"Completa","address":"CALLE Corredera Nº 42 Plta/Piso 2 Pta/Letra B, piso 2, puerta B","postal_code":"11402","places":4,"units":2,"registered":"2023-09-10","catastro":"6235709QA5663E0006IT","holder":null,"holder_count":null}},{"type":"Feature","geometry":{"type":"Point","coordinates":[-6.13629,36.68255]},"properties":{"id":"VUT/CA/18791","type":"VUT","group":"Completa","address":"CALLE SANTA MARIA Nº 4","postal_code":"11403","places":2,"units":1,"registered":"2023-09-11","catastro":"6037003QA5663E0013WO","holder":null,"holder_count":null}},{"type":"Feature","geometry":{"type":"Point","coordinates":[-6.131181,36.681962]},"properties":{"id":"VUT/CA/18792","type":"VUT","group":"Completa","address":"CALLE SAN FRANCISCO DE PAULA Nº 14 Portal 2 Plta/Piso BAJO Pta/Letra A, piso BAJO, puerta A","postal_code":"11401","places":5,"units":2,"registered":"2023-09-11","catastro":"6436113QA5663E0061LL","holder":null,"holder_count":null}},{"type":"Feature","geometry":{"type":"Point","coordinates":[-6.135048,36.681754]},"properties":{"id":"VUT/CA/18794","type":"VUT","group":"Completa","address":"CALLE DOÑA BLANCA Nº 14 Pta/Letra A1, puerta A1","postal_code":"11403","places":6,"units":2,"registered":"2023-09-12","catastro":"6136005QA5663E4001DG","holder":null,"holder_count":null}},{"type":"Feature","geometry":{"type":"Point","coordinates":[-6.135048,36.681754]},"properties":{"id":"VUT/CA/18795","type":"VUT","group":"Completa","address":"CALLE DOÑA BLANCA Nº 14 Pta/Letra A2, puerta A2","postal_code":"11403","places":4,"units":1,"registered":"2023-09-12","catastro":"6136005QA5663E4002FH","holder":null,"holder_count":null}},{"type":"Feature","geometry":{"type":"Point","coordinates":[-6.142874,36.685472]},"properties":{"id":"VUT/CA/18800","type":"VUT","group":"Completa","address":"CALLE LIEBRE Nº 1 Plta/Piso 1 Pta/Letra 20, piso 1, puerta 20","postal_code":"11408","places":4,"units":2,"registered":"2023-09-12","catastro":"5440006QA5654A0103ET","holder":"Benbo Adminnistración y Servicios SL","holder_count":7}},{"type":"Feature","geometry":{"type":"Point","coordinates":[-6.140301,36.676205]},"properties":{"id":"VUT/CA/18818","type":"VUT","group":"Completa","address":"CALLE Alvar Fañez Nº 1 Portal 2 Plta/Piso 1 Pta/Letra D, piso 1, puerta D","postal_code":"11401","places":4,"units":2,"registered":"2023-09-14","catastro":"5630402QA5653B0007WZ","holder":null,"holder_count":null}},{"type":"Feature","geometry":{"type":"Point","coordinates":[-6.137712,36.678708]},"properties":{"id":"VUT/CA/18838","type":"VUT","group":"Completa","address":"CALLE SANTA CLARA Nº 7 Plta/Piso 1 Pta/Letra 7, piso 1, puerta 7","postal_code":"11401","places":7,"units":3,"registered":"2023-09-20","catastro":"5933516QA5653D0007RH","holder":null,"holder_count":null}},{"type":"Feature","geometry":{"type":"Point","coordinates":[-6.129327,36.690478]},"properties":{"id":"VUT/CA/18841","type":"VUT","group":"Completa","address":"CALLE MANUEL GRANERO Blq. 1 Plta/Piso 4 Pta/Letra B, piso 4, puerta B","postal_code":"11405","places":5,"units":3,"registered":"2023-09-20","catastro":"6646002QA5664F0009BA","holder":null,"holder_count":null}},{"type":"Feature","geometry":{"type":"Point","coordinates":[-6.130029,36.678204]},"properties":{"id":"VUT/CA/18856","type":"VUT","group":"Completa","address":"CALLE alamos Nº 8 Portal 1 Plta/Piso 2 Pta/Letra A, piso 2, puerta A","postal_code":"11401","places":4,"units":2,"registered":"2023-09-25","catastro":"6632001QA5663B0019OA","holder":null,"holder_count":null}},{"type":"Feature","geometry":{"type":"Point","coordinates":[-6.134977,36.677213]},"properties":{"id":"VUT/CA/18866","type":"VUT","group":"Completa","address":"CALLE RONDA DE MULEROS Nº 33 Plta/Piso 2 Pta/Letra 13, piso 2, puerta 13","postal_code":"11401","places":4,"units":3,"registered":"2023-09-26","catastro":"6131810QA5663A0013OL","holder":null,"holder_count":null}},{"type":"Feature","geometry":{"type":"Point","coordinates":[-6.143002,36.67823]},"properties":{"id":"VUT/CA/18873","type":"VUT","group":"Completa","address":"CALLE PEDRO NOLASCO Nº 8","postal_code":"11408","places":8,"units":4,"registered":"2023-09-28","catastro":"5432004QA5653A0001QY","holder":null,"holder_count":null}},{"type":"Feature","geometry":{"type":"Point","coordinates":[-6.139736,36.684242]},"properties":{"id":"VUT/CA/18884","type":"VUT","group":"Por habitaciones","address":"PLAZA CARMEN Nº 6","postal_code":"11403","places":6,"units":3,"registered":"2023-10-01","catastro":"5739708QA5653H0001UM","holder":null,"holder_count":null}},{"type":"Feature","geometry":{"type":"Point","coordinates":[-6.133248,36.682109]},"properties":{"id":"VUT/CA/18897","type":"VUT","group":"Por habitaciones","address":"CALLE HIGUERAS Nº 21","postal_code":"11402","places":6,"units":2,"registered":"2023-10-03","catastro":"6236304QA5663E0001HM","holder":null,"holder_count":null}},{"type":"Feature","geometry":{"type":"Point","coordinates":[-6.146132,36.685687]},"properties":{"id":"VUT/CA/18911","type":"VUT","group":"Completa","address":"CALLE RONDA DEL CARACOL Nº 10 Esc. 1 Plta/Piso 3 Pta/Letra C, piso 3, puerta C","postal_code":"11408","places":4,"units":1,"registered":"2023-10-05","catastro":"5140015QA5654A0099OW","holder":"SHERRYFLAT S.L","holder_count":40}},{"type":"Feature","geometry":{"type":"Point","coordinates":[-6.132207,36.681824]},"properties":{"id":"VUT/CA/18930","type":"VUT","group":"Completa","address":"CALLE MEDINA Nº 55 Pta/Letra 224, puerta 224","postal_code":"11402","places":2,"units":1,"registered":"2023-10-11","catastro":"6436122QA5663E0024WJ","holder":null,"holder_count":null}},{"type":"Feature","geometry":{"type":"Point","coordinates":[-6.148687,36.696966]},"properties":{"id":"VUT/CA/18970","type":"VUT","group":"Completa","address":"PLAZA CABECEO Nº 4 Plta/Piso 3 Pta/Letra B Compl.Dom. BARRIADA LAS TORRES, piso 3, puerta B","postal_code":"11404","places":6,"units":3,"registered":"2023-10-23","catastro":"4953601QA5645D0014UR","holder":null,"holder_count":null}},{"type":"Feature","geometry":{"type":"Point","coordinates":[-6.115095,36.685599]},"properties":{"id":"VUT/CA/18975","type":"VUT","group":"Completa","address":"CALLE LA PAQUERA DE JEREZ Plta/Piso BAJA Pta/Letra DRCH, piso BAJA, puerta DRCH","postal_code":"11406","places":5,"units":4,"registered":"2023-10-23","catastro":"7941003QA5674B0002OK","holder":null,"holder_count":null}},{"type":"Feature","geometry":{"type":"Point","coordinates":[-6.138049,36.680857]},"properties":{"id":"VUT/CA/18980","type":"VUT","group":"Por habitaciones","address":"CALLE San Agustin Nº 3","postal_code":"11403","places":6,"units":3,"registered":"2023-10-24","catastro":"5935008QA5653F0001ST","holder":null,"holder_count":null}},{"type":"Feature","geometry":{"type":"Point","coordinates":[-6.138996,36.689926]},"properties":{"id":"VUT/CA/18988","type":"VUT","group":"Completa","address":"CALLE POZO DEL OLIVAR Nº 15 Compl.Dom. SERA EL EDIFICO COMPLETO DESTINADO A APARTAMENTOS TURÍSTICOS","postal_code":"11403","places":10,"units":9,"registered":"2023-10-25","catastro":"5646016QA5654F0001YX","holder":"CONSTRUCCIONES GLOBALES ROMERO S.L.","holder_count":2}},{"type":"Feature","geometry":{"type":"Point","coordinates":[-6.138996,36.689926]},"properties":{"id":"VUT/CA/18990","type":"VUT","group":"Completa","address":"CALLE POZO DEL OLIVAR Nº 15 Compl.Dom. SERA EL EDIFICO COMPLETO DESTINADO A APARTAMENTOS TURÍSTICOS","postal_code":"11403","places":10,"units":9,"registered":"2023-10-25","catastro":"5646016QA5654F0001YX","holder":"CONSTRUCCIONES GLOBALES ROMERO S.L.","holder_count":2}},{"type":"Feature","geometry":{"type":"Point","coordinates":[-6.136331,36.685372]},"properties":{"id":"VUT/CA/19003","type":"VUT","group":"Completa","address":"CALLE LARGA Nº 48 Plta/Piso 5 Pta/Letra A, piso 5, puerta A","postal_code":"11402","places":6,"units":2,"registered":"2023-10-27","catastro":"6041019QA5664A0006TO","holder":"PICO EL MIRO, S.L.","holder_count":2}},{"type":"Feature","geometry":{"type":"Point","coordinates":[-6.136331,36.685372]},"properties":{"id":"VUT/CA/19004","type":"VUT","group":"Completa","address":"CALLE LARGA Nº 46 Plta/Piso 5 Pta/Letra B, piso 5, puerta B","postal_code":"11402","places":4,"units":1,"registered":"2023-10-27","catastro":"6041019QA5664A0007YP","holder":"PICO EL MIRO, S.L.","holder_count":2}},{"type":"Feature","geometry":{"type":"Point","coordinates":[-6.1357,36.680162]},"properties":{"id":"VUT/CA/19024","type":"VUT","group":"Completa","address":"CALLE castilla Nº 2 Blq. 4 Portal 4 Esc. 4 Plta/Piso 2 Pta/Letra N13A, piso 2, puerta N13A","postal_code":"11402","places":2,"units":1,"registered":"2023-10-30","catastro":"6134006QA5663C0079IH","holder":null,"holder_count":null}},{"type":"Feature","geometry":{"type":"Point","coordinates":[-6.106269,36.677402]},"properties":{"id":"VUT/CA/19027","type":"VUT","group":"Completa","address":"CALLE PLAYA DE LA VICTORIA Nº 14","postal_code":"11406","places":10,"units":5,"registered":"2023-10-31","catastro":"8732101QA5683B0087OB","holder":null,"holder_count":null}},{"type":"Feature","geometry":{"type":"Point","coordinates":[-6.133743,36.677287]},"properties":{"id":"VUT/CA/19040","type":"VUT","group":"Completa","address":"CALLE SAN TELMO Nº 4 Plta/Piso BAJO Pta/Letra D, piso BAJO, puerta D","postal_code":"11408","places":4,"units":1,"registered":"2023-11-02","catastro":"6331011QA5663A0004PD","holder":null,"holder_count":null}},{"type":"Feature","geometry":{"type":"Point","coordinates":[-6.138914,36.684311]},"properties":{"id":"VUT/CA/19054","type":"VUT","group":"Completa","address":"CALLE FRANCOS Nº 9 Esc. 1 Plta/Piso 0 Pta/Letra 1, piso 0, puerta 1","postal_code":"11403","places":15,"units":4,"registered":"2023-11-07","catastro":"5739308QA5653H0001FM","holder":"KOROS PHONE SERVICE COMPANY 2019 SL","holder_count":1}},{"type":"Feature","geometry":{"type":"Point","coordinates":[-6.13568,36.679569]},"properties":{"id":"VUT/CA/19056","type":"VUT","group":"Completa","address":"CALLE Caballeros Nº 39 Plta/Piso 2 Pta/Letra D, piso 2, puerta D","postal_code":"11403","places":8,"units":3,"registered":"2023-11-07","catastro":"6134015QA5663C0011SS","holder":null,"holder_count":null}},{"type":"Feature","geometry":{"type":"Point","coordinates":[-6.134836,36.681775]},"properties":{"id":"VUT/CA/19058","type":"VUT","group":"Completa","address":"CALLE Bodegas Nº 13 Plta/Piso 2 Pta/Letra 4, piso 2, puerta 4","postal_code":"11402","places":3,"units":1,"registered":"2023-11-08","catastro":"6236811QA5663E0035TW","holder":null,"holder_count":null}},{"type":"Feature","geometry":{"type":"Point","coordinates":[-6.136638,36.685278]},"properties":{"id":"VUT/CA/19118","type":"VUT","group":"Completa","address":"CALLE LARGA Nº 65 Plta/Piso 2, piso 2","postal_code":"11403","places":8,"units":4,"registered":"2023-11-16","catastro":"5940007QA5654B0006KF","holder":"OLE SOLUTIONS HOLIDAY RENTALS S.L.","holder_count":52}},{"type":"Feature","geometry":{"type":"Point","coordinates":[-6.132857,36.680003]},"properties":{"id":"VUT/CA/19126","type":"VUT","group":"Completa","address":"CALLE CAMPANA Nº 6","postal_code":"11401","places":2,"units":1,"registered":"2023-11-16","catastro":"6334003QA5663C0001MT","holder":null,"holder_count":null}},{"type":"Feature","geometry":{"type":"Point","coordinates":[-6.13407,36.685071]},"properties":{"id":"VUT/CA/19131","type":"VUT","group":"Completa","address":"CALLE BIZCOCHEROS Nº 33","postal_code":"11402","places":12,"units":6,"registered":"2023-11-17","catastro":"6340024QA5664A0001SR","holder":null,"holder_count":null}},{"type":"Feature","geometry":{"type":"Point","coordinates":[-6.137362,36.677875]},"properties":{"id":"VUT/CA/19145","type":"VUT","group":"Por habitaciones","address":"RONDA MULEROS Nº 8 Blq. INT Portal 1 Plta/Piso 5 Pta/Letra G, piso 5, puerta G","postal_code":"11402","places":4,"units":2,"registered":"2023-11-21","catastro":"5932606QA5653B0041IB","holder":null,"holder_count":null}},{"type":"Feature","geometry":{"type":"Point","coordinates":[-6.137855,36.683325]},"properties":{"id":"VUT/CA/19162","type":"VUT","group":"Completa","address":"PLAZA Del Progreso Nº 11 Plta/Piso 4 Pta/Letra B Compl.Dom. Calle Algarve Nº30 4B, piso 4, puerta B","postal_code":"11403","places":8,"units":3,"registered":"2023-11-25","catastro":"5938601QA5653H0008KU","holder":null,"holder_count":null}},{"type":"Feature","geometry":{"type":"Point","coordinates":[-6.135998,36.683175]},"properties":{"id":"VUT/CA/19170","type":"VUT","group":"Completa","address":"CALLE CERRÓN Nº 25 Plta/Piso 2 Pta/Letra A, piso 2, puerta A","postal_code":"11402","places":6,"units":3,"registered":"2023-11-27","catastro":"6138703QA5663G0010QQ","holder":null,"holder_count":null}},{"type":"Feature","geometry":{"type":"Point","coordinates":[-6.14105,36.676423]},"properties":{"id":"VUT/CA/19181","type":"VUT","group":"Completa","address":"CALLE Triana Nº 4","postal_code":"11401","places":2,"units":2,"registered":"2023-11-29","catastro":"5630008QA5653B0001AG","holder":null,"holder_count":null}},{"type":"Feature","geometry":{"type":"Point","coordinates":[-6.1357,36.680162]},"properties":{"id":"VUT/CA/19189","type":"VUT","group":"Completa","address":"CALLE CABALLEROS Nº 33 Pta/Letra R23, puerta R23","postal_code":"11402","places":4,"units":2,"registered":"2023-11-30","catastro":"6134006QA5663C0068MI","holder":"OLE SOLUTIONS HOLIDAY RENTALS S.L.","holder_count":52}},{"type":"Feature","geometry":{"type":"Point","coordinates":[-6.133003,36.678863]},"properties":{"id":"VUT/CA/19196","type":"VUT","group":"Completa","address":"CALLE Mariñiguez Nº 8 Pta/Letra 4, puerta 4","postal_code":"11402","places":3,"units":1,"registered":"2023-12-01","catastro":"6433632QA5663C0004PI","holder":null,"holder_count":null}},{"type":"Feature","geometry":{"type":"Point","coordinates":[-6.142697,36.685339]},"properties":{"id":"VUT/CA/19214","type":"VUT","group":"Por habitaciones","address":"CALLE SANTA MARIA DE GRACIA Nº 9","postal_code":"11403","places":6,"units":3,"registered":"2023-12-06","catastro":"5440401QA5654A0001GM","holder":null,"holder_count":null}},{"type":"Feature","geometry":{"type":"Point","coordinates":[-6.137044,36.694187]},"properties":{"id":"VUT/CA/19221","type":"VUT","group":"Completa","address":"URBANIZACION La Unión Nº 4 Blq. 4 Portal 4 Plta/Piso Bajo Pta/Letra Derecha, piso Bajo, puerta Derecha","postal_code":"11407","places":4,"units":2,"registered":"2023-12-07","catastro":"5950004QA5655B0001ZE","holder":null,"holder_count":null}},{"type":"Feature","geometry":{"type":"Point","coordinates":[-6.113372,36.679601]},"properties":{"id":"VUT/CA/19265","type":"VUT","group":"Por habitaciones","address":"CALLE Alberchigo Nº 1","postal_code":"11406","places":5,"units":2,"registered":"2023-12-16","catastro":"8134704QA5683C0001PD","holder":null,"holder_count":null}},{"type":"Feature","geometry":{"type":"Point","coordinates":[-6.129645,36.689148]},"properties":{"id":"VUT/CA/19284","type":"VUT","group":"Completa","address":"CALLE Juan Belmonte Nº 3 Blq. 3 Plta/Piso 2 Pta/Letra I Compl.Dom. La Costancia, piso 2, puerta I","postal_code":"11403","places":6,"units":3,"registered":"2023-12-19","catastro":"6644103QA5664D0006BD","holder":null,"holder_count":null}},{"type":"Feature","geometry":{"type":"Point","coordinates":[-6.134869,36.681503]},"properties":{"id":"VUT/CA/19310","type":"VUT","group":"Completa","address":"CALLE Doña Blanca Nº 18 Plta/Piso 2 Pta/Letra A, piso 2, puerta A","postal_code":"11402","places":6,"units":2,"registered":"2023-12-26","catastro":"6136007QA5663E0009QI","holder":"Mitra MC SL","holder_count":2}},{"type":"Feature","geometry":{"type":"Point","coordinates":[-6.134869,36.681503]},"properties":{"id":"VUT/CA/19312","type":"VUT","group":"Completa","address":"CALLE Doña Blanca Nº 18 Plta/Piso 2 Pta/Letra B, piso 2, puerta B","postal_code":"11402","places":8,"units":3,"registered":"2023-12-26","catastro":"6136007QA5663E0010XY","holder":"Mitra MC SL","holder_count":2}},{"type":"Feature","geometry":{"type":"Point","coordinates":[-6.134869,36.681503]},"properties":{"id":"VUT/CA/19314","type":"VUT","group":"Completa","address":"CALLE DOÑA BLANCA Nº 18 Plta/Piso 1 Pta/Letra A, piso 1, puerta A","postal_code":"11402","places":8,"units":3,"registered":"2023-12-26","catastro":"6136007QA5663E0005BR","holder":"SMART RENT GESTIÓN, SL","holder_count":2}},{"type":"Feature","geometry":{"type":"Point","coordinates":[-6.134869,36.681503]},"properties":{"id":"VUT/CA/19315","type":"VUT","group":"Completa","address":"CALLE DOÑA BLANCA Nº 18 Plta/Piso 1 Pta/Letra b, piso 1, puerta b","postal_code":"11402","places":6,"units":2,"registered":"2023-12-26","catastro":"6136007QA5663E0006ZT","holder":"SMART RENT GESTIÓN, SL","holder_count":2}},{"type":"Feature","geometry":{"type":"Point","coordinates":[-6.144449,36.688493]},"properties":{"id":"VUT/CA/19319","type":"VUT","group":"Por habitaciones","address":"CALLE TAXDIRT Nº 3 Pta/Letra A, puerta A","postal_code":"11404","places":2,"units":1,"registered":"2023-12-26","catastro":"5243024QA5654C0001XK","holder":null,"holder_count":null}},{"type":"Feature","geometry":{"type":"Point","coordinates":[-6.140769,36.686823]},"properties":{"id":"VUT/CA/19328","type":"VUT","group":"Completa","address":"PLAZA COCHERAS Nº 12 Esc. 1 Plta/Piso 1 Pta/Letra 12, piso 1, puerta 12","postal_code":"11403","places":4,"units":2,"registered":"2023-12-29","catastro":"5642508QA5654B0017BX","holder":null,"holder_count":null}},{"type":"Feature","geometry":{"type":"Point","coordinates":[-6.131945,36.682856]},"properties":{"id":"VUT/CA/19340","type":"VUT","group":"Por habitaciones","address":"CALLE MATADERO Nº 10 Plta/Piso 2 Pta/Letra C, piso 2, puerta C","postal_code":"11401","places":3,"units":1,"registered":"2024-01-02","catastro":"6438007QA5663G0001WK","holder":null,"holder_count":null}},{"type":"Feature","geometry":{"type":"Point","coordinates":[-6.138748,36.679292]},"properties":{"id":"VUT/CA/19357","type":"VUT","group":"Completa","address":"CALLE GUARNIDOS Nº 14","postal_code":"11403","places":3,"units":2,"registered":"2024-01-08","catastro":"5834009QA5653D0001QP","holder":null,"holder_count":null}},{"type":"Feature","geometry":{"type":"Point","coordinates":[-6.142874,36.685472]},"properties":{"id":"VUT/CA/19387","type":"VUT","group":"Completa","address":"CALLE LIEBRE Nº 1 Plta/Piso BAJA Pta/Letra 9, piso BAJA, puerta 9","postal_code":"11403","places":4,"units":2,"registered":"2024-01-10","catastro":"5440006QA5654A0092HK","holder":"ALLO APARTMENTS HOLYDAYS S.L.","holder_count":9}},{"type":"Feature","geometry":{"type":"Point","coordinates":[-6.144449,36.688493]},"properties":{"id":"VUT/CA/19392","type":"VUT","group":"Completa","address":"CALLE TAXDIRT Nº 3 Pta/Letra B, puerta B","postal_code":"11404","places":2,"units":1,"registered":"2024-01-11","catastro":"5243024QA5654C0001XK","holder":null,"holder_count":null}},{"type":"Feature","geometry":{"type":"Point","coordinates":[-6.124999,36.697959]},"properties":{"id":"VUT/CA/19457","type":"VUT","group":"Completa","address":"AVENIDA ALCALDE ÁLVARO DOMECQ Nº 18 Plta/Piso 6 Pta/Letra C Compl.Dom. EDIFICIO VECTRA, piso 6, puerta C","postal_code":"11405","places":6,"units":3,"registered":"2024-01-19","catastro":"7154012QA5675C0082EI","holder":null,"holder_count":null}},{"type":"Feature","geometry":{"type":"Point","coordinates":[-6.136954,36.682535]},"properties":{"id":"VUT/CA/19474","type":"VUT","group":"Completa","address":"CALLE LANCERÍA Nº 23-25 Plta/Piso 1º Pta/Letra B, piso 1º, puerta B","postal_code":"11403","places":8,"units":2,"registered":"2024-01-21","catastro":"5937428QA5653F0004YI","holder":null,"holder_count":null}},{"type":"Feature","geometry":{"type":"Point","coordinates":[-6.145594,36.690219]},"properties":{"id":"VUT/CA/19494","type":"VUT","group":"Completa","address":"CALLE MARQUES DE CADIZ Nº 19 Pta/Letra V11, puerta V11","postal_code":"11404","places":6,"units":2,"registered":"2024-01-23","catastro":"5145003QA5654E0002ZF","holder":null,"holder_count":null}},{"type":"Feature","geometry":{"type":"Point","coordinates":[-6.133043,36.686481]},"properties":{"id":"VUT/CA/19501","type":"VUT","group":"Completa","address":"CALLE Clavel Nº 11 Pta/Letra Bajo, puerta Bajo","postal_code":"11402","places":4,"units":2,"registered":"2024-01-23","catastro":"6342306QA5664A0001KR","holder":"Albariza Properties CB","holder_count":1}},{"type":"Feature","geometry":{"type":"Point","coordinates":[-6.139859,36.685013]},"properties":{"id":"VUT/CA/19506","type":"VUT","group":"Completa","address":"CALLE Francos Nº 22 Plta/Piso Bajo Pta/Letra E, piso Bajo, puerta E","postal_code":"11403","places":8,"units":3,"registered":"2024-01-24","catastro":"5839824QA5653H0056KJ","holder":null,"holder_count":null}},{"type":"Feature","geometry":{"type":"Point","coordinates":[-6.139248,36.684928]},"properties":{"id":"VUT/CA/19511","type":"VUT","group":"Completa","address":"CALLE FRANCOS Nº 16 Portal 2 Pta/Letra B, puerta B","postal_code":"11403","places":4,"units":2,"registered":"2024-01-25","catastro":"5839808QA5653H0032WX","holder":"OLE SOLUTIONS HOLIDAY RENTALS S.L.","holder_count":52}},{"type":"Feature","geometry":{"type":"Point","coordinates":[-6.132564,36.680179]},"properties":{"id":"VUT/CA/19515","type":"VUT","group":"Completa","address":"CALLE PORVENIR Nº 10 Plta/Piso BAJO Pta/Letra B, piso BAJO, puerta B","postal_code":"11401","places":4,"units":2,"registered":"2024-01-25","catastro":"6434806QA5663C0001TT","holder":"PLMQ PROJECTS LEADER MANAGEMENT SL","holder_count":1}},{"type":"Feature","geometry":{"type":"Point","coordinates":[-6.132564,36.680179]},"properties":{"id":"VUT/CA/19523","type":"VUT","group":"Completa","address":"CALLE PORVENIR Nº 10 Plta/Piso 1 Pta/Letra A, piso 1, puerta A","postal_code":"11401","places":4,"units":1,"registered":"2024-01-25","catastro":"6434806QA5663C0001TT","holder":null,"holder_count":null}},{"type":"Feature","geometry":{"type":"Point","coordinates":[-6.140807,36.679737]},"properties":{"id":"VUT/CA/19525","type":"VUT","group":"Completa","address":"CALLE PUERTO Nº 15 Esc. 1 Plta/Piso 01 Pta/Letra D, piso 01, puerta D","postal_code":"11403","places":4,"units":2,"registered":"2024-01-25","catastro":"5633203QA5653D0081XB","holder":null,"holder_count":null}},{"type":"Feature","geometry":{"type":"Point","coordinates":[-6.133008,36.683761]},"properties":{"id":"VUT/CA/19532","type":"VUT","group":"Completa","address":"CALLE PRIETA Nº 1","postal_code":"11402","places":8,"units":4,"registered":"2024-01-26","catastro":"6338001QA5663G0001WK","holder":"PRODUCCIONES FORMENTERA SL","holder_count":2}},{"type":"Feature","geometry":{"type":"Point","coordinates":[-6.132564,36.680179]},"properties":{"id":"VUT/CA/19573","type":"VUT","group":"Completa","address":"CALLE PORVENIR Nº 10 Plta/Piso 1 Pta/Letra B, piso 1, puerta B","postal_code":"11401","places":4,"units":1,"registered":"2024-01-30","catastro":"6434806QA5663C0001TT","holder":null,"holder_count":null}},{"type":"Feature","geometry":{"type":"Point","coordinates":[-6.136954,36.682535]},"properties":{"id":"VUT/CA/19586","type":"VUT","group":"Completa","address":"CALLE Lancería Nº 23/25 Plta/Piso 2 Pta/Letra A, piso 2, puerta A","postal_code":"11402","places":4,"units":2,"registered":"2024-01-31","catastro":"5937428QA5653F0010OA","holder":"CANAAN PROPERTIY C.B.","holder_count":2}},{"type":"Feature","geometry":{"type":"Point","coordinates":[-6.136954,36.682535]},"properties":{"id":"VUT/CA/19587","type":"VUT","group":"Completa","address":"CALLE Lancería Nº 23-25 Plta/Piso 1 Pta/Letra A, piso 1, puerta A","postal_code":"11402","places":4,"units":2,"registered":"2024-01-31","catastro":"5937428QA5653F0007OA","holder":"CANAAN PROPERTIY C.B.","holder_count":2}},{"type":"Feature","geometry":{"type":"Point","coordinates":[-6.135264,36.67899]},"properties":{"id":"VUT/CA/19596","type":"VUT","group":"Completa","address":"CALLE RAMON DE CALA Nº 2 Plta/Piso B Pta/Letra I Compl.Dom. BAJO IZQUIERDA, piso B, puerta I","postal_code":"11403","places":6,"units":2,"registered":"2024-01-31","catastro":"6133002QA5663C0002EY","holder":"LOFT Y APARTAMENTOS JEREZ CENTRO S.L.","holder_count":4}},{"type":"Feature","geometry":{"type":"Point","coordinates":[-6.131941,36.685789]},"properties":{"id":"VUT/CA/19609","type":"VUT","group":"Completa","address":"CALLE Gómez Carrillo Nº 9 Plta/Piso Bajo Pta/Letra 5, piso Bajo, puerta 5","postal_code":"11402","places":4,"units":1,"registered":"2024-02-01","catastro":"6460803QA5666A0001JG","holder":null,"holder_count":null}},{"type":"Feature","geometry":{"type":"Point","coordinates":[-6.126921,36.686498]},"properties":{"id":"VUT/CA/19626","type":"VUT","group":"Completa","address":"CALLE CESAR VALLEJO Nº 2 Esc. 1 Plta/Piso 11 Pta/Letra B Compl.Dom. RENFURBIS FASE III, piso 11, puerta B","postal_code":"11405","places":10,"units":4,"registered":"2024-02-03","catastro":"6841901QA5664B0022DT","holder":"LOFT Y APARTAMENTOS JEREZ CENTRO S.L.","holder_count":4}},{"type":"Feature","geometry":{"type":"Point","coordinates":[-6.13568,36.679569]},"properties":{"id":"VUT/CA/19629","type":"VUT","group":"Completa","address":"CALLE CABALLEROS Nº 39 Plta/Piso 3 Pta/Letra C, piso 3, puerta C","postal_code":"11401","places":3,"units":2,"registered":"2024-02-04","catastro":"6134015QA5663C0012DD","holder":null,"holder_count":null}},{"type":"Feature","geometry":{"type":"Point","coordinates":[-6.137202,36.680223]},"properties":{"id":"VUT/CA/19631","type":"VUT","group":"Completa","address":"CALLE SAN MIGUEL Nº 17 Plta/Piso 1 Pta/Letra C, piso 1, puerta C","postal_code":"11401","places":2,"units":1,"registered":"2024-02-04","catastro":"6034813QA5663C0023BZ","holder":null,"holder_count":null}},{"type":"Feature","geometry":{"type":"Point","coordinates":[-6.138881,36.68531]},"properties":{"id":"VUT/CA/19635","type":"VUT","group":"Por habitaciones","address":"PLAZA JARAMAGO Nº 11","postal_code":"11403","places":1,"units":6,"registered":"2024-02-04","catastro":"5839806QA5653H0001IM","holder":"OLE SOLUTIONS HOLIDAY RENTALS S.L.","holder_count":52}},{"type":"Feature","geometry":{"type":"Point","coordinates":[-6.132652,36.682005]},"properties":{"id":"VUT/CA/19640","type":"VUT","group":"Por habitaciones","address":"CALLE MEDINA Nº 45","postal_code":"11402","places":4,"units":3,"registered":"2024-02-05","catastro":"6436128QA5663E0001HM","holder":null,"holder_count":null}},{"type":"Feature","geometry":{"type":"Point","coordinates":[-6.13452,36.683573]},"properties":{"id":"VUT/CA/19666","type":"VUT","group":"Completa","address":"CALLE ARCOS Nº 17","postal_code":"11402","places":10,"units":5,"registered":"2024-02-06","catastro":"6239719QA5663G0001JK","holder":"PRODUCCIONES FORMENTERA SL","holder_count":2}},{"type":"Feature","geometry":{"type":"Point","coordinates":[-6.136691,36.68126]},"properties":{"id":"VUT/CA/19722","type":"VUT","group":"Completa","address":"CALLE CORREDERA Nº 20 Plta/Piso 2 Pta/Letra B, piso 2, puerta B","postal_code":"11402","places":4,"units":2,"registered":"2024-02-13","catastro":"6035807QA5663E0006PT","holder":null,"holder_count":null}},{"type":"Feature","geometry":{"type":"Point","coordinates":[-6.146802,36.685306]},"properties":{"id":"VUT/CA/19730","type":"VUT","group":"Completa","address":"CALLE RONDA DEL CARACOL Nº 6 Esc. 1 Plta/Piso 1 Pta/Letra H Compl.Dom. RS NUEVA MEDINA. MANZ.3, piso 1, puerta H","postal_code":"11408","places":4,"units":2,"registered":"2024-02-14","catastro":"5140018QA5654A0053WF","holder":null,"holder_count":null}},{"type":"Feature","geometry":{"type":"Point","coordinates":[-6.134915,36.687524]},"properties":{"id":"VUT/CA/19737","type":"VUT","group":"Completa","address":"CALLE Cruz Nº 9-10 Plta/Piso 1 Pta/Letra F, piso 1, puerta F","postal_code":"11402","places":6,"units":2,"registered":"2024-02-14","catastro":"6042110QA5664C0013YI","holder":null,"holder_count":null}},{"type":"Feature","geometry":{"type":"Point","coordinates":[-6.138482,36.68404]},"properties":{"id":"VUT/CA/19767","type":"VUT","group":"Completa","address":"CALLE BASANTES Nº 2","postal_code":"11403","places":2,"units":1,"registered":"2024-02-19","catastro":"5839306QA5653H0001AM","holder":"DILEBA HOSTELERIA, S.L","holder_count":2}},{"type":"Feature","geometry":{"type":"Point","coordinates":[-6.138482,36.68404]},"properties":{"id":"VUT/CA/19768","type":"VUT","group":"Completa","address":"CALLE BASANTES Nº 2","postal_code":"11403","places":3,"units":1,"registered":"2024-02-19","catastro":"5839306QA5653H0001AM","holder":"DILEBA HOSTELERIA, S.L","holder_count":2}},{"type":"Feature","geometry":{"type":"Point","coordinates":[-6.138482,36.68404]},"properties":{"id":"VUT/CA/19769","type":"VUT","group":"Completa","address":"CALLE BASANTES Nº 2","postal_code":"11403","places":3,"units":1,"registered":"2024-02-19","catastro":"5839306QA5653H0001AM","holder":null,"holder_count":null}},{"type":"Feature","geometry":{"type":"Point","coordinates":[-6.138482,36.68404]},"properties":{"id":"VUT/CA/19770","type":"VUT","group":"Completa","address":"CALLE BASANTES Nº 2","postal_code":"11403","places":3,"units":1,"registered":"2024-02-19","catastro":"5839306QA5653H0001AM","holder":null,"holder_count":null}},{"type":"Feature","geometry":{"type":"Point","coordinates":[-6.138482,36.68404]},"properties":{"id":"VUT/CA/19771","type":"VUT","group":"Completa","address":"CALLE BASANTES Nº 2","postal_code":"11403","places":2,"units":1,"registered":"2024-02-19","catastro":"5839306QA5653H0001AM","holder":"INMOJEREZXXI, S.L","holder_count":1}},{"type":"Feature","geometry":{"type":"Point","coordinates":[-6.146132,36.685687]},"properties":{"id":"VUT/CA/19784","type":"VUT","group":"Completa","address":"CALLE RONDA DEL CARACOL Nº 8 Esc. 2 Plta/Piso 2 Pta/Letra C Compl.Dom. RS NUEVA MEDINA M1 Y M2, piso 2, puerta C","postal_code":"11408","places":4,"units":3,"registered":"2024-02-20","catastro":"5140015QA5654A0120MH","holder":"OLE SOLUTIONS HOLIDAY RENTALS S.L.","holder_count":52}},{"type":"Feature","geometry":{"type":"Point","coordinates":[-6.144449,36.688493]},"properties":{"id":"VUT/CA/19800","type":"VUT","group":"Completa","address":"CALLE TAXDIRT Nº 3","postal_code":"11404","places":2,"units":1,"registered":"2024-02-21","catastro":"5243024QA5654C0001XK","holder":null,"holder_count":null}},{"type":"Feature","geometry":{"type":"Point","coordinates":[-6.113401,36.707652]},"properties":{"id":"VUT/CA/19815","type":"VUT","group":"Completa","address":"CALLE SAN JUAN BAUTISTA DE LA SALLE Nº 2 Esc. 1 Plta/Piso 107 Compl.Dom. edificio san marco, piso 107","postal_code":"11407","places":2,"units":1,"registered":"2024-02-24","catastro":"7965601QA5676F0016QU","holder":null,"holder_count":null}},{"type":"Feature","geometry":{"type":"Point","coordinates":[-6.145711,36.684898]},"properties":{"id":"VUT/CA/19818","type":"VUT","group":"Por habitaciones","address":"CALLE BOABIL Nº 67 Compl.Dom. BARRIO OLIVAR DE RIVERO","postal_code":"11406","places":6,"units":3,"registered":"2024-02-24","catastro":"5140005QA5654A0001DM","holder":null,"holder_count":null}},{"type":"Feature","geometry":{"type":"Point","coordinates":[-6.136309,36.671173]},"properties":{"id":"VUT/CA/19831","type":"VUT","group":"Completa","address":"PLAZA Santo Tomas de Aquino Nº 64 Blq. F Plta/Piso 3 Pta/Letra B, piso 3, puerta B","postal_code":"11408","places":6,"units":2,"registered":"2024-02-26","catastro":"6124803QA5662C0005JG","holder":null,"holder_count":null}},{"type":"Feature","geometry":{"type":"Point","coordinates":[-6.126149,36.686008]},"properties":{"id":"VUT/CA/19832","type":"VUT","group":"Completa","address":"CALLE BATALLA DE AINA Nº 11 Esc. 1 Plta/Piso 1 Pta/Letra 2, piso 1, puerta 2","postal_code":"11405","places":4,"units":1,"registered":"2024-02-26","catastro":"6942031QA5664B0002AF","holder":null,"holder_count":null}},{"type":"Feature","geometry":{"type":"Point","coordinates":[-6.115366,36.681471]},"properties":{"id":"VUT/CA/19840","type":"VUT","group":"Completa","address":"URBANIZACION LAS PALMERAS Blq. 4 Plta/Piso 11 Pta/Letra A, piso 11, puerta A","postal_code":"11406","places":6,"units":4,"registered":"2024-02-28","catastro":"7936004QA5673F0045HX","holder":null,"holder_count":null}},{"type":"Feature","geometry":{"type":"Point","coordinates":[-6.130115,36.691702]},"properties":{"id":"VUT/CA/19873","type":"VUT","group":"Completa","address":"CALLE ISABELITA RUIZ Nº 1 Esc. 1 Plta/Piso 1 Pta/Letra D Compl.Dom. EDIFICIO HUELVA III, piso 1, puerta D","postal_code":"11405","places":4,"units":2,"registered":"2024-03-04","catastro":"6548405QA5664H0012SY","holder":null,"holder_count":null}},{"type":"Feature","geometry":{"type":"Point","coordinates":[-6.129459,36.690315]},"properties":{"id":"VUT/CA/19891","type":"VUT","group":"Completa","address":"CALLE MANUEL RODRIGUEZ MANOLETE Nº 1 Plta/Piso 1 Pta/Letra DCHA Compl.Dom. BDA LA CONSTANCIA, piso 1, puerta DCHA","postal_code":"11402","places":6,"units":2,"registered":"2024-03-05","catastro":"6746314QA5664F0003UT","holder":"SALGAR1974, SL","holder_count":3}},{"type":"Feature","geometry":{"type":"Point","coordinates":[-6.130644,36.67909]},"properties":{"id":"VUT/CA/19897","type":"VUT","group":"Completa","address":"CALLE Porvenir Nº 42 Plta/Piso 1 Pta/Letra A, piso 1, puerta A","postal_code":"11401","places":3,"units":1,"registered":"2024-03-05","catastro":"6533017QA5663D0003AH","holder":null,"holder_count":null}},{"type":"Feature","geometry":{"type":"Point","coordinates":[-6.135543,36.677578]},"properties":{"id":"VUT/CA/19898","type":"VUT","group":"Completa","address":"CALLE SANCHO VIZCAINO Nº 14 Plta/Piso 2 Pta/Letra E, piso 2, puerta E","postal_code":"11401","places":3,"units":1,"registered":"2024-03-06","catastro":"6131807QA5663A0060KT","holder":null,"holder_count":null}},{"type":"Feature","geometry":{"type":"Point","coordinates":[-6.137896,36.681028]},"properties":{"id":"VUT/CA/19899","type":"VUT","group":"Completa","address":"CALLE FATE Nº 4 Plta/Piso 2 Pta/Letra C, piso 2, puerta C","postal_code":"11401","places":4,"units":2,"registered":"2024-03-06","catastro":"5935005QA5653F0019MB","holder":null,"holder_count":null}},{"type":"Feature","geometry":{"type":"Point","coordinates":[-6.131941,36.685789]},"properties":{"id":"VUT/CA/19938","type":"VUT","group":"Completa","address":"CALLE GOMEZ CARRILLO Nº 9 Compl.Dom. ESQUINA CON CALLE CLAVEL","postal_code":"11402","places":4,"units":2,"registered":"2024-03-12","catastro":"6460803QA5666A0001JG","holder":null,"holder_count":null}},{"type":"Feature","geometry":{"type":"Point","coordinates":[-6.138148,36.678856]},"properties":{"id":"VUT/CA/19939","type":"VUT","group":"Completa","address":"CALLE ESTEREROS Nº 10 Plta/Piso 1 Pta/Letra A, piso 1, puerta A","postal_code":"11404","places":4,"units":1,"registered":"2024-03-12","catastro":"5833405QA5653D0002MA","holder":null,"holder_count":null}},{"type":"Feature","geometry":{"type":"Point","coordinates":[-6.133638,36.678501]},"properties":{"id":"VUT/CA/19943","type":"VUT","group":"Completa","address":"CALLE EMPEDRADA Nº 4 Pta/Letra 5, puerta 5","postal_code":"11401","places":12,"units":2,"registered":"2024-03-12","catastro":"6332803QA5663A0001XP","holder":"OLE SOLUTIONS HOLIDAY RENTALS S.L.","holder_count":52}},{"type":"Feature","geometry":{"type":"Point","coordinates":[-6.11512,36.685895]},"properties":{"id":"VUT/CA/19959","type":"VUT","group":"Completa","address":"CALLE LA PAQUERA DE JEREZ Nº 1 Plta/Piso 2 Pta/Letra IZDA, piso 2, puerta IZDA","postal_code":"11406","places":4,"units":3,"registered":"2024-03-13","catastro":"7941001QA5674B0005JZ","holder":null,"holder_count":null}},{"type":"Feature","geometry":{"type":"Point","coordinates":[-6.142952,36.686864]},"properties":{"id":"VUT/CA/19964","type":"VUT","group":"Completa","address":"CALLE Justicia Nº 6 Plta/Piso 2 Pta/Letra Derecha, piso 2, puerta Derecha","postal_code":"11403","places":5,"units":2,"registered":"2024-03-14","catastro":"5442605QA5654A0005RR","holder":null,"holder_count":null}},{"type":"Feature","geometry":{"type":"Point","coordinates":[-6.134134,36.683994]},"properties":{"id":"VUT/CA/19986","type":"VUT","group":"Completa","address":"CALLE MORENOS Nº 19 Plta/Piso 1ª Pta/Letra A Compl.Dom. PALO CORTADO, piso 1ª, puerta A","postal_code":"11402","places":6,"units":3,"registered":"2024-03-15","catastro":"6349322QA5664G0004IG","holder":"ALLO APARTMENTS HOLYDAYS S.L.","holder_count":9}},{"type":"Feature","geometry":{"type":"Point","coordinates":[-6.134134,36.683994]},"properties":{"id":"VUT/CA/19993","type":"VUT","group":"Completa","address":"CALLE MORENOS Nº 19","postal_code":"11402","places":4,"units":2,"registered":"2024-03-15","catastro":"6349322QA5664G0005OH","holder":"Allo Apartments Holydays SLU","holder_count":4}},{"type":"Feature","geometry":{"type":"Point","coordinates":[-6.119717,36.686346]},"properties":{"id":"VUT/CA/20011","type":"VUT","group":"Completa","address":"PLAZA KIYOSU Blq. E8 Plta/Piso 3 Pta/Letra B Compl.Dom. URBANIZACIÓN JARDINES DE LA UNIVERSIDAD, piso 3, puerta B","postal_code":"11405","places":3,"units":1,"registered":"2024-03-19","catastro":"7441509QA5674A0076GH","holder":null,"holder_count":null}},{"type":"Feature","geometry":{"type":"Point","coordinates":[-6.13989,36.679656]},"properties":{"id":"VUT/CA/20066","type":"VUT","group":"Completa","address":"CALLE Puerto Nº 5 Portal 5 Pta/Letra 1, puerta 1","postal_code":"11403","places":4,"units":1,"registered":"2024-03-22","catastro":"5633211QA5653D1001OI","holder":"OLE SOLUTIONS HOLIDAY RENTALS S.L.","holder_count":52}},{"type":"Feature","geometry":{"type":"Point","coordinates":[-6.132396,36.679671]},"properties":{"id":"VUT/CA/20079","type":"VUT","group":"Completa","address":"CALLE CAMPANA Nº 12 Plta/Piso 1 Pta/Letra B, piso 1, puerta B","postal_code":"11406","places":5,"units":2,"registered":"2024-03-24","catastro":"6433001QA5663C0004KI","holder":null,"holder_count":null}},{"type":"Feature","geometry":{"type":"Point","coordinates":[-6.118802,36.687491]},"properties":{"id":"VUT/CA/20122","type":"VUT","group":"Por habitaciones","address":"PLAZA LOS PINOS Nº 9 Plta/Piso 3 Pta/Letra B, piso 3, puerta B","postal_code":"11405","places":6,"units":4,"registered":"2024-03-28","catastro":"7642114QA5674C0014ID","holder":"QUICKIN INVESTING 2020 SL","holder_count":1}},{"type":"Feature","geometry":{"type":"Point","coordinates":[-6.12973,36.68811]},"properties":{"id":"VUT/CA/20127","type":"VUT","group":"Completa","address":"CALLE Maria del Carmen Requejo Iglesias Nº 4 Compl.Dom. Jerez de la Frontera","postal_code":"11405","places":5,"units":2,"registered":"2024-03-29","catastro":"6643012QA5664D0001FI","holder":null,"holder_count":null}},{"type":"Feature","geometry":{"type":"Point","coordinates":[-6.129398,36.692403]},"properties":{"id":"VUT/CA/20197","type":"VUT","group":"Completa","address":"CALLE ENRIQUE RODIÑO Nº HUELVA II Esc. 1 Plta/Piso 1 Pta/Letra G, piso 1, puerta G","postal_code":"11405","places":4,"units":2,"registered":"2024-04-07","catastro":"6548413QA5664H0021JS","holder":null,"holder_count":null}},{"type":"Feature","geometry":{"type":"Point","coordinates":[-6.136083,36.693333]},"properties":{"id":"VUT/CA/20205","type":"VUT","group":"Por habitaciones","address":"AVENIDA DUQUE ABRANTES Nº 16","postal_code":"11407","places":4,"units":2,"registered":"2024-04-08","catastro":"6049405QA5664G0001ES","holder":null,"holder_count":null}},{"type":"Feature","geometry":{"type":"Point","coordinates":[-6.133638,36.678501]},"properties":{"id":"VUT/CA/20231","type":"VUT","group":"Completa","address":"EMPEDRADA Nº 4 Pta/Letra 2, puerta 2","postal_code":"11401","places":3,"units":1,"registered":"2024-04-09","catastro":"6332803QA5663A0001XP","holder":null,"holder_count":null}},{"type":"Feature","geometry":{"type":"Point","coordinates":[-6.128244,36.6799]},"properties":{"id":"VUT/CA/20232","type":"VUT","group":"Completa","address":"CALLE DIEGO FERNANDEZ HERRERA Nº 17 Blq. 17 Plta/Piso 7 Pta/Letra B, piso 7, puerta B","postal_code":"11401","places":8,"units":3,"registered":"2024-04-19","catastro":"6834004QA5663D0037LK","holder":null,"holder_count":null}},{"type":"Feature","geometry":{"type":"Point","coordinates":[-6.11411,36.703765]},"properties":{"id":"VUT/CA/20244","type":"VUT","group":"Completa","address":"CALLE POLAR Km 1 Plta/Piso 4 Pta/Letra P Compl.Dom. EDIFICIO OASIS 1, piso 4, puerta P","postal_code":"11405","places":4,"units":1,"registered":"2024-04-10","catastro":"7960601QA5676B0059UW","holder":null,"holder_count":null}},{"type":"Feature","geometry":{"type":"Point","coordinates":[-6.13568,36.679569]},"properties":{"id":"VUT/CA/20277","type":"VUT","group":"Completa","address":"CALLE Caballeros Nº 39 Plta/Piso Bajo Pta/Letra B, piso Bajo, puerta B","postal_code":"11403","places":4,"units":1,"registered":"2024-04-15","catastro":"6134015QA5663C0001TT","holder":null,"holder_count":null}},{"type":"Feature","geometry":{"type":"Point","coordinates":[-6.108177,36.699202]},"properties":{"id":"VUT/CA/20287","type":"VUT","group":"Completa","address":"AVENIDA JOSE MANUEL CABALLERO BONALD Nº 1 Portal 2 Plta/Piso 1 Pta/Letra A, piso 1, puerta A","postal_code":"11405","places":6,"units":3,"registered":"2024-04-16","catastro":"8556801QA5685E0021EP","holder":null,"holder_count":null}},{"type":"Feature","geometry":{"type":"Point","coordinates":[-6.134543,36.689098]},"properties":{"id":"VUT/CA/20296","type":"VUT","group":"Completa","address":"CALLE SANTO DOMINGO Nº 12 Blq. 4 Plta/Piso 1º Pta/Letra B Compl.Dom. EDIFICIO MAYAGUANA, piso 1º, puerta B","postal_code":"11402","places":4,"units":2,"registered":"2024-04-16","catastro":"6244617QA5664C0048JA","holder":null,"holder_count":null}},{"type":"Feature","geometry":{"type":"Point","coordinates":[-6.147596,36.687099]},"properties":{"id":"VUT/CA/20299","type":"VUT","group":"Completa","address":"CALLE NUEVA Nº 43 Blq. 1 Plta/Piso 2 Pta/Letra A Compl.Dom. RESIDENCIAL JARDINES DE CRISTAL, piso 2, puerta A","postal_code":"11404","places":4,"units":2,"registered":"2024-04-16","catastro":"4941601QA5644B0086DB","holder":"OLE SOLUTIONS HOLIDAY RENTALS S.L.","holder_count":52}},{"type":"Feature","geometry":{"type":"Point","coordinates":[-6.123137,36.7037]},"properties":{"id":"VUT/CA/20301","type":"VUT","group":"Completa","address":"CALLE MONTEVIDEO Nº 14","postal_code":"11407","places":6,"units":2,"registered":"2024-04-16","catastro":"7161104QA5676A0001JL","holder":null,"holder_count":null}},{"type":"Feature","geometry":{"type":"Point","coordinates":[-6.144099,36.670027]},"properties":{"id":"VUT/CA/20309","type":"VUT","group":"Completa","address":"CALLE ARQUITECTO HERNANDEZ RUBIO Nº 42 Plta/Piso 1 Pta/Letra D, piso 1, puerta D","postal_code":"11408","places":6,"units":3,"registered":"2024-04-17","catastro":"5423501QA5652A0009KB","holder":null,"holder_count":null}},{"type":"Feature","geometry":{"type":"Point","coordinates":[-6.138116,36.685792]},"properties":{"id":"VUT/CA/20319","type":"VUT","group":"Completa","address":"PLAZA RAFAEL DE RIVERO Nº 3 Plta/Piso 2 Pta/Letra DCHA, piso 2, puerta DCHA","postal_code":"11402","places":6,"units":2,"registered":"2024-04-18","catastro":"5840303QA5654B0004MS","holder":"SALGAR1974, SL","holder_count":3}},{"type":"Feature","geometry":{"type":"Point","coordinates":[-6.138155,36.683366]},"properties":{"id":"VUT/CA/20330","type":"VUT","group":"Completa","address":"CALLE CONDE CAÑETE DEL PINAR Nº 5 Plta/Piso 3 Pta/Letra 4, piso 3, puerta 4","postal_code":"11403","places":7,"units":3,"registered":"2024-04-18","catastro":"5838403QA5653H0004OE","holder":null,"holder_count":null}},{"type":"Feature","geometry":{"type":"Point","coordinates":[-6.145096,36.68894]},"properties":{"id":"VUT/CA/20338","type":"VUT","group":"Completa","address":"CALLE TARDIXT Nº 17 Plta/Piso Bajo Pta/Letra dcha, piso Bajo, puerta dcha","postal_code":"11408","places":8,"units":2,"registered":"2024-04-19","catastro":"5243017QA5654C0002PL","holder":null,"holder_count":null}},{"type":"Feature","geometry":{"type":"Point","coordinates":[-6.13989,36.679656]},"properties":{"id":"VUT/CA/20380","type":"VUT","group":"Completa","address":"CALLE PUERTO Nº 5 Plta/Piso 3, piso 3","postal_code":"11403","places":2,"units":1,"registered":"2024-04-23","catastro":"5633211QA5653D0003DS","holder":null,"holder_count":null}},{"type":"Feature","geometry":{"type":"Point","coordinates":[-6.134134,36.683994]},"properties":{"id":"VUT/CA/20391","type":"VUT","group":"Completa","address":"CALLE MORENOS Nº 19 Plta/Piso 2 Pta/Letra A, piso 2, puerta A","postal_code":"11402","places":5,"units":3,"registered":"2024-04-24","catastro":"6349322QA5664G0001TS","holder":null,"holder_count":null}},{"type":"Feature","geometry":{"type":"Point","coordinates":[-6.133979,36.684011]},"properties":{"id":"VUT/CA/20399","type":"VUT","group":"Completa","address":"CALLE MORENOS Nº 19 Plta/Piso BAJA Pta/Letra A, piso BAJA, puerta A","postal_code":"11402","places":6,"units":2,"registered":"2024-04-24","catastro":"6349322QA5664G1001EP","holder":"ALLO APARTMENTS HOLYDAYS S.L.","holder_count":9}},{"type":"Feature","geometry":{"type":"Point","coordinates":[-6.134134,36.683994]},"properties":{"id":"VUT/CA/20417","type":"VUT","group":"Completa","address":"CALLE MORENOS Nº 19 Portal 19 Plta/Piso 2 Pta/Letra B, piso 2, puerta B","postal_code":"11402","places":4,"units":1,"registered":"2024-04-25","catastro":"6349322QA5664G0001TS","holder":null,"holder_count":null}},{"type":"Feature","geometry":{"type":"Point","coordinates":[-6.137202,36.680223]},"properties":{"id":"VUT/CA/20468","type":"VUT","group":"Completa","address":"CALLE SAN MIGUEL Nº 17 Plta/Piso 2 Pta/Letra A, piso 2, puerta A","postal_code":"11403","places":5,"units":2,"registered":"2024-04-30","catastro":"6034813QA5663C0024ZX","holder":"OLE SOLUTIONS HOLIDAY RENTALS S.L.","holder_count":52}},{"type":"Feature","geometry":{"type":"Point","coordinates":[-6.133308,36.682026]},"properties":{"id":"VUT/CA/20501","type":"VUT","group":"Completa","address":"CALLE higueras Nº 19 Plta/Piso BAJA, piso BAJA","postal_code":"11402","places":3,"units":2,"registered":"2024-05-03","catastro":"6236305QA5663E0001WM","holder":null,"holder_count":null}},{"type":"Feature","geometry":{"type":"Point","coordinates":[-5.936357,36.645839]},"properties":{"id":"VUT/CA/20523","type":"VUT","group":"Por habitaciones","address":"CALLE PAZ Nº 2 Pta/Letra 13, puerta 13","postal_code":"11570","places":5,"units":2,"registered":"2024-05-05","catastro":"4001804QA7640A0001AZ","holder":null,"holder_count":null}},{"type":"Feature","geometry":{"type":"Point","coordinates":[-6.145121,36.687193]},"properties":{"id":"VUT/CA/20533","type":"VUT","group":"Completa","address":"CALLE LA MERCED Nº 24 Esc. 1 Pta/Letra 7, puerta 7","postal_code":"11404","places":4,"units":2,"registered":"2024-05-06","catastro":"5242612QA5654A0008DU","holder":null,"holder_count":null}},{"type":"Feature","geometry":{"type":"Point","coordinates":[-6.137697,36.701274]},"properties":{"id":"VUT/CA/20565","type":"VUT","group":"Completa","address":"CALLE DOCTOR MARAÑON Nº 11 Esc. 1 Plta/Piso 1 Pta/Letra A, piso 1, puerta A","postal_code":"11407","places":6,"units":3,"registered":"2024-05-08","catastro":"5858402QA5655H0007RJ","holder":null,"holder_count":null}},{"type":"Feature","geometry":{"type":"Point","coordinates":[-6.137448,36.678852]},"properties":{"id":"VUT/CA/20629","type":"VUT","group":"Por habitaciones","address":"CALLE SAN ANTON Nº 6","postal_code":"11403","places":2,"units":1,"registered":"2024-05-13","catastro":"5933503QA5653D0001MP","holder":null,"holder_count":null}},{"type":"Feature","geometry":{"type":"Point","coordinates":[-6.113165,36.689814]},"properties":{"id":"VUT/CA/20632","type":"VUT","group":"Completa","address":"CALLE GENOVA Nº 2 Blq. F Plta/Piso 1º Pta/Letra A, piso 1º, puerta A","postal_code":"11405","places":5,"units":3,"registered":"2024-05-13","catastro":"8045701QA5684E0201FI","holder":null,"holder_count":null}},{"type":"Feature","geometry":{"type":"Point","coordinates":[-6.14236,36.683536]},"properties":{"id":"VUT/CA/20638","type":"VUT","group":"Completa","address":"CALLE SALVADOR Nº 16","postal_code":"11403","places":4,"units":1,"registered":"2024-05-13","catastro":"5538709QA5653H0001RM","holder":null,"holder_count":null}},{"type":"Feature","geometry":{"type":"Point","coordinates":[-6.131517,36.677853]},"properties":{"id":"VUT/CA/20652","type":"VUT","group":"Completa","address":"CALLE San Clemente Nº 2 Plta/Piso 1 Pta/Letra E, piso 1, puerta E","postal_code":"11401","places":5,"units":2,"registered":"2024-05-14","catastro":"6432016QA5663A0010OH","holder":"Allo Apartments Holydays S.L.","holder_count":1}},{"type":"Feature","geometry":{"type":"Point","coordinates":[-6.12857,36.690092]},"properties":{"id":"VUT/CA/20669","type":"VUT","group":"Completa","address":"PLAZA RAFAEL MOLINA LAGARTIJO Nº 4 Plta/Piso 3 Pta/Letra IZQ Compl.Dom. BARRIADA LA CONSTANCIA, piso 3, puerta IZQ","postal_code":"11405","places":7,"units":3,"registered":"2024-05-15","catastro":"6745103QA5664F0008LP","holder":null,"holder_count":null}},{"type":"Feature","geometry":{"type":"Point","coordinates":[-6.141109,36.686065]},"properties":{"id":"VUT/CA/20671","type":"VUT","group":"Completa","address":"CALLE FRANCOS Nº 49 Calif.Nº DUPLICADO Plta/Piso 2 Pta/Letra B, piso 2, puerta B","postal_code":"11403","places":7,"units":3,"registered":"2024-05-15","catastro":"5640007QA5654B0009XJ","holder":null,"holder_count":null}},{"type":"Feature","geometry":{"type":"Point","coordinates":[-6.084485,36.699646]},"properties":{"id":"VUT/CA/20719","type":"VUT","group":"Completa","address":"CALLE COLONIA CAULINA POLIGONO 158 - PARCELA 167 JUNCAL Nº 167","postal_code":"11591","places":4,"units":2,"registered":"2024-05-20","catastro":"53020A158001670000IO","holder":null,"holder_count":null}},{"type":"Feature","geometry":{"type":"Point","coordinates":[-6.13989,36.679656]},"properties":{"id":"VUT/CA/20735","type":"VUT","group":"Completa","address":"CALLE PUERTO Nº 5 Plta/Piso 1 Pta/Letra 8, piso 1, puerta 8","postal_code":"11403","places":4,"units":1,"registered":"2024-05-21","catastro":"5633211QA5653D0001AP","holder":"OLE SOLUTIONS HOLIDAY RENTALS S.L.","holder_count":52}},{"type":"Feature","geometry":{"type":"Point","coordinates":[-6.134134,36.683994]},"properties":{"id":"VUT/CA/20764","type":"VUT","group":"Completa","address":"CALLE MORENOS Nº 19 Plta/Piso BAJO Pta/Letra C, piso BAJO, puerta C","postal_code":"11402","places":4,"units":1,"registered":"2024-05-22","catastro":"6349322QA5664G0001TS","holder":null,"holder_count":null}},{"type":"Feature","geometry":{"type":"Point","coordinates":[-6.136954,36.682535]},"properties":{"id":"VUT/CA/20844","type":"VUT","group":"Completa","address":"CALLE LANCERIA Nº 23-25 Plta/Piso 1º Pta/Letra C, piso 1º, puerta C","postal_code":"11402","places":6,"units":2,"registered":"2024-05-28","catastro":"5937428QA5653F0009AD","holder":null,"holder_count":null}},{"type":"Feature","geometry":{"type":"Point","coordinates":[-6.136938,36.678203]},"properties":{"id":"VUT/CA/20852","type":"VUT","group":"Completa","address":"CALLE OROPESA Nº 4 Plta/Piso 1 Pta/Letra 3, piso 1, puerta 3","postal_code":"11403","places":8,"units":3,"registered":"2024-05-28","catastro":"5932814QA5653B0003SJ","holder":null,"holder_count":null}},{"type":"Feature","geometry":{"type":"Point","coordinates":[-6.134134,36.683994]},"properties":{"id":"VUT/CA/20865","type":"VUT","group":"Completa","address":"CALLE MORENOS Nº 19 Plta/Piso 1 Pta/Letra C, piso 1, puerta C","postal_code":"11402","places":6,"units":2,"registered":"2024-05-29","catastro":"6349322QA5664G0006PJ","holder":"Allo Apartments Holydays SLU","holder_count":4}},{"type":"Feature","geometry":{"type":"Point","coordinates":[-6.135104,36.689792]},"properties":{"id":"VUT/CA/20866","type":"VUT","group":"Completa","address":"CALLE PAUL Nº 38 Plta/Piso 3 Pta/Letra C, piso 3, puerta C","postal_code":"11402","places":4,"units":1,"registered":"2024-05-29","catastro":"6043037QA5664C0012AU","holder":null,"holder_count":null}},{"type":"Feature","geometry":{"type":"Point","coordinates":[-6.134134,36.683994]},"properties":{"id":"VUT/CA/20868","type":"VUT","group":"Completa","address":"CALLE morenos Nº 19 Plta/Piso 2 Pta/Letra c, piso 2, puerta c","postal_code":"11204","places":4,"units":1,"registered":"2024-05-29","catastro":"6349322QA5664g0009DB","holder":"Allo Apartments Holydays SLU","holder_count":4}},{"type":"Feature","geometry":{"type":"Point","coordinates":[-6.134134,36.683994]},"properties":{"id":"VUT/CA/20869","type":"VUT","group":"Completa","address":"CALLE morenos Nº 19 Plta/Piso 2 Pta/Letra c, piso 2, puerta c","postal_code":"11204","places":4,"units":1,"registered":"2024-05-29","catastro":"6349322qa5664g0001ts","holder":null,"holder_count":null}},{"type":"Feature","geometry":{"type":"Point","coordinates":[-6.134134,36.683994]},"properties":{"id":"VUT/CA/20885","type":"VUT","group":"Completa","address":"CALLE MORENOS Nº 19 Plta/Piso BAJA Pta/Letra B, piso BAJA, puerta B","postal_code":"11402","places":5,"units":2,"registered":"2024-05-30","catastro":"6349322QA5664G0001TS","holder":null,"holder_count":null}},{"type":"Feature","geometry":{"type":"Point","coordinates":[-6.135827,36.68616]},"properties":{"id":"VUT/CA/20889","type":"VUT","group":"Completa","address":"PLAZA ALFONSO SÁNCHEZ FERRAJÓN Nº 3 Portal 2 Plta/Piso 2º Pta/Letra A, piso 2º, puerta A","postal_code":"11402","places":8,"units":3,"registered":"2024-05-30","catastro":"6041006QA5664A0118LZ","holder":null,"holder_count":null}},{"type":"Feature","geometry":{"type":"Point","coordinates":[-6.133362,36.683982]},"properties":{"id":"VUT/CA/20891","type":"VUT","group":"Completa","address":"CALLE GASPAR FERNANDEZ Nº 18","postal_code":"11404","places":10,"units":12,"registered":"2024-05-31","catastro":"6349315QA5664G0001GS","holder":"BARBILLA 20 S.L.","holder_count":1}},{"type":"Feature","geometry":{"type":"Point","coordinates":[-6.119717,36.686346]},"properties":{"id":"VUT/CA/20893","type":"VUT","group":"Completa","address":"RESIDENCIAL JARDINES DE LA UNIVERSIDAD Blq. 8E Plta/Piso 1 Pta/Letra E, piso 1, puerta E","postal_code":"11405","places":4,"units":1,"registered":"2024-05-31","catastro":"7441509QA5674A0067OP","holder":null,"holder_count":null}},{"type":"Feature","geometry":{"type":"Point","coordinates":[-6.132382,36.681893]},"properties":{"id":"VUT/CA/20936","type":"VUT","group":"Completa","address":"CALLE Medina Nº 51 Plta/Piso 1 Pta/Letra B, piso 1, puerta B","postal_code":"11402","places":8,"units":3,"registered":"2024-06-04","catastro":"6436124QA5663E0030MB","holder":"ALLO APARTMENTS HOLYDAYS S.L.","holder_count":9}},{"type":"Feature","geometry":{"type":"Point","coordinates":[-6.13989,36.679656]},"properties":{"id":"VUT/CA/20948","type":"VUT","group":"Completa","address":"CALLE PUERTO Nº 5 Pta/Letra 7, puerta 7","postal_code":"11403","places":3,"units":1,"registered":"2024-06-04","catastro":"5633211QA5653D0001AP","holder":"IX CONTRACT SPAIN SL","holder_count":1}},{"type":"Feature","geometry":{"type":"Point","coordinates":[-6.131313,36.67897]},"properties":{"id":"VUT/CA/20967","type":"VUT","group":"Completa","address":"CALLE CAMPANA Nº 31","postal_code":"11401","places":4,"units":1,"registered":"2024-06-06","catastro":"6533010QA5663D0001GF","holder":null,"holder_count":null}},{"type":"Feature","geometry":{"type":"Point","coordinates":[-6.111993,36.706667]},"properties":{"id":"VUT/CA/21010","type":"VUT","group":"Completa","address":"CALLE HERMANO ELEUTERIO JOSE Nº 3 Portal 1 Plta/Piso 2 Pta/Letra C, piso 2, puerta C","postal_code":"11407","places":3,"units":1,"registered":"2024-06-10","catastro":"8164101QA5686C0013RR","holder":null,"holder_count":null}},{"type":"Feature","geometry":{"type":"Point","coordinates":[-6.117624,36.695479]},"properties":{"id":"VUT/CA/21021","type":"VUT","group":"Completa","address":"CALLE DOCTOR RAFAEL RUIZ MATEOS Nº 4 Portal 2 Plta/Piso BAJO Pta/Letra B, piso BAJO, puerta B","postal_code":"11405","places":3,"units":2,"registered":"2024-06-11","catastro":"7652803QA5675B0227GF","holder":null,"holder_count":null}},{"type":"Feature","geometry":{"type":"Point","coordinates":[-6.116672,36.681587]},"properties":{"id":"VUT/CA/21034","type":"VUT","group":"Completa","address":"PLAZA princi Jerez Blq. 5 Plta/Piso 6 Pta/Letra A, piso 6, puerta A","postal_code":"11406","places":5,"units":3,"registered":"2024-06-11","catastro":"7836805QA5673F0025TI","holder":null,"holder_count":null}},{"type":"Feature","geometry":{"type":"Point","coordinates":[-6.140971,36.679152]},"properties":{"id":"VUT/CA/21035","type":"VUT","group":"Completa","address":"CALLE Juan Sanchez Nº 16","postal_code":"11401","places":4,"units":1,"registered":"2024-06-11","catastro":"5633219QA5653D0001FP","holder":null,"holder_count":null}},{"type":"Feature","geometry":{"type":"Point","coordinates":[-6.138155,36.683366]},"properties":{"id":"VUT/CA/21080","type":"VUT","group":"Completa","address":"CALLE Conde Cañete del Pinar Nº 5 Plta/Piso 1 Pta/Letra 1, piso 1, puerta 1","postal_code":"11403","places":4,"units":1,"registered":"2024-06-14","catastro":"5838403QA5653H0002UQ","holder":null,"holder_count":null}},{"type":"Feature","geometry":{"type":"Point","coordinates":[-6.136706,36.683711]},"properties":{"id":"VUT/CA/21117","type":"VUT","group":"Completa","address":"CALLE CUATRO JUANES Nº 1 Esc. 1 Plta/Piso 4 Pta/Letra 44 Compl.Dom. CENTRO COMERCIAL LOS CISNES, piso 4, puerta 44","postal_code":"11401","places":4,"units":1,"registered":"2024-06-18","catastro":"5938309QA5653H0115HF","holder":"GARTEL S.L.","holder_count":1}},{"type":"Feature","geometry":{"type":"Point","coordinates":[-6.143161,36.682674]},"properties":{"id":"VUT/CA/21132","type":"VUT","group":"Completa","address":"CALLE ESPIRITU SANTO Nº 7","postal_code":"11403","places":4,"units":4,"registered":"2024-06-19","catastro":"5336003QA5653E0001BL","holder":"MV HERMANOS CB","holder_count":1}},{"type":"Feature","geometry":{"type":"Point","coordinates":[-6.131517,36.677853]},"properties":{"id":"VUT/CA/21188","type":"VUT","group":"Completa","address":"CALLE San Clemente Nº 2 Plta/Piso Baja Pta/Letra D, piso Baja, puerta D","postal_code":"11401","places":4,"units":2,"registered":"2024-06-24","catastro":"6432016QA5663A0001EP","holder":"Benbo Adminnistración y Servicios SL","holder_count":7}},{"type":"Feature","geometry":{"type":"Point","coordinates":[-6.12635,36.675299]},"properties":{"id":"VUT/CA/21190","type":"VUT","group":"Completa","address":"CONJUNTO SAN ELOY Blq. 3 Plta/Piso 0 Pta/Letra I, piso 0, puerta I","postal_code":"11405","places":4,"units":3,"registered":"2024-06-24","catastro":"6929203QA5662H0002BA","holder":null,"holder_count":null}},{"type":"Feature","geometry":{"type":"Point","coordinates":[-6.105422,36.678885]},"properties":{"id":"VUT/CA/21233","type":"VUT","group":"Por habitaciones","address":"CALLE PLAYA DE BOLONIA Nº 8","postal_code":"11406","places":5,"units":3,"registered":"2024-06-26","catastro":"8733201QA5683D0045AI","holder":null,"holder_count":null}},{"type":"Feature","geometry":{"type":"Point","coordinates":[-6.141447,36.678471]},"properties":{"id":"VUT/CA/21238","type":"VUT","group":"Completa","address":"AVENIDA TORRESOTO Nº 12","postal_code":"11401","places":4,"units":2,"registered":"2024-06-26","catastro":"5732808QA5653B0004WK","holder":"WENDI BROKERAGE GLOBAL COMPANY INVESTMENT SL","holder_count":1}},{"type":"Feature","geometry":{"type":"Point","coordinates":[-6.143817,36.668353]},"properties":{"id":"VUT/CA/21239","type":"VUT","group":"Completa","address":"AVENIDA PUERTA DEL SUR Nº 44 Blq. 12 Plta/Piso 3 Pta/Letra B Compl.Dom. RESIDENCIAL JARDIN DE VESTA, piso 3, puerta B","postal_code":"11408","places":6,"units":3,"registered":"2024-06-26","catastro":"5320901QA5652S0173RU","holder":null,"holder_count":null}},{"type":"Feature","geometry":{"type":"Point","coordinates":[-6.259781,36.592557]},"properties":{"id":"VUT/CA/21256","type":"VUT","group":"Completa","address":"CALLE MANUEL DE LA QUINTANA Nº 2 Esc. 1 Plta/Piso 1 Pta/Letra B, piso 1, puerta B","postal_code":"11402","places":8,"units":4,"registered":"2024-06-28","catastro":"4835103QA4543F0001SU","holder":"SALGAR1974,SL","holder_count":2}},{"type":"Feature","geometry":{"type":"Point","coordinates":[-6.136308,36.68794]},"properties":{"id":"VUT/CA/21259","type":"VUT","group":"Completa","address":"CALLE EGUILUZ Nº 2 Plta/Piso 3 Pta/Letra B, piso 3, puerta B","postal_code":"11402","places":6,"units":3,"registered":"2024-06-28","catastro":"6043004QA5664C0031GB","holder":null,"holder_count":null}},{"type":"Feature","geometry":{"type":"Point","coordinates":[-6.140508,36.687429]},"properties":{"id":"VUT/CA/21304","type":"VUT","group":"Completa","address":"CALLE CHANCILLERIA Nº 4 Plta/Piso 2 Pta/Letra B, piso 2, puerta B","postal_code":"11403","places":4,"units":1,"registered":"2024-07-02","catastro":"5642810QA5654B0008JH","holder":null,"holder_count":null}},{"type":"Feature","geometry":{"type":"Point","coordinates":[-6.127881,36.681143]},"properties":{"id":"VUT/CA/21390","type":"VUT","group":"Completa","address":"AVENIDA NUESTRA SEÑORA DE LA PAZ Nº 2 Blq. 6 Plta/Piso 3 Pta/Letra A, piso 3, puerta A","postal_code":"11406","places":6,"units":3,"registered":"2024-07-08","catastro":"6735601QA5663F0038UF","holder":"OLE SOLUTIONS HOLIDAY RENTALS S.L.","holder_count":52}},{"type":"Feature","geometry":{"type":"Point","coordinates":[-6.135436,36.684577]},"properties":{"id":"VUT/CA/21392","type":"VUT","group":"Completa","address":"CALLE NARANJAS Nº 9 Plta/Piso BJ Pta/Letra A, piso BJ, puerta A","postal_code":"11402","places":4,"units":1,"registered":"2024-07-09","catastro":"6139706QA5663G0001RK","holder":"SHERRYFLAT S.L","holder_count":40}},{"type":"Feature","geometry":{"type":"Point","coordinates":[-6.132347,36.700318]},"properties":{"id":"VUT/CA/21404","type":"VUT","group":"Completa","address":"CALLE ALCALDE SANTIAGO LOZANO CORRALON Nº 6 Plta/Piso 4, piso 4","postal_code":"11405","places":4,"units":1,"registered":"2024-07-10","catastro":"6456808QA5665E0007JJ","holder":null,"holder_count":null}},{"type":"Feature","geometry":{"type":"Point","coordinates":[-6.140759,36.685462]},"properties":{"id":"VUT/CA/21418","type":"VUT","group":"Completa","address":"CALLE Almenillas Nº 2","postal_code":"11403","places":4,"units":1,"registered":"2024-07-11","catastro":"5640011QA5654B0002QP","holder":null,"holder_count":null}},{"type":"Feature","geometry":{"type":"Point","coordinates":[-6.120217,36.678204]},"properties":{"id":"VUT/CA/21455","type":"VUT","group":"Completa","address":"CALLE DEL MAR Nº 5 Plta/Piso 2 Pta/Letra C Compl.Dom. urbanizacion parque atlantico bloque 5, 2º C, piso 2, puerta C","postal_code":"11406","places":7,"units":4,"registered":"2024-07-15","catastro":"7432203QA5673A0018JT","holder":null,"holder_count":null}},{"type":"Feature","geometry":{"type":"Point","coordinates":[-6.116623,36.682397]},"properties":{"id":"VUT/CA/21456","type":"VUT","group":"Completa","address":"PLAZA PRINCI JEREZ Nº 2 Plta/Piso 9 Pta/Letra D, piso 9, puerta D","postal_code":"11406","places":6,"units":3,"registered":"2024-07-15","catastro":"7836802QA5673F0040PJ","holder":null,"holder_count":null}},{"type":"Feature","geometry":{"type":"Point","coordinates":[-6.120102,36.678478]},"properties":{"id":"VUT/CA/21457","type":"VUT","group":"Completa","address":"CALLE DEL MAR Nº 3 Plta/Piso 12 Pta/Letra B Compl.Dom. URB. PARQUE ATLANTICO, piso 12, puerta B","postal_code":"11406","places":7,"units":4,"registered":"2024-07-15","catastro":"7432202QA5673A0054OY","holder":null,"holder_count":null}},{"type":"Feature","geometry":{"type":"Point","coordinates":[-6.14238,36.689793]},"properties":{"id":"VUT/CA/21502","type":"VUT","group":"Completa","address":"CALLE LEALAS Nº 29 Plta/Piso 1 Pta/Letra D, piso 1, puerta D","postal_code":"11405","places":2,"units":1,"registered":"2024-07-19","catastro":"5444029QA5654C0008JW","holder":null,"holder_count":null}},{"type":"Feature","geometry":{"type":"Point","coordinates":[-6.137095,36.681743]},"properties":{"id":"VUT/CA/21511","type":"VUT","group":"Completa","address":"PLAZA ESTEVE Nº 2 Plta/Piso 3 Pta/Letra 2, piso 3, puerta 2","postal_code":"11402","places":8,"units":4,"registered":"2024-07-19","catastro":"6036702QA5663E0024QJ","holder":"VARFER GARAJE, S.L.","holder_count":1}},{"type":"Feature","geometry":{"type":"Point","coordinates":[-6.133935,36.678964]},"properties":{"id":"VUT/CA/21518","type":"VUT","group":"Completa","address":"CALLE CAZON Nº 18 Plta/Piso 1 Pta/Letra A, piso 1, puerta A","postal_code":"11402","places":4,"units":1,"registered":"2024-07-21","catastro":"6233025QA5663C0005DO","holder":null,"holder_count":null}},{"type":"Feature","geometry":{"type":"Point","coordinates":[-6.129272,36.689209]},"properties":{"id":"VUT/CA/21526","type":"VUT","group":"Completa","address":"CALLE JUAN BELMONTE Nº 7 Plta/Piso BAJO Pta/Letra ISQ, piso BAJO, puerta ISQ","postal_code":"11405","places":4,"units":2,"registered":"2024-07-22","catastro":"6644101QA5664D0002ZO","holder":null,"holder_count":null}},{"type":"Feature","geometry":{"type":"Point","coordinates":[-6.130949,36.677845]},"properties":{"id":"VUT/CA/21531","type":"VUT","group":"Completa","address":"PLAZA NUESTRO PADRE JESUS DE LA SENTENCIA Blq. 3 Plta/Piso 2 Pta/Letra B, piso 2, puerta B","postal_code":"11401","places":5,"units":2,"registered":"2024-07-22","catastro":"6532504QA5663A0005UF","holder":null,"holder_count":null}},{"type":"Feature","geometry":{"type":"Point","coordinates":[-6.136075,36.685244]},"properties":{"id":"VUT/CA/21536","type":"VUT","group":"Por habitaciones","address":"CALLE BIZCOCHEROS Nº 5","postal_code":"11402","places":3,"units":1,"registered":"2024-07-23","catastro":"6041017QA5664A0001TR","holder":null,"holder_count":null}},{"type":"Feature","geometry":{"type":"Point","coordinates":[-6.130869,36.692858]},"properties":{"id":"VUT/CA/21554","type":"VUT","group":"Completa","address":"PLAZA Parque de Capuchinos Nº 5 Plta/Piso 6 Pta/Letra C, piso 6, puerta C","postal_code":"11405","places":8,"units":3,"registered":"2024-07-24","catastro":"6549006QA5664H0021HS","holder":null,"holder_count":null}},{"type":"Feature","geometry":{"type":"Point","coordinates":[-6.134134,36.683994]},"properties":{"id":"VUT/CA/21559","type":"VUT","group":"Completa","address":"CALLE MORENOS Nº 19 Plta/Piso 2 Pta/Letra B, piso 2, puerta B","postal_code":"11402","places":4,"units":1,"registered":"2024-07-24","catastro":"6349322QA5664G0001TS","holder":null,"holder_count":null}},{"type":"Feature","geometry":{"type":"Point","coordinates":[-6.133904,36.688474]},"properties":{"id":"VUT/CA/21568","type":"VUT","group":"Completa","address":"CALLE ZARAGOZA Nº 25 Plta/Piso ATC Pta/Letra L Compl.Dom. ATICO L, piso ATC, puerta L","postal_code":"11405","places":8,"units":3,"registered":"2024-07-24","catastro":"6244605QA5664C0014EO","holder":null,"holder_count":null}},{"type":"Feature","geometry":{"type":"Point","coordinates":[-6.136596,36.6852]},"properties":{"id":"VUT/CA/21605","type":"VUT","group":"Completa","address":"CALLE LARGA Nº 61 Plta/Piso 3 Compl.Dom. CALLE LARGA 61-63, 3º ÁTICO, piso 3","postal_code":"11403","places":6,"units":2,"registered":"2024-07-26","catastro":"5940008QA5654B0001WS","holder":null,"holder_count":null}},{"type":"Feature","geometry":{"type":"Point","coordinates":[-6.126987,36.685973]},"properties":{"id":"VUT/CA/21613","type":"VUT","group":"Completa","address":"CALLE JORGE BOCUZE Nº 1 Blq. 1 Plta/Piso 9 Pta/Letra A Compl.Dom. RESIDENCIAL RENFURBIS 4, piso 9, puerta A","postal_code":"11405","places":4,"units":3,"registered":"2024-07-27","catastro":"6840401QA5664B0096KS","holder":null,"holder_count":null}},{"type":"Feature","geometry":{"type":"Point","coordinates":[-5.93654,36.648478]},"properties":{"id":"VUT/CA/21617","type":"VUT","group":"Completa","address":"CALLE DEL CLAVO Nº 21","postal_code":"11570","places":9,"units":4,"registered":"2024-07-29","catastro":"4004805QA7640C0001SH","holder":null,"holder_count":null}},{"type":"Feature","geometry":{"type":"Point","coordinates":[-6.127881,36.681143]},"properties":{"id":"VUT/CA/21623","type":"VUT","group":"Completa","address":"AVENIDA NUESTRA SEÑORA DE LA PAZ EDF CARTUJA REAL Esc. 6 Plta/Piso 2 Pta/Letra A, piso 2, puerta A","postal_code":"11401","places":13,"units":3,"registered":"2024-07-29","catastro":"6735601QA5663F0026ZT","holder":null,"holder_count":null}},{"type":"Feature","geometry":{"type":"Point","coordinates":[-6.1336,36.678439]},"properties":{"id":"VUT/CA/21656","type":"VUT","group":"Completa","address":"CALLE EMPEDRADA Nº 4 Plta/Piso 1 Pta/Letra 8, piso 1, puerta 8","postal_code":"11401","places":2,"units":1,"registered":"2024-07-31","catastro":"6332803QA5663A0008YJ","holder":null,"holder_count":null}},{"type":"Feature","geometry":{"type":"Point","coordinates":[-6.137194,36.707703]},"properties":{"id":"VUT/CA/21662","type":"VUT","group":"Completa","address":"CALLE COSTA BRAVA Nº 6","postal_code":"11407","places":6,"units":3,"registered":"2024-08-01","catastro":"5864522QA5656D0001TG","holder":null,"holder_count":null}},{"type":"Feature","geometry":{"type":"Point","coordinates":[-6.142867,36.677171]},"properties":{"id":"VUT/CA/21684","type":"VUT","group":"Completa","address":"CALLE Gabriel Guillermo Mercedes Nº 19","postal_code":"11401","places":12,"units":4,"registered":"2024-08-02","catastro":"5531018QA5653B0001KG","holder":null,"holder_count":null}},{"type":"Feature","geometry":{"type":"Point","coordinates":[-6.126434,36.677667]},"properties":{"id":"VUT/CA/21690","type":"VUT","group":"Por habitaciones","address":"CALLE ARGÜELLES Nº 13","postal_code":"11401","places":4,"units":2,"registered":"2024-08-02","catastro":"6932014QA5663B0001FL","holder":null,"holder_count":null}},{"type":"Feature","geometry":{"type":"Point","coordinates":[-6.13989,36.679656]},"properties":{"id":"VUT/CA/21698","type":"VUT","group":"Completa","address":"CALLE Puerto Nº 5 Plta/Piso PB Pta/Letra 6, piso PB, puerta 6","postal_code":"11403","places":3,"units":1,"registered":"2024-08-05","catastro":"5633211QA5653D0006HG","holder":null,"holder_count":null}},{"type":"Feature","geometry":{"type":"Point","coordinates":[-6.13879,36.684292]},"properties":{"id":"VUT/CA/21708","type":"VUT","group":"Completa","address":"CALLE FRANCOS Nº 6 Esc. 1 Plta/Piso 1 Pta/Letra 2, piso 1, puerta 2","postal_code":"11403","places":4,"units":1,"registered":"2024-08-06","catastro":"5839816QA5653H0002EQ","holder":null,"holder_count":null}},{"type":"Feature","geometry":{"type":"Point","coordinates":[-6.112891,36.705685]},"properties":{"id":"VUT/CA/21720","type":"VUT","group":"Completa","address":"PLAZA del Agua Nº 20","postal_code":"11407","places":6,"units":3,"registered":"2024-08-07","catastro":"7963738QA5676D0001TM","holder":null,"holder_count":null}},{"type":"Feature","geometry":{"type":"Point","coordinates":[-6.133832,36.68336]},"properties":{"id":"VUT/CA/21721","type":"VUT","group":"Completa","address":"CALLE FONTANA Nº 5 Plta/Piso 1 Pta/Letra H, piso 1, puerta H","postal_code":"11402","places":4,"units":2,"registered":"2024-08-07","catastro":"6237220QA5663E0008XU","holder":"OLE SOLUTIONS HOLIDAY RENTALS S.L.","holder_count":52}},{"type":"Feature","geometry":{"type":"Point","coordinates":[-6.145396,36.678697]},"properties":{"id":"VUT/CA/21738","type":"VUT","group":"Por habitaciones","address":"AVENIDA SANLUCAR Nº 2 Blq. 5 Plta/Piso 6 Pta/Letra A, piso 6, puerta A","postal_code":"11408","places":4,"units":1,"registered":"2024-08-10","catastro":"5232201QA5653A0191KE","holder":null,"holder_count":null}},{"type":"Feature","geometry":{"type":"Point","coordinates":[-6.140217,36.682277]},"properties":{"id":"VUT/CA/21767","type":"VUT","group":"Completa","address":"CALLE VISITACIÓN Nº 7 Pta/Letra 7, puerta 7","postal_code":"11403","places":3,"units":1,"registered":"2024-08-14","catastro":"5736017QA5653F0007QA","holder":null,"holder_count":null}},{"type":"Feature","geometry":{"type":"Point","coordinates":[-6.120309,36.686459]},"properties":{"id":"VUT/CA/21778","type":"VUT","group":"Completa","address":"PLAZA KIYOSU Nº 11 Blq. 2 Portal A","postal_code":"11405","places":6,"units":3,"registered":"2024-08-15","catastro":"7441507QA5674A0013ZJ","holder":null,"holder_count":null}},{"type":"Feature","geometry":{"type":"Point","coordinates":[-6.132649,36.682972]},"properties":{"id":"VUT/CA/21779","type":"VUT","group":"Completa","address":"CALLE AVILA Nº 10 Plta/Piso PRIMERA Pta/Letra 16, piso PRIMERA, puerta 16","postal_code":"11402","places":2,"units":1,"registered":"2024-08-15","catastro":"6338007QA5663G0016XU","holder":"INVERSIONES JEREZ, S.L","holder_count":1}},{"type":"Feature","geometry":{"type":"Point","coordinates":[-6.138276,36.684865]},"properties":{"id":"VUT/CA/21812","type":"VUT","group":"Completa","address":"CALLE HORNO Nº 1 Plta/Piso 1 Pta/Letra B, piso 1, puerta B","postal_code":"11403","places":3,"units":2,"registered":"2024-08-19","catastro":"5840005QA5654B0003TA","holder":"SHERRYFLAT S.L","holder_count":40}},{"type":"Feature","geometry":{"type":"Point","coordinates":[-6.121128,36.684729]},"properties":{"id":"VUT/CA/21814","type":"VUT","group":"Completa","address":"PLAZA LA VID Nº 11 Blq. 11 Esc. 1 Plta/Piso 1 Pta/Letra DR, piso 1, puerta DR","postal_code":"11406","places":4,"units":3,"registered":"2024-08-19","catastro":"7339004QA5673G0003EQ","holder":null,"holder_count":null}},{"type":"Feature","geometry":{"type":"Point","coordinates":[-6.1153,36.682898]},"properties":{"id":"VUT/CA/21817","type":"VUT","group":"Completa","address":"URBANIZACION BAHIA Blq. 1 Plta/Piso 1 Pta/Letra A Compl.Dom. PASEO DE LAS DELICIAS, piso 1, puerta A","postal_code":"11406","places":8,"units":4,"registered":"2024-08-20","catastro":"7937801QA5673F0003LG","holder":null,"holder_count":null}},{"type":"Feature","geometry":{"type":"Point","coordinates":[-6.114185,36.674517]},"properties":{"id":"VUT/CA/21823","type":"VUT","group":"Completa","address":"CALLE PARQUE TORCAL DE ANTEQUERA Nº 8","postal_code":"41604","places":8,"units":4,"registered":"2024-08-20","catastro":"8028202QA5672H0001AF","holder":null,"holder_count":null}},{"type":"Feature","geometry":{"type":"Point","coordinates":[-6.098351,36.684497]},"properties":{"id":"VUT/CA/21841","type":"VUT","group":"Completa","address":"CALLE ESCRITORA FRASQUITA LARREA Nº 3 Pta/Letra A Compl.Dom. UNIFAMILIAR - URBANIZACION TRES OLIVOS FASE II, puerta A","postal_code":"11406","places":6,"units":3,"registered":"2024-08-21","catastro":"9340701QA5694A0016UT","holder":null,"holder_count":null}},{"type":"Feature","geometry":{"type":"Point","coordinates":[-6.121316,36.684272]},"properties":{"id":"VUT/CA/21843","type":"VUT","group":"Completa","address":"CALLE ROMANITO Nº 2 Plta/Piso 1 Pta/Letra DERECHA, piso 1, puerta DERECHA","postal_code":"11405","places":5,"units":3,"registered":"2024-08-21","catastro":"7339013QA5673G0002PM","holder":null,"holder_count":null}},{"type":"Feature","geometry":{"type":"Point","coordinates":[-6.11303,36.68846]},"properties":{"id":"VUT/CA/21845","type":"VUT","group":"Completa","address":"URBANIZACION TORRES BLANCAS Blq. 2 Plta/Piso 7 Pta/Letra A, piso 7, puerta A","postal_code":"11405","places":5,"units":3,"registered":"2024-08-22","catastro":"8043808QA5684C0030HR","holder":null,"holder_count":null}},{"type":"Feature","geometry":{"type":"Point","coordinates":[-6.138554,36.680476]},"properties":{"id":"VUT/CA/21856","type":"VUT","group":"Completa","address":"CALLE SAN AGUSTIN Nº 16 Plta/Piso 3 Pta/Letra ATICO, piso 3, puerta ATICO","postal_code":"11403","places":3,"units":1,"registered":"2024-08-23","catastro":"5835511QA5653F0004BI","holder":null,"holder_count":null}},{"type":"Feature","geometry":{"type":"Point","coordinates":[-6.145112,36.67958]},"properties":{"id":"VUT/CA/21887","type":"VUT","group":"Completa","address":"CALLE ERMITA DE GUIA Nº 2 Blq. 1 Plta/Piso 4 Pta/Letra B Compl.Dom. URBANIZACIÓN LAS FRESAS, piso 4, puerta B","postal_code":"11408","places":3,"units":1,"registered":"2024-08-29","catastro":"5034002QA5653C0018HG","holder":null,"holder_count":null}},{"type":"Feature","geometry":{"type":"Point","coordinates":[-6.1336,36.678439]},"properties":{"id":"VUT/CA/21890","type":"VUT","group":"Completa","address":"CALLE EMPEDRADA Nº 4 Pta/Letra 6, puerta 6","postal_code":"11401","places":4,"units":1,"registered":"2024-08-30","catastro":"6332803QA5663A0006RG","holder":null,"holder_count":null}},{"type":"Feature","geometry":{"type":"Point","coordinates":[-6.116037,36.684221]},"properties":{"id":"VUT/CA/21891","type":"VUT","group":"Completa","address":"CALLE NUESTRA SEÑORA DEL ROCIO Nº 2 Plta/Piso 2 Pta/Letra A, piso 2, puerta A","postal_code":"11406","places":3,"units":2,"registered":"2024-08-30","catastro":"7939805QA5673H0005ZS","holder":null,"holder_count":null}},{"type":"Feature","geometry":{"type":"Point","coordinates":[-6.132786,36.687379]},"properties":{"id":"VUT/CA/21941","type":"VUT","group":"Por habitaciones","address":"CALLE CONOCEDORES Nº 18","postal_code":"11402","places":6,"units":6,"registered":"2024-09-06","catastro":"6342313QA5664A0001IR","holder":null,"holder_count":null}},{"type":"Feature","geometry":{"type":"Point","coordinates":[-6.135222,36.679634]},"properties":{"id":"VUT/CA/21981","type":"VUT","group":"Por habitaciones","address":"CALLE PEDRO ALONSO Nº 17","postal_code":"11402","places":6,"units":5,"registered":"2024-09-12","catastro":"6234624QA5663C0001YT","holder":null,"holder_count":null}},{"type":"Feature","geometry":{"type":"Point","coordinates":[-6.134046,36.684781]},"properties":{"id":"VUT/CA/21987","type":"VUT","group":"Por habitaciones","address":"CALLE MORENOS Nº 4","postal_code":"11402","places":2,"units":10,"registered":"2024-09-15","catastro":"6239706QA5663G0001LK","holder":"TORRE DE SUNA SL","holder_count":1}},{"type":"Feature","geometry":{"type":"Point","coordinates":[-6.131941,36.685789]},"properties":{"id":"VUT/CA/21992","type":"VUT","group":"Completa","address":"CALLE C/ Gómez Carrillo Nº 9 Pta/Letra 15 Compl.Dom. Gómez Carrillo 9 Vivienda 15, 11402 Jerez, puerta 15","postal_code":"11402","places":4,"units":1,"registered":"2024-09-16","catastro":"6460803QA5666A0015TE","holder":null,"holder_count":null}},{"type":"Feature","geometry":{"type":"Point","coordinates":[-6.149084,36.69517]},"properties":{"id":"VUT/CA/21998","type":"VUT","group":"Completa","address":"CALLE VITICULTOR, ESQUINA AVDA AMONTILLADO Nº 2 Plta/Piso BJ Pta/Letra DCHA, piso BJ, puerta DCHA","postal_code":"11404","places":4,"units":2,"registered":"2024-09-17","catastro":"4851507QA5645B0001XX","holder":null,"holder_count":null}},{"type":"Feature","geometry":{"type":"Point","coordinates":[-6.139261,36.682721]},"properties":{"id":"VUT/CA/22021","type":"VUT","group":"Completa","address":"CALLE AMARGURA Nº 11 Plta/Piso 2 Pta/Letra 8, piso 2, puerta 8","postal_code":"11403","places":2,"units":2,"registered":"2024-09-20","catastro":"5837710QA5653F0009AD","holder":"CONOCIENDO CANARIAS SL","holder_count":2}},{"type":"Feature","geometry":{"type":"Point","coordinates":[-6.140045,36.683863]},"properties":{"id":"VUT/CA/22022","type":"VUT","group":"Completa","address":"PLAZA DEL CARMEN Nº 3 Plta/Piso 2 Pta/Letra A, piso 2, puerta A","postal_code":"11403","places":8,"units":3,"registered":"2024-09-20","catastro":"5638206QA5653H0011WU","holder":null,"holder_count":null}},{"type":"Feature","geometry":{"type":"Point","coordinates":[-6.129464,36.689192]},"properties":{"id":"VUT/CA/22026","type":"VUT","group":"Completa","address":"CALLE JUAN BELMONTE Nº 5 Blq. 5 Plta/Piso 2 Pta/Letra A, piso 2, puerta A","postal_code":"11405","places":4,"units":2,"registered":"2024-09-20","catastro":"6644102QA5664D0005PS","holder":null,"holder_count":null}},{"type":"Feature","geometry":{"type":"Point","coordinates":[-6.1336,36.678439]},"properties":{"id":"VUT/CA/22035","type":"VUT","group":"Completa","address":"CALLE EMPEDRADA Nº 4 Esc. 1 Plta/Piso 0 Pta/Letra 3, piso 0, puerta 3","postal_code":"11401","places":4,"units":1,"registered":"2024-09-23","catastro":"6332803QA5663A0003QS","holder":null,"holder_count":null}},{"type":"Feature","geometry":{"type":"Point","coordinates":[-6.14274,36.682535]},"properties":{"id":"VUT/CA/22037","type":"VUT","group":"Completa","address":"PLAZA DEL ARROYO Nº 32 Plta/Piso 2 Pta/Letra D, piso 2, puerta D","postal_code":"11403","places":4,"units":1,"registered":"2024-09-24","catastro":"5437405QA5653E0012DR","holder":null,"holder_count":null}},{"type":"Feature","geometry":{"type":"Point","coordinates":[-6.150382,36.69508]},"properties":{"id":"VUT/CA/22050","type":"VUT","group":"Completa","address":"CALLE LA GRANADINA Nº 14 Plta/Piso PRIMERA Pta/Letra DERECHA, piso PRIMERA, puerta DERECHA","postal_code":"11404","places":5,"units":3,"registered":"2024-09-26","catastro":"4750409QA5645B0001HX","holder":null,"holder_count":null}},{"type":"Feature","geometry":{"type":"Point","coordinates":[-6.149193,36.694398]},"properties":{"id":"VUT/CA/22051","type":"VUT","group":"Completa","address":"CALLE LA GRANADINA Nº 4 Plta/Piso PRIMERA Pta/Letra DERECHA, piso PRIMERA, puerta DERECHA","postal_code":"11404","places":5,"units":3,"registered":"2024-09-26","catastro":"4850311QA5645B0002LM","holder":null,"holder_count":null}},{"type":"Feature","geometry":{"type":"Point","coordinates":[-6.145396,36.678697]},"properties":{"id":"VUT/CA/22056","type":"VUT","group":"Completa","address":"AVENIDA SANLUCAR Nº 2 Portal 2 Plta/Piso BAJO Pta/Letra A, piso BAJO, puerta A","postal_code":"11408","places":4,"units":1,"registered":"2024-09-26","catastro":"5232201QA5653A0053SB","holder":null,"holder_count":null}},{"type":"Feature","geometry":{"type":"Point","coordinates":[-6.140217,36.682277]},"properties":{"id":"VUT/CA/22064","type":"VUT","group":"Completa","address":"CALLE VISITACIÓN Nº 7 Plta/Piso 1 Pta/Letra 6, piso 1, puerta 6","postal_code":"11403","places":4,"units":1,"registered":"2024-09-27","catastro":"5736017QA5653F0006MP","holder":null,"holder_count":null}},{"type":"Feature","geometry":{"type":"Point","coordinates":[-6.114818,36.685919]},"properties":{"id":"VUT/CA/22065","type":"VUT","group":"Completa","address":"CALLE NUESTRA SEÑORA DE LA ESTRELLA Nº 2 Plta/Piso PRIMERA Pta/Letra DERECHA Compl.Dom. BARRIADA ASUNCIÓN, piso PRIMERA, puerta DERECHA","postal_code":"11406","places":5,"units":3,"registered":"2024-09-29","catastro":"7941301QA5674B0003RL","holder":null,"holder_count":null}},{"type":"Feature","geometry":{"type":"Point","coordinates":[-6.149265,36.667012]},"properties":{"id":"VUT/CA/22088","type":"VUT","group":"Completa","address":"AVENIDA AVENIDA DE ITALIA Nº 79","postal_code":"11408","places":9,"units":4,"registered":"2024-10-03","catastro":"4918201QA5641H0008AG","holder":null,"holder_count":null}},{"type":"Feature","geometry":{"type":"Point","coordinates":[-6.148491,36.688442]},"properties":{"id":"VUT/CA/22108","type":"VUT","group":"Completa","address":"CALLE Zoilo Ruiz Mateos Camacho Nº 6 Blq. 2 Plta/Piso 1 Pta/Letra I, piso 1, puerta I","postal_code":"11408","places":4,"units":3,"registered":"2024-10-08","catastro":"4943101QA5644D0307EG","holder":null,"holder_count":null}},{"type":"Feature","geometry":{"type":"Point","coordinates":[-6.140729,36.694245]},"properties":{"id":"VUT/CA/22110","type":"VUT","group":"Completa","address":"CALLE PIZARRO Nº 14 Blq. 1 Esc. 2 Plta/Piso 4 Pta/Letra 1 Compl.Dom. TERRAZAS DEL SOL. FASE 1, piso 4, puerta 1","postal_code":"11403","places":5,"units":2,"registered":"2024-10-08","catastro":"5650002QA5655B0067YT","holder":null,"holder_count":null}},{"type":"Feature","geometry":{"type":"Point","coordinates":[-6.140217,36.682277]},"properties":{"id":"VUT/CA/22115","type":"VUT","group":"Completa","address":"CALLE Visitación Nº 7 Pta/Letra 10, puerta 10","postal_code":"11403","places":4,"units":2,"registered":"2024-10-09","catastro":"5736017QA5653F0001KT","holder":null,"holder_count":null}},{"type":"Feature","geometry":{"type":"Point","coordinates":[-6.150131,36.695452]},"properties":{"id":"VUT/CA/22123","type":"VUT","group":"Completa","address":"CALLE LAS DUELAS Nº 4 Esc. 1 Plta/Piso 3 Pta/Letra D, piso 3, puerta D","postal_code":"11404","places":6,"units":3,"registered":"2024-10-09","catastro":"4750412QA5645B0005BE","holder":"UNIÓN ALAYA & ROSA, S.L.","holder_count":1}},{"type":"Feature","geometry":{"type":"Point","coordinates":[-6.122336,36.684024]},"properties":{"id":"VUT/CA/22124","type":"VUT","group":"Completa","address":"PLAZA LA VID Nº 3 Plta/Piso 1 Pta/Letra DR, piso 1, puerta DR","postal_code":"11406","places":6,"units":3,"registered":"2024-10-09","catastro":"7339043QA5673G0003HQ","holder":"UNION ALAYA & ROSA, S.L.","holder_count":1}},{"type":"Feature","geometry":{"type":"Point","coordinates":[-6.135264,36.67899]},"properties":{"id":"VUT/CA/22129","type":"VUT","group":"Completa","address":"CALLE RAMON DE CALA Nº 2 Plta/Piso BAJO Pta/Letra D, piso BAJO, puerta D","postal_code":"11403","places":2,"units":1,"registered":"2024-10-09","catastro":"6133002QA5663C0013AF","holder":null,"holder_count":null}},{"type":"Feature","geometry":{"type":"Point","coordinates":[-6.136532,36.687561]},"properties":{"id":"VUT/CA/22132","type":"VUT","group":"Completa","address":"ALAMEDA MARQUES DE CASA DOMECQ Nº 8","postal_code":"11402","places":15,"units":10,"registered":"2024-10-10","catastro":"6043604QA5664C0001KX","holder":"PALACIO DOMECQ, S.L.","holder_count":1}},{"type":"Feature","geometry":{"type":"Point","coordinates":[-6.109187,36.691145]},"properties":{"id":"VUT/CA/22133","type":"VUT","group":"Completa","address":"AVENIDA AMSTERDAM Nº 7 Blq. 1 Portal 1 Esc. 1 Plta/Piso 1 Pta/Letra 1102 Compl.Dom. URBANIZACION REAL DE ARCOS, piso 1, puerta 1102","postal_code":"11407","places":7,"units":3,"registered":"2024-10-10","catastro":"8447701QA5684E0023WK","holder":null,"holder_count":null}},{"type":"Feature","geometry":{"type":"Point","coordinates":[-6.143083,36.687733]},"properties":{"id":"VUT/CA/22146","type":"VUT","group":"Por habitaciones","address":"PLAZA SANTIAGO Nº 2 Plta/Piso 1 Pta/Letra 3, piso 1, puerta 3","postal_code":"11404","places":4,"units":1,"registered":"2024-10-15","catastro":"5442102QA5654C0001XK","holder":null,"holder_count":null}},{"type":"Feature","geometry":{"type":"Point","coordinates":[-6.14081,36.687324]},"properties":{"id":"VUT/CA/22173","type":"VUT","group":"Por habitaciones","address":"CALLE CHANCILLERIA Nº 8","postal_code":"11403","places":6,"units":4,"registered":"2024-10-17","catastro":"5642812QA5654B0001TO","holder":"SHERISH CONSULTING, S. L","holder_count":1}},{"type":"Feature","geometry":{"type":"Point","coordinates":[-6.140217,36.682277]},"properties":{"id":"VUT/CA/22196","type":"VUT","group":"Completa","address":"CALLE VICITACION Nº 7 Pta/Letra 1, puerta 1","postal_code":"11403","places":4,"units":1,"registered":"2024-10-21","catastro":"5736017QA5653F1001HE","holder":"SHERRYFLAT SL","holder_count":4}},{"type":"Feature","geometry":{"type":"Point","coordinates":[-6.14186,36.682807]},"properties":{"id":"VUT/CA/22201","type":"VUT","group":"Completa","address":"PLAZA DEL ARROYO Nº 40 Plta/Piso 1 Pta/Letra A, piso 1, puerta A","postal_code":"11401","places":4,"units":1,"registered":"2024-10-22","catastro":"5537309QA5653F0004OI","holder":null,"holder_count":null}},{"type":"Feature","geometry":{"type":"Point","coordinates":[-6.136175,36.689556]},"properties":{"id":"VUT/CA/22202","type":"VUT","group":"Completa","address":"CALLE CALLEJÓN DE LOS BOLOS Nº 22 Plta/Piso 3 Pta/Letra B, piso 3, puerta B","postal_code":"11402","places":2,"units":1,"registered":"2024-10-22","catastro":"6043042QA5664C0053SD","holder":null,"holder_count":null}},{"type":"Feature","geometry":{"type":"Point","coordinates":[-6.137362,36.677875]},"properties":{"id":"VUT/CA/22207","type":"VUT","group":"Completa","address":"CALLE RONDA DE MULEROS Nº 8 Portal 1 Plta/Piso 6 Pta/Letra A, piso 6, puerta A","postal_code":"11401","places":4,"units":2,"registered":"2024-10-22","catastro":"5932606QA5653B0048GR","holder":null,"holder_count":null}},{"type":"Feature","geometry":{"type":"Point","coordinates":[-6.136175,36.689556]},"properties":{"id":"VUT/CA/22219","type":"VUT","group":"Completa","address":"CALLE sevilla Nº 30 Plta/Piso 4 Pta/Letra A, piso 4, puerta A","postal_code":"11402","places":10,"units":4,"registered":"2024-10-24","catastro":"6043042QA5664C0067MQ","holder":null,"holder_count":null}},{"type":"Feature","geometry":{"type":"Point","coordinates":[-6.131941,36.685789]},"properties":{"id":"VUT/CA/22230","type":"VUT","group":"Completa","address":"CALLE GOMEZ CARRILLO Nº 9 Plta/Piso BAJA Pta/Letra 2, piso BAJA, puerta 2","postal_code":"11402","places":6,"units":2,"registered":"2024-10-25","catastro":"6460803QA5666A0001JG","holder":"OLE SOLUTIONS HOLIDAY RENTALS S.L.","holder_count":52}},{"type":"Feature","geometry":{"type":"Point","coordinates":[-6.143083,36.687733]},"properties":{"id":"VUT/CA/22236","type":"VUT","group":"Completa","address":"PLAZA SANTIAGO Nº 2 Plta/Piso BJO, piso BJO","postal_code":"11404","places":6,"units":1,"registered":"2024-10-27","catastro":"5442102QA5654C0001XK","holder":null,"holder_count":null}},{"type":"Feature","geometry":{"type":"Point","coordinates":[-6.143083,36.687733]},"properties":{"id":"VUT/CA/22237","type":"VUT","group":"Completa","address":"PLAZA SANTIAGO Nº 2 Plta/Piso 1º Pta/Letra 2, piso 1º, puerta 2","postal_code":"1104","places":6,"units":1,"registered":"2024-10-27","catastro":"5442102QA5654C0001XK","holder":null,"holder_count":null}},{"type":"Feature","geometry":{"type":"Point","coordinates":[-6.14186,36.682807]},"properties":{"id":"VUT/CA/22244","type":"VUT","group":"Completa","address":"PLAZA DEL ARROYO Nº 40 Plta/Piso 1 Pta/Letra B, piso 1, puerta B","postal_code":"11401","places":4,"units":1,"registered":"2024-10-28","catastro":"5537309QA5653F0005PO","holder":null,"holder_count":null}},{"type":"Feature","geometry":{"type":"Point","coordinates":[-5.906411,36.672836]},"properties":{"id":"VUT/CA/22255","type":"VUT","group":"Completa","address":"CALLE LARGA Nº 38","postal_code":"11579","places":8,"units":3,"registered":"2024-10-29","catastro":"6631101QA7663B0001HB","holder":null,"holder_count":null}},{"type":"Feature","geometry":{"type":"Point","coordinates":[-6.140729,36.694245]},"properties":{"id":"VUT/CA/22264","type":"VUT","group":"Completa","address":"CALLE PIZARRO Nº 10","postal_code":"11404","places":6,"units":3,"registered":"2024-10-31","catastro":"5650002QA5655B0050GF","holder":"APARTAMENTOS MARTALIA SL","holder_count":2}},{"type":"Feature","geometry":{"type":"Point","coordinates":[-6.133723,36.681189]},"properties":{"id":"VUT/CA/22286","type":"VUT","group":"Completa","address":"PLAZA LAS ANGUSTIAS Nº 2 Esc. 1 Plta/Piso 2 Pta/Letra 10, piso 2, puerta 10","postal_code":"11402","places":6,"units":2,"registered":"2024-11-04","catastro":"6336012QA5663E0013RO","holder":"OLE SOLUTIONS HOLIDAY RENTALS S.L.","holder_count":52}},{"type":"Feature","geometry":{"type":"Point","coordinates":[-6.139986,36.679628]},"properties":{"id":"VUT/CA/22290","type":"VUT","group":"Completa","address":"CALLE Puerto Nº 5 Plta/Piso 1 Pta/Letra 10, piso 1, puerta 10","postal_code":"11403","places":4,"units":1,"registered":"2024-11-05","catastro":"5633211QA5653D0001AP","holder":"Benbo Adminnistración y Servicios SL","holder_count":7}},{"type":"Feature","geometry":{"type":"Point","coordinates":[-6.132623,36.679015]},"properties":{"id":"VUT/CA/22297","type":"VUT","group":"Completa","address":"CALLE SOL Nº 42","postal_code":"11401","places":8,"units":2,"registered":"2024-11-05","catastro":"6433603QA5663C0003DU","holder":"AISLAMIENTOS GUADALETE, S.L.","holder_count":1}},{"type":"Feature","geometry":{"type":"Point","coordinates":[-6.147596,36.687099]},"properties":{"id":"VUT/CA/22312","type":"VUT","group":"Completa","address":"CALLE NUEVA Nº 43 Esc. 5 Plta/Piso 3 Pta/Letra A, piso 3, puerta A","postal_code":"11401","places":6,"units":2,"registered":"2024-11-07","catastro":"4941601QA5644B0136RA","holder":null,"holder_count":null}},{"type":"Feature","geometry":{"type":"Point","coordinates":[-6.147596,36.687099]},"properties":{"id":"VUT/CA/22314","type":"VUT","group":"Completa","address":"CALLE NUEVA Nº 43 Esc. 1 Plta/Piso 3 Pta/Letra A, piso 3, puerta A","postal_code":"11401","places":5,"units":2,"registered":"2024-11-07","catastro":"4941601QA5644B0089HM","holder":null,"holder_count":null}},{"type":"Feature","geometry":{"type":"Point","coordinates":[-6.135081,36.682492]},"properties":{"id":"VUT/CA/22321","type":"VUT","group":"Por habitaciones","address":"CALLE BODEGAS Nº 20 Esc. 4 Pta/Letra 3, puerta 3","postal_code":"11402","places":6,"units":3,"registered":"2024-11-08","catastro":"6237019QA5663E0022JG","holder":null,"holder_count":null}},{"type":"Feature","geometry":{"type":"Point","coordinates":[-6.145396,36.678697]},"properties":{"id":"VUT/CA/22325","type":"VUT","group":"Completa","address":"AVENIDA sanlúcar Nº 2 Blq. 4 Plta/Piso 9 Pta/Letra A, piso 9, puerta A","postal_code":"11408","places":6,"units":2,"registered":"2024-11-09","catastro":"5232201QA5653A0166WP","holder":null,"holder_count":null}},{"type":"Feature","geometry":{"type":"Point","coordinates":[-6.124306,36.687588]},"properties":{"id":"VUT/CA/22326","type":"VUT","group":"Completa","address":"CALLE ROMA Nº 27 Plta/Piso BAJO Pta/Letra 3 Compl.Dom. EDIFICIO SIENA, piso BAJO, puerta 3","postal_code":"11405","places":4,"units":1,"registered":"2024-11-10","catastro":"7143718QA5674C0018WJ","holder":null,"holder_count":null}},{"type":"Feature","geometry":{"type":"Point","coordinates":[-6.131941,36.685789]},"properties":{"id":"VUT/CA/22334","type":"VUT","group":"Completa","address":"CALLE GOMEZ CARRILLO Nº 9 Pta/Letra 1, puerta 1","postal_code":"11402","places":6,"units":2,"registered":"2024-11-11","catastro":"6460803QA5666A1001GD","holder":null,"holder_count":null}},{"type":"Feature","geometry":{"type":"Point","coordinates":[-6.139609,36.689399]},"properties":{"id":"VUT/CA/22344","type":"VUT","group":"Por habitaciones","address":"CALLE PONCE Nº 27","postal_code":"11403","places":3,"units":1,"registered":"2024-11-12","catastro":"5644005QA5654D0001HR","holder":null,"holder_count":null}},{"type":"Feature","geometry":{"type":"Point","coordinates":[-6.14186,36.682807]},"properties":{"id":"VUT/CA/22353","type":"VUT","group":"Completa","address":"PLAZA DEL ARROYO Nº 40 Plta/Piso 00 Pta/Letra 2, piso 00, puerta 2","postal_code":"11403","places":6,"units":2,"registered":"2024-11-14","catastro":"5537309QA5653F0002UY","holder":null,"holder_count":null}},{"type":"Feature","geometry":{"type":"Point","coordinates":[-6.13013,36.679139]},"properties":{"id":"VUT/CA/22355","type":"VUT","group":"Completa","address":"CALLE SIERVAS DE MARÍA Nº 2 Plta/Piso 2 Pta/Letra G, piso 2, puerta G","postal_code":"11401","places":7,"units":3,"registered":"2024-11-14","catastro":"6634007QA5663D0128DG","holder":null,"holder_count":null}},{"type":"Feature","geometry":{"type":"Point","coordinates":[-6.136438,36.680244]},"properties":{"id":"VUT/CA/22359","type":"VUT","group":"Completa","address":"CALLE CABALLEROS Nº 26 Esc. 1 Plta/Piso 0 Pta/Letra 1, piso 0, puerta 1","postal_code":"11403","places":15,"units":5,"registered":"2024-11-14","catastro":"6034002QA5663C0001GT","holder":null,"holder_count":null}},{"type":"Feature","geometry":{"type":"Point","coordinates":[-6.14579,36.683624]},"properties":{"id":"VUT/CA/22364","type":"VUT","group":"Completa","address":"CALLE BALDERRAMAS Nº 12","postal_code":"11408","places":3,"units":1,"registered":"2024-11-15","catastro":"5138206QA5653G0001SF","holder":"APARTAMENTOS TURISTICOS A. PARRA CB","holder_count":1}},{"type":"Feature","geometry":{"type":"Point","coordinates":[-6.14579,36.683624]},"properties":{"id":"VUT/CA/22365","type":"VUT","group":"Completa","address":"CALLE BALDERRAMAS Nº 12 Pta/Letra 3, puerta 3","postal_code":"11408","places":3,"units":1,"registered":"2024-11-15","catastro":"5138206QA5653G0001SF","holder":"APARTAMENTOS TURISTICOS A. PARRA, C.B.","holder_count":2}},{"type":"Feature","geometry":{"type":"Point","coordinates":[-6.14579,36.683624]},"properties":{"id":"VUT/CA/22366","type":"VUT","group":"Completa","address":"CALLE BALDERRAMAS Nº 12 Pta/Letra 1, puerta 1","postal_code":"11408","places":4,"units":1,"registered":"2024-11-15","catastro":"5138206QA5653G0001SF","holder":"APARTAMENTOS TURISTICOS A. PARRA, C.B.","holder_count":2}},{"type":"Feature","geometry":{"type":"Point","coordinates":[-6.126675,36.688341]},"properties":{"id":"VUT/CA/22381","type":"VUT","group":"Completa","address":"CALLE pablo neruda Nº 3 Portal 1 Plta/Piso 1 Pta/Letra B, piso 1, puerta B","postal_code":"11405","places":2,"units":3,"registered":"2024-11-19","catastro":"6843901QA5664D0003PP","holder":null,"holder_count":null}},{"type":"Feature","geometry":{"type":"Point","coordinates":[-6.13675,36.683398]},"properties":{"id":"VUT/CA/22409","type":"VUT","group":"Completa","address":"CALLE Larga Nº 15 Esc. 1 Plta/Piso 1 Pta/Letra I/A, piso 1, puerta I/A","postal_code":"11402","places":4,"units":1,"registered":"2024-11-23","catastro":"5938313QA5653H0005GR","holder":null,"holder_count":null}},{"type":"Feature","geometry":{"type":"Point","coordinates":[-6.13675,36.683398]},"properties":{"id":"VUT/CA/22410","type":"VUT","group":"Completa","address":"CALLE Larga Nº 15 Esc. 1 Plta/Piso 1 Pta/Letra D/B, piso 1, puerta D/B","postal_code":"11402","places":4,"units":1,"registered":"2024-11-23","catastro":"5938313QA5653H0004FE","holder":null,"holder_count":null}},{"type":"Feature","geometry":{"type":"Point","coordinates":[-6.13675,36.683398]},"properties":{"id":"VUT/CA/22413","type":"VUT","group":"Completa","address":"CALLE Larga Nº 15 Esc. 1 Plta/Piso 2 Pta/Letra I/C, piso 2, puerta I/C","postal_code":"11402","places":6,"units":2,"registered":"2024-11-23","catastro":"5938313QA5653H0007JY","holder":null,"holder_count":null}},{"type":"Feature","geometry":{"type":"Point","coordinates":[-6.13675,36.683398]},"properties":{"id":"VUT/CA/22414","type":"VUT","group":"Completa","address":"CALLE Larga Nº 15 Esc. 1 Plta/Piso 2 Pta/Letra D/D, piso 2, puerta D/D","postal_code":"11402","places":6,"units":2,"registered":"2024-11-23","catastro":"5938313QA5653H0006HT","holder":null,"holder_count":null}},{"type":"Feature","geometry":{"type":"Point","coordinates":[-6.142874,36.685472]},"properties":{"id":"VUT/CA/22415","type":"VUT","group":"Completa","address":"CALLE LIEBRE Nº 1 Plta/Piso 0 Pta/Letra 1, piso 0, puerta 1","postal_code":"11403","places":8,"units":3,"registered":"2024-11-25","catastro":"5440006QA5654A0084AD","holder":null,"holder_count":null}},{"type":"Feature","geometry":{"type":"Point","coordinates":[-6.143867,36.692866]},"properties":{"id":"VUT/CA/22447","type":"VUT","group":"Completa","address":"AVENIDA LA SERRANA Nº 5 Plta/Piso 1 Pta/Letra B, piso 1, puerta B","postal_code":"11404","places":5,"units":3,"registered":"2024-11-28","catastro":"5348003QA5654G0002BO","holder":null,"holder_count":null}},{"type":"Feature","geometry":{"type":"Point","coordinates":[-6.139492,36.6824]},"properties":{"id":"VUT/CA/22457","type":"VUT","group":"Completa","address":"CALLE Santa Isabel Nº 7 Esc. 1 Plta/Piso 00 Pta/Letra 01, piso 00, puerta 01","postal_code":"11403","places":6,"units":2,"registered":"2024-12-01","catastro":"5737306QA5653F0001OT","holder":null,"holder_count":null}},{"type":"Feature","geometry":{"type":"Point","coordinates":[-6.142369,36.688696]},"properties":{"id":"VUT/CA/22463","type":"VUT","group":"Completa","address":"CALLE JUAN DE TORRES Nº 10","postal_code":"11401","places":2,"units":1,"registered":"2024-12-02","catastro":"5444005QA5654C0002PL","holder":null,"holder_count":null}},{"type":"Feature","geometry":{"type":"Point","coordinates":[-6.141847,36.683947]},"properties":{"id":"VUT/CA/22471","type":"VUT","group":"Completa","address":"PLAZA BELÉN Nº 12 Plta/Piso 1 Pta/Letra I, piso 1, puerta I","postal_code":"11403","places":4,"units":1,"registered":"2024-12-03","catastro":"5538102QA5653H0004SE","holder":null,"holder_count":null}},{"type":"Feature","geometry":{"type":"Point","coordinates":[-6.141847,36.683947]},"properties":{"id":"VUT/CA/22472","type":"VUT","group":"Completa","address":"PLAZA BELÉN Nº 12 Plta/Piso 1 Pta/Letra I, piso 1, puerta I","postal_code":"11403","places":2,"units":1,"registered":"2024-12-03","catastro":"5538102QA5653H0004SE","holder":null,"holder_count":null}},{"type":"Feature","geometry":{"type":"Point","coordinates":[-6.139986,36.679628]},"properties":{"id":"VUT/CA/22473","type":"VUT","group":"Completa","address":"CALLE PUERTO Nº 5 Pta/Letra 2, puerta 2","postal_code":"11403","places":4,"units":1,"registered":"2024-12-03","catastro":"5633211QA5653D0002SA","holder":null,"holder_count":null}},{"type":"Feature","geometry":{"type":"Point","coordinates":[-6.135842,36.680837]},"properties":{"id":"VUT/CA/22477","type":"VUT","group":"Completa","address":"CALLE DOÑA FELIPA Nº 5 Plta/Piso BAJA Pta/Letra 3, piso BAJA, puerta 3","postal_code":"11402","places":2,"units":1,"registered":"2024-12-03","catastro":"6035009QA5663E0003HW","holder":null,"holder_count":null}},{"type":"Feature","geometry":{"type":"Point","coordinates":[-6.134543,36.689098]},"properties":{"id":"VUT/CA/22482","type":"VUT","group":"Completa","address":"CALLE SANTO DOMINGO Nº 12 Plta/Piso 3 Pta/Letra G Compl.Dom. EDIFICIO MAYAGUANA, piso 3, puerta G","postal_code":"11405","places":4,"units":2,"registered":"2024-12-04","catastro":"6244617QA5664C0019BF","holder":null,"holder_count":null}},{"type":"Feature","geometry":{"type":"Point","coordinates":[-6.14186,36.682807]},"properties":{"id":"VUT/CA/22483","type":"VUT","group":"Completa","address":"PLAZA DEL ARROYO Nº 40 Plta/Piso 2 Pta/Letra A, piso 2, puerta A","postal_code":"11403","places":2,"units":1,"registered":"2024-12-04","catastro":"5537309QA5653F0007SA","holder":null,"holder_count":null}},{"type":"Feature","geometry":{"type":"Point","coordinates":[-6.13028,36.677618]},"properties":{"id":"VUT/CA/22484","type":"VUT","group":"Completa","address":"CALLE PUERTAD DEL SOL Nº 11","postal_code":"11407","places":2,"units":1,"registered":"2024-12-04","catastro":"6632512QA5663B0001JL","holder":"TOKEN BIT INVERSIONES","holder_count":1}},{"type":"Feature","geometry":{"type":"Point","coordinates":[-6.138116,36.685792]},"properties":{"id":"VUT/CA/22485","type":"VUT","group":"Completa","address":"PLAZA RAFAEL DE RIVERO Nº 3 Plta/Piso BAJO, piso BAJO","postal_code":"11402","places":2,"units":1,"registered":"2024-12-04","catastro":"5840303QA5654B0004MS","holder":"SALGAR1974,SL","holder_count":2}},{"type":"Feature","geometry":{"type":"Point","coordinates":[-6.138568,36.68001]},"properties":{"id":"VUT/CA/22493","type":"VUT","group":"Completa","address":"CALLE Guarnidos Nº 2 Plta/Piso 6 Pta/Letra D, piso 6, puerta D","postal_code":"11402","places":6,"units":3,"registered":"2024-12-07","catastro":"5834002QA5653D0012GK","holder":"Varfer Garaje, S.L","holder_count":1}},{"type":"Feature","geometry":{"type":"Point","coordinates":[-6.128992,36.683311]},"properties":{"id":"VUT/CA/22524","type":"VUT","group":"Completa","address":"RESIDENCIAL ARCOS Nº 3 Esc. 1 Pta/Letra 1, puerta 1","postal_code":"11401","places":4,"units":5,"registered":"2024-12-12","catastro":"6639428QA5663H0006OO","holder":null,"holder_count":null}},{"type":"Feature","geometry":{"type":"Point","coordinates":[-6.132354,36.687844]},"properties":{"id":"VUT/CA/22526","type":"VUT","group":"Completa","address":"CALLE PAJARETE Nº 9","postal_code":"11402","places":8,"units":3,"registered":"2024-12-12","catastro":"6342319QA5664A0001HR","holder":"OLE SOLUTIONS HOLIDAY RENTALS S.L.","holder_count":52}},{"type":"Feature","geometry":{"type":"Point","coordinates":[-6.138202,36.683767]},"properties":{"id":"VUT/CA/22536","type":"VUT","group":"Completa","address":"PLAZA PLATEROS Nº 15 Plta/Piso 2 Pta/Letra D, piso 2, puerta D","postal_code":"11403","places":2,"units":2,"registered":"2024-12-13","catastro":"5838205qa5653h0005br","holder":null,"holder_count":null}},{"type":"Feature","geometry":{"type":"Point","coordinates":[-6.137751,36.679105]},"properties":{"id":"VUT/CA/22539","type":"VUT","group":"Completa","address":"CALLE SANTA CLARA Nº 12 Plta/Piso BAJO Pta/Letra B, piso BAJO, puerta B","postal_code":"11403","places":4,"units":1,"registered":"2024-12-13","catastro":"5933809QA5653D0002ZA","holder":"OLE SOLUTIONS HOLIDAY RENTALS S.L.","holder_count":52}},{"type":"Feature","geometry":{"type":"Point","coordinates":[-6.14002,36.679292]},"properties":{"id":"VUT/CA/22549","type":"VUT","group":"Completa","address":"CALLE JUAN SANCHEZ Nº 7 Plta/Piso 1 Pta/Letra E, piso 1, puerta E","postal_code":"11401","places":6,"units":3,"registered":"2024-12-16","catastro":"5733204QA5653D0008BJ","holder":"DOÑA PEPA JEREZ, S.L.","holder_count":3}},{"type":"Feature","geometry":{"type":"Point","coordinates":[-6.143351,36.688136]},"properties":{"id":"VUT/CA/22553","type":"VUT","group":"Completa","address":"PLAZA DE SANTIAGO Nº 9 Plta/Piso 1 Pta/Letra B Compl.Dom. JUAN DE TORRES 26, piso 1, puerta B","postal_code":"11404","places":4,"units":2,"registered":"2024-12-16","catastro":"5444013QA5654C0006DM","holder":null,"holder_count":null}},{"type":"Feature","geometry":{"type":"Point","coordinates":[-6.139261,36.682721]},"properties":{"id":"VUT/CA/22566","type":"VUT","group":"Completa","address":"CALLE Amargura Nº 11 Plta/Piso Bajo Pta/Letra 2, piso Bajo, puerta 2","postal_code":"11403","places":4,"units":1,"registered":"2024-12-18","catastro":"5837710QA5653F0003TU","holder":"Allo Apartments Holydays SLU","holder_count":4}},{"type":"Feature","geometry":{"type":"Point","coordinates":[-6.132652,36.682005]},"properties":{"id":"VUT/CA/22574","type":"VUT","group":"Completa","address":"CALLE MEDINA Nº 45","postal_code":"11402","places":4,"units":1,"registered":"2024-12-19","catastro":"6436128QA5663E0001HM","holder":"OLE SOLUTIONS HOLIDAY RENTALS S.L.","holder_count":52}},{"type":"Feature","geometry":{"type":"Point","coordinates":[-6.138202,36.683767]},"properties":{"id":"VUT/CA/22612","type":"VUT","group":"Completa","address":"PLAZA plateros Nº 15 Plta/Piso 1 Pta/Letra A, piso 1, puerta A","postal_code":"11403","places":3,"units":2,"registered":"2025-01-01","catastro":"5838205QA5653H0008MU","holder":null,"holder_count":null}},{"type":"Feature","geometry":{"type":"Point","coordinates":[-6.138202,36.683767]},"properties":{"id":"VUT/CA/22613","type":"VUT","group":"Completa","address":"PLAZA plateros Nº 15 Plta/Piso 1 Pta/Letra c, piso 1, puerta c","postal_code":"11043","places":3,"units":2,"registered":"2025-01-02","catastro":"5838205QA5653H0010XY","holder":null,"holder_count":null}},{"type":"Feature","geometry":{"type":"Point","coordinates":[-6.14099,36.682531]},"properties":{"id":"VUT/CA/22624","type":"VUT","group":"Completa","address":"PLAZA ARROYO Nº 8 Esc. 1 Plta/Piso 2 Pta/Letra A, piso 2, puerta A","postal_code":"11402","places":6,"units":3,"registered":"2025-01-03","catastro":"5637003QA5653F0003EU","holder":"ALLO APARTMENTS HOLYDAYS S.L.U.","holder_count":4}},{"type":"Feature","geometry":{"type":"Point","coordinates":[-6.133198,36.683523]},"properties":{"id":"VUT/CA/22685","type":"VUT","group":"Completa","address":"CALLE PRIETA Nº 7 Esc. 1 Plta/Piso 01 Pta/Letra C, piso 01, puerta C","postal_code":"11402","places":3,"units":1,"registered":"2025-01-13","catastro":"6338022QA5663G0004WZ","holder":"SHERRYFLAT S.L","holder_count":40}},{"type":"Feature","geometry":{"type":"Point","coordinates":[-6.10548,36.687384]},"properties":{"id":"VUT/CA/22702","type":"VUT","group":"Completa","address":"CALLE ARLANZON Nº 7","postal_code":"11405","places":5,"units":3,"registered":"2025-01-15","catastro":"8744014QA5684D0001OH","holder":null,"holder_count":null}},{"type":"Feature","geometry":{"type":"Point","coordinates":[-6.143007,36.688861]},"properties":{"id":"VUT/CA/22718","type":"VUT","group":"Completa","address":"CALLE Calle Jardinillo Nº 12 Compl.Dom. casa","postal_code":"11404","places":8,"units":3,"registered":"2025-01-16","catastro":"5444017qa5654c0001zk","holder":null,"holder_count":null}},{"type":"Feature","geometry":{"type":"Point","coordinates":[-6.131941,36.685789]},"properties":{"id":"VUT/CA/22719","type":"VUT","group":"Completa","address":"CALLE GÓMEZ CARRILLO Nº 9 Plta/Piso 1 Pta/Letra 12, piso 1, puerta 12","postal_code":"11402","places":2,"units":1,"registered":"2025-01-16","catastro":"6460803QA5666A0001JG","holder":null,"holder_count":null}},{"type":"Feature","geometry":{"type":"Point","coordinates":[-6.126252,36.677432]},"properties":{"id":"VUT/CA/22720","type":"VUT","group":"Completa","address":"CALLE Argüelles Nº 28 Plta/Piso 2 Pta/Letra B, piso 2, puerta B","postal_code":"11401","places":5,"units":2,"registered":"2025-01-16","catastro":"6932507QA5663B0005WM","holder":null,"holder_count":null}},{"type":"Feature","geometry":{"type":"Point","coordinates":[-6.136938,36.678203]},"properties":{"id":"VUT/CA/22721","type":"VUT","group":"Completa","address":"CALLE OROPESA Nº 4 Plta/Piso 2, piso 2","postal_code":"11403","places":4,"units":2,"registered":"2025-01-16","catastro":"5932814QA5653B0004DK","holder":null,"holder_count":null}},{"type":"Feature","geometry":{"type":"Point","coordinates":[-6.142711,36.676453]},"properties":{"id":"VUT/CA/22722","type":"VUT","group":"Completa","address":"AVENIDA BLAS INFANTE Nº 7 Plta/Piso 1 Pta/Letra A, piso 1, puerta A","postal_code":"11401","places":4,"units":2,"registered":"2025-01-17","catastro":"5530010QA5653B0001PG","holder":null,"holder_count":null}},{"type":"Feature","geometry":{"type":"Point","coordinates":[-6.133437,36.68185]},"properties":{"id":"VUT/CA/22724","type":"VUT","group":"Completa","address":"CALLE HIGUELLAS Nº 15","postal_code":"11401","places":11,"units":3,"registered":"2025-01-17","catastro":"6236307QA5663E0001BM","holder":null,"holder_count":null}},{"type":"Feature","geometry":{"type":"Point","coordinates":[-6.136108,36.682908]},"properties":{"id":"VUT/CA/22727","type":"VUT","group":"Completa","address":"CALLE Santa María Nº 10","postal_code":"11402","places":6,"units":3,"registered":"2025-01-17","catastro":"6037001QA5663E0001ZM","holder":"QUEVAL INMOBILIARIA S.L","holder_count":1}},{"type":"Feature","geometry":{"type":"Point","coordinates":[-6.135702,36.699996]},"properties":{"id":"VUT/CA/22734","type":"VUT","group":"Completa","address":"CALLE FEDERICO GARCIA LORCA Nº 23 Plta/Piso 1 Pta/Letra 3, piso 1, puerta 3","postal_code":"11407","places":7,"units":4,"registered":"2025-01-17","catastro":"6056002QA5665E0003TD","holder":null,"holder_count":null}},{"type":"Feature","geometry":{"type":"Point","coordinates":[-6.147093,36.687858]},"properties":{"id":"VUT/CA/22746","type":"VUT","group":"Completa","address":"CALLE Armas de Santiago Nº 15 Plta/Piso 3 Pta/Letra G Compl.Dom. DPD, DUPLICADO, piso 3, puerta G","postal_code":"11408","places":2,"units":1,"registered":"2025-01-20","catastro":"5143021QA5654C0030MG","holder":null,"holder_count":null}},{"type":"Feature","geometry":{"type":"Point","coordinates":[-6.137362,36.677875]},"properties":{"id":"VUT/CA/22752","type":"VUT","group":"Completa","address":"CALLE RONDA MULEROS Nº 8 Plta/Piso BAJO Pta/Letra IZQ Compl.Dom. RCIAL. ALTOS DE JEREZ, piso BAJO, puerta IZQ","postal_code":"11401","places":5,"units":2,"registered":"2025-01-20","catastro":"5932606QA5653B0011PX","holder":null,"holder_count":null}},{"type":"Feature","geometry":{"type":"Point","coordinates":[-6.137362,36.677875]},"properties":{"id":"VUT/CA/22754","type":"VUT","group":"Completa","address":"CALLE RONDA MULEROS Nº 8 Blq. 1 Plta/Piso 3 Pta/Letra A Compl.Dom. RCIAL. ALTOS DE JEREZ, piso 3, puerta A","postal_code":"11401","places":5,"units":2,"registered":"2025-01-20","catastro":"5932606QA5653B0000WF","holder":null,"holder_count":null}},{"type":"Feature","geometry":{"type":"Point","coordinates":[-6.137362,36.677875]},"properties":{"id":"VUT/CA/22757","type":"VUT","group":"Completa","address":"CALLE RONDA MULEROS Nº 8 Plta/Piso 3 Pta/Letra B Compl.Dom. RCIAL. ALTOS DE JEREZ, piso 3, puerta B","postal_code":"11401","places":5,"units":2,"registered":"2025-01-21","catastro":"5932606QA5653B0014DW","holder":null,"holder_count":null}},{"type":"Feature","geometry":{"type":"Point","coordinates":[-6.145112,36.67958]},"properties":{"id":"VUT/CA/22760","type":"VUT","group":"Completa","address":"CALLE ERMITA DE GUIA Nº 9 Esc. 1 Plta/Piso 2 Pta/Letra B Compl.Dom. RCIAL. LAS FRESAS, piso 2, puerta B","postal_code":"11408","places":4,"units":1,"registered":"2025-01-21","catastro":"5034002QA5653C0008OI","holder":null,"holder_count":null}},{"type":"Feature","geometry":{"type":"Point","coordinates":[-6.129467,36.689968]},"properties":{"id":"VUT/CA/22766","type":"VUT","group":"Completa","address":"PLAZA PEDRO ROMERO Nº 5 Esc. 1 Plta/Piso BAJO Pta/Letra IZQ Compl.Dom. BDA. LA CONSTANCIA, piso BAJO, puerta IZQ","postal_code":"11405","places":6,"units":3,"registered":"2025-01-21","catastro":"6645106QA5664F0002WR","holder":null,"holder_count":null}},{"type":"Feature","geometry":{"type":"Point","coordinates":[-6.128974,36.688917]},"properties":{"id":"VUT/CA/22767","type":"VUT","group":"Completa","address":"CALLE ANTONIO MEJIAS BIENVENIDA Nº 9 Esc. 1 Plta/Piso BAJO Pta/Letra IZQ Compl.Dom. BDA. LA CONSTANCIA, piso BAJO, puerta IZQ","postal_code":"11405","places":4,"units":2,"registered":"2025-01-21","catastro":"6644005QA5664D0003IP","holder":null,"holder_count":null}},{"type":"Feature","geometry":{"type":"Point","coordinates":[-6.14151,36.69266]},"properties":{"id":"VUT/CA/22768","type":"VUT","group":"Completa","address":"CALLE ALBARIZA Nº 10 Esc. 1 Plta/Piso BAJO Compl.Dom. BDA. LA CONSTANCIA, piso BAJO","postal_code":"11404","places":4,"units":2,"registered":"2025-01-21","catastro":"5548304QA5654H0001QJ","holder":null,"holder_count":null}},{"type":"Feature","geometry":{"type":"Point","coordinates":[-6.129,36.687973]},"properties":{"id":"VUT/CA/22769","type":"VUT","group":"Completa","address":"CALLE Pedro Pemartín Nº 4","postal_code":"11405","places":8,"units":3,"registered":"2025-01-21","catastro":"6743703QA5664D0001EI","holder":null,"holder_count":null}},{"type":"Feature","geometry":{"type":"Point","coordinates":[-6.147672,36.697537]},"properties":{"id":"VUT/CA/22770","type":"VUT","group":"Completa","address":"PLAZA CASTAÑUELAS Portal 1 Plta/Piso 5º Pta/Letra C Compl.Dom. BDA. LAS TORRES, piso 5º, puerta C","postal_code":"11404","places":4,"units":2,"registered":"2025-01-21","catastro":"5053704QA5655C0023FT","holder":null,"holder_count":null}},{"type":"Feature","geometry":{"type":"Point","coordinates":[-6.147672,36.697537]},"properties":{"id":"VUT/CA/22771","type":"VUT","group":"Completa","address":"PLAZA CASTAÑUELAS Portal 1 Plta/Piso 5º Pta/Letra C Compl.Dom. BDA. LAS TORRES, piso 5º, puerta C","postal_code":"11404","places":4,"units":2,"registered":"2025-01-21","catastro":"5053704QA5655C0023FT","holder":null,"holder_count":null}},{"type":"Feature","geometry":{"type":"Point","coordinates":[-6.128883,36.67921]},"properties":{"id":"VUT/CA/22775","type":"VUT","group":"Completa","address":"CALLE MERITO Nº 2 Blq. 4 Plta/Piso 1 Pta/Letra B, piso 1, puerta B","postal_code":"11401","places":4,"units":2,"registered":"2025-01-22","catastro":"6733002QA5663D0113SE","holder":"SHERRYFLAT S.L","holder_count":40}},{"type":"Feature","geometry":{"type":"Point","coordinates":[-6.141669,36.698118]},"properties":{"id":"VUT/CA/22788","type":"VUT","group":"Completa","address":"CALLE MAESTRO ÁLVAREZ BEIGBEDER Nº 11 Esc. 1ª Plta/Piso 6 Pta/Letra D, piso 6, puerta D","postal_code":"11407","places":5,"units":3,"registered":"2025-01-24","catastro":"5554701QA5655D0027WK","holder":null,"holder_count":null}},{"type":"Feature","geometry":{"type":"Point","coordinates":[-6.140097,36.684082]},"properties":{"id":"VUT/CA/22789","type":"VUT","group":"Completa","address":"CALLE CASTELLANOS Nº 3 Esc. 1 Plta/Piso BAJA Pta/Letra 3, piso BAJA, puerta 3","postal_code":"11403","places":4,"units":1,"registered":"2025-01-24","catastro":"5638203QA5653H0019YG","holder":"NEXO CONSULTING TECNICO S.L.U.","holder_count":2}},{"type":"Feature","geometry":{"type":"Point","coordinates":[-6.118047,36.701221]},"properties":{"id":"VUT/CA/22790","type":"VUT","group":"Completa","address":"CALLE Hermes Nº 4 Portal 4 Plta/Piso 2 Pta/Letra A, piso 2, puerta A","postal_code":"11405","places":4,"units":2,"registered":"2025-01-24","catastro":"7557401QA5675H0021WP","holder":null,"holder_count":null}},{"type":"Feature","geometry":{"type":"Point","coordinates":[-6.118572,36.687643]},"properties":{"id":"VUT/CA/22793","type":"VUT","group":"Completa","address":"PLAZA LOS PINOS Blq. 8 Plta/Piso 4 Pta/Letra A, piso 4, puerta A","postal_code":"11405","places":8,"units":3,"registered":"2025-01-25","catastro":"7642113QA5674C0017WH","holder":null,"holder_count":null}},{"type":"Feature","geometry":{"type":"Point","coordinates":[-6.13803,36.686252]},"properties":{"id":"VUT/CA/22802","type":"VUT","group":"Completa","address":"CALLE PORVERA n7 Nº 7 Plta/Piso 2, piso 2","postal_code":"11403","places":2,"units":1,"registered":"2025-01-27","catastro":"5741318QA5654B0001EO","holder":null,"holder_count":null}},{"type":"Feature","geometry":{"type":"Point","coordinates":[-6.140769,36.686823]},"properties":{"id":"VUT/CA/22805","type":"VUT","group":"Completa","address":"CALLE PARALEJO Nº 10 Plta/Piso BAJO Pta/Letra 7, piso BAJO, puerta 7","postal_code":"11403","places":4,"units":1,"registered":"2025-01-27","catastro":"5642508QA5654B0012GJ","holder":"OLE SOLUTIONS HOLIDAY RENTALS S.L.","holder_count":52}},{"type":"Feature","geometry":{"type":"Point","coordinates":[-6.124433,36.67515]},"properties":{"id":"VUT/CA/22818","type":"VUT","group":"Completa","address":"AVENIDA VALLESEQUILLO Nº 6 Esc. 1 Plta/Piso 2º Pta/Letra A, piso 2º, puerta A","postal_code":"11401","places":5,"units":3,"registered":"2025-01-28","catastro":"7129701QA5672G0005PO","holder":null,"holder_count":null}},{"type":"Feature","geometry":{"type":"Point","coordinates":[-6.147557,36.692203]},"properties":{"id":"VUT/CA/22822","type":"VUT","group":"Completa","address":"CALLE DEL BARRIL Nº 1 Plta/Piso 2º Pta/Letra D, piso 2º, puerta D","postal_code":"11404","places":6,"units":3,"registered":"2025-01-28","catastro":"5047107QA5654E0012JZ","holder":null,"holder_count":null}},{"type":"Feature","geometry":{"type":"Point","coordinates":[-6.137362,36.677875]},"properties":{"id":"VUT/CA/22823","type":"VUT","group":"Completa","address":"CALLE RONDA MULEROS Nº 8 Esc. 1 Plta/Piso 3 Pta/Letra F, piso 3, puerta F","postal_code":"11404","places":4,"units":2,"registered":"2025-01-28","catastro":"5932606QA5653B0018JY","holder":null,"holder_count":null}},{"type":"Feature","geometry":{"type":"Point","coordinates":[-6.146368,36.698354]},"properties":{"id":"VUT/CA/22835","type":"VUT","group":"Completa","address":"PLAZA CEJILLAS Nº 3 Esc. 1 Plta/Piso 10º Pta/Letra A Compl.Dom. LAS TORRES, piso 10º, puerta A","postal_code":"11404","places":4,"units":2,"registered":"2025-01-29","catastro":"5154701QA5655C0042BK","holder":null,"holder_count":null}},{"type":"Feature","geometry":{"type":"Point","coordinates":[-6.132564,36.680179]},"properties":{"id":"VUT/CA/22837","type":"VUT","group":"Completa","address":"CALLE Porvenir Nº 10 Plta/Piso 1 Pta/Letra D, piso 1, puerta D","postal_code":"11401","places":6,"units":2,"registered":"2025-01-29","catastro":"6434806QA5663C0008SS","holder":null,"holder_count":null}},{"type":"Feature","geometry":{"type":"Point","coordinates":[-6.146368,36.698354]},"properties":{"id":"VUT/CA/22838","type":"VUT","group":"Completa","address":"CALLE LA BULERIA Nº 2 Esc. 1 Plta/Piso 3º Pta/Letra A, piso 3º, puerta A","postal_code":"11404","places":4,"units":2,"registered":"2025-01-29","catastro":"5154701QA5655C0042BK","holder":null,"holder_count":null}},{"type":"Feature","geometry":{"type":"Point","coordinates":[-6.146368,36.698354]},"properties":{"id":"VUT/CA/22839","type":"VUT","group":"Completa","address":"PLAZA CEJILLAS Nº 3 Esc. 1 Plta/Piso 3º Pta/Letra B, piso 3º, puerta B","postal_code":"11404","places":6,"units":3,"registered":"2025-01-29","catastro":"5154701QA5655C0014QX","holder":null,"holder_count":null}},{"type":"Feature","geometry":{"type":"Point","coordinates":[-6.133884,36.681287]},"properties":{"id":"VUT/CA/22840","type":"VUT","group":"Completa","address":"CALLE HIGUERAS Nº 3 Plta/Piso BAJO, piso BAJO","postal_code":"11402","places":4,"units":1,"registered":"2025-01-29","catastro":"6236313QA5663E0019HG","holder":null,"holder_count":null}},{"type":"Feature","geometry":{"type":"Point","coordinates":[-6.149252,36.685704]},"properties":{"id":"VUT/CA/22844","type":"VUT","group":"Completa","address":"CALLE PADRE MANUEL FERNANDEZ Nº 5 Pta/Letra 28 Compl.Dom. RCIAL. PARQUE ALTO, puerta 28","postal_code":"11408","places":7,"units":3,"registered":"2025-01-30","catastro":"4840044QA5644B0009AD","holder":null,"holder_count":null}},{"type":"Feature","geometry":{"type":"Point","coordinates":[-6.149252,36.685704]},"properties":{"id":"VUT/CA/22847","type":"VUT","group":"Completa","address":"CALLE PADRE MANUEL FERNANDEZ Nº 5 Pta/Letra 28 Compl.Dom. RCIAL. PARQUE ALTO 1, puerta 28","postal_code":"11408","places":7,"units":3,"registered":"2025-01-30","catastro":"4840044qa5644b0008ps","holder":null,"holder_count":null}},{"type":"Feature","geometry":{"type":"Point","coordinates":[-6.117213,36.682236]},"properties":{"id":"VUT/CA/22871","type":"VUT","group":"Completa","address":"PLAZA Princi Jerez Blq. 13 Esc. 4 Plta/Piso A, piso A","postal_code":"11406","places":6,"units":3,"registered":"2025-02-03","catastro":"7836816QA5673F0014MM","holder":null,"holder_count":null}},{"type":"Feature","geometry":{"type":"Point","coordinates":[-6.139332,36.689597]},"properties":{"id":"VUT/CA/22879","type":"VUT","group":"Completa","address":"CALLE POZO DEL OLIVAR Nº 5 Plta/Piso 1º Pta/Letra 7, piso 1º, puerta 7","postal_code":"11403","places":4,"units":1,"registered":"2025-02-03","catastro":"5646021QA5654F0007UT","holder":null,"holder_count":null}},{"type":"Feature","geometry":{"type":"Point","coordinates":[-6.140113,36.686897]},"properties":{"id":"VUT/CA/22917","type":"VUT","group":"Completa","address":"CALLE FLORINDA Nº 5 Plta/Piso BJ Pta/Letra 3, piso BJ, puerta 3","postal_code":"11403","places":5,"units":3,"registered":"2025-02-09","catastro":"5741806QA5654B0001AO","holder":null,"holder_count":null}},{"type":"Feature","geometry":{"type":"Point","coordinates":[-6.13568,36.679569]},"properties":{"id":"VUT/CA/22923","type":"VUT","group":"Completa","address":"CALLE CABALLEROS Nº 39 Blq. 2 Plta/Piso 1 Pta/Letra C Compl.Dom. EDICICIO MARIA AUXILIARDORA, piso 1, puerta C","postal_code":"11403","places":2,"units":2,"registered":"2025-02-11","catastro":"6134015QA5663C0006PP","holder":null,"holder_count":null}},{"type":"Feature","geometry":{"type":"Point","coordinates":[-6.110188,36.685517]},"properties":{"id":"VUT/CA/22927","type":"VUT","group":"Completa","address":"CALLE PEDRO RODRIGUEZ DEL RAÑO Nº 2 Compl.Dom. vivienda unifamiliar","postal_code":"11406","places":12,"units":4,"registered":"2025-02-10","catastro":"8441502QA5684A0001es","holder":null,"holder_count":null}},{"type":"Feature","geometry":{"type":"Point","coordinates":[-6.136966,36.680782]},"properties":{"id":"VUT/CA/22936","type":"VUT","group":"Completa","address":"CALLE SAN MIGUEL Nº 11 Esc. E Plta/Piso BAJA Pta/Letra 3, piso BAJA, puerta 3","postal_code":"11405","places":4,"units":1,"registered":"2025-02-10","catastro":"6034804QA5663C0003ZU","holder":"TRAMITACIONES VINOBLES S.L.","holder_count":1}},{"type":"Feature","geometry":{"type":"Point","coordinates":[-6.144641,36.685335]},"properties":{"id":"VUT/CA/22937","type":"VUT","group":"Completa","address":"CALLE JUSTICIA Nº 36","postal_code":"11408","places":4,"units":1,"registered":"2025-02-11","catastro":"5240012QA5654A0001KM","holder":null,"holder_count":null}},{"type":"Feature","geometry":{"type":"Point","coordinates":[-6.134608,36.681926]},"properties":{"id":"VUT/CA/22955","type":"VUT","group":"Completa","address":"CALLE BODEGAS Nº 11 Plta/Piso 2, piso 2","postal_code":"11402","places":12,"units":5,"registered":"2025-02-12","catastro":"6236809QA5663E0010KY","holder":null,"holder_count":null}},{"type":"Feature","geometry":{"type":"Point","coordinates":[-6.120996,36.68263]},"properties":{"id":"VUT/CA/22956","type":"VUT","group":"Completa","address":"BARRIADA Las viñas Blq. 16 Plta/Piso 4 Pta/Letra A, piso 4, puerta A","postal_code":"11406","places":1,"units":3,"registered":"2025-02-12","catastro":"7437806QA5673E0005FI","holder":null,"holder_count":null}},{"type":"Feature","geometry":{"type":"Point","coordinates":[-6.147529,36.695602]},"properties":{"id":"VUT/CA/22977","type":"VUT","group":"Completa","address":"PLAZA LA SAETA Nº 1 Blq. 1 Plta/Piso 4 Pta/Letra DCHA, piso 4, puerta DCHA","postal_code":"11404","places":4,"units":3,"registered":"2025-02-13","catastro":"5051008QA5655A0009RW","holder":null,"holder_count":null}},{"type":"Feature","geometry":{"type":"Point","coordinates":[-6.13079,36.677955]},"properties":{"id":"VUT/CA/22986","type":"VUT","group":"Completa","address":"CALLE PAÑUELO DE LA YEDRA Nº 2 Esc. A Plta/Piso 3º Pta/Letra A, piso 3º, puerta A","postal_code":"11401","places":4,"units":1,"registered":"2025-02-14","catastro":"6532302QA5663B0019GA","holder":null,"holder_count":null}},{"type":"Feature","geometry":{"type":"Point","coordinates":[-6.119729,36.682049]},"properties":{"id":"VUT/CA/22989","type":"VUT","group":"Completa","address":"CALLE Paseo de las delicias Nº 27","postal_code":"11406","places":1,"units":4,"registered":"2025-02-14","catastro":"7537601QA5673E0001KR","holder":null,"holder_count":null}},{"type":"Feature","geometry":{"type":"Point","coordinates":[-6.137613,36.682753]},"properties":{"id":"VUT/CA/23029","type":"VUT","group":"Completa","address":"CALLE PERAL Nº 3","postal_code":"11403","places":8,"units":2,"registered":"2025-02-18","catastro":"5937012QA5653F0001IT","holder":null,"holder_count":null}},{"type":"Feature","geometry":{"type":"Point","coordinates":[-6.12215,36.683787]},"properties":{"id":"VUT/CA/23031","type":"VUT","group":"Completa","address":"CALLE MAGALLANES Nº 9 Blq. 9 Plta/Piso 3 Pta/Letra DCHA, piso 3, puerta DCHA","postal_code":"11406","places":4,"units":3,"registered":"2025-02-18","catastro":"7339039QA5673G0006PR","holder":null,"holder_count":null}},{"type":"Feature","geometry":{"type":"Point","coordinates":[-6.124344,36.681434]},"properties":{"id":"VUT/CA/23066","type":"VUT","group":"Completa","address":"PASEO PASEO DELICIAS Nº 2 Blq. 2 Portal 2 Plta/Piso 1 Pta/Letra D Compl.Dom. URBANIZACION PARQUE DEL RETIRO, piso 1, puerta D","postal_code":"11406","places":9,"units":4,"registered":"2025-02-21","catastro":"7136003QA5673E0018UK","holder":null,"holder_count":null}},{"type":"Feature","geometry":{"type":"Point","coordinates":[-6.138356,36.679002]},"properties":{"id":"VUT/CA/23071","type":"VUT","group":"Completa","address":"CALLE ESTEREROS Nº 5 Pta/Letra 2, puerta 2","postal_code":"11403","places":2,"units":1,"registered":"2025-02-22","catastro":"5933815QA5653D0001QP","holder":null,"holder_count":null}},{"type":"Feature","geometry":{"type":"Point","coordinates":[-6.138356,36.679002]},"properties":{"id":"VUT/CA/23072","type":"VUT","group":"Completa","address":"CALLE ESTEREROS Nº 5 Pta/Letra 4, puerta 4","postal_code":"11403","places":2,"units":1,"registered":"2025-02-22","catastro":"5933815QA5653D0001QP","holder":"OHANA HOME SERVICES DEVELOPMENT, S.L.","holder_count":1}},{"type":"Feature","geometry":{"type":"Point","coordinates":[-6.146009,36.698132]},"properties":{"id":"VUT/CA/23085","type":"VUT","group":"Completa","address":"PLAZA LA CEJILLA Nº 1 Esc. 1 Plta/Piso 4 Pta/Letra A, piso 4, puerta A","postal_code":"11404","places":8,"units":3,"registered":"2025-02-25","catastro":"5154702QA5655C0017DW","holder":null,"holder_count":null}},{"type":"Feature","geometry":{"type":"Point","coordinates":[-6.146009,36.698132]},"properties":{"id":"VUT/CA/23086","type":"VUT","group":"Completa","address":"PLAZA LA CEJILLA Nº 1 Esc. 1 Plta/Piso 4 Pta/Letra A, piso 4, puerta A","postal_code":"11404","places":8,"units":3,"registered":"2025-02-24","catastro":"5154702QA5655C0017DW","holder":null,"holder_count":null}},{"type":"Feature","geometry":{"type":"Point","coordinates":[-6.106526,36.681445]},"properties":{"id":"VUT/CA/23089","type":"VUT","group":"Completa","address":"CALLE hijuela de la canaleja Nº 9 Blq. 11 Plta/Piso 3 Pta/Letra b, piso 3, puerta b","postal_code":"11408","places":4,"units":1,"registered":"2025-02-24","catastro":"8636601QA5683F0220FD","holder":null,"holder_count":null}},{"type":"Feature","geometry":{"type":"Point","coordinates":[-6.115384,36.706287]},"properties":{"id":"VUT/CA/23111","type":"VUT","group":"Completa","address":"AVENIDA VOLTAIRE Nº 3 Blq. 3 Portal 3 Plta/Piso 5 Pta/Letra A, piso 5, puerta A","postal_code":"11405","places":6,"units":2,"registered":"2025-02-26","catastro":"7863101QA5676D0342TG","holder":null,"holder_count":null}},{"type":"Feature","geometry":{"type":"Point","coordinates":[-6.145049,36.694143]},"properties":{"id":"VUT/CA/23116","type":"VUT","group":"Completa","address":"AVENIDA La Soleá Nº 7 Blq. 7 Esc. 6 Plta/Piso 6 Pta/Letra A, piso 6, puerta A","postal_code":"11404","places":5,"units":3,"registered":"2025-02-26","catastro":"5250602QA5655A0011ZQ","holder":null,"holder_count":null}},{"type":"Feature","geometry":{"type":"Point","coordinates":[-6.141347,36.68514]},"properties":{"id":"VUT/CA/23121","type":"VUT","group":"Por habitaciones","address":"CALLE JUANA DE DIOS LACOSTE Nº 18","postal_code":"11403","places":4,"units":2,"registered":"2025-02-27","catastro":"5640003QA5654B0001QO","holder":null,"holder_count":null}},{"type":"Feature","geometry":{"type":"Point","coordinates":[-6.112263,36.68514]},"properties":{"id":"VUT/CA/23143","type":"VUT","group":"Completa","address":"CALLE ENDIVIA Nº 2 Blq. 2 Plta/Piso 1 Pta/Letra D, piso 1, puerta D","postal_code":"11406","places":4,"units":3,"registered":"2025-03-02","catastro":"8141002QA5684A0008FL","holder":null,"holder_count":null}},{"type":"Feature","geometry":{"type":"Point","coordinates":[-6.148491,36.688442]},"properties":{"id":"VUT/CA/23161","type":"VUT","group":"Completa","address":"CALLE ZOLIO RUIZ-MATEOS CAMACHO Nº 6 Blq. 2 Plta/Piso 4 Pta/Letra E, piso 4, puerta E","postal_code":"11408","places":8,"units":3,"registered":"2025-03-03","catastro":"4943101QA5644D0336MS","holder":null,"holder_count":null}},{"type":"Feature","geometry":{"type":"Point","coordinates":[-6.141109,36.686065]},"properties":{"id":"VUT/CA/23163","type":"VUT","group":"Completa","address":"CALLE FRANCOS Nº 49 Calif.Nº D","postal_code":"11407","places":2,"units":1,"registered":"2025-03-03","catastro":"5640007QA5654B0005KD","holder":null,"holder_count":null}},{"type":"Feature","geometry":{"type":"Point","coordinates":[-6.130681,36.680528]},"properties":{"id":"VUT/CA/23193","type":"VUT","group":"Completa","address":"CALLE DESCALZOS Nº 2 Plta/Piso 5 Pta/Letra A, piso 5, puerta A","postal_code":"11405","places":6,"units":4,"registered":"2025-03-05","catastro":"6635001QA5663F0011HH","holder":null,"holder_count":null}},{"type":"Feature","geometry":{"type":"Point","coordinates":[-6.089234,36.716108]},"properties":{"id":"VUT/CA/23196","type":"VUT","group":"Completa","address":"PLAZA JUVENTUD OBRERA Nº 2","postal_code":"11591","places":7,"units":3,"registered":"2025-03-05","catastro":"0176501QA6607E0001ZP","holder":null,"holder_count":null}},{"type":"Feature","geometry":{"type":"Point","coordinates":[-6.138738,36.680304]},"properties":{"id":"VUT/CA/23244","type":"VUT","group":"Completa","address":"CALLE SAN AGUSTÍN Nº 24","postal_code":"11403","places":4,"units":2,"registered":"2025-03-10","catastro":"5835515QA5653F0001UT","holder":null,"holder_count":null}},{"type":"Feature","geometry":{"type":"Point","coordinates":[-6.131941,36.685789]},"properties":{"id":"VUT/CA/23252","type":"VUT","group":"Completa","address":"CALLE GOMEZ CARRILLO Nº 9 Esc. 1 Plta/Piso 1 Pta/Letra 18, piso 1, puerta 18","postal_code":"11402","places":6,"units":2,"registered":"2025-03-08","catastro":"6460803QA5666A0018IY","holder":null,"holder_count":null}},{"type":"Feature","geometry":{"type":"Point","coordinates":[-6.131941,36.685789]},"properties":{"id":"VUT/CA/23272","type":"VUT","group":"Completa","address":"CALLE GOMEZ CARRILLO Nº 9 Esc. 1 Plta/Piso 00 Pta/Letra 23, piso 00, puerta 23","postal_code":"11402","places":2,"units":1,"registered":"2025-03-10","catastro":"6460803QA5666A0023PI","holder":null,"holder_count":null}},{"type":"Feature","geometry":{"type":"Point","coordinates":[-6.141372,36.678967]},"properties":{"id":"VUT/CA/23280","type":"VUT","group":"Completa","address":"CALLE ARQUITECTO JOSÉ FERRARI Nº 1 Plta/Piso 2 Pta/Letra DERECHA, piso 2, puerta DERECHA","postal_code":"11401","places":5,"units":3,"registered":"2025-03-10","catastro":"5533304QA5653D0005FF","holder":"SHERRYFLAT SL","holder_count":4}},{"type":"Feature","geometry":{"type":"Point","coordinates":[-6.138581,36.678554]},"properties":{"id":"VUT/CA/23281","type":"VUT","group":"Completa","address":"CALLE VICARIO Nº 2 Plta/Piso 1 Pta/Letra B, piso 1, puerta B","postal_code":"11403","places":2,"units":1,"registered":"2025-03-10","catastro":"5932802QA5653B0001ZG","holder":null,"holder_count":null}},{"type":"Feature","geometry":{"type":"Point","coordinates":[-6.138581,36.678554]},"properties":{"id":"VUT/CA/23282","type":"VUT","group":"Completa","address":"CALLE VICARIO Nº 2 Plta/Piso BAJO Pta/Letra A, piso BAJO, puerta A","postal_code":"11403","places":2,"units":1,"registered":"2025-03-10","catastro":"5932802QA5653B0001ZG","holder":null,"holder_count":null}},{"type":"Feature","geometry":{"type":"Point","coordinates":[-6.133065,36.690293]},"properties":{"id":"VUT/CA/23298","type":"VUT","group":"Completa","address":"CALLE MANUEL DE LA QUINTANA Nº 6 Esc. 5 Plta/Piso 5 Pta/Letra B, piso 5, puerta B","postal_code":"11402","places":10,"units":4,"registered":"2025-03-12","catastro":"6246002QA5664E0323ML","holder":null,"holder_count":null}},{"type":"Feature","geometry":{"type":"Point","coordinates":[-6.137989,36.690251]},"properties":{"id":"VUT/CA/23306","type":"VUT","group":"Completa","address":"CALLE Pozo del Olivar 29 RESIDENCIAL VALDESPINO nº1 Portal:3 Piso:1º B Blq. 1 Portal 3 Plta/Piso 1 Pta/Letra b, piso 1, puerta b","postal_code":"11403","places":4,"units":3,"registered":"2025-03-12","catastro":"5945039QA5654F0017TS","holder":null,"holder_count":null}},{"type":"Feature","geometry":{"type":"Point","coordinates":[-6.138581,36.678554]},"properties":{"id":"VUT/CA/23308","type":"VUT","group":"Completa","address":"CALLE VICARIO Nº 2 Plta/Piso BAJO Pta/Letra B, piso BAJO, puerta B","postal_code":"11403","places":2,"units":1,"registered":"2025-03-12","catastro":"5932802QA5653B0001ZG","holder":null,"holder_count":null}},{"type":"Feature","geometry":{"type":"Point","coordinates":[-6.142596,36.690259]},"properties":{"id":"VUT/CA/23312","type":"VUT","group":"Por habitaciones","address":"CALLE LEALAS Nº 37","postal_code":"11404","places":6,"units":5,"registered":"2025-03-12","catastro":"5446621QA5654E0001KD","holder":null,"holder_count":null}},{"type":"Feature","geometry":{"type":"Point","coordinates":[-6.139322,36.685188]},"properties":{"id":"VUT/CA/23325","type":"VUT","group":"Completa","address":"PLAZA JARAMAGO Nº 9 Compl.Dom. ATICO Nº15","postal_code":"11403","places":4,"units":1,"registered":"2025-03-13","catastro":"5839807QA5653H0016YS","holder":"ALLO APARTMENTS HOLYDAYS S.L.","holder_count":9}},{"type":"Feature","geometry":{"type":"Point","coordinates":[-6.127849,36.703824]},"properties":{"id":"VUT/CA/23326","type":"VUT","group":"Completa","address":"AVENIDA SUDAMERICA Nº 7 Plta/Piso 2 Pta/Letra A Compl.Dom. EDIFICIO EL SALVADOR, piso 2, puerta A","postal_code":"11406","places":5,"units":3,"registered":"2025-03-13","catastro":"6761502QA5666B0005RT","holder":null,"holder_count":null}},{"type":"Feature","geometry":{"type":"Point","coordinates":[-6.140617,36.705151]},"properties":{"id":"VUT/CA/23333","type":"VUT","group":"Completa","address":"CALLE MAR NEGRO Nº 20 Blq. 3 Plta/Piso 2 Pta/Letra D, piso 2, puerta D","postal_code":"11407","places":4,"units":2,"registered":"2025-03-14","catastro":"5561401QA5656B0198JQ","holder":"ALQUILER 360 SL","holder_count":1}},{"type":"Feature","geometry":{"type":"Point","coordinates":[-6.142106,36.686963]},"properties":{"id":"VUT/CA/23344","type":"VUT","group":"Completa","address":"CALLE CHANCILLERÍA Nº 16 Plta/Piso BAJO Pta/Letra C, piso BAJO, puerta C","postal_code":"11403","places":2,"units":1,"registered":"2025-03-16","catastro":"5642815QA5654B0003AA","holder":"ANALISIS CLINICOS ELORRIETA Y PARDO, S.L","holder_count":1}},{"type":"Feature","geometry":{"type":"Point","coordinates":[-6.142106,36.686963]},"properties":{"id":"VUT/CA/23355","type":"VUT","group":"Completa","address":"CALLE CHANCILLERÍA Nº 16 Plta/Piso 1 Pta/Letra 5, piso 1, puerta 5","postal_code":"11403","places":4,"units":1,"registered":"2025-03-17","catastro":"5642815QA5654B0005DD","holder":null,"holder_count":null}},{"type":"Feature","geometry":{"type":"Point","coordinates":[-6.138356,36.679002]},"properties":{"id":"VUT/CA/23390","type":"VUT","group":"Completa","address":"CALLE Estereros Nº 5 Pta/Letra 6, puerta 6","postal_code":"11401","places":2,"units":1,"registered":"2025-03-18","catastro":"5933815QA5653D0001QP","holder":"Benbo Adminnistración y Servicios SL","holder_count":7}},{"type":"Feature","geometry":{"type":"Point","coordinates":[-6.137411,36.689067]},"properties":{"id":"VUT/CA/23406","type":"VUT","group":"Completa","address":"CALLE GUADALETE Nº 14 Pta/Letra 4 Compl.Dom. CALLE GUADALETE 14, RESIDENCIAL CRISTINA, UNIFAMILIAR NUMERO 4, puerta 4","postal_code":"11403","places":6,"units":3,"registered":"2025-03-19","catastro":"5945009QA5654F0004DW","holder":null,"holder_count":null}},{"type":"Feature","geometry":{"type":"Point","coordinates":[-6.140097,36.684082]},"properties":{"id":"VUT/CA/23417","type":"VUT","group":"Completa","address":"CALLE Castellanos Nº 3 Esc. 1 Plta/Piso Baja Pta/Letra 5, piso Baja, puerta 5","postal_code":"11403","places":6,"units":2,"registered":"2025-03-19","catastro":"5638203QA5653H0021TF","holder":"NEXO CONSULTING TECNICO S.L.U.","holder_count":2}},{"type":"Feature","geometry":{"type":"Point","coordinates":[-6.130487,36.678567]},"properties":{"id":"VUT/CA/23426","type":"VUT","group":"Completa","address":"CALLE PAÑUELO Nº 9 Calif.Nº BIS","postal_code":"11401","places":4,"units":1,"registered":"2025-03-19","catastro":"6533003QA5663D0001WF","holder":null,"holder_count":null}},{"type":"Feature","geometry":{"type":"Point","coordinates":[-6.140769,36.686823]},"properties":{"id":"VUT/CA/23442","type":"VUT","group":"Completa","address":"CALLE Paralejo Nº 2 Plta/Piso 0 Pta/Letra 2 Compl.Dom. Edif. Carruaje II, piso 0, puerta 2","postal_code":"11403","places":6,"units":3,"registered":"2025-03-20","catastro":"5642508QA5654B0007DG","holder":null,"holder_count":null}},{"type":"Feature","geometry":{"type":"Point","coordinates":[-6.138339,36.684702]},"properties":{"id":"VUT/CA/23444","type":"VUT","group":"Completa","address":"CALLE Torneria Nº 8 Plta/Piso BAJO Pta/Letra B, piso BAJO, puerta B","postal_code":"11403","places":5,"units":2,"registered":"2025-03-20","catastro":"5839308QA5653H0003IW","holder":"SMART RENT GESTION DE INMUEBLES S.L.","holder_count":6}},{"type":"Feature","geometry":{"type":"Point","coordinates":[-6.145204,36.687057]},"properties":{"id":"VUT/CA/23457","type":"VUT","group":"Completa","address":"CALLE LA MERCED Nº 27 Portal 27 Plta/Piso BAJA Pta/Letra 2, piso BAJA, puerta 2","postal_code":"11404","places":4,"units":2,"registered":"2025-03-20","catastro":"5241020QA5654A0003QW","holder":"DAMALOPLA S.L","holder_count":1}},{"type":"Feature","geometry":{"type":"Point","coordinates":[-6.131941,36.685789]},"properties":{"id":"VUT/CA/23499","type":"VUT","group":"Completa","address":"CALLE GÓMEZ CARRILLO Nº 9 Plta/Piso 1 Pta/Letra 19, piso 1, puerta 19","postal_code":"11402","places":4,"units":1,"registered":"2025-03-23","catastro":"6460803QA5666A0019OU","holder":null,"holder_count":null}},{"type":"Feature","geometry":{"type":"Point","coordinates":[-6.140769,36.686823]},"properties":{"id":"VUT/CA/23504","type":"VUT","group":"Completa","address":"PLAZA COCHERAS Nº 1 Blq. 1 Pta/Letra 16, puerta 16","postal_code":"11403","places":4,"units":1,"registered":"2025-03-23","catastro":"5642508QA5654B0021ZM","holder":null,"holder_count":null}},{"type":"Feature","geometry":{"type":"Point","coordinates":[-6.146728,36.688051]},"properties":{"id":"VUT/CA/23507","type":"VUT","group":"Completa","address":"CALLE ARMAS DE SANTIAGO Nº 15 Plta/Piso 3 Pta/Letra A, piso 3, puerta A","postal_code":"11402","places":3,"units":1,"registered":"2025-03-24","catastro":"5143022QA5654C0006JM","holder":"INVERSIONES Y TAX MANAGERS SL","holder_count":2}},{"type":"Feature","geometry":{"type":"Point","coordinates":[-6.140735,36.689554]},"properties":{"id":"VUT/CA/23514","type":"VUT","group":"Completa","address":"CALLE RENDONA Nº 17 Esc. 1 Plta/Piso 1 Pta/Letra 9, piso 1, puerta 9","postal_code":"11403","places":8,"units":2,"registered":"2025-03-24","catastro":"5545010QA5654F0009OU","holder":null,"holder_count":null}},{"type":"Feature","geometry":{"type":"Point","coordinates":[-6.121292,36.688001]},"properties":{"id":"VUT/CA/23538","type":"VUT","group":"Completa","address":"CALLE Alcalde Juan Manuel Corchado Nº 1 Esc. 6 Plta/Piso 2 Pta/Letra e Compl.Dom. Residencial Olimpus, piso 2, puerta e","postal_code":"11405","places":6,"units":3,"registered":"2025-03-24","catastro":"7342401QA5674C0176QF","holder":null,"holder_count":null}},{"type":"Feature","geometry":{"type":"Point","coordinates":[-6.129148,36.677884]},"properties":{"id":"VUT/CA/23554","type":"VUT","group":"Completa","address":"CALLE ALAMOS Nº 19","postal_code":"11401","places":8,"units":3,"registered":"2025-03-25","catastro":"6732011QA5663B0001EL","holder":null,"holder_count":null}},{"type":"Feature","geometry":{"type":"Point","coordinates":[-6.140508,36.687429]},"properties":{"id":"VUT/CA/23562","type":"VUT","group":"Completa","address":"CALLE CHANCILLERÍA Nº 4 Plta/Piso 2 Pta/Letra B, piso 2, puerta B","postal_code":"11403","places":4,"units":3,"registered":"2025-03-26","catastro":"5642810QA5654B0009KJ","holder":null,"holder_count":null}},{"type":"Feature","geometry":{"type":"Point","coordinates":[-6.146799,36.666747]},"properties":{"id":"VUT/CA/23563","type":"VUT","group":"Completa","address":"CALLE AQUISGRAN Nº 18","postal_code":"11408","places":8,"units":4,"registered":"2025-03-26","catastro":"5119831QA5651G0001ME","holder":null,"holder_count":null}},{"type":"Feature","geometry":{"type":"Point","coordinates":[-6.132759,36.686347]},"properties":{"id":"VUT/CA/23604","type":"VUT","group":"Completa","address":"CALLE CLAVEL Nº 18 Plta/Piso 1 Pta/Letra 7, piso 1, puerta 7","postal_code":"11403","places":3,"units":1,"registered":"2025-03-26","catastro":"6340042QA5664A0028EW","holder":"INVERSIONES Y TAX MANAGERS SL","holder_count":2}},{"type":"Feature","geometry":{"type":"Point","coordinates":[-6.118103,36.687087]},"properties":{"id":"VUT/CA/23610","type":"VUT","group":"Completa","address":"PLAZA LOS PINOS Nº 4 Plta/Piso 4 Pta/Letra C, piso 4, puerta C","postal_code":"11405","places":6,"units":4,"registered":"2025-03-26","catastro":"7642109QA5674C0020HH","holder":null,"holder_count":null}},{"type":"Feature","geometry":{"type":"Point","coordinates":[-6.141377,36.687703]},"properties":{"id":"VUT/CA/23613","type":"VUT","group":"Completa","address":"PLAZA Mirabal de Ramón Caveli Nº 3 Esc. 1 Plta/Piso 1 Pta/Letra 6, piso 1, puerta 6","postal_code":"11404","places":4,"units":2,"registered":"2025-03-26","catastro":"5642837QA5654B0006BF","holder":null,"holder_count":null}},{"type":"Feature","geometry":{"type":"Point","coordinates":[-6.120821,36.701755]},"properties":{"id":"VUT/CA/23623","type":"VUT","group":"Completa","address":"CALLE ZEUS Nº 1 Plta/Piso 4 Pta/Letra B, piso 4, puerta B","postal_code":"11405","places":6,"units":2,"registered":"2025-03-27","catastro":"7359814QA5675G0016JX","holder":"OLE SOLUTIONS HOLIDAY RENTALS S.L.","holder_count":52}},{"type":"Feature","geometry":{"type":"Point","coordinates":[-6.128883,36.67921]},"properties":{"id":"VUT/CA/23630","type":"VUT","group":"Completa","address":"CALLE MERITO Nº 2 Blq. 2 Plta/Piso 1 Pta/Letra G, piso 1, puerta G","postal_code":"11401","places":4,"units":2,"registered":"2025-03-27","catastro":"6733002QA5663D0080OM","holder":null,"holder_count":null}},{"type":"Feature","geometry":{"type":"Point","coordinates":[-6.129067,36.679645]},"properties":{"id":"VUT/CA/23631","type":"VUT","group":"Completa","address":"CALLE DIEGO FERNANDEZ DE HERRERA Nº 18 Plta/Piso 2 Pta/Letra C, piso 2, puerta C","postal_code":"11406","places":7,"units":4,"registered":"2025-03-27","catastro":"6733106QA5663D0121AI","holder":null,"holder_count":null}},{"type":"Feature","geometry":{"type":"Point","coordinates":[-6.134915,36.687524]},"properties":{"id":"VUT/CA/23638","type":"VUT","group":"Completa","address":"CALLE CRUZ Nº 9-10 Plta/Piso 1 Pta/Letra H, piso 1, puerta H","postal_code":"11402","places":4,"units":2,"registered":"2025-03-27","catastro":"6042110QA5664C0015IP","holder":null,"holder_count":null}},{"type":"Feature","geometry":{"type":"Point","coordinates":[-6.140769,36.686823]},"properties":{"id":"VUT/CA/23642","type":"VUT","group":"Completa","address":"PLAZA Cocheras Nº 1 Plta/Piso baja Pta/Letra 4, piso baja, puerta 4","postal_code":"11403","places":4,"units":2,"registered":"2025-03-27","catastro":"5642508QA5654B0009GJ","holder":"OLE SOLUTIONS HOLIDAY RENTALS S.L.","holder_count":52}},{"type":"Feature","geometry":{"type":"Point","coordinates":[-6.143471,36.687531]},"properties":{"id":"VUT/CA/23643","type":"VUT","group":"Completa","address":"PLAZA SANTIAGO Nº 5 Esc. 1 Plta/Piso 01 Pta/Letra D, piso 01, puerta D","postal_code":"11404","places":10,"units":6,"registered":"2025-03-27","catastro":"5241001QA5654A0003XW","holder":null,"holder_count":null}},{"type":"Feature","geometry":{"type":"Point","coordinates":[-6.116374,36.684677]},"properties":{"id":"VUT/CA/23652","type":"VUT","group":"Completa","address":"CALLE Nuestra Señora de la Consolación Nº 1 Plta/Piso 2 Pta/Letra derecha, piso 2, puerta derecha","postal_code":"11406","places":6,"units":4,"registered":"2025-03-27","catastro":"7940707QA5674B0005WZ","holder":null,"holder_count":null}},{"type":"Feature","geometry":{"type":"Point","coordinates":[-6.137989,36.690251]},"properties":{"id":"VUT/CA/23663","type":"VUT","group":"Completa","address":"RESIDENCIAL VALDESPINO Nº 1 Blq. 1 Esc. 4 Plta/Piso 2 Pta/Letra A, piso 2, puerta A","postal_code":"11402","places":4,"units":2,"registered":"2025-03-28","catastro":"5945039QA5654F0025PJ","holder":null,"holder_count":null}},{"type":"Feature","geometry":{"type":"Point","coordinates":[-6.113401,36.707652]},"properties":{"id":"VUT/CA/23664","type":"VUT","group":"Completa","address":"CALLE SAN JUAN BAUTISTA Nº 2 Esc. 1 Plta/Piso 2 Pta/Letra 212 Compl.Dom. EDF. SAN MARCOS, piso 2, puerta 212","postal_code":"11407","places":4,"units":2,"registered":"2025-03-28","catastro":"7965601QA5676F0033SK","holder":null,"holder_count":null}},{"type":"Feature","geometry":{"type":"Point","coordinates":[-6.140097,36.684082]},"properties":{"id":"VUT/CA/23665","type":"VUT","group":"Completa","address":"CALLE CASTELLANOS Nº 3 Esc. 1 Plta/Piso 2 Pta/Letra 9, piso 2, puerta 9","postal_code":"11403","places":4,"units":2,"registered":"2025-03-28","catastro":"5638203QA5653H0025OK","holder":null,"holder_count":null}},{"type":"Feature","geometry":{"type":"Point","coordinates":[-6.106156,36.710412]},"properties":{"id":"VUT/CA/23666","type":"VUT","group":"Completa","address":"CALLE SENECA Nº 4 Esc. 4 Plta/Piso 2 Pta/Letra A Compl.Dom. RCIAL LOS JARDINES DE POZO ALBERO, piso 2, puerta A","postal_code":"11407","places":4,"units":2,"registered":"2025-03-28","catastro":"8670602QA5687B0066MR","holder":null,"holder_count":null}},{"type":"Feature","geometry":{"type":"Point","coordinates":[-6.113566,36.706753]},"properties":{"id":"VUT/CA/23680","type":"VUT","group":"Completa","address":"CALLE RIOJA Nº 1 Blq. 1 Plta/Piso 3 Pta/Letra 135 Compl.Dom. EDIFICIO CAPRI, piso 3, puerta 135","postal_code":"11405","places":5,"units":2,"registered":"2025-03-28","catastro":"7964601QA5676D0027RB","holder":"SMART RENT GESTION DE INMUEBLES S.L.","holder_count":6}},{"type":"Feature","geometry":{"type":"Point","coordinates":[-6.129422,36.693822]},"properties":{"id":"VUT/CA/23681","type":"VUT","group":"Completa","address":"PLAZA Del caballo Nº 1 Blq. 1 Plta/Piso 3 Pta/Letra B Compl.Dom. Conjunto Residencial \"Parque Avenida\", piso 3, puerta B","postal_code":"11405","places":7,"units":3,"registered":"2025-03-28","catastro":"6650006QA5665B0008FF","holder":"SMART RENT GESTION DE INMUEBLES S.L.","holder_count":6}},{"type":"Feature","geometry":{"type":"Point","coordinates":[-6.133253,36.678515]},"properties":{"id":"VUT/CA/23689","type":"VUT","group":"Completa","address":"CALLE EMPEDRADA Nº 9 Plta/Piso 1 Pta/Letra CENTRO, piso 1, puerta CENTRO","postal_code":"11401","places":3,"units":2,"registered":"2025-03-31","catastro":"6433629QA5663C0001UT","holder":null,"holder_count":null}},{"type":"Feature","geometry":{"type":"Point","coordinates":[-6.14226,36.689614]},"properties":{"id":"VUT/CA/23693","type":"VUT","group":"Completa","address":"CALLE LEALAS Nº 25 Pta/Letra 3, puerta 3","postal_code":"11401","places":4,"units":2,"registered":"2025-03-31","catastro":"5444031QA5654C0003EB","holder":null,"holder_count":null}},{"type":"Feature","geometry":{"type":"Point","coordinates":[-6.1357,36.680162]},"properties":{"id":"VUT/CA/23695","type":"VUT","group":"Completa","address":"CALLE Caballeros Nº 31-33 Plta/Piso primera Pta/Letra R-12, piso primera, puerta R-12","postal_code":"11403","places":4,"units":1,"registered":"2025-03-31","catastro":"6134006QA5663C0056FX","holder":null,"holder_count":null}},{"type":"Feature","geometry":{"type":"Point","coordinates":[-6.139837,36.668418]},"properties":{"id":"VUT/CA/23696","type":"VUT","group":"Completa","address":"AVENIDA puertas del sur Nº 11 Blq. 4 Portal 4 Plta/Piso 2 Pta/Letra a, piso 2, puerta a","postal_code":"11408","places":6,"units":3,"registered":"2025-03-31","catastro":"5720202QA5652S0001FX","holder":null,"holder_count":null}},{"type":"Feature","geometry":{"type":"Point","coordinates":[-6.147953,36.694186]},"properties":{"id":"VUT/CA/23704","type":"VUT","group":"Completa","address":"CALLE De la Cartagenera Nº 6 Plta/Piso 1º Pta/Letra derecha, piso 1º, puerta derecha","postal_code":"11404","places":3,"units":2,"registered":"2025-03-31","catastro":"4950505QA5645B0003HQ","holder":null,"holder_count":null}},{"type":"Feature","geometry":{"type":"Point","coordinates":[-6.140217,36.682277]},"properties":{"id":"VUT/CA/23724","type":"VUT","group":"Completa","address":"CALLE VISITACION Nº 7 Pta/Letra 8, puerta 8","postal_code":"11402","places":5,"units":2,"registered":"2025-03-31","catastro":"5736017QA5653F0008WS","holder":"DEIVANJA GESTIONES SL","holder_count":1}},{"type":"Feature","geometry":{"type":"Point","coordinates":[-6.140217,36.682277]},"properties":{"id":"VUT/CA/23725","type":"VUT","group":"Completa","address":"CALLE VISITACION Nº 7 Pta/Letra 4, puerta 4","postal_code":"11402","places":4,"units":1,"registered":"2025-03-31","catastro":"5736017QA5653F0004ZI","holder":"INVERSIONES INMOBILIARIAS JRT SL","holder_count":3}},{"type":"Feature","geometry":{"type":"Point","coordinates":[-6.140217,36.682277]},"properties":{"id":"VUT/CA/23728","type":"VUT","group":"Completa","address":"CALLE VISITACION Nº 7 Pta/Letra 3, puerta 3","postal_code":"11402","places":4,"units":1,"registered":"2025-03-31","catastro":"5736017QA5653F0003BU","holder":"INVERSIONES INMOBILIARIAS JRT SL","holder_count":3}},{"type":"Feature","geometry":{"type":"Point","coordinates":[-6.140217,36.682277]},"properties":{"id":"VUT/CA/23729","type":"VUT","group":"Completa","address":"CALLE VISITACION Nº 7 Pta/Letra 2, puerta 2","postal_code":"11402","places":4,"units":1,"registered":"2025-03-31","catastro":"5736017QA5653F0002LY","holder":"INVERSIONES INMOBILIARIAS JRT SL","holder_count":3}},{"type":"Feature","geometry":{"type":"Point","coordinates":[-6.128883,36.67921]},"properties":{"id":"VUT/CA/23732","type":"VUT","group":"Completa","address":"CALLE MERITO Nº 2 Blq. 2 Plta/Piso 1 Pta/Letra F, piso 1, puerta F","postal_code":"11401","places":4,"units":2,"registered":"2025-03-31","catastro":"6733002QA5663D0079AW","holder":null,"holder_count":null}},{"type":"Feature","geometry":{"type":"Point","coordinates":[-6.141145,36.678291]},"properties":{"id":"VUT/CA/23737","type":"VUT","group":"Completa","address":"CALLE LUISA Nº 2 Plta/Piso 1º Pta/Letra A, piso 1º, puerta A","postal_code":"11401","places":4,"units":2,"registered":"2025-03-31","catastro":"5632602QA5653B0006LB","holder":null,"holder_count":null}},{"type":"Feature","geometry":{"type":"Point","coordinates":[-6.136706,36.683711]},"properties":{"id":"VUT/CA/23743","type":"VUT","group":"Completa","address":"CALLE LARGA Nº 23 - 25 Plta/Piso 4 Pta/Letra 46 Compl.Dom. CENTRO COMERCIAL LOS CISNES, piso 4, puerta 46","postal_code":"11402","places":4,"units":1,"registered":"2025-03-31","catastro":"5938309QA5653H0117KH","holder":"OLE SOLUTIONS HOLIDAY RENTALS S.L.","holder_count":52}},{"type":"Feature","geometry":{"type":"Point","coordinates":[-6.13351,36.701665]},"properties":{"id":"VUT/CA/23744","type":"VUT","group":"Completa","address":"URBANIZACION EL ALMENDRAL Blq. 3 Plta/Piso 10 Pta/Letra B, piso 10, puerta B","postal_code":"11407","places":7,"units":4,"registered":"2025-03-31","catastro":"6258003QA5665G0038AA","holder":null,"holder_count":null}},{"type":"Feature","geometry":{"type":"Point","coordinates":[-6.115095,36.685599]},"properties":{"id":"VUT/CA/23747","type":"VUT","group":"Completa","address":"CALLE LA PAQUERA DE JEREZ Nº 5 Plta/Piso BAJO Pta/Letra D, piso BAJO, puerta D","postal_code":"11406","places":4,"units":3,"registered":"2025-03-31","catastro":"7941003QA5674B0002OK","holder":null,"holder_count":null}},{"type":"Feature","geometry":{"type":"Point","coordinates":[-6.139805,36.67828]},"properties":{"id":"VUT/CA/23753","type":"VUT","group":"Completa","address":"AVENIDA TORRESOTO Nº 1 Plta/Piso 0 Pta/Letra 3, piso 0, puerta 3","postal_code":"11401","places":4,"units":2,"registered":"2025-03-31","catastro":"5732001QA5653B0058GA","holder":null,"holder_count":null}},{"type":"Feature","geometry":{"type":"Point","coordinates":[-6.137362,36.677875]},"properties":{"id":"VUT/CA/23761","type":"VUT","group":"Completa","address":"RONDA MULEROS Nº 8 Portal 2 Plta/Piso 2 Pta/Letra E, piso 2, puerta E","postal_code":"11401","places":4,"units":2,"registered":"2025-03-31","catastro":"5932606QA5653B0006IB","holder":null,"holder_count":null}},{"type":"Feature","geometry":{"type":"Point","coordinates":[-6.120821,36.701755]},"properties":{"id":"VUT/CA/23794","type":"VUT","group":"Completa","address":"CALLE ZEUS Nº 1 Plta/Piso 4 Pta/Letra A, piso 4, puerta A","postal_code":"11405","places":10,"units":4,"registered":"2025-04-01","catastro":"7359814QA5675G0015HZ","holder":null,"holder_count":null}},{"type":"Feature","geometry":{"type":"Point","coordinates":[-6.145864,36.683742]},"properties":{"id":"VUT/CA/23798","type":"VUT","group":"Completa","address":"CALLE BALDERRAMA Nº 10 Plta/Piso 1 Pta/Letra G, piso 1, puerta G","postal_code":"11408","places":4,"units":1,"registered":"2025-04-01","catastro":"5138205QA5653G0013SM","holder":"ALLO APARTMENTS HOLYDAYS S.L.","holder_count":9}},{"type":"Feature","geometry":{"type":"Point","coordinates":[-6.146132,36.685687]},"properties":{"id":"VUT/CA/23803","type":"VUT","group":"Completa","address":"CALLE ronda del caracol Nº 8 Esc. 2 Plta/Piso 3 Pta/Letra b, piso 3, puerta b","postal_code":"11408","places":3,"units":2,"registered":"2025-04-03","catastro":"5140015QA5654A0130UM","holder":null,"holder_count":null}},{"type":"Feature","geometry":{"type":"Point","coordinates":[-6.140796,36.693078]},"properties":{"id":"VUT/CA/23814","type":"VUT","group":"Completa","address":"PLAZA Redores Nº 2 Portal 2 Plta/Piso 3 Pta/Letra Derecha, piso 3, puerta Derecha","postal_code":"11404","places":8,"units":3,"registered":"2025-04-01","catastro":"5648106QA5654H0007OM","holder":null,"holder_count":null}},{"type":"Feature","geometry":{"type":"Point","coordinates":[-6.141841,36.691951]},"properties":{"id":"VUT/CA/23816","type":"VUT","group":"Completa","address":"PLAZA Doctor Juan Planelles Ripoll Nº 3 Portal 3 Plta/Piso 3 Pta/Letra Derecha, piso 3, puerta Derecha","postal_code":"11404","places":8,"units":3,"registered":"2025-04-01","catastro":"5547101QA5654F0007DT","holder":null,"holder_count":null}},{"type":"Feature","geometry":{"type":"Point","coordinates":[-6.140148,36.692732]},"properties":{"id":"VUT/CA/23819","type":"VUT","group":"Completa","address":"PLAZA Plaza Virgen De Loreto Nº 3 Portal 3 Plta/Piso 3 Pta/Letra Izquierda, piso 3, puerta Izquierda","postal_code":"11404","places":8,"units":3,"registered":"2025-04-01","catastro":"5648301QA5654H0008LQ","holder":null,"holder_count":null}},{"type":"Feature","geometry":{"type":"Point","coordinates":[-6.124665,36.688145]},"properties":{"id":"VUT/CA/23828","type":"VUT","group":"Completa","address":"CALLE TRAVIESAS Nº 10 Plta/Piso 3 Pta/Letra B, piso 3, puerta B","postal_code":"11405","places":9,"units":5,"registered":"2025-04-01","catastro":"7143701QA5674C0007YO","holder":null,"holder_count":null}},{"type":"Feature","geometry":{"type":"Point","coordinates":[-6.131715,36.683635]},"properties":{"id":"VUT/CA/23889","type":"VUT","group":"Completa","address":"CALLE MATADERO Nº 4A Esc. 1 Plta/Piso 02 Pta/Letra DR, piso 02, puerta DR","postal_code":"11401","places":5,"units":3,"registered":"2025-04-02","catastro":"6438004QA5663G0015OY","holder":null,"holder_count":null}},{"type":"Feature","geometry":{"type":"Point","coordinates":[-6.141775,36.679004]},"properties":{"id":"VUT/CA/23922","type":"VUT","group":"Completa","address":"CALLE PUERTO Nº 29 Plta/Piso 2 Pta/Letra D, piso 2, puerta D","postal_code":"11401","places":8,"units":4,"registered":"2025-04-03","catastro":"5533318QA5653D0005ZF","holder":null,"holder_count":null}},{"type":"Feature","geometry":{"type":"Point","coordinates":[-6.131941,36.685789]},"properties":{"id":"VUT/CA/23929","type":"VUT","group":"Completa","address":"CALLE GÓMEZ CARRILLO Nº 9 Plta/Piso 1 Pta/Letra 14, piso 1, puerta 14","postal_code":"11402","places":4,"units":1,"registered":"2025-04-03","catastro":"6460803QA5666A0014RW","holder":null,"holder_count":null}},{"type":"Feature","geometry":{"type":"Point","coordinates":[-6.108551,36.692717]},"properties":{"id":"VUT/CA/23961","type":"VUT","group":"Completa","address":"CALLE FRANCISCO RIVA Nº 2 Blq. 1 Plta/Piso 2 Pta/Letra F Compl.Dom. JEREZ DE LA FRONTERA  CADIZ, piso 2, puerta F","postal_code":"11405","places":4,"units":2,"registered":"2025-04-04","catastro":"8448803QA5684G0003GX","holder":null,"holder_count":null}},{"type":"Feature","geometry":{"type":"Point","coordinates":[-6.130869,36.692858]},"properties":{"id":"VUT/CA/23966","type":"VUT","group":"Completa","address":"PLAZA PARQUE DE CAPUCHINOS Blq. 5 Plta/Piso 7 Pta/Letra A, piso 7, puerta A","postal_code":"11405","places":7,"units":4,"registered":"2025-04-04","catastro":"6549006QA5664H0023KF","holder":null,"holder_count":null}},{"type":"Feature","geometry":{"type":"Point","coordinates":[-6.124392,36.69011]},"properties":{"id":"VUT/CA/23970","type":"VUT","group":"Por habitaciones","address":"CALLE Atenas Nº 19","postal_code":"11405","places":4,"units":2,"registered":"2025-04-04","catastro":"7146719QA5674E0001SZ","holder":null,"holder_count":null}},{"type":"Feature","geometry":{"type":"Point","coordinates":[-6.130869,36.692858]},"properties":{"id":"VUT/CA/23972","type":"VUT","group":"Completa","address":"PLAZA PARQUE DE CAPUCHINOS Blq. 5 Plta/Piso 7 Pta/Letra D, piso 7, puerta D","postal_code":"11405","places":7,"units":4,"registered":"2025-04-04","catastro":"6549006QA5664H0026ZJ","holder":null,"holder_count":null}},{"type":"Feature","geometry":{"type":"Point","coordinates":[-6.13466,36.681324]},"properties":{"id":"VUT/CA/23982","type":"VUT","group":"Por habitaciones","address":"CALLE EVORA Nº 3","postal_code":"11402","places":6,"units":3,"registered":"2025-04-04","catastro":"6136013QA5663E0001BM","holder":null,"holder_count":null}},{"type":"Feature","geometry":{"type":"Point","coordinates":[-6.029209,36.717237]},"properties":{"id":"VUT/CA/23993","type":"VUT","group":"Por habitaciones","address":"CALLE EL PINO Nº 3","postal_code":"11592","places":5,"units":1,"registered":"2025-04-04","catastro":"5478906QA6657H0001KA","holder":null,"holder_count":null}},{"type":"Feature","geometry":{"type":"Point","coordinates":[-6.098351,36.684497]},"properties":{"id":"VUT/CA/23999","type":"VUT","group":"Completa","address":"CALLE ESCRITORA FRASQUITA LARREA Nº 3","postal_code":"11406","places":6,"units":3,"registered":"2025-04-06","catastro":"9340701QA5694A0016UT","holder":null,"holder_count":null}},{"type":"Feature","geometry":{"type":"Point","coordinates":[-6.146071,36.683084]},"properties":{"id":"VUT/CA/24011","type":"VUT","group":"Completa","address":"CALLE SAN BLAS Nº 12","postal_code":"11403","places":4,"units":1,"registered":"2025-04-08","catastro":"5238006QA5653G0058GP","holder":"SHERRYFLAT SL","holder_count":4}},{"type":"Feature","geometry":{"type":"Point","coordinates":[-6.142874,36.685472]},"properties":{"id":"VUT/CA/24012","type":"VUT","group":"Completa","address":"CALLE LIEBRE Nº 1","postal_code":"11403","places":4,"units":2,"registered":"2025-04-08","catastro":"5440006QA5654A0110UO","holder":"SHERRYFLAT SL","holder_count":4}},{"type":"Feature","geometry":{"type":"Point","coordinates":[-6.11437,36.686893]},"properties":{"id":"VUT/CA/24078","type":"VUT","group":"Completa","address":"AVENIDA AVENIDA DE ARCOS DE LA FRONTERA Nº 16-18 Esc. 1 Pta/Letra IZDA, puerta IZDA","postal_code":"11406","places":5,"units":2,"registered":"2025-04-19","catastro":"8042017QA5684A0003GF","holder":null,"holder_count":null}},{"type":"Feature","geometry":{"type":"Point","coordinates":[-6.141446,36.678721]},"properties":{"id":"VUT/CA/24086","type":"VUT","group":"Completa","address":"CALLE QUINTOS Nº 19 Plta/Piso 2, piso 2","postal_code":"11401","places":7,"units":4,"registered":"2025-04-21","catastro":"5732812QA5653B0003PJ","holder":null,"holder_count":null}},{"type":"Feature","geometry":{"type":"Point","coordinates":[-6.120031,36.686943]},"properties":{"id":"VUT/CA/24092","type":"VUT","group":"Completa","address":"PLAZA KIYOSU Nº 2 Plta/Piso 3 Pta/Letra 3, piso 3, puerta 3","postal_code":"11405","places":6,"units":3,"registered":"2025-04-22","catastro":"7441502QA5674A0019TM","holder":null,"holder_count":null}},{"type":"Feature","geometry":{"type":"Point","coordinates":[-6.142725,36.682804]},"properties":{"id":"VUT/CA/24102","type":"VUT","group":"Completa","address":"CALLE ABADES Nº 12","postal_code":"11403","places":11,"units":5,"registered":"2025-04-22","catastro":"5537811QA5653E0001JL","holder":"OLE SOLUTIONS HOLIDAY RENTALS S.L.","holder_count":52}},{"type":"Feature","geometry":{"type":"Point","coordinates":[-6.131926,36.67932]},"properties":{"id":"VUT/CA/24103","type":"VUT","group":"Completa","address":"CALLE CAMPANA Nº 22 Plta/Piso BAJO Pta/Letra 2, piso BAJO, puerta 2","postal_code":"11401","places":5,"units":2,"registered":"2025-04-22","catastro":"6433006QA5663C0002GY","holder":"ALLO APARTMENTS HOLYDAYS S.L.","holder_count":9}},{"type":"Feature","geometry":{"type":"Point","coordinates":[-5.943461,36.608971]},"properties":{"id":"VUT/CA/24107","type":"VUT","group":"Por habitaciones","address":"CALLE TORILES Nº 43","postal_code":"11595","places":5,"units":3,"registered":"2025-04-23","catastro":"3560813QA7536B0001PI","holder":null,"holder_count":null}},{"type":"Feature","geometry":{"type":"Point","coordinates":[-6.132759,36.686347]},"properties":{"id":"VUT/CA/24125","type":"VUT","group":"Completa","address":"CALLE CLAVEL Nº 18 Plta/Piso 1 Pta/Letra 10, piso 1, puerta 10","postal_code":"11402","places":1,"units":1,"registered":"2025-04-26","catastro":"6340042QA5664A0031EW","holder":null,"holder_count":null}},{"type":"Feature","geometry":{"type":"Point","coordinates":[-6.134291,36.682767]},"properties":{"id":"VUT/CA/24177","type":"VUT","group":"Por habitaciones","address":"CALLE MEDINA Nº 17","postal_code":"11401","places":4,"units":4,"registered":"2025-05-05","catastro":"6237214QA5663E0001AM","holder":null,"holder_count":null}},{"type":"Feature","geometry":{"type":"Point","coordinates":[-6.132562,36.685713]},"properties":{"id":"VUT/CA/24201","type":"VUT","group":"Completa","address":"CALLE RUIZ LÓPEZ Nº 9 Plta/Piso BAJA Pta/Letra E, piso BAJA, puerta E","postal_code":"11402","places":2,"units":1,"registered":"2025-05-08","catastro":"6340008QA5664A0005KI","holder":null,"holder_count":null}},{"type":"Feature","geometry":{"type":"Point","coordinates":[-6.138919,36.683655]},"properties":{"id":"VUT/CA/24234","type":"VUT","group":"Por habitaciones","address":"CALLE Chapineria Nº 4","postal_code":"11403","places":6,"units":3,"registered":"2025-05-14","catastro":"5838109QA5653H0001WM","holder":null,"holder_count":null}},{"type":"Feature","geometry":{"type":"Point","coordinates":[-6.143444,36.68391]},"properties":{"id":"VUT/CA/24255","type":"VUT","group":"Completa","address":"PLAZA Basurto Nº 10 Esc. 1 Plta/Piso 00 Pta/Letra 01, piso 00, puerta 01","postal_code":"11403","places":2,"units":1,"registered":"2025-05-18","catastro":"5338007QA5653G0001BF","holder":null,"holder_count":null}},{"type":"Feature","geometry":{"type":"Point","coordinates":[-6.133992,36.680452]},"properties":{"id":"VUT/CA/24261","type":"VUT","group":"Completa","address":"CALLE MOLINEROS Nº 3 Plta/Piso BAJA Pta/Letra B, piso BAJA, puerta B","postal_code":"11402","places":7,"units":2,"registered":"2025-05-19","catastro":"6334111QA5663C0001ET","holder":null,"holder_count":null}},{"type":"Feature","geometry":{"type":"Point","coordinates":[-6.133992,36.680452]},"properties":{"id":"VUT/CA/24262","type":"VUT","group":"Completa","address":"CALLE Molineros Nº 3 Plta/Piso 1 Pta/Letra C, piso 1, puerta C","postal_code":"11402","places":4,"units":1,"registered":"2025-05-19","catastro":"6334111QA5663C0001ET","holder":null,"holder_count":null}},{"type":"Feature","geometry":{"type":"Point","coordinates":[-6.128551,36.679921]},"properties":{"id":"VUT/CA/24272","type":"VUT","group":"Completa","address":"CALLE DIEGO FERNANDEZ DE HERRERA Nº 13 Blq. 13 Plta/Piso 2 Pta/Letra D, piso 2, puerta D","postal_code":"11401","places":10,"units":4,"registered":"2025-05-20","catastro":"6734102QA5663D0043HZ","holder":null,"holder_count":null}},{"type":"Feature","geometry":{"type":"Point","coordinates":[-6.142952,36.686864]},"properties":{"id":"VUT/CA/24320","type":"VUT","group":"Completa","address":"CALLE JUSTICIA Nº 6 Plta/Piso 1 Pta/Letra D, piso 1, puerta D","postal_code":"11403","places":6,"units":2,"registered":"2025-05-24","catastro":"5442605QA5654A0003WW","holder":null,"holder_count":null}},{"type":"Feature","geometry":{"type":"Point","coordinates":[-6.14318,36.681823]},"properties":{"id":"VUT/CA/24355","type":"VUT","group":"Completa","address":"PLAZA Plaza del Arroyo Nº 26 Plta/Piso 1 Pta/Letra A, piso 1, puerta A","postal_code":"11403","places":3,"units":1,"registered":"2025-05-27","catastro":"5436005QA5653E0003OZ","holder":"THE FUSION BUILDING,SL","holder_count":2}},{"type":"Feature","geometry":{"type":"Point","coordinates":[-6.14318,36.681823]},"properties":{"id":"VUT/CA/24356","type":"VUT","group":"Completa","address":"PLAZA Plaza del Arroyo Nº 26 Plta/Piso 1 Pta/Letra B, piso 1, puerta B","postal_code":"11403","places":4,"units":1,"registered":"2025-05-27","catastro":"5436005QA5653E0004PX","holder":"THE FUSION BUILDING,SL","holder_count":2}},{"type":"Feature","geometry":{"type":"Point","coordinates":[-6.14318,36.681823]},"properties":{"id":"VUT/CA/24358","type":"VUT","group":"Completa","address":"PLAZA Plaza del Arroyo Nº 26 Plta/Piso Baja Pta/Letra A, piso Baja, puerta A","postal_code":"11403","places":3,"units":1,"registered":"2025-05-27","catastro":"5436005QA5653E1001TJ","holder":null,"holder_count":null}},{"type":"Feature","geometry":{"type":"Point","coordinates":[-6.14318,36.681823]},"properties":{"id":"VUT/CA/24359","type":"VUT","group":"Completa","address":"PLAZA Plaza del Arroyo Nº 26 Plta/Piso Baja Pta/Letra B, piso Baja, puerta B","postal_code":"11403","places":2,"units":1,"registered":"2025-05-27","catastro":"5436005QA5653E0001UL","holder":null,"holder_count":null}},{"type":"Feature","geometry":{"type":"Point","coordinates":[-6.14318,36.681823]},"properties":{"id":"VUT/CA/24369","type":"VUT","group":"Completa","address":"PLAZA PLAZA DEL ARROYO Nº 26 Plta/Piso BAJO Pta/Letra B, piso BAJO, puerta B","postal_code":"11403","places":3,"units":1,"registered":"2025-05-28","catastro":"5436005QA5653E0002IB","holder":"TANGUITOTRAS FLAMENCO S.L","holder_count":1}},{"type":"Feature","geometry":{"type":"Point","coordinates":[-6.141191,36.685079]},"properties":{"id":"VUT/CA/24374","type":"VUT","group":"Completa","address":"CALLE Juana de Dios Lacoste Nº 19","postal_code":"11403","places":10,"units":4,"registered":"2025-05-28","catastro":"5639803QA5653H0001BM","holder":"Benbo Adminnistración y Servicios SL","holder_count":7}},{"type":"Feature","geometry":{"type":"Point","coordinates":[-6.132642,36.684175]},"properties":{"id":"VUT/CA/24407","type":"VUT","group":"Completa","address":"CALLE HONSARIO Nº 5 Esc. 1 Plta/Piso 00 Pta/Letra 03, piso 00, puerta 03","postal_code":"11402","places":3,"units":2,"registered":"2025-06-02","catastro":"6339010QA5663G0003JB","holder":null,"holder_count":null}},{"type":"Feature","geometry":{"type":"Point","coordinates":[-6.13347,36.67803]},"properties":{"id":"VUT/CA/24440","type":"VUT","group":"Completa","address":"CALLE BARO Nº 3","postal_code":"11401","places":4,"units":1,"registered":"2025-06-04","catastro":"6332106QA5663A0002XA","holder":null,"holder_count":null}},{"type":"Feature","geometry":{"type":"Point","coordinates":[-6.136282,36.687063]},"properties":{"id":"VUT/CA/24449","type":"VUT","group":"Completa","address":"PLAZA ALADRO Nº 11","postal_code":"11402","places":15,"units":15,"registered":"2025-06-04","catastro":"6042314QA5664A0001KR","holder":"EDIFICIO MARAVILLAS JEREZ, S.L.","holder_count":1}},{"type":"Feature","geometry":{"type":"Point","coordinates":[-6.143795,36.684935]},"properties":{"id":"VUT/CA/24489","type":"VUT","group":"Completa","address":"CALLE MORAL Nº 5 Plta/Piso 1 Pta/Letra 9, piso 1, puerta 9","postal_code":"11403","places":2,"units":1,"registered":"2025-06-08","catastro":"5339003QA5653G0001SF","holder":null,"holder_count":null}},{"type":"Feature","geometry":{"type":"Point","coordinates":[-6.141778,36.684025]},"properties":{"id":"VUT/CA/24509","type":"VUT","group":"Completa","address":"CALLE Doctor Lillo, 3, escalera 1, planta 00, puerta 2. Nº 3","postal_code":"11403","places":2,"units":1,"registered":"2025-06-10","catastro":"5538105QA5653H0002FQ","holder":null,"holder_count":null}},{"type":"Feature","geometry":{"type":"Point","coordinates":[-6.134532,36.68274]},"properties":{"id":"VUT/CA/24515","type":"VUT","group":"Completa","address":"CALLE MEDINA Nº 6 Plta/Piso 1 Pta/Letra C, piso 1, puerta C","postal_code":"11402","places":4,"units":1,"registered":"2025-06-10","catastro":"6237004QA5663E0001OM","holder":"ALLO APARTMENTS HOLYDAYS S.L.U.","holder_count":4}},{"type":"Feature","geometry":{"type":"Point","coordinates":[-6.128974,36.688917]},"properties":{"id":"VUT/CA/24528","type":"VUT","group":"Completa","address":"CALLE Antonio Mejias Bienvenida Nº 9 Plta/Piso 2 Pta/Letra Izq, piso 2, puerta Izq","postal_code":"11406","places":6,"units":4,"registered":"2025-06-11","catastro":"6644005QA5664D0006AD","holder":null,"holder_count":null}},{"type":"Feature","geometry":{"type":"Point","coordinates":[-6.140218,36.684528]},"properties":{"id":"VUT/CA/24540","type":"VUT","group":"Completa","address":"CALLE CARPINTERIA BAJA Nº 9 Portal B Pta/Letra A Compl.Dom. CALLE CARPINTERIA BAJA NUMERO 9 BAJO A, puerta A","postal_code":"11406","places":8,"units":2,"registered":"2025-06-11","catastro":"5739703QA5653H0026RL","holder":null,"holder_count":null}},{"type":"Feature","geometry":{"type":"Point","coordinates":[-6.138942,36.679013]},"properties":{"id":"VUT/CA/24544","type":"VUT","group":"Por habitaciones","address":"CALLE RODRIGO LEON Nº 3","postal_code":"11403","places":6,"units":2,"registered":"2025-06-12","catastro":"5833605QA5653D0001UP","holder":null,"holder_count":null}},{"type":"Feature","geometry":{"type":"Point","coordinates":[-6.141847,36.683947]},"properties":{"id":"VUT/CA/24547","type":"VUT","group":"Completa","address":"PLAZA BELEN Nº 12 Plta/Piso BAJO Pta/Letra IZQUIERDA, piso BAJO, puerta IZQUIERDA","postal_code":"11403","places":3,"units":1,"registered":"2025-06-26","catastro":"5538102QA5653H0001OM","holder":null,"holder_count":null}},{"type":"Feature","geometry":{"type":"Point","coordinates":[-6.110706,36.686978]},"properties":{"id":"VUT/CA/24556","type":"VUT","group":"Completa","address":"CALLE VELETA Nº 5","postal_code":"11405","places":6,"units":3,"registered":"2025-06-13","catastro":"8343517QA5684C0001FU","holder":null,"holder_count":null}},{"type":"Feature","geometry":{"type":"Point","coordinates":[-6.140217,36.682277]},"properties":{"id":"VUT/CA/24591","type":"VUT","group":"Completa","address":"CALLE VISITACION Nº 7 Pta/Letra 9, puerta 9","postal_code":"11402","places":3,"units":2,"registered":"2025-06-16","catastro":"5736017QA5653F0009ED","holder":null,"holder_count":null}},{"type":"Feature","geometry":{"type":"Point","coordinates":[-6.131941,36.685789]},"properties":{"id":"VUT/CA/24626","type":"VUT","group":"Completa","address":"CALLE GÓMEZ CARRILLO Nº 9 Pta/Letra 6, puerta 6","postal_code":"11402","places":4,"units":2,"registered":"2025-06-17","catastro":"6460803QA5666A0006XB","holder":null,"holder_count":null}},{"type":"Feature","geometry":{"type":"Point","coordinates":[-6.137226,36.681027]},"properties":{"id":"VUT/CA/24632","type":"VUT","group":"Por habitaciones","address":"CALLE CABALLEROS Nº 8 Plta/Piso 1 Pta/Letra DERECHA, piso 1, puerta DERECHA","postal_code":"11402","places":2,"units":1,"registered":"2025-06-18","catastro":"5935205QA5653F0005BO","holder":null,"holder_count":null}},{"type":"Feature","geometry":{"type":"Point","coordinates":[-6.144641,36.685335]},"properties":{"id":"VUT/CA/24637","type":"VUT","group":"Por habitaciones","address":"CALLE JUSTICIA Nº 36","postal_code":"11408","places":4,"units":1,"registered":"2025-06-18","catastro":"5240012QA5654A0001KM","holder":null,"holder_count":null}},{"type":"Feature","geometry":{"type":"Point","coordinates":[-6.13681,36.681524]},"properties":{"id":"VUT/CA/24655","type":"VUT","group":"Completa","address":"CALLE CORREDERA Nº 13 Esc. 1 Plta/Piso 0 Pta/Letra 1, piso 0, puerta 1","postal_code":"11402","places":4,"units":2,"registered":"2025-06-19","catastro":"6036703QA5663e0001HM","holder":null,"holder_count":null}},{"type":"Feature","geometry":{"type":"Point","coordinates":[-6.146071,36.683084]},"properties":{"id":"VUT/CA/24715","type":"VUT","group":"Completa","address":"CALLE BALDERRAMAS Nº 7 Esc. 1 Pta/Letra 2, puerta 2","postal_code":"11403","places":4,"units":1,"registered":"2025-06-24","catastro":"5238006QA5653G0040MK","holder":null,"holder_count":null}},{"type":"Feature","geometry":{"type":"Point","coordinates":[-6.139261,36.682721]},"properties":{"id":"VUT/CA/24716","type":"VUT","group":"Completa","address":"CALLE SAN BLAS Nº 12 Compl.Dom. LOFT 1","postal_code":"11403","places":2,"units":1,"registered":"2025-06-24","catastro":"5238006QA5653G0005MK","holder":null,"holder_count":null}},{"type":"Feature","geometry":{"type":"Point","coordinates":[-6.139261,36.682721]},"properties":{"id":"VUT/CA/24718","type":"VUT","group":"Completa","address":"CALLE AMARGURA Nº 11 Pta/Letra 4, puerta 4","postal_code":"11403","places":2,"units":1,"registered":"2025-06-24","catastro":"5837710QA5653F0005UO","holder":null,"holder_count":null}},{"type":"Feature","geometry":{"type":"Point","coordinates":[-6.133253,36.678515]},"properties":{"id":"VUT/CA/24722","type":"VUT","group":"Completa","address":"CALLE EMPEDRADA Nº 9 Plta/Piso 1 Pta/Letra B, piso 1, puerta B","postal_code":"11401","places":3,"units":1,"registered":"2025-06-24","catastro":"6433629QA5663C0001UT","holder":null,"holder_count":null}},{"type":"Feature","geometry":{"type":"Point","coordinates":[-6.141778,36.684025]},"properties":{"id":"VUT/CA/24754","type":"VUT","group":"Completa","address":"CALLE ROMPECHAPINES Nº 1 Calif.Nº D Esc. 1 Plta/Piso 0 Pta/Letra 1, piso 0, puerta 1","postal_code":"11403","places":2,"units":1,"registered":"2025-06-26","catastro":"5538105QA5653H0001DM","holder":null,"holder_count":null}},{"type":"Feature","geometry":{"type":"Point","coordinates":[-6.14186,36.682807]},"properties":{"id":"VUT/CA/24755","type":"VUT","group":"Completa","address":"PLAZA DEL ARROYO Nº 40 Plta/Piso 1 Pta/Letra C, piso 1, puerta C","postal_code":"11403","places":6,"units":2,"registered":"2025-06-26","catastro":"5537309QA5653F0006AP","holder":null,"holder_count":null}},{"type":"Feature","geometry":{"type":"Point","coordinates":[-6.132473,36.685841]},"properties":{"id":"VUT/CA/24768","type":"VUT","group":"Completa","address":"CALLE RUI-LOPEZ Nº 13 Plta/Piso BAJA Pta/Letra B, piso BAJA, puerta B","postal_code":"11402","places":2,"units":1,"registered":"2025-06-26","catastro":"6340006QA5664A0001LR","holder":null,"holder_count":null}},{"type":"Feature","geometry":{"type":"Point","coordinates":[-6.138202,36.683767]},"properties":{"id":"VUT/CA/24769","type":"VUT","group":"Completa","address":"PLAZA PLATEROS Nº 15 Plta/Piso 1 Pta/Letra B, piso 1, puerta B","postal_code":"11403","places":6,"units":3,"registered":"2025-06-26","catastro":"5838205QA5653H0009QI","holder":null,"holder_count":null}},{"type":"Feature","geometry":{"type":"Point","coordinates":[-6.132473,36.685841]},"properties":{"id":"VUT/CA/24770","type":"VUT","group":"Completa","address":"CALLE RUI-LOPEZ Nº 13 Calif.Nº C Plta/Piso PLANTA Pta/Letra 3, piso PLANTA, puerta 3","postal_code":"11402","places":2,"units":1,"registered":"2025-06-26","catastro":"6340006QA5664A0001LR","holder":null,"holder_count":null}},{"type":"Feature","geometry":{"type":"Point","coordinates":[-6.131941,36.678207]},"properties":{"id":"VUT/CA/24778","type":"VUT","group":"Completa","address":"CALLE EMPEDRADA Nº 29 Plta/Piso BJ Pta/Letra A, piso BJ, puerta A","postal_code":"11401","places":6,"units":2,"registered":"2025-06-27","catastro":"6433619QA5663C0001DT","holder":null,"holder_count":null}},{"type":"Feature","geometry":{"type":"Point","coordinates":[-6.132473,36.685841]},"properties":{"id":"VUT/CA/24779","type":"VUT","group":"Completa","address":"CALLE RUI LOPEZ Nº 13","postal_code":"11402","places":4,"units":2,"registered":"2025-06-27","catastro":"6340006QA5664A0001LR","holder":null,"holder_count":null}},{"type":"Feature","geometry":{"type":"Point","coordinates":[-6.134915,36.687524]},"properties":{"id":"VUT/CA/24789","type":"VUT","group":"Completa","address":"CALLE Cruz Nº 9-10 Esc. 1º Pta/Letra F, puerta F","postal_code":"11402","places":5,"units":2,"registered":"2025-06-27","catastro":"6042110QA5664C0013YI","holder":null,"holder_count":null}},{"type":"Feature","geometry":{"type":"Point","coordinates":[-6.148895,36.693653]},"properties":{"id":"VUT/CA/24802","type":"VUT","group":"Completa","address":"AVENIDA Del Mosto Nº 8 Plta/Piso 3 Pta/Letra 4, piso 3, puerta 4","postal_code":"11404","places":8,"units":2,"registered":"2025-06-29","catastro":"4849007QA5644H0016LW","holder":null,"holder_count":null}},{"type":"Feature","geometry":{"type":"Point","coordinates":[-6.120481,36.682104]},"properties":{"id":"VUT/CA/24830","type":"VUT","group":"Completa","address":"CALLE Ronda de los Viñedos Nº 1 Pta/Letra IZQ, puerta IZQ","postal_code":"11406","places":14,"units":9,"registered":"2025-06-30","catastro":"7337019QA5673E0005AI","holder":null,"holder_count":null}},{"type":"Feature","geometry":{"type":"Point","coordinates":[-6.143954,36.689039]},"properties":{"id":"VUT/CA/24842","type":"VUT","group":"Completa","address":"CALLE MORAITO CHICO Nº 14 Esc. 1 Plta/Piso BAJO Pta/Letra IZQ, piso BAJO, puerta IZQ","postal_code":"11404","places":4,"units":1,"registered":"2025-07-01","catastro":"5344307QA5654C0002WL","holder":null,"holder_count":null}},{"type":"Feature","geometry":{"type":"Point","coordinates":[-6.127983,36.690407]},"properties":{"id":"VUT/CA/24854","type":"VUT","group":"Completa","address":"CALLE MANUEL RODRIGUEZ MANOLETE Nº 17 Plta/Piso 2 Pta/Letra A, piso 2, puerta A","postal_code":"11405","places":4,"units":2,"registered":"2025-07-01","catastro":"6746306QA5664F0005PU","holder":null,"holder_count":null}},{"type":"Feature","geometry":{"type":"Point","coordinates":[-6.127983,36.690407]},"properties":{"id":"VUT/CA/24857","type":"VUT","group":"Completa","address":"CALLE MANUEL RODRIGUEZ MANOLETE Nº 17 Plta/Piso 2 Pta/Letra A, piso 2, puerta A","postal_code":"11405","places":4,"units":2,"registered":"2025-07-01","catastro":"6746306QA5664F0005PU","holder":null,"holder_count":null}},{"type":"Feature","geometry":{"type":"Point","coordinates":[-6.145082,36.705024]},"properties":{"id":"VUT/CA/24878","type":"VUT","group":"Completa","address":"CALLE MAR ADRIATICO Nº 3","postal_code":"11408","places":6,"units":3,"registered":"2025-07-03","catastro":"5161823QA5656A0001ZA","holder":null,"holder_count":null}},{"type":"Feature","geometry":{"type":"Point","coordinates":[-6.109608,36.69562]},"properties":{"id":"VUT/CA/24882","type":"VUT","group":"Completa","address":"CALLE JOSE IGNACIO PINEDA Nº 11 Portal 1 Plta/Piso 3 Pta/Letra F Compl.Dom. EDF. TERRAZAS NORTE, piso 3, puerta F","postal_code":"11405","places":6,"units":3,"registered":"2025-07-04","catastro":"8352801QA5685A0001IY","holder":"NUEVA GREDERA, SL","holder_count":1}},{"type":"Feature","geometry":{"type":"Point","coordinates":[-6.136374,36.696456]},"properties":{"id":"VUT/CA/24892","type":"VUT","group":"Completa","address":"CALLE CARIBE EDIFICIO CORREGIDOR Nº 4-3 Portal 10 Plta/Piso BAJA Pta/Letra C, piso BAJA, puerta C","postal_code":"11407","places":5,"units":1,"registered":"2025-07-04","catastro":"6052001QA5665A0074ER","holder":null,"holder_count":null}},{"type":"Feature","geometry":{"type":"Point","coordinates":[-6.136374,36.696456]},"properties":{"id":"VUT/CA/24893","type":"VUT","group":"Completa","address":"CALLE CARIBE EDIFICIO CORREGIDOR Nº 4-3 Portal 10 Plta/Piso BAJA Pta/Letra C, piso BAJA, puerta C","postal_code":"11407","places":5,"units":1,"registered":"2025-07-04","catastro":"6052001QA5665A0074ER","holder":null,"holder_count":null}},{"type":"Feature","geometry":{"type":"Point","coordinates":[-6.136374,36.696456]},"properties":{"id":"VUT/CA/24894","type":"VUT","group":"Completa","address":"CALLE CARIBE EDIFICIO CORREGIDOR Nº 4-3 Portal 10 Plta/Piso BAJA Pta/Letra C, piso BAJA, puerta C","postal_code":"11407","places":5,"units":1,"registered":"2025-07-04","catastro":"6052001QA5665A0074ER","holder":null,"holder_count":null}},{"type":"Feature","geometry":{"type":"Point","coordinates":[-6.14186,36.682807]},"properties":{"id":"VUT/CA/24922","type":"VUT","group":"Completa","address":"PLAZA DEL ARROYO Nº 40 Plta/Piso 0 Pta/Letra 1, piso 0, puerta 1","postal_code":"11403","places":4,"units":1,"registered":"2025-07-10","catastro":"5537309QA5653F1001RE","holder":null,"holder_count":null}},{"type":"Feature","geometry":{"type":"Point","coordinates":[-6.144624,36.704341]},"properties":{"id":"VUT/CA/24928","type":"VUT","group":"Completa","address":"CALLE MAR DE MÁRMARA Nº 16","postal_code":"11407","places":5,"units":3,"registered":"2025-07-11","catastro":"5161708QA5656A0001TA","holder":null,"holder_count":null}},{"type":"Feature","geometry":{"type":"Point","coordinates":[-6.130834,36.678583]},"properties":{"id":"VUT/CA/24953","type":"VUT","group":"Completa","address":"CALLE Campana Nº 44","postal_code":"11401","places":9,"units":4,"registered":"2025-07-16","catastro":"6532121QA5663C0001JT","holder":null,"holder_count":null}},{"type":"Feature","geometry":{"type":"Point","coordinates":[-6.096912,36.693638]},"properties":{"id":"VUT/CA/25010","type":"VUT","group":"Por habitaciones","address":"CALLE CASTILLO DE GIGONZA Nº 75","postal_code":"11405","places":2,"units":3,"registered":"2025-07-25","catastro":"9449105QA5694G0001ZQ","holder":null,"holder_count":null}},{"type":"Feature","geometry":{"type":"Point","coordinates":[-6.131046,36.678101]},"properties":{"id":"VUT/CA/25029","type":"VUT","group":"Completa","address":"CALLE Sol Nº 65 Pta/Letra 1, puerta 1","postal_code":"11401","places":3,"units":1,"registered":"2025-07-28","catastro":"6532104QA5663C0003SU","holder":null,"holder_count":null}},{"type":"Feature","geometry":{"type":"Point","coordinates":[-6.139632,36.684773]},"properties":{"id":"VUT/CA/25039","type":"VUT","group":"Completa","address":"CALLE Francos Nº 27 Esc. 1 Pta/Letra 1, puerta 1","postal_code":"11401","places":8,"units":4,"registered":"2025-07-30","catastro":"5739807QA5653H0001WM","holder":null,"holder_count":null}},{"type":"Feature","geometry":{"type":"Point","coordinates":[-6.131046,36.678101]},"properties":{"id":"VUT/CA/25097","type":"VUT","group":"Completa","address":"CALLE SOL Nº 65 Plta/Piso 0 Compl.Dom. VIVENDA 5, piso 0","postal_code":"11401","places":2,"units":1,"registered":"2025-08-08","catastro":"6532104QA5663C0005FO","holder":null,"holder_count":null}},{"type":"Feature","geometry":{"type":"Point","coordinates":[-6.142198,36.676725]},"properties":{"id":"VUT/CA/25100","type":"VUT","group":"Completa","address":"CALLE ALVAR FAÑEZ Nº 21 Compl.Dom. BARRIADA TORRESOTO","postal_code":"11402","places":4,"units":2,"registered":"2025-08-10","catastro":"5530019QA5653B0001XG","holder":null,"holder_count":null}},{"type":"Feature","geometry":{"type":"Point","coordinates":[-6.106789,36.715215]},"properties":{"id":"VUT/CA/25105","type":"VUT","group":"Por habitaciones","address":"AVENIDA TIO PEPE Nº 50","postal_code":"11407","places":4,"units":2,"registered":"2025-08-12","catastro":"8472837QA5687A0001FJ","holder":null,"holder_count":null}},{"type":"Feature","geometry":{"type":"Point","coordinates":[-6.106789,36.715215]},"properties":{"id":"VUT/CA/25106","type":"VUT","group":"Completa","address":"AVENIDA TIO PEPE Nº 50","postal_code":"11407","places":5,"units":3,"registered":"2025-08-12","catastro":"8472837QA5687A0001FJ","holder":null,"holder_count":null}},{"type":"Feature","geometry":{"type":"Point","coordinates":[-6.139869,36.687052]},"properties":{"id":"VUT/CA/25122","type":"VUT","group":"Por habitaciones","address":"CALLE DOCTOR MERCADO Nº 5","postal_code":"11403","places":3,"units":1,"registered":"2025-08-15","catastro":"5741809QA5654B0001GO","holder":null,"holder_count":null}},{"type":"Feature","geometry":{"type":"Point","coordinates":[-6.133052,36.677863]},"properties":{"id":"VUT/CA/25142","type":"VUT","group":"Completa","address":"CALLE SAN JUSTO Nº 3","postal_code":"11401","places":15,"units":7,"registered":"2025-08-20","catastro":"6332314QA5663A0001TP","holder":"OLE SOLUTIONS HOLIDAY RENTALS S.L.","holder_count":52}},{"type":"Feature","geometry":{"type":"Point","coordinates":[-6.137671,36.682597]},"properties":{"id":"VUT/CA/25220","type":"VUT","group":"Completa","address":"CALLE REMEDIOS Nº 5 Plta/Piso 1 Pta/Letra 2, piso 1, puerta 2","postal_code":"11401","places":4,"units":2,"registered":"2025-09-09","catastro":"5937011QA5653F0003QU","holder":null,"holder_count":null}},{"type":"Feature","geometry":{"type":"Point","coordinates":[-6.14186,36.682807]},"properties":{"id":"VUT/CA/25222","type":"VUT","group":"Completa","address":"PLAZA DEL ARROYO Nº 40 Plta/Piso 0 Pta/Letra 1, piso 0, puerta 1","postal_code":"11403","places":4,"units":1,"registered":"2025-09-09","catastro":"5537309QA5653F1001RE","holder":null,"holder_count":null}},{"type":"Feature","geometry":{"type":"Point","coordinates":[-6.131046,36.678101]},"properties":{"id":"VUT/CA/25262","type":"VUT","group":"Completa","address":"CALLE SOL Nº 65 Pta/Letra 3, puerta 3","postal_code":"11401","places":3,"units":1,"registered":"2025-09-23","catastro":"6532104QA5663C0004DI","holder":null,"holder_count":null}},{"type":"Feature","geometry":{"type":"Point","coordinates":[-6.140097,36.684082]},"properties":{"id":"VUT/CA/25264","type":"VUT","group":"Completa","address":"CALLE CASTELLANOS Nº 3 Pta/Letra 6, puerta 6","postal_code":"11403","places":6,"units":2,"registered":"2025-09-23","catastro":"5638203QA5653H0022YG","holder":"OLE SOLUTIONS HOLIDAY RENTALS S.L.","holder_count":52}},{"type":"Feature","geometry":{"type":"Point","coordinates":[-6.131941,36.685789]},"properties":{"id":"VUT/CA/25270","type":"VUT","group":"Completa","address":"CALLE GOMEZ CARRILLO Nº 9 Plta/Piso BAJO Pta/Letra 8, piso BAJO, puerta 8","postal_code":"11402","places":6,"units":2,"registered":"2025-09-24","catastro":"6460803QA5666A0008QX","holder":null,"holder_count":null}},{"type":"Feature","geometry":{"type":"Point","coordinates":[-6.140786,36.689271]},"properties":{"id":"VUT/CA/25281","type":"VUT","group":"Completa","address":"CALLE RENDONA Nº 16 Pta/Letra 3, puerta 3","postal_code":"11503","places":6,"units":2,"registered":"2025-09-26","catastro":"5644025QA5654D0003YY","holder":"OLE SOLUTIONS HOLIDAY RENTALS S.L.","holder_count":52}},{"type":"Feature","geometry":{"type":"Point","coordinates":[-6.145976,36.695693]},"properties":{"id":"VUT/CA/25301","type":"VUT","group":"Completa","address":"CALLE Campanilleros Portal 8 Plta/Piso Bajo Pta/Letra Izquierda, piso Bajo, puerta Izquierda","postal_code":"11404","places":4,"units":2,"registered":"2025-10-04","catastro":"5152406QA5655A0002GK","holder":null,"holder_count":null}},{"type":"Feature","geometry":{"type":"Point","coordinates":[-6.142584,36.688567]},"properties":{"id":"VUT/CA/25322","type":"VUT","group":"Por habitaciones","address":"CALLE Juan de Torres Nº 14 Compl.Dom. Calle Juan de Torres 14","postal_code":"11404","places":6,"units":3,"registered":"2025-10-08","catastro":"5444007QA5654C0001RK","holder":null,"holder_count":null}},{"type":"Feature","geometry":{"type":"Point","coordinates":[-6.141058,36.67901]},"properties":{"id":"VUT/CA/25363","type":"VUT","group":"Completa","address":"CALLE Juan Sanchez Nº 15","postal_code":"11401","places":4,"units":1,"registered":"2025-10-19","catastro":"5732824QA5653B0001BG","holder":null,"holder_count":null}},{"type":"Feature","geometry":{"type":"Point","coordinates":[-6.131046,36.678101]},"properties":{"id":"VUT/CA/25371","type":"VUT","group":"Completa","address":"CALLE Sol Nº 65 Plta/Piso 1 Pta/Letra F, piso 1, puerta F","postal_code":"11401","places":4,"units":2,"registered":"2025-10-21","catastro":"6532104QA5663C0006GP","holder":null,"holder_count":null}},{"type":"Feature","geometry":{"type":"Point","coordinates":[-6.134684,36.68642]},"properties":{"id":"VUT/CA/25445","type":"VUT","group":"Completa","address":"CALLE ANTONA DE DIOS Nº 23 Calif.Nº BI Compl.Dom. BAJO IZQUIERDA","postal_code":"11402","places":2,"units":1,"registered":"2025-11-09","catastro":"6140007QA5664A0001ZR","holder":"OLE SOLUTIONS HOLIDAY RENTALS S.L.","holder_count":52}},{"type":"Feature","geometry":{"type":"Point","coordinates":[-6.134684,36.68642]},"properties":{"id":"VUT/CA/25446","type":"VUT","group":"Completa","address":"CALLE ANTONA DE DIOS Nº 23 Calif.Nº BD Compl.Dom. BAJO DERECHA","postal_code":"11402","places":2,"units":1,"registered":"2025-11-09","catastro":"6140007QA5664A0001ZR","holder":"OLE SOLUTIONS HOLIDAY RENTALS S.L.","holder_count":52}},{"type":"Feature","geometry":{"type":"Point","coordinates":[-6.136771,36.703924]},"properties":{"id":"VUT/CA/25453","type":"VUT","group":"Completa","address":"AVENIDA LOS LIMONAR Nº 3","postal_code":"11407","places":15,"units":8,"registered":"2025-11-10","catastro":"5861407QA5656B0001BB","holder":null,"holder_count":null}},{"type":"Feature","geometry":{"type":"Point","coordinates":[-6.140217,36.682277]},"properties":{"id":"VUT/CA/25457","type":"VUT","group":"Completa","address":"CALLE Visitación Portal 7 Pta/Letra 2, puerta 2","postal_code":"11402","places":2,"units":1,"registered":"2025-11-11","catastro":"5736017QA5653F0002LY","holder":null,"holder_count":null}},{"type":"Feature","geometry":{"type":"Point","coordinates":[-6.140508,36.687429]},"properties":{"id":"VUT/CA/25479","type":"VUT","group":"Completa","address":"CALLE CHANCILLERIA Nº 4 Plta/Piso 1 Pta/Letra E, piso 1, puerta E","postal_code":"11403","places":4,"units":1,"registered":"2025-11-17","catastro":"5642810QA5654B0005FD","holder":null,"holder_count":null}},{"type":"Feature","geometry":{"type":"Point","coordinates":[-6.132564,36.680179]},"properties":{"id":"VUT/CA/25483","type":"VUT","group":"Completa","address":"CALLE porvernir Nº 10 Plta/Piso bajo Pta/Letra c, piso bajo, puerta c","postal_code":"11401","places":4,"units":2,"registered":"2025-11-17","catastro":"6434806QA5663C0003UU","holder":null,"holder_count":null}},{"type":"Feature","geometry":{"type":"Point","coordinates":[-6.141539,36.683649]},"properties":{"id":"VUT/CA/25486","type":"VUT","group":"Completa","address":"CALLE BARRANCO Nº 10 Pta/Letra D, puerta D","postal_code":"11403","places":2,"units":3,"registered":"2025-11-18","catastro":"5638822QA5653H0001JM","holder":null,"holder_count":null}},{"type":"Feature","geometry":{"type":"Point","coordinates":[-6.142749,36.683232]},"properties":{"id":"VUT/CA/25487","type":"VUT","group":"Completa","address":"CALLE BENAVENTEBAJO Nº 14","postal_code":"11403","places":2,"units":4,"registered":"2025-11-18","catastro":"5438407QA5653G0001TF","holder":null,"holder_count":null}},{"type":"Feature","geometry":{"type":"Point","coordinates":[-6.141847,36.683947]},"properties":{"id":"VUT/CA/25497","type":"VUT","group":"Completa","address":"PLAZA BELEN Nº 12 Plta/Piso BAJO Pta/Letra B, piso BAJO, puerta B","postal_code":"11403","places":2,"units":1,"registered":"2025-11-21","catastro":"5538102QA5653H0002PQ","holder":null,"holder_count":null}},{"type":"Feature","geometry":{"type":"Point","coordinates":[-6.12205,36.687147]},"properties":{"id":"VUT/CA/25584","type":"VUT","group":"Completa","address":"AVENIDA ALCALDE JESUS MANTARAS Nº 2 Plta/Piso BAJO Pta/Letra D, piso BAJO, puerta D","postal_code":"11405","places":3,"units":1,"registered":"2025-12-16","catastro":"7240308QA5674A0004RA","holder":"2017 Año de Emociones S.L.","holder_count":1}},{"type":"Feature","geometry":{"type":"Point","coordinates":[-6.134803,36.680604]},"properties":{"id":"VUT/CA/25625","type":"VUT","group":"Completa","address":"CALLE PEDRO ALONSO Nº 4 Pta/Letra 0, puerta 0","postal_code":"11402","places":3,"units":1,"registered":"2025-12-30","catastro":"6235706QA5663E0001XM","holder":null,"holder_count":null}},{"type":"Feature","geometry":{"type":"Point","coordinates":[-6.142198,36.676725]},"properties":{"id":"VUT/CA/25634","type":"VUT","group":"Completa","address":"CALLE ALVAR FAÑEZ Nº 21 Compl.Dom. BARRIADA TORRESOTO","postal_code":"11402","places":4,"units":2,"registered":"2026-01-04","catastro":"5530019QA5653B0001XG","holder":null,"holder_count":null}},{"type":"Feature","geometry":{"type":"Point","coordinates":[-6.14206,36.683187]},"properties":{"id":"VUT/CA/25667","type":"VUT","group":"Por habitaciones","address":"CALLE SALVADOR Nº 11","postal_code":"11403","places":6,"units":6,"registered":"2026-01-15","catastro":"5537301QA5653F0001ET","holder":"PATIO SUR STAY SLU","holder_count":1}},{"type":"Feature","geometry":{"type":"Point","coordinates":[-6.131584,36.678416]},"properties":{"id":"VUT/CA/25703","type":"VUT","group":"Completa","address":"CALLE SOL Nº 55 Plta/Piso 0 Compl.Dom. VIVIENDA 1, piso 0","postal_code":"11401","places":2,"units":1,"registered":"2026-01-21","catastro":"6532109QA5663C0001OT","holder":null,"holder_count":null}},{"type":"Feature","geometry":{"type":"Point","coordinates":[-6.134638,36.681604]},"properties":{"id":"VUT/CA/25756","type":"VUT","group":"Completa","address":"CALLE doña blanca Nº 22 Plta/Piso 1 Pta/Letra izq, piso 1, puerta izq","postal_code":"11402","places":2,"units":2,"registered":"2026-01-30","catastro":"6136009QA5663E0001AM","holder":null,"holder_count":null}},{"type":"Feature","geometry":{"type":"Point","coordinates":[-6.134674,36.694186]},"properties":{"id":"VUT/CA/25831","type":"VUT","group":"Completa","address":"CALLE ESTRIBO Nº 15","postal_code":"11407","places":6,"units":3,"registered":"2026-02-11","catastro":"6149301QA5664G0018GE","holder":"INTERSER MALAGA SL","holder_count":1}},{"type":"Feature","geometry":{"type":"Point","coordinates":[-6.13028,36.677618]},"properties":{"id":"VUT/CA/25941","type":"VUT","group":"Completa","address":"CALLE Puerta del Sol Nº 11 Plta/Piso Bajo Pta/Letra B, piso Bajo, puerta B","postal_code":"11401","places":2,"units":1,"registered":"2026-03-05","catastro":"6632512QA5663B0001JL","holder":null,"holder_count":null}}]}