{"type":"FeatureCollection","municipio":{"slug":"rota","name":"Rota","total":1135,"places":6217,"source_updated_at":"2026-10-05"},"features":[{"type":"Feature","geometry":{"type":"Point","coordinates":[-6.35956,36.617152]},"properties":{"id":"VUT/CA/00017","type":"VUT","group":"Completa","address":"CALLE CARACOL Nº 7 Plta/Piso 2 Pta/Letra E, piso 2, puerta E","postal_code":"11520","places":4,"units":2,"registered":"2016-05-11","catastro":"6457701QA3565E0012ED","holder":null,"holder_count":null}},{"type":"Feature","geometry":{"type":"Point","coordinates":[-6.35956,36.617152]},"properties":{"id":"VUT/CA/00018","type":"VUT","group":"Completa","address":"CALLE CARACOL Nº 7 Plta/Piso 2 Pta/Letra D, piso 2, puerta D","postal_code":"11520","places":6,"units":3,"registered":"2016-05-11","catastro":"6457701QA3565E0011WS","holder":null,"holder_count":null}},{"type":"Feature","geometry":{"type":"Point","coordinates":[-6.413671,36.691392]},"properties":{"id":"VUT/CA/00074","type":"VUT","group":"Completa","address":"AVENIDA JUAN CARLOS I Nº 10 Blq. 7 Pta/Letra 17, puerta 17","postal_code":"11520","places":6,"units":3,"registered":"2016-05-17","catastro":"1045104QA3614S0260DJ","holder":null,"holder_count":null}},{"type":"Feature","geometry":{"type":"Point","coordinates":[-6.40463,36.680111]},"properties":{"id":"VUT/CA/00102","type":"VUT","group":"Completa","address":"AVENIDA Reina Sofia Nº 21 Portal 7 Plta/Piso 2 Pta/Letra C, piso 2, puerta C","postal_code":"11520","places":6,"units":3,"registered":"2016-05-18","catastro":"1931103QA3612N0364XT","holder":null,"holder_count":null}},{"type":"Feature","geometry":{"type":"Point","coordinates":[-6.41309,36.688417]},"properties":{"id":"VUT/CA/00106","type":"VUT","group":"Completa","address":"AVENIDA REINA SOFIA Nº 6 Blq. F Plta/Piso ATICO Pta/Letra B Compl.Dom. URB. TERRAZAS DEL GOLF. COSTA BALLENA, piso ATICO, puerta B","postal_code":"11520","places":6,"units":3,"registered":"2016-05-18","catastro":"1236701QA3613N0041FL","holder":null,"holder_count":null}},{"type":"Feature","geometry":{"type":"Point","coordinates":[-6.41552,36.691448]},"properties":{"id":"VUT/CA/00119","type":"VUT","group":"Completa","address":"CALLE JUAN MANUEL CASTILLO Nº 7 Pta/Letra 46 Compl.Dom. URBANIZACIÓN TARTESSOS, COSTA BALLENA, puerta 46","postal_code":"11520","places":6,"units":3,"registered":"2016-05-18","catastro":"0939501QA3603N0046EB","holder":"BIENES E INVERSIONES DE LA COSTA S.L.","holder_count":1}},{"type":"Feature","geometry":{"type":"Point","coordinates":[-6.367164,36.628757]},"properties":{"id":"VUT/CA/00168","type":"VUT","group":"Completa","address":"AVENIDA DE LA PÓLVORA Nº 2 Blq. 1 Plta/Piso 2 Pta/Letra 12 Compl.Dom. EDIFICIO STAR, piso 2, puerta 12","postal_code":"11520","places":6,"units":2,"registered":"2016-05-20","catastro":"5571102QA3557S0014OL","holder":null,"holder_count":null}},{"type":"Feature","geometry":{"type":"Point","coordinates":[-6.412252,36.682162]},"properties":{"id":"VUT/CA/00203","type":"VUT","group":"Completa","address":"CALLE CALETA Nº 3 Blq. 3 Portal 23 Plta/Piso 1 Pta/Letra C Compl.Dom. URBANIZACIÓN PLAYA DEL INFANTE, piso 1, puerta C","postal_code":"11520","places":6,"units":3,"registered":"2016-05-20","catastro":"1328301QA3612N0251QG","holder":null,"holder_count":null}},{"type":"Feature","geometry":{"type":"Point","coordinates":[-6.410991,36.691478]},"properties":{"id":"VUT/CA/00211","type":"VUT","group":"Completa","address":"AVENIDA REINA SOFÍA Nº 1 Blq. 2 Portal 6 Plta/Piso BAJO Pta/Letra D Compl.Dom. RESIDENCIAL LAS DUNAS - COSTA BALLENA, piso BAJO, puerta D","postal_code":"11520","places":4,"units":2,"registered":"2016-05-23","catastro":"1339401QA3613N0162RF","holder":null,"holder_count":null}},{"type":"Feature","geometry":{"type":"Point","coordinates":[-6.417473,36.6891]},"properties":{"id":"VUT/CA/00212","type":"VUT","group":"Completa","address":"AVENIDA DEL MAR Nº 2 Portal 4 Plta/Piso 2 Pta/Letra A Compl.Dom. EDIFICIO BAHÍA PALACIO, COSTA BALLENA, piso 2, puerta A","postal_code":"11520","places":4,"units":2,"registered":"2016-05-23","catastro":"0736901QA3603N0378YY","holder":null,"holder_count":null}},{"type":"Feature","geometry":{"type":"Point","coordinates":[-6.40463,36.680111]},"properties":{"id":"VUT/CA/00213","type":"VUT","group":"Completa","address":"AVENIDA REINA SOFÍA Nº 19 Blq. B Pta/Letra 53 Compl.Dom. URBANIZACIÓN NUEVO OASIS III, VIVIENDA UNIFAMILIAR N.º 53 DE LA MANZANA \"B\", COSTA BALLENA, puerta 53","postal_code":"11520","places":6,"units":3,"registered":"2016-05-23","catastro":"1931103QA3612N0039BE","holder":null,"holder_count":null}},{"type":"Feature","geometry":{"type":"Point","coordinates":[-6.417411,36.692072]},"properties":{"id":"VUT/CA/00214","type":"VUT","group":"Completa","address":"CALLE CORVINA Nº 1 Portal 2 Plta/Piso 1 Pta/Letra E Compl.Dom. URBANIZACIÓN LAGO ALCA - COSTA BALLENA, piso 1, puerta E","postal_code":"11520","places":4,"units":2,"registered":"2016-05-23","catastro":"0740801QA3604S0032PA","holder":null,"holder_count":null}},{"type":"Feature","geometry":{"type":"Point","coordinates":[-6.417411,36.692072]},"properties":{"id":"VUT/CA/00278","type":"VUT","group":"Completa","address":"CALLE PARGO Nº 2 Blq. 5 Plta/Piso 2 Pta/Letra A, piso 2, puerta A","postal_code":"11520","places":4,"units":1,"registered":"2016-05-27","catastro":"0740801QA3604S0075KL","holder":null,"holder_count":null}},{"type":"Feature","geometry":{"type":"Point","coordinates":[-6.35956,36.617152]},"properties":{"id":"VUT/CA/00281","type":"VUT","group":"Completa","address":"CALLE CARACOL Nº 7 Plta/Piso 1 Pta/Letra A, piso 1, puerta A","postal_code":"11520","places":6,"units":3,"registered":"2016-05-29","catastro":"6457701QA3565E0002LY","holder":null,"holder_count":null}},{"type":"Feature","geometry":{"type":"Point","coordinates":[-6.41552,36.691448]},"properties":{"id":"VUT/CA/00332","type":"VUT","group":"Completa","address":"CALLE JUAN MANUEL DEL CASTILLO Nº 7 Blq. I Compl.Dom. RESIDENCIAL TARTESSOS","postal_code":"11520","places":6,"units":3,"registered":"2016-06-01","catastro":"0939501QA3603N0040BF","holder":null,"holder_count":null}},{"type":"Feature","geometry":{"type":"Point","coordinates":[-6.362002,36.621084]},"properties":{"id":"VUT/CA/00414","type":"VUT","group":"Completa","address":"CALLE FRANCISCO PONCE CORDONES Nº 4 Esc. 1 Plta/Piso 2 Pta/Letra D, piso 2, puerta D","postal_code":"11520","places":8,"units":4,"registered":"2016-06-07","catastro":"6062202QA3566A0009AJ","holder":null,"holder_count":null}},{"type":"Feature","geometry":{"type":"Point","coordinates":[-6.353494,36.623711]},"properties":{"id":"VUT/CA/00449","type":"VUT","group":"Completa","address":"CALLE CARLOS V Nº 2 Plta/Piso 1 Pta/Letra A, piso 1, puerta A","postal_code":"11520","places":7,"units":3,"registered":"2016-06-10","catastro":"6766501QA3566F0001HI","holder":null,"holder_count":null}},{"type":"Feature","geometry":{"type":"Point","coordinates":[-6.41736,36.69058]},"properties":{"id":"VUT/CA/00545","type":"VUT","group":"Completa","address":"AVENIDA Pez espada Nº 2 Esc. C Plta/Piso 2 Pta/Letra 8, piso 2, puerta 8","postal_code":"11520","places":4,"units":2,"registered":"2016-06-22","catastro":"0738801QA3603N0080WL","holder":null,"holder_count":null}},{"type":"Feature","geometry":{"type":"Point","coordinates":[-6.410819,36.688887]},"properties":{"id":"VUT/CA/00577","type":"VUT","group":"Completa","address":"AVENIDA REINA SOFIA Nº 7 Compl.Dom. VIVIENDA27","postal_code":"11520","places":6,"units":3,"registered":"2016-06-24","catastro":"1436301QA3613N0148GY","holder":null,"holder_count":null}},{"type":"Feature","geometry":{"type":"Point","coordinates":[-6.410819,36.688887]},"properties":{"id":"VUT/CA/00760","type":"VUT","group":"Completa","address":"AVENIDA REINA SOFÍA Nº 5 Blq. 3 Plta/Piso 1 Pta/Letra 11 Compl.Dom. URBANIZACIÓN PARAÍSO PLAYA GOLF - COSTA BALLENA, piso 1, puerta 11","postal_code":"11520","places":4,"units":2,"registered":"2016-07-15","catastro":"1436301QA3613N0076IX","holder":"TERAPIAS DACHE S.L. UNIPERSONAL","holder_count":1}},{"type":"Feature","geometry":{"type":"Point","coordinates":[-6.411045,36.686546]},"properties":{"id":"VUT/CA/00807","type":"VUT","group":"Completa","address":"AVENIDA Reina Sofia Nº 10 Blq. C Portal 2 Plta/Piso 2º Pta/Letra C Compl.Dom. Hoyo 11-Costa Ballena, piso 2º, puerta C","postal_code":"11520","places":5,"units":2,"registered":"2016-07-20","catastro":"1334701QA3613S0071JW","holder":null,"holder_count":null}},{"type":"Feature","geometry":{"type":"Point","coordinates":[-6.351461,36.624738]},"properties":{"id":"VUT/CA/00849","type":"VUT","group":"Completa","address":"CALLE REYES CATOLICOS Blq. 6 Portal 3 Plta/Piso 2 Pta/Letra D, piso 2, puerta D","postal_code":"11520","places":6,"units":2,"registered":"2016-07-25","catastro":"6967901QA3566F0093JR","holder":null,"holder_count":null}},{"type":"Feature","geometry":{"type":"Point","coordinates":[-6.41736,36.69058]},"properties":{"id":"VUT/CA/00942","type":"VUT","group":"Completa","address":"AVENIDA PEZ ESPADA Nº 2 Esc. C Plta/Piso 2 Pta/Letra 7 Compl.Dom. COSTA BALLENA, piso 2, puerta 7","postal_code":"11520","places":4,"units":2,"registered":"2016-08-05","catastro":"0738801QA3603N0079RZ","holder":null,"holder_count":null}},{"type":"Feature","geometry":{"type":"Point","coordinates":[-6.404813,36.682303]},"properties":{"id":"VUT/CA/01008","type":"VUT","group":"Completa","address":"AVENIDA Reina Sofia Nº 15 Blq. 2 Portal 4 Plta/Piso 2 Pta/Letra B, piso 2, puerta B","postal_code":"11520","places":4,"units":2,"registered":"2016-08-20","catastro":"1931102QA3612N0254EK","holder":null,"holder_count":null}},{"type":"Feature","geometry":{"type":"Point","coordinates":[-6.418003,36.690387]},"properties":{"id":"VUT/CA/01128","type":"VUT","group":"Completa","address":"AVENIDA DEL ERIZO Nº 2 Blq. 2 Plta/Piso 2 Pta/Letra B Compl.Dom. EDIFICIO ESTRELLA DEL MAR, piso 2, puerta B","postal_code":"11520","places":10,"units":3,"registered":"2016-09-09","catastro":"0638701QA3603N0016OX","holder":null,"holder_count":null}},{"type":"Feature","geometry":{"type":"Point","coordinates":[-6.40463,36.680111]},"properties":{"id":"VUT/CA/01177","type":"VUT","group":"Completa","address":"AVENIDA REINA SOFIA Nº 19 Plta/Piso 62 Compl.Dom. URBANIZACION COSTA BALLENA, piso 62","postal_code":"11520","places":6,"units":3,"registered":"2016-09-13","catastro":"1931103QA3612N0048EO","holder":null,"holder_count":null}},{"type":"Feature","geometry":{"type":"Point","coordinates":[-6.360037,36.61807]},"properties":{"id":"VUT/CA/01249","type":"VUT","group":"Completa","address":"CALLE Prim Nº 26 Plta/Piso bajo Pta/Letra D, piso bajo, puerta D","postal_code":"11520","places":2,"units":1,"registered":"2016-09-21","catastro":"6160417QA3566A0002PP","holder":null,"holder_count":null}},{"type":"Feature","geometry":{"type":"Point","coordinates":[-6.412491,36.690472]},"properties":{"id":"VUT/CA/01292","type":"VUT","group":"Completa","address":"AVENIDA REINA SOFIA Nº 4 Blq. 2 Plta/Piso ATICO Compl.Dom. RESIDENCIAL PLAYA BALLENA FASE I, piso ATICO","postal_code":"11520","places":8,"units":3,"registered":"2016-09-26","catastro":"1238901QA3613N0026MP","holder":"HOTELES BELLAVISTA, SA","holder_count":2}},{"type":"Feature","geometry":{"type":"Point","coordinates":[-6.412491,36.690472]},"properties":{"id":"VUT/CA/01293","type":"VUT","group":"Completa","address":"AVENIDA REINA SOFIA Nº 4 Blq. 2 Plta/Piso BAJO Pta/Letra 2 Compl.Dom. RESIDENCIAL PLAYA BALLENA FASE I, piso BAJO, puerta 2","postal_code":"11520","places":8,"units":3,"registered":"2016-09-26","catastro":"1238901QA3613N0014FQ","holder":"HOTELES BELLAVISTA, SA","holder_count":2}},{"type":"Feature","geometry":{"type":"Point","coordinates":[-6.356436,36.623969]},"properties":{"id":"VUT/CA/01296","type":"VUT","group":"Por habitaciones","address":"CALLE Calvario Nº 54-56 Plta/Piso 1, piso 1","postal_code":"11520","places":4,"units":3,"registered":"2016-09-27","catastro":"6566610QA3566F0003MP","holder":null,"holder_count":null}},{"type":"Feature","geometry":{"type":"Point","coordinates":[-6.41552,36.691448]},"properties":{"id":"VUT/CA/01386","type":"VUT","group":"Completa","address":"AVENIDA JOSE RODRIGUEZ DE LA BORBOLLA Nº 1 Compl.Dom. CASA Nº 4","postal_code":"11520","places":6,"units":3,"registered":"2016-10-05","catastro":"0939501QA3603N0004LD","holder":null,"holder_count":null}},{"type":"Feature","geometry":{"type":"Point","coordinates":[-6.412491,36.690472]},"properties":{"id":"VUT/CA/01429","type":"VUT","group":"Completa","address":"AVENIDA Reina Sofía Nº 4 Blq. 7 Plta/Piso bajo Pta/Letra 4 Compl.Dom. Urbanización Playa Ballena I, piso bajo, puerta 4","postal_code":"11520","places":4,"units":1,"registered":"2016-10-13","catastro":"1238901QA3613N0080DM","holder":null,"holder_count":null}},{"type":"Feature","geometry":{"type":"Point","coordinates":[-6.413601,36.690643]},"properties":{"id":"VUT/CA/01430","type":"VUT","group":"Completa","address":"CALLE AGUA AZUCARILLO Y AGUARDIENTE Nº 1 Blq. A Portal 1 Plta/Piso BAJO Pta/Letra G Compl.Dom. UR PLAYA BALLENA III, piso BAJO, puerta G","postal_code":"11520","places":4,"units":1,"registered":"2016-10-13","catastro":"1138301QA3613N0007JB","holder":null,"holder_count":null}},{"type":"Feature","geometry":{"type":"Point","coordinates":[-6.386105,36.631986]},"properties":{"id":"VUT/CA/01437","type":"VUT","group":"Completa","address":"CALLE PETENERA Blq. 5 Esc. D Plta/Piso 2 Pta/Letra 2 Compl.Dom. URBANIZACIÓN PINAR DE LA ALMADRABA, piso 2, puerta 2","postal_code":"11520","places":6,"units":2,"registered":"2016-10-15","catastro":"4038103QA3643G0024HE","holder":null,"holder_count":null}},{"type":"Feature","geometry":{"type":"Point","coordinates":[-6.412491,36.690472]},"properties":{"id":"VUT/CA/01450","type":"VUT","group":"Completa","address":"AVENIDA REINA SOFIA Nº 4 Portal 5 Plta/Piso ATICO Pta/Letra H Compl.Dom. CONJUNTO RESIDENCIAS PLAYA BALLENA, piso ATICO, puerta H","postal_code":"11520","places":8,"units":3,"registered":"2016-10-18","catastro":"1238901QA3613N0065RF","holder":null,"holder_count":null}},{"type":"Feature","geometry":{"type":"Point","coordinates":[-6.412491,36.690472]},"properties":{"id":"VUT/CA/01579","type":"VUT","group":"Completa","address":"AVENIDA REINA SOFÍA Nº 4 Portal 7 Plta/Piso 2 Pta/Letra 2 Compl.Dom. URBANIZACIÓN PLAYA BALLENA 1, COSTA BALLENA, piso 2, puerta 2","postal_code":"11520","places":5,"units":2,"registered":"2016-11-04","catastro":"1238901QA3613N0089XO","holder":null,"holder_count":null}},{"type":"Feature","geometry":{"type":"Point","coordinates":[-6.41291,36.689593]},"properties":{"id":"VUT/CA/01699","type":"VUT","group":"Completa","address":"CALLE LOS GAVILANES Nº 1 Blq. B Portal 2 Plta/Piso 1 Pta/Letra F Compl.Dom. PLAZA DE GARAJE, piso 1, puerta F","postal_code":"11520","places":4,"units":1,"registered":"2016-11-22","catastro":"1137501QA3613N0070HH","holder":null,"holder_count":null}},{"type":"Feature","geometry":{"type":"Point","coordinates":[-6.412491,36.690472]},"properties":{"id":"VUT/CA/01701","type":"VUT","group":"Completa","address":"AVENIDA REINA SOFIA Nº 4 Blq. 8 Plta/Piso BAJO Pta/Letra C Compl.Dom. URBANIZACION PLAYA BALLENA 1. EN COSTABALLENA, piso BAJO, puerta C","postal_code":"11520","places":6,"units":2,"registered":"2016-11-22","catastro":"1238901QA3613N0094QA","holder":null,"holder_count":null}},{"type":"Feature","geometry":{"type":"Point","coordinates":[-6.350508,36.625151]},"properties":{"id":"VUT/CA/01706","type":"VUT","group":"Completa","address":"CALLE Duque de Arcos Nº 2 Portal 1 Plta/Piso 3 Pta/Letra B, piso 3, puerta B","postal_code":"11520","places":5,"units":2,"registered":"2016-11-22","catastro":"7067801QA3576G0013LU","holder":null,"holder_count":null}},{"type":"Feature","geometry":{"type":"Point","coordinates":[-6.416344,36.693433]},"properties":{"id":"VUT/CA/01832","type":"VUT","group":"Completa","address":"AVENIDA AVDA JOSE RODRIGUEZ DE LA BORBOLLA Compl.Dom. URBANIZACIÓN PALOS PLAYA AVDA DE LA URTA Nº 14 (A18)","postal_code":"11520","places":8,"units":4,"registered":"2016-12-13","catastro":"0841901QA3604S0013ZZ","holder":null,"holder_count":null}},{"type":"Feature","geometry":{"type":"Point","coordinates":[-6.41698,36.691498]},"properties":{"id":"VUT/CA/01967","type":"VUT","group":"Completa","address":"CALLE PARGO Nº 3 Esc. 6 Plta/Piso 1 Pta/Letra C Compl.Dom. URBANIZACION VISTAZUL, piso 1, puerta C","postal_code":"11520","places":5,"units":2,"registered":"2017-01-12","catastro":"0739601QA3604S0083WQ","holder":null,"holder_count":null}},{"type":"Feature","geometry":{"type":"Point","coordinates":[-6.417891,36.689801]},"properties":{"id":"VUT/CA/02021","type":"VUT","group":"Completa","address":"AVENIDA Pez Espada Nº 0003 Blq. 3 Plta/Piso 00 Pta/Letra B, piso 00, puerta B","postal_code":"11520","places":6,"units":3,"registered":"2017-01-23","catastro":"0737202QA3603N0026GY","holder":null,"holder_count":null}},{"type":"Feature","geometry":{"type":"Point","coordinates":[-6.406291,36.676077]},"properties":{"id":"VUT/CA/02140","type":"VUT","group":"Completa","address":"AVENIDA REINA SOFÍA Esc. 2 Plta/Piso 2 Pta/Letra F Compl.Dom. URBANIZACIÓN TORRESALADA II, piso 2, puerta F","postal_code":"11520","places":5,"units":3,"registered":"2017-02-07","catastro":"1820801QA3612S0101KI","holder":null,"holder_count":null}},{"type":"Feature","geometry":{"type":"Point","coordinates":[-6.351461,36.624738]},"properties":{"id":"VUT/CA/02144","type":"VUT","group":"Completa","address":"CALLE REYES CATOLICOS Nº 4 Plta/Piso BAJO Pta/Letra C, piso BAJO, puerta C","postal_code":"11520","places":4,"units":2,"registered":"2017-02-07","catastro":"6967901QA3566F0160LY","holder":null,"holder_count":null}},{"type":"Feature","geometry":{"type":"Point","coordinates":[-6.406291,36.676077]},"properties":{"id":"VUT/CA/02194","type":"VUT","group":"Completa","address":"AVENIDA REINA SOFIA Nº 18 Blq. 5 Plta/Piso 2 Pta/Letra C, piso 2, puerta C","postal_code":"11520","places":5,"units":2,"registered":"2017-02-14","catastro":"1820801QA3612S0242RJ","holder":null,"holder_count":null}},{"type":"Feature","geometry":{"type":"Point","coordinates":[-6.41375,36.684835]},"properties":{"id":"VUT/CA/02211","type":"VUT","group":"Completa","address":"CALLE PEÑA DEL ÁGUILA Nº 6 Pta/Letra 97 Compl.Dom. URBANIZACION MARINA GOLF - COSTA BALLENA, puerta 97","postal_code":"11520","places":4,"units":2,"registered":"2017-02-15","catastro":"1131401QA3613S0097EX","holder":null,"holder_count":null}},{"type":"Feature","geometry":{"type":"Point","coordinates":[-6.389104,36.63816]},"properties":{"id":"VUT/CA/02215","type":"VUT","group":"Completa","address":"CALLE SC SECTOR SUP2 R8 6 Esc. 6 Plta/Piso 2 Pta/Letra C, piso 2, puerta C","postal_code":"11520","places":4,"units":2,"registered":"2017-02-16","catastro":"3680313QA3538S0191EG","holder":"LADUANA TURISMO, S.L.","holder_count":2}},{"type":"Feature","geometry":{"type":"Point","coordinates":[-6.410263,36.687257]},"properties":{"id":"VUT/CA/02235","type":"VUT","group":"Completa","address":"AVENIDA REINA SOFIA Nº 9 Compl.Dom. APARTAMENTO 21 - URBANIZACION LAS SALINAS","postal_code":"11520","places":5,"units":2,"registered":"2017-02-17","catastro":"1436302QA3613N0066PG","holder":null,"holder_count":null}},{"type":"Feature","geometry":{"type":"Point","coordinates":[-6.417473,36.6891]},"properties":{"id":"VUT/CA/02255","type":"VUT","group":"Completa","address":"AVENIDA Avenida del Mar Nº 2 Plta/Piso Bajo Pta/Letra D, piso Bajo, puerta D","postal_code":"11520","places":6,"units":3,"registered":"2017-02-21","catastro":"0736901QA3603N0389FF","holder":null,"holder_count":null}},{"type":"Feature","geometry":{"type":"Point","coordinates":[-6.417891,36.689801]},"properties":{"id":"VUT/CA/02257","type":"VUT","group":"Completa","address":"CALLE PEZ ESPADA Nº 3 Plta/Piso BAJO Pta/Letra C Compl.Dom. URBANIZACIÓN LUZ BALLENA, piso BAJO, puerta C","postal_code":"11520","places":6,"units":3,"registered":"2017-02-21","catastro":"0737202QA3603N0057FT","holder":null,"holder_count":null}},{"type":"Feature","geometry":{"type":"Point","coordinates":[-6.357789,36.621124]},"properties":{"id":"VUT/CA/02261","type":"VUT","group":"Completa","address":"CALLE Mercedes de los Grifos Nº 1 Blq. 1 Plta/Piso 2 Pta/Letra C, piso 2, puerta C","postal_code":"11520","places":4,"units":2,"registered":"2017-02-21","catastro":"6463743QA3566C0062QQ","holder":null,"holder_count":null}},{"type":"Feature","geometry":{"type":"Point","coordinates":[-6.417411,36.692072]},"properties":{"id":"VUT/CA/02272","type":"VUT","group":"Completa","address":"CALLE CORVINA Nº 1 Plta/Piso 1 Pta/Letra E, piso 1, puerta E","postal_code":"11520","places":6,"units":3,"registered":"2017-02-22","catastro":"0740801QA3604S0050XM","holder":null,"holder_count":null}},{"type":"Feature","geometry":{"type":"Point","coordinates":[-6.417411,36.692072]},"properties":{"id":"VUT/CA/02287","type":"VUT","group":"Completa","address":"CALLE Pargo Nº 2 Plta/Piso 2 Pta/Letra A Compl.Dom. Urbanizacion Lago Alca - Costa Ballena - Rota - Cádiz, piso 2, puerta A","postal_code":"11520","places":4,"units":1,"registered":"2017-02-24","catastro":"0740801QA3604S0099DF","holder":null,"holder_count":null}},{"type":"Feature","geometry":{"type":"Point","coordinates":[-6.36825,36.625316]},"properties":{"id":"VUT/CA/02308","type":"VUT","group":"Completa","address":"CALLE LOS PALACIOS Nº 7","postal_code":"11520","places":8,"units":4,"registered":"2017-03-01","catastro":"5467304QA3556G0001TD","holder":null,"holder_count":null}},{"type":"Feature","geometry":{"type":"Point","coordinates":[-6.403813,36.67616]},"properties":{"id":"VUT/CA/02506","type":"VUT","group":"Completa","address":"CALLE CARLA DE ORLEANS Nº 4 Blq. 2 Portal 1 Plta/Piso 2º Pta/Letra B, piso 2º, puerta B","postal_code":"11520","places":4,"units":2,"registered":"2017-03-31","catastro":"2224802QA3622S0064SI","holder":null,"holder_count":null}},{"type":"Feature","geometry":{"type":"Point","coordinates":[-6.410819,36.688887]},"properties":{"id":"VUT/CA/02508","type":"VUT","group":"Completa","address":"AVENIDA REINA SOFIA Nº 7 Portal 51","postal_code":"11520","places":7,"units":3,"registered":"2017-03-31","catastro":"1436301QA3613N0172UZ","holder":null,"holder_count":null}},{"type":"Feature","geometry":{"type":"Point","coordinates":[-6.412491,36.690472]},"properties":{"id":"VUT/CA/02535","type":"VUT","group":"Completa","address":"AVENIDA REINA SOFIA 4. URB. PLAYA BALLENA i Portal 4 Plta/Piso 3, piso 3","postal_code":"11520","places":8,"units":3,"registered":"2017-04-05","catastro":"1238901QA3613N0052JR","holder":null,"holder_count":null}},{"type":"Feature","geometry":{"type":"Point","coordinates":[-6.360521,36.62364]},"properties":{"id":"VUT/CA/02599","type":"VUT","group":"Completa","address":"CALLE JEREZ DE LA FRONTERA Nº 2 Plta/Piso 2º Pta/Letra D, piso 2º, puerta D","postal_code":"11520","places":4,"units":2,"registered":"2017-04-19","catastro":"6166609QA3566E0065WX","holder":null,"holder_count":null}},{"type":"Feature","geometry":{"type":"Point","coordinates":[-6.36413,36.620749]},"properties":{"id":"VUT/CA/02603","type":"VUT","group":"Completa","address":"AVENIDA DE SEVILLA Nº 19 Plta/Piso 5º Pta/Letra IZQ Compl.Dom. EDIFICIO BERIMAR, piso 5º, puerta IZQ","postal_code":"11520","places":6,"units":3,"registered":"2017-04-19","catastro":"5861309QA3556B0027IA","holder":null,"holder_count":null}},{"type":"Feature","geometry":{"type":"Point","coordinates":[-6.413321,36.681377]},"properties":{"id":"VUT/CA/026114","type":"VUT","group":"Completa","address":"CALLE CALETA Nº 2 Blq. 2 Plta/Piso BAJO Pta/Letra B, piso BAJO, puerta B","postal_code":"11520","places":4,"units":2,"registered":"2026-03-31","catastro":"1228803QA3612N0052LP","holder":null,"holder_count":null}},{"type":"Feature","geometry":{"type":"Point","coordinates":[-6.412747,36.694278]},"properties":{"id":"VUT/CA/026132","type":"VUT","group":"Completa","address":"AVENIDA torrebreva Nº 3 Blq. 4 Portal 3 Plta/Piso 2 Pta/Letra D, piso 2, puerta D","postal_code":"11520","places":4,"units":1,"registered":"2026-04-03","catastro":"1045102QA3614S0368YT","holder":null,"holder_count":null}},{"type":"Feature","geometry":{"type":"Point","coordinates":[-6.367164,36.628757]},"properties":{"id":"VUT/CA/02621","type":"VUT","group":"Completa","address":"AVENIDA La Polvora Nº 2 Portal 1 Plta/Piso 2 Pta/Letra 9 Compl.Dom. Edificio STAR, piso 2, puerta 9","postal_code":"11520","places":7,"units":2,"registered":"2017-04-22","catastro":"5571102QA3557S0011YH","holder":null,"holder_count":null}},{"type":"Feature","geometry":{"type":"Point","coordinates":[-6.413859,36.692229]},"properties":{"id":"VUT/CA/026236","type":"VUT","group":"Completa","address":"AVENIDA JUAN CARLOS I Nº 10 Blq. 5 Pta/Letra 15, puerta 15","postal_code":"11550","places":6,"units":3,"registered":"2026-04-19","catastro":"1045104QA3614S0173BQ","holder":null,"holder_count":null}},{"type":"Feature","geometry":{"type":"Point","coordinates":[-6.364353,36.627169]},"properties":{"id":"VUT/CA/026298","type":"VUT","group":"Completa","address":"CALLE DE LA ROCINA Nº 3 Plta/Piso 2 Pta/Letra A Compl.Dom. BARRIADA LA BLANCA PALOMA, piso 2, puerta A","postal_code":"11520","places":7,"units":3,"registered":"2026-04-27","catastro":"5769401QA3556H0005KE","holder":null,"holder_count":null}},{"type":"Feature","geometry":{"type":"Point","coordinates":[-6.412747,36.694278]},"properties":{"id":"VUT/CA/02631","type":"VUT","group":"Completa","address":"AVENIDA TORREBREVA Nº 3 Blq. 3 Portal 1 Plta/Piso 1 Pta/Letra D Compl.Dom. COSTA BALLENA, piso 1, puerta D","postal_code":"11520","places":5,"units":2,"registered":"2017-04-24","catastro":"1045102QA3614S0217DS","holder":null,"holder_count":null}},{"type":"Feature","geometry":{"type":"Point","coordinates":[-6.41441,36.693807]},"properties":{"id":"VUT/CA/02634","type":"VUT","group":"Completa","address":"AVENIDA JOSE RODRIGUEZ DE LA BORBOLLA Nº 4 Compl.Dom. VIVIENDA UNIFAMILIAR Nº 9, URBANIZACIÓN ALCA GOLF, COSTA BALLENA","postal_code":"11520","places":6,"units":3,"registered":"2017-04-24","catastro":"1045101QA3614S0141HQ","holder":null,"holder_count":null}},{"type":"Feature","geometry":{"type":"Point","coordinates":[-6.363313,36.620227]},"properties":{"id":"VUT/CA/026426","type":"VUT","group":"Completa","address":"AVENIDA SEVILLA Nº 11 Esc. 4 Plta/Piso 05 Compl.Dom. PL IZ, piso 05","postal_code":"11520","places":5,"units":3,"registered":"2026-05-13","catastro":"5861312QA3556B0141LX","holder":"GRENBERRY SLU","holder_count":1}},{"type":"Feature","geometry":{"type":"Point","coordinates":[-6.412443,36.692825]},"properties":{"id":"VUT/CA/026519","type":"VUT","group":"Completa","address":"AVENIDA JUAN CARLOS Nº 8 Blq. 5 Plta/Piso 0 Pta/Letra 9 Compl.Dom. URBANIZACIÓN PLAYA DEL LAR, piso 0, puerta 9","postal_code":"11520","places":8,"units":3,"registered":"2026-05-23","catastro":"1045103QA3614S0121BP","holder":null,"holder_count":null}},{"type":"Feature","geometry":{"type":"Point","coordinates":[-6.406291,36.676077]},"properties":{"id":"VUT/CA/026658","type":"VUT","group":"Completa","address":"URBANIZACION TORRESALA II Blq. 6 Plta/Piso BAJO Pta/Letra B, piso BAJO, puerta B","postal_code":"11550","places":6,"units":2,"registered":"2026-06-10","catastro":"1820801QA3612S0280UB","holder":null,"holder_count":null}},{"type":"Feature","geometry":{"type":"Point","coordinates":[-6.37494,36.628454]},"properties":{"id":"VUT/CA/026697","type":"VUT","group":"Completa","address":"AVENIDA DE LOS TOREROS Nº 2 Blq. E Esc. 2 Plta/Piso 0 Pta/Letra E Compl.Dom. URBANIZACION ROTAPRINCIPE, piso 0, puerta E","postal_code":"11520","places":4,"units":2,"registered":"2026-06-16","catastro":"4971711QA3547S0232FP","holder":null,"holder_count":null}},{"type":"Feature","geometry":{"type":"Point","coordinates":[-6.374076,36.628316]},"properties":{"id":"VUT/CA/026716","type":"VUT","group":"Completa","address":"CALLE Laguna del Moral Nº 17 Plta/Piso Bajo Pta/Letra E, piso Bajo, puerta E","postal_code":"11520","places":4,"units":2,"registered":"2026-06-18","catastro":"42757F0QA3547N0045OY","holder":null,"holder_count":null}},{"type":"Feature","geometry":{"type":"Point","coordinates":[-6.415496,36.694051]},"properties":{"id":"VUT/CA/026755","type":"VUT","group":"Completa","address":"AVENIDA JOSE RODRIGUEZ DE LA BORBOLLA Nº 4 Blq. 5 Esc. 2 Plta/Piso 1 Pta/Letra B Compl.Dom. RESIDENCIAL ANCA GOLF, piso 1, puerta B","postal_code":"11520","places":5,"units":3,"registered":"2026-06-26","catastro":"1045101QA3614S0104FX","holder":null,"holder_count":null}},{"type":"Feature","geometry":{"type":"Point","coordinates":[-6.412445,36.692787]},"properties":{"id":"VUT/CA/026808","type":"VUT","group":"Completa","address":"AVENIDA juan carlos I Nº 8 Blq. 5 Pta/Letra 17, puerta 17","postal_code":"11520","places":7,"units":3,"registered":"2026-07-06","catastro":"1045103QA3614S0129TK","holder":null,"holder_count":null}},{"type":"Feature","geometry":{"type":"Point","coordinates":[-6.413725,36.683101]},"properties":{"id":"VUT/CA/026925","type":"VUT","group":"Completa","address":"CALLE PEÑA DEL ÁGUILA Nº 3 Plta/Piso 2 Pta/Letra B Compl.Dom. URBANIZACIÓN PLAYA DEL INFANTE, piso 2, puerta B","postal_code":"11520","places":4,"units":2,"registered":"2026-08-03","catastro":"1228802QA3612N0151SS","holder":"INMOPUNTA ALSOL S.L","holder_count":2}},{"type":"Feature","geometry":{"type":"Point","coordinates":[-6.385016,36.632348]},"properties":{"id":"VUT/CA/026926","type":"VUT","group":"Completa","address":"CALLE PAQUERA DE JEREZ Nº 4 Blq. 10 Esc. B Plta/Piso 0 Pta/Letra 2, piso 0, puerta 2","postal_code":"11520","places":6,"units":2,"registered":"2026-08-03","catastro":"4038108QA3643G0044YJ","holder":null,"holder_count":null}},{"type":"Feature","geometry":{"type":"Point","coordinates":[-6.377151,36.62947]},"properties":{"id":"VUT/CA/026970","type":"VUT","group":"Completa","address":"CALLE PLAYA DE LA BALLENA Nº 12","postal_code":"11520","places":6,"units":3,"registered":"2026-08-14","catastro":"4672121QA3547S0001IT","holder":null,"holder_count":null}},{"type":"Feature","geometry":{"type":"Point","coordinates":[-6.412445,36.692787]},"properties":{"id":"VUT/CA/026985","type":"VUT","group":"Completa","address":"AVENIDA Juan Carlos I Nº 8 Blq. 3 Pta/Letra 8 Compl.Dom. Costa Ballena, puerta 8","postal_code":"11520","places":7,"units":3,"registered":"2026-08-20","catastro":"1045103QA3614S0064WG","holder":null,"holder_count":null}},{"type":"Feature","geometry":{"type":"Point","coordinates":[-6.358649,36.626014]},"properties":{"id":"VUT/CA/026990","type":"VUT","group":"Completa","address":"CALLE SAN JUAN BOSCO Nº 5 Plta/Piso 2 Pta/Letra D, piso 2, puerta D","postal_code":"11520","places":5,"units":2,"registered":"2026-08-24","catastro":"6368405QA3566G0025HS","holder":null,"holder_count":null}},{"type":"Feature","geometry":{"type":"Point","coordinates":[-6.366218,36.621326]},"properties":{"id":"VUT/CA/027010","type":"VUT","group":"Completa","address":"CALLE córdoba Nº 6 Plta/Piso 5 Pta/Letra b, piso 5, puerta b","postal_code":"11520","places":7,"units":3,"registered":"2026-08-31","catastro":"5663703QA3556D0052SX","holder":null,"holder_count":null}},{"type":"Feature","geometry":{"type":"Point","coordinates":[-6.404209,36.676473]},"properties":{"id":"VUT/CA/02749","type":"VUT","group":"Completa","address":"AVENIDA REINA SOFIA Nº 23 Blq. 1 Portal 7 Plta/Piso BAJO Pta/Letra C, piso BAJO, puerta C","postal_code":"11520","places":6,"units":3,"registered":"2017-05-10","catastro":"2224801QA3622s0137AH","holder":null,"holder_count":null}},{"type":"Feature","geometry":{"type":"Point","coordinates":[-6.355686,36.625072]},"properties":{"id":"VUT/CA/02776","type":"VUT","group":"Por habitaciones","address":"PLAZA Manuela la de Cumbrera Nº 2 Plta/Piso bajo Pta/Letra b, piso bajo, puerta b","postal_code":"11520","places":2,"units":1,"registered":"2017-05-15","catastro":"6667205QA3566F0025WE","holder":null,"holder_count":null}},{"type":"Feature","geometry":{"type":"Point","coordinates":[-6.41375,36.684835]},"properties":{"id":"VUT/CA/02785","type":"VUT","group":"Completa","address":"CALLE PEÑA DEL AGUILA Nº 6 Blq. 2 Plta/Piso 1 Pta/Letra 21 Compl.Dom. URBANIZACION MARINA GOLF, piso 1, puerta 21","postal_code":"11520","places":6,"units":2,"registered":"2017-05-16","catastro":"1131401QA3613S0154ZJ","holder":null,"holder_count":null}},{"type":"Feature","geometry":{"type":"Point","coordinates":[-6.405475,36.689052]},"properties":{"id":"VUT/CA/02804","type":"VUT","group":"Completa","address":"AVENIDA DE LA BALLENA Nº 8","postal_code":"11520","places":4,"units":2,"registered":"2017-05-18","catastro":"1640804QA3613N0040JK","holder":null,"holder_count":null}},{"type":"Feature","geometry":{"type":"Point","coordinates":[-6.383737,36.630414]},"properties":{"id":"VUT/CA/02817","type":"VUT","group":"Completa","address":"CALLE Maestro Manuel Casal Egea Nº 3 Pta/Letra 68, puerta 68","postal_code":"11520","places":9,"units":5,"registered":"2017-05-20","catastro":"4273101QA3547C0388FH","holder":null,"holder_count":null}},{"type":"Feature","geometry":{"type":"Point","coordinates":[-6.357622,36.6207]},"properties":{"id":"VUT/CA/02822","type":"VUT","group":"Completa","address":"CALLE ISAAC PERAL Nº 53 Blq. BAJO Portal A","postal_code":"11520","places":6,"units":2,"registered":"2017-05-22","catastro":"6463736QA3566C0001FR","holder":null,"holder_count":null}},{"type":"Feature","geometry":{"type":"Point","coordinates":[-6.417891,36.689801]},"properties":{"id":"VUT/CA/02824","type":"VUT","group":"Completa","address":"AVENIDA PEZ ESPADA Nº 3 Blq. 2 Portal 2 Plta/Piso ATC Pta/Letra A Compl.Dom. URBANIZACION \"LA BALLENA\", piso ATC, puerta A","postal_code":"11520","places":6,"units":2,"registered":"2017-05-23","catastro":"0737202QA3603N0021PQ","holder":null,"holder_count":null}},{"type":"Feature","geometry":{"type":"Point","coordinates":[-6.40463,36.680111]},"properties":{"id":"VUT/CA/02828","type":"VUT","group":"Completa","address":"AVENIDA REINA SOFIA Nº 17-19 Compl.Dom. URBANIZACION NUEVO OASIS DE SUR III, VIVIENDA 57. COSTA BALLENA","postal_code":"11520","places":7,"units":3,"registered":"2017-05-23","catastro":"1931103QA3612N0001FB","holder":null,"holder_count":null}},{"type":"Feature","geometry":{"type":"Point","coordinates":[-6.41736,36.69058]},"properties":{"id":"VUT/CA/02830","type":"VUT","group":"Completa","address":"AVENIDA MARINERO Nº S/N Esc. C Plta/Piso 1 Pta/Letra 10 Compl.Dom. COSTA BALLENA, piso 1, puerta 10","postal_code":"11520","places":4,"units":2,"registered":"2017-05-23","catastro":"0738801qa3603n0071ld","holder":null,"holder_count":null}},{"type":"Feature","geometry":{"type":"Point","coordinates":[-6.40806,36.693908]},"properties":{"id":"VUT/CA/02865","type":"VUT","group":"Completa","address":"CALLE DALIA Nº 001 Portal 10 Compl.Dom. URBANIZACION TORRES DEL ATLANTICO","postal_code":"11520","places":4,"units":2,"registered":"2017-05-29","catastro":"1643601QA3614S0010XX","holder":null,"holder_count":null}},{"type":"Feature","geometry":{"type":"Point","coordinates":[-6.415609,36.692874]},"properties":{"id":"VUT/CA/02866","type":"VUT","group":"Completa","address":"AVENIDA JOSE RODRIGUEZ DE LA BORBOLLA Nº 5 Plta/Piso 4 Pta/Letra B Compl.Dom. 11520 COSTABALLENA, ROTA CADIZ, piso 4, puerta B","postal_code":"11520","places":6,"units":3,"registered":"2017-05-29","catastro":"0841903QA3604S0025WU","holder":null,"holder_count":null}},{"type":"Feature","geometry":{"type":"Point","coordinates":[-6.417757,36.691094]},"properties":{"id":"VUT/CA/02873","type":"VUT","group":"Completa","address":"AVENIDA PEZ ESPADA Nº 4 Esc. 5 Plta/Piso 1 Pta/Letra B, piso 1, puerta B","postal_code":"11520","places":6,"units":2,"registered":"2017-05-30","catastro":"0738301QA3603N0048IX","holder":null,"holder_count":null}},{"type":"Feature","geometry":{"type":"Point","coordinates":[-6.357884,36.622388]},"properties":{"id":"VUT/CA/02945","type":"VUT","group":"Completa","address":"CALLE SAN CAYETANO Nº 3 Plta/Piso 1 Pta/Letra A, piso 1, puerta A","postal_code":"11520","places":4,"units":2,"registered":"2017-06-07","catastro":"6364920QA3566C0033PR","holder":null,"holder_count":null}},{"type":"Feature","geometry":{"type":"Point","coordinates":[-6.416912,36.689112]},"properties":{"id":"VUT/CA/02962","type":"VUT","group":"Completa","address":"AVENIDA PEZ ESPADA Nº 7 Plta/Piso 2 Pta/Letra 10, piso 2, puerta 10","postal_code":"11520","places":9,"units":5,"registered":"2017-06-08","catastro":"0539701QA3603N0034AA","holder":null,"holder_count":null}},{"type":"Feature","geometry":{"type":"Point","coordinates":[-6.417932,36.692657]},"properties":{"id":"VUT/CA/03138","type":"VUT","group":"Completa","address":"PLAZA Del Mar Nº 1 Portal D Plta/Piso Bajo Pta/Letra 1 Compl.Dom. Puerta trasera AV DE LA URTA, 1, piso Bajo, puerta 1","postal_code":"11520","places":6,"units":2,"registered":"2017-06-28","catastro":"0640501QA3604S0058EI","holder":null,"holder_count":null}},{"type":"Feature","geometry":{"type":"Point","coordinates":[-6.41552,36.691448]},"properties":{"id":"VUT/CA/03142","type":"VUT","group":"Completa","address":"AVENIDA DE LA URTA Nº 2 Calif.Nº 54 Compl.Dom. URB. TARTESSOS (COSTA BALLENA)","postal_code":"11520","places":6,"units":3,"registered":"2017-06-29","catastro":"0939501QA3603N0054IW","holder":null,"holder_count":null}},{"type":"Feature","geometry":{"type":"Point","coordinates":[-6.378107,36.633503]},"properties":{"id":"VUT/CA/03146","type":"VUT","group":"Completa","address":"CALLE Orfeón Virgen de la Escalera Nº 48","postal_code":"11520","places":6,"units":3,"registered":"2017-06-29","catastro":"4475825QA3547N0008KR","holder":null,"holder_count":null}},{"type":"Feature","geometry":{"type":"Point","coordinates":[-6.409681,36.67739]},"properties":{"id":"VUT/CA/03165","type":"VUT","group":"Completa","address":"AVENIDA NUEVO OASIS Nº 60","postal_code":"11520","places":6,"units":3,"registered":"2017-06-30","catastro":"1523401QA3612S0060PM","holder":null,"holder_count":null}},{"type":"Feature","geometry":{"type":"Point","coordinates":[-6.41552,36.691448]},"properties":{"id":"VUT/CA/03273","type":"VUT","group":"Completa","address":"CALLE JUAN MANUEL DEL CASTILLO Nº 7 Compl.Dom. URBANIZACIÓN TARTESSOS CASA 49","postal_code":"11520","places":6,"units":3,"registered":"2017-08-01","catastro":"0939501QA3603N0049YM","holder":null,"holder_count":null}},{"type":"Feature","geometry":{"type":"Point","coordinates":[-6.412491,36.690472]},"properties":{"id":"VUT/CA/03284","type":"VUT","group":"Completa","address":"AVENIDA REINA SOFIA Nº 4 Blq. 1 Plta/Piso BAJO Pta/Letra 1 Compl.Dom. URBANIZACION PLAYA BALLENA 1, piso BAJO, puerta 1","postal_code":"11520","places":7,"units":3,"registered":"2017-07-12","catastro":"1238901QA3613N0001RF","holder":null,"holder_count":null}},{"type":"Feature","geometry":{"type":"Point","coordinates":[-6.367086,36.623222]},"properties":{"id":"VUT/CA/03318","type":"VUT","group":"Completa","address":"AVENIDA MARINA Nº 81 Plta/Piso 1 Pta/Letra A, piso 1, puerta A","postal_code":"11520","places":8,"units":4,"registered":"2017-07-17","catastro":"5564108QA3556D0010HG","holder":null,"holder_count":null}},{"type":"Feature","geometry":{"type":"Point","coordinates":[-6.366283,36.622938]},"properties":{"id":"VUT/CA/03327","type":"VUT","group":"Completa","address":"CALLE SANTIAGO APÓSTOL Nº 1 Portal 1 Plta/Piso 3ª Pta/Letra 11 Compl.Dom. URBANIZACION AGUAMARINA, piso 3ª, puerta 11","postal_code":"11520","places":7,"units":4,"registered":"2017-07-18","catastro":"5664902QA3556D0030MY","holder":null,"holder_count":null}},{"type":"Feature","geometry":{"type":"Point","coordinates":[-6.36521,36.626133]},"properties":{"id":"VUT/CA/03346","type":"VUT","group":"Completa","address":"CALLE ISABELITA Nº 14 Pta/Letra 4, puerta 4","postal_code":"11520","places":6,"units":3,"registered":"2017-07-20","catastro":"5768908QA3556H0004EW","holder":null,"holder_count":null}},{"type":"Feature","geometry":{"type":"Point","coordinates":[-6.364122,36.621611]},"properties":{"id":"VUT/CA/03354","type":"VUT","group":"Completa","address":"CALLE TRES CARABELAS Nº 1 Blq. 1 Plta/Piso 1 Pta/Letra D Compl.Dom. EDIFICIO FLORIDA PLAYA, piso 1, puerta D","postal_code":"11520","places":4,"units":2,"registered":"2017-07-21","catastro":"5862230QA3556B0010AB","holder":null,"holder_count":null}},{"type":"Feature","geometry":{"type":"Point","coordinates":[-6.404813,36.682303]},"properties":{"id":"VUT/CA/03458","type":"VUT","group":"Completa","address":"AVENIDA REINA SOFIA Nº 15 Blq. 3 Portal 3 Plta/Piso 2 Pta/Letra L Compl.Dom. COSTA BALLENA, piso 2, puerta L","postal_code":"11520","places":5,"units":2,"registered":"2017-08-17","catastro":"1931102QA3612N0368JO","holder":null,"holder_count":null}},{"type":"Feature","geometry":{"type":"Point","coordinates":[-6.413859,36.692229]},"properties":{"id":"VUT/CA/03483","type":"VUT","group":"Completa","address":"CALLE JOSÉ RODRIGUEZ DE LA BORBOLLA Nº 2 Esc. 5 Plta/Piso 2 Pta/Letra 40, piso 2, puerta 40","postal_code":"11520","places":4,"units":2,"registered":"2017-08-21","catastro":"1045104QA3614S0198HB","holder":null,"holder_count":null}},{"type":"Feature","geometry":{"type":"Point","coordinates":[-6.374283,36.626064]},"properties":{"id":"VUT/CA/03512","type":"VUT","group":"Completa","address":"AVENIDA de la Diputación Nº 40 Esc. 4 Plta/Piso 1 Pta/Letra B, piso 1, puerta B","postal_code":"11520","places":8,"units":3,"registered":"2017-08-25","catastro":"5068801QA3556G0018ER","holder":null,"holder_count":null}},{"type":"Feature","geometry":{"type":"Point","coordinates":[-6.412747,36.694278]},"properties":{"id":"VUT/CA/03516","type":"VUT","group":"Completa","address":"AVENIDA TORREBREVA, 3 - 1-5 CASA 6 (URB. BALLENA PARAISO) Nº 3 Compl.Dom. URBANIZACIÓN BALLENA PARAISO (COSTA BALLENA)","postal_code":"11520","places":6,"units":3,"registered":"2017-08-26","catastro":"1045102QA3614S0109TR","holder":null,"holder_count":null}},{"type":"Feature","geometry":{"type":"Point","coordinates":[-6.351461,36.624738]},"properties":{"id":"VUT/CA/03517","type":"VUT","group":"Completa","address":"AVENIDA de los Reyes Católicos Nº 4 Blq. 2 Portal 8 Plta/Piso 1 Pta/Letra A, piso 1, puerta A","postal_code":"11520","places":4,"units":2,"registered":"2017-08-27","catastro":"6967901QA3566F0209SX","holder":"TCO, Sociedad Cooperativa","holder_count":3}},{"type":"Feature","geometry":{"type":"Point","coordinates":[-6.351461,36.624738]},"properties":{"id":"VUT/CA/03518","type":"VUT","group":"Completa","address":"AVENIDA de los Reyes Católicos Nº 4 Blq. 2 Portal 8 Plta/Piso 1 Pta/Letra D, piso 1, puerta D","postal_code":"11520","places":4,"units":1,"registered":"2017-08-27","catastro":"6967901QA3566F0211AZ","holder":"TCO, Sociedad Cooperativa","holder_count":3}},{"type":"Feature","geometry":{"type":"Point","coordinates":[-6.350501,36.62511]},"properties":{"id":"VUT/CA/03519","type":"VUT","group":"Completa","address":"CALLE Duque de Arcos Nº 2 Portal 1 Plta/Piso 1 Pta/Letra C, piso 1, puerta C","postal_code":"11520","places":4,"units":2,"registered":"2017-08-27","catastro":"7067801QA3576G0004DQ","holder":"TCO, Sociedad Cooperativa","holder_count":3}},{"type":"Feature","geometry":{"type":"Point","coordinates":[-6.388058,36.637476]},"properties":{"id":"VUT/CA/03532","type":"VUT","group":"Completa","address":"AVENIDA ESCRITORA ALMUDENA GRANDES Nº 2 Plta/Piso 1 Pta/Letra A, piso 1, puerta A","postal_code":"11520","places":4,"units":2,"registered":"2017-08-29","catastro":"3680303QA3538S0049WI","holder":"LADUANA TURISMO, S.L.","holder_count":2}},{"type":"Feature","geometry":{"type":"Point","coordinates":[-6.417932,36.692657]},"properties":{"id":"VUT/CA/03584","type":"VUT","group":"Completa","address":"AVENIDA URTA Nº 1 Plta/Piso 2 Pta/Letra 8, piso 2, puerta 8","postal_code":"11520","places":4,"units":2,"registered":"2017-09-06","catastro":"0640501QA3604S0054XR","holder":null,"holder_count":null}},{"type":"Feature","geometry":{"type":"Point","coordinates":[-6.408232,36.691285]},"properties":{"id":"VUT/CA/03593","type":"VUT","group":"Completa","address":"CALLE TEHIGO Nº 2 Blq. 1 Plta/Piso 0 Pta/Letra 12 Compl.Dom. URBANIZACIÓN BALLENA GOLF, piso 0, puerta 12","postal_code":"11520","places":5,"units":2,"registered":"2017-09-07","catastro":"1640802QA3613N0012EX","holder":null,"holder_count":null}},{"type":"Feature","geometry":{"type":"Point","coordinates":[-6.402517,36.677313]},"properties":{"id":"VUT/CA/03600","type":"VUT","group":"Completa","address":"AVENIDA CARLA DE ORLEANS Nº 4 Blq. 1 Portal 3 Plta/Piso 1 Pta/Letra C Compl.Dom. URBANIZACIÓN LOS ÁNSARES, piso 1, puerta C","postal_code":"11520","places":5,"units":2,"registered":"2017-09-07","catastro":"2224802QA3622S0035GA","holder":null,"holder_count":null}},{"type":"Feature","geometry":{"type":"Point","coordinates":[-6.41375,36.684835]},"properties":{"id":"VUT/CA/03611","type":"VUT","group":"Completa","address":"CALLE PEÑA DEL AGUILA Nº 2 Pta/Letra 39 Compl.Dom. URBANIZACION MARIAN GOLF  6, puerta 39","postal_code":"11520","places":6,"units":3,"registered":"2017-09-08","catastro":"1131401QA3613S0029WZ","holder":null,"holder_count":null}},{"type":"Feature","geometry":{"type":"Point","coordinates":[-6.409263,36.678214]},"properties":{"id":"VUT/CA/03621","type":"VUT","group":"Completa","address":"AVENIDA NUEVO OASIS Nº S/N Compl.Dom. COSTA BALLENA (ROTA)","postal_code":"11520","places":12,"units":3,"registered":"2017-09-11","catastro":"1721201QA3612S0019LB","holder":null,"holder_count":null}},{"type":"Feature","geometry":{"type":"Point","coordinates":[-6.409263,36.678214]},"properties":{"id":"VUT/CA/03623","type":"VUT","group":"Completa","address":"AVENIDA NUEVO OASIS Plta/Piso BAJO 3 Compl.Dom. COSTA BALLENA, piso BAJO 3","postal_code":"11520","places":8,"units":2,"registered":"2017-09-11","catastro":"1721201QA3612S0053KL","holder":null,"holder_count":null}},{"type":"Feature","geometry":{"type":"Point","coordinates":[-6.41375,36.684835]},"properties":{"id":"VUT/CA/03666","type":"VUT","group":"Completa","address":"CALLE PEÑA DEL AGUILA Nº 2 Pta/Letra 29 Compl.Dom. URBANIZACION MARIAN GOLF  6, puerta 29","postal_code":"11520","places":6,"units":3,"registered":"2017-09-14","catastro":"1131401QA3613S0029WZ","holder":null,"holder_count":null}},{"type":"Feature","geometry":{"type":"Point","coordinates":[-6.363965,36.622271]},"properties":{"id":"VUT/CA/03678","type":"VUT","group":"Completa","address":"AVENIDA DE LA MARINA Nº 35 Plta/Piso 2º Pta/Letra C, piso 2º, puerta C","postal_code":"11520","places":2,"units":1,"registered":"2017-09-15","catastro":"5862209QA3556B0010KB","holder":null,"holder_count":null}},{"type":"Feature","geometry":{"type":"Point","coordinates":[-6.360296,36.618082]},"properties":{"id":"VUT/CA/03705","type":"VUT","group":"Completa","address":"CALLE HIGUERETA Nº 17 Plta/Piso 2 Pta/Letra G, piso 2, puerta G","postal_code":"11520","places":4,"units":2,"registered":"2017-09-19","catastro":"6159207QA3565G0009WI","holder":null,"holder_count":null}},{"type":"Feature","geometry":{"type":"Point","coordinates":[-6.41441,36.693807]},"properties":{"id":"VUT/CA/03825","type":"VUT","group":"Completa","address":"AVENIDA JOSÉ RODRÍGUEZ DE LA BORBOLLA Nº 4 Blq. 6 Plta/Piso 2 Pta/Letra A Compl.Dom. CONJUNTO RESIDENCIAL ALCA-GOLF, piso 2, puerta A","postal_code":"11520","places":6,"units":3,"registered":"2017-10-02","catastro":"1045101QA3614S0127IH","holder":null,"holder_count":null}},{"type":"Feature","geometry":{"type":"Point","coordinates":[-6.409237,36.678208]},"properties":{"id":"VUT/CA/03860","type":"VUT","group":"Completa","address":"AVENIDA NUEVO OASIS Nº 2 Blq. 2 Portal 2 Plta/Piso BAJO Pta/Letra C Compl.Dom. RESIDENCIAL TORRESALADA I, piso BAJO, puerta C","postal_code":"11520","places":4,"units":2,"registered":"2017-10-06","catastro":"1721201QA3612S0039PA","holder":null,"holder_count":null}},{"type":"Feature","geometry":{"type":"Point","coordinates":[-6.409237,36.678208]},"properties":{"id":"VUT/CA/04050","type":"VUT","group":"Completa","address":"AVENIDA NUEVO OASIS Nº 3 Blq. 3 Portal 2 Plta/Piso 1 Pta/Letra C, piso 1, puerta C","postal_code":"11520","places":5,"units":2,"registered":"2017-11-03","catastro":"1721201QA3612S0069IO","holder":null,"holder_count":null}},{"type":"Feature","geometry":{"type":"Point","coordinates":[-6.413778,36.68277]},"properties":{"id":"VUT/CA/04063","type":"VUT","group":"Completa","address":"CALLE CALETA Portal 8 Plta/Piso 3 Pta/Letra C Compl.Dom. URBANIZACIÓN PLAYA DEL INFANTE, piso 3, puerta C","postal_code":"11520","places":4,"units":2,"registered":"2017-11-06","catastro":"1228802QA3612N0038WW","holder":null,"holder_count":null}},{"type":"Feature","geometry":{"type":"Point","coordinates":[-6.406772,36.686461]},"properties":{"id":"VUT/CA/04074","type":"VUT","group":"Completa","address":"AVENIDA REINA SOFIA Nº 11 Blq. 1 Portal 4 Plta/Piso 2 Pta/Letra D Compl.Dom. URBANIZACION QUINTA ARCE GOLF, piso 2, puerta D","postal_code":"11520","places":5,"units":2,"registered":"2017-11-08","catastro":"1834101QA3613S0045TI","holder":null,"holder_count":null}},{"type":"Feature","geometry":{"type":"Point","coordinates":[-6.410263,36.687257]},"properties":{"id":"VUT/CA/04090","type":"VUT","group":"Completa","address":"CALLE REINA SOFIA Nº 9 Plta/Piso 2 Pta/Letra 31, piso 2, puerta 31","postal_code":"11520","places":4,"units":2,"registered":"2017-11-10","catastro":"1436302QA3613N0076JX","holder":null,"holder_count":null}},{"type":"Feature","geometry":{"type":"Point","coordinates":[-6.369591,36.622514]},"properties":{"id":"VUT/CA/04138","type":"VUT","group":"Completa","address":"CALLE CONJUNTO RESIDENCIAL VIRGEN DEL MAR Blq. 3 Plta/Piso 2º Pta/Letra A, piso 2º, puerta A","postal_code":"11520","places":5,"units":2,"registered":"2017-11-16","catastro":"5463202QA3556C0283RK","holder":null,"holder_count":null}},{"type":"Feature","geometry":{"type":"Point","coordinates":[-6.372109,36.627811]},"properties":{"id":"VUT/CA/04191","type":"VUT","group":"Completa","address":"CALLE JUAN PABLO II Nº 1","postal_code":"11520","places":8,"units":4,"registered":"2017-11-27","catastro":"4971703QA3547S0059UW","holder":null,"holder_count":null}},{"type":"Feature","geometry":{"type":"Point","coordinates":[-6.385669,36.631946]},"properties":{"id":"VUT/CA/04296","type":"VUT","group":"Completa","address":"CALLE PETENERA Blq. 5 Esc. E Plta/Piso BAJO Pta/Letra 1, piso BAJO, puerta 1","postal_code":"11520","places":4,"units":2,"registered":"2018-01-11","catastro":"4038103QA3643G0025JR","holder":null,"holder_count":null}},{"type":"Feature","geometry":{"type":"Point","coordinates":[-6.416643,36.690835]},"properties":{"id":"VUT/CA/04320","type":"VUT","group":"Completa","address":"CALLE BOQUERON Nº 1 Esc. 7 Plta/Piso 2 Pta/Letra B Compl.Dom. COSTA BALLENA (ROTA), piso 2, puerta B","postal_code":"11520","places":5,"units":2,"registered":"2018-01-11","catastro":"0738901QA3603N0248GT","holder":null,"holder_count":null}},{"type":"Feature","geometry":{"type":"Point","coordinates":[-6.41552,36.691448]},"properties":{"id":"VUT/CA/04345","type":"VUT","group":"Completa","address":"AVENIDA JUAN CARLOS I Nº 14 Compl.Dom. CASA 59","postal_code":"11520","places":2,"units":1,"registered":"2018-01-15","catastro":"0939501QA3603N0059DU","holder":null,"holder_count":null}},{"type":"Feature","geometry":{"type":"Point","coordinates":[-6.374283,36.626064]},"properties":{"id":"VUT/CA/04369","type":"VUT","group":"Completa","address":"AVENIDA Avenida de la Diputación Nº 40 Esc. 1 Plta/Piso 2º Pta/Letra B, piso 2º, puerta B","postal_code":"11520","places":4,"units":3,"registered":"2018-01-17","catastro":"5068801QA3556G0006JK","holder":null,"holder_count":null}},{"type":"Feature","geometry":{"type":"Point","coordinates":[-6.412747,36.694278]},"properties":{"id":"VUT/CA/04376","type":"VUT","group":"Completa","address":"AVENIDA Torrebreva Nº 3 Blq. 2 Plta/Piso 2 Pta/Letra A Compl.Dom. URBANIZACIÓN BALLENA PARAÍSO, piso 2, puerta A","postal_code":"11520","places":4,"units":2,"registered":"2018-01-17","catastro":"1045102QA3614S0088AP","holder":null,"holder_count":null}},{"type":"Feature","geometry":{"type":"Point","coordinates":[-6.408681,36.695977]},"properties":{"id":"VUT/CA/04441","type":"VUT","group":"Completa","address":"CALLE Orquidea Nº 5 Esc. 1","postal_code":"11520","places":6,"units":3,"registered":"2018-01-29","catastro":"1543901QA3614S0001DH","holder":null,"holder_count":null}},{"type":"Feature","geometry":{"type":"Point","coordinates":[-6.408232,36.691285]},"properties":{"id":"VUT/CA/04485","type":"VUT","group":"Completa","address":"CALLE TEHIGO Nº 2 Pta/Letra 9 Compl.Dom. MODULO 5, puerta 9","postal_code":"11520","places":6,"units":3,"registered":"2018-02-06","catastro":"1640802QA3613N0111TQ","holder":null,"holder_count":null}},{"type":"Feature","geometry":{"type":"Point","coordinates":[-6.41736,36.69058]},"properties":{"id":"VUT/CA/04502","type":"VUT","group":"Completa","address":"AVENIDA Marinero Nº 1 Esc. c Plta/Piso 1 Pta/Letra 7 Compl.Dom. Edificio Miramar Urbanización Costa Ballena, piso 1, puerta 7","postal_code":"11520","places":4,"units":2,"registered":"2018-02-09","catastro":"0738801QA3603N0068LD","holder":null,"holder_count":null}},{"type":"Feature","geometry":{"type":"Point","coordinates":[-6.410263,36.687257]},"properties":{"id":"VUT/CA/04506","type":"VUT","group":"Completa","address":"AVENIDA REINA SOFIA Nº 9 Plta/Piso 13 Compl.Dom. APARTAMENTO 13, piso 13","postal_code":"11520","places":4,"units":1,"registered":"2018-02-12","catastro":"1436302QA3613N0058TP","holder":null,"holder_count":null}},{"type":"Feature","geometry":{"type":"Point","coordinates":[-6.361875,36.6237]},"properties":{"id":"VUT/CA/04562","type":"VUT","group":"Completa","address":"CALLE MANUEL DE FALLA Nº 23","postal_code":"11520","places":6,"units":2,"registered":"2018-02-22","catastro":"5965408QA3556F0001KR","holder":null,"holder_count":null}},{"type":"Feature","geometry":{"type":"Point","coordinates":[-6.386155,36.635926]},"properties":{"id":"VUT/CA/04568","type":"VUT","group":"Completa","address":"CALLE JUAN BARRIENTO Nº 2 Blq. 1 Portal 1 Plta/Piso BAJO Pta/Letra E, piso BAJO, puerta E","postal_code":"11520","places":3,"units":2,"registered":"2018-02-23","catastro":"3879908QA3537N0090XO","holder":null,"holder_count":null}},{"type":"Feature","geometry":{"type":"Point","coordinates":[-6.40463,36.680111]},"properties":{"id":"VUT/CA/04611","type":"VUT","group":"Completa","address":"AVENIDA REINA SOFIA Nº 17 Pta/Letra 27, puerta 27","postal_code":"11520","places":7,"units":3,"registered":"2018-03-04","catastro":"1931103QA3612N0159FB","holder":null,"holder_count":null}},{"type":"Feature","geometry":{"type":"Point","coordinates":[-6.416353,36.692556]},"properties":{"id":"VUT/CA/04614","type":"VUT","group":"Completa","address":"AVENIDA URTA DE LA Nº 06 Pta/Letra 21 Compl.Dom. RESIDENCIAL COSTA LLENA, puerta 21","postal_code":"11520","places":7,"units":3,"registered":"2018-03-05","catastro":"0841904QA3604S0021UE","holder":null,"holder_count":null}},{"type":"Feature","geometry":{"type":"Point","coordinates":[-6.373016,36.626497]},"properties":{"id":"VUT/CA/04615","type":"VUT","group":"Completa","address":"CALLE MAYETO Nº 8","postal_code":"11520","places":4,"units":3,"registered":"2018-03-06","catastro":"5068110qa3556g0001gd","holder":null,"holder_count":null}},{"type":"Feature","geometry":{"type":"Point","coordinates":[-6.380435,36.628572]},"properties":{"id":"VUT/CA/04641","type":"VUT","group":"Completa","address":"AVENIDA DIPUTACION Nº 124","postal_code":"11520","places":6,"units":3,"registered":"2018-03-09","catastro":"4471206QA3547A0001AK","holder":null,"holder_count":null}},{"type":"Feature","geometry":{"type":"Point","coordinates":[-6.404209,36.676473]},"properties":{"id":"VUT/CA/04743","type":"VUT","group":"Completa","address":"AVENIDA REINA SOFIA Nº 23 Portal 4 Plta/Piso 00 Pta/Letra A, piso 00, puerta A","postal_code":"11520","places":4,"units":2,"registered":"2018-04-04","catastro":"2224801QA3622S0035YA","holder":null,"holder_count":null}},{"type":"Feature","geometry":{"type":"Point","coordinates":[-6.407394,36.693314]},"properties":{"id":"VUT/CA/04744","type":"VUT","group":"Completa","address":"CALLE DALIA Nº 2 Pta/Letra 6 Compl.Dom. RESIDENCIAL COSTA ATLANTICA   COSTA BALLENA, puerta 6","postal_code":"11520","places":4,"units":2,"registered":"2018-04-04","catastro":"1744603QA3614S0006DZ","holder":null,"holder_count":null}},{"type":"Feature","geometry":{"type":"Point","coordinates":[-6.385051,36.632904]},"properties":{"id":"VUT/CA/04754","type":"VUT","group":"Completa","address":"AVENIDA DE LA SEVILLANA Nº 10 Blq. 16 Plta/Piso 2 Pta/Letra 1 Compl.Dom. URBANIZACION PINAR DE LA ALMADRABA, piso 2, puerta 1","postal_code":"11520","places":5,"units":2,"registered":"2018-04-05","catastro":"4038110QA3643G0059OY","holder":null,"holder_count":null}},{"type":"Feature","geometry":{"type":"Point","coordinates":[-6.409237,36.678208]},"properties":{"id":"VUT/CA/04756","type":"VUT","group":"Completa","address":"AVENIDA NUEVO OASIS DEL SUR Nº 2 Blq. 1 Esc. 2 Plta/Piso 1 Pta/Letra B Compl.Dom. URBANIZACIÓN TORRESALADA I COSTABALLENA, piso 1, puerta B","postal_code":"11520","places":7,"units":2,"registered":"2018-04-05","catastro":"1721201QA3612S0013DF","holder":null,"holder_count":null}},{"type":"Feature","geometry":{"type":"Point","coordinates":[-6.38706,36.635761]},"properties":{"id":"VUT/CA/04786","type":"VUT","group":"Completa","address":"AVENIDA PRINCIPES DE ESPAÑA 218 Nº 25","postal_code":"11520","places":4,"units":1,"registered":"2018-04-09","catastro":"4180825QA3548S0025JJ","holder":null,"holder_count":null}},{"type":"Feature","geometry":{"type":"Point","coordinates":[-6.369188,36.627187]},"properties":{"id":"VUT/CA/04826","type":"VUT","group":"Completa","address":"AVENIDA Valdecarretas Nº s/n Blq. 1 Portal A Plta/Piso 10, piso 10","postal_code":"11520","places":5,"units":2,"registered":"2018-04-12","catastro":"5369101QA3556N0277EX","holder":null,"holder_count":null}},{"type":"Feature","geometry":{"type":"Point","coordinates":[-6.409237,36.678208]},"properties":{"id":"VUT/CA/04830","type":"VUT","group":"Completa","address":"AVENIDA NUEVO OASIS DEL SUR Nº 2 Blq. 1 Esc. 3 Plta/Piso 1 Pta/Letra B Compl.Dom. URBANIZACIÓN TORRESALADA I COSTABALLENA, piso 1, puerta B","postal_code":"11520","places":6,"units":2,"registered":"2018-04-13","catastro":"1721201QA3612S0022LB","holder":null,"holder_count":null}},{"type":"Feature","geometry":{"type":"Point","coordinates":[-6.37494,36.628454]},"properties":{"id":"VUT/CA/04846","type":"VUT","group":"Completa","address":"AVENIDA Los Toreros Nº 2 Compl.Dom. Residencial Rota Principe casa 22","postal_code":"11520","places":8,"units":3,"registered":"2018-04-16","catastro":"4971711QA3547S0119RM","holder":null,"holder_count":null}},{"type":"Feature","geometry":{"type":"Point","coordinates":[-6.404209,36.676473]},"properties":{"id":"VUT/CA/04881","type":"VUT","group":"Completa","address":"AVENIDA REINA SOFIA Nº 23 Portal 8 Plta/Piso 1 Pta/Letra B Compl.Dom. URBANIZACION JARDINES DEL SOL II, piso 1, puerta B","postal_code":"11520","places":5,"units":2,"registered":"2018-04-20","catastro":"2224801QA3622S0151LQ","holder":null,"holder_count":null}},{"type":"Feature","geometry":{"type":"Point","coordinates":[-6.417473,36.6891]},"properties":{"id":"VUT/CA/04882","type":"VUT","group":"Completa","address":"AVENIDA DEL MAR Nº 2 Portal 4 Plta/Piso 1 Pta/Letra F Compl.Dom. URBANIZACION JARDINES DEL SOL, piso 1, puerta F","postal_code":"11520","places":5,"units":2,"registered":"2018-04-20","catastro":"0736901QA3603N0375EE","holder":null,"holder_count":null}},{"type":"Feature","geometry":{"type":"Point","coordinates":[-6.413859,36.692229]},"properties":{"id":"VUT/CA/04886","type":"VUT","group":"Completa","address":"AVENIDA JUAN CARLOS I Nº 10 Blq. VI Plta/Piso UNIF Pta/Letra 10 Compl.Dom. URBANIZACION GALIA BALLENA, piso UNIF, puerta 10","postal_code":"11520","places":8,"units":3,"registered":"2018-04-20","catastro":"1045104QA3614S0225DJ","holder":null,"holder_count":null}},{"type":"Feature","geometry":{"type":"Point","coordinates":[-6.412252,36.682162]},"properties":{"id":"VUT/CA/04887","type":"VUT","group":"Completa","address":"CALLE CALETA Nº 5 Blq. V Portal 11 Plta/Piso BAJO Pta/Letra B Compl.Dom. URBANIZACION PLAYA DEL INFANTE, piso BAJO, puerta B","postal_code":"11520","places":5,"units":2,"registered":"2018-04-20","catastro":"1328301QA3612N0363DR","holder":null,"holder_count":null}},{"type":"Feature","geometry":{"type":"Point","coordinates":[-6.41736,36.69058]},"properties":{"id":"VUT/CA/04888","type":"VUT","group":"Completa","address":"AVENIDA MARINERO Nº 1 Esc. A Plta/Piso 1 Pta/Letra 8, piso 1, puerta 8","postal_code":"11520","places":6,"units":2,"registered":"2018-04-20","catastro":"0738801QA3603N0025AT","holder":null,"holder_count":null}},{"type":"Feature","geometry":{"type":"Point","coordinates":[-6.417473,36.6891]},"properties":{"id":"VUT/CA/04965","type":"VUT","group":"Completa","address":"AVENIDA DEL MAR Nº 2 Portal 4 Plta/Piso 1 Pta/Letra F Compl.Dom. URBANIZACION BAHIA PALACIO, piso 1, puerta F","postal_code":"11520","places":5,"units":2,"registered":"2018-05-04","catastro":"0736901QA3603N0375EE","holder":null,"holder_count":null}},{"type":"Feature","geometry":{"type":"Point","coordinates":[-6.359737,36.618669]},"properties":{"id":"VUT/CA/04977","type":"VUT","group":"Completa","address":"CALLE PRIM Nº 10 Plta/Piso BAJO Pta/Letra B, piso BAJO, puerta B","postal_code":"11520","places":4,"units":2,"registered":"2018-05-04","catastro":"6160409QA3566A0018QM","holder":null,"holder_count":null}},{"type":"Feature","geometry":{"type":"Point","coordinates":[-6.406291,36.676077]},"properties":{"id":"VUT/CA/04986","type":"VUT","group":"Completa","address":"AVENIDA Reina Sofia Nº 18 Blq. 5 Plta/Piso 2 Pta/Letra B Compl.Dom. Urbanizacion Torresalada II, piso 2, puerta B","postal_code":"11520","places":4,"units":2,"registered":"2018-05-06","catastro":"1820801QA3612S0241EH","holder":null,"holder_count":null}},{"type":"Feature","geometry":{"type":"Point","coordinates":[-6.351461,36.624738]},"properties":{"id":"VUT/CA/05000","type":"VUT","group":"Completa","address":"CALLE REYES CATOLICOS Nº 4 Portal 3 Plta/Piso 2 Pta/Letra C Compl.Dom. URBANIZACION LA ENSENADA, piso 2, puerta C","postal_code":"11520","places":5,"units":2,"registered":"2018-05-07","catastro":"6967901QA3566F0092HE","holder":null,"holder_count":null}},{"type":"Feature","geometry":{"type":"Point","coordinates":[-6.358194,36.626815]},"properties":{"id":"VUT/CA/05018","type":"VUT","group":"Completa","address":"CALLE VIRGEN DE LA AMARGURA Nº 2 Plta/Piso 2 Pta/Letra F, piso 2, puerta F","postal_code":"11520","places":5,"units":2,"registered":"2018-05-09","catastro":"6369601QA3566G0146AU","holder":null,"holder_count":null}},{"type":"Feature","geometry":{"type":"Point","coordinates":[-6.34992,36.625548]},"properties":{"id":"VUT/CA/05108","type":"VUT","group":"Completa","address":"CALLE SAETEROS ROTEÑOS Esc. 7 Plta/Piso BAJO Compl.Dom. RESIDENCIAL ALMIRANTE ii FASE, piso BAJO","postal_code":"11520","places":5,"units":3,"registered":"2018-05-21","catastro":"7168802QA3576G0038ZE","holder":null,"holder_count":null}},{"type":"Feature","geometry":{"type":"Point","coordinates":[-6.355686,36.625072]},"properties":{"id":"VUT/CA/05241","type":"VUT","group":"Por habitaciones","address":"CALLE Jimena de la Frontera Nº 2 Plta/Piso 1º Pta/Letra f, piso 1º, puerta f","postal_code":"11520","places":6,"units":3,"registered":"2018-06-03","catastro":"6667205QA3566F0007DF","holder":null,"holder_count":null}},{"type":"Feature","geometry":{"type":"Point","coordinates":[-6.412252,36.682162]},"properties":{"id":"VUT/CA/05268","type":"VUT","group":"Completa","address":"CALLE CALETA Nº 5 Blq. 45 Plta/Piso 1 Pta/Letra C, piso 1, puerta C","postal_code":"11520","places":10,"units":3,"registered":"2018-06-05","catastro":"1328301QA3612N0058WH","holder":"FALBEN 2010 S.L.","holder_count":1}},{"type":"Feature","geometry":{"type":"Point","coordinates":[-6.41441,36.693807]},"properties":{"id":"VUT/CA/05277","type":"VUT","group":"Completa","address":"AVENIDA RODRIGUEZ DE LA BORBOLLA Nº 4 Blq. 1 Plta/Piso 1 Pta/Letra D Compl.Dom. URBANIZACIÓN ALCA GOLF, piso 1, puerta D","postal_code":"11520","places":6,"units":2,"registered":"2018-06-06","catastro":"1045101QA3614S0012HQ","holder":"ARDECO PROYECTOS Y OBRAS S.L","holder_count":1}},{"type":"Feature","geometry":{"type":"Point","coordinates":[-6.41375,36.684835]},"properties":{"id":"VUT/CA/05286","type":"VUT","group":"Completa","address":"CALLE Peña del Águila Nº 6 Blq. 1 Pta/Letra 16 Compl.Dom. Urbanización Marina Golf, puerta 16","postal_code":"11520","places":5,"units":2,"registered":"2018-06-07","catastro":"1131401QA3613S0108DO","holder":null,"holder_count":null}},{"type":"Feature","geometry":{"type":"Point","coordinates":[-6.359057,36.621474]},"properties":{"id":"VUT/CA/05318","type":"VUT","group":"Completa","address":"CALLE PADRE CAPOTE Nº 24 Plta/Piso 2 Pta/Letra 2, piso 2, puerta 2","postal_code":"11520","places":6,"units":3,"registered":"2018-06-11","catastro":"6363911QA3566C0017PJ","holder":null,"holder_count":null}},{"type":"Feature","geometry":{"type":"Point","coordinates":[-6.408232,36.691285]},"properties":{"id":"VUT/CA/05351","type":"VUT","group":"Completa","address":"CALLE TEHIGO Nº 2 Portal 5 Pta/Letra 3 Compl.Dom. URBANIZACIÓN BALLENA GOLF, puerta 3","postal_code":"11520","places":6,"units":2,"registered":"2018-06-14","catastro":"1640802QA3613N0105WZ","holder":null,"holder_count":null}},{"type":"Feature","geometry":{"type":"Point","coordinates":[-6.406772,36.686461]},"properties":{"id":"VUT/CA/05360","type":"VUT","group":"Completa","address":"AVENIDA REINA SOFIA Nº 11 Blq. 4 Portal 4 Plta/Piso BAJO Pta/Letra A Compl.Dom. URBANIZACIÓN LA QUINTA ARCE GOLF., piso BAJO, puerta A","postal_code":"11520","places":10,"units":3,"registered":"2018-06-15","catastro":"1834101QA3613S0203RU","holder":null,"holder_count":null}},{"type":"Feature","geometry":{"type":"Point","coordinates":[-6.413972,36.689258]},"properties":{"id":"VUT/CA/05406","type":"VUT","group":"Completa","address":"CALLE LOS GAVILANES Nº 2 Portal B Plta/Piso 1 Pta/Letra 3, piso 1, puerta 3","postal_code":"11520","places":7,"units":3,"registered":"2018-06-22","catastro":"1037701QA3613N0031TS","holder":null,"holder_count":null}},{"type":"Feature","geometry":{"type":"Point","coordinates":[-6.412443,36.692825]},"properties":{"id":"VUT/CA/05413","type":"VUT","group":"Completa","address":"AVENIDA Juancarlos I Nº 8 Blq. 3 Pta/Letra 9, puerta 9","postal_code":"11520","places":5,"units":3,"registered":"2018-06-24","catastro":"1045103QA3614S0065EH","holder":null,"holder_count":null}},{"type":"Feature","geometry":{"type":"Point","coordinates":[-6.367044,36.621649]},"properties":{"id":"VUT/CA/05424","type":"VUT","group":"Completa","address":"CALLE DOCTOR GONZALEZ MENESES Portal 3 Plta/Piso 4 Pta/Letra IZQDA Compl.Dom. URBANIZACIÓN VIRGEN DEL ROCIO, piso 4, puerta IZQDA","postal_code":"11520","places":4,"units":2,"registered":"2018-06-25","catastro":"5663701QA3556D0018KM","holder":null,"holder_count":null}},{"type":"Feature","geometry":{"type":"Point","coordinates":[-6.41309,36.688417]},"properties":{"id":"VUT/CA/05463","type":"VUT","group":"Completa","address":"AVENIDA REINA SOFIA Nº 6 Esc. G Plta/Piso 2ª, piso 2ª","postal_code":"11520","places":4,"units":1,"registered":"2018-06-29","catastro":"1236701QA3613N0046LQ","holder":null,"holder_count":null}},{"type":"Feature","geometry":{"type":"Point","coordinates":[-6.410819,36.688887]},"properties":{"id":"VUT/CA/05481","type":"VUT","group":"Completa","address":"AVENIDA REINA SOFÍA Nº 7 Portal 50 Compl.Dom. URBANIZACIÓN EL PARAISO VIP PLAYA GOLF","postal_code":"11520","places":4,"units":2,"registered":"2018-07-03","catastro":"1436301QA3613N0171YB","holder":"PLAZA SISTEMAS SL","holder_count":1}},{"type":"Feature","geometry":{"type":"Point","coordinates":[-6.40806,36.693908]},"properties":{"id":"VUT/CA/05487","type":"VUT","group":"Completa","address":"CALLE DALIA Nº 1 Compl.Dom. URBANIZACIÓN TORRES DEL ATLÁNTICO Nº 16","postal_code":"11520","places":6,"units":3,"registered":"2018-07-04","catastro":"1643601QA3614S0016TT","holder":null,"holder_count":null}},{"type":"Feature","geometry":{"type":"Point","coordinates":[-6.41552,36.691448]},"properties":{"id":"VUT/CA/05514","type":"VUT","group":"Completa","address":"AVENIDA JUAN CARLOS I Nº 14 Pta/Letra 17 Compl.Dom. CASA 17 RESIDENCIAL TARTESSOS, puerta 17","postal_code":"11520","places":6,"units":3,"registered":"2018-07-09","catastro":"0939501QA3603N0017YM","holder":null,"holder_count":null}},{"type":"Feature","geometry":{"type":"Point","coordinates":[-6.41552,36.691448]},"properties":{"id":"VUT/CA/05517","type":"VUT","group":"Completa","address":"AVENIDA JUAN CARLOS I Nº 14 Pta/Letra 18 Compl.Dom. CASA 17 RESIDENCIAL TARTESSOS, puerta 18","postal_code":"11520","places":6,"units":3,"registered":"2018-07-10","catastro":"0939501QA3603N0017YM","holder":null,"holder_count":null}},{"type":"Feature","geometry":{"type":"Point","coordinates":[-6.413972,36.689258]},"properties":{"id":"VUT/CA/05532","type":"VUT","group":"Completa","address":"CALLE LOS GAVILANES Nº 2 Blq. 2 Plta/Piso BAJO Pta/Letra 5, piso BAJO, puerta 5","postal_code":"11520","places":4,"units":2,"registered":"2018-07-10","catastro":"1037701QA3613N0141GX","holder":null,"holder_count":null}},{"type":"Feature","geometry":{"type":"Point","coordinates":[-6.368708,36.627968]},"properties":{"id":"VUT/CA/05683","type":"VUT","group":"Completa","address":"CALLE RACILLO Nº 4 Plta/Piso 1 Pta/Letra P, piso 1, puerta P","postal_code":"11520","places":6,"units":2,"registered":"2018-07-27","catastro":"5457101QA3557S0031WU","holder":null,"holder_count":null}},{"type":"Feature","geometry":{"type":"Point","coordinates":[-6.386664,36.635503]},"properties":{"id":"VUT/CA/05692","type":"VUT","group":"Completa","address":"AVENIDA PRÍNCIPES DE ESPAÑA Blq. 216 Plta/Piso 36 Compl.Dom. VISTAHERMOSA, piso 36","postal_code":"11520","places":4,"units":2,"registered":"2018-07-30","catastro":"3978705QA3537H0036UA","holder":null,"holder_count":null}},{"type":"Feature","geometry":{"type":"Point","coordinates":[-6.363313,36.620227]},"properties":{"id":"VUT/CA/05698","type":"VUT","group":"Completa","address":"AVENIDA SEVILLA Nº 13 Portal 4 Plta/Piso 9 Pta/Letra I, piso 9, puerta I","postal_code":"11520","places":6,"units":3,"registered":"2018-07-30","catastro":"5861312QA3556B0149RU","holder":null,"holder_count":null}},{"type":"Feature","geometry":{"type":"Point","coordinates":[-6.357797,36.627265]},"properties":{"id":"VUT/CA/05764","type":"VUT","group":"Completa","address":"CALLE Zafadola Nº 4 Plta/Piso Bajo Pta/Letra Derecha, piso Bajo, puerta Derecha","postal_code":"11520","places":4,"units":2,"registered":"2018-08-09","catastro":"6470702QA3567A0007XO","holder":null,"holder_count":null}},{"type":"Feature","geometry":{"type":"Point","coordinates":[-6.380467,36.63338]},"properties":{"id":"VUT/CA/05780","type":"VUT","group":"Completa","address":"CALLE SAETERO JUAN SERRANO Nº 16","postal_code":"11520","places":8,"units":4,"registered":"2018-08-15","catastro":"4376105QA3547N0001IB","holder":null,"holder_count":null}},{"type":"Feature","geometry":{"type":"Point","coordinates":[-6.416643,36.690835]},"properties":{"id":"VUT/CA/05787","type":"VUT","group":"Completa","address":"CALLE LUBINA Nº 2 Portal 4 Plta/Piso BAJO Pta/Letra A Compl.Dom. RESIDENCIAL BAHÍA DE LA LUZ, piso BAJO, puerta A","postal_code":"11520","places":8,"units":3,"registered":"2018-08-17","catastro":"0738901QA3603N0204YL","holder":null,"holder_count":null}},{"type":"Feature","geometry":{"type":"Point","coordinates":[-6.362895,36.623117]},"properties":{"id":"VUT/CA/05819","type":"VUT","group":"Completa","address":"AVENIDA LA MARINA Nº 20 Plta/Piso 1 Pta/Letra B, piso 1, puerta B","postal_code":"11520","places":8,"units":3,"registered":"2018-08-24","catastro":"5965703QA3556F0002OT","holder":null,"holder_count":null}},{"type":"Feature","geometry":{"type":"Point","coordinates":[-6.367164,36.628757]},"properties":{"id":"VUT/CA/05838","type":"VUT","group":"Completa","address":"AVENIDA de La Polvora Nº 2 Portal 2 Plta/Piso 24, piso 24","postal_code":"11520","places":4,"units":2,"registered":"2018-08-28","catastro":"5571102QA3557S0026KT","holder":null,"holder_count":null}},{"type":"Feature","geometry":{"type":"Point","coordinates":[-6.409681,36.67739]},"properties":{"id":"VUT/CA/05844","type":"VUT","group":"Completa","address":"AVENIDA NUEVO OASIS Nº S/N Blq. I Pta/Letra 53 Compl.Dom. RESIDENCIAL NUEVO OASIS I, puerta 53","postal_code":"11520","places":6,"units":3,"registered":"2018-08-29","catastro":"1523401QA3612S0053YL","holder":null,"holder_count":null}},{"type":"Feature","geometry":{"type":"Point","coordinates":[-6.40463,36.680111]},"properties":{"id":"VUT/CA/05851","type":"VUT","group":"Completa","address":"CALLE AV REINA SOFIA Nº 17 Portal 42","postal_code":"11520","places":6,"units":3,"registered":"2018-08-29","catastro":"1931103QA3612N0070HX","holder":null,"holder_count":null}},{"type":"Feature","geometry":{"type":"Point","coordinates":[-6.367164,36.628757]},"properties":{"id":"VUT/CA/05870","type":"VUT","group":"Completa","address":"AVENIDA DE LA POLVORA Nº 2 Portal 2 Plta/Piso 21, piso 21","postal_code":"11520","places":4,"units":2,"registered":"2018-08-31","catastro":"5571102QA3557S0023GW","holder":null,"holder_count":null}},{"type":"Feature","geometry":{"type":"Point","coordinates":[-6.410819,36.688887]},"properties":{"id":"VUT/CA/05875","type":"VUT","group":"Completa","address":"AVENIDA DE LA REINA SOFIA Nº 7 Pta/Letra 45 Compl.Dom. URB. PARAISO VIP PLAYA GOLF, puerta 45","postal_code":"11520","places":8,"units":3,"registered":"2018-09-03","catastro":"1436301QA3613N0166RK","holder":null,"holder_count":null}},{"type":"Feature","geometry":{"type":"Point","coordinates":[-6.38706,36.635761]},"properties":{"id":"VUT/CA/05898","type":"VUT","group":"Completa","address":"AVENIDA PRINCIPES DE ESPAÑA Nº 218 Pta/Letra 23 Compl.Dom. URBANIZACIÓN VISTAHERMOSA, puerta 23","postal_code":"11520","places":6,"units":2,"registered":"2018-09-04","catastro":"4180825QA3548S0023GG","holder":null,"holder_count":null}},{"type":"Feature","geometry":{"type":"Point","coordinates":[-6.41375,36.684835]},"properties":{"id":"VUT/CA/05919","type":"VUT","group":"Completa","address":"CALLE PEÑA DEL AGUILA Nº 6 Pta/Letra 28 Compl.Dom. URBANIZACIÓN MARINA GOLF, puerta 28","postal_code":"11520","places":6,"units":3,"registered":"2018-09-07","catastro":"1131401QA3613S0028QB","holder":null,"holder_count":null}},{"type":"Feature","geometry":{"type":"Point","coordinates":[-6.358194,36.626815]},"properties":{"id":"VUT/CA/05940","type":"VUT","group":"Completa","address":"CALLE JUAN SEBASTIAN ELCANO Nº 5 Plta/Piso 2 Pta/Letra G, piso 2, puerta G","postal_code":"11520","places":4,"units":2,"registered":"2018-09-10","catastro":"6369601QA3566G0159ZJ","holder":null,"holder_count":null}},{"type":"Feature","geometry":{"type":"Point","coordinates":[-6.379292,36.634122]},"properties":{"id":"VUT/CA/05966","type":"VUT","group":"Completa","address":"CALLE SAETERO RAFAEL R. TAITA Nº 1 Portal 1 Plta/Piso 1 Pta/Letra N, piso 1, puerta N","postal_code":"11520","places":6,"units":2,"registered":"2018-09-15","catastro":"4475806QA3547N0098PZ","holder":null,"holder_count":null}},{"type":"Feature","geometry":{"type":"Point","coordinates":[-6.358722,36.61728]},"properties":{"id":"VUT/CA/05968","type":"VUT","group":"Completa","address":"CALLE PUYANA Nº 20 Pta/Letra F, puerta F","postal_code":"11520","places":2,"units":1,"registered":"2018-09-16","catastro":"6359708QA3565G0007DY","holder":"CASA ATLANTICA 2011 SL","holder_count":2}},{"type":"Feature","geometry":{"type":"Point","coordinates":[-6.358722,36.61728]},"properties":{"id":"VUT/CA/05969","type":"VUT","group":"Completa","address":"CALLE PUYANA Nº 20 Pta/Letra G, puerta G","postal_code":"11520","places":3,"units":2,"registered":"2018-09-16","catastro":"6359708QA3565G0007DY","holder":"CASA ATLANTICA 2011 SL","holder_count":2}},{"type":"Feature","geometry":{"type":"Point","coordinates":[-6.358722,36.61728]},"properties":{"id":"VUT/CA/05974","type":"VUT","group":"Completa","address":"CALLE PUYANA Nº 20 Pta/Letra C, puerta C","postal_code":"11520","places":3,"units":2,"registered":"2018-09-17","catastro":"6359708QA3565G0004PE","holder":"CALEIDOSCOPE HOMES ROTA SL","holder_count":2}},{"type":"Feature","geometry":{"type":"Point","coordinates":[-6.358722,36.61728]},"properties":{"id":"VUT/CA/05975","type":"VUT","group":"Completa","address":"CALLE PUYANA Nº 20 Pta/Letra E, puerta E","postal_code":"11520","places":3,"units":2,"registered":"2018-09-17","catastro":"6359708QA3565G0006ST","holder":"POSEIDON HOMES ROTA SL","holder_count":2}},{"type":"Feature","geometry":{"type":"Point","coordinates":[-6.358722,36.61728]},"properties":{"id":"VUT/CA/05976","type":"VUT","group":"Completa","address":"CALLE PUYANA Nº 20 Pta/Letra D, puerta D","postal_code":"11520","places":4,"units":2,"registered":"2018-09-17","catastro":"6359708QA3565G0005AR","holder":"POSEIDON HOMES ROTA SL","holder_count":2}},{"type":"Feature","geometry":{"type":"Point","coordinates":[-6.358722,36.61728]},"properties":{"id":"VUT/CA/05978","type":"VUT","group":"Completa","address":"CALLE PUYANA Nº 20 Pta/Letra A, puerta A","postal_code":"11520","places":3,"units":2,"registered":"2018-09-17","catastro":"6359708QA3565G0002IQ","holder":"CALEIDOSCOPE HOMES ROTA SL","holder_count":2}},{"type":"Feature","geometry":{"type":"Point","coordinates":[-6.406772,36.686461]},"properties":{"id":"VUT/CA/05982","type":"VUT","group":"Completa","address":"PASEO REINA SOFIA Nº 11 Blq. U3 -3 Pta/Letra 10, puerta 10","postal_code":"11520","places":6,"units":3,"registered":"2018-09-17","catastro":"1834101QA3613S0280AF","holder":"BASTERMIT S.L.","holder_count":1}},{"type":"Feature","geometry":{"type":"Point","coordinates":[-6.361445,36.619212]},"properties":{"id":"VUT/CA/05985","type":"VUT","group":"Completa","address":"CALLE HIGUERETA Nº 47 Esc. 1 Plta/Piso 2 Pta/Letra 15, piso 2, puerta 15","postal_code":"11520","places":6,"units":2,"registered":"2018-09-18","catastro":"6061607QA3566A0016WZ","holder":null,"holder_count":null}},{"type":"Feature","geometry":{"type":"Point","coordinates":[-6.406291,36.676077]},"properties":{"id":"VUT/CA/06013","type":"VUT","group":"Completa","address":"AVENIDA Reina Sofía Nº 18 Blq. 2 Plta/Piso Bajo Pta/Letra B, piso Bajo, puerta B","postal_code":"11520","places":7,"units":2,"registered":"2018-09-21","catastro":"1820801QA3612S0083RJ","holder":null,"holder_count":null}},{"type":"Feature","geometry":{"type":"Point","coordinates":[-6.408232,36.691285]},"properties":{"id":"VUT/CA/06014","type":"VUT","group":"Completa","address":"CALLE TEHIGO Nº 2 Blq. 2 Pta/Letra 5 Compl.Dom. URBANIZACION BALLENA GOLF, puerta 5","postal_code":"11520","places":6,"units":3,"registered":"2018-09-21","catastro":"1640802QA3613N0035BH","holder":null,"holder_count":null}},{"type":"Feature","geometry":{"type":"Point","coordinates":[-6.362928,36.622229]},"properties":{"id":"VUT/CA/06021","type":"VUT","group":"Completa","address":"CALLE TOLEDO Nº 14 Esc. BAJO Pta/Letra 1, puerta 1","postal_code":"11520","places":4,"units":2,"registered":"2018-09-24","catastro":"5963207QA3556D0002GP","holder":null,"holder_count":null}},{"type":"Feature","geometry":{"type":"Point","coordinates":[-6.41441,36.693807]},"properties":{"id":"VUT/CA/06026","type":"VUT","group":"Completa","address":"CALLE JOSE RODRIGUEZ DE LA BORBOLLA Nº 4 Pta/Letra 29 Compl.Dom. URBANIZACION ALCA GOLF - COSTA BALLENA, puerta 29","postal_code":"11520","places":6,"units":3,"registered":"2018-09-25","catastro":"1045101QA3614S0161UG","holder":null,"holder_count":null}},{"type":"Feature","geometry":{"type":"Point","coordinates":[-6.35954,36.623626]},"properties":{"id":"VUT/CA/06027","type":"VUT","group":"Completa","address":"AVENIDA SAN FERNANDO Nº 54 Plta/Piso 1 Pta/Letra C, piso 1, puerta C","postal_code":"11520","places":4,"units":1,"registered":"2018-09-25","catastro":"6265820QA3566E0027HL","holder":null,"holder_count":null}},{"type":"Feature","geometry":{"type":"Point","coordinates":[-6.402517,36.677313]},"properties":{"id":"VUT/CA/06077","type":"VUT","group":"Completa","address":"AVENIDA CARLA DE ORLEANS Nº 4 Blq. 2 Portal 3 Plta/Piso 1 Pta/Letra A Compl.Dom. URB LOS ANSARES, piso 1, puerta A","postal_code":"11520","places":6,"units":2,"registered":"2018-10-01","catastro":"2224802QA3622S0085RM","holder":null,"holder_count":null}},{"type":"Feature","geometry":{"type":"Point","coordinates":[-6.3555,36.62234]},"properties":{"id":"VUT/CA/06079","type":"VUT","group":"Completa","address":"CALLE SANTO TOMAS Nº 2 Plta/Piso 2 Pta/Letra A, piso 2, puerta A","postal_code":"11520","places":4,"units":2,"registered":"2018-10-02","catastro":"6664806QA3566D0007IL","holder":null,"holder_count":null}},{"type":"Feature","geometry":{"type":"Point","coordinates":[-6.363126,36.627209]},"properties":{"id":"VUT/CA/06106","type":"VUT","group":"Completa","address":"AVENIDA DE LAS MARISMAS Nº 1 Plta/Piso 02 Pta/Letra A, piso 02, puerta A","postal_code":"11520","places":5,"units":3,"registered":"2018-10-09","catastro":"5969101QA3556H0005DE","holder":null,"holder_count":null}},{"type":"Feature","geometry":{"type":"Point","coordinates":[-6.417932,36.692657]},"properties":{"id":"VUT/CA/06134","type":"VUT","group":"Completa","address":"AVENIDA DE LA URTA Portal D Plta/Piso 2 Pta/Letra 1 Compl.Dom. URBANIZACIÓN SALMEDINA - COSTA BALLENA, piso 2, puerta 1","postal_code":"11520","places":6,"units":3,"registered":"2018-10-16","catastro":"0640501QA3604S0065US","holder":null,"holder_count":null}},{"type":"Feature","geometry":{"type":"Point","coordinates":[-6.374076,36.628316]},"properties":{"id":"VUT/CA/06137","type":"VUT","group":"Completa","address":"CALLE LAGUNA DEL MORAL Nº 17 Plta/Piso 1 Pta/Letra C, piso 1, puerta C","postal_code":"11520","places":6,"units":2,"registered":"2018-10-16","catastro":"42757F0QA3547N0053FA","holder":null,"holder_count":null}},{"type":"Feature","geometry":{"type":"Point","coordinates":[-6.383737,36.630414]},"properties":{"id":"VUT/CA/06194","type":"VUT","group":"Completa","address":"AVENIDA PRINCIPE DE ESPAÑA Nº 62","postal_code":"11520","places":8,"units":4,"registered":"2018-10-23","catastro":"4273101QA3547C0230FH","holder":null,"holder_count":null}},{"type":"Feature","geometry":{"type":"Point","coordinates":[-6.41291,36.689593]},"properties":{"id":"VUT/CA/06219","type":"VUT","group":"Completa","address":"CALLE Los Gavilanes Nº 1 Blq. A Portal 2 Plta/Piso 2 Pta/Letra C, piso 2, puerta C","postal_code":"11520","places":8,"units":3,"registered":"2018-10-25","catastro":"1137501QA3613N0031SS","holder":null,"holder_count":null}},{"type":"Feature","geometry":{"type":"Point","coordinates":[-6.35769,36.621832]},"properties":{"id":"VUT/CA/06236","type":"VUT","group":"Completa","address":"CALLE ARGUELLES Nº 24 Plta/Piso BAJO Pta/Letra A, piso BAJO, puerta A","postal_code":"11520","places":4,"units":2,"registered":"2018-10-30","catastro":"6463715QA3566C0004BU","holder":null,"holder_count":null}},{"type":"Feature","geometry":{"type":"Point","coordinates":[-6.363313,36.620227]},"properties":{"id":"VUT/CA/06344","type":"VUT","group":"Completa","address":"AVENIDA de Sevilla Nº 11 Blq. 4 Plta/Piso 4 Pta/Letra izq Compl.Dom. Conjunto Residencial La Costilla, piso 4, puerta izq","postal_code":"11520","places":4,"units":2,"registered":"2018-11-14","catastro":"5861312QA3556B0139BM","holder":null,"holder_count":null}},{"type":"Feature","geometry":{"type":"Point","coordinates":[-6.407645,36.694745]},"properties":{"id":"VUT/CA/06353","type":"VUT","group":"Completa","address":"CALLE ORQUIDEA Nº 2 Pta/Letra 5, puerta 5","postal_code":"11520","places":8,"units":4,"registered":"2018-11-15","catastro":"1744602QA3614S0005EB","holder":"GESPERCON SL","holder_count":1}},{"type":"Feature","geometry":{"type":"Point","coordinates":[-6.369658,36.623567]},"properties":{"id":"VUT/CA/06372","type":"VUT","group":"Completa","address":"PLAZA De las tres Marias Nº 6 Plta/Piso Bajo Pta/Letra A, piso Bajo, puerta A","postal_code":"11520","places":5,"units":2,"registered":"2018-11-20","catastro":"5466712QA3556E0040LX","holder":"PEÑA SALAS C B","holder_count":1}},{"type":"Feature","geometry":{"type":"Point","coordinates":[-6.38706,36.635761]},"properties":{"id":"VUT/CA/06380","type":"VUT","group":"Completa","address":"AVENIDA PRINCIPES DE ESPAÑA Nº 218 Plta/Piso 1 Pta/Letra 46, piso 1, puerta 46","postal_code":"11520","places":4,"units":2,"registered":"2018-11-22","catastro":"4180825QA3548S0046OO","holder":null,"holder_count":null}},{"type":"Feature","geometry":{"type":"Point","coordinates":[-6.409681,36.67739]},"properties":{"id":"VUT/CA/06425","type":"VUT","group":"Completa","address":"AVENIDA NUEVO OASIS 1ª FASE Nº 55","postal_code":"11520","places":6,"units":3,"registered":"2018-11-28","catastro":"1523401QA3612S0055IZ","holder":null,"holder_count":null}},{"type":"Feature","geometry":{"type":"Point","coordinates":[-6.367397,36.628963]},"properties":{"id":"VUT/CA/06431","type":"VUT","group":"Completa","address":"CALLE ROMINA Nº 4 Compl.Dom. EL MIRADOR DEL CARMEN","postal_code":"11520","places":6,"units":2,"registered":"2018-11-28","catastro":"5571101QA3557S0013XK","holder":null,"holder_count":null}},{"type":"Feature","geometry":{"type":"Point","coordinates":[-6.41698,36.691498]},"properties":{"id":"VUT/CA/06448","type":"VUT","group":"Completa","address":"CALLE BOQUERON Nº 2 Blq. 1 Portal 2 Esc. 4 Plta/Piso BAJO Pta/Letra E Compl.Dom. RESIDENCIAL VISTA AZUL - COSTA BALLENA -, piso BAJO, puerta E","postal_code":"11520","places":5,"units":2,"registered":"2018-11-29","catastro":"0739601QA3604S0055YT","holder":null,"holder_count":null}},{"type":"Feature","geometry":{"type":"Point","coordinates":[-6.41291,36.689593]},"properties":{"id":"VUT/CA/06455","type":"VUT","group":"Completa","address":"CALLE GAVILANES Nº 1 Blq. 1 Plta/Piso 1 Pta/Letra A Compl.Dom. PLAYA BALLENA II, piso 1, puerta A","postal_code":"11520","places":6,"units":3,"registered":"2018-12-03","catastro":"1137501QA3613N0005KK","holder":null,"holder_count":null}},{"type":"Feature","geometry":{"type":"Point","coordinates":[-6.384854,36.628924]},"properties":{"id":"VUT/CA/06487","type":"VUT","group":"Completa","address":"AVENIDA de los corrales Nº 3 Esc. 7 Plta/Piso 2 Pta/Letra B, piso 2, puerta B","postal_code":"11520","places":4,"units":2,"registered":"2018-12-11","catastro":"4170903QA3547A0057ED","holder":null,"holder_count":null}},{"type":"Feature","geometry":{"type":"Point","coordinates":[-6.384854,36.628924]},"properties":{"id":"VUT/CA/06510","type":"VUT","group":"Completa","address":"AVENIDA LOS CORRALES Nº 3 Esc. 5 Plta/Piso 1 Pta/Letra B, piso 1, puerta B","postal_code":"11520","places":6,"units":3,"registered":"2018-12-13","catastro":"4170903QA3547A0033IK","holder":null,"holder_count":null}},{"type":"Feature","geometry":{"type":"Point","coordinates":[-6.351538,36.625403]},"properties":{"id":"VUT/CA/06556","type":"VUT","group":"Completa","address":"CALLE Sargento Céspedes Nº 1 Blq. 1 Plta/Piso 1 Pta/Letra B, piso 1, puerta B","postal_code":"11520","places":6,"units":3,"registered":"2018-12-23","catastro":"7068711QA3576G0009DY","holder":null,"holder_count":null}},{"type":"Feature","geometry":{"type":"Point","coordinates":[-6.409681,36.67739]},"properties":{"id":"VUT/CA/06561","type":"VUT","group":"Completa","address":"AVENIDA NUEVO OASIS DEL SUR   FASE 1 Blq. 23","postal_code":"11520","places":6,"units":3,"registered":"2018-12-27","catastro":"1523401QA3612S0023IZ","holder":null,"holder_count":null}},{"type":"Feature","geometry":{"type":"Point","coordinates":[-6.350501,36.62511]},"properties":{"id":"VUT/CA/06572","type":"VUT","group":"Completa","address":"CALLE JOSE EL CHATO Nº 2 Portal 5 Plta/Piso 1 Pta/Letra E, piso 1, puerta E","postal_code":"11520","places":2,"units":1,"registered":"2019-01-02","catastro":"7067801QA3576G0029OB","holder":null,"holder_count":null}},{"type":"Feature","geometry":{"type":"Point","coordinates":[-6.402517,36.677313]},"properties":{"id":"VUT/CA/06618","type":"VUT","group":"Completa","address":"AVENIDA CARLA DE ORLEANS Nº 4 Compl.Dom. URB. ANSARES DE COSTA BALLENA VIVIENDA UNIFAMILIAR 9","postal_code":"11520","places":6,"units":3,"registered":"2019-01-14","catastro":"2224802QA3622S0116TQ","holder":"DIEYANA 2004, S.L.","holder_count":1}},{"type":"Feature","geometry":{"type":"Point","coordinates":[-6.418933,36.69141]},"properties":{"id":"VUT/CA/06628","type":"VUT","group":"Completa","address":"AVENIDA PEZ ESPADA, 7 Esc. 2 Plta/Piso 16, piso 16","postal_code":"11520","places":6,"units":3,"registered":"2019-01-16","catastro":"0539701QA3603N0040FF","holder":null,"holder_count":null}},{"type":"Feature","geometry":{"type":"Point","coordinates":[-6.40649,36.690493]},"properties":{"id":"VUT/CA/06634","type":"VUT","group":"Completa","address":"AVENIDA LA BALLENA Nº 2 Blq. 1 Portal 2 Plta/Piso 2 Pta/Letra A Compl.Dom. COSTA BALLENA, piso 2, puerta A","postal_code":"11520","places":4,"units":2,"registered":"2019-01-17","catastro":"1640803QA3613N0024ZI","holder":"CAMPO ROJO SL","holder_count":1}},{"type":"Feature","geometry":{"type":"Point","coordinates":[-6.406291,36.676077]},"properties":{"id":"VUT/CA/06642","type":"VUT","group":"Completa","address":"AVENIDA REINA SOFIA Nº 18 Plta/Piso 1 Pta/Letra G Compl.Dom. URB. COSTA BALLENA, piso 1, puerta G","postal_code":"11520","places":4,"units":2,"registered":"2019-01-18","catastro":"1820801QA3612S0045QF","holder":null,"holder_count":null}},{"type":"Feature","geometry":{"type":"Point","coordinates":[-6.369591,36.622514]},"properties":{"id":"VUT/CA/06646","type":"VUT","group":"Completa","address":"AVENIDA VIRGEN DEL MAR Blq. 7 Plta/Piso 3 Pta/Letra C, piso 3, puerta C","postal_code":"11520","places":6,"units":3,"registered":"2019-01-18","catastro":"5463202QA3556C0161IX","holder":null,"holder_count":null}},{"type":"Feature","geometry":{"type":"Point","coordinates":[-6.388058,36.637476]},"properties":{"id":"VUT/CA/06652","type":"VUT","group":"Completa","address":"AVENIDA ESCRITORA ALMUDENA GRANDES Nº 2 Blq. 3 Plta/Piso 1 Pta/Letra B, piso 1, puerta B","postal_code":"11520","places":5,"units":3,"registered":"2019-01-19","catastro":"3680303QA3538S0137LW","holder":null,"holder_count":null}},{"type":"Feature","geometry":{"type":"Point","coordinates":[-6.409237,36.678208]},"properties":{"id":"VUT/CA/06664","type":"VUT","group":"Completa","address":"AVENIDA NUEVO OASIS DEL SUR Nº 2 Blq. 3 Esc. 3 Plta/Piso BAJO Pta/Letra C Compl.Dom. URBANIZACION TORRESALADA 1, piso BAJO, puerta C","postal_code":"11520","places":6,"units":2,"registered":"2019-01-21","catastro":"1721201QA3612S0075AS","holder":"INMOPUNTA ALSOL S.L","holder_count":2}},{"type":"Feature","geometry":{"type":"Point","coordinates":[-6.358785,36.616821]},"properties":{"id":"VUT/CA/06669","type":"VUT","group":"Completa","address":"CALLE Fermín Salvochea Nº 20 Plta/Piso Ático Pta/Letra A, piso Ático, puerta A","postal_code":"11520","places":4,"units":1,"registered":"2019-01-22","catastro":"6457705QA3565E0007FA","holder":null,"holder_count":null}},{"type":"Feature","geometry":{"type":"Point","coordinates":[-6.41736,36.69058]},"properties":{"id":"VUT/CA/06687","type":"VUT","group":"Completa","address":"AVENIDA MARINERO Nº 2 Esc. C Plta/Piso 2 Pta/Letra 4 Compl.Dom. EDIFICIO MIRAMAR, piso 2, puerta 4","postal_code":"11520","places":4,"units":2,"registered":"2019-01-24","catastro":"0738801QA3603N0076QK","holder":null,"holder_count":null}},{"type":"Feature","geometry":{"type":"Point","coordinates":[-6.389104,36.63816]},"properties":{"id":"VUT/CA/06701","type":"VUT","group":"Completa","address":"AVENIDA Almudena Grandes Nº 6 Esc. 5 Plta/Piso ATICO Pta/Letra B Compl.Dom. Urbanización Punta Candor, piso ATICO, puerta B","postal_code":"11520","places":6,"units":2,"registered":"2019-01-27","catastro":"3680313QA3538S0180KU","holder":null,"holder_count":null}},{"type":"Feature","geometry":{"type":"Point","coordinates":[-6.386155,36.635926]},"properties":{"id":"VUT/CA/06717","type":"VUT","group":"Completa","address":"CALLE JUAN BARRIENTOS Nº 2 Blq. 1 Portal 2 Plta/Piso 2 Pta/Letra e Compl.Dom. residencial DUNAS DE PUNTA CANDOR, piso 2, puerta e","postal_code":"11520","places":5,"units":2,"registered":"2019-01-28","catastro":"3879908QA3537N0159YH","holder":"ASESORES LEBRIJA SIGLO XXI, S.L.U","holder_count":1}},{"type":"Feature","geometry":{"type":"Point","coordinates":[-6.413972,36.689258]},"properties":{"id":"VUT/CA/06726","type":"VUT","group":"Completa","address":"CALLE LOS GAVILANES Nº 2 Blq. B Plta/Piso 1 Pta/Letra 3, piso 1, puerta 3","postal_code":"11520","places":7,"units":3,"registered":"2019-01-30","catastro":"1037701QA3613N0031TS","holder":null,"holder_count":null}},{"type":"Feature","geometry":{"type":"Point","coordinates":[-6.369188,36.627187]},"properties":{"id":"VUT/CA/06730","type":"VUT","group":"Completa","address":"AVENIDA VALDECARRETAS Nº 1 Blq. 4 Portal A Plta/Piso 2 Pta/Letra 97/7, piso 2, puerta 97/7","postal_code":"11520","places":4,"units":2,"registered":"2019-01-30","catastro":"5369101QA3556N0375RM","holder":null,"holder_count":null}},{"type":"Feature","geometry":{"type":"Point","coordinates":[-6.383737,36.630414]},"properties":{"id":"VUT/CA/06814","type":"VUT","group":"Completa","address":"AVENIDA PRINCIPE DE ESPAÑA Nº 62 Compl.Dom. URBANIZACION JARDIN DE ALMADRABA","postal_code":"11520","places":8,"units":4,"registered":"2019-02-09","catastro":"4273101QA3547c0230FH","holder":"ALQUILERES BAREA S.L","holder_count":1}},{"type":"Feature","geometry":{"type":"Point","coordinates":[-6.412252,36.682162]},"properties":{"id":"VUT/CA/06817","type":"VUT","group":"Completa","address":"CALLE CALETA Nº 5 Portal 35 Plta/Piso 2 Pta/Letra A Compl.Dom. RESIDENCIAL PLAYA DEL INFANTE, piso 2, puerta A","postal_code":"11520","places":6,"units":2,"registered":"2019-02-10","catastro":"1328301QA3612N0148ZS","holder":null,"holder_count":null}},{"type":"Feature","geometry":{"type":"Point","coordinates":[-6.358303,36.617659]},"properties":{"id":"VUT/CA/06835","type":"VUT","group":"Completa","address":"CALLE CALLE PUYANA Nº 1 Plta/Piso BAJO Pta/Letra A, piso BAJO, puerta A","postal_code":"11520","places":6,"units":2,"registered":"2019-02-11","catastro":"6359508QA3565G0001XM","holder":null,"holder_count":null}},{"type":"Feature","geometry":{"type":"Point","coordinates":[-6.369097,36.628496]},"properties":{"id":"VUT/CA/06840","type":"VUT","group":"Completa","address":"CALLE RACILLO Nº 19 Blq. 2 Portal 8 Plta/Piso 1 Pta/Letra B Compl.Dom. RESIDENCIAL PARQUE LUZ, piso 1, puerta B","postal_code":"11520","places":6,"units":2,"registered":"2019-02-12","catastro":"5370101QA3557S0089LR","holder":null,"holder_count":null}},{"type":"Feature","geometry":{"type":"Point","coordinates":[-6.405475,36.689052]},"properties":{"id":"VUT/CA/06855","type":"VUT","group":"Completa","address":"AVENIDA DE LA BALLENA Nº 6 Esc. 2 Plta/Piso 1 Pta/Letra A Compl.Dom. RESIDENCIAL LOS CAÑIZOS, piso 1, puerta A","postal_code":"11520","places":4,"units":2,"registered":"2019-02-12","catastro":"1640804QA3613N0020ER","holder":null,"holder_count":null}},{"type":"Feature","geometry":{"type":"Point","coordinates":[-6.358006,36.617225]},"properties":{"id":"VUT/CA/06856","type":"VUT","group":"Completa","address":"CALLE CUNA Nº 3 Plta/Piso 1 Pta/Letra IZQUIERDA, piso 1, puerta IZQUIERDA","postal_code":"11520","places":4,"units":1,"registered":"2019-02-13","catastro":"6458109QA3565G0005YR","holder":"FRONTIER VENTURES S.L","holder_count":1}},{"type":"Feature","geometry":{"type":"Point","coordinates":[-6.416643,36.690835]},"properties":{"id":"VUT/CA/06865","type":"VUT","group":"Completa","address":"CALLE BOQUERÓN Nº 1D Blq. 8 Plta/Piso 2 Pta/Letra C, piso 2, puerta C","postal_code":"11520","places":6,"units":3,"registered":"2019-02-13","catastro":"0738901QA3603N0260ZA","holder":null,"holder_count":null}},{"type":"Feature","geometry":{"type":"Point","coordinates":[-6.381667,36.627512]},"properties":{"id":"VUT/CA/06869","type":"VUT","group":"Completa","address":"CALLE ARRECIFE Nº 4 Esc. 4 Plta/Piso 1 Pta/Letra C, piso 1, puerta C","postal_code":"11520","places":6,"units":2,"registered":"2019-02-14","catastro":"4369801QA3546G0025ZR","holder":"STAYCARE, S.L.U.","holder_count":21}},{"type":"Feature","geometry":{"type":"Point","coordinates":[-6.38803,36.637461]},"properties":{"id":"VUT/CA/06874","type":"VUT","group":"Completa","address":"AVENIDA JOAQUIN SABINA Nº 3 Blq. 3 Portal 3 Plta/Piso 1 Pta/Letra D, piso 1, puerta D","postal_code":"11520","places":6,"units":2,"registered":"2019-02-15","catastro":"3680303QA3538S0356GZ","holder":null,"holder_count":null}},{"type":"Feature","geometry":{"type":"Point","coordinates":[-6.370042,36.623014]},"properties":{"id":"VUT/CA/06879","type":"VUT","group":"Completa","address":"AVENIDA SANTIAGO GUILLEN MORENO, VIRGEN DEL MAR Blq. 4 Plta/Piso 2 Pta/Letra C, piso 2, puerta C","postal_code":"11520","places":6,"units":3,"registered":"2019-02-15","catastro":"5265902QA3556E0189GH","holder":null,"holder_count":null}},{"type":"Feature","geometry":{"type":"Point","coordinates":[-6.402517,36.677313]},"properties":{"id":"VUT/CA/06887","type":"VUT","group":"Completa","address":"AVENIDA CARLA DE ORLEANS - CONJUNTO RESIDENCIAL LOS ÁNSARES Blq. 2 Portal 2 Plta/Piso 2 Pta/Letra B, piso 2, puerta B","postal_code":"11520","places":6,"units":2,"registered":"2019-02-18","catastro":"2224802QA3622S0157AU","holder":null,"holder_count":null}},{"type":"Feature","geometry":{"type":"Point","coordinates":[-6.417411,36.692072]},"properties":{"id":"VUT/CA/06891","type":"VUT","group":"Completa","address":"CALLE corvina Nº 1 Blq. 5 Plta/Piso 0 Pta/Letra d, piso 0, puerta d","postal_code":"11520","places":4,"units":1,"registered":"2019-02-18","catastro":"0740801QA3604S0070DF","holder":null,"holder_count":null}},{"type":"Feature","geometry":{"type":"Point","coordinates":[-6.413321,36.681377]},"properties":{"id":"VUT/CA/06899","type":"VUT","group":"Completa","address":"CALLE CALETA Nº 34 Blq. 1 Portal 1 Plta/Piso 1 Pta/Letra C Compl.Dom. RES.PLAYA DEL INFANTE-URB.COSTA BALLENA, piso 1, puerta C","postal_code":"11520","places":6,"units":3,"registered":"2019-02-18","catastro":"1228803QA3612N0006AW","holder":"POWDERCASE LIMITED","holder_count":1}},{"type":"Feature","geometry":{"type":"Point","coordinates":[-6.384854,36.628924]},"properties":{"id":"VUT/CA/06918","type":"VUT","group":"Completa","address":"AVENIDA Los Corrales Nº 3 Esc. 3 Plta/Piso bajo Pta/Letra C, piso bajo, puerta C","postal_code":"11520","places":6,"units":2,"registered":"2019-02-21","catastro":"4170903QA3547A0019MP","holder":null,"holder_count":null}},{"type":"Feature","geometry":{"type":"Point","coordinates":[-6.350501,36.62511]},"properties":{"id":"VUT/CA/06945","type":"VUT","group":"Completa","address":"CALLE DUQUE DE ARCOS Nº 2 Blq. 1 Esc. 1 Plta/Piso 2 Pta/Letra B Compl.Dom. URBANIZACIÒN PICO BARRO, piso 2, puerta B","postal_code":"11520","places":5,"units":2,"registered":"2019-02-27","catastro":"7067801QA3576G0008JT","holder":null,"holder_count":null}},{"type":"Feature","geometry":{"type":"Point","coordinates":[-6.406291,36.676077]},"properties":{"id":"VUT/CA/06973","type":"VUT","group":"Completa","address":"AVENIDA REINA SOFIA Nº 18 Blq. 5 Plta/Piso BAJA Pta/Letra B Compl.Dom. URBANIZACION TORRESALADA II, piso BAJA, puerta B","postal_code":"11520","places":5,"units":2,"registered":"2019-03-07","catastro":"1820801QA3612S0227KI","holder":null,"holder_count":null}},{"type":"Feature","geometry":{"type":"Point","coordinates":[-6.41824,36.691704]},"properties":{"id":"VUT/CA/07003","type":"VUT","group":"Completa","address":"AVENIDA pez de espada Nº 8 Plta/Piso 1 Pta/Letra 13, piso 1, puerta 13","postal_code":"11520","places":4,"units":2,"registered":"2019-03-14","catastro":"0639401QA3603N0013XL","holder":null,"holder_count":null}},{"type":"Feature","geometry":{"type":"Point","coordinates":[-6.41441,36.693807]},"properties":{"id":"VUT/CA/07011","type":"VUT","group":"Completa","address":"AVENIDA JOSE RODRIGUEZ DE LA BORBOLLA Nº 4 Blq. 1 Plta/Piso 1º Pta/Letra A, piso 1º, puerta A","postal_code":"11520","places":5,"units":2,"registered":"2019-03-14","catastro":"1045101QA3614S0009HQ","holder":null,"holder_count":null}},{"type":"Feature","geometry":{"type":"Point","coordinates":[-6.404209,36.676473]},"properties":{"id":"VUT/CA/07025","type":"VUT","group":"Por habitaciones","address":"AVENIDA REINA SOFIA Nº 23 Portal 7 Plta/Piso 2 Pta/Letra C, piso 2, puerta C","postal_code":"11520","places":2,"units":1,"registered":"2019-03-18","catastro":"2224801QA3622S0143FL","holder":null,"holder_count":null}},{"type":"Feature","geometry":{"type":"Point","coordinates":[-6.406291,36.676077]},"properties":{"id":"VUT/CA/07096","type":"VUT","group":"Completa","address":"AVENIDA REINA SOFÍA Nº 18 Blq. 3 Plta/Piso 2 Pta/Letra C Compl.Dom. URBANIZACIÓN TRRESALADA II, piso 2, puerta C","postal_code":"11520","places":4,"units":2,"registered":"2019-04-08","catastro":"1820801QA3612S0146TK","holder":null,"holder_count":null}},{"type":"Feature","geometry":{"type":"Point","coordinates":[-6.351461,36.624738]},"properties":{"id":"VUT/CA/07109","type":"VUT","group":"Completa","address":"CALLE REYES CATÓLICOS Nº 4 Portal 6 Plta/Piso 3 Pta/Letra C, piso 3, puerta C","postal_code":"11520","places":4,"units":2,"registered":"2019-04-09","catastro":"6967901QA3566F0188KT","holder":null,"holder_count":null}},{"type":"Feature","geometry":{"type":"Point","coordinates":[-6.40463,36.680111]},"properties":{"id":"VUT/CA/07128","type":"VUT","group":"Completa","address":"AVENIDA REINA SOFIA Nº 19","postal_code":"11520","places":8,"units":2,"registered":"2019-04-15","catastro":"1931103QA3612N0019YS","holder":null,"holder_count":null}},{"type":"Feature","geometry":{"type":"Point","coordinates":[-6.413859,36.692229]},"properties":{"id":"VUT/CA/07130","type":"VUT","group":"Completa","address":"AVENIDA JOSE RODRIGUEZ DE LA BORBOLLA Nº 2 Esc. 4 Pta/Letra 27 Compl.Dom. RESIDENCIAL GALIA- BALLENA - 1ª FASE, puerta 27","postal_code":"11520","places":6,"units":3,"registered":"2019-04-15","catastro":"1045104QA3614S0059OD","holder":null,"holder_count":null}},{"type":"Feature","geometry":{"type":"Point","coordinates":[-6.412252,36.682162]},"properties":{"id":"VUT/CA/07159","type":"VUT","group":"Completa","address":"CALLE CALETA Nº 5 Portal 37 Plta/Piso 1 Pta/Letra A Compl.Dom. COSTA BALLENA, piso 1, puerta A","postal_code":"11520","places":4,"units":2,"registered":"2019-04-22","catastro":"1328301QA3612N0139GY","holder":null,"holder_count":null}},{"type":"Feature","geometry":{"type":"Point","coordinates":[-6.361751,36.623342]},"properties":{"id":"VUT/CA/07181","type":"VUT","group":"Completa","address":"AVENIDA DE LA MARINA Nº 14 Plta/Piso 2 Pta/Letra D, piso 2, puerta D","postal_code":"11520","places":7,"units":3,"registered":"2019-04-22","catastro":"6065905qa3566e0008ay","holder":null,"holder_count":null}},{"type":"Feature","geometry":{"type":"Point","coordinates":[-6.406291,36.676077]},"properties":{"id":"VUT/CA/07226","type":"VUT","group":"Completa","address":"CALLE Reina Sofía Nº 18-20 Blq. 4 Plta/Piso bajo Pta/Letra C Compl.Dom. Urb. Torresalada II, piso bajo, puerta C","postal_code":"11520","places":6,"units":2,"registered":"2019-04-22","catastro":"1820801QA3612S0179YL","holder":null,"holder_count":null}},{"type":"Feature","geometry":{"type":"Point","coordinates":[-6.41112,36.690483]},"properties":{"id":"VUT/CA/07237","type":"VUT","group":"Completa","address":"AVENIDA Reina Sofia Nº 3 Portal 9 Plta/Piso bajo Pta/Letra d, piso bajo, puerta d","postal_code":"11520","places":6,"units":3,"registered":"2019-04-22","catastro":"1338901QA3613N0112UW","holder":null,"holder_count":null}},{"type":"Feature","geometry":{"type":"Point","coordinates":[-6.412252,36.682162]},"properties":{"id":"VUT/CA/07240","type":"VUT","group":"Completa","address":"CALLE Caleta Nº 3 Blq. 45 Plta/Piso Bajo Pta/Letra A, piso Bajo, puerta A","postal_code":"11520","places":5,"units":2,"registered":"2019-04-22","catastro":"1328301QA3612N0053BA","holder":"Sociedad Patrimonial 5 de Enero s.l.","holder_count":3}},{"type":"Feature","geometry":{"type":"Point","coordinates":[-6.412252,36.682162]},"properties":{"id":"VUT/CA/07241","type":"VUT","group":"Completa","address":"CALLE Caleta Nº 3 Blq. 37 Plta/Piso 2ª Pta/Letra B, piso 2ª, puerta B","postal_code":"11520","places":7,"units":3,"registered":"2019-04-22","catastro":"1328301QA3612N0143HU","holder":"Sociedad Patrimonial 5 de Enero s.l.","holder_count":3}},{"type":"Feature","geometry":{"type":"Point","coordinates":[-6.413778,36.68277]},"properties":{"id":"VUT/CA/07267","type":"VUT","group":"Completa","address":"CALLE LA CALETA Nº 12 Plta/Piso BAJO Pta/Letra B, piso BAJO, puerta B","postal_code":"11520","places":4,"units":2,"registered":"2019-04-23","catastro":"1228802QA3612N0024FF","holder":null,"holder_count":null}},{"type":"Feature","geometry":{"type":"Point","coordinates":[-6.41824,36.691704]},"properties":{"id":"VUT/CA/07274","type":"VUT","group":"Completa","address":"AVENIDA PEZ ESPADA Nº 6 Plta/Piso 1 Pta/Letra 4 Compl.Dom. COSTA BALLENA, piso 1, puerta 4","postal_code":"11520","places":4,"units":2,"registered":"2019-04-23","catastro":"0639401QA3603N0004HD","holder":null,"holder_count":null}},{"type":"Feature","geometry":{"type":"Point","coordinates":[-6.41309,36.688417]},"properties":{"id":"VUT/CA/07276","type":"VUT","group":"Completa","address":"AVENIDA REINA SOFIA Nº 6 Blq. G Plta/Piso 1 Pta/Letra B, piso 1, puerta B","postal_code":"11520","places":6,"units":3,"registered":"2019-04-23","catastro":"1236701QA3613N0045KM","holder":"MCV INVERSIONES Y PRODUCCIONES 2012 S.L.","holder_count":1}},{"type":"Feature","geometry":{"type":"Point","coordinates":[-6.410263,36.687257]},"properties":{"id":"VUT/CA/07282","type":"VUT","group":"Completa","address":"AVENIDA REINA SOFIA Nº 9 Compl.Dom. URBANIZACION SALINAS CLUB ATICO 42","postal_code":"11520","places":4,"units":1,"registered":"2019-04-23","catastro":"1436302QA3613N0087WU","holder":null,"holder_count":null}},{"type":"Feature","geometry":{"type":"Point","coordinates":[-6.41112,36.690483]},"properties":{"id":"VUT/CA/07320","type":"VUT","group":"Completa","address":"AVENIDA REINA SOFIA Nº 3 Portal 7 Plta/Piso 3 Pta/Letra A Compl.Dom. URBANIZACION LAS DUNAS FASE III, piso 3, puerta A","postal_code":"11520","places":5,"units":2,"registered":"2019-04-23","catastro":"1338901QA3613N0093GP","holder":null,"holder_count":null}},{"type":"Feature","geometry":{"type":"Point","coordinates":[-6.409237,36.678208]},"properties":{"id":"VUT/CA/07332","type":"VUT","group":"Completa","address":"AVENIDA NUEVO OASIS DEL SUR Nº 2 Blq. 2 Portal 1 Plta/Piso 2 Pta/Letra C Compl.Dom. COSTA BALLENA, piso 2, puerta C","postal_code":"11520","places":5,"units":2,"registered":"2019-04-23","catastro":"1721201QA3612S0036UI","holder":null,"holder_count":null}},{"type":"Feature","geometry":{"type":"Point","coordinates":[-6.41824,36.691704]},"properties":{"id":"VUT/CA/07336","type":"VUT","group":"Completa","address":"AVENIDA PEZ ESPADA Nº 6 Plta/Piso 1 Pta/Letra 4, piso 1, puerta 4","postal_code":"11520","places":4,"units":2,"registered":"2019-04-23","catastro":"0639401QA3603N0004HD","holder":null,"holder_count":null}},{"type":"Feature","geometry":{"type":"Point","coordinates":[-6.410819,36.688887]},"properties":{"id":"VUT/CA/07340","type":"VUT","group":"Completa","address":"AVENIDA Reina Sofia Nº 5 Blq. 1 Plta/Piso 3 Pta/Letra 3, piso 3, puerta 3","postal_code":"11520","places":8,"units":3,"registered":"2019-04-23","catastro":"1436301QA3613N0027BA","holder":null,"holder_count":null}},{"type":"Feature","geometry":{"type":"Point","coordinates":[-6.410819,36.688887]},"properties":{"id":"VUT/CA/07341","type":"VUT","group":"Completa","address":"AVENIDA Reina Sofia Nº 5 Blq. 3 Plta/Piso 2 Pta/Letra 11, piso 2, puerta 11","postal_code":"11520","places":6,"units":2,"registered":"2019-04-23","catastro":"1436301QA3613N0087HU","holder":null,"holder_count":null}},{"type":"Feature","geometry":{"type":"Point","coordinates":[-6.41309,36.688417]},"properties":{"id":"VUT/CA/07364","type":"VUT","group":"Completa","address":"AVENIDA REINA SOFIA Nº 6 Blq. I Plta/Piso 3 Pta/Letra A, piso 3, puerta A","postal_code":"11520","places":4,"units":2,"registered":"2019-04-23","catastro":"1236701QA3613N0060RO","holder":null,"holder_count":null}},{"type":"Feature","geometry":{"type":"Point","coordinates":[-6.413778,36.68277]},"properties":{"id":"VUT/CA/07378","type":"VUT","group":"Completa","address":"CALLE La Caleta Nº 8 Plta/Piso Bajo Pta/Letra A, piso Bajo, puerta A","postal_code":"11520","places":6,"units":3,"registered":"2019-04-23","catastro":"1228802QA3612N0029LL","holder":null,"holder_count":null}},{"type":"Feature","geometry":{"type":"Point","coordinates":[-6.366536,36.62923]},"properties":{"id":"VUT/CA/07384","type":"VUT","group":"Completa","address":"CALLE JARDÍN BRISAS DE ROTA Nº 2 Esc. 2 Plta/Piso 2 Pta/Letra C, piso 2, puerta C","postal_code":"11520","places":6,"units":2,"registered":"2019-04-23","catastro":"5671101QA3557S0085LM","holder":null,"holder_count":null}},{"type":"Feature","geometry":{"type":"Point","coordinates":[-6.406772,36.686461]},"properties":{"id":"VUT/CA/07404","type":"VUT","group":"Completa","address":"AVENIDA REINA SOFIA Nº 11 Blq. 2 Portal 3 Plta/Piso 3 Pta/Letra A Compl.Dom. URBANIZACION COSTA BALLENA, piso 3, puerta A","postal_code":"11520","places":6,"units":3,"registered":"2019-04-23","catastro":"1834101QA3613S0079UP","holder":null,"holder_count":null}},{"type":"Feature","geometry":{"type":"Point","coordinates":[-6.402517,36.677313]},"properties":{"id":"VUT/CA/07411","type":"VUT","group":"Completa","address":"AVENIDA Carla de Orleans Nº 2 Blq. 2 Portal 1 Plta/Piso Bajo Pta/Letra A Compl.Dom. Urbanización Los Ánsares, piso Bajo, puerta A","postal_code":"11520","places":5,"units":2,"registered":"2019-04-23","catastro":"2224802QA3622S0056UE","holder":null,"holder_count":null}},{"type":"Feature","geometry":{"type":"Point","coordinates":[-6.408232,36.691285]},"properties":{"id":"VUT/CA/07424","type":"VUT","group":"Completa","address":"CALLE TEHIGO Nº 2 Blq. 3 Portal 3","postal_code":"11520","places":5,"units":2,"registered":"2019-04-23","catastro":"1640802QA3613N0055AU","holder":null,"holder_count":null}},{"type":"Feature","geometry":{"type":"Point","coordinates":[-6.413601,36.690643]},"properties":{"id":"VUT/CA/07457","type":"VUT","group":"Completa","address":"AVENIDA JUAN CARLOS I Blq. B Esc. 2 Plta/Piso 02 Pta/Letra D Compl.Dom. RESIDENCIAL PLAYA BALLENA III, piso 02, puerta D","postal_code":"11520","places":6,"units":3,"registered":"2019-04-23","catastro":"1138301QA3613N0080BM","holder":null,"holder_count":null}},{"type":"Feature","geometry":{"type":"Point","coordinates":[-6.412252,36.682162]},"properties":{"id":"VUT/CA/07468","type":"VUT","group":"Completa","address":"CALLE Caleta Nº 3 Blq. 37 Plta/Piso 2ª Pta/Letra A, piso 2ª, puerta A","postal_code":"11520","places":5,"units":2,"registered":"2019-04-24","catastro":"1328301QA3612N0142GY","holder":"Sociedad Patrimonial 5 de Enero s.l.","holder_count":3}},{"type":"Feature","geometry":{"type":"Point","coordinates":[-6.406291,36.676077]},"properties":{"id":"VUT/CA/07505","type":"VUT","group":"Completa","address":"AVENIDA REINA SOFIA Nº 18 Blq. 6 Plta/Piso BAJA Pta/Letra G Compl.Dom. URBANIZACION TORRESALADA II, piso BAJA, puerta G","postal_code":"11520","places":5,"units":2,"registered":"2019-04-26","catastro":"1820801QA3612S0285SW","holder":null,"holder_count":null}},{"type":"Feature","geometry":{"type":"Point","coordinates":[-6.413321,36.681377]},"properties":{"id":"VUT/CA/07525","type":"VUT","group":"Completa","address":"CALLE LA CALETA Nº 8 Portal 30 Plta/Piso 3 Pta/Letra B, piso 3, puerta B","postal_code":"11520","places":6,"units":3,"registered":"2019-04-30","catastro":"1228803QA3612N0024MF","holder":null,"holder_count":null}},{"type":"Feature","geometry":{"type":"Point","coordinates":[-6.366218,36.621326]},"properties":{"id":"VUT/CA/07534","type":"VUT","group":"Completa","address":"CALLE CORDOBA Portal 6 Plta/Piso 8 Pta/Letra C, piso 8, puerta C","postal_code":"11520","places":8,"units":3,"registered":"2019-05-01","catastro":"5663703QA3556D0066MP","holder":null,"holder_count":null}},{"type":"Feature","geometry":{"type":"Point","coordinates":[-6.406772,36.686461]},"properties":{"id":"VUT/CA/07545","type":"VUT","group":"Completa","address":"AVENIDA REINA SOFIA Nº 11 Blq. 3 Portal 4 Plta/Piso 1 Pta/Letra D, piso 1, puerta D","postal_code":"11520","places":5,"units":2,"registered":"2019-05-02","catastro":"1834101QA3613S0158KZ","holder":null,"holder_count":null}},{"type":"Feature","geometry":{"type":"Point","coordinates":[-6.38803,36.637461]},"properties":{"id":"VUT/CA/07549","type":"VUT","group":"Completa","address":"AVENIDA JOAQUIN SABINA Nº 3 Esc. 4 Plta/Piso 2 Pta/Letra A, piso 2, puerta A","postal_code":"11520","places":6,"units":2,"registered":"2019-05-03","catastro":"3680303QA3538S0370MY","holder":null,"holder_count":null}},{"type":"Feature","geometry":{"type":"Point","coordinates":[-6.418506,36.690834]},"properties":{"id":"VUT/CA/07570","type":"VUT","group":"Completa","address":"CALLE BOGAVANTE Nº 2 Esc. 3 Plta/Piso BAJO Pta/Letra C Compl.Dom. COSTA BALLENA, piso BAJO, puerta C","postal_code":"11520","places":4,"units":2,"registered":"2019-05-07","catastro":"0638901QA3603N0031EI","holder":null,"holder_count":null}},{"type":"Feature","geometry":{"type":"Point","coordinates":[-6.417411,36.692072]},"properties":{"id":"VUT/CA/07576","type":"VUT","group":"Completa","address":"CALLE corvina Nº 1 Blq. 5 Plta/Piso 1 Pta/Letra A Compl.Dom. urbanizacion lago Alca, piso 1, puerta A","postal_code":"11520","places":4,"units":1,"registered":"2019-05-07","catastro":"0740801QA3604S0071FG","holder":null,"holder_count":null}},{"type":"Feature","geometry":{"type":"Point","coordinates":[-6.41291,36.689593]},"properties":{"id":"VUT/CA/07626","type":"VUT","group":"Completa","address":"CALLE LOS GAVILANES Nº 1 Blq. A Portal 2 Plta/Piso 1 Pta/Letra F Compl.Dom. PLAZA DE APARCAMIENTO, piso 1, puerta F","postal_code":"11520","places":4,"units":1,"registered":"2019-05-10","catastro":"1137501QA3613N0026PP","holder":null,"holder_count":null}},{"type":"Feature","geometry":{"type":"Point","coordinates":[-6.410819,36.688887]},"properties":{"id":"VUT/CA/07634","type":"VUT","group":"Completa","address":"AVENIDA REINA SOFIA Nº 5 Blq. 2 Plta/Piso BAJO Pta/Letra 8, piso BAJO, puerta 8","postal_code":"11520","places":7,"units":2,"registered":"2019-05-12","catastro":"1436301QA3613N0035WH","holder":null,"holder_count":null}},{"type":"Feature","geometry":{"type":"Point","coordinates":[-6.365926,36.620881]},"properties":{"id":"VUT/CA/07661","type":"VUT","group":"Completa","address":"CALLE ECIJA Nº 2 Portal A Plta/Piso 3ª Pta/Letra B, piso 3ª, puerta B","postal_code":"11520","places":4,"units":2,"registered":"2019-05-15","catastro":"5762101QA3556B0019TY","holder":null,"holder_count":null}},{"type":"Feature","geometry":{"type":"Point","coordinates":[-6.413778,36.68277]},"properties":{"id":"VUT/CA/07685","type":"VUT","group":"Completa","address":"CALLE PEÑA DEL AGUILA Nº 5 Plta/Piso BAJO Pta/Letra B, piso BAJO, puerta B","postal_code":"11520","places":6,"units":3,"registered":"2019-05-16","catastro":"1228802QA3612N0140RR","holder":null,"holder_count":null}},{"type":"Feature","geometry":{"type":"Point","coordinates":[-6.37646,36.62797]},"properties":{"id":"VUT/CA/07687","type":"VUT","group":"Completa","address":"CALLE MANUEL RODRIGUEZ MANOLETE Nº 2 Compl.Dom. PISO 2.06","postal_code":"11520","places":5,"units":2,"registered":"2019-05-17","catastro":"4770911QA3547B0018LK","holder":null,"holder_count":null}},{"type":"Feature","geometry":{"type":"Point","coordinates":[-6.383602,36.63452]},"properties":{"id":"VUT/CA/07693","type":"VUT","group":"Completa","address":"CALLE NUESTRO PADRE JESÚS DE LA SALUD Nº 41","postal_code":"11520","places":5,"units":4,"registered":"2019-05-18","catastro":"4076445QA3547N0001BB","holder":null,"holder_count":null}},{"type":"Feature","geometry":{"type":"Point","coordinates":[-6.41375,36.684835]},"properties":{"id":"VUT/CA/07706","type":"VUT","group":"Completa","address":"RESIDENCIAL Marina Golf Nº 102","postal_code":"11520","places":4,"units":2,"registered":"2019-05-21","catastro":"1131401QA3613S0117LG","holder":null,"holder_count":null}},{"type":"Feature","geometry":{"type":"Point","coordinates":[-6.35871,36.61837]},"properties":{"id":"VUT/CA/07716","type":"VUT","group":"Completa","address":"CALLE BLAS INFANTE Nº 5 Plta/Piso 1 Pta/Letra B, piso 1, puerta B","postal_code":"11520","places":5,"units":2,"registered":"2019-05-21","catastro":"6359107QA3565G0006WT","holder":null,"holder_count":null}},{"type":"Feature","geometry":{"type":"Point","coordinates":[-6.358256,36.623632]},"properties":{"id":"VUT/CA/07779","type":"VUT","group":"Completa","address":"CALLE MIGUEL DE CERVANTES Nº 5 Plta/Piso 0 Pta/Letra IZQ, piso 0, puerta IZQ","postal_code":"11520","places":4,"units":2,"registered":"2019-05-27","catastro":"6365216QA3566E0003EQ","holder":null,"holder_count":null}},{"type":"Feature","geometry":{"type":"Point","coordinates":[-6.377304,36.628183]},"properties":{"id":"VUT/CA/07805","type":"VUT","group":"Completa","address":"CALLE ANTONIO ORDOÑEZ Nº 5","postal_code":"11520","places":8,"units":4,"registered":"2019-05-29","catastro":"4670208QA3547B0001IR","holder":null,"holder_count":null}},{"type":"Feature","geometry":{"type":"Point","coordinates":[-6.356927,36.617403]},"properties":{"id":"VUT/CA/07815","type":"VUT","group":"Completa","address":"CALLE LUIS VÁZQUEZ Nº 16 Plta/Piso 1 Pta/Letra E, piso 1, puerta E","postal_code":"11520","places":7,"units":2,"registered":"2019-05-29","catastro":"6458407QA3565G0005MR","holder":null,"holder_count":null}},{"type":"Feature","geometry":{"type":"Point","coordinates":[-6.41441,36.693807]},"properties":{"id":"VUT/CA/07831","type":"VUT","group":"Completa","address":"AVENIDA JOSE RODRIGUEZ DE LA BORBOLLA Nº 4 Blq. 2 Plta/Piso 1 Pta/Letra F Compl.Dom. URBANIZACION ALCA GOLF. COSTA BALLENA, piso 1, puerta F","postal_code":"11520","places":6,"units":3,"registered":"2019-06-01","catastro":"1045101QA3614S0038DZ","holder":null,"holder_count":null}},{"type":"Feature","geometry":{"type":"Point","coordinates":[-6.40874,36.674193]},"properties":{"id":"VUT/CA/07877","type":"VUT","group":"Completa","address":"AVENIDA CARLA DE ORLEANS Nº 1 Pta/Letra 41, puerta 41","postal_code":"11520","places":9,"units":3,"registered":"2019-06-04","catastro":"1620901QA3612S0045ZF","holder":null,"holder_count":null}},{"type":"Feature","geometry":{"type":"Point","coordinates":[-6.413859,36.692229]},"properties":{"id":"VUT/CA/07878","type":"VUT","group":"Completa","address":"AVENIDA José Rodríguez de la Borbolla Nº 2 Esc. 5 Plta/Piso 1 Pta/Letra 31 Compl.Dom. Residencial Galia-Ballena II Fase, piso 1, puerta 31","postal_code":"11520","places":4,"units":2,"registered":"2019-06-04","catastro":"1045104QA3614S0189PF","holder":null,"holder_count":null}},{"type":"Feature","geometry":{"type":"Point","coordinates":[-6.41309,36.688417]},"properties":{"id":"VUT/CA/07886","type":"VUT","group":"Completa","address":"AVENIDA REINA SOFIA Nº 6 Blq. I Plta/Piso 3 Pta/Letra A, piso 3, puerta A","postal_code":"11520","places":4,"units":2,"registered":"2019-06-05","catastro":"1236701QA3613N0060RO","holder":null,"holder_count":null}},{"type":"Feature","geometry":{"type":"Point","coordinates":[-6.407394,36.693314]},"properties":{"id":"VUT/CA/07909","type":"VUT","group":"Completa","address":"CALLE DALIA Nº 2 Compl.Dom. URBANIZACIÓN ATLÁNTICA, CASA NÚMERO 5","postal_code":"11520","places":6,"units":3,"registered":"2019-06-06","catastro":"1744603QA3614S0001IH","holder":null,"holder_count":null}},{"type":"Feature","geometry":{"type":"Point","coordinates":[-6.412443,36.692825]},"properties":{"id":"VUT/CA/07935","type":"VUT","group":"Completa","address":"AVENIDA Juan Carlos I Nº 1 Blq. 1 Plta/Piso 2 Pta/Letra 20, piso 2, puerta 20","postal_code":"11520","places":6,"units":3,"registered":"2019-06-10","catastro":"1045103QA3614S0020HY","holder":null,"holder_count":null}},{"type":"Feature","geometry":{"type":"Point","coordinates":[-6.417411,36.692072]},"properties":{"id":"VUT/CA/07937","type":"VUT","group":"Completa","address":"CALLE PARGO Nº 2 Blq. 3 Portal 1 Pta/Letra F, puerta F","postal_code":"11520","places":4,"units":2,"registered":"2019-06-10","catastro":"0740801QA3604S0051MQ","holder":"AROVASUR S.L","holder_count":1}},{"type":"Feature","geometry":{"type":"Point","coordinates":[-6.413859,36.692229]},"properties":{"id":"VUT/CA/07977","type":"VUT","group":"Completa","address":"AVENIDA JUAN CARLOS I Nº 10 Blq. 7 Portal 3","postal_code":"11520","places":6,"units":3,"registered":"2019-06-12","catastro":"1045104QA3614S0246TO","holder":null,"holder_count":null}},{"type":"Feature","geometry":{"type":"Point","coordinates":[-6.417411,36.692072]},"properties":{"id":"VUT/CA/07984","type":"VUT","group":"Completa","address":"CALLE Pargo Nº 2 Portal 8 Plta/Piso 2 Pta/Letra A, piso 2, puerta A","postal_code":"11520","places":6,"units":2,"registered":"2019-06-12","catastro":"0740801QA3604S0110BZ","holder":null,"holder_count":null}},{"type":"Feature","geometry":{"type":"Point","coordinates":[-6.364192,36.621337]},"properties":{"id":"VUT/CA/07999","type":"VUT","group":"Completa","address":"CALLE POETA MARILO NAVAL Nº 2 Esc. 02 Plta/Piso 03 Pta/Letra D Compl.Dom. Según escrituras.:68, Piso letra B, Plt 3ª, del Bloque 2, Edificio denominado ALHAMBRA-Núm 28 de la AVDA SEVILLA, piso 03, puerta D","postal_code":"11520","places":12,"units":3,"registered":"2019-06-14","catastro":"5862229QA3556B0079AW","holder":null,"holder_count":null}},{"type":"Feature","geometry":{"type":"Point","coordinates":[-6.361709,36.622539]},"properties":{"id":"VUT/CA/08006","type":"VUT","group":"Completa","address":"CALLE santa teresa de jesus Nº 1","postal_code":"11520","places":2,"units":4,"registered":"2019-06-14","catastro":"6064808QA3566C0008YA","holder":null,"holder_count":null}},{"type":"Feature","geometry":{"type":"Point","coordinates":[-6.408232,36.691285]},"properties":{"id":"VUT/CA/08010","type":"VUT","group":"Completa","address":"CALLE TEHIGO Nº 2 Blq. 1 Plta/Piso 2 Y 3 Compl.Dom. CONJUNTO RESIDENCIAL BALLENA GOLF, piso 2 Y 3","postal_code":"11520","places":5,"units":2,"registered":"2019-06-14","catastro":"1640802QA3613N0023AU","holder":null,"holder_count":null}},{"type":"Feature","geometry":{"type":"Point","coordinates":[-6.366002,36.628478]},"properties":{"id":"VUT/CA/08014","type":"VUT","group":"Por habitaciones","address":"AVENIDA VALDECARRETAS Nº 12 Blq. 1 Plta/Piso BAJA Pta/Letra B, piso BAJA, puerta B","postal_code":"11520","places":5,"units":2,"registered":"2019-06-14","catastro":"5670303QA3557S0003TA","holder":null,"holder_count":null}},{"type":"Feature","geometry":{"type":"Point","coordinates":[-6.360414,36.620108]},"properties":{"id":"VUT/CA/08026","type":"VUT","group":"Completa","address":"PLAZA Vicente Beltran Nº 6 Portal 2 Pta/Letra 8, puerta 8","postal_code":"11520","places":4,"units":3,"registered":"2019-06-17","catastro":"6262132QA3566A0013BK","holder":null,"holder_count":null}},{"type":"Feature","geometry":{"type":"Point","coordinates":[-6.411045,36.686546]},"properties":{"id":"VUT/CA/08058","type":"VUT","group":"Completa","address":"AVENIDA REINA SOFIA Nº 10 Blq. A Esc. 3A Plta/Piso 2 Pta/Letra A Compl.Dom. RESIDENCIAL HOYO 11, piso 2, puerta A","postal_code":"11520","places":8,"units":3,"registered":"2019-06-19","catastro":"1334701QA3613S0022YF","holder":"JL SUNMARINE, S.L.","holder_count":1}},{"type":"Feature","geometry":{"type":"Point","coordinates":[-6.408694,36.694011]},"properties":{"id":"VUT/CA/08092","type":"VUT","group":"Completa","address":"CALLE Dalia Nº 3 Portal 3 Plta/Piso Bj Pta/Letra a Compl.Dom. Urb Los Juncos. Costa Ballena, piso Bj, puerta a","postal_code":"11520","places":6,"units":2,"registered":"2019-06-21","catastro":"1543902QA3614S0054FI","holder":null,"holder_count":null}},{"type":"Feature","geometry":{"type":"Point","coordinates":[-6.412252,36.682162]},"properties":{"id":"VUT/CA/08094","type":"VUT","group":"Completa","address":"CALLE CALETA Nº 5 Blq. V Esc. 17 Plta/Piso BAJO Pta/Letra A, piso BAJO, puerta A","postal_code":"11520","places":5,"units":2,"registered":"2019-06-22","catastro":"1328301QA3612N0354UZ","holder":null,"holder_count":null}},{"type":"Feature","geometry":{"type":"Point","coordinates":[-6.40649,36.690493]},"properties":{"id":"VUT/CA/08105","type":"VUT","group":"Completa","address":"AVENIDA De la Ballena Nº 4 Portal 4 Plta/Piso 2 Pta/Letra D, piso 2, puerta D","postal_code":"11520","places":4,"units":2,"registered":"2019-06-24","catastro":"1640803QA3613N0051HE","holder":null,"holder_count":null}},{"type":"Feature","geometry":{"type":"Point","coordinates":[-6.408694,36.694011]},"properties":{"id":"VUT/CA/08117","type":"VUT","group":"Completa","address":"CALLE ORQUIDEA Portal 6 Plta/Piso 2 Pta/Letra B, piso 2, puerta B","postal_code":"11520","places":4,"units":2,"registered":"2019-06-25","catastro":"1543902QA3614S0118HP","holder":null,"holder_count":null}},{"type":"Feature","geometry":{"type":"Point","coordinates":[-6.417473,36.6891]},"properties":{"id":"VUT/CA/08140","type":"VUT","group":"Completa","address":"AVENIDA DEL MAR Nº 2 Portal 6 Plta/Piso 2 Pta/Letra A Compl.Dom. EDIFICIO BAHIA PALACIO, piso 2, puerta A","postal_code":"11520","places":5,"units":3,"registered":"2019-06-26","catastro":"0736901QA3603N0406RR","holder":null,"holder_count":null}},{"type":"Feature","geometry":{"type":"Point","coordinates":[-6.364489,36.623439]},"properties":{"id":"VUT/CA/08178","type":"VUT","group":"Completa","address":"CALLE MURILLO Nº 23 Pta/Letra E, puerta E","postal_code":"11520","places":4,"units":2,"registered":"2019-07-02","catastro":"5865808QA3556F0007WP","holder":null,"holder_count":null}},{"type":"Feature","geometry":{"type":"Point","coordinates":[-6.406772,36.686461]},"properties":{"id":"VUT/CA/08183","type":"VUT","group":"Completa","address":"AVENIDA Reina Sofía Nº 11 Blq. 1 Portal 2 Plta/Piso 1 Pta/Letra B Compl.Dom. Urbanización La Quinta del Arce Golf, piso 1, puerta B","postal_code":"11520","places":6,"units":2,"registered":"2019-07-02","catastro":"1834101QA3613S0015UP","holder":null,"holder_count":null}},{"type":"Feature","geometry":{"type":"Point","coordinates":[-6.358322,36.620452]},"properties":{"id":"VUT/CA/08205","type":"VUT","group":"Completa","address":"CALLE ISAAC PERAL Nº 39 Compl.Dom. ENTRADA POR CALLE RAMON DE CARRANZA 1","postal_code":"11520","places":4,"units":1,"registered":"2019-07-02","catastro":"6362721QA3566A0001QO","holder":null,"holder_count":null}},{"type":"Feature","geometry":{"type":"Point","coordinates":[-6.41465,36.690039]},"properties":{"id":"VUT/CA/08227","type":"VUT","group":"Completa","address":"CALLE AGUA, AZUCARILLO Y AGUARDIENTE Nº 2 Blq. 2 Plta/Piso 1º Pta/Letra 1 Compl.Dom. COSTA BALLENA, piso 1º, puerta 1","postal_code":"11520","places":4,"units":2,"registered":"2019-07-04","catastro":"1037301QA3603N0072KF","holder":null,"holder_count":null}},{"type":"Feature","geometry":{"type":"Point","coordinates":[-6.360401,36.619758]},"properties":{"id":"VUT/CA/08264","type":"VUT","group":"Completa","address":"CALLE ALCALDE GARCIA SANCHEZ Nº 25 Plta/Piso 1 Pta/Letra E, piso 1, puerta E","postal_code":"11520","places":3,"units":1,"registered":"2019-07-08","catastro":"6161508QA3566A0008JH","holder":null,"holder_count":null}},{"type":"Feature","geometry":{"type":"Point","coordinates":[-6.353964,36.626574]},"properties":{"id":"VUT/CA/08265","type":"VUT","group":"Completa","address":"CALLE Maestro Granado Nº 6 Plta/Piso Bajo, piso Bajo","postal_code":"11520","places":4,"units":3,"registered":"2019-07-08","catastro":"6769602QA3566H0001ZE","holder":null,"holder_count":null}},{"type":"Feature","geometry":{"type":"Point","coordinates":[-6.380567,36.632416]},"properties":{"id":"VUT/CA/08333","type":"VUT","group":"Completa","address":"CALLE SAETERO ANTONIO REMOLINO Nº 4","postal_code":"11520","places":6,"units":3,"registered":"2019-07-17","catastro":"4375608QA3547N0001RB","holder":null,"holder_count":null}},{"type":"Feature","geometry":{"type":"Point","coordinates":[-6.408694,36.694011]},"properties":{"id":"VUT/CA/08343","type":"VUT","group":"Completa","address":"CALLE Orquídea Nº 3 Portal 8 Plta/Piso 2 Pta/Letra B, piso 2, puerta B","postal_code":"11520","places":4,"units":2,"registered":"2019-07-19","catastro":"1543902QA3614S0130XH","holder":null,"holder_count":null}},{"type":"Feature","geometry":{"type":"Point","coordinates":[-6.410263,36.687257]},"properties":{"id":"VUT/CA/08349","type":"VUT","group":"Completa","address":"AVENIDA REINA SOFIA Nº 9 Calif.Nº 16 Compl.Dom. URBANIZACION SALINAS CLUB / VIVIENDA 16","postal_code":"11520","places":4,"units":2,"registered":"2019-07-19","catastro":"1436302QA3613N0016ZE","holder":null,"holder_count":null}},{"type":"Feature","geometry":{"type":"Point","coordinates":[-6.41375,36.684835]},"properties":{"id":"VUT/CA/08352","type":"VUT","group":"Completa","address":"CALLE PEÑA DEL AGUILA Nº 25 Compl.Dom. RESIDENCIAL MARINA GOLF, Nº 25","postal_code":"11520","places":6,"units":3,"registered":"2019-07-19","catastro":"1131401QA3613S0264IR","holder":null,"holder_count":null}},{"type":"Feature","geometry":{"type":"Point","coordinates":[-6.360401,36.619758]},"properties":{"id":"VUT/CA/08365","type":"VUT","group":"Completa","address":"CALLE ALCALDE GARCIA SANCHEZ Nº 25 Esc. 1 Plta/Piso 2 Pta/Letra F, piso 2, puerta F","postal_code":"11520","places":3,"units":1,"registered":"2019-07-22","catastro":"6161508QA3566A0009KJ","holder":null,"holder_count":null}},{"type":"Feature","geometry":{"type":"Point","coordinates":[-6.410819,36.688887]},"properties":{"id":"VUT/CA/08395","type":"VUT","group":"Completa","address":"AVENIDA REINA SOFIA Nº 5 Blq. 1 Plta/Piso 1 Pta/Letra 2, piso 1, puerta 2","postal_code":"11520","places":6,"units":2,"registered":"2019-07-24","catastro":"1436301QA3613N0001MF","holder":null,"holder_count":null}},{"type":"Feature","geometry":{"type":"Point","coordinates":[-6.362779,36.619656]},"properties":{"id":"VUT/CA/08440","type":"VUT","group":"Completa","address":"PLAZA JESUS NAZARENO Nº 3 Blq. 2 Plta/Piso 3 Pta/Letra 1 Compl.Dom. EDIFICIO LAS ARENAS, piso 3, puerta 1","postal_code":"11520","places":4,"units":1,"registered":"2019-07-30","catastro":"5861321QA3556B0029KD","holder":null,"holder_count":null}},{"type":"Feature","geometry":{"type":"Point","coordinates":[-6.417411,36.692072]},"properties":{"id":"VUT/CA/08523","type":"VUT","group":"Completa","address":"CALLE CORVINA Nº 1 Blq. 6 Plta/Piso BAJO Pta/Letra B, piso BAJO, puerta B","postal_code":"11520","places":4,"units":2,"registered":"2019-08-08","catastro":"0740801QA3604S0080BZ","holder":null,"holder_count":null}},{"type":"Feature","geometry":{"type":"Point","coordinates":[-6.38803,36.637461]},"properties":{"id":"VUT/CA/08544","type":"VUT","group":"Completa","address":"CALLE Joaquin Sabina Nº 3 Blq. 6 Plta/Piso 2 Pta/Letra C Compl.Dom. MIRADOR PUNTA CANDOR, piso 2, puerta C","postal_code":"11520","places":5,"units":2,"registered":"2019-08-09","catastro":"3680303QA3538S0431XT","holder":null,"holder_count":null}},{"type":"Feature","geometry":{"type":"Point","coordinates":[-6.418003,36.690387]},"properties":{"id":"VUT/CA/08548","type":"VUT","group":"Completa","address":"CALLE PEZ ESPADA Nº 5 Plta/Piso BAJO Pta/Letra B Compl.Dom. EDIFICIO ESTRELLA DEL MAR, piso BAJO, puerta B","postal_code":"11520","places":6,"units":2,"registered":"2019-08-12","catastro":"0638701QA3603N0018AQ","holder":null,"holder_count":null}},{"type":"Feature","geometry":{"type":"Point","coordinates":[-6.360853,36.621169]},"properties":{"id":"VUT/CA/08567","type":"VUT","group":"Completa","address":"CALLE VIRGEN DE LOS REYES Nº 12 Pta/Letra DCHA, puerta DCHA","postal_code":"11520","places":6,"units":3,"registered":"2019-08-14","catastro":"6262105QA3566A0001PO","holder":null,"holder_count":null}},{"type":"Feature","geometry":{"type":"Point","coordinates":[-6.412252,36.682162]},"properties":{"id":"VUT/CA/08579","type":"VUT","group":"Completa","address":"CALLE CALETA Nº 3 Esc. 37 Plta/Piso 1º Pta/Letra C Compl.Dom. EDIFICIO CALETA 37-1º-C, piso 1º, puerta C","postal_code":"11520","places":6,"units":3,"registered":"2019-08-17","catastro":"1328301QA3612N0141FT","holder":null,"holder_count":null}},{"type":"Feature","geometry":{"type":"Point","coordinates":[-6.365449,36.623648]},"properties":{"id":"VUT/CA/08582","type":"VUT","group":"Completa","address":"CALLE PALACIO VALDES Nº 5 Pta/Letra C, puerta C","postal_code":"11520","places":4,"units":2,"registered":"2019-08-19","catastro":"5765209QA3556F0010KP","holder":null,"holder_count":null}},{"type":"Feature","geometry":{"type":"Point","coordinates":[-6.413321,36.681377]},"properties":{"id":"VUT/CA/08592","type":"VUT","group":"Completa","address":"CALLE LA CALETA Nº 6 Blq. 34 Plta/Piso 1 Pta/Letra B Compl.Dom. RES.PLAYA DEL INFANTE- URB. COSTA BALLENA, piso 1, puerta B","postal_code":"11520","places":6,"units":3,"registered":"2019-08-19","catastro":"1228803QA3612N0005PQ","holder":null,"holder_count":null}},{"type":"Feature","geometry":{"type":"Point","coordinates":[-6.413321,36.681377]},"properties":{"id":"VUT/CA/08602","type":"VUT","group":"Completa","address":"CALLE La Caleta Nº 6 Blq. 34 Plta/Piso 1 Pta/Letra A Compl.Dom. Res. Playa del Infante- Urb. Costa Ballena, piso 1, puerta A","postal_code":"11520","places":4,"units":2,"registered":"2019-08-19","catastro":"1228803QA3612N0004OM","holder":null,"holder_count":null}},{"type":"Feature","geometry":{"type":"Point","coordinates":[-6.41552,36.691448]},"properties":{"id":"VUT/CA/08603","type":"VUT","group":"Completa","address":"AVENIDA JUAN CARLOS I Nº 14 Compl.Dom. RESIDENCIAL TARTESSOS, Nº 69","postal_code":"11520","places":6,"units":3,"registered":"2019-08-19","catastro":"0939501QA3603N0069BF","holder":null,"holder_count":null}},{"type":"Feature","geometry":{"type":"Point","coordinates":[-6.41552,36.691448]},"properties":{"id":"VUT/CA/08647","type":"VUT","group":"Completa","address":"AVENIDA JUAN CARLOS 1 Nº 14 Calif.Nº 15","postal_code":"11520","places":6,"units":3,"registered":"2019-08-26","catastro":"0939501QA3603N0015RZ","holder":null,"holder_count":null}},{"type":"Feature","geometry":{"type":"Point","coordinates":[-6.359319,36.617585]},"properties":{"id":"VUT/CA/08679","type":"VUT","group":"Completa","address":"CALLE Fermín Salvochea Nº 3","postal_code":"11520","places":4,"units":2,"registered":"2019-08-30","catastro":"6359717QA3565G0003JW","holder":null,"holder_count":null}},{"type":"Feature","geometry":{"type":"Point","coordinates":[-6.386155,36.635926]},"properties":{"id":"VUT/CA/08681","type":"VUT","group":"Completa","address":"CALLE Juan Barrientos Blq. 1 Portal 2 Plta/Piso Bajo Pta/Letra A, piso Bajo, puerta A","postal_code":"11520","places":4,"units":2,"registered":"2019-08-30","catastro":"3879908QA3537N0094ED","holder":null,"holder_count":null}},{"type":"Feature","geometry":{"type":"Point","coordinates":[-6.412252,36.682162]},"properties":{"id":"VUT/CA/08709","type":"VUT","group":"Completa","address":"URBANIZACION PLAYA DEL INFANTE Nº 3 Blq. 15 Esc. 15 Plta/Piso 1 Pta/Letra C Compl.Dom. URBANIZACION PLAYA DE INFANTE, COSTA BALLENA, ROTA, piso 1, puerta C","postal_code":"11520","places":6,"units":3,"registered":"2019-09-04","catastro":"1328301QA3612N0351RK","holder":null,"holder_count":null}},{"type":"Feature","geometry":{"type":"Point","coordinates":[-6.383737,36.630414]},"properties":{"id":"VUT/CA/08734","type":"VUT","group":"Completa","address":"CALLE Maestro Manuel Casal Nº 3 Pta/Letra 29 Compl.Dom. calle Maestro Manuel Casal egea número 3: Urbanización Jardín de la Almadraba cas número 29, puerta 29","postal_code":"11520","places":7,"units":4,"registered":"2019-09-10","catastro":"4273101QA3547C0029PS","holder":null,"holder_count":null}},{"type":"Feature","geometry":{"type":"Point","coordinates":[-6.36376,36.6271]},"properties":{"id":"VUT/CA/08741","type":"VUT","group":"Completa","address":"CALLE ALMONTE Blq. 2 Plta/Piso 1º Pta/Letra D, piso 1º, puerta D","postal_code":"11520","places":7,"units":3,"registered":"2019-09-10","catastro":"5869202QA3556H0004PW","holder":null,"holder_count":null}},{"type":"Feature","geometry":{"type":"Point","coordinates":[-6.412747,36.694278]},"properties":{"id":"VUT/CA/08757","type":"VUT","group":"Completa","address":"AVENIDA TORREBREVA Nº 3 Blq. 2 Portal 2 Plta/Piso BAJO Pta/Letra C Compl.Dom. urbanización ballena paraíso, piso BAJO, puerta C","postal_code":"11520","places":7,"units":3,"registered":"2019-09-16","catastro":"1045102QA3614S0153AP","holder":null,"holder_count":null}},{"type":"Feature","geometry":{"type":"Point","coordinates":[-6.409237,36.678208]},"properties":{"id":"VUT/CA/08758","type":"VUT","group":"Completa","address":"AVENIDA NUEVO OASIS DEL SUR Nº 2 Blq. 3 Portal 1 Plta/Piso 1 Pta/Letra B Compl.Dom. TORRESALADA I, piso 1, puerta B","postal_code":"11520","places":4,"units":2,"registered":"2019-09-17","catastro":"1721201QA3612S0058MQ","holder":"CONTRATAS Y SERVICIOS MEDIOAMBIENTALES DE CADIZ, S.L.","holder_count":1}},{"type":"Feature","geometry":{"type":"Point","coordinates":[-6.410991,36.691478]},"properties":{"id":"VUT/CA/08759","type":"VUT","group":"Completa","address":"AVENIDA Reina Sofía Nº 1 Blq. 3 Esc. 8 Plta/Piso 2 Pta/Letra A, piso 2, puerta A","postal_code":"11520","places":6,"units":3,"registered":"2019-09-17","catastro":"1339401QA3613N0233PB","holder":null,"holder_count":null}},{"type":"Feature","geometry":{"type":"Point","coordinates":[-6.41112,36.690483]},"properties":{"id":"VUT/CA/08784","type":"VUT","group":"Completa","address":"AVENIDA REINA SOFIA Nº 3 Blq. 5 Plta/Piso 3 Pta/Letra B, piso 3, puerta B","postal_code":"11520","places":6,"units":3,"registered":"2019-09-23","catastro":"1338901QA3613N0068XJ","holder":null,"holder_count":null}},{"type":"Feature","geometry":{"type":"Point","coordinates":[-6.351461,36.624738]},"properties":{"id":"VUT/CA/08804","type":"VUT","group":"Completa","address":"AVENIDA REYES CATÓLICOS Nº 6 Blq. 4 Plta/Piso 1 Pta/Letra D, piso 1, puerta D","postal_code":"11520","places":4,"units":2,"registered":"2019-09-29","catastro":"6967901QA3566F0103ED","holder":null,"holder_count":null}},{"type":"Feature","geometry":{"type":"Point","coordinates":[-6.413778,36.68277]},"properties":{"id":"VUT/CA/08812","type":"VUT","group":"Completa","address":"CALLE CALETA Nº 2 Blq. 18 Plta/Piso 2 Pta/Letra B, piso 2, puerta B","postal_code":"11520","places":7,"units":3,"registered":"2019-10-01","catastro":"1228802QA3612N0006WW","holder":null,"holder_count":null}},{"type":"Feature","geometry":{"type":"Point","coordinates":[-6.410991,36.691478]},"properties":{"id":"VUT/CA/08813","type":"VUT","group":"Completa","address":"AVENIDA REINA SOFÍA Nº 3 Blq. 2 Portal 7 Plta/Piso 2 Pta/Letra D Compl.Dom. URBANIZACIÓN LAS DUNAS III, piso 2, puerta D","postal_code":"11520","places":6,"units":2,"registered":"2019-10-01","catastro":"1339401QA3613N0105AZ","holder":null,"holder_count":null}},{"type":"Feature","geometry":{"type":"Point","coordinates":[-6.365926,36.620881]},"properties":{"id":"VUT/CA/08823","type":"VUT","group":"Completa","address":"CALLE ECIJA Nº 2 Plta/Piso BAJO Pta/Letra C, piso BAJO, puerta C","postal_code":"11520","places":6,"units":2,"registered":"2019-10-02","catastro":"5762101QA3556B0020ER","holder":null,"holder_count":null}},{"type":"Feature","geometry":{"type":"Point","coordinates":[-6.41112,36.690483]},"properties":{"id":"VUT/CA/08824","type":"VUT","group":"Completa","address":"AVENIDA REINA SOFIA Nº 1 Portal 1 Plta/Piso 2 Pta/Letra D Compl.Dom. RESIDENCIAL LAS DUNAS, piso 2, puerta D","postal_code":"11520","places":4,"units":2,"registered":"2019-10-02","catastro":"1338901QA3613N0012RX","holder":"BRUCRECIO SL","holder_count":2}},{"type":"Feature","geometry":{"type":"Point","coordinates":[-6.412252,36.682162]},"properties":{"id":"VUT/CA/08844","type":"VUT","group":"Completa","address":"CALLE CALETA Nº 1 Plta/Piso BAJO Pta/Letra A, piso BAJO, puerta A","postal_code":"11520","places":4,"units":2,"registered":"2019-10-08","catastro":"1328301QA3612N0441MF","holder":"BRUCRECIO SL","holder_count":2}},{"type":"Feature","geometry":{"type":"Point","coordinates":[-6.385051,36.632904]},"properties":{"id":"VUT/CA/08848","type":"VUT","group":"Completa","address":"CALLE De la Sevillana Blq. 15 Esc. D Plta/Piso 1 Pta/Letra 2 Compl.Dom. Avenida Juan de Jover, Urbanización Pinar de la Almadraba, piso 1, puerta 2","postal_code":"11520","places":10,"units":4,"registered":"2019-10-08","catastro":"4038110QA3643G0022RQ","holder":null,"holder_count":null}},{"type":"Feature","geometry":{"type":"Point","coordinates":[-6.408232,36.691285]},"properties":{"id":"VUT/CA/08861","type":"VUT","group":"Completa","address":"CALLE TEHIGO Nº 2 Blq. 5 Pta/Letra 6 Compl.Dom. URBANIZACIÓN BALLENA GOLF - COSTA BALLENA, puerta 6","postal_code":"11520","places":6,"units":2,"registered":"2019-10-09","catastro":"1640802QA3613N0108TQ","holder":null,"holder_count":null}},{"type":"Feature","geometry":{"type":"Point","coordinates":[-6.408232,36.691285]},"properties":{"id":"VUT/CA/08893","type":"VUT","group":"Completa","address":"CALLE Tehigo Nº 2 Plta/Piso 2/3 Pta/Letra 16 Compl.Dom. Urbanización Ballena Golf, piso 2/3, puerta 16","postal_code":"11520","places":4,"units":2,"registered":"2019-10-16","catastro":"1640802QA3613N0102XK","holder":null,"holder_count":null}},{"type":"Feature","geometry":{"type":"Point","coordinates":[-6.41112,36.690483]},"properties":{"id":"VUT/CA/08894","type":"VUT","group":"Completa","address":"AVENIDA REINA SOFÍA Blq. 2 Plta/Piso BAJO Pta/Letra D Compl.Dom. RES. LAS DUNAS III, piso BAJO, puerta D","postal_code":"11520","places":4,"units":2,"registered":"2019-10-17","catastro":"1338901QA3613N0019AY","holder":null,"holder_count":null}},{"type":"Feature","geometry":{"type":"Point","coordinates":[-6.408694,36.694011]},"properties":{"id":"VUT/CA/08911","type":"VUT","group":"Completa","address":"CALLE Dalia Nº 3 Portal 3 Plta/Piso 2 Pta/Letra A Compl.Dom. Urbanización Los Juncos, piso 2, puerta A","postal_code":"11520","places":4,"units":2,"registered":"2019-10-21","catastro":"1543902QA3614S0058KS","holder":null,"holder_count":null}},{"type":"Feature","geometry":{"type":"Point","coordinates":[-6.405475,36.689052]},"properties":{"id":"VUT/CA/08922","type":"VUT","group":"Completa","address":"AVENIDA LA BALLENA Nº 8 Blq. 2 Portal 3 Plta/Piso 1 Pta/Letra D, piso 1, puerta D","postal_code":"11520","places":6,"units":3,"registered":"2019-10-22","catastro":"1640804QA3613N0037JK","holder":null,"holder_count":null}},{"type":"Feature","geometry":{"type":"Point","coordinates":[-6.40463,36.680111]},"properties":{"id":"VUT/CA/08957","type":"VUT","group":"Completa","address":"URBANIZACION NUEVO OASIS DEL SUR III. MANZANA A Nº 6","postal_code":"11520","places":6,"units":3,"registered":"2019-10-23","catastro":"1931103QA3612N0006LW","holder":null,"holder_count":null}},{"type":"Feature","geometry":{"type":"Point","coordinates":[-6.402517,36.677313]},"properties":{"id":"VUT/CA/08963","type":"VUT","group":"Completa","address":"AVENIDA CARLA DE ORLEANS Nº 4 Compl.Dom. UNIFAMILIAR 14","postal_code":"11520","places":8,"units":4,"registered":"2019-10-23","catastro":"2224802QA3622S0121UE","holder":null,"holder_count":null}},{"type":"Feature","geometry":{"type":"Point","coordinates":[-6.38803,36.637461]},"properties":{"id":"VUT/CA/08965","type":"VUT","group":"Completa","address":"AVENIDA JOAQUIN SABINA Nº 3 Esc. 6 Plta/Piso 1 Pta/Letra C, piso 1, puerta C","postal_code":"11520","places":4,"units":2,"registered":"2019-10-23","catastro":"3680303QA3538S0427ZR","holder":null,"holder_count":null}},{"type":"Feature","geometry":{"type":"Point","coordinates":[-6.41291,36.689593]},"properties":{"id":"VUT/CA/08967","type":"VUT","group":"Completa","address":"URBANIZACION PLAYA BALLENA II. LOS GAVILANES Nº 1 Blq. A Portal 1 Plta/Piso BAJO Pta/Letra D, piso BAJO, puerta D","postal_code":"11520","places":6,"units":3,"registered":"2019-10-23","catastro":"1137501QA3613N0004JJ","holder":null,"holder_count":null}},{"type":"Feature","geometry":{"type":"Point","coordinates":[-6.40874,36.674193]},"properties":{"id":"VUT/CA/08978","type":"VUT","group":"Completa","address":"AVENIDA CARLA DE ORLEANS Nº 1 Esc. 1 Plta/Piso 2 Pta/Letra 10 Compl.Dom. URBANIZACION NUEVO OASIS II, piso 2, puerta 10","postal_code":"11520","places":8,"units":5,"registered":"2019-10-24","catastro":"1620901QA3612S0010KA","holder":null,"holder_count":null}},{"type":"Feature","geometry":{"type":"Point","coordinates":[-6.412252,36.682162]},"properties":{"id":"VUT/CA/09025","type":"VUT","group":"Completa","address":"CALLE CALETA Nº 5 Portal 35 Plta/Piso BAJO Pta/Letra B, piso BAJO, puerta B","postal_code":"11520","places":4,"units":6,"registered":"2019-10-28","catastro":"1328301QA3612N0145KO","holder":"RANDICUPER, S.L.","holder_count":1}},{"type":"Feature","geometry":{"type":"Point","coordinates":[-6.417411,36.692072]},"properties":{"id":"VUT/CA/09032","type":"VUT","group":"Completa","address":"CALLE CORVINA Nº 1 Portal 8 Plta/Piso 2 Pta/Letra B Compl.Dom. TIENE OTRA ENTRADA CALLE CORVINA, piso 2, puerta B","postal_code":"11520","places":4,"units":1,"registered":"2019-10-28","catastro":"0740801QA3604S0111ZX","holder":null,"holder_count":null}},{"type":"Feature","geometry":{"type":"Point","coordinates":[-6.367958,36.625815]},"properties":{"id":"VUT/CA/09033","type":"VUT","group":"Completa","address":"CALLE LOS PALACIOS Nº 2","postal_code":"11520","places":10,"units":5,"registered":"2019-10-28","catastro":"5467901QA3556E0001WK","holder":null,"holder_count":null}},{"type":"Feature","geometry":{"type":"Point","coordinates":[-6.404813,36.682303]},"properties":{"id":"VUT/CA/09052","type":"VUT","group":"Completa","address":"AVENIDA Reina Sofia Nº 15 Blq. 1 Portal 2 Plta/Piso BAJA Pta/Letra C Compl.Dom. Urb.Bahia Golf, piso BAJA, puerta C","postal_code":"11520","places":4,"units":2,"registered":"2019-10-29","catastro":"1931102QA3612N0091XF","holder":null,"holder_count":null}},{"type":"Feature","geometry":{"type":"Point","coordinates":[-6.417473,36.6891]},"properties":{"id":"VUT/CA/09101","type":"VUT","group":"Completa","address":"AVENIDA DEL MAR Nº 2 Portal 5 Plta/Piso 2 Pta/Letra C Compl.Dom. URBANIZACIÓN BAHÍA PALACIOS, COSTA BALLENA, piso 2, puerta C","postal_code":"11520","places":6,"units":3,"registered":"2019-11-11","catastro":"0736901QA3603N0396KK","holder":null,"holder_count":null}},{"type":"Feature","geometry":{"type":"Point","coordinates":[-6.358194,36.626815]},"properties":{"id":"VUT/CA/09110","type":"VUT","group":"Completa","address":"CALLE VIRGEN DE LA AMARGURA Blq. 2 Plta/Piso 2 Pta/Letra E, piso 2, puerta E","postal_code":"11520","places":4,"units":2,"registered":"2019-11-11","catastro":"6369601QA3566G0145PY","holder":null,"holder_count":null}},{"type":"Feature","geometry":{"type":"Point","coordinates":[-6.409237,36.678208]},"properties":{"id":"VUT/CA/09116","type":"VUT","group":"Completa","address":"AVENIDA NUEVO OASIS DEL SUR Blq. 3 Portal 2 Plta/Piso 2 Pta/Letra A Compl.Dom. URBANIZACION TORRESALADA I, piso 2, puerta A","postal_code":"11520","places":7,"units":3,"registered":"2019-11-12","catastro":"1721201QA3612S0071UI","holder":"RABIZA INVERSIONES SL","holder_count":1}},{"type":"Feature","geometry":{"type":"Point","coordinates":[-6.412747,36.694278]},"properties":{"id":"VUT/CA/09126","type":"VUT","group":"Completa","address":"CALLE Torrebreva Nº 3 Blq. 4 Portal 2 Plta/Piso Bajo Pta/Letra D, piso Bajo, puerta D","postal_code":"11520","places":5,"units":2,"registered":"2019-11-12","catastro":"1045102QA3614S0348GF","holder":null,"holder_count":null}},{"type":"Feature","geometry":{"type":"Point","coordinates":[-6.413859,36.692229]},"properties":{"id":"VUT/CA/09146","type":"VUT","group":"Completa","address":"AVENIDA Juan Carlos,1º Blq. 3 Pta/Letra 3 Compl.Dom. Residencial La Galia (Costa Ballena), puerta 3","postal_code":"11520","places":8,"units":3,"registered":"2019-11-14","catastro":"1045104QA3614S0123IS","holder":null,"holder_count":null}},{"type":"Feature","geometry":{"type":"Point","coordinates":[-6.41698,36.691498]},"properties":{"id":"VUT/CA/09193","type":"VUT","group":"Completa","address":"CALLE PARGO Nº 1 Esc. 1 Plta/Piso 1 Pta/Letra E, piso 1, puerta E","postal_code":"11520","places":4,"units":2,"registered":"2019-11-19","catastro":"0739601QA3604S0026OI","holder":null,"holder_count":null}},{"type":"Feature","geometry":{"type":"Point","coordinates":[-6.417473,36.6891]},"properties":{"id":"VUT/CA/09198","type":"VUT","group":"Completa","address":"AVENIDA del Mar, edf. Bahia Palacio Portal 5 Plta/Piso 1º Pta/Letra B, piso 1º, puerta B","postal_code":"11520","places":6,"units":3,"registered":"2019-11-19","catastro":"0736901QA3603N0391DD","holder":null,"holder_count":null}},{"type":"Feature","geometry":{"type":"Point","coordinates":[-6.41698,36.691498]},"properties":{"id":"VUT/CA/09209","type":"VUT","group":"Completa","address":"CALLE BOQUERON Nº 2 Blq. 4 Esc. 8 Plta/Piso B Pta/Letra C Compl.Dom. RESIDENCIAL VISTA AZUL COSTA BALLENA, piso B, puerta C","postal_code":"11520","places":3,"units":2,"registered":"2019-11-20","catastro":"0739601QA3604S0099GF","holder":null,"holder_count":null}},{"type":"Feature","geometry":{"type":"Point","coordinates":[-6.369245,36.622104]},"properties":{"id":"VUT/CA/09220","type":"VUT","group":"Completa","address":"AVENIDA SEVILLA Nº 51 Plta/Piso 1 Pta/Letra C Compl.Dom. EDIFICIO AL SOL 1º C, piso 1, puerta C","postal_code":"11520","places":4,"units":2,"registered":"2019-11-20","catastro":"5463253QA3556C0008KU","holder":null,"holder_count":null}},{"type":"Feature","geometry":{"type":"Point","coordinates":[-6.412747,36.694278]},"properties":{"id":"VUT/CA/09230","type":"VUT","group":"Completa","address":"AVENIDA TORREBREVA Nº 3 Blq. 4 Portal 2 Plta/Piso 1 Pta/Letra C, piso 1, puerta C","postal_code":"11520","places":4,"units":2,"registered":"2019-11-21","catastro":"1045102QA3614S0351GF","holder":null,"holder_count":null}},{"type":"Feature","geometry":{"type":"Point","coordinates":[-6.35948,36.623771]},"properties":{"id":"VUT/CA/09270","type":"VUT","group":"Completa","address":"CALLE PRADO DEL REY Nº 2 Portal 2 Esc. 2 Pta/Letra D, puerta D","postal_code":"11520","places":6,"units":2,"registered":"2019-11-25","catastro":"6265819QA3566E0011ZY","holder":null,"holder_count":null}},{"type":"Feature","geometry":{"type":"Point","coordinates":[-6.410263,36.687257]},"properties":{"id":"VUT/CA/09279","type":"VUT","group":"Completa","address":"AVENIDA REINA SOFIA Nº 9 Pta/Letra 41, puerta 41","postal_code":"11520","places":4,"units":2,"registered":"2019-11-25","catastro":"1436302QA3613N0041FL","holder":null,"holder_count":null}},{"type":"Feature","geometry":{"type":"Point","coordinates":[-6.408232,36.691285]},"properties":{"id":"VUT/CA/09281","type":"VUT","group":"Completa","address":"CALLE TEHIGO Nº 2 Blq. 1 Pta/Letra 4 Compl.Dom. MODULO 1. CASA 4, puerta 4","postal_code":"11520","places":4,"units":2,"registered":"2019-11-26","catastro":"1640802QA3613N0004ZJ","holder":null,"holder_count":null}},{"type":"Feature","geometry":{"type":"Point","coordinates":[-6.369263,36.625077]},"properties":{"id":"VUT/CA/09285","type":"VUT","group":"Completa","address":"CALLE JUAN LUIS MACIAS AZUQUITA Nº 8","postal_code":"11520","places":10,"units":5,"registered":"2019-11-26","catastro":"5467933QA3556E0001WK","holder":null,"holder_count":null}},{"type":"Feature","geometry":{"type":"Point","coordinates":[-6.40649,36.690493]},"properties":{"id":"VUT/CA/09289","type":"VUT","group":"Completa","address":"AVENIDA LA BALLENA Nº 2 Blq. 1 Portal 1 Plta/Piso 1 Pta/Letra D Compl.Dom. URBANIZACIÓN INTERGOLF, piso 1, puerta D","postal_code":"11520","places":7,"units":3,"registered":"2019-11-26","catastro":"1640803QA3613N0008AZ","holder":null,"holder_count":null}},{"type":"Feature","geometry":{"type":"Point","coordinates":[-6.367886,36.623471]},"properties":{"id":"VUT/CA/09306","type":"VUT","group":"Completa","address":"AVENIDA DE LA MARINA Nº 70 Plta/Piso 3 Pta/Letra C, piso 3, puerta C","postal_code":"11520","places":7,"units":4,"registered":"2019-11-26","catastro":"5466705QA3556E0013AR","holder":null,"holder_count":null}},{"type":"Feature","geometry":{"type":"Point","coordinates":[-6.406291,36.676077]},"properties":{"id":"VUT/CA/09315","type":"VUT","group":"Completa","address":"AVENIDA REINA SOFÍA Nº 18 Esc. 5 Plta/Piso 1 Pta/Letra D Compl.Dom. URBANIZACIÓN TORRESALADA II, piso 1, puerta D","postal_code":"11520","places":6,"units":2,"registered":"2019-11-27","catastro":"1820801QA3612S0236QF","holder":null,"holder_count":null}},{"type":"Feature","geometry":{"type":"Point","coordinates":[-6.408232,36.691285]},"properties":{"id":"VUT/CA/09457","type":"VUT","group":"Completa","address":"CALLE Tehigo Nº 2 Blq. 5 Pta/Letra 13, puerta 13","postal_code":"11520","places":5,"units":2,"registered":"2019-12-11","catastro":"1640802QA3613N0115OT","holder":null,"holder_count":null}},{"type":"Feature","geometry":{"type":"Point","coordinates":[-6.37494,36.628454]},"properties":{"id":"VUT/CA/09502","type":"VUT","group":"Por habitaciones","address":"AVENIDA Principes de España Nº 154 Blq. 2 Esc. 2 Plta/Piso Atico Pta/Letra C, piso Atico, puerta C","postal_code":"11520","places":4,"units":2,"registered":"2019-12-16","catastro":"4971711QA3547S0090WZ","holder":null,"holder_count":null}},{"type":"Feature","geometry":{"type":"Point","coordinates":[-6.362779,36.619656]},"properties":{"id":"VUT/CA/09503","type":"VUT","group":"Completa","address":"PLAZA DE JESÚS NAZARENO Nº 3 Blq. 1 Plta/Piso ATICO Pta/Letra A, piso ATICO, puerta A","postal_code":"11520","places":4,"units":1,"registered":"2019-12-16","catastro":"5861321QA3556B0040MK","holder":null,"holder_count":null}},{"type":"Feature","geometry":{"type":"Point","coordinates":[-6.410263,36.687257]},"properties":{"id":"VUT/CA/09505","type":"VUT","group":"Completa","address":"AVENIDA Reina Sofía Nº 9 Compl.Dom. Urbanización _Salinas Club- Apartamento 9","postal_code":"11520","places":5,"units":2,"registered":"2019-12-16","catastro":"1436302QA3613N0054QY","holder":null,"holder_count":null}},{"type":"Feature","geometry":{"type":"Point","coordinates":[-6.385669,36.631946]},"properties":{"id":"VUT/CA/09541","type":"VUT","group":"Completa","address":"AVENIDA DE LA DIPUTACIÓN Nº SN Blq. 6 Esc. A Plta/Piso BAJA Pta/Letra 1, piso BAJA, puerta 1","postal_code":"11520","places":4,"units":2,"registered":"2019-12-18","catastro":"4038103QA3643G0028BU","holder":null,"holder_count":null}},{"type":"Feature","geometry":{"type":"Point","coordinates":[-6.417757,36.691094]},"properties":{"id":"VUT/CA/09545","type":"VUT","group":"Completa","address":"AVENIDA PEZ ESPADA Nº 4 Portal 5 Plta/Piso PRIMERA Pta/Letra C, piso PRIMERA, puerta C","postal_code":"11520","places":4,"units":2,"registered":"2019-12-18","catastro":"0738301QA3603N0049OM","holder":null,"holder_count":null}},{"type":"Feature","geometry":{"type":"Point","coordinates":[-6.364489,36.623439]},"properties":{"id":"VUT/CA/09626","type":"VUT","group":"Completa","address":"CALLE VICENTE ALEXANDRE Nº 14 Pta/Letra F, puerta F","postal_code":"11520","places":6,"units":2,"registered":"2020-01-14","catastro":"5865808QA3556F0008EA","holder":null,"holder_count":null}},{"type":"Feature","geometry":{"type":"Point","coordinates":[-6.36521,36.626133]},"properties":{"id":"VUT/CA/09647","type":"VUT","group":"Completa","address":"CALLE FERNÁN CABALLERO Nº 36 Pta/Letra 16, puerta 16","postal_code":"11520","places":5,"units":3,"registered":"2020-01-16","catastro":"5768908QA3556H0016SA","holder":null,"holder_count":null}},{"type":"Feature","geometry":{"type":"Point","coordinates":[-6.413859,36.692229]},"properties":{"id":"VUT/CA/09653","type":"VUT","group":"Completa","address":"AVENIDA JUAN CARLOS I   Nº10 Blq. 4 Pta/Letra 3 Compl.Dom. URBANIZACION GALIA BALLENA (CASA 3), puerta 3","postal_code":"11520","places":6,"units":3,"registered":"2020-01-17","catastro":"1045104QA3614S0091YP","holder":null,"holder_count":null}},{"type":"Feature","geometry":{"type":"Point","coordinates":[-6.412747,36.694278]},"properties":{"id":"VUT/CA/09665","type":"VUT","group":"Completa","address":"AVENIDA TORREBREVA Blq. 3 Portal 1 Plta/Piso 1 Pta/Letra C Compl.Dom. URBANIZACIÓN BALLENA PARAISO, piso 1, puerta C","postal_code":"11520","places":4,"units":2,"registered":"2020-01-20","catastro":"1045102QA3614S0236EW","holder":null,"holder_count":null}},{"type":"Feature","geometry":{"type":"Point","coordinates":[-6.386006,36.632239]},"properties":{"id":"VUT/CA/09684","type":"VUT","group":"Completa","address":"CALLE DE LA SOLEA Blq. 18 Esc. A Plta/Piso 1 Pta/Letra 1, piso 1, puerta 1","postal_code":"11520","places":5,"units":2,"registered":"2020-01-21","catastro":"4038104QA3643G0026RT","holder":null,"holder_count":null}},{"type":"Feature","geometry":{"type":"Point","coordinates":[-6.409681,36.67739]},"properties":{"id":"VUT/CA/09736","type":"VUT","group":"Completa","address":"AVENIDA NUEVO OASIS DEL SUR Nº 1 Esc. a Plta/Piso baja Pta/Letra 15, piso baja, puerta 15","postal_code":"11520","places":12,"units":5,"registered":"2020-01-23","catastro":"1523401QA3612S0015EH","holder":null,"holder_count":null}},{"type":"Feature","geometry":{"type":"Point","coordinates":[-6.41736,36.69058]},"properties":{"id":"VUT/CA/09737","type":"VUT","group":"Completa","address":"CALLE AVENIDA MARINERO Nº 1 Blq. 2 Plta/Piso 2 Pta/Letra 6 Compl.Dom. EDIFICIO MIRAMAR, ÁTICO, piso 2, puerta 6","postal_code":"11520","places":4,"units":2,"registered":"2020-01-24","catastro":"0738801QA3603N0049YM","holder":null,"holder_count":null}},{"type":"Feature","geometry":{"type":"Point","coordinates":[-6.41698,36.691498]},"properties":{"id":"VUT/CA/09742","type":"VUT","group":"Completa","address":"CALLE Boqueron Nº 2 Esc. 3 Plta/Piso B Pta/Letra D Compl.Dom. Urbanización Vista Azul, piso B, puerta D","postal_code":"11520","places":4,"units":1,"registered":"2020-01-24","catastro":"0739601QA3604S0044ZB","holder":null,"holder_count":null}},{"type":"Feature","geometry":{"type":"Point","coordinates":[-6.364917,36.62554]},"properties":{"id":"VUT/CA/09828","type":"VUT","group":"Por habitaciones","address":"CALLE ISABELITA Nº 10","postal_code":"11520","places":6,"units":2,"registered":"2020-01-30","catastro":"5867111QA3556F0002WT","holder":null,"holder_count":null}},{"type":"Feature","geometry":{"type":"Point","coordinates":[-6.412252,36.682162]},"properties":{"id":"VUT/CA/09829","type":"VUT","group":"Completa","address":"CALLE CALETA Nº 5 Blq. 6 Portal 21 Plta/Piso 00 Pta/Letra A Compl.Dom. CALLE CALETA (LA BALLENA) 0005 6 21 00 A, piso 00, puerta A","postal_code":"11520","places":6,"units":2,"registered":"2020-01-30","catastro":"1328301QA3612N0425DR","holder":"BULEVAR CENTER SLU","holder_count":1}},{"type":"Feature","geometry":{"type":"Point","coordinates":[-6.385165,36.630795]},"properties":{"id":"VUT/CA/09832","type":"VUT","group":"Completa","address":"AVENIDA DE LA DIPUTACION Nº 148 Plta/Piso 1 Pta/Letra 4, piso 1, puerta 4","postal_code":"11520","places":7,"units":3,"registered":"2020-01-31","catastro":"4174329QA3547C0004EH","holder":null,"holder_count":null}},{"type":"Feature","geometry":{"type":"Point","coordinates":[-6.356063,36.624756]},"properties":{"id":"VUT/CA/09845","type":"VUT","group":"Completa","address":"CALLE Calvario Nº 76 Pta/Letra A, puerta A","postal_code":"11520","places":4,"units":2,"registered":"2020-01-31","catastro":"6566620QA3566F0003JP","holder":null,"holder_count":null}},{"type":"Feature","geometry":{"type":"Point","coordinates":[-6.410991,36.691478]},"properties":{"id":"VUT/CA/09891","type":"VUT","group":"Completa","address":"AVENIDA REINA SOFIA Nº 1 Portal 10 Plta/Piso 2 Pta/Letra D Compl.Dom. URBANIZACION COSTA BALLENA, piso 2, puerta D","postal_code":"11520","places":7,"units":2,"registered":"2020-02-09","catastro":"1339401QA3613N0262UJ","holder":"INMOPUNTA ALSOL S.L.","holder_count":3}},{"type":"Feature","geometry":{"type":"Point","coordinates":[-6.358038,36.622274]},"properties":{"id":"VUT/CA/09892","type":"VUT","group":"Completa","address":"CALLE PROGRESO Nº 2 Plta/Piso BAJO Pta/Letra B, piso BAJO, puerta B","postal_code":"11520","places":3,"units":2,"registered":"2020-02-09","catastro":"6364920QA3566C0020MJ","holder":null,"holder_count":null}},{"type":"Feature","geometry":{"type":"Point","coordinates":[-6.416344,36.693433]},"properties":{"id":"VUT/CA/09932","type":"VUT","group":"Completa","address":"AVENIDA DE LA URTA Nº 8 Pta/Letra B2 Compl.Dom. URBANIZACION PALOS PLAYA, puerta B2","postal_code":"11520","places":6,"units":3,"registered":"2020-02-11","catastro":"0841901QA3604S0009BB","holder":"ESTUDIO TECNICO A. VILLAGRAN S.L.","holder_count":1}},{"type":"Feature","geometry":{"type":"Point","coordinates":[-6.411045,36.686546]},"properties":{"id":"VUT/CA/09941","type":"VUT","group":"Completa","address":"URBANIZACION Residencial Hoyo 11 Blq. A Portal 3 Plta/Piso 2 Pta/Letra C, piso 2, puerta C","postal_code":"11520","places":5,"units":2,"registered":"2020-02-12","catastro":"1334701QA3613S0024IH","holder":null,"holder_count":null}},{"type":"Feature","geometry":{"type":"Point","coordinates":[-6.41112,36.690483]},"properties":{"id":"VUT/CA/09943","type":"VUT","group":"Completa","address":"AVENIDA REINA SOFIA Nº 3 Portal 1 Plta/Piso 1 Pta/Letra B, piso 1, puerta B","postal_code":"11520","places":5,"units":2,"registered":"2020-02-13","catastro":"1338901QA3613N0006QL","holder":null,"holder_count":null}},{"type":"Feature","geometry":{"type":"Point","coordinates":[-6.406772,36.686461]},"properties":{"id":"VUT/CA/09986","type":"VUT","group":"Completa","address":"AVENIDA REINA SOFIA Nº 11 Blq. 1 Portal 2 Plta/Piso 2 Pta/Letra D Compl.Dom. LA QUINTA AQRCE GOLF, piso 2, puerta D","postal_code":"11520","places":4,"units":2,"registered":"2020-02-19","catastro":"1834101QA3613S0021PD","holder":null,"holder_count":null}},{"type":"Feature","geometry":{"type":"Point","coordinates":[-6.41736,36.69058]},"properties":{"id":"VUT/CA/09987","type":"VUT","group":"Completa","address":"AVENIDA MARINERO Nº 1 Blq. 2 Esc. C Plta/Piso 2 Pta/Letra 6 Compl.Dom. EDIFICIO MIRAMAR, piso 2, puerta 6","postal_code":"11520","places":4,"units":2,"registered":"2020-02-19","catastro":"0738801QA3603N0078EB","holder":null,"holder_count":null}},{"type":"Feature","geometry":{"type":"Point","coordinates":[-6.365535,36.620817]},"properties":{"id":"VUT/CA/10026","type":"VUT","group":"Completa","address":"CALLE CIUDAD DE UTRERA Nº 5 Blq. 3 Plta/Piso 1 Pta/Letra D Compl.Dom. URBANIZACIÓN SANTA MARTA, piso 1, puerta D","postal_code":"11520","places":6,"units":3,"registered":"2020-02-24","catastro":"5762201QA3556B0004BJ","holder":null,"holder_count":null}},{"type":"Feature","geometry":{"type":"Point","coordinates":[-6.404813,36.682303]},"properties":{"id":"VUT/CA/10066","type":"VUT","group":"Completa","address":"AVENIDA REINA SOFÍA Nº 15 Blq. 3 Portal 3 Plta/Piso 1 Pta/Letra J Compl.Dom. COSTA BALLENA, piso 1, puerta J","postal_code":"11520","places":4,"units":2,"registered":"2020-02-27","catastro":"1931102QA3612N0362AE","holder":null,"holder_count":null}},{"type":"Feature","geometry":{"type":"Point","coordinates":[-6.35646,36.623238]},"properties":{"id":"VUT/CA/10073","type":"VUT","group":"Completa","address":"CALLE MIGUEL HERNANDEZ Nº 5","postal_code":"11520","places":8,"units":2,"registered":"2020-02-27","catastro":"6566649QA3566F0001GI","holder":"STAYCARE, S.L.U.","holder_count":21}},{"type":"Feature","geometry":{"type":"Point","coordinates":[-6.406772,36.686461]},"properties":{"id":"VUT/CA/10074","type":"VUT","group":"Completa","address":"AVENIDA REINA SOFIA Nº 11 Blq. 3 Portal 2 Plta/Piso BAJO Pta/Letra B Compl.Dom. URB. LA QUINTA ARCE GOLF, piso BAJO, puerta B","postal_code":"11520","places":4,"units":2,"registered":"2020-02-27","catastro":"1834101QA3613S0001LX","holder":null,"holder_count":null}},{"type":"Feature","geometry":{"type":"Point","coordinates":[-6.384854,36.628924]},"properties":{"id":"VUT/CA/10095","type":"VUT","group":"Completa","address":"AVENIDA LOS CORRALES Nº 3 Esc. 6 Plta/Piso BAJO Pta/Letra D Compl.Dom. URBANIZACION BAHIA DE LA LUZ, piso BAJO, puerta D","postal_code":"11520","places":4,"units":1,"registered":"2020-03-02","catastro":"4170903QA3547A0041DM","holder":null,"holder_count":null}},{"type":"Feature","geometry":{"type":"Point","coordinates":[-6.40806,36.693908]},"properties":{"id":"VUT/CA/10179","type":"VUT","group":"Completa","address":"URBANIZACION Torres del Atlantico Nº 23 Compl.Dom. calle Azahar","postal_code":"11520","places":4,"units":3,"registered":"2020-03-10","catastro":"1643601QA3614S0023OO","holder":null,"holder_count":null}},{"type":"Feature","geometry":{"type":"Point","coordinates":[-6.367164,36.628757]},"properties":{"id":"VUT/CA/10196","type":"VUT","group":"Completa","address":"AVENIDA LA PÓLVORA Nº 2 Blq. 2 Plta/Piso ÁTICO Pta/Letra 28 Compl.Dom. EDIFICOO STAR, piso ÁTICO, puerta 28","postal_code":"11520","places":4,"units":2,"registered":"2020-03-12","catastro":"5571102QA3557S0030LY","holder":null,"holder_count":null}},{"type":"Feature","geometry":{"type":"Point","coordinates":[-6.382613,36.627891]},"properties":{"id":"VUT/CA/10226","type":"VUT","group":"Completa","address":"CALLE La Almadraba Nº 13 Esc. 5 Plta/Piso 2 Pta/Letra A, piso 2, puerta A","postal_code":"11520","places":5,"units":3,"registered":"2020-03-21","catastro":"4170904QA3547A0042MQ","holder":null,"holder_count":null}},{"type":"Feature","geometry":{"type":"Point","coordinates":[-6.369188,36.627187]},"properties":{"id":"VUT/CA/10315","type":"VUT","group":"Completa","address":"AVENIDA VADECARRETAS, Nº 1 Blq. 5 Portal 2 Plta/Piso 2 Pta/Letra 145, piso 2, puerta 145","postal_code":"11520","places":7,"units":2,"registered":"2020-04-15","catastro":"5369101QA3556N0426LG","holder":null,"holder_count":null}},{"type":"Feature","geometry":{"type":"Point","coordinates":[-6.381667,36.627512]},"properties":{"id":"VUT/CA/10343","type":"VUT","group":"Completa","address":"CALLE ARRECIFE Nº 4 Plta/Piso 4 Pta/Letra B, piso 4, puerta B","postal_code":"11520","places":6,"units":3,"registered":"2020-04-27","catastro":"4369801QA3546G0079FB","holder":"JUANAZUL S.L","holder_count":1}},{"type":"Feature","geometry":{"type":"Point","coordinates":[-6.410991,36.691478]},"properties":{"id":"VUT/CA/10352","type":"VUT","group":"Completa","address":"AVENIDA Reina Sofia Nº 1 Portal 10 Plta/Piso 1 Pta/Letra A, piso 1, puerta A","postal_code":"11520","places":6,"units":3,"registered":"2020-04-30","catastro":"1339401QA3613N0192WS","holder":null,"holder_count":null}},{"type":"Feature","geometry":{"type":"Point","coordinates":[-6.410819,36.688887]},"properties":{"id":"VUT/CA/10364","type":"VUT","group":"Completa","address":"AVENIDA Reina Sofia Nº 5 Esc. 3 Plta/Piso 2 Pta/Letra 4 Compl.Dom. Residencial Paraiso Playa Golf, piso 2, puerta 4","postal_code":"11520","places":5,"units":2,"registered":"2020-05-10","catastro":"1436301QA3613N0080OM","holder":"INMOPUNTA ALSOL, SL","holder_count":14}},{"type":"Feature","geometry":{"type":"Point","coordinates":[-6.413601,36.690643]},"properties":{"id":"VUT/CA/10365","type":"VUT","group":"Completa","address":"AVENIDA JUAN CARLOS I Nº 11 Blq. 2 Portal 2 Plta/Piso 1 Pta/Letra A, piso 1, puerta A","postal_code":"11520","places":6,"units":3,"registered":"2020-05-10","catastro":"1138301QA3613N0029PD","holder":null,"holder_count":null}},{"type":"Feature","geometry":{"type":"Point","coordinates":[-6.412252,36.682162]},"properties":{"id":"VUT/CA/10382","type":"VUT","group":"Completa","address":"CALLE CALETA Nº 5 Portal 33 Plta/Piso 3 Pta/Letra A, piso 3, puerta A","postal_code":"11520","places":6,"units":3,"registered":"2020-05-15","catastro":"1328301QA3612n0161TL","holder":null,"holder_count":null}},{"type":"Feature","geometry":{"type":"Point","coordinates":[-6.37494,36.628454]},"properties":{"id":"VUT/CA/10388","type":"VUT","group":"Completa","address":"AVENIDA REPÚBLICA DE FILIPINAS Nº 11 Blq. E Esc. 2 Plta/Piso ÁTICO Pta/Letra A, piso ÁTICO, puerta A","postal_code":"11520","places":6,"units":2,"registered":"2020-05-19","catastro":"4971711QA3547S0244ML","holder":"STAYCARE, S.L.U.","holder_count":21}},{"type":"Feature","geometry":{"type":"Point","coordinates":[-6.374169,36.627187]},"properties":{"id":"VUT/CA/10389","type":"VUT","group":"Completa","address":"CALLE DOCTOR PEDRO LÓPIZ Nº 12","postal_code":"11520","places":6,"units":3,"registered":"2020-05-19","catastro":"42757D4QA3547N0001WB","holder":null,"holder_count":null}},{"type":"Feature","geometry":{"type":"Point","coordinates":[-6.372109,36.627811]},"properties":{"id":"VUT/CA/10412","type":"VUT","group":"Completa","address":"CALLE HERMANDAD DONANTES DE SANGRE Nº 14","postal_code":"11520","places":8,"units":4,"registered":"2020-05-27","catastro":"4971703QA3547s0076KD","holder":null,"holder_count":null}},{"type":"Feature","geometry":{"type":"Point","coordinates":[-6.382613,36.627891]},"properties":{"id":"VUT/CA/10420","type":"VUT","group":"Completa","address":"CALLE La Traiña Blq. 4 Esc. 6 Plta/Piso 2 Pta/Letra A, piso 2, puerta A","postal_code":"11520","places":5,"units":2,"registered":"2020-05-29","catastro":"4170904QA3547A0054OP","holder":null,"holder_count":null}},{"type":"Feature","geometry":{"type":"Point","coordinates":[-6.380392,36.634816]},"properties":{"id":"VUT/CA/10426","type":"VUT","group":"Completa","address":"AVENIDA Ecos del Rocio Nº 3 Portal 1 Plta/Piso bajo Pta/Letra d, piso bajo, puerta d","postal_code":"11520","places":6,"units":3,"registered":"2020-06-02","catastro":"4377102QA3547N0005DQ","holder":null,"holder_count":null}},{"type":"Feature","geometry":{"type":"Point","coordinates":[-6.41291,36.689593]},"properties":{"id":"VUT/CA/10458","type":"VUT","group":"Completa","address":"CALLE GAVILANES Nº 1 Blq. A Portal 2 Plta/Piso BAJO Pta/Letra B Compl.Dom. PAYA BALLENA 2, piso BAJO, puerta B","postal_code":"11520","places":6,"units":3,"registered":"2020-06-07","catastro":"1137501QA3613N0016EE","holder":null,"holder_count":null}},{"type":"Feature","geometry":{"type":"Point","coordinates":[-6.417891,36.689801]},"properties":{"id":"VUT/CA/10484","type":"VUT","group":"Completa","address":"AVENIDA PEZ ESPADA Nº 3 Esc. 6 Plta/Piso 0, piso 0","postal_code":"11520","places":4,"units":2,"registered":"2020-06-11","catastro":"0737202QA3603N0070ZS","holder":null,"holder_count":null}},{"type":"Feature","geometry":{"type":"Point","coordinates":[-6.404209,36.676473]},"properties":{"id":"VUT/CA/10487","type":"VUT","group":"Por habitaciones","address":"AVENIDA REINA SOFIA Nº 6 Blq. 6 Portal 6 Plta/Piso 2 Pta/Letra C, piso 2, puerta C","postal_code":"11520","places":6,"units":3,"registered":"2020-06-11","catastro":"2224801QA3622S0133US","holder":null,"holder_count":null}},{"type":"Feature","geometry":{"type":"Point","coordinates":[-6.41309,36.688417]},"properties":{"id":"VUT/CA/10493","type":"VUT","group":"Completa","address":"AVENIDA REINA SOFIA Nº 6 Blq. C Plta/Piso BAJO, piso BAJO","postal_code":"11520","places":6,"units":3,"registered":"2020-06-12","catastro":"1236701QA3613N0001OF","holder":null,"holder_count":null}},{"type":"Feature","geometry":{"type":"Point","coordinates":[-6.384854,36.628924]},"properties":{"id":"VUT/CA/10508","type":"VUT","group":"Completa","address":"AVENIDA LOS CORRALES Nº 3 Portal 1 Plta/Piso 2 Pta/Letra A Compl.Dom. EDIF. BAHIA LUZ I FASE, piso 2, puerta A","postal_code":"11520","places":5,"units":3,"registered":"2020-06-16","catastro":"4170903QA3547A0007FQ","holder":"TIMPA S.L.","holder_count":2}},{"type":"Feature","geometry":{"type":"Point","coordinates":[-6.413778,36.68277]},"properties":{"id":"VUT/CA/10520","type":"VUT","group":"Completa","address":"CALLE LA CALETA Nº 8 Plta/Piso 2 Pta/Letra C Compl.Dom. URBANIZACIÓN PLAYA DEL INFANTE, piso 2, puerta C","postal_code":"11520","places":4,"units":2,"registered":"2020-06-16","catastro":"1228802QA3612N0037QQ","holder":null,"holder_count":null}},{"type":"Feature","geometry":{"type":"Point","coordinates":[-6.413321,36.681377]},"properties":{"id":"VUT/CA/10539","type":"VUT","group":"Completa","address":"CALLE La Caleta Nº 22 Plta/Piso 2 Pta/Letra A, piso 2, puerta A","postal_code":"11520","places":4,"units":2,"registered":"2020-06-18","catastro":"1228803QA3612N0049LP","holder":"INMOPUNTA ALSOL, SL","holder_count":14}},{"type":"Feature","geometry":{"type":"Point","coordinates":[-6.366361,36.621877]},"properties":{"id":"VUT/CA/10560","type":"VUT","group":"Completa","address":"AVENIDA DE SEVILLA Nº 37 Plta/Piso 2 Pta/Letra 7 Compl.Dom. EDIFICIO VALPARAISO, piso 2, puerta 7","postal_code":"11520","places":6,"units":3,"registered":"2020-06-22","catastro":"5663702QA3556D0144QB","holder":null,"holder_count":null}},{"type":"Feature","geometry":{"type":"Point","coordinates":[-6.41441,36.693807]},"properties":{"id":"VUT/CA/10572","type":"VUT","group":"Completa","address":"AVENIDA JOSÉ RODRÍGUEZ DE LA BORBOLLA Nº 4 Blq. 6 Plta/Piso 2 Pta/Letra B Compl.Dom. URBANIZACIÓN ALCA GOLF, piso 2, puerta B","postal_code":"11520","places":7,"units":3,"registered":"2020-06-22","catastro":"1045101QA3614S0128OJ","holder":null,"holder_count":null}},{"type":"Feature","geometry":{"type":"Point","coordinates":[-6.410263,36.687257]},"properties":{"id":"VUT/CA/10619","type":"VUT","group":"Completa","address":"AVENIDA REINA SOFÍA Nº 9 Esc. 1 Pta/Letra 3, puerta 3","postal_code":"11520","places":8,"units":3,"registered":"2020-06-26","catastro":"1436302QA3613N0003AH","holder":null,"holder_count":null}},{"type":"Feature","geometry":{"type":"Point","coordinates":[-6.40806,36.693908]},"properties":{"id":"VUT/CA/10648","type":"VUT","group":"Completa","address":"CALLE Azahar Nº 21","postal_code":"11520","places":4,"units":2,"registered":"2020-06-30","catastro":"1643601QA3614S0021UU","holder":null,"holder_count":null}},{"type":"Feature","geometry":{"type":"Point","coordinates":[-6.404209,36.676473]},"properties":{"id":"VUT/CA/10663","type":"VUT","group":"Completa","address":"AVENIDA Reina Sofia Nº 23 Portal 2 Plta/Piso Bajo Pta/Letra A, piso Bajo, puerta A","postal_code":"11520","places":4,"units":2,"registered":"2020-07-01","catastro":"2224801QA3622S0013DK","holder":null,"holder_count":null}},{"type":"Feature","geometry":{"type":"Point","coordinates":[-6.40463,36.680111]},"properties":{"id":"VUT/CA/10684","type":"VUT","group":"Completa","address":"AVENIDA Reina Sofia Nº 21 Portal 6 Plta/Piso 2 Pta/Letra A, piso 2, puerta A","postal_code":"11520","places":4,"units":3,"registered":"2020-07-05","catastro":"1931103QA3612N0333MY","holder":null,"holder_count":null}},{"type":"Feature","geometry":{"type":"Point","coordinates":[-6.382613,36.627891]},"properties":{"id":"VUT/CA/10687","type":"VUT","group":"Completa","address":"CALLE ALMADRABA Nº 3","postal_code":"11520","places":6,"units":3,"registered":"2020-07-06","catastro":"4170904QA3547A0058DF","holder":"TOTAL CONSULTING SL","holder_count":1}},{"type":"Feature","geometry":{"type":"Point","coordinates":[-6.35966,36.620458]},"properties":{"id":"VUT/CA/10701","type":"VUT","group":"Completa","address":"CALLE SAN RAFAEL Nº 9 Pta/Letra BAJO, puerta BAJO","postal_code":"11520","places":4,"units":4,"registered":"2020-07-07","catastro":"6262124QA3566S0003FZ","holder":null,"holder_count":null}},{"type":"Feature","geometry":{"type":"Point","coordinates":[-6.410991,36.691478]},"properties":{"id":"VUT/CA/10714","type":"VUT","group":"Completa","address":"AVENIDA REINA SOFÍA Nº 1 Portal 2 Plta/Piso 2º Pta/Letra C, piso 2º, puerta C","postal_code":"11520","places":4,"units":2,"registered":"2020-07-09","catastro":"1339401QA3613N0007PB","holder":null,"holder_count":null}},{"type":"Feature","geometry":{"type":"Point","coordinates":[-6.409681,36.67739]},"properties":{"id":"VUT/CA/10789","type":"VUT","group":"Completa","address":"AVENIDA NUEVO OASIS DEL SUR 1 Nº 48 Compl.Dom. URB NUEVO OASIS DEL SUR","postal_code":"11520","places":6,"units":3,"registered":"2020-07-19","catastro":"1523401QA3612S0048RJ","holder":null,"holder_count":null}},{"type":"Feature","geometry":{"type":"Point","coordinates":[-6.406772,36.686461]},"properties":{"id":"VUT/CA/10812","type":"VUT","group":"Completa","address":"AVENIDA REINA SOFIA Nº 11 Blq. 2 Portal 2 Plta/Piso BAJO Pta/Letra A, piso BAJO, puerta A","postal_code":"11520","places":5,"units":2,"registered":"2020-07-23","catastro":"1834101QA3613S0057FJ","holder":null,"holder_count":null}},{"type":"Feature","geometry":{"type":"Point","coordinates":[-6.412252,36.682162]},"properties":{"id":"VUT/CA/10830","type":"VUT","group":"Completa","address":"CALLE CALETA Nº 5 Blq. 41 Plta/Piso 3 Pta/Letra B, piso 3, puerta B","postal_code":"11520","places":5,"units":2,"registered":"2020-07-31","catastro":"1328301QA3612N0077GY","holder":null,"holder_count":null}},{"type":"Feature","geometry":{"type":"Point","coordinates":[-6.41375,36.684835]},"properties":{"id":"VUT/CA/10836","type":"VUT","group":"Completa","address":"CALLE PEÑA DEL AGUILA Nº 6 Pta/Letra 91 Compl.Dom. CHALET 91, puerta 91","postal_code":"11520","places":8,"units":4,"registered":"2020-07-31","catastro":"1131401QA3613S0091BH","holder":null,"holder_count":null}},{"type":"Feature","geometry":{"type":"Point","coordinates":[-6.408681,36.695977]},"properties":{"id":"VUT/CA/10843","type":"VUT","group":"Completa","address":"CALLE ORQUIDEA Nº 5 Compl.Dom. VIVIENDA 4","postal_code":"11520","places":7,"units":3,"registered":"2020-08-03","catastro":"1543901QA3614S0004HL","holder":null,"holder_count":null}},{"type":"Feature","geometry":{"type":"Point","coordinates":[-6.41441,36.693807]},"properties":{"id":"VUT/CA/10884","type":"VUT","group":"Completa","address":"AVENIDA José Rodriguez de la Borbolla Nº 4 Blq. 5 Esc. 52 Plta/Piso 1 Pta/Letra c, piso 1, puerta c","postal_code":"11520","places":6,"units":2,"registered":"2020-08-18","catastro":"1045101QA3614S0105GM","holder":null,"holder_count":null}},{"type":"Feature","geometry":{"type":"Point","coordinates":[-6.373658,36.627277]},"properties":{"id":"VUT/CA/10995","type":"VUT","group":"Completa","address":"CALLE HERMANOS PINZON Plta/Piso 1 Pta/Letra E, piso 1, puerta E","postal_code":"11520","places":6,"units":2,"registered":"2020-09-22","catastro":"4969905QA3546H0031HH","holder":null,"holder_count":null}},{"type":"Feature","geometry":{"type":"Point","coordinates":[-6.404813,36.682303]},"properties":{"id":"VUT/CA/11006","type":"VUT","group":"Completa","address":"AVENIDA REINA SOFIA Nº 15 Blq. 2 Plta/Piso 1 Pta/Letra O Compl.Dom. COSTA BALLENA- URBANIZACION BAHIA GOLF, piso 1, puerta O","postal_code":"11520","places":6,"units":3,"registered":"2020-09-23","catastro":"1931102QA3612N0509TB","holder":null,"holder_count":null}},{"type":"Feature","geometry":{"type":"Point","coordinates":[-6.362895,36.623117]},"properties":{"id":"VUT/CA/11013","type":"VUT","group":"Completa","address":"AVENIDA DE LA MARINA Nº 20 Plta/Piso 1 Pta/Letra C, piso 1, puerta C","postal_code":"11520","places":6,"units":3,"registered":"2020-09-23","catastro":"5965703QA3556F0003PY","holder":null,"holder_count":null}},{"type":"Feature","geometry":{"type":"Point","coordinates":[-6.412443,36.692825]},"properties":{"id":"VUT/CA/11054","type":"VUT","group":"Completa","address":"AVENIDA JUAN CARLOS I Nº 8 Blq. 2 Plta/Piso 1 Pta/Letra 25 Compl.Dom. URBAIZACIÓN PLAYA DEL LAR, piso 1, puerta 25","postal_code":"11520","places":6,"units":3,"registered":"2020-10-06","catastro":"1045103QA3614S0053JU","holder":null,"holder_count":null}},{"type":"Feature","geometry":{"type":"Point","coordinates":[-6.386155,36.635926]},"properties":{"id":"VUT/CA/11085","type":"VUT","group":"Completa","address":"CALLE JUAN BARRIENTO Nº 2 Blq. 1 Portal 1 Plta/Piso BAJO Pta/Letra D, piso BAJO, puerta D","postal_code":"11520","places":8,"units":3,"registered":"2020-10-20","catastro":"3879908QA3537N0089QA","holder":null,"holder_count":null}},{"type":"Feature","geometry":{"type":"Point","coordinates":[-6.41552,36.691448]},"properties":{"id":"VUT/CA/11096","type":"VUT","group":"Completa","address":"AVENIDA DE LA URTA Nº 2 Compl.Dom. CASA 61","postal_code":"11520","places":8,"units":3,"registered":"2020-10-21","catastro":"0939501QA3603N0061SY","holder":null,"holder_count":null}},{"type":"Feature","geometry":{"type":"Point","coordinates":[-6.362036,36.619369]},"properties":{"id":"VUT/CA/11097","type":"VUT","group":"Completa","address":"CALLE St. Maria del Mar Nº 17 Pta/Letra B, puerta B","postal_code":"11520","places":2,"units":1,"registered":"2020-10-22","catastro":"6060201QA3566A0001UO","holder":null,"holder_count":null}},{"type":"Feature","geometry":{"type":"Point","coordinates":[-6.362036,36.619369]},"properties":{"id":"VUT/CA/11101","type":"VUT","group":"Completa","address":"CALLE St. Maria del Mar Nº 17 Pta/Letra A, puerta A","postal_code":"11520","places":4,"units":2,"registered":"2020-10-23","catastro":"6060201QA3566A0001UO","holder":null,"holder_count":null}},{"type":"Feature","geometry":{"type":"Point","coordinates":[-6.362036,36.619369]},"properties":{"id":"VUT/CA/11102","type":"VUT","group":"Completa","address":"CALLE St. Maria del Mar Nº 17 Plta/Piso 1, piso 1","postal_code":"11520","places":5,"units":3,"registered":"2020-10-23","catastro":"6060201QA3566A0001UO","holder":null,"holder_count":null}},{"type":"Feature","geometry":{"type":"Point","coordinates":[-6.353875,36.626672]},"properties":{"id":"VUT/CA/11114","type":"VUT","group":"Completa","address":"CALLE MAESTRO GRANADO Nº 8","postal_code":"11520","places":14,"units":4,"registered":"2020-10-27","catastro":"6769603QA3566H0001UE","holder":null,"holder_count":null}},{"type":"Feature","geometry":{"type":"Point","coordinates":[-6.383737,36.630414]},"properties":{"id":"VUT/CA/11139","type":"VUT","group":"Completa","address":"CALLE Maestro Manuel Casal Egea Nº 3 Pta/Letra 55 Compl.Dom. Urbanización Jardín de la Almadraba, puerta 55","postal_code":"11520","places":10,"units":4,"registered":"2020-11-09","catastro":"4273101QA3547C0375RY","holder":null,"holder_count":null}},{"type":"Feature","geometry":{"type":"Point","coordinates":[-6.412747,36.694278]},"properties":{"id":"VUT/CA/11147","type":"VUT","group":"Completa","address":"AVENIDA TORREBREVA Nº 3 Blq. 3 Portal 2 Plta/Piso 2 Pta/Letra B Compl.Dom. URBANIZACION COSTA BALLENA, piso 2, puerta B","postal_code":"11520","places":4,"units":2,"registered":"2020-11-11","catastro":"1045102QA3614S0251SA","holder":null,"holder_count":null}},{"type":"Feature","geometry":{"type":"Point","coordinates":[-6.416643,36.690835]},"properties":{"id":"VUT/CA/11184","type":"VUT","group":"Completa","address":"CALLE LUBINA Nº 2 Blq. 2 Portal 3 Plta/Piso BAJO Pta/Letra B, piso BAJO, puerta B","postal_code":"11520","places":4,"units":2,"registered":"2020-12-07","catastro":"0738901QA3603N0193LO","holder":null,"holder_count":null}},{"type":"Feature","geometry":{"type":"Point","coordinates":[-6.386155,36.635926]},"properties":{"id":"VUT/CA/11245","type":"VUT","group":"Completa","address":"CALLE JUAN BARRIENTOS Nº 2 Blq. 1 Portal 2 Plta/Piso 1 Pta/Letra H, piso 1, puerta H","postal_code":"11520","places":5,"units":2,"registered":"2021-01-12","catastro":"3879908QA3537N0133OL","holder":null,"holder_count":null}},{"type":"Feature","geometry":{"type":"Point","coordinates":[-6.35737,36.618545]},"properties":{"id":"VUT/CA/11298","type":"VUT","group":"Completa","address":"CALLE ÁLVARO MÉNDEZ Nº 10-12 Plta/Piso BAJO Pta/Letra A, piso BAJO, puerta A","postal_code":"11520","places":6,"units":2,"registered":"2021-02-01","catastro":"6460603QA3566A0003AA","holder":null,"holder_count":null}},{"type":"Feature","geometry":{"type":"Point","coordinates":[-6.412252,36.682162]},"properties":{"id":"VUT/CA/11303","type":"VUT","group":"Completa","address":"CALLE Caleta Nº 5 Blq. 3 Esc. 9 Plta/Piso Bajo Compl.Dom. Urbanizacion Playa del Infante, piso Bajo","postal_code":"11520","places":4,"units":2,"registered":"2021-02-03","catastro":"1328301QA3612N0221EJ","holder":null,"holder_count":null}},{"type":"Feature","geometry":{"type":"Point","coordinates":[-6.41375,36.684835]},"properties":{"id":"VUT/CA/11310","type":"VUT","group":"Por habitaciones","address":"CALLE PEÑA DEL AGUILA Nº 6 Blq. 2 Plta/Piso 2 Pta/Letra 230 Compl.Dom. URB. MARINA GOLF, piso 2, puerta 230","postal_code":"11520","places":6,"units":3,"registered":"2021-02-05","catastro":"1131401QA3613S0163RM","holder":null,"holder_count":null}},{"type":"Feature","geometry":{"type":"Point","coordinates":[-6.412252,36.682162]},"properties":{"id":"VUT/CA/11319","type":"VUT","group":"Completa","address":"CALLE CALETA Nº 5 Portal 35 Plta/Piso 1 Pta/Letra B, piso 1, puerta B","postal_code":"11520","places":4,"units":2,"registered":"2021-02-05","catastro":"1328301QA3612N0147BA","holder":null,"holder_count":null}},{"type":"Feature","geometry":{"type":"Point","coordinates":[-6.410819,36.688887]},"properties":{"id":"VUT/CA/11332","type":"VUT","group":"Completa","address":"AVENIDA REINA SOFIA Nº 7 Pta/Letra 52, puerta 52","postal_code":"11520","places":5,"units":2,"registered":"2021-02-10","catastro":"1436301QA3613N0173IX","holder":"cereales hermanos gutierrez s.l.","holder_count":1}},{"type":"Feature","geometry":{"type":"Point","coordinates":[-6.404813,36.682303]},"properties":{"id":"VUT/CA/11341","type":"VUT","group":"Completa","address":"CALLE REINA SOFÍA Nº 15 Blq. 2 Portal 4 Plta/Piso 1º Pta/Letra C, piso 1º, puerta C","postal_code":"11520","places":5,"units":2,"registered":"2021-02-12","catastro":"1931102QA3612N0251MG","holder":null,"holder_count":null}},{"type":"Feature","geometry":{"type":"Point","coordinates":[-6.413778,36.68277]},"properties":{"id":"VUT/CA/11343","type":"VUT","group":"Completa","address":"CALLE Caleta Nº 14 Plta/Piso 3 Pta/Letra A Compl.Dom. Urbanización Playa Infante, piso 3, puerta A","postal_code":"11520","places":5,"units":2,"registered":"2021-02-13","catastro":"1228802QA3612N0021AA","holder":null,"holder_count":null}},{"type":"Feature","geometry":{"type":"Point","coordinates":[-6.413778,36.68277]},"properties":{"id":"VUT/CA/11366","type":"VUT","group":"Completa","address":"CALLE CALETA Nº 2 Blq. 6 Plta/Piso 3 Pta/Letra A Compl.Dom. URBANIZACION PLAYA DEL INFANTE , COSTA BALLENA ROTA, piso 3, puerta A","postal_code":"11520","places":4,"units":2,"registered":"2021-02-19","catastro":"1228802QA3612N0130BB","holder":null,"holder_count":null}},{"type":"Feature","geometry":{"type":"Point","coordinates":[-6.418506,36.690834]},"properties":{"id":"VUT/CA/11377","type":"VUT","group":"Completa","address":"CALLE BOGAVANTE Nº 2 Portal 5 Plta/Piso BAJA Pta/Letra C, piso BAJA, puerta C","postal_code":"11520","places":4,"units":2,"registered":"2021-02-23","catastro":"0638901QA3603N0056XR","holder":null,"holder_count":null}},{"type":"Feature","geometry":{"type":"Point","coordinates":[-6.389067,36.638128]},"properties":{"id":"VUT/CA/11382","type":"VUT","group":"Completa","address":"AVENIDA LUIS GARCÍA MONTERO Nº 2 Blq. 1 Plta/Piso 2 Pta/Letra F Compl.Dom. URBANIZACIÓN PUNTA TERRACES, piso 2, puerta F","postal_code":"11520","places":4,"units":2,"registered":"2021-02-24","catastro":"3680313QA3538S0219RH","holder":null,"holder_count":null}},{"type":"Feature","geometry":{"type":"Point","coordinates":[-6.406772,36.686461]},"properties":{"id":"VUT/CA/11383","type":"VUT","group":"Completa","address":"AVENIDA REINA SOFIA Nº 11 Blq. 3 Portal 1 Plta/Piso B Pta/Letra D, piso B, puerta D","postal_code":"11520","places":4,"units":2,"registered":"2021-02-24","catastro":"1834101QA3613S0116AF","holder":null,"holder_count":null}},{"type":"Feature","geometry":{"type":"Point","coordinates":[-6.410263,36.687257]},"properties":{"id":"VUT/CA/11388","type":"VUT","group":"Completa","address":"AVENIDA Reina Sofia Nº 9 Compl.Dom. Vivienda 13","postal_code":"11520","places":5,"units":2,"registered":"2021-02-26","catastro":"1436302QA3613N0013KM","holder":null,"holder_count":null}},{"type":"Feature","geometry":{"type":"Point","coordinates":[-6.41441,36.693807]},"properties":{"id":"VUT/CA/11397","type":"VUT","group":"Completa","address":"AVENIDA Jose Rodriguez de la Borbolla Nº 4 Blq. 5 Pta/Letra 30 Compl.Dom. CONJUNTO ALCA-GOLF ROTA, puerta 30","postal_code":"11520","places":8,"units":4,"registered":"2021-03-02","catastro":"1045101QA3614S0162IH","holder":null,"holder_count":null}},{"type":"Feature","geometry":{"type":"Point","coordinates":[-6.355791,36.623139]},"properties":{"id":"VUT/CA/11403","type":"VUT","group":"Completa","address":"CALLE Federico García Lorca Blq. 32 Plta/Piso 1 Pta/Letra C, piso 1, puerta C","postal_code":"11520","places":4,"units":2,"registered":"2021-03-02","catastro":"6565506QA3566F0004YA","holder":null,"holder_count":null}},{"type":"Feature","geometry":{"type":"Point","coordinates":[-6.413778,36.68277]},"properties":{"id":"VUT/CA/11415","type":"VUT","group":"Completa","address":"CALLE LA CALETA Nº 8 Blq. III Esc. 10 Plta/Piso BAJO Pta/Letra B Compl.Dom. RES. PLAYA INFANTE 2ª FASE   (Playa del Infante), piso BAJO, puerta B","postal_code":"11520","places":4,"units":2,"registered":"2021-03-04","catastro":"1228802QA3612N0008RR","holder":"INMOPUNTA ALSOL, SL","holder_count":14}},{"type":"Feature","geometry":{"type":"Point","coordinates":[-6.412252,36.682162]},"properties":{"id":"VUT/CA/11417","type":"VUT","group":"Completa","address":"CALLE Caleta Nº 9 Plta/Piso 1 Pta/Letra B Compl.Dom. Urbanización Playa del Infante, Costa Ballena, piso 1, puerta B","postal_code":"11520","places":8,"units":4,"registered":"2021-03-04","catastro":"1328301QA3612N0373BA","holder":"AGROPECUARIA LA JUNCOSA S.L","holder_count":1}},{"type":"Feature","geometry":{"type":"Point","coordinates":[-6.389067,36.638128]},"properties":{"id":"VUT/CA/11420","type":"VUT","group":"Completa","address":"AVENIDA POETA LUIS GARCIA MONTERO Nº 2 Plta/Piso 1 Pta/Letra C, piso 1, puerta C","postal_code":"11520","places":6,"units":6,"registered":"2021-03-05","catastro":"3680313QA3538S0208LI","holder":null,"holder_count":null}},{"type":"Feature","geometry":{"type":"Point","coordinates":[-6.404813,36.682303]},"properties":{"id":"VUT/CA/11428","type":"VUT","group":"Completa","address":"AVENIDA REINA SOFIA Nº 15 Blq. 2 Portal 4 Plta/Piso BJ Pta/Letra A, piso BJ, puerta A","postal_code":"11520","places":8,"units":3,"registered":"2021-03-08","catastro":"1931102QA3612N0246ZD","holder":null,"holder_count":null}},{"type":"Feature","geometry":{"type":"Point","coordinates":[-6.412252,36.682162]},"properties":{"id":"VUT/CA/11431","type":"VUT","group":"Completa","address":"CALLE LA CALETA Nº 3 Blq. 3 Portal 35 Plta/Piso 1º Pta/Letra B, piso 1º, puerta B","postal_code":"11520","places":5,"units":2,"registered":"2021-03-08","catastro":"1328301QA3612N0118MF","holder":null,"holder_count":null}},{"type":"Feature","geometry":{"type":"Point","coordinates":[-6.410819,36.688887]},"properties":{"id":"VUT/CA/11466","type":"VUT","group":"Completa","address":"AVENIDA REINA SOFIA Nº 7 Portal 8","postal_code":"11520","places":4,"units":2,"registered":"2021-03-15","catastro":"1436301QA3613N0129WH","holder":null,"holder_count":null}},{"type":"Feature","geometry":{"type":"Point","coordinates":[-6.366536,36.62923]},"properties":{"id":"VUT/CA/11482","type":"VUT","group":"Completa","address":"CALLE JARDIN BRISAS DE ROTA Nº 2 Blq. 2 Esc. 2 Plta/Piso B Pta/Letra A, piso B, puerta A","postal_code":"11520","places":4,"units":1,"registered":"2021-03-17","catastro":"5671101qa3557s0054bq","holder":null,"holder_count":null}},{"type":"Feature","geometry":{"type":"Point","coordinates":[-6.357451,36.621754]},"properties":{"id":"VUT/CA/11525","type":"VUT","group":"Completa","address":"CALLE VERACRUZ Nº 69 Plta/Piso BAJO, piso BAJO","postal_code":"11520","places":7,"units":3,"registered":"2021-03-25","catastro":"6463722QA3566C0002IT","holder":null,"holder_count":null}},{"type":"Feature","geometry":{"type":"Point","coordinates":[-6.413778,36.68277]},"properties":{"id":"VUT/CA/11546","type":"VUT","group":"Completa","address":"CALLE Peña del Aguila Nº 3 Plta/Piso Bajo Pta/Letra B Compl.Dom. Urbanización Playa del Infante, piso Bajo, puerta B","postal_code":"11520","places":6,"units":3,"registered":"2021-03-29","catastro":"1228802QA3612N0147AA","holder":null,"holder_count":null}},{"type":"Feature","geometry":{"type":"Point","coordinates":[-6.365565,36.627203]},"properties":{"id":"VUT/CA/11561","type":"VUT","group":"Completa","address":"AVENIDA DE LA LIBERTAD Nº 3B Portal 1 Plta/Piso 1 Pta/Letra A, piso 1, puerta A","postal_code":"11520","places":4,"units":2,"registered":"2021-04-01","catastro":"49751H0QA3547N0088JF","holder":null,"holder_count":null}},{"type":"Feature","geometry":{"type":"Point","coordinates":[-6.412252,36.682162]},"properties":{"id":"VUT/CA/11574","type":"VUT","group":"Completa","address":"CALLE CALETA Nº 5 Blq. 4 Esc. 14 Plta/Piso BJ Pta/Letra 4 Compl.Dom. RESIDENCIAL PLAYA DEL INFANTE COSTA BALLENA, piso BJ, puerta 4","postal_code":"11520","places":6,"units":3,"registered":"2021-04-06","catastro":"1328301QA3612N0292UZ","holder":null,"holder_count":null}},{"type":"Feature","geometry":{"type":"Point","coordinates":[-6.417891,36.689801]},"properties":{"id":"VUT/CA/11575","type":"VUT","group":"Completa","address":"AVENIDA PEZ ESPADA Nº 3 Esc. 6 Plta/Piso 1 Pta/Letra B, piso 1, puerta B","postal_code":"11520","places":4,"units":2,"registered":"2021-04-06","catastro":"0737202QA3603N0072MF","holder":null,"holder_count":null}},{"type":"Feature","geometry":{"type":"Point","coordinates":[-6.359781,36.623109]},"properties":{"id":"VUT/CA/11579","type":"VUT","group":"Completa","address":"CALLE Inmaculada Concepción Nº 10 Plta/Piso Bajo Pta/Letra D, piso Bajo, puerta D","postal_code":"11520","places":10,"units":5,"registered":"2021-04-07","catastro":"6265818QA3566E0019BF","holder":null,"holder_count":null}},{"type":"Feature","geometry":{"type":"Point","coordinates":[-6.389067,36.638128]},"properties":{"id":"VUT/CA/11629","type":"VUT","group":"Completa","address":"AVENIDA POETA LUIS GARCIA MONTERO Nº 2 Portal 1 Plta/Piso BAJO Pta/Letra B Compl.Dom. PUNTA TERRACES- PUNTA CANDOR, piso BAJO, puerta B","postal_code":"11520","places":4,"units":2,"registered":"2021-04-18","catastro":"3680313QA3538S0199AM","holder":null,"holder_count":null}},{"type":"Feature","geometry":{"type":"Point","coordinates":[-6.351538,36.625403]},"properties":{"id":"VUT/CA/11640","type":"VUT","group":"Completa","address":"CALLE SARGENTO CESPEDES Nº 1 Blq. 1 Plta/Piso 1 Pta/Letra A, piso 1, puerta A","postal_code":"11520","places":6,"units":3,"registered":"2021-04-21","catastro":"7068711QA3576G0008ST","holder":null,"holder_count":null}},{"type":"Feature","geometry":{"type":"Point","coordinates":[-6.381667,36.627512]},"properties":{"id":"VUT/CA/11652","type":"VUT","group":"Completa","address":"CALLE ARRECIFE Nº 4 Portal 4 Plta/Piso 2 Pta/Letra B Compl.Dom. EDIF. BAHIA LUZ III FASE, piso 2, puerta B","postal_code":"11520","places":5,"units":3,"registered":"2021-04-22","catastro":"4369801QA3546G0052HX","holder":"TIMPA S.L.","holder_count":2}},{"type":"Feature","geometry":{"type":"Point","coordinates":[-6.410819,36.688887]},"properties":{"id":"VUT/CA/11656","type":"VUT","group":"Completa","address":"AVENIDA REINA SOFIA Nº 7 Portal 4 Pta/Letra 51 Compl.Dom. URBANIZACIÓN EL PARAISO VIP PLAYA GOLF, puerta 51","postal_code":"11520","places":6,"units":3,"registered":"2021-04-22","catastro":"1436301QA3613N0172UZ","holder":null,"holder_count":null}},{"type":"Feature","geometry":{"type":"Point","coordinates":[-6.353923,36.626294]},"properties":{"id":"VUT/CA/11657","type":"VUT","group":"Completa","address":"CALLE zorrilla Nº 15 Plta/Piso 1 Pta/Letra Dcha, piso 1, puerta Dcha","postal_code":"11520","places":6,"units":3,"registered":"2021-04-22","catastro":"6769609QA3566H0005LU","holder":null,"holder_count":null}},{"type":"Feature","geometry":{"type":"Point","coordinates":[-6.402517,36.677313]},"properties":{"id":"VUT/CA/11748","type":"VUT","group":"Completa","address":"AVENIDA CARLA DE ORLEANS Nº 2 Blq. 2 Portal 1 Plta/Piso 0 Pta/Letra A Compl.Dom. Urbanización los Ansares, piso 0, puerta A","postal_code":"11520","places":5,"units":2,"registered":"2021-05-09","catastro":"2224802QA3622S0056UE","holder":"INMOPUNTA ALSOL, SL","holder_count":14}},{"type":"Feature","geometry":{"type":"Point","coordinates":[-6.358561,36.618871]},"properties":{"id":"VUT/CA/11751","type":"VUT","group":"Por habitaciones","address":"CALLE CHARCO Nº 8 Plta/Piso 3, piso 3","postal_code":"11520","places":4,"units":3,"registered":"2021-05-10","catastro":"6360221QA3566A0004BS","holder":null,"holder_count":null}},{"type":"Feature","geometry":{"type":"Point","coordinates":[-6.413859,36.692229]},"properties":{"id":"VUT/CA/11767","type":"VUT","group":"Completa","address":"AVENIDA AV JOSE RODRIGUEZ DE LA BORBOLLA 2, GALIA-BALLENA Nº 2 Blq. 4 Pta/Letra 10, puerta 10","postal_code":"11520","places":6,"units":3,"registered":"2021-05-11","catastro":"1045104QA3614S0098DJ","holder":null,"holder_count":null}},{"type":"Feature","geometry":{"type":"Point","coordinates":[-6.389067,36.638128]},"properties":{"id":"VUT/CA/11768","type":"VUT","group":"Por habitaciones","address":"AVENIDA POETA LUIS GARCIA MONTERO Blq. 3 Esc. 2 Plta/Piso 2 Pta/Letra D Compl.Dom. punta candor, piso 2, puerta D","postal_code":"11520","places":4,"units":2,"registered":"2021-05-11","catastro":"3680313QA3538S0264AM","holder":null,"holder_count":null}},{"type":"Feature","geometry":{"type":"Point","coordinates":[-6.406772,36.686461]},"properties":{"id":"VUT/CA/11795","type":"VUT","group":"Completa","address":"AVENIDA REINA SOFIA Nº 11 Blq. 5 Portal 1 Plta/Piso 2 Pta/Letra B Compl.Dom. URBANIZACION COSTA BALLENA, piso 2, puerta B","postal_code":"11520","places":4,"units":2,"registered":"2021-05-13","catastro":"1834101QA3613S0224LX","holder":"INMOPUNTA ALSOL, SL","holder_count":14}},{"type":"Feature","geometry":{"type":"Point","coordinates":[-6.366043,36.62821]},"properties":{"id":"VUT/CA/11797","type":"VUT","group":"Completa","address":"AVENIDA LIBERTAD Nº 3 Portal 1 Esc. 1 Plta/Piso 1 Pta/Letra B, piso 1, puerta B","postal_code":"11520","places":4,"units":1,"registered":"2021-05-13","catastro":"5670307QA3557S0014EL","holder":null,"holder_count":null}},{"type":"Feature","geometry":{"type":"Point","coordinates":[-6.413778,36.68277]},"properties":{"id":"VUT/CA/11843","type":"VUT","group":"Completa","address":"RESIDENCIAL PLAYA DEL INFANTE FASE III Portal 17 Plta/Piso 2 Pta/Letra A, piso 2, puerta A","postal_code":"11520","places":8,"units":3,"registered":"2021-05-19","catastro":"1228802QA3612N0137RR","holder":null,"holder_count":null}},{"type":"Feature","geometry":{"type":"Point","coordinates":[-6.366043,36.62821]},"properties":{"id":"VUT/CA/11873","type":"VUT","group":"Completa","address":"AVENIDA DE LA LIBERTAD Nº 3 Pta/Letra B, puerta B","postal_code":"11520","places":4,"units":2,"registered":"2021-05-24","catastro":"5670307QA3557S0034JP","holder":null,"holder_count":null}},{"type":"Feature","geometry":{"type":"Point","coordinates":[-6.38803,36.637461]},"properties":{"id":"VUT/CA/11882","type":"VUT","group":"Completa","address":"AVENIDA JOAQUIN SABINA Nº 3 Esc. 5 Plta/Piso BAJO Pta/Letra D, piso BAJO, puerta D","postal_code":"11520","places":4,"units":2,"registered":"2021-05-24","catastro":"3680303QA3538S0410UD","holder":null,"holder_count":null}},{"type":"Feature","geometry":{"type":"Point","coordinates":[-6.358398,36.622587]},"properties":{"id":"VUT/CA/11929","type":"VUT","group":"Completa","address":"CALLE BUENAVISTA Nº 5 Plta/Piso 2 Pta/Letra E, piso 2, puerta E","postal_code":"11520","places":4,"units":2,"registered":"2021-05-28","catastro":"6364905QA3566C0005WI","holder":null,"holder_count":null}},{"type":"Feature","geometry":{"type":"Point","coordinates":[-6.402517,36.677313]},"properties":{"id":"VUT/CA/11956","type":"VUT","group":"Completa","address":"AVENIDA CARLA DE ORLEANS Nº 4 Blq. 1 Portal 1 Plta/Piso ÁTICO Pta/Letra B, piso ÁTICO, puerta B","postal_code":"11520","places":6,"units":3,"registered":"2021-06-01","catastro":"2224802QA3622S0016WZ","holder":null,"holder_count":null}},{"type":"Feature","geometry":{"type":"Point","coordinates":[-6.41552,36.691448]},"properties":{"id":"VUT/CA/11968","type":"VUT","group":"Completa","address":"AVENIDA Avda Juan carlos 1 Nº 1 Pta/Letra 67, puerta 67","postal_code":"11520","places":7,"units":3,"registered":"2021-06-01","catastro":"0939501qa3603n0067ks","holder":null,"holder_count":null}},{"type":"Feature","geometry":{"type":"Point","coordinates":[-6.366536,36.62923]},"properties":{"id":"VUT/CA/11981","type":"VUT","group":"Completa","address":"AVENIDA DE LA LIBERTAD Nº 7 Blq. 1 Esc. 1 Plta/Piso 3 Pta/Letra A, piso 3, puerta A","postal_code":"11520","places":6,"units":3,"registered":"2021-06-02","catastro":"5671101QA3557S0038PF","holder":null,"holder_count":null}},{"type":"Feature","geometry":{"type":"Point","coordinates":[-6.369245,36.622104]},"properties":{"id":"VUT/CA/11995","type":"VUT","group":"Completa","address":"AVENIDA DE SEVILLA Nº 51 Plta/Piso 2 Pta/Letra A Compl.Dom. EDIFICIO AL SOL, piso 2, puerta A","postal_code":"11520","places":6,"units":2,"registered":"2021-06-03","catastro":"5463253QA3556C0010JY","holder":null,"holder_count":null}},{"type":"Feature","geometry":{"type":"Point","coordinates":[-6.413778,36.68277]},"properties":{"id":"VUT/CA/12002","type":"VUT","group":"Completa","address":"CALLE CALETA Nº 6 Plta/Piso 1 Pta/Letra A, piso 1, puerta A","postal_code":"11520","places":6,"units":2,"registered":"2021-06-03","catastro":"1228802QA3612N0126LL","holder":null,"holder_count":null}},{"type":"Feature","geometry":{"type":"Point","coordinates":[-6.404813,36.682303]},"properties":{"id":"VUT/CA/12012","type":"VUT","group":"Completa","address":"AVENIDA REINA SOFIA Nº 15 Blq. 4 Portal 3 Plta/Piso BAJO Pta/Letra L, piso BAJO, puerta L","postal_code":"11520","places":4,"units":2,"registered":"2021-06-04","catastro":"1931102QA3612N0495GU","holder":null,"holder_count":null}},{"type":"Feature","geometry":{"type":"Point","coordinates":[-6.412747,36.694278]},"properties":{"id":"VUT/CA/12022","type":"VUT","group":"Completa","address":"AVENIDA TORREBREVA Nº 3 Blq. 2 Portal 2 Plta/Piso bajo Pta/Letra A, piso bajo, puerta A","postal_code":"11520","places":5,"units":2,"registered":"2021-06-05","catastro":"1045102QA3614S0151OI","holder":null,"holder_count":null}},{"type":"Feature","geometry":{"type":"Point","coordinates":[-6.365822,36.620998]},"properties":{"id":"VUT/CA/12048","type":"VUT","group":"Completa","address":"CALLE ECIJA Nº 2 Blq. A Plta/Piso 3 Pta/Letra A, piso 3, puerta A","postal_code":"11520","places":6,"units":3,"registered":"2021-06-07","catastro":"5762101QA3556B0018RT","holder":null,"holder_count":null}},{"type":"Feature","geometry":{"type":"Point","coordinates":[-6.389067,36.638128]},"properties":{"id":"VUT/CA/12050","type":"VUT","group":"Completa","address":"AVENIDA Joaquin Sabina Nº 5 Esc. 1 Plta/Piso 1 Pta/Letra C, piso 1, puerta C","postal_code":"11520","places":4,"units":2,"registered":"2021-06-07","catastro":"3680313QA3538S0195UL","holder":null,"holder_count":null}},{"type":"Feature","geometry":{"type":"Point","coordinates":[-6.413859,36.692229]},"properties":{"id":"VUT/CA/12066","type":"VUT","group":"Completa","address":"AVENIDA JOSE RODRIGUEZ DE LA BORBOLLA Nº 2 Blq. 5 Plta/Piso 1A Pta/Letra 34, piso 1A, puerta 34","postal_code":"11520","places":4,"units":2,"registered":"2021-06-09","catastro":"1045104QA3614S0192PF","holder":"INMOPUNTA ALSOL, SL","holder_count":14}},{"type":"Feature","geometry":{"type":"Point","coordinates":[-6.365642,36.627995]},"properties":{"id":"VUT/CA/12075","type":"VUT","group":"Completa","address":"AVENIDA DE LA LIBERTAD Nº 3A Portal 2 Plta/Piso BAJO Pta/Letra B Compl.Dom. RESIDENCIAL NAUTILUS, piso BAJO, puerta B","postal_code":"11520","places":8,"units":3,"registered":"2021-06-09","catastro":"5670305QA3557S0009YJ","holder":null,"holder_count":null}},{"type":"Feature","geometry":{"type":"Point","coordinates":[-6.412252,36.682162]},"properties":{"id":"VUT/CA/12080","type":"VUT","group":"Completa","address":"CALLE DE LA CALETA Nº 3 Plta/Piso 3 Pta/Letra A, piso 3, puerta A","postal_code":"11520","places":6,"units":3,"registered":"2021-06-09","catastro":"1328301QA3612N0439QG","holder":"INMOPUNTA ALSOL, SL","holder_count":14}},{"type":"Feature","geometry":{"type":"Point","coordinates":[-6.402517,36.677313]},"properties":{"id":"VUT/CA/12083","type":"VUT","group":"Completa","address":"AVENIDA CARLA DE ORLEANS Nº 4 Blq. 2 Portal 3 Plta/Piso 1 Pta/Letra D, piso 1, puerta D","postal_code":"11520","places":4,"units":2,"registered":"2021-06-09","catastro":"2224802QA3622S0088UE","holder":null,"holder_count":null}},{"type":"Feature","geometry":{"type":"Point","coordinates":[-6.418506,36.690834]},"properties":{"id":"VUT/CA/12095","type":"VUT","group":"Completa","address":"CALLE Bogavante Nº 3 Blq. 1 Plta/Piso bajo Pta/Letra c, piso bajo, puerta c","postal_code":"11520","places":5,"units":2,"registered":"2021-06-11","catastro":"0638901QA3603N0004ID","holder":"INMOPUNTA ALSOL, SL","holder_count":14}},{"type":"Feature","geometry":{"type":"Point","coordinates":[-6.380091,36.633761]},"properties":{"id":"VUT/CA/12099","type":"VUT","group":"Completa","address":"AVENIDA CASTILLA LA MANCHA Nº 50-52 Blq. 2 Plta/Piso 1 Pta/Letra 6 Compl.Dom. EDIFICIO ESLORA, piso 1, puerta 6","postal_code":"11520","places":4,"units":1,"registered":"2021-06-11","catastro":"4477101QA3547N0030SJ","holder":null,"holder_count":null}},{"type":"Feature","geometry":{"type":"Point","coordinates":[-6.358398,36.622587]},"properties":{"id":"VUT/CA/12115","type":"VUT","group":"Completa","address":"CALLE BUENAVISTA Nº 14 Plta/Piso 2 Pta/Letra E, piso 2, puerta E","postal_code":"11520","places":4,"units":2,"registered":"2021-06-14","catastro":"6364905QA3566C0005WI","holder":null,"holder_count":null}},{"type":"Feature","geometry":{"type":"Point","coordinates":[-6.40649,36.690493]},"properties":{"id":"VUT/CA/12116","type":"VUT","group":"Completa","address":"AVENIDA LA BALLENA Nº 2 Blq. 1 Portal 2 Plta/Piso 1 Pta/Letra D Compl.Dom. URBANIZACIÓN INTERGOLF, piso 1, puerta D","postal_code":"11520","places":6,"units":3,"registered":"2021-06-14","catastro":"1640803QA3613N0023BU","holder":null,"holder_count":null}},{"type":"Feature","geometry":{"type":"Point","coordinates":[-6.410263,36.687257]},"properties":{"id":"VUT/CA/12149","type":"VUT","group":"Completa","address":"AVENIDA Reina Sofia Nº 9 Plta/Piso 10 Pta/Letra Bajo Compl.Dom. Bajo 10, piso 10, puerta Bajo","postal_code":"11520","places":7,"units":3,"registered":"2021-06-16","catastro":"1436302QA3613N0055WU","holder":"INMOPUNTA ALSOL, SL","holder_count":14}},{"type":"Feature","geometry":{"type":"Point","coordinates":[-6.406772,36.686461]},"properties":{"id":"VUT/CA/12179","type":"VUT","group":"Completa","address":"AVENIDA Reina Sofia Nº 11 Blq. 1 Portal 2 Plta/Piso 1 Pta/Letra A, piso 1, puerta A","postal_code":"11520","places":4,"units":2,"registered":"2021-06-19","catastro":"1834101QA3613S0014YO","holder":"INMOPUNTA ALSOL, SL","holder_count":14}},{"type":"Feature","geometry":{"type":"Point","coordinates":[-6.389067,36.638128]},"properties":{"id":"VUT/CA/12226","type":"VUT","group":"Completa","address":"AVENIDA Poeta Luis García Montero Nº 2 Portal 3 Plta/Piso BAJO Pta/Letra B, piso BAJO, puerta B","postal_code":"11520","places":5,"units":2,"registered":"2021-06-24","catastro":"3680313QA3538S0250MS","holder":null,"holder_count":null}},{"type":"Feature","geometry":{"type":"Point","coordinates":[-6.363963,36.620582]},"properties":{"id":"VUT/CA/12230","type":"VUT","group":"Completa","address":"AVENIDA SEVILLA Nº 15 Plta/Piso 4 Pta/Letra C3, piso 4, puerta C3","postal_code":"11520","places":6,"units":2,"registered":"2021-06-24","catastro":"5861310QA3556B0080WM","holder":"MISSISSIPPI WORLD SL","holder_count":3}},{"type":"Feature","geometry":{"type":"Point","coordinates":[-6.41112,36.690483]},"properties":{"id":"VUT/CA/12349","type":"VUT","group":"Completa","address":"AVENIDA REINA SOFIA Nº 3 Blq. 4 Plta/Piso BAJO Pta/Letra A Compl.Dom. URBANIZACION LAS DUNAS 3, piso BAJO, puerta A","postal_code":"11520","places":4,"units":2,"registered":"2021-07-06","catastro":"1338901QA3613N0043EZ","holder":null,"holder_count":null}},{"type":"Feature","geometry":{"type":"Point","coordinates":[-6.369591,36.622514]},"properties":{"id":"VUT/CA/12395","type":"VUT","group":"Completa","address":"CALLE VIRGEN DE LOS MILAGROS Nº 7 Plta/Piso 4ª Pta/Letra A, piso 4ª, puerta A","postal_code":"11520","places":6,"units":3,"registered":"2021-07-12","catastro":"5463202QA3556C0163PQ","holder":"INMERAY SLU","holder_count":1}},{"type":"Feature","geometry":{"type":"Point","coordinates":[-6.389067,36.638128]},"properties":{"id":"VUT/CA/12436","type":"VUT","group":"Completa","address":"CALLE POETA LUIS GARCIA MONTERO Nº 2 Blq. 3 Plta/Piso AT Pta/Letra E, piso AT, puerta E","postal_code":"11520","places":3,"units":1,"registered":"2021-07-16","catastro":"3680313QA3538S0277ZP","holder":null,"holder_count":null}},{"type":"Feature","geometry":{"type":"Point","coordinates":[-6.41824,36.691704]},"properties":{"id":"VUT/CA/12473","type":"VUT","group":"Completa","address":"AVENIDA PEZ ESPADA Portal 6-8 Plta/Piso 1 Pta/Letra 18 Compl.Dom. EDIFICIO VILLA DEL MAR (COSTA BALLENA) PORTAL 8, piso 1, puerta 18","postal_code":"11520","places":4,"units":2,"registered":"2021-07-23","catastro":"0639401QA3603N0018RQ","holder":null,"holder_count":null}},{"type":"Feature","geometry":{"type":"Point","coordinates":[-6.37494,36.628454]},"properties":{"id":"VUT/CA/12482","type":"VUT","group":"Completa","address":"AVENIDA de los Toreros Nº 2 Compl.Dom. Residencial Rota Principe, casa 25","postal_code":"11520","places":6,"units":3,"registered":"2021-07-24","catastro":"4971711QA3547S0122RM","holder":null,"holder_count":null}},{"type":"Feature","geometry":{"type":"Point","coordinates":[-6.41698,36.691498]},"properties":{"id":"VUT/CA/12494","type":"VUT","group":"Completa","address":"CALLE Boqueron Nº 2 Blq. 1 Esc. 4 Plta/Piso bajo Pta/Letra E Compl.Dom. Conjunto Vista Azul, piso bajo, puerta E","postal_code":"11520","places":4,"units":2,"registered":"2021-07-26","catastro":"0739601QA3604S0055YT","holder":null,"holder_count":null}},{"type":"Feature","geometry":{"type":"Point","coordinates":[-6.417932,36.692657]},"properties":{"id":"VUT/CA/12496","type":"VUT","group":"Completa","address":"CALLE PLAZA DEL MAR Nº S/N Portal A Plta/Piso BAJA Compl.Dom. COSTA BALLENA, piso BAJA","postal_code":"11520","places":2,"units":2,"registered":"2021-07-27","catastro":"0640501QA3604S0004PG","holder":null,"holder_count":null}},{"type":"Feature","geometry":{"type":"Point","coordinates":[-6.409237,36.678208]},"properties":{"id":"VUT/CA/12553","type":"VUT","group":"Completa","address":"AVENIDA NUEVO OASIS DEL SUR 2, URB. TORRESALADA I Blq. 3 Portal 2 Plta/Piso 1 Pta/Letra B, piso 1, puerta B","postal_code":"11520","places":8,"units":3,"registered":"2021-08-04","catastro":"1721201QA3612S0049JK","holder":null,"holder_count":null}},{"type":"Feature","geometry":{"type":"Point","coordinates":[-6.389067,36.638128]},"properties":{"id":"VUT/CA/12603","type":"VUT","group":"Completa","address":"AVENIDA ESCRITORA ALMUDENA GRANDES Nº 3 Esc. 3 Plta/Piso ATICO Pta/Letra B Compl.Dom. RES PUNTA CANDOR NUMERO 6, piso ATICO, puerta B","postal_code":"11520","places":7,"units":3,"registered":"2021-08-16","catastro":"3680313QA3538S0153MS","holder":null,"holder_count":null}},{"type":"Feature","geometry":{"type":"Point","coordinates":[-6.389067,36.638128]},"properties":{"id":"VUT/CA/12604","type":"VUT","group":"Completa","address":"AVENIDA POETA LUIS GARCIA MONTERO Nº 2 Blq. 1 Plta/Piso 2 Pta/Letra G, piso 2, puerta G","postal_code":"11520","places":5,"units":2,"registered":"2021-08-16","catastro":"3680313QA3538S0220WF","holder":null,"holder_count":null}},{"type":"Feature","geometry":{"type":"Point","coordinates":[-6.402517,36.677313]},"properties":{"id":"VUT/CA/12617","type":"VUT","group":"Completa","address":"AVENIDA Carla de Orleans Nº 4 Blq. 2 Portal 3 Plta/Piso Bajo Pta/Letra A, piso Bajo, puerta A","postal_code":"11520","places":5,"units":2,"registered":"2021-08-19","catastro":"2224802QA3622S0082QB","holder":null,"holder_count":null}},{"type":"Feature","geometry":{"type":"Point","coordinates":[-6.365642,36.627995]},"properties":{"id":"VUT/CA/12645","type":"VUT","group":"Completa","address":"AVENIDA Libertad Nº 3A Portal 3 Plta/Piso 2 Pta/Letra A Compl.Dom. Residencial Nautilus, piso 2, puerta A","postal_code":"11520","places":8,"units":4,"registered":"2021-08-25","catastro":"5670305QA3557S0032BI","holder":null,"holder_count":null}},{"type":"Feature","geometry":{"type":"Point","coordinates":[-6.376173,36.626805]},"properties":{"id":"VUT/CA/12647","type":"VUT","group":"Por habitaciones","address":"AVENIDA Diputación Nº 52","postal_code":"11520","places":6,"units":5,"registered":"2021-08-26","catastro":"4770906QA3547B0001PR","holder":null,"holder_count":null}},{"type":"Feature","geometry":{"type":"Point","coordinates":[-6.409681,36.67739]},"properties":{"id":"VUT/CA/12660","type":"VUT","group":"Completa","address":"AVENIDA NUEVO OASIS DEL SUR Nº 81 Compl.Dom. URBANIZACIÓN NUEVO OASIS DEL SUR","postal_code":"11520","places":4,"units":2,"registered":"2021-08-30","catastro":"1523401QA3612S0081WG","holder":null,"holder_count":null}},{"type":"Feature","geometry":{"type":"Point","coordinates":[-6.389067,36.638128]},"properties":{"id":"VUT/CA/12663","type":"VUT","group":"Completa","address":"CALLE Joaquín Sabina Nº 7 Esc. 4 Plta/Piso 1 Pta/Letra C, piso 1, puerta C","postal_code":"11520","places":4,"units":2,"registered":"2021-08-30","catastro":"3680313QA3538S0115BO","holder":null,"holder_count":null}},{"type":"Feature","geometry":{"type":"Point","coordinates":[-6.369097,36.628496]},"properties":{"id":"VUT/CA/12687","type":"VUT","group":"Completa","address":"CALLE RACILLO Nº 19 Calif.Nº 19 Blq. 1 Portal 2 Plta/Piso BAJO Pta/Letra A Compl.Dom. RESIDENCIAL PARQUE LUZ, piso BAJO, puerta A","postal_code":"11520","places":8,"units":2,"registered":"2021-09-01","catastro":"5370101QA3557S0014AL","holder":null,"holder_count":null}},{"type":"Feature","geometry":{"type":"Point","coordinates":[-6.412252,36.682162]},"properties":{"id":"VUT/CA/12695","type":"VUT","group":"Completa","address":"CALLE LA CALETA Nº 3 Compl.Dom. CALETA 15 1C","postal_code":"11520","places":6,"units":3,"registered":"2021-09-03","catastro":"1328301QA3612N0351RK","holder":"GRUPO EMPRESARIAL DE ALIMENTACION Y RESTAURACION SOCIEDAD LIMITADA","holder_count":1}},{"type":"Feature","geometry":{"type":"Point","coordinates":[-6.406772,36.686461]},"properties":{"id":"VUT/CA/12709","type":"VUT","group":"Completa","address":"AVENIDA REINA SOFIA Nº 11 Compl.Dom. PAREADO 4 UNIFAMILIARES 3","postal_code":"11520","places":8,"units":4,"registered":"2021-09-07","catastro":"1834101QA3613S0284GK","holder":null,"holder_count":null}},{"type":"Feature","geometry":{"type":"Point","coordinates":[-6.369097,36.628496]},"properties":{"id":"VUT/CA/12791","type":"VUT","group":"Completa","address":"CALLE RACILLO Nº 21 Blq. 7 Plta/Piso BAJO Pta/Letra B, piso BAJO, puerta B","postal_code":"11520","places":4,"units":2,"registered":"2021-09-23","catastro":"5370101QA3557S0075IH","holder":null,"holder_count":null}},{"type":"Feature","geometry":{"type":"Point","coordinates":[-6.40649,36.690493]},"properties":{"id":"VUT/CA/12804","type":"VUT","group":"Completa","address":"AVENIDA De la Ballena Nº 2 Portal 1 Plta/Piso 1 Pta/Letra D, piso 1, puerta D","postal_code":"11520","places":4,"units":3,"registered":"2021-09-27","catastro":"1640803QA3613N0008AZ","holder":null,"holder_count":null}},{"type":"Feature","geometry":{"type":"Point","coordinates":[-6.40874,36.674193]},"properties":{"id":"VUT/CA/12843","type":"VUT","group":"Completa","address":"AVENIDA CARLA DE ORLEANS Nº 1 Plta/Piso 27 Compl.Dom. URBANIZACION NUEVO OASIS DEL SUR, FASE II, piso 27","postal_code":"11520","places":9,"units":4,"registered":"2021-10-06","catastro":"1620901QA3612S0027OW","holder":null,"holder_count":null}},{"type":"Feature","geometry":{"type":"Point","coordinates":[-6.370042,36.623014]},"properties":{"id":"VUT/CA/12887","type":"VUT","group":"Completa","address":"CALLE SANTIAGO GUILLEN MORENO Nº 4 Blq. 12 Esc. C Plta/Piso 3 Pta/Letra B, piso 3, puerta B","postal_code":"11520","places":6,"units":3,"registered":"2021-10-20","catastro":"5265902QA3556E0150IO","holder":null,"holder_count":null}},{"type":"Feature","geometry":{"type":"Point","coordinates":[-6.363507,36.622411]},"properties":{"id":"VUT/CA/12919","type":"VUT","group":"Completa","address":"CALLE JUAN RAMON JIMENEZ Nº 14 Esc. 1 Plta/Piso 1 Pta/Letra A, piso 1, puerta A","postal_code":"11520","places":5,"units":2,"registered":"2021-10-27","catastro":"5964701QA3556D0045JK","holder":null,"holder_count":null}},{"type":"Feature","geometry":{"type":"Point","coordinates":[-6.38706,36.635761]},"properties":{"id":"VUT/CA/12922","type":"VUT","group":"Completa","address":"AVENIDA Princípes de España Nº 218 Plta/Piso 0 Pta/Letra 11 Compl.Dom. Residencial Vistahermosa, piso 0, puerta 11","postal_code":"11520","places":6,"units":3,"registered":"2021-10-28","catastro":"4180825QA3548S0011YY","holder":null,"holder_count":null}},{"type":"Feature","geometry":{"type":"Point","coordinates":[-6.40463,36.680111]},"properties":{"id":"VUT/CA/12951","type":"VUT","group":"Completa","address":"AVENIDA Reina Sofia Nº 17 Pta/Letra 62 Compl.Dom. Urbanizacion nuevo oasis 3, puerta 62","postal_code":"11520","places":6,"units":3,"registered":"2021-11-04","catastro":"1931103QA3612N0048EO","holder":null,"holder_count":null}},{"type":"Feature","geometry":{"type":"Point","coordinates":[-6.417473,36.6891]},"properties":{"id":"VUT/CA/12985","type":"VUT","group":"Completa","address":"CALLE avenida del pez espada Nº 373 Portal 4 Plta/Piso 1 Pta/Letra d Compl.Dom. urbanizacion bahia palacio, piso 1, puerta d","postal_code":"11520","places":6,"units":3,"registered":"2021-11-14","catastro":"0736901QA3603N0373QQ","holder":null,"holder_count":null}},{"type":"Feature","geometry":{"type":"Point","coordinates":[-6.390018,36.638004]},"properties":{"id":"VUT/CA/12994","type":"VUT","group":"Completa","address":"AVENIDA Joaquin Sabina Nº 5 Esc. 1 Plta/Piso 2 Pta/Letra B, piso 2, puerta B","postal_code":"11520","places":2,"units":2,"registered":"2021-11-17","catastro":"3680307QA3538S0001WK","holder":null,"holder_count":null}},{"type":"Feature","geometry":{"type":"Point","coordinates":[-6.359557,36.617126]},"properties":{"id":"VUT/CA/12995","type":"VUT","group":"Completa","address":"CALLE CARACOL Nº 7 Plta/Piso 3 Pta/Letra E, piso 3, puerta E","postal_code":"11520","places":6,"units":2,"registered":"2021-11-17","catastro":"6457701QA3565E0017IK","holder":null,"holder_count":null}},{"type":"Feature","geometry":{"type":"Point","coordinates":[-6.354781,36.624773]},"properties":{"id":"VUT/CA/13004","type":"VUT","group":"Completa","address":"CALLE SAGRADO CORAZON DE JESUS Nº 63 Plta/Piso 2 Pta/Letra A, piso 2, puerta A","postal_code":"11520","places":6,"units":3,"registered":"2021-11-18","catastro":"6667606QA3566F0005DS","holder":null,"holder_count":null}},{"type":"Feature","geometry":{"type":"Point","coordinates":[-6.410819,36.688887]},"properties":{"id":"VUT/CA/13011","type":"VUT","group":"Completa","address":"AVENIDA REINA SOFIA Nº 7 Pta/Letra 49 Compl.Dom. URBANIZACION PARAISO VIP PLAYA GOLF, puerta 49","postal_code":"11520","places":10,"units":5,"registered":"2021-11-19","catastro":"1436301QA3613N0170TL","holder":null,"holder_count":null}},{"type":"Feature","geometry":{"type":"Point","coordinates":[-6.41375,36.684835]},"properties":{"id":"VUT/CA/13031","type":"VUT","group":"Completa","address":"CALLE PEÑA DEL ÁGUILA Nº 6 Blq. 1 Plta/Piso BAJO Pta/Letra 12 Compl.Dom. URBANIZACIÓN MARINA GOLF, piso BAJO, puerta 12","postal_code":"11520","places":4,"units":2,"registered":"2021-11-24","catastro":"1131401QA3613S0104OT","holder":null,"holder_count":null}},{"type":"Feature","geometry":{"type":"Point","coordinates":[-6.360247,36.62397]},"properties":{"id":"VUT/CA/13090","type":"VUT","group":"Completa","address":"CALLE RUBEN DARIO Nº 3 Esc. 1 Plta/Piso 2 Pta/Letra A, piso 2, puerta A","postal_code":"11520","places":4,"units":1,"registered":"2021-11-30","catastro":"6166604QA3566E0023LG","holder":null,"holder_count":null}},{"type":"Feature","geometry":{"type":"Point","coordinates":[-6.365565,36.627203]},"properties":{"id":"VUT/CA/13128","type":"VUT","group":"Completa","address":"AVENIDA Mancomunidad Bajo Guadalquivir Nº 2 Plta/Piso 1 Pta/Letra 37, piso 1, puerta 37","postal_code":"11520","places":6,"units":2,"registered":"2021-12-12","catastro":"49751H0QA3547N0037RQ","holder":null,"holder_count":null}},{"type":"Feature","geometry":{"type":"Point","coordinates":[-6.413972,36.689258]},"properties":{"id":"VUT/CA/13162","type":"VUT","group":"Completa","address":"CALLE GAVILANES Blq. 2 Esc. 1 Plta/Piso BAJO Pta/Letra A Compl.Dom. EDIFICIO 2 PORTAL A PL. BAJA PUERTA 1 ARE CLUB FASE 1, piso BAJO, puerta A","postal_code":"11520","places":4,"units":2,"registered":"2021-12-21","catastro":"1037701QA3613N0078JQ","holder":"INMOPUNTA ALSOL, SL","holder_count":14}},{"type":"Feature","geometry":{"type":"Point","coordinates":[-6.389067,36.638128]},"properties":{"id":"VUT/CA/13180","type":"VUT","group":"Completa","address":"AVENIDA JOAQUÍN SABINA Nº 7 Esc. 1 Plta/Piso BAJO Pta/Letra B, piso BAJO, puerta B","postal_code":"11520","places":5,"units":2,"registered":"2021-12-25","catastro":"3680313QA3538S0196IB","holder":null,"holder_count":null}},{"type":"Feature","geometry":{"type":"Point","coordinates":[-6.357297,36.620367]},"properties":{"id":"VUT/CA/13186","type":"VUT","group":"Completa","address":"CALLE VERACRUZ Portal 42 Plta/Piso 2º Compl.Dom. ÁTICO, piso 2º","postal_code":"11520","places":4,"units":2,"registered":"2021-12-27","catastro":"6461417QA3566A0006KF","holder":null,"holder_count":null}},{"type":"Feature","geometry":{"type":"Point","coordinates":[-6.410819,36.688887]},"properties":{"id":"VUT/CA/13221","type":"VUT","group":"Completa","address":"AVENIDA REINA SOFIA Nº 7 Pta/Letra 1, puerta 1","postal_code":"11520","places":10,"units":3,"registered":"2022-01-08","catastro":"1436301QA3613N0122KO","holder":null,"holder_count":null}},{"type":"Feature","geometry":{"type":"Point","coordinates":[-6.408694,36.694011]},"properties":{"id":"VUT/CA/13249","type":"VUT","group":"Completa","address":"CALLE DALIA Nº 3 Portal 5 Plta/Piso 1 Pta/Letra B Compl.Dom. URBANIZACION LOS JUNCOS FASE 1, piso 1, puerta B","postal_code":"11520","places":6,"units":3,"registered":"2022-01-13","catastro":"1543902QA3614S0069EB","holder":null,"holder_count":null}},{"type":"Feature","geometry":{"type":"Point","coordinates":[-6.41441,36.693807]},"properties":{"id":"VUT/CA/13254","type":"VUT","group":"Completa","address":"AVENIDA Jose Rodríguez de la Borbolla Nº 4 Portal 6 Plta/Piso 1 Pta/Letra f Compl.Dom. urb Alca Golg, piso 1, puerta f","postal_code":"11520","places":6,"units":3,"registered":"2022-01-14","catastro":"1045101QA3614S0126UG","holder":"INMOPUNTA ALSOL S.L.","holder_count":3}},{"type":"Feature","geometry":{"type":"Point","coordinates":[-6.365565,36.627203]},"properties":{"id":"VUT/CA/13304","type":"VUT","group":"Completa","address":"AVENIDA Mancomunidad Bajo Guadalquivir Nº 2 Pta/Letra 37, puerta 37","postal_code":"11520","places":6,"units":2,"registered":"2022-01-23","catastro":"49751H0QA3547N0037RQ","holder":null,"holder_count":null}},{"type":"Feature","geometry":{"type":"Point","coordinates":[-6.41441,36.693807]},"properties":{"id":"VUT/CA/13309","type":"VUT","group":"Completa","address":"AVENIDA JOSE RODRIGUEZ DE LA BORBOLLA Blq. 2 Portal 2 Plta/Piso 2º Pta/Letra D Compl.Dom. URBANIZACION ALCAGOLF, piso 2º, puerta D","postal_code":"11520","places":6,"units":2,"registered":"2022-01-24","catastro":"1045101QA3614S0044HQ","holder":null,"holder_count":null}},{"type":"Feature","geometry":{"type":"Point","coordinates":[-6.41698,36.691498]},"properties":{"id":"VUT/CA/13338","type":"VUT","group":"Completa","address":"CALLE PARGO Nº 3 Blq. 2 Esc. 5 Plta/Piso 3 Pta/Letra E Compl.Dom. COSTA BALLENA, piso 3, puerta E","postal_code":"11520","places":6,"units":3,"registered":"2022-01-28","catastro":"0739601QA3604S0072JH","holder":null,"holder_count":null}},{"type":"Feature","geometry":{"type":"Point","coordinates":[-6.369245,36.622104]},"properties":{"id":"VUT/CA/13345","type":"VUT","group":"Completa","address":"AVENIDA DE SEVILLA Nº 51 Plta/Piso 1 Pta/Letra D Compl.Dom. EDIFICIO ALSOL, piso 1, puerta D","postal_code":"11520","places":5,"units":3,"registered":"2022-01-29","catastro":"5463253QA3556C0009LI","holder":null,"holder_count":null}},{"type":"Feature","geometry":{"type":"Point","coordinates":[-6.366218,36.621326]},"properties":{"id":"VUT/CA/13371","type":"VUT","group":"Completa","address":"CALLE Córdoba Nº 8 Plta/Piso BAJO, piso BAJO","postal_code":"11520","places":6,"units":2,"registered":"2022-02-02","catastro":"5663703QA3556D0102ED","holder":null,"holder_count":null}},{"type":"Feature","geometry":{"type":"Point","coordinates":[-6.384292,36.632835]},"properties":{"id":"VUT/CA/13449","type":"VUT","group":"Completa","address":"CALLE ENCARNACION JIMENEZ DE TEJADA Nº 1 Blq. 13 Esc. E Plta/Piso 2 Pta/Letra 1, piso 2, puerta 1","postal_code":"11520","places":6,"units":2,"registered":"2022-02-14","catastro":"4038109QA3643G0053ZM","holder":null,"holder_count":null}},{"type":"Feature","geometry":{"type":"Point","coordinates":[-6.412252,36.682162]},"properties":{"id":"VUT/CA/13460","type":"VUT","group":"Completa","address":"CALLE LA CALETA Nº 3 Blq. 15 Plta/Piso 1 Pta/Letra B, piso 1, puerta B","postal_code":"11520","places":8,"units":3,"registered":"2022-02-15","catastro":"1328301QA3612N0350EJ","holder":null,"holder_count":null}},{"type":"Feature","geometry":{"type":"Point","coordinates":[-6.41112,36.690483]},"properties":{"id":"VUT/CA/13479","type":"VUT","group":"Completa","address":"AVENIDA REINA SOFÍA Nº 3 Blq. 1 Portal 1 Plta/Piso 1 Pta/Letra C Compl.Dom. COSTA BALLENA (ROTA), piso 1, puerta C","postal_code":"11520","places":6,"units":2,"registered":"2022-02-17","catastro":"1338901QA3613N0007WB","holder":null,"holder_count":null}},{"type":"Feature","geometry":{"type":"Point","coordinates":[-6.360599,36.618643]},"properties":{"id":"VUT/CA/13519","type":"VUT","group":"Completa","address":"CALLE HIGUERETA Nº 28 Plta/Piso 1 Pta/Letra 5, piso 1, puerta 5","postal_code":"11520","places":6,"units":2,"registered":"2022-02-22","catastro":"6160424QA3566A0001XO","holder":null,"holder_count":null}},{"type":"Feature","geometry":{"type":"Point","coordinates":[-6.410991,36.691478]},"properties":{"id":"VUT/CA/13603","type":"VUT","group":"Completa","address":"AVENIDA Reina Sofia Esc. 2 Plta/Piso 2 Pta/Letra B Compl.Dom. Las Dunas Fase 1, piso 2, puerta B","postal_code":"11520","places":8,"units":3,"registered":"2022-03-06","catastro":"1339401QA3613N0074PB","holder":"INMOPUNTA ALSOL S.L.","holder_count":3}},{"type":"Feature","geometry":{"type":"Point","coordinates":[-6.361127,36.621344]},"properties":{"id":"VUT/CA/13606","type":"VUT","group":"Completa","address":"AVENIDA SAN FERNANDO Nº 18","postal_code":"11520","places":8,"units":3,"registered":"2022-03-07","catastro":"6163709QA3566C0001FR","holder":null,"holder_count":null}},{"type":"Feature","geometry":{"type":"Point","coordinates":[-6.356005,36.622401]},"properties":{"id":"VUT/CA/13634","type":"VUT","group":"Completa","address":"CALLE Luis Ponce de León Nº 1","postal_code":"11520","places":5,"units":2,"registered":"2022-03-09","catastro":"6464433QA3566C0001ER","holder":null,"holder_count":null}},{"type":"Feature","geometry":{"type":"Point","coordinates":[-6.389067,36.638128]},"properties":{"id":"VUT/CA/13658","type":"VUT","group":"Completa","address":"AVENIDA Almudena Grandes Nº 6 Esc. 1 Plta/Piso 3 Pta/Letra A, piso 3, puerta A","postal_code":"11520","places":7,"units":3,"registered":"2022-03-10","catastro":"3680313QA3538S0125RH","holder":null,"holder_count":null}},{"type":"Feature","geometry":{"type":"Point","coordinates":[-6.404209,36.676473]},"properties":{"id":"VUT/CA/13668","type":"VUT","group":"Completa","address":"AVENIDA REINA SOFIA Nº 23 Blq. II Portal 8 Plta/Piso 2 Pta/Letra A Compl.Dom. URBANIZACIÓN JARDINES DEL SOL, FASE II, piso 2, puerta A","postal_code":"11520","places":4,"units":2,"registered":"2022-03-11","catastro":"2224801QA3622S0153ZE","holder":null,"holder_count":null}},{"type":"Feature","geometry":{"type":"Point","coordinates":[-6.359471,36.620633]},"properties":{"id":"VUT/CA/13714","type":"VUT","group":"Completa","address":"CALLE PADRE CAPOTE Nº 6","postal_code":"11520","places":8,"units":4,"registered":"2022-03-17","catastro":"6363902QA3566C0001SR","holder":null,"holder_count":null}},{"type":"Feature","geometry":{"type":"Point","coordinates":[-6.381667,36.627512]},"properties":{"id":"VUT/CA/13720","type":"VUT","group":"Completa","address":"CALLE ARRECIFE Nº 6 Esc. 6 Plta/Piso 2 Pta/Letra A Compl.Dom. URBANIZACION SIHOTOURS, piso 2, puerta A","postal_code":"11520","places":6,"units":2,"registered":"2022-03-18","catastro":"4369801QA3546G0061XT","holder":null,"holder_count":null}},{"type":"Feature","geometry":{"type":"Point","coordinates":[-6.358944,36.620608]},"properties":{"id":"VUT/CA/13727","type":"VUT","group":"Completa","address":"CALLE SAN RAFAEL Nº 22","postal_code":"11520","places":6,"units":3,"registered":"2022-03-19","catastro":"6362710QA3566A0006EF","holder":null,"holder_count":null}},{"type":"Feature","geometry":{"type":"Point","coordinates":[-6.412747,36.694278]},"properties":{"id":"VUT/CA/13735","type":"VUT","group":"Completa","address":"AVENIDA TORREBREVA Nº 3 Blq. 2 Portal 2 Esc. 2 Plta/Piso 2 Pta/Letra C Compl.Dom. URBANIZACIÓN BALLENA PARAÍSO, piso 2, puerta C","postal_code":"11520","places":6,"units":3,"registered":"2022-03-20","catastro":"1045102QA3614S0161HG","holder":null,"holder_count":null}},{"type":"Feature","geometry":{"type":"Point","coordinates":[-6.409681,36.67739]},"properties":{"id":"VUT/CA/13737","type":"VUT","group":"Completa","address":"AVENIDA NUEVO OASIS DEL SUR Nº 1 Portal 5 Esc. B Plta/Piso 0 Pta/Letra 35 Compl.Dom. URBANIZACIÓN NUEVO OASIS DEL SUR I, piso 0, puerta 35","postal_code":"11520","places":6,"units":3,"registered":"2022-03-21","catastro":"1523401QA3612S0035JU","holder":"INMOPUNTA ALSOL, SL","holder_count":14}},{"type":"Feature","geometry":{"type":"Point","coordinates":[-6.384854,36.628924]},"properties":{"id":"VUT/CA/13765","type":"VUT","group":"Completa","address":"AVENIDA LOS CORRALES Nº 3 Compl.Dom. RESIDENCIAL BAHIA LUZ ESCALERA 7 2A","postal_code":"11520","places":5,"units":3,"registered":"2022-03-23","catastro":"4170903QA3547A0056WS","holder":null,"holder_count":null}},{"type":"Feature","geometry":{"type":"Point","coordinates":[-6.41465,36.690039]},"properties":{"id":"VUT/CA/13793","type":"VUT","group":"Completa","address":"CALLE AGUA AZUCARILLO Nº 2 Blq. 1 Pta/Letra 3, puerta 3","postal_code":"11520","places":6,"units":3,"registered":"2022-03-25","catastro":"1037301QA3603N0023UE","holder":null,"holder_count":null}},{"type":"Feature","geometry":{"type":"Point","coordinates":[-6.357934,36.617122]},"properties":{"id":"VUT/CA/13795","type":"VUT","group":"Completa","address":"CALLE CUNA Nº 5 Plta/Piso 1 Pta/Letra DRCHA, piso 1, puerta DRCHA","postal_code":"11520","places":8,"units":3,"registered":"2022-03-26","catastro":"6458108QA3565G0001HM","holder":null,"holder_count":null}},{"type":"Feature","geometry":{"type":"Point","coordinates":[-6.367837,36.629414]},"properties":{"id":"VUT/CA/13808","type":"VUT","group":"Completa","address":"CALLE Cura Vargas Nº 8 Blq. 3 Plta/Piso 2, piso 2","postal_code":"11520","places":7,"units":2,"registered":"2022-03-28","catastro":"5471104QA3557S0184KW","holder":null,"holder_count":null}},{"type":"Feature","geometry":{"type":"Point","coordinates":[-6.357015,36.623048]},"properties":{"id":"VUT/CA/13821","type":"VUT","group":"Completa","address":"CALLE Calvario Nº 23 Compl.Dom. c/ Calvario - 23","postal_code":"11520","places":3,"units":2,"registered":"2022-03-30","catastro":"6466581QA3566E0002HM","holder":null,"holder_count":null}},{"type":"Feature","geometry":{"type":"Point","coordinates":[-6.367164,36.628757]},"properties":{"id":"VUT/CA/13832","type":"VUT","group":"Completa","address":"AVENIDA DE LA POLVORA Nº 2 Portal 1 Plta/Piso 3 Pta/Letra 14, piso 3, puerta 14","postal_code":"11520","places":4,"units":1,"registered":"2022-03-30","catastro":"5571102QA3557S0016AZ","holder":null,"holder_count":null}},{"type":"Feature","geometry":{"type":"Point","coordinates":[-6.358358,36.622079]},"properties":{"id":"VUT/CA/13871","type":"VUT","group":"Completa","address":"CALLE PROGRESO Nº 10 Plta/Piso 1ª Pta/Letra C, piso 1ª, puerta C","postal_code":"11520","places":5,"units":2,"registered":"2022-04-04","catastro":"6364914QA3566C0009FS","holder":null,"holder_count":null}},{"type":"Feature","geometry":{"type":"Point","coordinates":[-6.384854,36.628924]},"properties":{"id":"VUT/CA/13873","type":"VUT","group":"Completa","address":"AVENIDA DE LOS CORRALES Nº 3 Esc. E-11 Plta/Piso 1 Pta/Letra B, piso 1, puerta B","postal_code":"11520","places":4,"units":1,"registered":"2022-04-05","catastro":"4170903QA3547A0086MP","holder":null,"holder_count":null}},{"type":"Feature","geometry":{"type":"Point","coordinates":[-6.418506,36.690834]},"properties":{"id":"VUT/CA/13905","type":"VUT","group":"Completa","address":"CALLE Bogavante Nº 2 Portal 3 Plta/Piso 2 Pta/Letra B Compl.Dom. URBANIZACION MARINA DEL ATLANTICO I, piso 2, puerta B","postal_code":"11520","places":4,"units":2,"registered":"2022-04-08","catastro":"0638901QA3603N0040OF","holder":null,"holder_count":null}},{"type":"Feature","geometry":{"type":"Point","coordinates":[-6.410263,36.687257]},"properties":{"id":"VUT/CA/13919","type":"VUT","group":"Completa","address":"AVENIDA REINA SOFIA Nº 9 Compl.Dom. CASA NUMERO 34, URBANIZACION LAS SALINAS","postal_code":"11520","places":6,"units":3,"registered":"2022-04-11","catastro":"1436302QA3613N0034PG","holder":null,"holder_count":null}},{"type":"Feature","geometry":{"type":"Point","coordinates":[-6.413859,36.692229]},"properties":{"id":"VUT/CA/13936","type":"VUT","group":"Completa","address":"AVENIDA JUAN CARLOS I Nº 10 Blq. 5 Pta/Letra 12, puerta 12","postal_code":"11520","places":5,"units":2,"registered":"2022-04-13","catastro":"1045104QA3614S0170JZ","holder":null,"holder_count":null}},{"type":"Feature","geometry":{"type":"Point","coordinates":[-6.408694,36.694011]},"properties":{"id":"VUT/CA/13979","type":"VUT","group":"Completa","address":"CALLE Orquidea Nº 3 Esc. 1 Pta/Letra 11 Compl.Dom. Urbanización Los Juncos, puerta 11","postal_code":"11520","places":7,"units":3,"registered":"2022-04-20","catastro":"1543902QA3614S0073RZ","holder":null,"holder_count":null}},{"type":"Feature","geometry":{"type":"Point","coordinates":[-6.360853,36.621169]},"properties":{"id":"VUT/CA/13981","type":"VUT","group":"Completa","address":"CALLE VIRGEN DE LOS REYES Nº 12 Pta/Letra IZQ, puerta IZQ","postal_code":"11520","places":6,"units":3,"registered":"2022-04-20","catastro":"6262105QA3566A0001PO","holder":null,"holder_count":null}},{"type":"Feature","geometry":{"type":"Point","coordinates":[-6.350501,36.62511]},"properties":{"id":"VUT/CA/13994","type":"VUT","group":"Completa","address":"URBANIZACION JOSÉ EL CHATO Nº 2 Blq. 5 Plta/Piso 1 Pta/Letra F, piso 1, puerta F","postal_code":"11520","places":6,"units":2,"registered":"2022-04-21","catastro":"7067801QA3576G0074HR","holder":null,"holder_count":null}},{"type":"Feature","geometry":{"type":"Point","coordinates":[-6.360477,36.619398]},"properties":{"id":"VUT/CA/14005","type":"VUT","group":"Completa","address":"CALLE Mina Nº 42 Portal 2 Plta/Piso 2 Pta/Letra A, piso 2, puerta A","postal_code":"11520","places":4,"units":2,"registered":"2022-04-22","catastro":"6161532QA3566A0011FH","holder":"Lightbooking SL","holder_count":1}},{"type":"Feature","geometry":{"type":"Point","coordinates":[-6.368708,36.627968]},"properties":{"id":"VUT/CA/14026","type":"VUT","group":"Completa","address":"CALLE Racillo Nº 4 Plta/Piso 2º Pta/Letra J, piso 2º, puerta J","postal_code":"11520","places":7,"units":2,"registered":"2022-04-24","catastro":"5457101QA3557S0041OF","holder":null,"holder_count":null}},{"type":"Feature","geometry":{"type":"Point","coordinates":[-6.413778,36.68277]},"properties":{"id":"VUT/CA/14048","type":"VUT","group":"Completa","address":"CALLE LA CALETA Nº 8 Blq. 5 Portal 4 Esc. 15 Plta/Piso 00 Compl.Dom. URB COSTA BALLENA - RESIDENCIAL PLAYA DEL INFANTE, piso 00","postal_code":"11520","places":1,"units":3,"registered":"2022-04-26","catastro":"1228802QA3612N0116SS","holder":null,"holder_count":null}},{"type":"Feature","geometry":{"type":"Point","coordinates":[-6.38803,36.637461]},"properties":{"id":"VUT/CA/14063","type":"VUT","group":"Completa","address":"AVENIDA ALMUDENA GRANDES Nº 5 Esc. 3 Plta/Piso 03 Pta/Letra B, piso 03, puerta B","postal_code":"11520","places":4,"units":2,"registered":"2022-04-27","catastro":"3680303QA3538S0362KQ","holder":null,"holder_count":null}},{"type":"Feature","geometry":{"type":"Point","coordinates":[-6.383737,36.630414]},"properties":{"id":"VUT/CA/14083","type":"VUT","group":"Completa","address":"AVENIDA PRINCIPES DE ASTURIAS Nº 4 Pta/Letra 124 Compl.Dom. Urbanización Jardín de la Almadraba, puerta 124","postal_code":"11520","places":8,"units":3,"registered":"2022-04-29","catastro":"4273101QA3547C0444IP","holder":null,"holder_count":null}},{"type":"Feature","geometry":{"type":"Point","coordinates":[-6.359358,36.616976]},"properties":{"id":"VUT/CA/14086","type":"VUT","group":"Completa","address":"CALLE CARACOL Blq. 5 Plta/Piso 1 Pta/Letra B, piso 1, puerta B","postal_code":"11520","places":6,"units":3,"registered":"2022-04-30","catastro":"6457702QA3565E0007PA","holder":null,"holder_count":null}},{"type":"Feature","geometry":{"type":"Point","coordinates":[-6.363183,36.621086]},"properties":{"id":"VUT/CA/14090","type":"VUT","group":"Completa","address":"CALLE UBRIQUE Portal 4 Plta/Piso BAJO Pta/Letra DCHA, piso BAJO, puerta DCHA","postal_code":"11520","places":5,"units":3,"registered":"2022-04-30","catastro":"5962102QA3556B0009FX","holder":null,"holder_count":null}},{"type":"Feature","geometry":{"type":"Point","coordinates":[-6.412252,36.682162]},"properties":{"id":"VUT/CA/14094","type":"VUT","group":"Completa","address":"CALLE CALETA Nº 3 Portal 13 Plta/Piso BAJO Pta/Letra B, piso BAJO, puerta B","postal_code":"11520","places":6,"units":2,"registered":"2022-05-02","catastro":"1328301QA3612N0355IX","holder":null,"holder_count":null}},{"type":"Feature","geometry":{"type":"Point","coordinates":[-6.41309,36.688417]},"properties":{"id":"VUT/CA/14134","type":"VUT","group":"Completa","address":"AVENIDA REINA SOFIA Nº 6 Esc. E Plta/Piso 2 Pta/Letra A, piso 2, puerta A","postal_code":"11520","places":5,"units":2,"registered":"2022-05-05","catastro":"1236701QA3613N0032ID","holder":null,"holder_count":null}},{"type":"Feature","geometry":{"type":"Point","coordinates":[-6.389067,36.638128]},"properties":{"id":"VUT/CA/14136","type":"VUT","group":"Completa","address":"AVENIDA LUIS GARCÍA MONTERO Nº 2 Blq. 3 Plta/Piso BJ Pta/Letra E, piso BJ, puerta E","postal_code":"11520","places":5,"units":2,"registered":"2022-05-05","catastro":"3680313QA3538S0253EG","holder":null,"holder_count":null}},{"type":"Feature","geometry":{"type":"Point","coordinates":[-6.41465,36.690039]},"properties":{"id":"VUT/CA/14162","type":"VUT","group":"Completa","address":"CALLE Agua, Azucarillo y Aguardiente Nº 2 Blq. 2 Portal 2 Plta/Piso 2 Pta/Letra 4 Compl.Dom. Urbanizacion Club Arce II, Costa Ballena, piso 2, puerta 4","postal_code":"11520","places":5,"units":2,"registered":"2022-05-07","catastro":"1037301QA3603N0079WZ","holder":null,"holder_count":null}},{"type":"Feature","geometry":{"type":"Point","coordinates":[-6.384854,36.628924]},"properties":{"id":"VUT/CA/14184","type":"VUT","group":"Completa","address":"AVENIDA DE LOS CORRALES Nº 3 Esc. E-11 Plta/Piso 1 Pta/Letra B, piso 1, puerta B","postal_code":"11520","places":4,"units":1,"registered":"2022-05-10","catastro":"4170903QA3547A0086MP","holder":"STAYCARE, S.L.U.","holder_count":21}},{"type":"Feature","geometry":{"type":"Point","coordinates":[-6.384854,36.628924]},"properties":{"id":"VUT/CA/14249","type":"VUT","group":"Completa","address":"AVENIDA DE LOS CORRALES Nº 3 Esc. 10 Plta/Piso BAJO Pta/Letra A Compl.Dom. URB BAHIA DE LA LUZ I FASE, piso BAJO, puerta A","postal_code":"11520","places":5,"units":2,"registered":"2022-05-16","catastro":"4170903QA3547A0070PB","holder":null,"holder_count":null}},{"type":"Feature","geometry":{"type":"Point","coordinates":[-6.364029,36.621286]},"properties":{"id":"VUT/CA/14284","type":"VUT","group":"Completa","address":"AVENIDA Avenida de Sevilla Nº 26 Blq. 3 Plta/Piso 1º Pta/Letra C Compl.Dom. Edificio Alhambra - Plaza Poetisa Mariló Naval, piso 1º, puerta C","postal_code":"11520","places":6,"units":3,"registered":"2022-05-18","catastro":"5862229QA3556B0059BA","holder":null,"holder_count":null}},{"type":"Feature","geometry":{"type":"Point","coordinates":[-6.405475,36.689052]},"properties":{"id":"VUT/CA/14291","type":"VUT","group":"Completa","address":"AVENIDA DE LA BALLENA Nº 6 Blq. 1 Portal 2 Plta/Piso 2 Pta/Letra C Compl.Dom. CONJUNTO URBANISTICO LOS CAÑIZOS, COSTA BALLENA, piso 2, puerta C","postal_code":"11520","places":4,"units":2,"registered":"2022-05-18","catastro":"1640804QA3613N0026OP","holder":null,"holder_count":null}},{"type":"Feature","geometry":{"type":"Point","coordinates":[-6.41698,36.691498]},"properties":{"id":"VUT/CA/14310","type":"VUT","group":"Completa","address":"CALLE BOQUERON Nº 2 Blq. 1 Esc. 4 Plta/Piso BAJO Pta/Letra A, piso BAJO, puerta A","postal_code":"11520","places":4,"units":2,"registered":"2022-05-19","catastro":"0739601QA3604S0001DS","holder":null,"holder_count":null}},{"type":"Feature","geometry":{"type":"Point","coordinates":[-6.406772,36.686461]},"properties":{"id":"VUT/CA/14344","type":"VUT","group":"Completa","address":"BLOQUE REINA SOFIA Nº 11 Blq. 4 Portal 2 Plta/Piso BAJO Pta/Letra A, piso BAJO, puerta A","postal_code":"11520","places":4,"units":2,"registered":"2022-05-23","catastro":"1834101QA3613S0001LX","holder":null,"holder_count":null}},{"type":"Feature","geometry":{"type":"Point","coordinates":[-6.41736,36.69058]},"properties":{"id":"VUT/CA/14387","type":"VUT","group":"Completa","address":"AVENIDA DEL MARINERO Nº 1 Esc. B Plta/Piso BAJO Pta/Letra 15, piso BAJO, puerta 15","postal_code":"11520","places":6,"units":2,"registered":"2022-05-25","catastro":"0738801QA3603N0015RZ","holder":null,"holder_count":null}},{"type":"Feature","geometry":{"type":"Point","coordinates":[-6.413778,36.68277]},"properties":{"id":"VUT/CA/14393","type":"VUT","group":"Completa","address":"CALLE LA CALETA Nº 8 Plta/Piso 13 Pta/Letra B, piso 13, puerta B","postal_code":"11520","places":6,"units":3,"registered":"2022-05-26","catastro":"1228802QA3612N0030JJ","holder":null,"holder_count":null}},{"type":"Feature","geometry":{"type":"Point","coordinates":[-6.362645,36.621405]},"properties":{"id":"VUT/CA/14406","type":"VUT","group":"Completa","address":"CALLE Granada Nº 5 Blq. 5 Esc. Izq Plta/Piso 2 Pta/Letra C, piso 2, puerta C","postal_code":"11520","places":4,"units":1,"registered":"2022-05-27","catastro":"5963501QA3556D0011WH","holder":null,"holder_count":null}},{"type":"Feature","geometry":{"type":"Point","coordinates":[-6.359417,36.624421]},"properties":{"id":"VUT/CA/14450","type":"VUT","group":"Completa","address":"AVENIDA SAN FERNANDO Nº 77 Plta/Piso 1 Pta/Letra B, piso 1, puerta B","postal_code":"11520","places":6,"units":3,"registered":"2022-05-31","catastro":"6266111QA3566E0005GE","holder":null,"holder_count":null}},{"type":"Feature","geometry":{"type":"Point","coordinates":[-6.358944,36.620608]},"properties":{"id":"VUT/CA/14455","type":"VUT","group":"Completa","address":"CALLE SAN RAFAEL Nº 22","postal_code":"11520","places":6,"units":3,"registered":"2022-06-01","catastro":"6362710QA3566A0006EF","holder":null,"holder_count":null}},{"type":"Feature","geometry":{"type":"Point","coordinates":[-6.404813,36.682303]},"properties":{"id":"VUT/CA/14473","type":"VUT","group":"Completa","address":"AVENIDA REINA SOFÍA Nº 15 Blq. 4 Portal 2 Plta/Piso 1 Pta/Letra F Compl.Dom. URBANIZACIÓN BAHÍA GOLF, piso 1, puerta F","postal_code":"11520","places":5,"units":2,"registered":"2022-06-01","catastro":"1931102QA3612N0485IM","holder":"ESTUDIO COSTA BALLENA 2004 SLU","holder_count":1}},{"type":"Feature","geometry":{"type":"Point","coordinates":[-6.360874,36.61955]},"properties":{"id":"VUT/CA/14484","type":"VUT","group":"Completa","address":"CALLE MINA Nº 50 Pta/Letra B, puerta B","postal_code":"11520","places":4,"units":1,"registered":"2022-06-02","catastro":"6161535QA3566A0004FS","holder":null,"holder_count":null}},{"type":"Feature","geometry":{"type":"Point","coordinates":[-6.41824,36.691704]},"properties":{"id":"VUT/CA/14494","type":"VUT","group":"Completa","address":"CALLE AVENIDA DEL PEZ ESPADA Nº 8 Plta/Piso 1 Pta/Letra 6 Compl.Dom. URBANIZACION VILLA DEL MAR, piso 1, puerta 6","postal_code":"11520","places":5,"units":2,"registered":"2022-06-03","catastro":"0639401QA3603N0006KG","holder":null,"holder_count":null}},{"type":"Feature","geometry":{"type":"Point","coordinates":[-6.359798,36.619402]},"properties":{"id":"VUT/CA/14499","type":"VUT","group":"Por habitaciones","address":"CALLE ALCALDE GARCIA SANCHEZ Nº 9 Plta/Piso BAJO Pta/Letra IZQ, piso BAJO, puerta IZQ","postal_code":"11520","places":6,"units":3,"registered":"2022-06-03","catastro":"6161516QA3566A0002PP","holder":null,"holder_count":null}},{"type":"Feature","geometry":{"type":"Point","coordinates":[-6.413601,36.690643]},"properties":{"id":"VUT/CA/14537","type":"VUT","group":"Completa","address":"AVENIDA Juan Carlos I 11 Blq. B Esc. 2 Plta/Piso 0 Pta/Letra E Compl.Dom. PLAYA BALLENA III, piso 0, puerta E","postal_code":"11520","places":6,"units":3,"registered":"2022-06-05","catastro":"1138301QA3613N0068FJ","holder":null,"holder_count":null}},{"type":"Feature","geometry":{"type":"Point","coordinates":[-6.366283,36.622938]},"properties":{"id":"VUT/CA/14541","type":"VUT","group":"Completa","address":"CALLE santialgo apostos Nº 3 Blq. 2 Plta/Piso 3 Pta/Letra 10, piso 3, puerta 10","postal_code":"11520","places":9,"units":4,"registered":"2022-06-06","catastro":"5664902QA3556D0042OG","holder":null,"holder_count":null}},{"type":"Feature","geometry":{"type":"Point","coordinates":[-6.409237,36.678208]},"properties":{"id":"VUT/CA/14548","type":"VUT","group":"Completa","address":"AVENIDA NUEVO OASIS Nº 2 Blq. 2 Esc. 3 Plta/Piso 1 Compl.Dom. RESIDENCIAL TORRESALADA, piso 1","postal_code":"11520","places":6,"units":3,"registered":"2022-06-06","catastro":"1721201QA3612S0050GH","holder":null,"holder_count":null}},{"type":"Feature","geometry":{"type":"Point","coordinates":[-6.371529,36.625341]},"properties":{"id":"VUT/CA/14641","type":"VUT","group":"Completa","address":"AVENIDA Diputacion Nº 22 Plta/Piso bajo Pta/Letra 2, piso bajo, puerta 2","postal_code":"11520","places":6,"units":2,"registered":"2022-06-12","catastro":"5267910QA3556E0042OQ","holder":null,"holder_count":null}},{"type":"Feature","geometry":{"type":"Point","coordinates":[-6.367837,36.629414]},"properties":{"id":"VUT/CA/14687","type":"VUT","group":"Completa","address":"CALLE AVENIDA DE LA POLVORA 6 Blq. 1 Portal 2 Plta/Piso B Pta/Letra C Compl.Dom. RESIDENCIAL ATLANTICO, piso B, puerta C","postal_code":"11520","places":4,"units":1,"registered":"2022-06-15","catastro":"5471104QA3557S0069YD","holder":null,"holder_count":null}},{"type":"Feature","geometry":{"type":"Point","coordinates":[-6.416643,36.690835]},"properties":{"id":"VUT/CA/14708","type":"VUT","group":"Completa","address":"CALLE CALLE LUBINA Nº 2 Portal 3 Plta/Piso 2 Pta/Letra D Compl.Dom. CONJUNTO BAHIA DE LA LUZ, piso 2, puerta D","postal_code":"11520","places":4,"units":1,"registered":"2022-06-16","catastro":"0738901QA3603N0203TK","holder":null,"holder_count":null}},{"type":"Feature","geometry":{"type":"Point","coordinates":[-6.382613,36.627891]},"properties":{"id":"VUT/CA/14733","type":"VUT","group":"Completa","address":"CALLE ALMADRABA Nº 13 Calif.Nº A Blq. 1 Portal 6 Esc. A Plta/Piso BAJA Pta/Letra A, piso BAJA, puerta A","postal_code":"11520","places":4,"units":4,"registered":"2022-06-17","catastro":"4170904QA3547A0046RT","holder":null,"holder_count":null}},{"type":"Feature","geometry":{"type":"Point","coordinates":[-6.389067,36.638128]},"properties":{"id":"VUT/CA/14743","type":"VUT","group":"Completa","address":"AVENIDA JOAQUIN SABINA Nº 7 Esc. 2 Plta/Piso 2 Pta/Letra C, piso 2, puerta C","postal_code":"11520","places":5,"units":2,"registered":"2022-06-19","catastro":"3680313QA3538S0324OZ","holder":null,"holder_count":null}},{"type":"Feature","geometry":{"type":"Point","coordinates":[-6.412747,36.694278]},"properties":{"id":"VUT/CA/14744","type":"VUT","group":"Completa","address":"AVENIDA torrebreva Nº 3 Compl.Dom. URBANIZACION BALLENA PARAISO. UNIFAMILIAR NUMERO 7","postal_code":"11520","places":8,"units":4,"registered":"2022-06-20","catastro":"1045102QA3614S0110EW","holder":null,"holder_count":null}},{"type":"Feature","geometry":{"type":"Point","coordinates":[-6.41309,36.688417]},"properties":{"id":"VUT/CA/14767","type":"VUT","group":"Completa","address":"AVENIDA Reina Sofía Nº 6 Blq. g Plta/Piso bajo Pta/Letra izquierda, piso bajo, puerta izquierda","postal_code":"11520","places":6,"units":3,"registered":"2022-06-21","catastro":"1236701QA3613N0042GB","holder":null,"holder_count":null}},{"type":"Feature","geometry":{"type":"Point","coordinates":[-6.35769,36.621832]},"properties":{"id":"VUT/CA/14768","type":"VUT","group":"Completa","address":"CALLE ARGÜELLES Nº 24","postal_code":"11520","places":10,"units":4,"registered":"2022-06-21","catastro":"6463715QA3566C0003LY","holder":"IT CONSULTORES 2020 SL","holder_count":1}},{"type":"Feature","geometry":{"type":"Point","coordinates":[-6.408694,36.694011]},"properties":{"id":"VUT/CA/14775","type":"VUT","group":"Completa","address":"CALLE Orquidea Nº 3 Compl.Dom. Urb Los Juncos Casa 19","postal_code":"11520","places":8,"units":4,"registered":"2022-06-22","catastro":"1543902QA3614S0081OE","holder":null,"holder_count":null}},{"type":"Feature","geometry":{"type":"Point","coordinates":[-6.370653,36.625545]},"properties":{"id":"VUT/CA/14780","type":"VUT","group":"Completa","address":"CALLE SALVADOR DALÍ Nº 15","postal_code":"11520","places":7,"units":4,"registered":"2022-06-22","catastro":"5168707QA3556G0001ID","holder":null,"holder_count":null}},{"type":"Feature","geometry":{"type":"Point","coordinates":[-6.384451,36.632418]},"properties":{"id":"VUT/CA/14815","type":"VUT","group":"Completa","address":"CALLE ALEGRIA Nº 12 Blq. C Plta/Piso 1 Pta/Letra 2 Compl.Dom. URBANIZACION EL PINAR DE LA ALMADRABA, piso 1, puerta 2","postal_code":"11520","places":5,"units":2,"registered":"2022-06-23","catastro":"4038107QA3643G0037HD","holder":null,"holder_count":null}},{"type":"Feature","geometry":{"type":"Point","coordinates":[-6.370433,36.628818]},"properties":{"id":"VUT/CA/14844","type":"VUT","group":"Completa","address":"CALLE Espillaga Nº 1 Plta/Piso 2 Pta/Letra A, piso 2, puerta A","postal_code":"11520","places":4,"units":2,"registered":"2022-06-25","catastro":"5271101QA3557S0086YQ","holder":null,"holder_count":null}},{"type":"Feature","geometry":{"type":"Point","coordinates":[-6.389067,36.638128]},"properties":{"id":"VUT/CA/14857","type":"VUT","group":"Completa","address":"AVENIDA Joaquin Sabina Portal 7 Esc. 4 Plta/Piso 3 Pta/Letra B, piso 3, puerta B","postal_code":"11520","places":4,"units":2,"registered":"2022-06-27","catastro":"3680313QA3538S0353YK","holder":null,"holder_count":null}},{"type":"Feature","geometry":{"type":"Point","coordinates":[-6.386155,36.635926]},"properties":{"id":"VUT/CA/14891","type":"VUT","group":"Completa","address":"CALLE Juan Barriento Nº 2 Blq. 2 Portal 4 Plta/Piso Ático Pta/Letra D Compl.Dom. Residencial Punta Candor, piso Ático, puerta D","postal_code":"11520","places":6,"units":3,"registered":"2022-06-29","catastro":"3879908QA3537N0168SX","holder":null,"holder_count":null}},{"type":"Feature","geometry":{"type":"Point","coordinates":[-6.355866,36.623257]},"properties":{"id":"VUT/CA/14926","type":"VUT","group":"Completa","address":"CALLE POETA FEDERICO GARCÍA LORCA Nº 29 Plta/Piso 1 Pta/Letra IZ, piso 1, puerta IZ","postal_code":"11520","places":4,"units":2,"registered":"2022-07-01","catastro":"6565914QA3566F0004ZA","holder":null,"holder_count":null}},{"type":"Feature","geometry":{"type":"Point","coordinates":[-6.389067,36.638128]},"properties":{"id":"VUT/CA/14965","type":"VUT","group":"Completa","address":"AVENIDA ESCRITORA ALMUDENA GRANDES Nº 6 Esc. 2 Plta/Piso 1º Pta/Letra B, piso 1º, puerta B","postal_code":"11520","places":6,"units":2,"registered":"2022-07-05","catastro":"3680313QA3538S0132IB","holder":null,"holder_count":null}},{"type":"Feature","geometry":{"type":"Point","coordinates":[-6.406291,36.676077]},"properties":{"id":"VUT/CA/14985","type":"VUT","group":"Completa","address":"AVENIDA REINA SOFIA Nº 18 Blq. 2 Plta/Piso 1ª Pta/Letra F Compl.Dom. COSTABALLENA, piso 1ª, puerta F","postal_code":"11520","places":4,"units":2,"registered":"2022-07-06","catastro":"1820801QA3612S0094SW","holder":"INMOPUNTA ALSOL, SL","holder_count":14}},{"type":"Feature","geometry":{"type":"Point","coordinates":[-6.358358,36.622079]},"properties":{"id":"VUT/CA/15086","type":"VUT","group":"Completa","address":"CALLE PROGRESO Nº 10 Plta/Piso BAJO Pta/Letra A, piso BAJO, puerta A","postal_code":"11520","places":4,"units":1,"registered":"2022-07-14","catastro":"6364914QA3566C0004OU","holder":null,"holder_count":null}},{"type":"Feature","geometry":{"type":"Point","coordinates":[-6.34992,36.625548]},"properties":{"id":"VUT/CA/15150","type":"VUT","group":"Por habitaciones","address":"CALLE SAETEROS ROTEÑOS Nº 4 Portal 7 Plta/Piso 1 Pta/Letra B Compl.Dom. RESIDENCIAL EL ALMIRANTE, piso 1, puerta B","postal_code":"11520","places":6,"units":3,"registered":"2022-07-20","catastro":"7168802QA3576G0022ID","holder":null,"holder_count":null}},{"type":"Feature","geometry":{"type":"Point","coordinates":[-6.358649,36.626014]},"properties":{"id":"VUT/CA/15168","type":"VUT","group":"Completa","address":"CALLE SAN JUAN BOSCO Nº 5 Plta/Piso 2 Pta/Letra C, piso 2, puerta C","postal_code":"11520","places":6,"units":2,"registered":"2022-07-21","catastro":"6368405QA3566G0024GA","holder":null,"holder_count":null}},{"type":"Feature","geometry":{"type":"Point","coordinates":[-6.41291,36.689593]},"properties":{"id":"VUT/CA/15179","type":"VUT","group":"Completa","address":"CALLE los Gavilanes Nº 1 Blq. A Esc. 1 Plta/Piso 3 Pta/Letra A Compl.Dom. Urbanización Playa Ballena II, piso 3, puerta A","postal_code":"11520","places":8,"units":3,"registered":"2022-07-24","catastro":"1137501QA3613N0013MM","holder":null,"holder_count":null}},{"type":"Feature","geometry":{"type":"Point","coordinates":[-6.410819,36.688887]},"properties":{"id":"VUT/CA/15200","type":"VUT","group":"Completa","address":"AVENIDA REINA SOFÍA Nº 5 Blq. 3 Plta/Piso 2 Pta/Letra 9, piso 2, puerta 9","postal_code":"11520","places":4,"units":2,"registered":"2022-07-26","catastro":"1436301QA3613N0085FT","holder":null,"holder_count":null}},{"type":"Feature","geometry":{"type":"Point","coordinates":[-6.412443,36.692825]},"properties":{"id":"VUT/CA/15240","type":"VUT","group":"Completa","address":"AVENIDA JUAN CARLOS I Nº 8 Esc. 2 Plta/Piso 00 Pta/Letra 02, piso 00, puerta 02","postal_code":"11520","places":6,"units":3,"registered":"2022-07-30","catastro":"1045103QA3614S0030MD","holder":null,"holder_count":null}},{"type":"Feature","geometry":{"type":"Point","coordinates":[-6.418506,36.690834]},"properties":{"id":"VUT/CA/15321","type":"VUT","group":"Completa","address":"CALLE Bogavante Nº 2 Portal 6 Plta/Piso bajo Pta/Letra B, piso bajo, puerta B","postal_code":"11520","places":4,"units":2,"registered":"2022-08-10","catastro":"0638901QA3603N0070US","holder":null,"holder_count":null}},{"type":"Feature","geometry":{"type":"Point","coordinates":[-6.408232,36.691285]},"properties":{"id":"VUT/CA/15336","type":"VUT","group":"Completa","address":"CALLE Tehigo Nº 2 Compl.Dom. modulo III vivienda 11","postal_code":"11520","places":5,"units":2,"registered":"2022-08-12","catastro":"1640802QA3613N0063HS","holder":null,"holder_count":null}},{"type":"Feature","geometry":{"type":"Point","coordinates":[-6.408232,36.691285]},"properties":{"id":"VUT/CA/15340","type":"VUT","group":"Completa","address":"CALLE Tehigo Nº 2 Blq. III Pta/Letra 11, puerta 11","postal_code":"11520","places":5,"units":2,"registered":"2022-08-12","catastro":"1640802QA3613N0063HS","holder":null,"holder_count":null}},{"type":"Feature","geometry":{"type":"Point","coordinates":[-6.413778,36.68277]},"properties":{"id":"VUT/CA/15352","type":"VUT","group":"Completa","address":"CALLE PEÑA DEL AGUILA Blq. 7 Portal 19 Plta/Piso 3 Pta/Letra A, piso 3, puerta A","postal_code":"11520","places":4,"units":2,"registered":"2022-08-14","catastro":"1228802QA3612N0152DD","holder":null,"holder_count":null}},{"type":"Feature","geometry":{"type":"Point","coordinates":[-6.410819,36.688887]},"properties":{"id":"VUT/CA/15355","type":"VUT","group":"Completa","address":"AVENIDA Reina Sofia Nº 7 Pta/Letra 50 Compl.Dom. Urbanización  Paraiso Playa Golf VIP, puerta 50","postal_code":"11520","places":10,"units":3,"registered":"2022-08-15","catastro":"1436301QA3613N0171YB","holder":null,"holder_count":null}},{"type":"Feature","geometry":{"type":"Point","coordinates":[-6.359652,36.619775]},"properties":{"id":"VUT/CA/15367","type":"VUT","group":"Completa","address":"CALLE CASTELAR Nº 23 Esc. 2 Plta/Piso 1 Pta/Letra A, piso 1, puerta A","postal_code":"11520","places":4,"units":1,"registered":"2022-08-18","catastro":"6261809QA3566A0003WA","holder":null,"holder_count":null}},{"type":"Feature","geometry":{"type":"Point","coordinates":[-6.366283,36.622938]},"properties":{"id":"VUT/CA/15412","type":"VUT","group":"Completa","address":"CALLE SANTIAGO APOSTOL Nº 3 Blq. 2 Plta/Piso 1 Pta/Letra d, piso 1, puerta d","postal_code":"11520","places":5,"units":3,"registered":"2022-08-26","catastro":"5664902QA3556D0063QU","holder":"AC GESTION CADIZ S.L.","holder_count":1}},{"type":"Feature","geometry":{"type":"Point","coordinates":[-6.389067,36.638128]},"properties":{"id":"VUT/CA/15459","type":"VUT","group":"Completa","address":"AVENIDA POETA LUIS GARCIA MONTERO Nº 2 Blq. 1 Plta/Piso BAJO Pta/Letra A, piso BAJO, puerta A","postal_code":"11520","places":4,"units":1,"registered":"2022-09-01","catastro":"3680313QA3538S0198PX","holder":null,"holder_count":null}},{"type":"Feature","geometry":{"type":"Point","coordinates":[-6.357043,36.621878]},"properties":{"id":"VUT/CA/15460","type":"VUT","group":"Completa","address":"CALLE RUIZ DE VELARDE Nº 3 Plta/Piso 1 Pta/Letra F, piso 1, puerta F","postal_code":"11520","places":3,"units":1,"registered":"2022-09-01","catastro":"6464441QA3566C0012PS","holder":null,"holder_count":null}},{"type":"Feature","geometry":{"type":"Point","coordinates":[-6.406291,36.676077]},"properties":{"id":"VUT/CA/15475","type":"VUT","group":"Completa","address":"AVENIDA CARLA DE ORLEANS Nº 10 Blq. 5 Plta/Piso 1 Pta/Letra C, piso 1, puerta C","postal_code":"11520","places":4,"units":2,"registered":"2022-09-05","catastro":"1820801QA3612S0235MD","holder":null,"holder_count":null}},{"type":"Feature","geometry":{"type":"Point","coordinates":[-6.406291,36.676077]},"properties":{"id":"VUT/CA/15476","type":"VUT","group":"Completa","address":"AVENIDA CARLA DE ORLEANS Nº 10 Blq. 5 Plta/Piso 1 Pta/Letra A, piso 1, puerta A","postal_code":"11520","places":6,"units":3,"registered":"2022-09-05","catastro":"1820801QA3612S0233ZA","holder":null,"holder_count":null}},{"type":"Feature","geometry":{"type":"Point","coordinates":[-6.382613,36.627891]},"properties":{"id":"VUT/CA/15477","type":"VUT","group":"Completa","address":"CALLE CALLE DE LA ALMADRABA Nº 5 Calif.Nº 13 Compl.Dom. CALLE PARALELA A CALLE TRAIÑA, DIRRECION RESTAURANTE GAVIOTA DEL HOTEL PLAYA DE LA LUZ, UNIFAMILIAR , Nº5","postal_code":"11520","places":6,"units":3,"registered":"2022-09-06","catastro":"4170904QA3547A0060SD","holder":null,"holder_count":null}},{"type":"Feature","geometry":{"type":"Point","coordinates":[-6.367524,36.622508]},"properties":{"id":"VUT/CA/15489","type":"VUT","group":"Completa","address":"AVENIDA SEVILLA Nº 78","postal_code":"11520","places":8,"units":4,"registered":"2022-09-07","catastro":"5564111QA3556D0001PO","holder":"GARTEL TELEFONIA Y COMUNICACIÓN, SL","holder_count":1}},{"type":"Feature","geometry":{"type":"Point","coordinates":[-6.358022,36.617496]},"properties":{"id":"VUT/CA/15509","type":"VUT","group":"Completa","address":"PLAZA BARROSO Nº 4 Compl.Dom. BAJO","postal_code":"11520","places":4,"units":2,"registered":"2022-09-12","catastro":"6458103QA3565G0001JM","holder":"INVERSIONES PATRIMONIALES TRES CUARENTA, S.L.","holder_count":2}},{"type":"Feature","geometry":{"type":"Point","coordinates":[-6.382613,36.627891]},"properties":{"id":"VUT/CA/15515","type":"VUT","group":"Completa","address":"CALLE ALMADRABA LA /BAHIA LUZ II FASE Nº 13 Esc. 4 Plta/Piso 00 Pta/Letra C, piso 00, puerta C","postal_code":"11520","places":6,"units":3,"registered":"2022-09-12","catastro":"4170904QA3547A0024AS","holder":"MISSISSIPPI WORLD S.L.","holder_count":1}},{"type":"Feature","geometry":{"type":"Point","coordinates":[-6.36521,36.626133]},"properties":{"id":"VUT/CA/15551","type":"VUT","group":"Completa","address":"CALLE FERNAN CABALLERO Nº 36 Portal 19","postal_code":"11520","places":8,"units":3,"registered":"2022-09-15","catastro":"5768908QA3556H0019GF","holder":null,"holder_count":null}},{"type":"Feature","geometry":{"type":"Point","coordinates":[-6.359557,36.617126]},"properties":{"id":"VUT/CA/15555","type":"VUT","group":"Completa","address":"CALLE CARACOL Nº 7 Plta/Piso 1 Pta/Letra A, piso 1, puerta A","postal_code":"11520","places":4,"units":2,"registered":"2022-09-16","catastro":"6457701QA3565E0006MP","holder":"INVERSIONES PATRIMONIALES TRES CUARENTA, SL","holder_count":1}},{"type":"Feature","geometry":{"type":"Point","coordinates":[-6.359795,36.618536]},"properties":{"id":"VUT/CA/15561","type":"VUT","group":"Completa","address":"CALLE PRIM Nº 14 Esc. 1 Plta/Piso 1 Pta/Letra 1, piso 1, puerta 1","postal_code":"11520","places":4,"units":2,"registered":"2022-09-16","catastro":"6160411QA3566A1001XU","holder":"INVERSIONES PATRIMONIALES TRES CUARENTA, S.L.","holder_count":2}},{"type":"Feature","geometry":{"type":"Point","coordinates":[-6.354165,36.623096]},"properties":{"id":"VUT/CA/15571","type":"VUT","group":"Completa","address":"CALLE FRANCISCO LUCERO Nº 40 Portal 1 Plta/Piso 1 Pta/Letra C, piso 1, puerta C","postal_code":"11520","places":6,"units":3,"registered":"2022-09-19","catastro":"6765706QA3566F0003BP","holder":"MISSISSIPPI WORLD SL","holder_count":3}},{"type":"Feature","geometry":{"type":"Point","coordinates":[-6.360296,36.618082]},"properties":{"id":"VUT/CA/15581","type":"VUT","group":"Completa","address":"CALLE HIGUERETA Nº 17 Plta/Piso 2º Pta/Letra J, piso 2º, puerta J","postal_code":"11520","places":2,"units":1,"registered":"2022-09-20","catastro":"6159207qa3565g0012wi","holder":null,"holder_count":null}},{"type":"Feature","geometry":{"type":"Point","coordinates":[-6.363313,36.620227]},"properties":{"id":"VUT/CA/15582","type":"VUT","group":"Completa","address":"AVENIDA DE SEVILLA Nº 11 Blq. A Portal 3 Esc. 3 Plta/Piso 50 Pta/Letra DCHA Compl.Dom. CONJUNTO RESIDENCIAL LA COSTILLA, piso 50, puerta DCHA","postal_code":"11520","places":6,"units":3,"registered":"2022-09-20","catastro":"5861312QA3556B0116EY","holder":null,"holder_count":null}},{"type":"Feature","geometry":{"type":"Point","coordinates":[-6.363313,36.620227]},"properties":{"id":"VUT/CA/15583","type":"VUT","group":"Completa","address":"AVENIDA DE SEVILLA Nº 11 Blq. A Portal 3 Esc. 3 Plta/Piso 49 Pta/Letra IZQ Compl.Dom. CONJUNTO RESIDENCIAL LA COSTILLA, piso 49, puerta IZQ","postal_code":"11520","places":4,"units":2,"registered":"2022-09-20","catastro":"5861312QA3556B0117RU","holder":null,"holder_count":null}},{"type":"Feature","geometry":{"type":"Point","coordinates":[-6.349306,36.626066]},"properties":{"id":"VUT/CA/15594","type":"VUT","group":"Completa","address":"CALLE DUQUE DE ALBA Blq. 2 Plta/Piso BAJO Pta/Letra EXT, piso BAJO, puerta EXT","postal_code":"11520","places":2,"units":1,"registered":"2022-09-21","catastro":"7168801QA3576G0038SE","holder":null,"holder_count":null}},{"type":"Feature","geometry":{"type":"Point","coordinates":[-6.41291,36.689593]},"properties":{"id":"VUT/CA/15603","type":"VUT","group":"Completa","address":"CALLE Los Gavilanes Nº 2 Blq. B-1 Plta/Piso BAJO Pta/Letra B Compl.Dom. URBANIZACION PLAYA BALLENA II, piso BAJO, puerta B","postal_code":"11520","places":8,"units":4,"registered":"2022-09-22","catastro":"1137501QA3613N0039BB","holder":null,"holder_count":null}},{"type":"Feature","geometry":{"type":"Point","coordinates":[-6.410819,36.688887]},"properties":{"id":"VUT/CA/15653","type":"VUT","group":"Completa","address":"AVENIDA REINA SOFÍA Nº 7 Compl.Dom. CASA 63","postal_code":"11520","places":8,"units":8,"registered":"2022-09-30","catastro":"1436301QA3613N0184HU","holder":null,"holder_count":null}},{"type":"Feature","geometry":{"type":"Point","coordinates":[-6.386155,36.635926]},"properties":{"id":"VUT/CA/15687","type":"VUT","group":"Completa","address":"CALLE JUAN BARRIENTOS Nº 2 Blq. 2 Portal 3 Plta/Piso BAJO Pta/Letra D, piso BAJO, puerta D","postal_code":"11520","places":6,"units":3,"registered":"2022-10-06","catastro":"3879908QA3537N0105DM","holder":null,"holder_count":null}},{"type":"Feature","geometry":{"type":"Point","coordinates":[-6.413601,36.690643]},"properties":{"id":"VUT/CA/15717","type":"VUT","group":"Completa","address":"AVENIDA JUAN CARLOS 1,11 Nº 1B Esc. 1 Plta/Piso 2 Pta/Letra C Compl.Dom. CALLE, AGUA AZUCARILLO Y AGUARDIENTE 1, piso 2, puerta C","postal_code":"11520","places":4,"units":2,"registered":"2022-10-16","catastro":"1138301QA3613N0058UP","holder":null,"holder_count":null}},{"type":"Feature","geometry":{"type":"Point","coordinates":[-6.413859,36.692229]},"properties":{"id":"VUT/CA/15741","type":"VUT","group":"Completa","address":"AVENIDA JUAN CARLOS I Nº 10 Blq. 7 Plta/Piso 1, piso 1","postal_code":"11520","places":7,"units":3,"registered":"2022-10-20","catastro":"1045104QA3614S0244EU","holder":null,"holder_count":null}},{"type":"Feature","geometry":{"type":"Point","coordinates":[-6.350501,36.62511]},"properties":{"id":"VUT/CA/15747","type":"VUT","group":"Completa","address":"CALLE Duque de Arcos Nº 8 Plta/Piso B Pta/Letra 2 Compl.Dom. Edificio Picobarro, piso B, puerta 2","postal_code":"11520","places":4,"units":2,"registered":"2022-10-21","catastro":"7067801QA3576G0022WD","holder":null,"holder_count":null}},{"type":"Feature","geometry":{"type":"Point","coordinates":[-6.410819,36.688887]},"properties":{"id":"VUT/CA/15763","type":"VUT","group":"Completa","address":"AVENIDA REINA SOFIA Nº 7 Pta/Letra 31, puerta 31","postal_code":"11520","places":4,"units":2,"registered":"2022-10-25","catastro":"1436301QA3613N0152HU","holder":null,"holder_count":null}},{"type":"Feature","geometry":{"type":"Point","coordinates":[-6.364625,36.620827]},"properties":{"id":"VUT/CA/15778","type":"VUT","group":"Completa","address":"CALLE SAN JOSE Nº 6 Plta/Piso 2 Pta/Letra A, piso 2, puerta A","postal_code":"11520","places":4,"units":2,"registered":"2022-10-27","catastro":"5762409QA3556D0004IS","holder":null,"holder_count":null}},{"type":"Feature","geometry":{"type":"Point","coordinates":[-6.364353,36.627169]},"properties":{"id":"VUT/CA/15793","type":"VUT","group":"Completa","address":"CALLE ROCINA Blq. 3 Plta/Piso 3 Pta/Letra A, piso 3, puerta A","postal_code":"11520","places":6,"units":3,"registered":"2022-10-31","catastro":"5769401QA3556H0009XU","holder":null,"holder_count":null}},{"type":"Feature","geometry":{"type":"Point","coordinates":[-6.375723,36.626002]},"properties":{"id":"VUT/CA/15811","type":"VUT","group":"Completa","address":"CALLE RÍO GUADIARO Nº 1","postal_code":"11520","places":8,"units":4,"registered":"2022-11-05","catastro":"4868904QA3546H0001SK","holder":null,"holder_count":null}},{"type":"Feature","geometry":{"type":"Point","coordinates":[-6.386006,36.632239]},"properties":{"id":"VUT/CA/15914","type":"VUT","group":"Completa","address":"URBANIZACION PINAR DE LA ALMADRABA CALLE SOLEA Nº 17 Blq. 17 Esc. A Plta/Piso BAJA Pta/Letra 3, piso BAJA, puerta 3","postal_code":"11520","places":4,"units":1,"registered":"2022-11-23","catastro":"4038104QA3643G0003PA","holder":null,"holder_count":null}},{"type":"Feature","geometry":{"type":"Point","coordinates":[-6.402517,36.677313]},"properties":{"id":"VUT/CA/15925","type":"VUT","group":"Completa","address":"AVENIDA CARLA DE ORLEANS Nº 44 Pta/Letra B, puerta B","postal_code":"11520","places":7,"units":3,"registered":"2022-11-24","catastro":"2224802QA3622S0096SI","holder":null,"holder_count":null}},{"type":"Feature","geometry":{"type":"Point","coordinates":[-6.358113,36.622371]},"properties":{"id":"VUT/CA/15936","type":"VUT","group":"Completa","address":"CALLE SAN CAYETANO Nº 5 Plta/Piso 1 Pta/Letra F, piso 1, puerta F","postal_code":"11520","places":4,"units":2,"registered":"2022-11-25","catastro":"6364909QA3566C0006HO","holder":null,"holder_count":null}},{"type":"Feature","geometry":{"type":"Point","coordinates":[-6.370175,36.624134]},"properties":{"id":"VUT/CA/15947","type":"VUT","group":"Completa","address":"CALLE PEDRO MUÑOZ SECA Nº 1 Plta/Piso 2 Pta/Letra D, piso 2, puerta D","postal_code":"11520","places":6,"units":3,"registered":"2022-11-28","catastro":"5265401QA3556E0044LE","holder":null,"holder_count":null}},{"type":"Feature","geometry":{"type":"Point","coordinates":[-6.386006,36.632239]},"properties":{"id":"VUT/CA/15974","type":"VUT","group":"Completa","address":"CALLE La Soleá Nº 17 Esc. B Plta/Piso Bajo Pta/Letra 3, piso Bajo, puerta 3","postal_code":"11520","places":3,"units":1,"registered":"2022-12-02","catastro":"4038104QA3643G0014KL","holder":null,"holder_count":null}},{"type":"Feature","geometry":{"type":"Point","coordinates":[-6.41736,36.69058]},"properties":{"id":"VUT/CA/15989","type":"VUT","group":"Completa","address":"CALLE MARINERO Nº 1 Portal A Esc. 4 Compl.Dom. URGANIZACION COSTA BALLENA, EDIFICIO MIRAMAR","postal_code":"11520","places":6,"units":2,"registered":"2022-12-07","catastro":"0738801QA3603N0004LD","holder":null,"holder_count":null}},{"type":"Feature","geometry":{"type":"Point","coordinates":[-6.360871,36.629325]},"properties":{"id":"VUT/CA/15993","type":"VUT","group":"Por habitaciones","address":"CALLE Batalla de Lepanto Nº 2 Plta/Piso 3 Pta/Letra e, piso 3, puerta e","postal_code":"11520","places":4,"units":3,"registered":"2022-12-07","catastro":"5973911QA3557d0022OK","holder":null,"holder_count":null}},{"type":"Feature","geometry":{"type":"Point","coordinates":[-6.40463,36.680111]},"properties":{"id":"VUT/CA/15998","type":"VUT","group":"Completa","address":"AVENIDA Reina Sofía Nº 17 Pta/Letra 66 Compl.Dom. Urbanización Nuevo Oasis III., puerta 66","postal_code":"11520","places":6,"units":2,"registered":"2022-12-11","catastro":"1931103QA3612N0001FB","holder":null,"holder_count":null}},{"type":"Feature","geometry":{"type":"Point","coordinates":[-6.417473,36.6891]},"properties":{"id":"VUT/CA/16001","type":"VUT","group":"Completa","address":"AVENIDA Del Mar Nº 2 Blq. 11 Portal 11 Plta/Piso 2 Pta/Letra c Compl.Dom. Urbanización Bahía Palacio Costaballena, piso 2, puerta c","postal_code":"11520","places":4,"units":2,"registered":"2022-12-12","catastro":"0736901QA3603N0476UU","holder":null,"holder_count":null}},{"type":"Feature","geometry":{"type":"Point","coordinates":[-6.417473,36.6891]},"properties":{"id":"VUT/CA/16005","type":"VUT","group":"Completa","address":"AVENIDA DEL MAR Nº 1 Portal 11 Plta/Piso 1 Pta/Letra H, piso 1, puerta H","postal_code":"11520","places":8,"units":3,"registered":"2022-12-12","catastro":"0736901QA3603N0473RR","holder":null,"holder_count":null}},{"type":"Feature","geometry":{"type":"Point","coordinates":[-6.412491,36.690472]},"properties":{"id":"VUT/CA/16071","type":"VUT","group":"Completa","address":"AVENIDA REINA SOFÍA Nº 4 Blq. 1 Portal 1 Esc. 1 Plta/Piso 2 Pta/Letra 1 Compl.Dom. PISO, piso 2, puerta 1","postal_code":"11520","places":5,"units":2,"registered":"2023-01-03","catastro":"1238901QA3613N0009SX","holder":null,"holder_count":null}},{"type":"Feature","geometry":{"type":"Point","coordinates":[-6.370042,36.623014]},"properties":{"id":"VUT/CA/16107","type":"VUT","group":"Completa","address":"CALLE Santiago Guillén Moreno Nº 2 Blq. 12 Portal 1 Plta/Piso 4 Pta/Letra C Compl.Dom. Conjunto Residencial Virgen del Mar, piso 4, puerta C","postal_code":"11520","places":6,"units":3,"registered":"2023-01-11","catastro":"5265902QA3556E0105QW","holder":null,"holder_count":null}},{"type":"Feature","geometry":{"type":"Point","coordinates":[-6.412747,36.694278]},"properties":{"id":"VUT/CA/16164","type":"VUT","group":"Completa","address":"AVENIDA TORREBREVA Nº 3 Blq. 1 Esc. 9 Pta/Letra 33, puerta 33","postal_code":"11520","places":8,"units":3,"registered":"2023-01-18","catastro":"1045102QA3614S0136MX","holder":null,"holder_count":null}},{"type":"Feature","geometry":{"type":"Point","coordinates":[-6.355145,36.622504]},"properties":{"id":"VUT/CA/16175","type":"VUT","group":"Completa","address":"CALLE AMAPOLAS Nº 3","postal_code":"11520","places":6,"units":3,"registered":"2023-01-19","catastro":"6664201QA3566D0004TH","holder":null,"holder_count":null}},{"type":"Feature","geometry":{"type":"Point","coordinates":[-6.368412,36.623478]},"properties":{"id":"VUT/CA/16179","type":"VUT","group":"Completa","address":"AVENIDA DE LA MARINA Nº 66","postal_code":"11520","places":6,"units":3,"registered":"2023-01-19","catastro":"5466707QA3556E0001BK","holder":null,"holder_count":null}},{"type":"Feature","geometry":{"type":"Point","coordinates":[-6.417757,36.691094]},"properties":{"id":"VUT/CA/16188","type":"VUT","group":"Completa","address":"AVENIDA PEZ ESPADA Nº 4 Esc. 2 Plta/Piso 2 Pta/Letra C Compl.Dom. URBANIZACION MARINA DEL ATLANTICO II, piso 2, puerta C","postal_code":"11520","places":6,"units":2,"registered":"2023-01-20","catastro":"0738301QA3603N0021PQ","holder":null,"holder_count":null}},{"type":"Feature","geometry":{"type":"Point","coordinates":[-6.385864,36.636643]},"properties":{"id":"VUT/CA/16195","type":"VUT","group":"Completa","address":"AVENIDA ALFONSO PERALES Nº 5 Portal 1 Plta/Piso 1 Pta/Letra E, piso 1, puerta E","postal_code":"11520","places":5,"units":2,"registered":"2023-01-23","catastro":"3879905QA3537N0066EJ","holder":null,"holder_count":null}},{"type":"Feature","geometry":{"type":"Point","coordinates":[-6.41441,36.693807]},"properties":{"id":"VUT/CA/16201","type":"VUT","group":"Completa","address":"AVENIDA JOSÉ RODRÍGUEZ DE LA BORBOLLA Nº 4 Blq. 6 Portal 1 Esc. 1 Plta/Piso BAJO Pta/Letra E, piso BAJO, puerta E","postal_code":"11520","places":7,"units":3,"registered":"2023-01-23","catastro":"1045101QA3614S0119EA","holder":null,"holder_count":null}},{"type":"Feature","geometry":{"type":"Point","coordinates":[-6.404813,36.682303]},"properties":{"id":"VUT/CA/16217","type":"VUT","group":"Completa","address":"AVENIDA Reina Sofía Nº 15 Blq. 1 Portal 3 Plta/Piso Bajo Pta/Letra C, piso Bajo, puerta C","postal_code":"11520","places":8,"units":3,"registered":"2023-01-25","catastro":"1931102QA3612N0102OQ","holder":null,"holder_count":null}},{"type":"Feature","geometry":{"type":"Point","coordinates":[-6.357397,36.620495]},"properties":{"id":"VUT/CA/16223","type":"VUT","group":"Completa","address":"CALLE VERACRUZ Nº 37","postal_code":"11520","places":4,"units":2,"registered":"2023-01-25","catastro":"6462904QA3566A0001JO","holder":null,"holder_count":null}},{"type":"Feature","geometry":{"type":"Point","coordinates":[-6.367129,36.622355]},"properties":{"id":"VUT/CA/16243","type":"VUT","group":"Completa","address":"AVENIDA SEVILLA Nº 60 Portal BAJO Pta/Letra D, puerta D","postal_code":"11520","places":3,"units":1,"registered":"2023-01-27","catastro":"5664937QA3556D0014JL","holder":null,"holder_count":null}},{"type":"Feature","geometry":{"type":"Point","coordinates":[-6.350501,36.62511]},"properties":{"id":"VUT/CA/16245","type":"VUT","group":"Completa","address":"CALLE jose el chato Nº 2 Portal 5 Plta/Piso 1 Pta/Letra c, piso 1, puerta c","postal_code":"11520","places":5,"units":2,"registered":"2023-01-27","catastro":"7067801QA3576G0027UK","holder":null,"holder_count":null}},{"type":"Feature","geometry":{"type":"Point","coordinates":[-6.41465,36.690039]},"properties":{"id":"VUT/CA/16252","type":"VUT","group":"Completa","address":"CALLE AGUA AZUCARILLO Y AGUARDIENTE Nº 2 Blq. 1 Portal 2 Plta/Piso 2 Pta/Letra 4, piso 2, puerta 4","postal_code":"11520","places":6,"units":3,"registered":"2023-01-29","catastro":"1037301QA3603N0024IR","holder":null,"holder_count":null}},{"type":"Feature","geometry":{"type":"Point","coordinates":[-6.40463,36.680111]},"properties":{"id":"VUT/CA/16265","type":"VUT","group":"Completa","address":"AVENIDA REINA SOFIA Nº 17 Compl.Dom. CASA 72","postal_code":"11520","places":6,"units":3,"registered":"2023-01-31","catastro":"1931103QA3612N0072KQ","holder":null,"holder_count":null}},{"type":"Feature","geometry":{"type":"Point","coordinates":[-6.362002,36.621084]},"properties":{"id":"VUT/CA/16267","type":"VUT","group":"Completa","address":"CALLE FRANCISCO CORDONES Nº 4 Plta/Piso 4 Pta/Letra D, piso 4, puerta D","postal_code":"11520","places":7,"units":3,"registered":"2023-01-31","catastro":"6062202QA3566A0019KQ","holder":"CANTURENA SL","holder_count":1}},{"type":"Feature","geometry":{"type":"Point","coordinates":[-6.358785,36.616821]},"properties":{"id":"VUT/CA/16308","type":"VUT","group":"Completa","address":"CALLE Fermin Salvochea Nº 20 Plta/Piso 1 Pta/Letra A, piso 1, puerta A","postal_code":"11520","places":3,"units":2,"registered":"2023-02-03","catastro":"6457705QA3565E0005SO","holder":null,"holder_count":null}},{"type":"Feature","geometry":{"type":"Point","coordinates":[-6.354104,36.623407]},"properties":{"id":"VUT/CA/16316","type":"VUT","group":"Completa","address":"CALLE AMAPOLAS Nº 16","postal_code":"11520","places":2,"units":1,"registered":"2023-02-04","catastro":"6765903QA3566F0002MO","holder":null,"holder_count":null}},{"type":"Feature","geometry":{"type":"Point","coordinates":[-6.381667,36.627512]},"properties":{"id":"VUT/CA/16360","type":"VUT","group":"Completa","address":"CALLE ARRECIFES Nº 6 Esc. 5 Plta/Piso 1 Pta/Letra A, piso 1, puerta A","postal_code":"11520","places":6,"units":3,"registered":"2023-02-09","catastro":"4369801QA3546G0029WI","holder":"INGEAL SOLAR S.L.","holder_count":1}},{"type":"Feature","geometry":{"type":"Point","coordinates":[-6.379292,36.634122]},"properties":{"id":"VUT/CA/16369","type":"VUT","group":"Completa","address":"CALLE SAETERO RAFAEL REBOLLO EL TAITA Nº 1 Plta/Piso 1 Pta/Letra A, piso 1, puerta A","postal_code":"11520","places":4,"units":2,"registered":"2023-02-09","catastro":"4475806QA3547N0085MA","holder":null,"holder_count":null}},{"type":"Feature","geometry":{"type":"Point","coordinates":[-6.389067,36.638128]},"properties":{"id":"VUT/CA/16377","type":"VUT","group":"Completa","address":"AVENIDA JOAQUÍN SABINA Nº 7 Esc. 5 Plta/Piso AATICO Pta/Letra B, piso AATICO, puerta B","postal_code":"11520","places":6,"units":3,"registered":"2023-02-10","catastro":"3680313QA3538S0355IB","holder":null,"holder_count":null}},{"type":"Feature","geometry":{"type":"Point","coordinates":[-6.408232,36.691285]},"properties":{"id":"VUT/CA/16393","type":"VUT","group":"Completa","address":"CALLE CALLE TEHIGO Nº 2 Compl.Dom. MODULO 4 CASA 2 COSTA BALLENA ROTA","postal_code":"11520","places":5,"units":2,"registered":"2023-02-13","catastro":"1640802QA3613N0088SI","holder":"SOLIDENT RENTAS SA","holder_count":1}},{"type":"Feature","geometry":{"type":"Point","coordinates":[-6.385864,36.636643]},"properties":{"id":"VUT/CA/16407","type":"VUT","group":"Completa","address":"CALLE JARDINES CIUDAD DE BARCELONA Portal 2 Plta/Piso 0 Pta/Letra F Compl.Dom. URBANIZACION CELERE PUNTA CANDOR, piso 0, puerta F","postal_code":"11520","places":5,"units":2,"registered":"2023-02-13","catastro":"3879905QA3537N0084GY","holder":null,"holder_count":null}},{"type":"Feature","geometry":{"type":"Point","coordinates":[-6.365642,36.627995]},"properties":{"id":"VUT/CA/16450","type":"VUT","group":"Completa","address":"AVENIDA DE LA LIBERTAD Nº 3A Blq. 3 Plta/Piso 1 Pta/Letra A, piso 1, puerta A","postal_code":"11520","places":6,"units":3,"registered":"2023-02-16","catastro":"5670305QA3557S0026JT","holder":null,"holder_count":null}},{"type":"Feature","geometry":{"type":"Point","coordinates":[-6.36093,36.62108]},"properties":{"id":"VUT/CA/16457","type":"VUT","group":"Completa","address":"CALLE VIRGEN DE LOS REYES Nº 8 Plta/Piso BAJO Pta/Letra A, piso BAJO, puerta A","postal_code":"11520","places":5,"units":2,"registered":"2023-02-17","catastro":"6262146QA3566A0001KO","holder":null,"holder_count":null}},{"type":"Feature","geometry":{"type":"Point","coordinates":[-6.416643,36.690835]},"properties":{"id":"VUT/CA/16479","type":"VUT","group":"Completa","address":"CALLE Boquerón Nº 1 Portal 8 Plta/Piso 2 Pta/Letra D Compl.Dom. Urbanización Bahía de la Luz, Costa Ballena, piso 2, puerta D","postal_code":"11520","places":6,"units":2,"registered":"2023-02-20","catastro":"0738901QA3603N0261XS","holder":null,"holder_count":null}},{"type":"Feature","geometry":{"type":"Point","coordinates":[-6.40463,36.680111]},"properties":{"id":"VUT/CA/16495","type":"VUT","group":"Completa","address":"AVENIDA REINA SOFIA Nº 17 Pta/Letra 6, puerta 6","postal_code":"11520","places":8,"units":3,"registered":"2023-02-21","catastro":"1931103QA3612N0006LW","holder":null,"holder_count":null}},{"type":"Feature","geometry":{"type":"Point","coordinates":[-6.357221,36.619847]},"properties":{"id":"VUT/CA/16501","type":"VUT","group":"Completa","address":"CALLE VERACRUZ Nº 24 Esc. 1 Pta/Letra 1, puerta 1","postal_code":"11520","places":6,"units":2,"registered":"2023-02-21","catastro":"6461406QA3566A0034AP","holder":null,"holder_count":null}},{"type":"Feature","geometry":{"type":"Point","coordinates":[-6.386664,36.635503]},"properties":{"id":"VUT/CA/16502","type":"VUT","group":"Completa","address":"AVENIDA Principes de España Nº 216 Plta/Piso 1 Pta/Letra 27, piso 1, puerta 27","postal_code":"11520","places":4,"units":2,"registered":"2023-02-22","catastro":"3978705qa3537h0027qt","holder":null,"holder_count":null}},{"type":"Feature","geometry":{"type":"Point","coordinates":[-6.389067,36.638128]},"properties":{"id":"VUT/CA/16521","type":"VUT","group":"Completa","address":"AVENIDA Joaquín Sabina Nº 7 Esc. 1 Plta/Piso 1 Pta/Letra C, piso 1, puerta C","postal_code":"11520","places":5,"units":2,"registered":"2023-02-23","catastro":"3680313QA3538S0300FE","holder":null,"holder_count":null}},{"type":"Feature","geometry":{"type":"Point","coordinates":[-6.352106,36.625111]},"properties":{"id":"VUT/CA/16531","type":"VUT","group":"Completa","address":"CALLE REYES CATOLICOS Nº 5 Plta/Piso 2 Pta/Letra DERECHA, piso 2, puerta DERECHA","postal_code":"11520","places":6,"units":3,"registered":"2023-02-24","catastro":"6967103QA3566F0001UI","holder":"MISSISSIPPI WORLD SL","holder_count":3}},{"type":"Feature","geometry":{"type":"Point","coordinates":[-6.389067,36.638128]},"properties":{"id":"VUT/CA/16549","type":"VUT","group":"Completa","address":"CALLE JOAQUIN SABINA Nº 5 Esc. 2 Plta/Piso 2 Pta/Letra C, piso 2, puerta C","postal_code":"11520","places":7,"units":3,"registered":"2023-02-27","catastro":"3680313QA3538S0196IB","holder":null,"holder_count":null}},{"type":"Feature","geometry":{"type":"Point","coordinates":[-6.385864,36.636643]},"properties":{"id":"VUT/CA/16580","type":"VUT","group":"Completa","address":"CALLE JARDINES CIUDAD DE BARCELONA Nº 2 Portal 2 Plta/Piso BAJO Pta/Letra C, piso BAJO, puerta C","postal_code":"11520","places":6,"units":4,"registered":"2023-03-02","catastro":"3879905QA3537N0081SE","holder":null,"holder_count":null}},{"type":"Feature","geometry":{"type":"Point","coordinates":[-6.408232,36.691285]},"properties":{"id":"VUT/CA/16592","type":"VUT","group":"Completa","address":"CALLE RESIDENCIAL BALLENA GOLF C/ TEHIGO Nº 2 Esc. 3 Plta/Piso 3 Pta/Letra 30, piso 3, puerta 30","postal_code":"11520","places":6,"units":2,"registered":"2023-03-02","catastro":"1640802QA3613N0082YW","holder":null,"holder_count":null}},{"type":"Feature","geometry":{"type":"Point","coordinates":[-6.412443,36.692825]},"properties":{"id":"VUT/CA/16671","type":"VUT","group":"Completa","address":"AVENIDA JUAN CARLOS I Nº 8 Blq. 3 Plta/Piso 2 Pta/Letra 24 Compl.Dom. URBANIZACION PLAYA DE LAR, piso 2, puerta 24","postal_code":"11520","places":4,"units":2,"registered":"2023-03-08","catastro":"1045103QA3614S0080SW","holder":null,"holder_count":null}},{"type":"Feature","geometry":{"type":"Point","coordinates":[-6.412747,36.694278]},"properties":{"id":"VUT/CA/16700","type":"VUT","group":"Completa","address":"AVENIDA Torrebreva Nº 3 Blq. 4 Portal 3 Plta/Piso 1 Pta/Letra c, piso 1, puerta c","postal_code":"11520","places":6,"units":3,"registered":"2023-03-12","catastro":"1045102QA3614S0363QM","holder":null,"holder_count":null}},{"type":"Feature","geometry":{"type":"Point","coordinates":[-6.41309,36.688417]},"properties":{"id":"VUT/CA/16745","type":"VUT","group":"Completa","address":"AVENIDA REINA SOFIA Nº 11 Portal A Plta/Piso 1 Pta/Letra DR, piso 1, puerta DR","postal_code":"11520","places":6,"units":3,"registered":"2023-03-15","catastro":"1236701QA3613N0004SJ","holder":null,"holder_count":null}},{"type":"Feature","geometry":{"type":"Point","coordinates":[-6.409237,36.678208]},"properties":{"id":"VUT/CA/16771","type":"VUT","group":"Completa","address":"AVENIDA NUEVO OASIS DEL SUR Nº 2 Blq. 2 Portal 2 Plta/Piso 1 Pta/Letra C, piso 1, puerta C","postal_code":"11520","places":4,"units":2,"registered":"2023-03-17","catastro":"1721201QA3612S0042PA","holder":null,"holder_count":null}},{"type":"Feature","geometry":{"type":"Point","coordinates":[-6.369006,36.622425]},"properties":{"id":"VUT/CA/16855","type":"VUT","group":"Completa","address":"CALLE avenida sevilla 51 Nº 5","postal_code":"11520","places":8,"units":3,"registered":"2023-03-23","catastro":"5463209QA3556C0001EM","holder":null,"holder_count":null}},{"type":"Feature","geometry":{"type":"Point","coordinates":[-6.40463,36.680111]},"properties":{"id":"VUT/CA/16876","type":"VUT","group":"Completa","address":"AVENIDA REINA SOFIA Nº 19","postal_code":"11520","places":8,"units":3,"registered":"2023-03-27","catastro":"1931103QA3612N0168BE","holder":null,"holder_count":null}},{"type":"Feature","geometry":{"type":"Point","coordinates":[-6.389067,36.638128]},"properties":{"id":"VUT/CA/16904","type":"VUT","group":"Completa","address":"CALLE JOAQUIN SABINA Nº 7 Esc. 5 Plta/Piso 1 Pta/Letra C, piso 1, puerta C","postal_code":"11520","places":4,"units":2,"registered":"2023-03-28","catastro":"3680313QA3538S0316RH","holder":"OLE SOLUTIONS HOLIDAY RENTALS S.L.","holder_count":4}},{"type":"Feature","geometry":{"type":"Point","coordinates":[-6.385864,36.636643]},"properties":{"id":"VUT/CA/17006","type":"VUT","group":"Completa","address":"AVENIDA Alfonso Perales Nº 5 Portal 1 Plta/Piso 1 Pta/Letra c, piso 1, puerta c","postal_code":"11520","places":4,"units":2,"registered":"2023-04-09","catastro":"3879905QA3537N0064QG","holder":null,"holder_count":null}},{"type":"Feature","geometry":{"type":"Point","coordinates":[-6.385864,36.636643]},"properties":{"id":"VUT/CA/17041","type":"VUT","group":"Completa","address":"AVENIDA Alfonso Perales Nº 5 Portal 1 Plta/Piso 1 Pta/Letra G, piso 1, puerta G","postal_code":"11520","places":5,"units":2,"registered":"2023-04-11","catastro":"3879905QA3537N0068TL","holder":"STAYCARE, S.L.U.","holder_count":21}},{"type":"Feature","geometry":{"type":"Point","coordinates":[-6.361312,36.620556]},"properties":{"id":"VUT/CA/17046","type":"VUT","group":"Completa","address":"CALLE MARIA AUXILIADORA Nº 7 Plta/Piso 8 Pta/Letra C, piso 8, puerta C","postal_code":"11520","places":6,"units":3,"registered":"2023-04-11","catastro":"6061306QA3566A0032FI","holder":null,"holder_count":null}},{"type":"Feature","geometry":{"type":"Point","coordinates":[-6.379975,36.632633]},"properties":{"id":"VUT/CA/17051","type":"VUT","group":"Completa","address":"CALLE SAETERO FERNANDO BARRIENTO RUIZ Nº 17 Plta/Piso ATICO Pta/Letra 12, piso ATICO, puerta 12","postal_code":"11520","places":4,"units":2,"registered":"2023-04-11","catastro":"4475804QA3547N0126DL","holder":null,"holder_count":null}},{"type":"Feature","geometry":{"type":"Point","coordinates":[-6.373541,36.625425]},"properties":{"id":"VUT/CA/17068","type":"VUT","group":"Por habitaciones","address":"AVENIDA PRINCIPES DE ESPAÑA Nº 87 Calif.Nº C Pta/Letra 11, puerta 11","postal_code":"11520","places":6,"units":3,"registered":"2023-04-12","catastro":"5267719QA3556E0011FW","holder":null,"holder_count":null}},{"type":"Feature","geometry":{"type":"Point","coordinates":[-6.358181,36.617457]},"properties":{"id":"VUT/CA/17088","type":"VUT","group":"Completa","address":"CALLE CONSTITUCION Nº 11 Plta/Piso 2 Pta/Letra H Compl.Dom. ATICO H, piso 2, puerta H","postal_code":"11520","places":3,"units":1,"registered":"2023-04-13","catastro":"6458102QA3565G0009HI","holder":null,"holder_count":null}},{"type":"Feature","geometry":{"type":"Point","coordinates":[-6.357541,36.617661]},"properties":{"id":"VUT/CA/17093","type":"VUT","group":"Completa","address":"CALLE PEDRO DE LA O Nº 10 Portal 10 Plta/Piso 1 Pta/Letra C, piso 1, puerta C","postal_code":"11520","places":4,"units":2,"registered":"2023-04-14","catastro":"6459604QA3565G0004IE","holder":"ALPA COPIADORAS S.L","holder_count":1}},{"type":"Feature","geometry":{"type":"Point","coordinates":[-6.368569,36.6238]},"properties":{"id":"VUT/CA/17110","type":"VUT","group":"Completa","address":"CALLE DOCTOR FEDERICO RODRIGUEZ RUBIO Nº 3 Esc. 2 Plta/Piso 1 Pta/Letra C, piso 1, puerta C","postal_code":"11520","places":12,"units":3,"registered":"2023-04-16","catastro":"5466715QA3556E0010WQ","holder":null,"holder_count":null}},{"type":"Feature","geometry":{"type":"Point","coordinates":[-6.363523,36.621177]},"properties":{"id":"VUT/CA/17212","type":"VUT","group":"Completa","address":"CALLE ASTAROTH Nº 9 Plta/Piso 3 Pta/Letra DCHA, piso 3, puerta DCHA","postal_code":"11520","places":4,"units":3,"registered":"2023-04-24","catastro":"5862218QA3556B0045YM","holder":null,"holder_count":null}},{"type":"Feature","geometry":{"type":"Point","coordinates":[-6.384451,36.632418]},"properties":{"id":"VUT/CA/17214","type":"VUT","group":"Completa","address":"CALLE de la alegria Nº 5 Blq. 11 Portal A Esc. 1 Plta/Piso 2 Pta/Letra 1 Compl.Dom. Urbanización Pinar de la Almadraba, piso 2, puerta 1","postal_code":"11520","places":4,"units":1,"registered":"2023-04-25","catastro":"4038107QA3643G0005HD","holder":null,"holder_count":null}},{"type":"Feature","geometry":{"type":"Point","coordinates":[-6.41375,36.684835]},"properties":{"id":"VUT/CA/17216","type":"VUT","group":"Completa","address":"CALLE PEÑA DEL AGUILA Nº 6 Pta/Letra 33, puerta 33","postal_code":"11520","places":5,"units":2,"registered":"2023-04-25","catastro":"1131401QA3613S0033EX","holder":null,"holder_count":null}},{"type":"Feature","geometry":{"type":"Point","coordinates":[-6.412443,36.692825]},"properties":{"id":"VUT/CA/17305","type":"VUT","group":"Completa","address":"AVENIDA JUAN CARLOS 1 Nº 8 Blq. 2 Portal 2 Compl.Dom. URBANIZACION PLAYA LAR","postal_code":"11520","places":6,"units":3,"registered":"2023-05-01","catastro":"1045103QA3614S0030MD","holder":null,"holder_count":null}},{"type":"Feature","geometry":{"type":"Point","coordinates":[-6.37494,36.628454]},"properties":{"id":"VUT/CA/17379","type":"VUT","group":"Completa","address":"AVENIDA PRINCIPES DE ESPAÑA Nº 154 Blq. 17 Compl.Dom. RESINDENCIAL ROTAPRINCIPE","postal_code":"11520","places":6,"units":3,"registered":"2023-05-04","catastro":"4971711QA3547S0114XK","holder":null,"holder_count":null}},{"type":"Feature","geometry":{"type":"Point","coordinates":[-6.37494,36.628454]},"properties":{"id":"VUT/CA/17380","type":"VUT","group":"Completa","address":"AVENIDA PRINCIPES DE ESPAÑA Nº 154 Blq. E Portal 2 Esc. E Plta/Piso 2 Pta/Letra D, piso 2, puerta D","postal_code":"11520","places":6,"units":3,"registered":"2023-05-05","catastro":"4971711QA3547S0247EX","holder":null,"holder_count":null}},{"type":"Feature","geometry":{"type":"Point","coordinates":[-6.355699,36.623313]},"properties":{"id":"VUT/CA/17420","type":"VUT","group":"Completa","address":"CALLE Federico García Lorca Nº 40-42","postal_code":"11520","places":13,"units":4,"registered":"2023-05-08","catastro":"6565509QA3566F0001UI","holder":null,"holder_count":null}},{"type":"Feature","geometry":{"type":"Point","coordinates":[-6.363313,36.620227]},"properties":{"id":"VUT/CA/17477","type":"VUT","group":"Completa","address":"AVENIDA SEVILLA Nº 11 Compl.Dom. CONJUNTO RESIDENCIAL LA COSTILLA AVDA SEVILLA NUMERO 11-13","postal_code":"11520","places":4,"units":1,"registered":"2023-05-11","catastro":"5861312QA3556b0078ZQ","holder":null,"holder_count":null}},{"type":"Feature","geometry":{"type":"Point","coordinates":[-6.385864,36.636643]},"properties":{"id":"VUT/CA/17479","type":"VUT","group":"Completa","address":"AVENIDA Alfonso Perales Nº 15 Plta/Piso BAJO Pta/Letra I, piso BAJO, puerta I","postal_code":"11520","places":6,"units":2,"registered":"2023-05-11","catastro":"3879905QA3537N0001WH","holder":null,"holder_count":null}},{"type":"Feature","geometry":{"type":"Point","coordinates":[-6.406772,36.686461]},"properties":{"id":"VUT/CA/17492","type":"VUT","group":"Completa","address":"AVENIDA REINA SOFIA Nº 11 Blq. 2 Portal 3 Plta/Piso 3 Pta/Letra B Compl.Dom. URB. LA QUINTA GOLF, piso 3, puerta B","postal_code":"11520","places":6,"units":3,"registered":"2023-05-14","catastro":"1834101qa3613s0080ti","holder":null,"holder_count":null}},{"type":"Feature","geometry":{"type":"Point","coordinates":[-6.385864,36.636643]},"properties":{"id":"VUT/CA/17496","type":"VUT","group":"Completa","address":"AVENIDA ALFONSO PERALES Nº 5 Blq. 1 Plta/Piso 1 Pta/Letra D, piso 1, puerta D","postal_code":"11520","places":6,"units":2,"registered":"2023-05-15","catastro":"3879905QA3537N0065WH","holder":null,"holder_count":null}},{"type":"Feature","geometry":{"type":"Point","coordinates":[-6.367837,36.629414]},"properties":{"id":"VUT/CA/17512","type":"VUT","group":"Completa","address":"AVENIDA La Polvora Nº 6 Blq. 1 Esc. 3 Plta/Piso 1 Pta/Letra C, piso 1, puerta C","postal_code":"11520","places":5,"units":2,"registered":"2023-05-16","catastro":"5471104QA3557S0183JQ","holder":null,"holder_count":null}},{"type":"Feature","geometry":{"type":"Point","coordinates":[-6.348365,36.62641]},"properties":{"id":"VUT/CA/17568","type":"VUT","group":"Completa","address":"RESIDENCIAL serrano Nº 19","postal_code":"11520","places":6,"units":2,"registered":"2023-05-18","catastro":"7067904QA3576E0036ZY","holder":null,"holder_count":null}},{"type":"Feature","geometry":{"type":"Point","coordinates":[-6.373041,36.632491]},"properties":{"id":"VUT/CA/17581","type":"VUT","group":"Completa","address":"CALLE CONCEJAL PACO MACHUCA Nº 128 Esc. 1 Plta/Piso 2 Pta/Letra S12, piso 2, puerta S12","postal_code":"11520","places":5,"units":2,"registered":"2023-05-19","catastro":"4873602QA3547S0026AQ","holder":null,"holder_count":null}},{"type":"Feature","geometry":{"type":"Point","coordinates":[-6.356513,36.623607]},"properties":{"id":"VUT/CA/17599","type":"VUT","group":"Completa","address":"CALLE calvario Nº 46 Plta/Piso bajo Pta/Letra b, piso bajo, puerta b","postal_code":"11520","places":6,"units":2,"registered":"2023-05-22","catastro":"6566658QA3566F0010YF","holder":"STAYCARE, S.L.U.","holder_count":21}},{"type":"Feature","geometry":{"type":"Point","coordinates":[-6.367397,36.628963]},"properties":{"id":"VUT/CA/17620","type":"VUT","group":"Completa","address":"CALLE LA ROMINA Nº 2 Blq. 2 Plta/Piso 2 Pta/Letra E, piso 2, puerta E","postal_code":"11520","places":6,"units":3,"registered":"2023-05-23","catastro":"5571101QA3557S0027PY","holder":null,"holder_count":null}},{"type":"Feature","geometry":{"type":"Point","coordinates":[-6.409237,36.678208]},"properties":{"id":"VUT/CA/17625","type":"VUT","group":"Completa","address":"AVENIDA DEL OASIS DEL SUR Nº S/N Blq. 1 Portal 2 Plta/Piso 2 Pta/Letra B Compl.Dom. URBANIZACIÓN TORRESALADA 1, piso 2, puerta B","postal_code":"11520","places":6,"units":2,"registered":"2023-05-23","catastro":"1721201QA3612S0016HJ","holder":null,"holder_count":null}},{"type":"Feature","geometry":{"type":"Point","coordinates":[-6.38803,36.637461]},"properties":{"id":"VUT/CA/17640","type":"VUT","group":"Completa","address":"AVENIDA ALMUDENA GRANDES Nº 2 Esc. 1 Plta/Piso ATICO Pta/Letra A Compl.Dom. Garaje 21, piso ATICO, puerta A","postal_code":"11520","places":6,"units":3,"registered":"2023-05-24","catastro":"3680303QA3538S0043LW","holder":"SUBE-T C.B.","holder_count":1}},{"type":"Feature","geometry":{"type":"Point","coordinates":[-6.37494,36.628454]},"properties":{"id":"VUT/CA/17655","type":"VUT","group":"Completa","address":"AVENIDA LOS TOREROS Nº 2 Blq. E Esc. 2 Plta/Piso 2 Pta/Letra C, piso 2, puerta C","postal_code":"11520","places":6,"units":5,"registered":"2023-05-24","catastro":"4971711QA3547S0246WZ","holder":"INMAIPI 2019, S.L.","holder_count":1}},{"type":"Feature","geometry":{"type":"Point","coordinates":[-6.359037,36.619701]},"properties":{"id":"VUT/CA/17661","type":"VUT","group":"Completa","address":"CALLE CASTELAR Nº 16","postal_code":"11520","places":12,"units":6,"registered":"2023-05-25","catastro":"6361228QA3566A0001HO","holder":null,"holder_count":null}},{"type":"Feature","geometry":{"type":"Point","coordinates":[-6.412252,36.682162]},"properties":{"id":"VUT/CA/17682","type":"VUT","group":"Completa","address":"CALLE LA CALETA Nº 3 Blq. 27 Plta/Piso BAJA Pta/Letra A Compl.Dom. PLAZA DE GARAJE NUMERO 35, piso BAJA, puerta A","postal_code":"11520","places":4,"units":2,"registered":"2023-05-26","catastro":"1328301QA3612N0230OM","holder":null,"holder_count":null}},{"type":"Feature","geometry":{"type":"Point","coordinates":[-6.404813,36.682303]},"properties":{"id":"VUT/CA/17693","type":"VUT","group":"Completa","address":"AVENIDA REINA SOFIA Nº 15 Blq. 1 Esc. 3 Plta/Piso 2 Pta/Letra A Compl.Dom. BAHIA GOLF, piso 2, puerta A","postal_code":"11520","places":5,"units":2,"registered":"2023-05-26","catastro":"1931102QA3612N0107FY","holder":null,"holder_count":null}},{"type":"Feature","geometry":{"type":"Point","coordinates":[-6.368708,36.627968]},"properties":{"id":"VUT/CA/17713","type":"VUT","group":"Completa","address":"CALLE Racillo Nº 4 Plta/Piso 3 Pta/Letra K, piso 3, puerta K","postal_code":"11520","places":4,"units":2,"registered":"2023-05-29","catastro":"5457101QA3557S0058MT","holder":null,"holder_count":null}},{"type":"Feature","geometry":{"type":"Point","coordinates":[-6.384451,36.632418]},"properties":{"id":"VUT/CA/17724","type":"VUT","group":"Completa","address":"CALLE DE LA ALEGRIA Nº 5 Blq. 11 Portal A Esc. 1 Plta/Piso 0 Pta/Letra 1 Compl.Dom. URBANIZACION PINAR DE LA ALMADRABA, piso 0, puerta 1","postal_code":"11520","places":3,"units":1,"registered":"2023-05-29","catastro":"4038107QA3643G0001SO","holder":null,"holder_count":null}},{"type":"Feature","geometry":{"type":"Point","coordinates":[-6.358944,36.620608]},"properties":{"id":"VUT/CA/17775","type":"VUT","group":"Completa","address":"CALLE SAN RAFAEL Nº 22-B","postal_code":"11520","places":6,"units":2,"registered":"2023-06-01","catastro":"6362710QA3566A0007RG","holder":"PIZZERIA VANUS SL","holder_count":1}},{"type":"Feature","geometry":{"type":"Point","coordinates":[-6.384854,36.628924]},"properties":{"id":"VUT/CA/17951","type":"VUT","group":"Completa","address":"CALLE CORRALES Nº 3 Esc. 4 Plta/Piso BAJO Pta/Letra D, piso BAJO, puerta D","postal_code":"11520","places":4,"units":1,"registered":"2023-06-13","catastro":"4170903QA3547A0026RF","holder":null,"holder_count":null}},{"type":"Feature","geometry":{"type":"Point","coordinates":[-6.357281,36.620409]},"properties":{"id":"VUT/CA/17970","type":"VUT","group":"Completa","address":"CALLE veracruz Nº 44 Plta/Piso 1 Pta/Letra A, piso 1, puerta A","postal_code":"11520","places":4,"units":2,"registered":"2023-06-14","catastro":"6461418QA3566A0002MP","holder":null,"holder_count":null}},{"type":"Feature","geometry":{"type":"Point","coordinates":[-6.385696,36.631276]},"properties":{"id":"VUT/CA/17994","type":"VUT","group":"Completa","address":"AVENIDA CALLE GRANAINA Nº 7 Plta/Piso 2 Pta/Letra 2, piso 2, puerta 2","postal_code":"11520","places":3,"units":1,"registered":"2023-06-20","catastro":"4038101QA3643G0024ZE","holder":null,"holder_count":null}},{"type":"Feature","geometry":{"type":"Point","coordinates":[-6.357848,36.620396]},"properties":{"id":"VUT/CA/18010","type":"VUT","group":"Completa","address":"CALLE NUESTRA SEÑORA DEL ROSARIO Nº 34 Plta/Piso 01 Pta/Letra 05, piso 01, puerta 05","postal_code":"11520","places":4,"units":2,"registered":"2023-06-20","catastro":"6461111QA3566A0002JP","holder":null,"holder_count":null}},{"type":"Feature","geometry":{"type":"Point","coordinates":[-6.366218,36.621326]},"properties":{"id":"VUT/CA/18044","type":"VUT","group":"Completa","address":"CALLE Córdoba Nº 6 Portal 6 Plta/Piso 0 Pta/Letra Der, piso 0, puerta Der","postal_code":"11520","places":5,"units":2,"registered":"2023-06-20","catastro":"5663703QA3556D0068WS","holder":null,"holder_count":null}},{"type":"Feature","geometry":{"type":"Point","coordinates":[-6.351026,36.626102]},"properties":{"id":"VUT/CA/18055","type":"VUT","group":"Completa","address":"AVENIDA REYES CATOLICOS Nº 18 Plta/Piso 1 Pta/Letra B, piso 1, puerta B","postal_code":"11520","places":6,"units":3,"registered":"2023-06-20","catastro":"7068705QA3576G0002WX","holder":null,"holder_count":null}},{"type":"Feature","geometry":{"type":"Point","coordinates":[-6.364535,36.620678]},"properties":{"id":"VUT/CA/18084","type":"VUT","group":"Completa","address":"CALLE SAN JOSE Nº 7 Plta/Piso 2, piso 2","postal_code":"11520","places":4,"units":2,"registered":"2023-06-22","catastro":"5861304QA3556B0004GJ","holder":null,"holder_count":null}},{"type":"Feature","geometry":{"type":"Point","coordinates":[-6.358397,36.626148]},"properties":{"id":"VUT/CA/18161","type":"VUT","group":"Completa","address":"CALLE san juan bosco Nº 7 Plta/Piso 2 Pta/Letra b, piso 2, puerta b","postal_code":"11520","places":4,"units":2,"registered":"2023-06-28","catastro":"6368421QA3566g0029KH","holder":null,"holder_count":null}},{"type":"Feature","geometry":{"type":"Point","coordinates":[-6.412252,36.682162]},"properties":{"id":"VUT/CA/18165","type":"VUT","group":"Completa","address":"CALLE LA CALETA Nº 3 Blq. 27 Plta/Piso BAJO Pta/Letra A Compl.Dom. PLAZA DE GARAJE NUMERO 35, piso BAJO, puerta A","postal_code":"11520","places":4,"units":2,"registered":"2023-06-29","catastro":"1328301QA3612N0202DR","holder":null,"holder_count":null}},{"type":"Feature","geometry":{"type":"Point","coordinates":[-6.365733,36.622646]},"properties":{"id":"VUT/CA/18167","type":"VUT","group":"Completa","address":"AVENIDA LA MARINA Nº 57 Plta/Piso 3 Pta/Letra F, piso 3, puerta F","postal_code":"11520","places":4,"units":1,"registered":"2023-06-29","catastro":"5664940QA3556D0037AD","holder":null,"holder_count":null}},{"type":"Feature","geometry":{"type":"Point","coordinates":[-6.374388,36.627632]},"properties":{"id":"VUT/CA/18229","type":"VUT","group":"Completa","address":"CALLE LAGUNA DEL MORAL Nº 4 Plta/Piso 3, piso 3","postal_code":"11520","places":6,"units":3,"registered":"2023-07-04","catastro":"4969101QA3546H0019AP","holder":null,"holder_count":null}},{"type":"Feature","geometry":{"type":"Point","coordinates":[-6.360141,36.621651]},"properties":{"id":"VUT/CA/18259","type":"VUT","group":"Completa","address":"CALLE PEDRO ANTONIO DE ALARCÓN Nº 13 Plta/Piso 1º Pta/Letra A, piso 1º, puerta A","postal_code":"11520","places":5,"units":2,"registered":"2023-07-05","catastro":"6262113QA3566A0017XX","holder":null,"holder_count":null}},{"type":"Feature","geometry":{"type":"Point","coordinates":[-6.412747,36.694278]},"properties":{"id":"VUT/CA/18319","type":"VUT","group":"Completa","address":"AVENIDA Torrebreva Nº s/n Blq. 4 Portal 2 Plta/Piso 2 Pta/Letra D Compl.Dom. urbanizacion ballena paraiso, piso 2, puerta D","postal_code":"11520","places":5,"units":3,"registered":"2023-07-10","catastro":"1045102QA3614S0356BL","holder":null,"holder_count":null}},{"type":"Feature","geometry":{"type":"Point","coordinates":[-6.385669,36.631946]},"properties":{"id":"VUT/CA/18331","type":"VUT","group":"Completa","address":"CALLE La Petenera Blq. 6 Esc. A Plta/Piso 2 Pta/Letra 1, piso 2, puerta 1","postal_code":"11520","places":4,"units":2,"registered":"2023-07-11","catastro":"4038103QA3643G0032ZI","holder":null,"holder_count":null}},{"type":"Feature","geometry":{"type":"Point","coordinates":[-6.385864,36.636643]},"properties":{"id":"VUT/CA/18381","type":"VUT","group":"Completa","address":"AVENIDA ALFONSO PERALES Nº 5 Portal 1 Plta/Piso 2 Pta/Letra F, piso 2, puerta F","postal_code":"11520","places":8,"units":3,"registered":"2023-07-15","catastro":"3879905QA3537N0078SE","holder":null,"holder_count":null}},{"type":"Feature","geometry":{"type":"Point","coordinates":[-6.413601,36.690643]},"properties":{"id":"VUT/CA/18384","type":"VUT","group":"Completa","address":"CALLE Agua, Azucarillo y Aguardiente Nº 1 Blq. A Esc. 2 Plta/Piso 2 Pta/Letra C Compl.Dom. Playa Ballena 3, piso 2, puerta C","postal_code":"11520","places":4,"units":1,"registered":"2023-07-16","catastro":"1138301QA3613N0037GK","holder":null,"holder_count":null}},{"type":"Feature","geometry":{"type":"Point","coordinates":[-6.38803,36.637461]},"properties":{"id":"VUT/CA/18417","type":"VUT","group":"Completa","address":"AVENIDA Escritora Almudena Grandes Nº 2 Esc. 6 Plta/Piso 1 Pta/Letra b, piso 1, puerta b","postal_code":"11520","places":4,"units":2,"registered":"2023-07-20","catastro":"3680303QA3538S0210QU","holder":null,"holder_count":null}},{"type":"Feature","geometry":{"type":"Point","coordinates":[-6.379292,36.634122]},"properties":{"id":"VUT/CA/18423","type":"VUT","group":"Completa","address":"CALLE SAETERO RAFAEL  REBOLLO \"EL TAITA\" Nº 1 Plta/Piso ATICO Pta/Letra 2R Compl.Dom. PORTAL \"ASTA REGIA\", piso ATICO, puerta 2R","postal_code":"11520","places":4,"units":1,"registered":"2023-07-20","catastro":"4475806QA3547N0126IL","holder":null,"holder_count":null}},{"type":"Feature","geometry":{"type":"Point","coordinates":[-6.358434,36.620472]},"properties":{"id":"VUT/CA/18444","type":"VUT","group":"Completa","address":"CALLE ISAAC PERAL Nº 37 Plta/Piso 1 Pta/Letra A, piso 1, puerta A","postal_code":"11520","places":5,"units":2,"registered":"2023-07-23","catastro":"6362722QA3566A0004DS","holder":null,"holder_count":null}},{"type":"Feature","geometry":{"type":"Point","coordinates":[-6.364514,36.62442]},"properties":{"id":"VUT/CA/18484","type":"VUT","group":"Completa","address":"CALLE CALLE MAESTRO CHUECA Nº 2 Plta/Piso 1, piso 1","postal_code":"11520","places":9,"units":4,"registered":"2023-07-27","catastro":"5766305QA3556F0001IR","holder":null,"holder_count":null}},{"type":"Feature","geometry":{"type":"Point","coordinates":[-6.410819,36.688887]},"properties":{"id":"VUT/CA/18527","type":"VUT","group":"Completa","address":"AVENIDA DE REINA SOFÍA Nº 5 Blq. 1 Plta/Piso 3 Pta/Letra 2, piso 3, puerta 2","postal_code":"11520","places":6,"units":3,"registered":"2023-08-01","catastro":"1436301QA3613N0026LP","holder":null,"holder_count":null}},{"type":"Feature","geometry":{"type":"Point","coordinates":[-6.41112,36.690483]},"properties":{"id":"VUT/CA/18559","type":"VUT","group":"Completa","address":"AVENIDA REINA SOFIA Nº 3 Portal 5 Plta/Piso 2 Pta/Letra C Compl.Dom. URBANIZACION LAS DUNAS FASE III, piso 2, puerta C","postal_code":"11520","places":5,"units":2,"registered":"2023-08-03","catastro":"1338901QA3613N0065LF","holder":null,"holder_count":null}},{"type":"Feature","geometry":{"type":"Point","coordinates":[-6.384854,36.628924]},"properties":{"id":"VUT/CA/18575","type":"VUT","group":"Completa","address":"CALLE LOS CORRALES Nº 3 Esc. E Plta/Piso BJ Pta/Letra C, piso BJ, puerta C","postal_code":"11520","places":5,"units":2,"registered":"2023-08-06","catastro":"4170903QA3547A0040SX","holder":null,"holder_count":null}},{"type":"Feature","geometry":{"type":"Point","coordinates":[-6.369591,36.622514]},"properties":{"id":"VUT/CA/18598","type":"VUT","group":"Completa","address":"CALLE VIRGEN DE LOS MILAGROS Portal 4 Plta/Piso 8 Pta/Letra D Compl.Dom. CONJUNTO RESIDENCIAL VIRGEN DEL MAR, piso 8, puerta D","postal_code":"11520","places":5,"units":2,"registered":"2023-08-08","catastro":"5463202QA3556C0278WH","holder":null,"holder_count":null}},{"type":"Feature","geometry":{"type":"Point","coordinates":[-6.366218,36.621326]},"properties":{"id":"VUT/CA/18633","type":"VUT","group":"Completa","address":"CALLE CORDOBA Nº 8 Plta/Piso 6 Pta/Letra D, piso 6, puerta D","postal_code":"11520","places":10,"units":3,"registered":"2023-08-14","catastro":"5663703QA3556D0024HE","holder":null,"holder_count":null}},{"type":"Feature","geometry":{"type":"Point","coordinates":[-6.358157,36.620767]},"properties":{"id":"VUT/CA/18652","type":"VUT","group":"Completa","address":"CALLE ANTONIO PEREZ ALEGRE Nº 8 Plta/Piso BJ Pta/Letra B, piso BJ, puerta B","postal_code":"11520","places":6,"units":2,"registered":"2023-08-17","catastro":"6463703QA3566C0002YT","holder":"STAYCARE, S.L.U.","holder_count":21}},{"type":"Feature","geometry":{"type":"Point","coordinates":[-6.389067,36.638128]},"properties":{"id":"VUT/CA/18656","type":"VUT","group":"Completa","address":"AVENIDA LUIZ GARCIA MONTERO Nº 2 Blq. 3 Plta/Piso BAJO Pta/Letra C, piso BAJO, puerta C","postal_code":"11520","places":4,"units":2,"registered":"2023-08-18","catastro":"3680313QA3538S0251QD","holder":null,"holder_count":null}},{"type":"Feature","geometry":{"type":"Point","coordinates":[-6.409681,36.67739]},"properties":{"id":"VUT/CA/18666","type":"VUT","group":"Completa","address":"AVENIDA AVENIDA NUEVO OASIS DEL SUR Nº 104 Compl.Dom. URBANIZACIÓN NUEVO OASIS I","postal_code":"11520","places":4,"units":2,"registered":"2023-08-20","catastro":"1523401QA3612S0104ZA","holder":null,"holder_count":null}},{"type":"Feature","geometry":{"type":"Point","coordinates":[-6.360247,36.62397]},"properties":{"id":"VUT/CA/18714","type":"VUT","group":"Completa","address":"CALLE RUBEN DARIO Nº 3 Plta/Piso 3 Pta/Letra B, piso 3, puerta B","postal_code":"11520","places":6,"units":2,"registered":"2023-08-28","catastro":"6166604QA3566E0028QB","holder":null,"holder_count":null}},{"type":"Feature","geometry":{"type":"Point","coordinates":[-6.362242,36.621038]},"properties":{"id":"VUT/CA/18735","type":"VUT","group":"Completa","address":"CALLE RÁBITA RUTA Nº 4 Plta/Piso 1 Pta/Letra IZQ, piso 1, puerta IZQ","postal_code":"11520","places":9,"units":3,"registered":"2023-08-30","catastro":"6062102QA3566A0002MP","holder":null,"holder_count":null}},{"type":"Feature","geometry":{"type":"Point","coordinates":[-6.367164,36.628757]},"properties":{"id":"VUT/CA/18754","type":"VUT","group":"Completa","address":"AVENIDA DE LA POLVORA Nº 2 Portal 1 Plta/Piso 2 Pta/Letra 10 Compl.Dom. EDIFICIO STAR, piso 2, puerta 10","postal_code":"11520","places":4,"units":2,"registered":"2023-09-03","catastro":"5571102QA3557S0012UJ","holder":null,"holder_count":null}},{"type":"Feature","geometry":{"type":"Point","coordinates":[-6.358905,36.62442]},"properties":{"id":"VUT/CA/18757","type":"VUT","group":"Completa","address":"CALLE JUAN ECHEGARAY Nº 5 Plta/Piso BAJO Pta/Letra C, piso BAJO, puerta C","postal_code":"11520","places":7,"units":3,"registered":"2023-09-04","catastro":"6366101QA3566E0046LO","holder":null,"holder_count":null}},{"type":"Feature","geometry":{"type":"Point","coordinates":[-6.373041,36.632491]},"properties":{"id":"VUT/CA/18767","type":"VUT","group":"Completa","address":"CALLE PERSEO Nº 2 Plta/Piso 2 Pta/Letra S11 Compl.Dom. RESIDENCIAL SON SAURA, piso 2, puerta S11","postal_code":"11520","places":5,"units":2,"registered":"2023-09-05","catastro":"4873602QA3547S0025PM","holder":"STAYCARE S.L.U.","holder_count":3}},{"type":"Feature","geometry":{"type":"Point","coordinates":[-6.385864,36.636643]},"properties":{"id":"VUT/CA/18774","type":"VUT","group":"Completa","address":"CALLE JARDINES CIUDAD DE BARCELONA Portal 2 Plta/Piso 2 Pta/Letra E Compl.Dom. URB. VIA CELERE 5, piso 2, puerta E","postal_code":"11520","places":6,"units":2,"registered":"2023-09-06","catastro":"3879905QA3537N0103UZ","holder":null,"holder_count":null}},{"type":"Feature","geometry":{"type":"Point","coordinates":[-6.363313,36.620227]},"properties":{"id":"VUT/CA/18801","type":"VUT","group":"Completa","address":"AVENIDA De Sevilla Nº 11 Portal 6 Plta/Piso 6 Pta/Letra D, piso 6, puerta D","postal_code":"11520","places":7,"units":3,"registered":"2023-09-12","catastro":"5861312QA3556B0183EY","holder":null,"holder_count":null}},{"type":"Feature","geometry":{"type":"Point","coordinates":[-6.373991,36.6268]},"properties":{"id":"VUT/CA/18812","type":"VUT","group":"Completa","address":"AVENIDA PRINCIPES DE ESPAÑA Nº 142 Plta/Piso BAJA Pta/Letra A, piso BAJA, puerta A","postal_code":"11520","places":4,"units":3,"registered":"2023-09-13","catastro":"4969904QA3546H0021MO","holder":"STAYCARE, S.L.U.","holder_count":21}},{"type":"Feature","geometry":{"type":"Point","coordinates":[-6.385669,36.631946]},"properties":{"id":"VUT/CA/18821","type":"VUT","group":"Completa","address":"CALLE PETENERA Nº 7 Blq. 5 Esc. D Plta/Piso 1 Pta/Letra 1 Compl.Dom. URBANIZACION PINAR DE LA ALMADRABA, piso 1, puerta 1","postal_code":"11520","places":4,"units":2,"registered":"2023-09-15","catastro":"4038103QA3643G0021DM","holder":null,"holder_count":null}},{"type":"Feature","geometry":{"type":"Point","coordinates":[-6.366218,36.621326]},"properties":{"id":"VUT/CA/18837","type":"VUT","group":"Completa","address":"CALLE Córdoba Nº 8 Plta/Piso 4 Pta/Letra D Compl.Dom. Edificio Luna, piso 4, puerta D","postal_code":"11520","places":6,"units":3,"registered":"2023-09-19","catastro":"5663703QA3556D0016AZ","holder":null,"holder_count":null}},{"type":"Feature","geometry":{"type":"Point","coordinates":[-6.362638,36.621537]},"properties":{"id":"VUT/CA/18890","type":"VUT","group":"Por habitaciones","address":"CALLE GRANADA Nº 10 Pta/Letra A, puerta A","postal_code":"11520","places":4,"units":2,"registered":"2023-10-02","catastro":"5963909QA3556D0002GP","holder":null,"holder_count":null}},{"type":"Feature","geometry":{"type":"Point","coordinates":[-6.358052,36.620514]},"properties":{"id":"VUT/CA/18918","type":"VUT","group":"Completa","address":"CALLE ISAAC PERAL Nº 43 Plta/Piso 1 Pta/Letra C, piso 1, puerta C","postal_code":"11520","places":5,"units":2,"registered":"2023-10-06","catastro":"6463741QA3566C0008HA","holder":"STAYCARE, S.L.U.","holder_count":21}},{"type":"Feature","geometry":{"type":"Point","coordinates":[-6.362576,36.621221]},"properties":{"id":"VUT/CA/18924","type":"VUT","group":"Completa","address":"CALLE BAIFORA Nº 2 Plta/Piso 2 Pta/Letra H, piso 2, puerta H","postal_code":"11520","places":8,"units":3,"registered":"2023-10-10","catastro":"5962301QA3556D0010AG","holder":null,"holder_count":null}},{"type":"Feature","geometry":{"type":"Point","coordinates":[-6.382172,36.628294]},"properties":{"id":"VUT/CA/18931","type":"VUT","group":"Completa","address":"CALLE LA ALMADRABA Nº 12 Pta/Letra A, puerta A","postal_code":"11520","places":8,"units":3,"registered":"2023-10-11","catastro":"4370811QA3547A1001IH","holder":null,"holder_count":null}},{"type":"Feature","geometry":{"type":"Point","coordinates":[-6.361012,36.622895]},"properties":{"id":"VUT/CA/18989","type":"VUT","group":"Completa","address":"CALLE ALONSO CANO Nº 1 Plta/Piso 4 Pta/Letra B, piso 4, puerta B","postal_code":"11520","places":7,"units":4,"registered":"2023-10-25","catastro":"6164101QA3566C0025PX","holder":"STAYCARE, S.L.U.","holder_count":21}},{"type":"Feature","geometry":{"type":"Point","coordinates":[-6.374412,36.627771]},"properties":{"id":"VUT/CA/19048","type":"VUT","group":"Completa","address":"CALLE LAGUNA DEL MORAL Nº 11 Plta/Piso 0 Pta/Letra A, piso 0, puerta A","postal_code":"11520","places":6,"units":2,"registered":"2023-11-05","catastro":"4870505QA3547B0024JZ","holder":null,"holder_count":null}},{"type":"Feature","geometry":{"type":"Point","coordinates":[-6.366793,36.623138]},"properties":{"id":"VUT/CA/19059","type":"VUT","group":"Completa","address":"AVENIDA DE LA MARINA Nº 75 Plta/Piso BJ Pta/Letra A, piso BJ, puerta A","postal_code":"11520","places":6,"units":3,"registered":"2023-11-07","catastro":"5664901QA3556D0010MG","holder":null,"holder_count":null}},{"type":"Feature","geometry":{"type":"Point","coordinates":[-6.413778,36.68277]},"properties":{"id":"VUT/CA/19075","type":"VUT","group":"Completa","address":"CALLE LA CALETA Nº 8 Blq. III Esc. 9 Plta/Piso 2 Pta/Letra A Compl.Dom. 2ª FASE, piso 2, puerta A","postal_code":"11520","places":6,"units":3,"registered":"2023-11-09","catastro":"1228802QA3612N0005QQ","holder":null,"holder_count":null}},{"type":"Feature","geometry":{"type":"Point","coordinates":[-6.385864,36.636643]},"properties":{"id":"VUT/CA/19104","type":"VUT","group":"Completa","address":"AVENIDA ALFONSO PERALES Nº 5 Blq. 1 Plta/Piso 1 Pta/Letra J, piso 1, puerta J","postal_code":"11520","places":4,"units":2,"registered":"2023-11-14","catastro":"3879905QA3537N0001WH","holder":"STAYCARE SLU","holder_count":5}},{"type":"Feature","geometry":{"type":"Point","coordinates":[-6.360987,36.623564]},"properties":{"id":"VUT/CA/19121","type":"VUT","group":"Completa","address":"AVENIDA DE LA MARINA Nº 8 Plta/Piso 2º Pta/Letra A, piso 2º, puerta A","postal_code":"11520","places":4,"units":2,"registered":"2023-11-16","catastro":"6165802qa3566e0013bi","holder":null,"holder_count":null}},{"type":"Feature","geometry":{"type":"Point","coordinates":[-6.370876,36.625859]},"properties":{"id":"VUT/CA/19144","type":"VUT","group":"Completa","address":"CALLE Joaquin Sorolla Nº 8 Esc. 1 Plta/Piso BJ Pta/Letra H, piso BJ, puerta H","postal_code":"11520","places":6,"units":2,"registered":"2023-11-21","catastro":"5268102QA3556G0036EH","holder":"STAYCARE, S.L.U.","holder_count":21}},{"type":"Feature","geometry":{"type":"Point","coordinates":[-6.405475,36.689052]},"properties":{"id":"VUT/CA/19153","type":"VUT","group":"Completa","address":"AVENIDA LA BALLENA Nº 6 Blq. II Portal 3 Plta/Piso BAJO Pta/Letra A Compl.Dom. URBANIZACION LOS CAÑIZOS, piso BAJO, puerta A","postal_code":"11520","places":4,"units":2,"registered":"2023-11-22","catastro":"1640804QA3613N0030PA","holder":null,"holder_count":null}},{"type":"Feature","geometry":{"type":"Point","coordinates":[-6.359082,36.617933]},"properties":{"id":"VUT/CA/19174","type":"VUT","group":"Completa","address":"CALLE SAN CLEMENTE Nº 6","postal_code":"11520","places":3,"units":1,"registered":"2023-11-28","catastro":"6359120QA3565G0001FM","holder":null,"holder_count":null}},{"type":"Feature","geometry":{"type":"Point","coordinates":[-6.376699,36.635091]},"properties":{"id":"VUT/CA/19178","type":"VUT","group":"Por habitaciones","address":"AVENIDA ALCALDE CARLOS GONZALEZ CAMOYAN Nº 5","postal_code":"11520","places":4,"units":1,"registered":"2023-11-28","catastro":"4576114QA3547N0001MB","holder":null,"holder_count":null}},{"type":"Feature","geometry":{"type":"Point","coordinates":[-6.407394,36.693314]},"properties":{"id":"VUT/CA/19195","type":"VUT","group":"Completa","address":"CALLE DALIA Nº 6","postal_code":"11520","places":6,"units":2,"registered":"2023-12-01","catastro":"1744603QA3614S0006DZ","holder":null,"holder_count":null}},{"type":"Feature","geometry":{"type":"Point","coordinates":[-6.359795,36.618536]},"properties":{"id":"VUT/CA/19222","type":"VUT","group":"Completa","address":"CALLE PRIM Nº 14 Pta/Letra 2, puerta 2","postal_code":"11520","places":2,"units":1,"registered":"2023-12-07","catastro":"6160411QA3566A1002MI","holder":null,"holder_count":null}},{"type":"Feature","geometry":{"type":"Point","coordinates":[-6.360568,36.618598]},"properties":{"id":"VUT/CA/19295","type":"VUT","group":"Completa","address":"CALLE Higuereta Nº 22-26 Plta/Piso 2 Pta/Letra B, piso 2, puerta B","postal_code":"11520","places":6,"units":2,"registered":"2023-12-21","catastro":"6160423QA3566A0032SI","holder":null,"holder_count":null}},{"type":"Feature","geometry":{"type":"Point","coordinates":[-6.41441,36.693807]},"properties":{"id":"VUT/CA/19311","type":"VUT","group":"Completa","address":"AVENIDA RODRIGUEZ DE LA BORBOLLA Nº 4 Blq. 4 Portal 4 Plta/Piso BAJO Pta/Letra C, piso BAJO, puerta C","postal_code":"11520","places":4,"units":2,"registered":"2023-12-26","catastro":"1045101QA3614S0075GM","holder":null,"holder_count":null}},{"type":"Feature","geometry":{"type":"Point","coordinates":[-6.360266,36.619154]},"properties":{"id":"VUT/CA/19372","type":"VUT","group":"Completa","address":"CALLE MINA Nº 32","postal_code":"11520","places":15,"units":4,"registered":"2024-01-09","catastro":"6161528QA3566A0001ZO","holder":"INVERSIONES PATRIMONIALES 340 SL","holder_count":1}},{"type":"Feature","geometry":{"type":"Point","coordinates":[-6.416643,36.690835]},"properties":{"id":"VUT/CA/19378","type":"VUT","group":"Completa","address":"CALLE La Lubina Nº 2-B Portal 3 Plta/Piso 1 Pta/Letra D, piso 1, puerta D","postal_code":"11520","places":5,"units":2,"registered":"2024-01-09","catastro":"0738901QA3603N0199WG","holder":null,"holder_count":null}},{"type":"Feature","geometry":{"type":"Point","coordinates":[-6.365959,36.621171]},"properties":{"id":"VUT/CA/19391","type":"VUT","group":"Completa","address":"CALLE DOS HERMANAS, Nº 1 Plta/Piso 2 Pta/Letra 9, piso 2, puerta 9","postal_code":"11520","places":5,"units":2,"registered":"2024-01-11","catastro":"5662210QA3556B0010HB","holder":"STAYCARE, S.L.U.","holder_count":21}},{"type":"Feature","geometry":{"type":"Point","coordinates":[-6.385864,36.636643]},"properties":{"id":"VUT/CA/19394","type":"VUT","group":"Completa","address":"CALLE JARDINES CIUDAD DE BARCELONA Nº 2 Portal 2 Plta/Piso 2 Pta/Letra B, piso 2, puerta B","postal_code":"11520","places":6,"units":2,"registered":"2024-01-11","catastro":"3879905QA3537N0100RK","holder":null,"holder_count":null}},{"type":"Feature","geometry":{"type":"Point","coordinates":[-6.357776,36.620364]},"properties":{"id":"VUT/CA/19395","type":"VUT","group":"Completa","address":"CALLE NUESTRA SEÑORA DEL ROSARIO Nº 34 Plta/Piso BAJO Pta/Letra 3, piso BAJO, puerta 3","postal_code":"11520","places":4,"units":1,"registered":"2024-01-11","catastro":"6461111QA3566A0007XG","holder":null,"holder_count":null}},{"type":"Feature","geometry":{"type":"Point","coordinates":[-6.367837,36.629414]},"properties":{"id":"VUT/CA/19407","type":"VUT","group":"Completa","address":"CALLE LA ROMINA Nº 1 Blq. 1 Esc. 2 Plta/Piso 1 Pta/Letra 34 Compl.Dom. RESIDENCIALES DEL ATLANTICO, piso 1, puerta 34","postal_code":"11520","places":4,"units":1,"registered":"2024-01-12","catastro":"5471104QA3557S0143SL","holder":null,"holder_count":null}},{"type":"Feature","geometry":{"type":"Point","coordinates":[-6.409681,36.67739]},"properties":{"id":"VUT/CA/19431","type":"VUT","group":"Completa","address":"AVENIDA NUEVO OASIS DEL SUR I Nº 71","postal_code":"11520","places":8,"units":3,"registered":"2024-01-16","catastro":"1523401QA3612S0071KI","holder":null,"holder_count":null}},{"type":"Feature","geometry":{"type":"Point","coordinates":[-6.40463,36.680111]},"properties":{"id":"VUT/CA/19432","type":"VUT","group":"Completa","address":"AVENIDA REINA SOFIA Nº 19 Pta/Letra 10 Compl.Dom. URBANIZACION NUEVO OASIS DEL SUR III, puerta 10","postal_code":"11520","places":5,"units":2,"registered":"2024-01-16","catastro":"1931103QA3612N0010BE","holder":null,"holder_count":null}},{"type":"Feature","geometry":{"type":"Point","coordinates":[-6.362871,36.624619]},"properties":{"id":"VUT/CA/19538","type":"VUT","group":"Completa","address":"AVENIDA Príncipes de España Nº 46 Plta/Piso Baja Pta/Letra 0B, piso Baja, puerta 0B","postal_code":"11520","places":8,"units":2,"registered":"2024-01-27","catastro":"5966201QA3556F0014IF","holder":null,"holder_count":null}},{"type":"Feature","geometry":{"type":"Point","coordinates":[-6.358256,36.623632]},"properties":{"id":"VUT/CA/19543","type":"VUT","group":"Completa","address":"CALLE Miguel de Cervantes Nº 5 Plta/Piso bajo Pta/Letra Derecha, piso bajo, puerta Derecha","postal_code":"11520","places":5,"units":2,"registered":"2024-01-28","catastro":"6365216QA3566E0004RW","holder":null,"holder_count":null}},{"type":"Feature","geometry":{"type":"Point","coordinates":[-6.402517,36.677313]},"properties":{"id":"VUT/CA/19549","type":"VUT","group":"Completa","address":"AVENIDA carla de orleans Nº 4 Esc. 1 Plta/Piso 0 Pta/Letra 2, piso 0, puerta 2","postal_code":"11520","places":6,"units":3,"registered":"2024-01-28","catastro":"2224802QA3622S0109QB","holder":null,"holder_count":null}},{"type":"Feature","geometry":{"type":"Point","coordinates":[-6.408232,36.691285]},"properties":{"id":"VUT/CA/19588","type":"VUT","group":"Completa","address":"CALLE TEHIGO Nº 2 Esc. 5 Plta/Piso 0 Pta/Letra 1 Compl.Dom. RESIDENCIAL BALLENA GOLF, piso 0, puerta 1","postal_code":"11520","places":6,"units":2,"registered":"2024-01-31","catastro":"1640802QA3613N0103ML","holder":"GESTION ENERGETICA SOSTENIBLE 2005, S.L","holder_count":1}},{"type":"Feature","geometry":{"type":"Point","coordinates":[-6.41112,36.690483]},"properties":{"id":"VUT/CA/19623","type":"VUT","group":"Completa","address":"AVENIDA REINA SOFIA Nº 3 Blq. II Portal 5 Plta/Piso 3 Pta/Letra A Compl.Dom. URBANIZACION RESIDENCIAL LAS DUNAS - Fase III, piso 3, puerta A","postal_code":"11520","places":6,"units":2,"registered":"2024-02-03","catastro":"1338901QA3613N0067ZH","holder":null,"holder_count":null}},{"type":"Feature","geometry":{"type":"Point","coordinates":[-6.359005,36.62561]},"properties":{"id":"VUT/CA/19634","type":"VUT","group":"Completa","address":"APARTAMENTO Virgen de la Caridad Nº 1 Esc. B Plta/Piso 2 Pta/Letra A Compl.Dom. Rota, piso 2, puerta A","postal_code":"11520","places":6,"units":3,"registered":"2024-02-04","catastro":"6267401QA3566G0021WI","holder":null,"holder_count":null}},{"type":"Feature","geometry":{"type":"Point","coordinates":[-6.418506,36.690834]},"properties":{"id":"VUT/CA/19639","type":"VUT","group":"Completa","address":"CALLE El Bogavante Nº 2 Portal 7 Plta/Piso 1 Pta/Letra c Compl.Dom. Costa Ballena, piso 1, puerta c","postal_code":"11520","places":8,"units":3,"registered":"2024-02-05","catastro":"0638901QA3603N0088XR","holder":null,"holder_count":null}},{"type":"Feature","geometry":{"type":"Point","coordinates":[-6.362779,36.619656]},"properties":{"id":"VUT/CA/19671","type":"VUT","group":"Completa","address":"PLAZA JESUS NAZARENO Blq. 2 Plta/Piso 2 Pta/Letra F Compl.Dom. EDIFICIO LAS ARENAS, piso 2, puerta F","postal_code":"11520","places":12,"units":3,"registered":"2024-02-07","catastro":"5861321QA3556B0011EZ","holder":null,"holder_count":null}},{"type":"Feature","geometry":{"type":"Point","coordinates":[-6.41375,36.684835]},"properties":{"id":"VUT/CA/19735","type":"VUT","group":"Completa","address":"CALLE PEÑA DEL AGUILA, URB MARINA GOLF Esc. G Plta/Piso 1 Pta/Letra 11, piso 1, puerta 11","postal_code":"11520","places":8,"units":3,"registered":"2024-02-14","catastro":"1131401QA3613S0125QB","holder":null,"holder_count":null}},{"type":"Feature","geometry":{"type":"Point","coordinates":[-6.408694,36.694011]},"properties":{"id":"VUT/CA/19753","type":"VUT","group":"Completa","address":"CALLE Dalia Nº 3 Blq. 1 Portal 1 Plta/Piso 1ª Pta/Letra B, piso 1ª, puerta B","postal_code":"11520","places":6,"units":3,"registered":"2024-02-17","catastro":"1543902QA3614S0045IW","holder":"INMOPUNTA ALSOL, SL","holder_count":14}},{"type":"Feature","geometry":{"type":"Point","coordinates":[-6.389067,36.638128]},"properties":{"id":"VUT/CA/19762","type":"VUT","group":"Completa","address":"AVENIDA ALMUDENA GRANDES Nº 6 Portal 3 Plta/Piso 1º Pta/Letra C Compl.Dom. PISO, piso 1º, puerta C","postal_code":"11520","places":5,"units":2,"registered":"2024-02-19","catastro":"3680313QA3538S0146LI","holder":null,"holder_count":null}},{"type":"Feature","geometry":{"type":"Point","coordinates":[-6.410991,36.691478]},"properties":{"id":"VUT/CA/19796","type":"VUT","group":"Completa","address":"AVENIDA REINA SOFIA Nº 1 Blq. 9 Plta/Piso BAJO Pta/Letra A Compl.Dom. URBANIZACIÓN LAS DUNAS, piso BAJO, puerta A","postal_code":"11520","places":4,"units":2,"registered":"2024-02-21","catastro":"1339401QA3613N0196YH","holder":"STAYCARE, S.L.U.","holder_count":21}},{"type":"Feature","geometry":{"type":"Point","coordinates":[-6.358038,36.622274]},"properties":{"id":"VUT/CA/19824","type":"VUT","group":"Completa","address":"CALLE SAN CAYETANO Nº 3 Plta/Piso 1 Pta/Letra B, piso 1, puerta B","postal_code":"11520","places":4,"units":2,"registered":"2024-02-26","catastro":"6364920QA3566C0034AT","holder":null,"holder_count":null}},{"type":"Feature","geometry":{"type":"Point","coordinates":[-6.363894,36.621721]},"properties":{"id":"VUT/CA/19838","type":"VUT","group":"Completa","address":"AVENIDA V CENTENARIO Nº 11 Esc. 1 Plta/Piso 01 Pta/Letra C, piso 01, puerta C","postal_code":"11520","places":4,"units":2,"registered":"2024-02-28","catastro":"5862204QA3556B0005JK","holder":"STAYCARE, S.L.U.","holder_count":21}},{"type":"Feature","geometry":{"type":"Point","coordinates":[-6.366218,36.621326]},"properties":{"id":"VUT/CA/19850","type":"VUT","group":"Completa","address":"CALLE CORDOBA Nº 6 Plta/Piso 6 Pta/Letra D, piso 6, puerta D","postal_code":"11520","places":6,"units":3,"registered":"2024-03-01","catastro":"5663703QA3556D0058KT","holder":null,"holder_count":null}},{"type":"Feature","geometry":{"type":"Point","coordinates":[-6.380471,36.62899]},"properties":{"id":"VUT/CA/19914","type":"VUT","group":"Completa","address":"AVENIDA ALCALDE ANTONIO GARCIA DE QUIROS Nº 8","postal_code":"11520","places":2,"units":4,"registered":"2024-03-08","catastro":"4472907QA3547A0001UK","holder":null,"holder_count":null}},{"type":"Feature","geometry":{"type":"Point","coordinates":[-6.357432,36.620985]},"properties":{"id":"VUT/CA/19944","type":"VUT","group":"Completa","address":"CALLE VERACRUZ Nº 47 Plta/Piso 2 Pta/Letra B, piso 2, puerta B","postal_code":"11520","places":8,"units":2,"registered":"2024-03-12","catastro":"6463732QA3566C0012OS","holder":null,"holder_count":null}},{"type":"Feature","geometry":{"type":"Point","coordinates":[-6.360599,36.618643]},"properties":{"id":"VUT/CA/19974","type":"VUT","group":"Completa","address":"CALLE HIGUERETA Nº 28 Esc. 1 Plta/Piso 1 Pta/Letra A, piso 1, puerta A","postal_code":"11520","places":4,"units":2,"registered":"2024-03-14","catastro":"6160424QA3566A0001XO","holder":null,"holder_count":null}},{"type":"Feature","geometry":{"type":"Point","coordinates":[-6.387792,36.636]},"properties":{"id":"VUT/CA/19994","type":"VUT","group":"Completa","address":"AVENIDA DE LOS PRINCIPES DE ESPAÑA Nº 224 Plta/Piso B Pta/Letra F Compl.Dom. EDIFICIO MAISOL, piso B, puerta F","postal_code":"11520","places":5,"units":2,"registered":"2024-03-15","catastro":"3878101QA3537H0031LY","holder":null,"holder_count":null}},{"type":"Feature","geometry":{"type":"Point","coordinates":[-6.387792,36.636]},"properties":{"id":"VUT/CA/19995","type":"VUT","group":"Completa","address":"AVENIDA DE LOS PRINCIPES DE ESPAÑA Nº 224 Plta/Piso B Pta/Letra F Compl.Dom. EDIFICIO MAISOL, piso B, puerta F","postal_code":"11520","places":5,"units":2,"registered":"2024-03-15","catastro":"3878101QA3537H0031LY","holder":null,"holder_count":null}},{"type":"Feature","geometry":{"type":"Point","coordinates":[-6.418933,36.69141]},"properties":{"id":"VUT/CA/19997","type":"VUT","group":"Completa","address":"AVENIDA PEZ ESPADA Nº 9 Blq. 7 Plta/Piso 1 Pta/Letra 22 Compl.Dom. EDIFICIO PLAZA DEL MAR, piso 1, puerta 22","postal_code":"11520","places":5,"units":2,"registered":"2024-03-16","catastro":"0539701QA3603N0022WW","holder":null,"holder_count":null}},{"type":"Feature","geometry":{"type":"Point","coordinates":[-6.364514,36.62442]},"properties":{"id":"VUT/CA/20020","type":"VUT","group":"Completa","address":"CALLE ROSALÍA DE CASTRO Nº 1","postal_code":"11520","places":6,"units":2,"registered":"2024-03-19","catastro":"5766305QA3556F0001IR","holder":null,"holder_count":null}},{"type":"Feature","geometry":{"type":"Point","coordinates":[-6.357329,36.619999]},"properties":{"id":"VUT/CA/20022","type":"VUT","group":"Completa","address":"CALLE VERACUZ Nº 28 Compl.Dom. BAJO","postal_code":"11520","places":4,"units":1,"registered":"2024-03-19","catastro":"6461411QA3566A0003UA","holder":"PREVISION DE VIVIENDAS PARA SOCIOS","holder_count":1}},{"type":"Feature","geometry":{"type":"Point","coordinates":[-6.41698,36.691498]},"properties":{"id":"VUT/CA/20026","type":"VUT","group":"Completa","address":"CALLE BOQUERON Nº 2 Blq. 2 Esc. 5 Plta/Piso 2 Pta/Letra D Compl.Dom. EDIFICIO VISTAZUL, piso 2, puerta D","postal_code":"11520","places":8,"units":4,"registered":"2024-03-19","catastro":"0739601QA3604S0076ZB","holder":"COMERCIAL DEVESA SANZ S.L","holder_count":1}},{"type":"Feature","geometry":{"type":"Point","coordinates":[-6.41441,36.693807]},"properties":{"id":"VUT/CA/20027","type":"VUT","group":"Completa","address":"AVENIDA JOSE RODRIGUEZ DE LA BORBOLLA Nº 4 Compl.Dom. URBANIZACION ALCA GOLF CASA Nº3","postal_code":"11520","places":6,"units":3,"registered":"2024-03-19","catastro":"1045101QA3614S0135DZ","holder":null,"holder_count":null}},{"type":"Feature","geometry":{"type":"Point","coordinates":[-6.35933,36.618218]},"properties":{"id":"VUT/CA/20031","type":"VUT","group":"Completa","address":"CALLE Blas Infante Nº 22 Plta/Piso 1 Pta/Letra E Compl.Dom. Número 22 de la calle pero entrada por Blas Infante 20, piso 1, puerta E","postal_code":"11520","places":6,"units":2,"registered":"2024-03-19","catastro":"6260536QA3566A0012GJ","holder":null,"holder_count":null}},{"type":"Feature","geometry":{"type":"Point","coordinates":[-6.38803,36.637461]},"properties":{"id":"VUT/CA/20033","type":"VUT","group":"Completa","address":"AVENIDA JOAQUÍN SABINA Nº 3 Esc. 2 Plta/Piso 1 Pta/Letra C, piso 1, puerta C","postal_code":"11520","places":6,"units":2,"registered":"2024-03-19","catastro":"3680303QA3538S0159SK","holder":null,"holder_count":null}},{"type":"Feature","geometry":{"type":"Point","coordinates":[-6.368708,36.627968]},"properties":{"id":"VUT/CA/20035","type":"VUT","group":"Completa","address":"CALLE RACILLO Plta/Piso ATICO Pta/Letra L, piso ATICO, puerta L","postal_code":"11520","places":6,"units":2,"registered":"2024-03-19","catastro":"5457101QA3557S0059QY","holder":null,"holder_count":null}},{"type":"Feature","geometry":{"type":"Point","coordinates":[-6.358649,36.626014]},"properties":{"id":"VUT/CA/20047","type":"VUT","group":"Completa","address":"CALLE SAN JUAN BOSCO Nº 5 Plta/Piso 2 Pta/Letra B, piso 2, puerta B","postal_code":"11520","places":4,"units":2,"registered":"2024-03-20","catastro":"6368405QA3566G0023FP","holder":null,"holder_count":null}},{"type":"Feature","geometry":{"type":"Point","coordinates":[-6.373685,36.626372]},"properties":{"id":"VUT/CA/20050","type":"VUT","group":"Completa","address":"CALLE Juan de la Cosa Nº 1 Blq. 1 Plta/Piso Bajo Pta/Letra L, piso Bajo, puerta L","postal_code":"11520","places":7,"units":3,"registered":"2024-03-21","catastro":"4969515QA3546H0013TR","holder":null,"holder_count":null}},{"type":"Feature","geometry":{"type":"Point","coordinates":[-6.379975,36.632633]},"properties":{"id":"VUT/CA/20051","type":"VUT","group":"Completa","address":"CALLE SAETERO FERNANDO BARRIENTO RUIZ Nº 17 Esc. 1 Plta/Piso 1 Pta/Letra 10 Compl.Dom. URBANIZACION BARLOVENTO, piso 1, puerta 10","postal_code":"11520","places":4,"units":2,"registered":"2024-03-21","catastro":"4475804QA3547N0105ZR","holder":null,"holder_count":null}},{"type":"Feature","geometry":{"type":"Point","coordinates":[-6.417891,36.689801]},"properties":{"id":"VUT/CA/20053","type":"VUT","group":"Completa","address":"AVENIDA Pez Espada Nº 3 Blq. 1 Pta/Letra C, puerta C","postal_code":"11520","places":3,"units":2,"registered":"2024-03-21","catastro":"0737202QA3603N0011EJ","holder":null,"holder_count":null}},{"type":"Feature","geometry":{"type":"Point","coordinates":[-6.418933,36.69141]},"properties":{"id":"VUT/CA/20071","type":"VUT","group":"Completa","address":"AVENIDA PEZ ESPADA Nº 9 Portal 9 Plta/Piso 2 Pta/Letra 8 Compl.Dom. URBANIZACION PLAZA DE MAR, piso 2, puerta 8","postal_code":"11520","places":2,"units":2,"registered":"2024-03-22","catastro":"0539701QA3603N0032OO","holder":null,"holder_count":null}},{"type":"Feature","geometry":{"type":"Point","coordinates":[-6.402517,36.677313]},"properties":{"id":"VUT/CA/20107","type":"VUT","group":"Completa","address":"AVENIDA CARLA DE ORLEANS Nº 4 Blq. 2 Portal 1 Plta/Piso BAJO Pta/Letra B, piso BAJO, puerta B","postal_code":"11520","places":6,"units":3,"registered":"2024-03-27","catastro":"2224802QA3622S0057IR","holder":null,"holder_count":null}},{"type":"Feature","geometry":{"type":"Point","coordinates":[-6.389067,36.638128]},"properties":{"id":"VUT/CA/20128","type":"VUT","group":"Completa","address":"CALLE ALMUDENA GRANDES Nº 2 Esc. 3 Plta/Piso 2 Pta/Letra A Compl.Dom. RESIDENCIAL PUNTA CANDOR, piso 2, puerta A","postal_code":"11520","places":4,"units":2,"registered":"2024-03-29","catastro":"3680313QA3538S0148ZP","holder":"STAYCARE SLU","holder_count":5}},{"type":"Feature","geometry":{"type":"Point","coordinates":[-6.356857,36.623029]},"properties":{"id":"VUT/CA/20147","type":"VUT","group":"Completa","address":"CALLE CALVARIO Nº 30 Pta/Letra 5, puerta 5","postal_code":"11520","places":3,"units":1,"registered":"2024-04-02","catastro":"6464411QA3566C0006WO","holder":"MOJUCADA.CB","holder_count":1}},{"type":"Feature","geometry":{"type":"Point","coordinates":[-6.41736,36.69058]},"properties":{"id":"VUT/CA/20151","type":"VUT","group":"Completa","address":"AVENIDA MARINERO Nº 1 Blq. C Plta/Piso 2 Pta/Letra 4, piso 2, puerta 4","postal_code":"11520","places":4,"units":2,"registered":"2024-04-02","catastro":"0738801QA3603N0076QK","holder":null,"holder_count":null}},{"type":"Feature","geometry":{"type":"Point","coordinates":[-6.418933,36.69141]},"properties":{"id":"VUT/CA/20161","type":"VUT","group":"Completa","address":"CALLE PEZ ESPADA Nº 9 Plta/Piso 1 Pta/Letra 10, piso 1, puerta 10","postal_code":"11520","places":5,"units":2,"registered":"2024-04-03","catastro":"0539701QA3603N0011JJ","holder":null,"holder_count":null}},{"type":"Feature","geometry":{"type":"Point","coordinates":[-6.356128,36.624463]},"properties":{"id":"VUT/CA/20175","type":"VUT","group":"Completa","address":"CALLE CALVARIO Nº 68 Plta/Piso 1 Pta/Letra A, piso 1, puerta A","postal_code":"11520","places":4,"units":2,"registered":"2024-04-04","catastro":"6566656QA3566F0011SG","holder":null,"holder_count":null}},{"type":"Feature","geometry":{"type":"Point","coordinates":[-6.359219,36.617383]},"properties":{"id":"VUT/CA/20199","type":"VUT","group":"Completa","address":"CALLE FERMIN SALVOHEA Nº 2-4 Plta/Piso 1 Pta/Letra 5, piso 1, puerta 5","postal_code":"11520","places":8,"units":3,"registered":"2024-04-07","catastro":"6258305QA3565G0005JR","holder":null,"holder_count":null}},{"type":"Feature","geometry":{"type":"Point","coordinates":[-6.358502,36.61805]},"properties":{"id":"VUT/CA/20210","type":"VUT","group":"Completa","address":"CALLE Gomez Ulla Nº 3","postal_code":"11520","places":4,"units":2,"registered":"2024-04-08","catastro":"6359903QA3565G0001HM","holder":null,"holder_count":null}},{"type":"Feature","geometry":{"type":"Point","coordinates":[-6.34992,36.625548]},"properties":{"id":"VUT/CA/20215","type":"VUT","group":"Completa","address":"CALLE Saeteros Roteños Nº 2 Blq. 6 Plta/Piso Bajo Pta/Letra D, piso Bajo, puerta D","postal_code":"11520","places":6,"units":3,"registered":"2024-04-08","catastro":"7168802QA3576G0020YA","holder":null,"holder_count":null}},{"type":"Feature","geometry":{"type":"Point","coordinates":[-6.360062,36.618227]},"properties":{"id":"VUT/CA/20224","type":"VUT","group":"Completa","address":"CALLE PRIM Nº 24 Esc. 1 Plta/Piso 1 Pta/Letra 4, piso 1, puerta 4","postal_code":"11520","places":6,"units":3,"registered":"2024-04-09","catastro":"6160416QA3566A0001MO","holder":null,"holder_count":null}},{"type":"Feature","geometry":{"type":"Point","coordinates":[-6.41698,36.691498]},"properties":{"id":"VUT/CA/20261","type":"VUT","group":"Completa","address":"CALLE PARGO Nº 3 Esc. 5 Plta/Piso 2 Pta/Letra B, piso 2, puerta B","postal_code":"11520","places":5,"units":2,"registered":"2024-04-12","catastro":"0739601QA3604S0074LK","holder":null,"holder_count":null}},{"type":"Feature","geometry":{"type":"Point","coordinates":[-6.352686,36.624148]},"properties":{"id":"VUT/CA/20268","type":"VUT","group":"Completa","address":"CALLE RECAREDO Nº 1 Plta/Piso 2 Pta/Letra B, piso 2, puerta B","postal_code":"11520","places":2,"units":3,"registered":"2024-04-14","catastro":"6866901QA3566F0006YD","holder":null,"holder_count":null}},{"type":"Feature","geometry":{"type":"Point","coordinates":[-6.385696,36.631276]},"properties":{"id":"VUT/CA/20270","type":"VUT","group":"Completa","address":"CALLE GRANAINA Blq. 3 Portal E Esc. 9 Plta/Piso 2 Pta/Letra 1, piso 2, puerta 1","postal_code":"11520","places":4,"units":2,"registered":"2024-04-14","catastro":"4038101QA3643G0029EI","holder":null,"holder_count":null}},{"type":"Feature","geometry":{"type":"Point","coordinates":[-6.412443,36.692825]},"properties":{"id":"VUT/CA/20302","type":"VUT","group":"Completa","address":"AVENIDA JUAN CARLOS I Nº 8 Blq. 5 Pta/Letra 12 Compl.Dom. CASA 12, puerta 12","postal_code":"11520","places":6,"units":3,"registered":"2024-04-17","catastro":"1045103QA3614S0124MD","holder":null,"holder_count":null}},{"type":"Feature","geometry":{"type":"Point","coordinates":[-6.364692,36.626318]},"properties":{"id":"VUT/CA/20312","type":"VUT","group":"Completa","address":"AVENIDA MARIA AUXILIADORA Nº 63 Plta/Piso 4 Pta/Letra B, piso 4, puerta B","postal_code":"11520","places":6,"units":2,"registered":"2024-04-17","catastro":"5768903QA3556H0050SP","holder":null,"holder_count":null}},{"type":"Feature","geometry":{"type":"Point","coordinates":[-6.404813,36.682303]},"properties":{"id":"VUT/CA/20323","type":"VUT","group":"Completa","address":"AVENIDA Reina Sofia Nº 15 Blq. 2 Portal 2 Plta/Piso 2 Pta/Letra C, piso 2, puerta C","postal_code":"11520","places":6,"units":2,"registered":"2024-04-18","catastro":"1931102QA3612N0233AE","holder":null,"holder_count":null}},{"type":"Feature","geometry":{"type":"Point","coordinates":[-6.35773,36.625861]},"properties":{"id":"VUT/CA/20356","type":"VUT","group":"Completa","address":"AVENIDA SAN FERNANDO Nº 80 Plta/Piso 3 Pta/Letra D, piso 3, puerta D","postal_code":"11520","places":6,"units":3,"registered":"2024-04-21","catastro":"6467146QA3566E0016HA","holder":null,"holder_count":null}},{"type":"Feature","geometry":{"type":"Point","coordinates":[-6.41375,36.684835]},"properties":{"id":"VUT/CA/20385","type":"VUT","group":"Completa","address":"CALLE peña del aguila Nº 6 Compl.Dom. casa numero 15, residencial marina golf, urbanizacion costa ballena","postal_code":"11520","places":6,"units":3,"registered":"2024-04-23","catastro":"1131401QA3613s0232IR","holder":null,"holder_count":null}},{"type":"Feature","geometry":{"type":"Point","coordinates":[-6.366536,36.62923]},"properties":{"id":"VUT/CA/20390","type":"VUT","group":"Completa","address":"AVENIDA de la Libertad Nº 7 Blq. 2 Esc. 3 Plta/Piso 0 Pta/Letra B, piso 0, puerta B","postal_code":"11520","places":5,"units":2,"registered":"2024-04-24","catastro":"5671101QA3557S0058QT","holder":null,"holder_count":null}},{"type":"Feature","geometry":{"type":"Point","coordinates":[-6.40806,36.693908]},"properties":{"id":"VUT/CA/20403","type":"VUT","group":"Completa","address":"CALLE AZAHAR Nº 1 Pta/Letra 3 Compl.Dom. RES. \"TORRES DEL ATLÁNTICO\", puerta 3","postal_code":"11520","places":6,"units":3,"registered":"2024-04-24","catastro":"1643601QA3614S0003KK","holder":"ARQUITECTOS TÉCNICOS DEL SUR SL","holder_count":1}},{"type":"Feature","geometry":{"type":"Point","coordinates":[-6.367837,36.629414]},"properties":{"id":"VUT/CA/20419","type":"VUT","group":"Completa","address":"CALLE CURA VARGAS Nº 8 Blq. 1 Portal 2 Plta/Piso 2 Pta/Letra F Compl.Dom. PLAZA DE GARAJE NÚMERO 41, piso 2, puerta F","postal_code":"11520","places":4,"units":1,"registered":"2024-04-25","catastro":"5471104QA3557S0155ZT","holder":null,"holder_count":null}},{"type":"Feature","geometry":{"type":"Point","coordinates":[-6.386006,36.632239]},"properties":{"id":"VUT/CA/20422","type":"VUT","group":"Completa","address":"CALLE DE LA SOLEA Nº 8 Blq. 18 Esc. B Plta/Piso BAJO Pta/Letra 3 Compl.Dom. IZQUIERDA, piso BAJO, puerta 3","postal_code":"11520","places":4,"units":1,"registered":"2024-04-25","catastro":"4038104QA3643G0036AS","holder":null,"holder_count":null}},{"type":"Feature","geometry":{"type":"Point","coordinates":[-6.363557,36.620561]},"properties":{"id":"VUT/CA/20433","type":"VUT","group":"Completa","address":"CALLE CALLE SAN JOSE Nº 6 Plta/Piso 3 Pta/Letra A, piso 3, puerta A","postal_code":"11520","places":4,"units":2,"registered":"2024-04-26","catastro":"5862223QA3556B0030SA","holder":"SAIPA RECYCLING SL","holder_count":1}},{"type":"Feature","geometry":{"type":"Point","coordinates":[-6.363046,36.622513]},"properties":{"id":"VUT/CA/20436","type":"VUT","group":"Completa","address":"CALLE TOLEDO Nº 24","postal_code":"11520","places":8,"units":4,"registered":"2024-04-26","catastro":"5963211QA3556D0001MO","holder":null,"holder_count":null}},{"type":"Feature","geometry":{"type":"Point","coordinates":[-6.410991,36.691478]},"properties":{"id":"VUT/CA/20448","type":"VUT","group":"Completa","address":"AVENIDA Reina Sofia Nº 1 Blq. 2 Portal 5 Plta/Piso bajo Pta/Letra D, piso bajo, puerta D","postal_code":"11520","places":4,"units":2,"registered":"2024-04-28","catastro":"1339401QA3613N0148LY","holder":null,"holder_count":null}},{"type":"Feature","geometry":{"type":"Point","coordinates":[-6.36532,36.62075]},"properties":{"id":"VUT/CA/20562","type":"VUT","group":"Completa","address":"CALLE SANTA MARTA Nº 3 Blq. B Plta/Piso 2 Pta/Letra C, piso 2, puerta C","postal_code":"11520","places":4,"units":2,"registered":"2024-05-08","catastro":"5762901QA3556B0026KP","holder":null,"holder_count":null}},{"type":"Feature","geometry":{"type":"Point","coordinates":[-6.369591,36.622514]},"properties":{"id":"VUT/CA/20570","type":"VUT","group":"Completa","address":"CALLE SEVILLA VIRGEN Nº 8 Blq. 8 Esc. 1 Plta/Piso 2 Pta/Letra D, piso 2, puerta D","postal_code":"11520","places":4,"units":2,"registered":"2024-05-08","catastro":"5463202QA3556C0138JI","holder":"STAYCARE SLU","holder_count":5}},{"type":"Feature","geometry":{"type":"Point","coordinates":[-6.357432,36.620985]},"properties":{"id":"VUT/CA/20612","type":"VUT","group":"Completa","address":"CALLE VERACRUZ Nº 47 Plta/Piso 0 Pta/Letra D, piso 0, puerta D","postal_code":"11520","places":4,"units":1,"registered":"2024-05-12","catastro":"6463732QA3566C0006YO","holder":null,"holder_count":null}},{"type":"Feature","geometry":{"type":"Point","coordinates":[-6.410819,36.688887]},"properties":{"id":"VUT/CA/20616","type":"VUT","group":"Completa","address":"AVENIDA REINA SOFIA Nº 5 Blq. 2 Plta/Piso 3 Pta/Letra 2, piso 3, puerta 2","postal_code":"11550","places":5,"units":2,"registered":"2024-05-12","catastro":"1436301QA3613N0053FT","holder":null,"holder_count":null}},{"type":"Feature","geometry":{"type":"Point","coordinates":[-6.410991,36.691478]},"properties":{"id":"VUT/CA/20622","type":"VUT","group":"Por habitaciones","address":"AVENIDA REINA SOFÍA Nº 1 Portal 6 Plta/Piso 1 Pta/Letra A Compl.Dom. URBANIZACIÓN LAS DUNAS (COSTABALLENA), piso 1, puerta A","postal_code":"11520","places":6,"units":2,"registered":"2024-05-13","catastro":"1339401QA3613N0163TG","holder":null,"holder_count":null}},{"type":"Feature","geometry":{"type":"Point","coordinates":[-6.367044,36.621649]},"properties":{"id":"VUT/CA/20643","type":"VUT","group":"Completa","address":"CALLE DOCTOR GONZALEZ MENESES Nº 7 Plta/Piso 4 Pta/Letra DERCHA, piso 4, puerta DERCHA","postal_code":"11520","places":6,"units":3,"registered":"2024-05-14","catastro":"5663701QA3556D0037ID","holder":null,"holder_count":null}},{"type":"Feature","geometry":{"type":"Point","coordinates":[-6.368412,36.625091]},"properties":{"id":"VUT/CA/20663","type":"VUT","group":"Completa","address":"CALLE Los Palacios Nº 22","postal_code":"11520","places":10,"units":4,"registered":"2024-05-15","catastro":"5467911QA3556E0001LK","holder":null,"holder_count":null}},{"type":"Feature","geometry":{"type":"Point","coordinates":[-6.389067,36.638128]},"properties":{"id":"VUT/CA/20672","type":"VUT","group":"Completa","address":"AVENIDA POETA GARCIA Nº 2 Blq. 1 Plta/Piso 2 Pta/Letra G, piso 2, puerta G","postal_code":"11520","places":4,"units":2,"registered":"2024-05-15","catastro":"3680313QA3538S0220WF","holder":"staycare slu","holder_count":1}},{"type":"Feature","geometry":{"type":"Point","coordinates":[-6.362432,36.623289]},"properties":{"id":"VUT/CA/20677","type":"VUT","group":"Completa","address":"CALLE MANUEL DE FALLA Nº 4 Plta/Piso 1 Pta/Letra 1, piso 1, puerta 1","postal_code":"11520","places":8,"units":3,"registered":"2024-05-16","catastro":"5965501QA3556F0001TR","holder":null,"holder_count":null}},{"type":"Feature","geometry":{"type":"Point","coordinates":[-6.362432,36.623289]},"properties":{"id":"VUT/CA/20678","type":"VUT","group":"Completa","address":"CALLE manuel de falla Nº 4 Plta/Piso 1 Pta/Letra 1 Compl.Dom. rota centro, piso 1, puerta 1","postal_code":"11520","places":4,"units":3,"registered":"2024-05-16","catastro":"5965501QA3556F0001TR","holder":null,"holder_count":null}},{"type":"Feature","geometry":{"type":"Point","coordinates":[-6.402517,36.677313]},"properties":{"id":"VUT/CA/20687","type":"VUT","group":"Completa","address":"AVENIDA CARLA DE ORLEANS Nº 4 Blq. 1 Portal 1 Plta/Piso 1 Pta/Letra D, piso 1, puerta D","postal_code":"11550","places":6,"units":3,"registered":"2024-05-16","catastro":"2224802QA3622S0010LG","holder":null,"holder_count":null}},{"type":"Feature","geometry":{"type":"Point","coordinates":[-6.389067,36.638128]},"properties":{"id":"VUT/CA/20693","type":"VUT","group":"Completa","address":"AVENIDA JOAQUIN SABINA Nº 7 Esc. 3 Plta/Piso 1 Pta/Letra C, piso 1, puerta C","postal_code":"11520","places":4,"units":2,"registered":"2024-05-17","catastro":"3680313QA3538S0308XA","holder":"STAYCARE, S.L.U.","holder_count":21}},{"type":"Feature","geometry":{"type":"Point","coordinates":[-6.36532,36.62075]},"properties":{"id":"VUT/CA/20702","type":"VUT","group":"Completa","address":"CALLE SANTA MARTA Nº 2 Blq. B Plta/Piso 2 Pta/Letra D, piso 2, puerta D","postal_code":"11520","places":6,"units":3,"registered":"2024-05-18","catastro":"5762901QA3556B0027LA","holder":null,"holder_count":null}},{"type":"Feature","geometry":{"type":"Point","coordinates":[-6.38803,36.637461]},"properties":{"id":"VUT/CA/20712","type":"VUT","group":"Completa","address":"AVENIDA ESCRITORA ALMUDENA GRANDES Nº 2 Esc. 5 Plta/Piso 3 Pta/Letra B, piso 3, puerta B","postal_code":"11520","places":7,"units":3,"registered":"2024-05-19","catastro":"3680303QA3538S0204ZR","holder":null,"holder_count":null}},{"type":"Feature","geometry":{"type":"Point","coordinates":[-6.358874,36.617832]},"properties":{"id":"VUT/CA/20716","type":"VUT","group":"Completa","address":"CALLE DOCTOR GÓMEZ ULLA Nº 9 Esc. 2 Pta/Letra B, puerta B","postal_code":"11520","places":4,"units":1,"registered":"2024-05-20","catastro":"6359801QA3565G0010MY","holder":null,"holder_count":null}},{"type":"Feature","geometry":{"type":"Point","coordinates":[-6.360573,36.625264]},"properties":{"id":"VUT/CA/20725","type":"VUT","group":"Completa","address":"AVENIDA PRINCIPES DE ESPAÑA Nº 16 Portal 1 Plta/Piso 2 Pta/Letra D, piso 2, puerta D","postal_code":"11520","places":4,"units":1,"registered":"2024-05-20","catastro":"6167912QA3566E0017OS","holder":null,"holder_count":null}},{"type":"Feature","geometry":{"type":"Point","coordinates":[-6.369188,36.627187]},"properties":{"id":"VUT/CA/20769","type":"VUT","group":"Completa","address":"AVENIDA VALDECARRETAS Nº 1 Blq. 1 Esc. 2 Plta/Piso 1 Pta/Letra 16 Compl.Dom. RESIDENCIAL VALDECARRETAS, piso 1, puerta 16","postal_code":"11520","places":6,"units":2,"registered":"2024-05-23","catastro":"5369101QA3556N0283YW","holder":null,"holder_count":null}},{"type":"Feature","geometry":{"type":"Point","coordinates":[-6.365822,36.620998]},"properties":{"id":"VUT/CA/20770","type":"VUT","group":"Completa","address":"CALLE ECIJA Nº 2 Portal A Plta/Piso 1 Pta/Letra B, piso 1, puerta B","postal_code":"11520","places":12,"units":3,"registered":"2024-05-23","catastro":"5762101QA3556B0014MQ","holder":null,"holder_count":null}},{"type":"Feature","geometry":{"type":"Point","coordinates":[-6.366218,36.621326]},"properties":{"id":"VUT/CA/20771","type":"VUT","group":"Completa","address":"CALLE Córdoba Nº 8 Plta/Piso 2 Pta/Letra D, piso 2, puerta D","postal_code":"11520","places":6,"units":3,"registered":"2024-05-23","catastro":"5663703QA3556D0008YH","holder":null,"holder_count":null}},{"type":"Feature","geometry":{"type":"Point","coordinates":[-6.412747,36.694278]},"properties":{"id":"VUT/CA/20807","type":"VUT","group":"Completa","address":"AVENIDA TORREBREVA Nº 3 Blq. 22 Compl.Dom. UNIFAMILIAR 22","postal_code":"11520","places":10,"units":3,"registered":"2024-05-26","catastro":"1045102QA3614S0125GF","holder":null,"holder_count":null}},{"type":"Feature","geometry":{"type":"Point","coordinates":[-6.364246,36.626484]},"properties":{"id":"VUT/CA/20808","type":"VUT","group":"Completa","address":"AVENIDA Maria Auxiliadora Blq. 68 Plta/Piso 3 Pta/Letra C Compl.Dom. CL MARIA AUXILIADORA 68, 3C (ACTUALMENTE NUMERO 84 3C), piso 3, puerta C","postal_code":"11520","places":7,"units":3,"registered":"2024-05-26","catastro":"5869702QA3556H0011AY","holder":null,"holder_count":null}},{"type":"Feature","geometry":{"type":"Point","coordinates":[-6.417473,36.6891]},"properties":{"id":"VUT/CA/20818","type":"VUT","group":"Completa","address":"AVENIDA DEL MAR Nº 2","postal_code":"11520","places":4,"units":2,"registered":"2024-05-27","catastro":"0736901QA3603N0363JJ","holder":"CUPO JM 2008 SL","holder_count":1}},{"type":"Feature","geometry":{"type":"Point","coordinates":[-6.362779,36.619656]},"properties":{"id":"VUT/CA/20838","type":"VUT","group":"Completa","address":"PLAZA JESÚS NAZARENO Nº 3 Blq. 2 Plta/Piso 2 Pta/Letra G Compl.Dom. EDIFICIO LAS ARENAS, piso 2, puerta G","postal_code":"11520","places":6,"units":3,"registered":"2024-05-28","catastro":"5861321QA3556B0022AY","holder":null,"holder_count":null}},{"type":"Feature","geometry":{"type":"Point","coordinates":[-6.389067,36.638128]},"properties":{"id":"VUT/CA/20850","type":"VUT","group":"Completa","address":"AVENIDA JOAQUÍN SABINA Nº 7 Esc. 4 Plta/Piso 1 Pta/Letra D, piso 1, puerta D","postal_code":"11520","places":5,"units":2,"registered":"2024-05-28","catastro":"3680313QA3538S0195UL","holder":null,"holder_count":null}},{"type":"Feature","geometry":{"type":"Point","coordinates":[-6.361707,36.619179]},"properties":{"id":"VUT/CA/20886","type":"VUT","group":"Completa","address":"CALLE Santa Maria del Mar Nº 14 Plta/Piso 3 Compl.Dom. Rota, piso 3","postal_code":"11520","places":8,"units":3,"registered":"2024-05-30","catastro":"6061618QA3566A0013WK","holder":null,"holder_count":null}},{"type":"Feature","geometry":{"type":"Point","coordinates":[-6.408232,36.691285]},"properties":{"id":"VUT/CA/20918","type":"VUT","group":"Completa","address":"CALLE Tehigo Nº 2 Blq. 4 Pta/Letra 11 Compl.Dom. Urbanización Ballena Golf, puerta 11","postal_code":"11520","places":4,"units":2,"registered":"2024-06-03","catastro":"1640802QA3613N0097KF","holder":null,"holder_count":null}},{"type":"Feature","geometry":{"type":"Point","coordinates":[-6.358032,36.622022]},"properties":{"id":"VUT/CA/20966","type":"VUT","group":"Completa","address":"CALLE PROGRESO Nº 7 Plta/Piso 0 Pta/Letra IZQ, piso 0, puerta IZQ","postal_code":"11520","places":4,"units":1,"registered":"2024-06-06","catastro":"6363917QA3566C0008SA","holder":null,"holder_count":null}},{"type":"Feature","geometry":{"type":"Point","coordinates":[-6.358905,36.62442]},"properties":{"id":"VUT/CA/21028","type":"VUT","group":"Completa","address":"CALLE JUAN ECHEGARAY Blq. 5 Plta/Piso BAJO Pta/Letra C, piso BAJO, puerta C","postal_code":"11520","places":6,"units":3,"registered":"2024-06-11","catastro":"6366101QA3566E0046LO","holder":null,"holder_count":null}},{"type":"Feature","geometry":{"type":"Point","coordinates":[-6.413601,36.690643]},"properties":{"id":"VUT/CA/21052","type":"VUT","group":"Completa","address":"CALLE AGUA, AZUCARILLO Y AGUARDIENTE Nº 2 Blq. B Plta/Piso 1 Pta/Letra E, piso 1, puerta E","postal_code":"11520","places":6,"units":3,"registered":"2024-06-12","catastro":"1138301QA3613N0075KZ","holder":"OLE SOLUTIONS HOLIDAY RENTALS S.L.","holder_count":4}},{"type":"Feature","geometry":{"type":"Point","coordinates":[-6.3557,36.624668]},"properties":{"id":"VUT/CA/21068","type":"VUT","group":"Por habitaciones","address":"CALLE Nuestra Señora de los Remedios Nº 6 Plta/Piso Baja Pta/Letra 3, piso Baja, puerta 3","postal_code":"11520","places":6,"units":2,"registered":"2024-06-13","catastro":"6566622QA3566F0004DA","holder":null,"holder_count":null}},{"type":"Feature","geometry":{"type":"Point","coordinates":[-6.377467,36.630435]},"properties":{"id":"VUT/CA/21069","type":"VUT","group":"Completa","address":"CALLE Playa de Punta Candor Km 0 Calif.Nº 0 Blq. 0 Portal 17 Esc. 0 Plta/Piso 0 Pta/Letra 0, piso 0, puerta 0","postal_code":"11520","places":14,"units":3,"registered":"2024-06-13","catastro":"4673126QA3547S0001ST","holder":null,"holder_count":null}},{"type":"Feature","geometry":{"type":"Point","coordinates":[-6.362344,36.622816]},"properties":{"id":"VUT/CA/21093","type":"VUT","group":"Completa","address":"AVENIDA de la marina Nº 23 Plta/Piso 1 Pta/Letra A, piso 1, puerta A","postal_code":"11520","places":4,"units":1,"registered":"2024-06-16","catastro":"6064802QA3566C0008ZA","holder":null,"holder_count":null}},{"type":"Feature","geometry":{"type":"Point","coordinates":[-6.418506,36.690834]},"properties":{"id":"VUT/CA/21102","type":"VUT","group":"Completa","address":"CALLE BOGAVANTE Nº 2 Portal 2 Plta/Piso 2 Pta/Letra A, piso 2, puerta A","postal_code":"11520","places":6,"units":2,"registered":"2024-06-17","catastro":"0638901QA3603N0104AH","holder":null,"holder_count":null}},{"type":"Feature","geometry":{"type":"Point","coordinates":[-6.417473,36.6891]},"properties":{"id":"VUT/CA/21151","type":"VUT","group":"Completa","address":"AVENIDA Del mar Nº 2 Portal 10 Plta/Piso 2 Pta/Letra C, piso 2, puerta C","postal_code":"11520","places":5,"units":3,"registered":"2024-06-20","catastro":"0736901QA3603N0456HH","holder":null,"holder_count":null}},{"type":"Feature","geometry":{"type":"Point","coordinates":[-6.41375,36.684835]},"properties":{"id":"VUT/CA/21164","type":"VUT","group":"Completa","address":"CALLE PEÑA DEL ÁGUILA Nº 6 Compl.Dom. URBANIZACIÓN MARINA GOLF VIVIENDA 57","postal_code":"11520","places":4,"units":2,"registered":"2024-06-20","catastro":"1131401QA3613S0057ZJ","holder":null,"holder_count":null}},{"type":"Feature","geometry":{"type":"Point","coordinates":[-6.380546,36.628838]},"properties":{"id":"VUT/CA/21189","type":"VUT","group":"Completa","address":"AVENIDA ALCALDE ANTONIO GARCIA DE QUIROS Nº 2 Portal 1 Plta/Piso 1 Pta/Letra A Compl.Dom. RESIDENCIAL EL NARANJAL, piso 1, puerta A","postal_code":"11520","places":8,"units":2,"registered":"2024-06-24","catastro":"4472906QA3547A0027KG","holder":null,"holder_count":null}},{"type":"Feature","geometry":{"type":"Point","coordinates":[-6.358358,36.6185]},"properties":{"id":"VUT/CA/21199","type":"VUT","group":"Completa","address":"PLAZA de Andalucia Nº 5 Calif.Nº H Plta/Piso 3 Pta/Letra Derecha Compl.Dom. Parte de casa H, piso 3, puerta Derecha","postal_code":"11520","places":5,"units":2,"registered":"2024-06-25","catastro":"6359109QA3565G0005LR","holder":null,"holder_count":null}},{"type":"Feature","geometry":{"type":"Point","coordinates":[-6.3557,36.624668]},"properties":{"id":"VUT/CA/21206","type":"VUT","group":"Por habitaciones","address":"CALLE Nuestra Señora de los Remedios Nº 6 Plta/Piso Baja Pta/Letra 3, piso Baja, puerta 3","postal_code":"11520","places":6,"units":2,"registered":"2024-06-25","catastro":"6566622QA3566F0004DA","holder":null,"holder_count":null}},{"type":"Feature","geometry":{"type":"Point","coordinates":[-6.359798,36.619402]},"properties":{"id":"VUT/CA/21210","type":"VUT","group":"Por habitaciones","address":"CALLE CALLE ALCALDE GARCIA SANCHEZ Nº 9 Portal 2 Plta/Piso BAJO Pta/Letra IZQ, piso BAJO, puerta IZQ","postal_code":"11520","places":6,"units":3,"registered":"2024-06-25","catastro":"6161516QA3566A0001OO","holder":"CANTURENA, S.L.","holder_count":1}},{"type":"Feature","geometry":{"type":"Point","coordinates":[-6.417473,36.6891]},"properties":{"id":"VUT/CA/21221","type":"VUT","group":"Completa","address":"CALLE AVENIDA DEL MAR Nº 2 Blq. 3 Plta/Piso BAJO Pta/Letra A, piso BAJO, puerta A","postal_code":"11520","places":6,"units":2,"registered":"2024-06-25","catastro":"0736901QA3603N0351II","holder":null,"holder_count":null}},{"type":"Feature","geometry":{"type":"Point","coordinates":[-6.356408,36.622752]},"properties":{"id":"VUT/CA/21229","type":"VUT","group":"Completa","address":"CALLE GARCIA DE SOLA Nº 6","postal_code":"11520","places":6,"units":2,"registered":"2024-06-26","catastro":"6564202QA3566D0001LD","holder":null,"holder_count":null}},{"type":"Feature","geometry":{"type":"Point","coordinates":[-6.406291,36.676077]},"properties":{"id":"VUT/CA/21273","type":"VUT","group":"Completa","address":"AVENIDA Reina Sofia Nº 18 Esc. 6 Plta/Piso 0 Pta/Letra D, piso 0, puerta D","postal_code":"11520","places":4,"units":2,"registered":"2024-06-30","catastro":"1820801QA3612S0282OX","holder":null,"holder_count":null}},{"type":"Feature","geometry":{"type":"Point","coordinates":[-6.363102,36.624125]},"properties":{"id":"VUT/CA/21281","type":"VUT","group":"Completa","address":"CALLE MARIA AUXILIADORA Nº 76 Plta/Piso 1 Pta/Letra A Compl.Dom. EDIFICIO VALLADOLID, piso 1, puerta A","postal_code":"11520","places":7,"units":3,"registered":"2024-07-01","catastro":"5966907QA3556F0001AR","holder":null,"holder_count":null}},{"type":"Feature","geometry":{"type":"Point","coordinates":[-6.358947,36.619678]},"properties":{"id":"VUT/CA/21282","type":"VUT","group":"Completa","address":"CALLE CASTELAR Nº 20 Plta/Piso 1 Pta/Letra D Compl.Dom. PRIMERO DERECHA, piso 1, puerta D","postal_code":"11520","places":8,"units":3,"registered":"2024-07-01","catastro":"6361227QA3566A0001UO","holder":"STAYCARE SLU","holder_count":5}},{"type":"Feature","geometry":{"type":"Point","coordinates":[-6.367837,36.629414]},"properties":{"id":"VUT/CA/21369","type":"VUT","group":"Completa","address":"CALLE CURA VARGAS Nº 8 Portal 3 Plta/Piso 1 Pta/Letra D, piso 1, puerta D","postal_code":"11520","places":5,"units":2,"registered":"2024-07-06","catastro":"5471104QA3557S0176DB","holder":null,"holder_count":null}},{"type":"Feature","geometry":{"type":"Point","coordinates":[-6.368708,36.627968]},"properties":{"id":"VUT/CA/21433","type":"VUT","group":"Completa","address":"CALLE RACILLO Nº 4 Esc. 1 Plta/Piso 0 Pta/Letra L Compl.Dom. SUP-R1 MANZANA 2.2 PAR 2, piso 0, puerta L","postal_code":"11520","places":4,"units":2,"registered":"2024-07-12","catastro":"5457101QA3557S0013DK","holder":null,"holder_count":null}},{"type":"Feature","geometry":{"type":"Point","coordinates":[-6.357318,36.617912]},"properties":{"id":"VUT/CA/21441","type":"VUT","group":"Completa","address":"CALLE PEDRO LA O Nº 20 Compl.Dom. El acceso a la vivienda es independiente, por la calle Pérez de Bedoya, sin número","postal_code":"11520","places":6,"units":3,"registered":"2024-07-13","catastro":"6459607QA3565G0007GY","holder":null,"holder_count":null}},{"type":"Feature","geometry":{"type":"Point","coordinates":[-6.369591,36.622514]},"properties":{"id":"VUT/CA/21459","type":"VUT","group":"Completa","address":"CALLE SANTIAGO GUILLEN MORENO Nº 1-3 Blq. 6 Plta/Piso 5 Pta/Letra D Compl.Dom. URBANIZACION VIRGEN DEL MAR. AVDA. DE  SEVILLA S/N, piso 5, puerta D","postal_code":"11520","places":6,"units":3,"registered":"2024-07-16","catastro":"5463202QA3556C0202HU","holder":null,"holder_count":null}},{"type":"Feature","geometry":{"type":"Point","coordinates":[-6.418933,36.69141]},"properties":{"id":"VUT/CA/21464","type":"VUT","group":"Completa","address":"AVENIDA PEZ ESPADA Nº 9 Esc. 1 Plta/Piso 1 Pta/Letra 1 Compl.Dom. EDIFICIO PLAZA DEL MAR, piso 1, puerta 1","postal_code":"11520","places":4,"units":2,"registered":"2024-07-16","catastro":"0539701QA3603N0001PP","holder":null,"holder_count":null}},{"type":"Feature","geometry":{"type":"Point","coordinates":[-6.365096,36.626644]},"properties":{"id":"VUT/CA/21491","type":"VUT","group":"Completa","address":"AVENIDA Maria Auxiliadora Nº 65 Plta/Piso 4 Pta/Letra A, piso 4, puerta A","postal_code":"11520","places":6,"units":3,"registered":"2024-07-18","catastro":"5768902QA3556H0012MU","holder":null,"holder_count":null}},{"type":"Feature","geometry":{"type":"Point","coordinates":[-6.355405,36.622834]},"properties":{"id":"VUT/CA/21498","type":"VUT","group":"Completa","address":"CALLE Santo Tomás Nº 15","postal_code":"11520","places":4,"units":2,"registered":"2024-07-18","catastro":"6665707QA3566F0001SI","holder":null,"holder_count":null}},{"type":"Feature","geometry":{"type":"Point","coordinates":[-6.366043,36.62821]},"properties":{"id":"VUT/CA/21517","type":"VUT","group":"Completa","address":"AVENIDA DE LA LIBERTAD Nº 3 Calif.Nº B Portal 2 Plta/Piso 1 Pta/Letra E Compl.Dom. PIER 1, piso 1, puerta E","postal_code":"11520","places":4,"units":2,"registered":"2024-07-21","catastro":"5670307QA3557S0044QJ","holder":null,"holder_count":null}},{"type":"Feature","geometry":{"type":"Point","coordinates":[-6.368569,36.6238]},"properties":{"id":"VUT/CA/21570","type":"VUT","group":"Completa","address":"CALLE DOCTOR FEDERICO RODRIGUEZ RUBIO Nº 3 Esc. 1 Plta/Piso 1 Pta/Letra C, piso 1, puerta C","postal_code":"11520","places":9,"units":3,"registered":"2024-07-24","catastro":"5466715QA3556E0010WQ","holder":null,"holder_count":null}},{"type":"Feature","geometry":{"type":"Point","coordinates":[-6.410819,36.688887]},"properties":{"id":"VUT/CA/21604","type":"VUT","group":"Completa","address":"AVENIDA Reina Sofía Nº 7 Compl.Dom. Casa nº 69","postal_code":"11550","places":4,"units":2,"registered":"2024-07-26","catastro":"1436301QA3613N0190LP","holder":null,"holder_count":null}},{"type":"Feature","geometry":{"type":"Point","coordinates":[-6.356494,36.623831]},"properties":{"id":"VUT/CA/21638","type":"VUT","group":"Completa","address":"CALLE Calvario Nº 50 Plta/Piso 1 Pta/Letra D, piso 1, puerta D","postal_code":"11520","places":5,"units":1,"registered":"2024-07-29","catastro":"6566609QA3566F1002GU","holder":null,"holder_count":null}},{"type":"Feature","geometry":{"type":"Point","coordinates":[-6.417411,36.692072]},"properties":{"id":"VUT/CA/21644","type":"VUT","group":"Completa","address":"CALLE EL PARGO Nº 2 Plta/Piso BAJO Pta/Letra C, piso BAJO, puerta C","postal_code":"11520","places":5,"units":5,"registered":"2024-07-30","catastro":"0740801QA3604S0093UI","holder":null,"holder_count":null}},{"type":"Feature","geometry":{"type":"Point","coordinates":[-6.358006,36.617225]},"properties":{"id":"VUT/CA/21712","type":"VUT","group":"Completa","address":"CALLE Cuna Nº 3","postal_code":"11520","places":4,"units":1,"registered":"2024-08-06","catastro":"6458109QA3565G0003RW","holder":null,"holder_count":null}},{"type":"Feature","geometry":{"type":"Point","coordinates":[-6.406772,36.686461]},"properties":{"id":"VUT/CA/21716","type":"VUT","group":"Completa","address":"AVENIDA REINA SOFÍA Nº 11 Blq. 4 Portal 1 Plta/Piso BAJO Pta/Letra A Compl.Dom. LA QUINTA ARCE GOLF, piso BAJO, puerta A","postal_code":"11520","places":2,"units":2,"registered":"2024-08-06","catastro":"1834101QA3613S0164ZQ","holder":null,"holder_count":null}},{"type":"Feature","geometry":{"type":"Point","coordinates":[-6.368708,36.627968]},"properties":{"id":"VUT/CA/21795","type":"VUT","group":"Completa","address":"CALLE RACILLO Nº 4 Plta/Piso 2 Pta/Letra C, piso 2, puerta C","postal_code":"11520","places":4,"units":2,"registered":"2024-08-17","catastro":"5457101QA3557S0034TP","holder":null,"holder_count":null}},{"type":"Feature","geometry":{"type":"Point","coordinates":[-6.350501,36.62511]},"properties":{"id":"VUT/CA/21851","type":"VUT","group":"Completa","address":"CALLE JOSE EL CHATO Nº 2 Blq. 5 Plta/Piso 3 Pta/Letra D, piso 3, puerta D","postal_code":"11520","places":4,"units":2,"registered":"2024-08-22","catastro":"7067801QA3576G0044KY","holder":null,"holder_count":null}},{"type":"Feature","geometry":{"type":"Point","coordinates":[-6.34992,36.625548]},"properties":{"id":"VUT/CA/21853","type":"VUT","group":"Completa","address":"CALLE Saeteros Roteños Nº 2 Blq. 6 Plta/Piso Bajo Pta/Letra D, piso Bajo, puerta D","postal_code":"11520","places":6,"units":3,"registered":"2024-08-22","catastro":"7168802QA3576G0020YA","holder":null,"holder_count":null}},{"type":"Feature","geometry":{"type":"Point","coordinates":[-6.351298,36.626047]},"properties":{"id":"VUT/CA/21862","type":"VUT","group":"Completa","address":"AVENIDA REYES CATOLICOS Nº 19 Plta/Piso 1 Pta/Letra D, piso 1, puerta D","postal_code":"11520","places":6,"units":3,"registered":"2024-08-26","catastro":"6969707QA3566H0004AY","holder":null,"holder_count":null}},{"type":"Feature","geometry":{"type":"Point","coordinates":[-6.351461,36.624738]},"properties":{"id":"VUT/CA/21875","type":"VUT","group":"Completa","address":"CALLE Reyes Católicos Nº 4 Plta/Piso 3 Pta/Letra B, piso 3, puerta B","postal_code":"11520","places":4,"units":2,"registered":"2024-08-27","catastro":"6967901QA3566F0203YH","holder":null,"holder_count":null}},{"type":"Feature","geometry":{"type":"Point","coordinates":[-6.38803,36.637461]},"properties":{"id":"VUT/CA/21897","type":"VUT","group":"Completa","address":"AVENIDA JOAQUIN SABINA Nº 3 Portal 3 Esc. 3 Plta/Piso 1 Pta/Letra D, piso 1, puerta D","postal_code":"11520","places":6,"units":2,"registered":"2024-08-30","catastro":"3680303QA3538S0159SK","holder":null,"holder_count":null}},{"type":"Feature","geometry":{"type":"Point","coordinates":[-6.368708,36.627968]},"properties":{"id":"VUT/CA/21978","type":"VUT","group":"Completa","address":"CALLE RACILLO Nº 4 Plta/Piso 1 Pta/Letra N, piso 1, puerta N","postal_code":"11520","places":4,"units":2,"registered":"2024-09-12","catastro":"5457101QA3557S0029EI","holder":null,"holder_count":null}},{"type":"Feature","geometry":{"type":"Point","coordinates":[-6.383737,36.630414]},"properties":{"id":"VUT/CA/22002","type":"VUT","group":"Completa","address":"CALLE Lebrija Nº 2","postal_code":"11520","places":2,"units":4,"registered":"2024-09-17","catastro":"4273101QA3547C0444IP","holder":null,"holder_count":null}},{"type":"Feature","geometry":{"type":"Point","coordinates":[-6.359488,36.62196]},"properties":{"id":"VUT/CA/22006","type":"VUT","group":"Completa","address":"CALLE PEDRO ANTONIO DE ALARCON Nº 2 Plta/Piso BJ Pta/Letra DCHA, piso BJ, puerta DCHA","postal_code":"11520","places":5,"units":2,"registered":"2024-09-18","catastro":"6164523QA3566C0002GT","holder":null,"holder_count":null}},{"type":"Feature","geometry":{"type":"Point","coordinates":[-6.368708,36.627968]},"properties":{"id":"VUT/CA/22031","type":"VUT","group":"Completa","address":"CALLE RACILLO Nº 4 Plta/Piso 2 Pta/Letra M, piso 2, puerta M","postal_code":"11520","places":4,"units":2,"registered":"2024-09-22","catastro":"5457101QA3557S0044SJ","holder":null,"holder_count":null}},{"type":"Feature","geometry":{"type":"Point","coordinates":[-6.384292,36.632835]},"properties":{"id":"VUT/CA/22128","type":"VUT","group":"Completa","address":"URBANIZACION PINAR DE LA ALMADRABA Nº 0 Blq. 13 Portal 7 Esc. B Plta/Piso B Pta/Letra 2 Compl.Dom. CALLE ENCARNACION JIMENEZ DE TEJADA N 7 BLOQUE 13 B 2, piso B, puerta 2","postal_code":"11520","places":5,"units":2,"registered":"2024-10-09","catastro":"4038109QA3643G0014JL","holder":null,"holder_count":null}},{"type":"Feature","geometry":{"type":"Point","coordinates":[-6.385696,36.631276]},"properties":{"id":"VUT/CA/22142","type":"VUT","group":"Completa","address":"CALLE GRANAINA, URBANIZACION PINAR DE LA ALMADRABA Km 0 Calif.Nº 0 Blq. 4 Portal 0 Esc. A Plta/Piso 0 Pta/Letra 2 Compl.Dom. ., piso 0, puerta 2","postal_code":"11520","places":4,"units":1,"registered":"2024-10-14","catastro":"4038101QA3643G0035YA","holder":null,"holder_count":null}},{"type":"Feature","geometry":{"type":"Point","coordinates":[-6.41824,36.691704]},"properties":{"id":"VUT/CA/22160","type":"VUT","group":"Completa","address":"AVENIDA Pez Espada Nº 6 Plta/Piso 2 Pta/Letra 18, piso 2, puerta 18","postal_code":"11520","places":8,"units":4,"registered":"2024-10-15","catastro":"0639401QA3603N0043BJ","holder":null,"holder_count":null}},{"type":"Feature","geometry":{"type":"Point","coordinates":[-6.413859,36.692229]},"properties":{"id":"VUT/CA/22215","type":"VUT","group":"Completa","address":"AVENIDA JOSE RODRIGUEZ DE LA BORBOLLA Nº 2 Blq. 4 Pta/Letra 7, puerta 7","postal_code":"11520","places":2,"units":3,"registered":"2024-10-23","catastro":"1045104QA3614S0095PF","holder":null,"holder_count":null}},{"type":"Feature","geometry":{"type":"Point","coordinates":[-6.410819,36.688887]},"properties":{"id":"VUT/CA/22239","type":"VUT","group":"Completa","address":"AVENIDA REINA SOFÍA Nº 7 Blq. CH Portal 22","postal_code":"11520","places":9,"units":4,"registered":"2024-10-27","catastro":"1436301QA3613N0143PQ","holder":null,"holder_count":null}},{"type":"Feature","geometry":{"type":"Point","coordinates":[-6.371297,36.625036]},"properties":{"id":"VUT/CA/22305","type":"VUT","group":"Completa","address":"AVENIDA PRINCIPES DE ESPAÑA Nº SN Compl.Dom. CASA 24 TIPO A","postal_code":"11520","places":4,"units":2,"registered":"2024-11-06","catastro":"5266202QA3556E0060SD","holder":null,"holder_count":null}},{"type":"Feature","geometry":{"type":"Point","coordinates":[-6.409237,36.678208]},"properties":{"id":"VUT/CA/22319","type":"VUT","group":"Completa","address":"CALLE Nuevo Oasis del Sur Nº 2 Blq. 2 Esc. 3 Plta/Piso 2 Pta/Letra C, piso 2, puerta C","postal_code":"11520","places":5,"units":2,"registered":"2024-11-08","catastro":"1721201QA3612S0054LB","holder":null,"holder_count":null}},{"type":"Feature","geometry":{"type":"Point","coordinates":[-6.389067,36.638128]},"properties":{"id":"VUT/CA/22324","type":"VUT","group":"Completa","address":"AVENIDA Joaquín Sabina Nº 7 Esc. 5 Plta/Piso 2 Pta/Letra C, piso 2, puerta C","postal_code":"11520","places":6,"units":2,"registered":"2024-11-09","catastro":"3680313QA3538S0340LI","holder":null,"holder_count":null}},{"type":"Feature","geometry":{"type":"Point","coordinates":[-6.386664,36.635503]},"properties":{"id":"VUT/CA/22339","type":"VUT","group":"Completa","address":"AVENIDA PRINCIPES DE ESPAÑA Nº 216 Esc. 1 Plta/Piso 0 Pta/Letra 4, piso 0, puerta 4","postal_code":"11520","places":6,"units":2,"registered":"2024-11-12","catastro":"3978705QA3537H0004UA","holder":null,"holder_count":null}},{"type":"Feature","geometry":{"type":"Point","coordinates":[-6.406772,36.686461]},"properties":{"id":"VUT/CA/22343","type":"VUT","group":"Completa","address":"AVENIDA REINA SOFIA Nº 11 Compl.Dom. ADOSADOS 3 NUMERO 8","postal_code":"11520","places":6,"units":2,"registered":"2024-11-12","catastro":"1834101QA3613S0278SG","holder":null,"holder_count":null}},{"type":"Feature","geometry":{"type":"Point","coordinates":[-6.359557,36.617126]},"properties":{"id":"VUT/CA/22348","type":"VUT","group":"Completa","address":"CALLE CARACOL Nº 5-7 Plta/Piso BAJO Pta/Letra B Compl.Dom. EDIFICIO GIRASOLES, piso BAJO, puerta B","postal_code":"11520","places":4,"units":2,"registered":"2024-11-13","catastro":"6457701QA3565E0019PB","holder":null,"holder_count":null}},{"type":"Feature","geometry":{"type":"Point","coordinates":[-6.359557,36.617126]},"properties":{"id":"VUT/CA/22349","type":"VUT","group":"Completa","address":"CALLE CARACOL Nº 5-7 Plta/Piso 1 Pta/Letra F Compl.Dom. EDIFICIO LOS GIRASOLES, piso 1, puerta F","postal_code":"11520","places":5,"units":2,"registered":"2024-11-13","catastro":"6457701QA3565E0007QA","holder":null,"holder_count":null}},{"type":"Feature","geometry":{"type":"Point","coordinates":[-6.361312,36.620556]},"properties":{"id":"VUT/CA/22361","type":"VUT","group":"Completa","address":"CALLE MARIA AUXILIADORA Nº 7 Plta/Piso 8 Pta/Letra A, piso 8, puerta A","postal_code":"11520","places":6,"units":3,"registered":"2024-11-15","catastro":"6061306QA3566A0030SY","holder":null,"holder_count":null}},{"type":"Feature","geometry":{"type":"Point","coordinates":[-6.360567,36.623803]},"properties":{"id":"VUT/CA/22391","type":"VUT","group":"Completa","address":"AVENIDA DE LA MARINA - ESQUINA CALLE JEREZ DE LA FRONTERA Nº 2 Blq. 1 Plta/Piso BAJO Pta/Letra A Compl.Dom. Escriturada en Avda de la Marina 4 - Puerta principal de acceso por Calle Jerez de la Frontera N. 2 Bajo A, piso BAJO, puerta A","postal_code":"11520","places":4,"units":2,"registered":"2024-11-20","catastro":"6166609QA3566E0048FA","holder":null,"holder_count":null}},{"type":"Feature","geometry":{"type":"Point","coordinates":[-6.386664,36.635503]},"properties":{"id":"VUT/CA/22396","type":"VUT","group":"Completa","address":"AVENIDA PRINCIPES DE ESPAÑA Nº 216 Esc. 1 Plta/Piso 0 Pta/Letra 4, piso 0, puerta 4","postal_code":"11520","places":6,"units":2,"registered":"2024-11-21","catastro":"3978705QA3537H0004UA","holder":null,"holder_count":null}},{"type":"Feature","geometry":{"type":"Point","coordinates":[-6.364708,36.620553]},"properties":{"id":"VUT/CA/22399","type":"VUT","group":"Completa","address":"CALLE San José Nº 14 Pta/Letra A, puerta A","postal_code":"11520","places":11,"units":5,"registered":"2024-11-21","catastro":"5762410QA3556D0001PO","holder":null,"holder_count":null}},{"type":"Feature","geometry":{"type":"Point","coordinates":[-6.41824,36.691704]},"properties":{"id":"VUT/CA/22452","type":"VUT","group":"Completa","address":"AVENIDA PEZ ESPADA Nº 8 Plta/Piso 2 Pta/Letra 16, piso 2, puerta 16","postal_code":"11520","places":7,"units":2,"registered":"2024-11-29","catastro":"0639401QA3603N0041KG","holder":null,"holder_count":null}},{"type":"Feature","geometry":{"type":"Point","coordinates":[-6.368224,36.627917]},"properties":{"id":"VUT/CA/22458","type":"VUT","group":"Completa","address":"AVENIDA Valdecarretas Nº 3 Blq. A Esc. 1 Plta/Piso 3 Pta/Letra B, piso 3, puerta B","postal_code":"11520","places":6,"units":3,"registered":"2024-12-01","catastro":"5457105QA3557S0023PW","holder":null,"holder_count":null}},{"type":"Feature","geometry":{"type":"Point","coordinates":[-6.385864,36.636643]},"properties":{"id":"VUT/CA/22497","type":"VUT","group":"Completa","address":"AVENIDA ALFONSO PERALES Nº 1 Plta/Piso BAJO Pta/Letra D Compl.Dom. RESIDENCIAL CÉLERE, PUNTA CANDOR, piso BAJO, puerta D","postal_code":"11520","places":4,"units":2,"registered":"2024-12-09","catastro":"3879905QA3537N0056LP","holder":"STAYCARE, S.L.U.","holder_count":21}},{"type":"Feature","geometry":{"type":"Point","coordinates":[-6.364489,36.623439]},"properties":{"id":"VUT/CA/22527","type":"VUT","group":"Completa","address":"CALLE VICENTE ALEIXANDRE Nº 14 Calif.Nº B Esc. 1 Plta/Piso 0 Pta/Letra D, piso 0, puerta D","postal_code":"11520","places":5,"units":2,"registered":"2024-12-12","catastro":"5865808QA3556F0006QO","holder":null,"holder_count":null}},{"type":"Feature","geometry":{"type":"Point","coordinates":[-6.362273,36.624353]},"properties":{"id":"VUT/CA/22556","type":"VUT","group":"Completa","address":"CALLE CHIPIONA Nº 3","postal_code":"11550","places":6,"units":3,"registered":"2024-12-17","catastro":"6066109QA3566E0005JE","holder":null,"holder_count":null}},{"type":"Feature","geometry":{"type":"Point","coordinates":[-6.385016,36.632348]},"properties":{"id":"VUT/CA/22570","type":"VUT","group":"Completa","address":"CALLE PQUERA DE JEREZ Nº 2 Blq. 10 Esc. 1 Plta/Piso 1 Pta/Letra 2, piso 1, puerta 2","postal_code":"11520","places":4,"units":1,"registered":"2024-12-19","catastro":"4038108QA3643G0036QS","holder":null,"holder_count":null}},{"type":"Feature","geometry":{"type":"Point","coordinates":[-6.359115,36.620289]},"properties":{"id":"VUT/CA/22594","type":"VUT","group":"Completa","address":"CALLE SAN RAFAEL Nº 16 Esc. 1 Plta/Piso 1 Pta/Letra D, piso 1, puerta D","postal_code":"11520","places":4,"units":2,"registered":"2024-12-27","catastro":"6362740QA3566A0035TA","holder":null,"holder_count":null}},{"type":"Feature","geometry":{"type":"Point","coordinates":[-6.383793,36.635266]},"properties":{"id":"VUT/CA/22627","type":"VUT","group":"Completa","address":"CALLE NUESTRO PADRE JESUS DE LA PAZ Nº 7 Portal 1 Plta/Piso BAJO Pta/Letra L, piso BAJO, puerta L","postal_code":"11520","places":6,"units":2,"registered":"2025-01-03","catastro":"4078203QA3547N0001TB","holder":null,"holder_count":null}},{"type":"Feature","geometry":{"type":"Point","coordinates":[-6.350926,36.626229]},"properties":{"id":"VUT/CA/22637","type":"VUT","group":"Completa","address":"AVENIDA REYES CATÓLICOS Nº 20 Plta/Piso 1 Pta/Letra D, piso 1, puerta D","postal_code":"11520","places":5,"units":3,"registered":"2025-01-07","catastro":"7068706QA3576G0004DQ","holder":null,"holder_count":null}},{"type":"Feature","geometry":{"type":"Point","coordinates":[-6.406772,36.686461]},"properties":{"id":"VUT/CA/22649","type":"VUT","group":"Completa","address":"CALLE REINA SOFIA Nº 11 Blq. 3 Portal 3 Plta/Piso 1 Pta/Letra B Compl.Dom. URBANIZACIÓN LA QUINTA ARCE GOLF (COSTA BALLENA), piso 1, puerta B","postal_code":"11520","places":6,"units":2,"registered":"2025-01-08","catastro":"1834101QA3613S0458RU","holder":null,"holder_count":null}},{"type":"Feature","geometry":{"type":"Point","coordinates":[-6.358905,36.62442]},"properties":{"id":"VUT/CA/22660","type":"VUT","group":"Completa","address":"AVENIDA DE SAN FERNANDO Nº 78 Blq. 5 Plta/Piso 01 Pta/Letra B-IZQ, piso 01, puerta B-IZQ","postal_code":"11520","places":5,"units":3,"registered":"2025-01-09","catastro":"6366101QA3566E0032IZ","holder":null,"holder_count":null}},{"type":"Feature","geometry":{"type":"Point","coordinates":[-6.364029,36.621286]},"properties":{"id":"VUT/CA/22663","type":"VUT","group":"Completa","address":"CALLE POETA MARILO NAVAL Nº 2 Esc. 2 Plta/Piso 00 Pta/Letra A, piso 00, puerta A","postal_code":"11520","places":6,"units":3,"registered":"2025-01-09","catastro":"5862229QA3556B0043UZ","holder":null,"holder_count":null}},{"type":"Feature","geometry":{"type":"Point","coordinates":[-6.38803,36.637461]},"properties":{"id":"VUT/CA/22664","type":"VUT","group":"Completa","address":"CALLE JOAQUIN SABINA Nº 3 Esc. 1 Plta/Piso 1º Pta/Letra C, piso 1º, puerta C","postal_code":"11520","places":9,"units":2,"registered":"2025-01-09","catastro":"3680303QA3538S0255AJ","holder":null,"holder_count":null}},{"type":"Feature","geometry":{"type":"Point","coordinates":[-6.38803,36.637461]},"properties":{"id":"VUT/CA/22678","type":"VUT","group":"Completa","address":"AVENIDA ESCRITORA ALMUDENA GRANDES Nº 2 Esc. 3 Plta/Piso BAJO Pta/Letra C, piso BAJO, puerta C","postal_code":"11520","places":5,"units":2,"registered":"2025-01-10","catastro":"3680303QA3538S0135JM","holder":null,"holder_count":null}},{"type":"Feature","geometry":{"type":"Point","coordinates":[-6.41112,36.690483]},"properties":{"id":"VUT/CA/22683","type":"VUT","group":"Completa","address":"AVENIDA REINA SOFIA Nº 3 Blq. 6 Plta/Piso B Pta/Letra A Compl.Dom. COSTA BALLENA, piso B, puerta A","postal_code":"11520","places":7,"units":2,"registered":"2025-01-11","catastro":"1338901QA3613N0069MK","holder":null,"holder_count":null}},{"type":"Feature","geometry":{"type":"Point","coordinates":[-6.385864,36.636643]},"properties":{"id":"VUT/CA/22691","type":"VUT","group":"Completa","address":"CALLE Nuestro Padre Jesus de la Paz Nº 7 Portal 2 Plta/Piso 1 Pta/Letra G, piso 1, puerta G","postal_code":"11520","places":8,"units":3,"registered":"2025-01-14","catastro":"3879905QA3537N0001WH","holder":"STAYCARE, S.L.U.","holder_count":21}},{"type":"Feature","geometry":{"type":"Point","coordinates":[-6.349306,36.626066]},"properties":{"id":"VUT/CA/22738","type":"VUT","group":"Completa","address":"CALLE DUQUE DE ALBA Nº 4 Plta/Piso 3 Pta/Letra IZQ, piso 3, puerta IZQ","postal_code":"11520","places":5,"units":3,"registered":"2025-01-18","catastro":"7168801QA3576G0073SE","holder":"STAYCARE, S.L.U.","holder_count":21}},{"type":"Feature","geometry":{"type":"Point","coordinates":[-6.383793,36.635266]},"properties":{"id":"VUT/CA/22800","type":"VUT","group":"Completa","address":"CALLE NUESTRO PADRE JESÚS DE LA PAZ Nº 7 Portal 2 Plta/Piso 2 Pta/Letra G, piso 2, puerta G","postal_code":"11520","places":6,"units":2,"registered":"2025-01-27","catastro":"4078203QA3547N0001TB","holder":"OLE SOLUTIONS HOLIDAY RENTALS S.L.","holder_count":4}},{"type":"Feature","geometry":{"type":"Point","coordinates":[-6.385669,36.631946]},"properties":{"id":"VUT/CA/22808","type":"VUT","group":"Completa","address":"CALLE Petenera Nº 2 Blq. 6 Plta/Piso 2 Compl.Dom. Urbanización Pinar de la Almadraba, piso 2","postal_code":"11520","places":4,"units":2,"registered":"2025-01-27","catastro":"4038103QA3643G0033XO","holder":null,"holder_count":null}},{"type":"Feature","geometry":{"type":"Point","coordinates":[-6.358032,36.622022]},"properties":{"id":"VUT/CA/22811","type":"VUT","group":"Completa","address":"CALLE PROGRESO Nº 5 Plta/Piso 1 Pta/Letra C, piso 1, puerta C","postal_code":"11520","places":4,"units":2,"registered":"2025-01-28","catastro":"6363917QA3566C0012DS","holder":null,"holder_count":null}},{"type":"Feature","geometry":{"type":"Point","coordinates":[-6.417891,36.689801]},"properties":{"id":"VUT/CA/22819","type":"VUT","group":"Completa","address":"AVENIDA PEZ ESPADA Nº 3 Plta/Piso ATICO, piso ATICO","postal_code":"11520","places":5,"units":2,"registered":"2025-01-28","catastro":"0737202QA3603N0105EJ","holder":null,"holder_count":null}},{"type":"Feature","geometry":{"type":"Point","coordinates":[-6.369591,36.622514]},"properties":{"id":"VUT/CA/22834","type":"VUT","group":"Completa","address":"AVENIDA De Sevilla Blq. 3 Plta/Piso BAJO Pta/Letra A Compl.Dom. Residencial Virgen del Mar,, piso BAJO, puerta A","postal_code":"11520","places":7,"units":2,"registered":"2025-01-29","catastro":"5463202QA3556C0374QG","holder":null,"holder_count":null}},{"type":"Feature","geometry":{"type":"Point","coordinates":[-6.410819,36.688887]},"properties":{"id":"VUT/CA/22870","type":"VUT","group":"Completa","address":"AVENIDA REINA SOFÍA Nº 7 Portal 49 Compl.Dom. CASA 49","postal_code":"11520","places":8,"units":3,"registered":"2025-02-03","catastro":"1436301QA3613N0170TL","holder":null,"holder_count":null}},{"type":"Feature","geometry":{"type":"Point","coordinates":[-6.355292,36.6267]},"properties":{"id":"VUT/CA/22873","type":"VUT","group":"Completa","address":"PLAZA DEL TRIUNFO Nº 10","postal_code":"11520","places":5,"units":3,"registered":"2025-02-03","catastro":"6669901QA3566H0005DU","holder":"STAYCARE, S.L.U.","holder_count":21}},{"type":"Feature","geometry":{"type":"Point","coordinates":[-6.369591,36.622514]},"properties":{"id":"VUT/CA/22900","type":"VUT","group":"Completa","address":"AVENIDA DE SEVILLA Blq. 3 Plta/Piso BAJO Pta/Letra A Compl.Dom. URBANIZACIÓN VIRGEN DEL MAR, piso BAJO, puerta A","postal_code":"11520","places":7,"units":2,"registered":"2025-02-06","catastro":"5463202QA3556C0374QG","holder":null,"holder_count":null}},{"type":"Feature","geometry":{"type":"Point","coordinates":[-6.362542,36.619536]},"properties":{"id":"VUT/CA/22915","type":"VUT","group":"Completa","address":"CALLE SANTA MARIA DEL MAR Nº 29","postal_code":"11520","places":4,"units":1,"registered":"2025-02-08","catastro":"6060101QA3566A5603DL","holder":null,"holder_count":null}},{"type":"Feature","geometry":{"type":"Point","coordinates":[-6.410263,36.687257]},"properties":{"id":"VUT/CA/22924","type":"VUT","group":"Completa","address":"AVENIDA REINA SOFIA Nº 9 Compl.Dom. CASA 17","postal_code":"11520","places":6,"units":3,"registered":"2025-02-10","catastro":"1436302QA3613N0017XR","holder":null,"holder_count":null}},{"type":"Feature","geometry":{"type":"Point","coordinates":[-6.365565,36.627203]},"properties":{"id":"VUT/CA/22960","type":"VUT","group":"Completa","address":"AVENIDA MANCOMUNIDAD DEL BAJO GUADALQUIVIR Nº 2 Pta/Letra 30, puerta 30","postal_code":"11520","places":8,"units":3,"registered":"2025-02-13","catastro":"49751H0QA3547N0030BJ","holder":"GESTIONES PROYECTOS Y ACTIVIDADES CONSTRUCTIVAS SL","holder_count":1}},{"type":"Feature","geometry":{"type":"Point","coordinates":[-6.416643,36.690835]},"properties":{"id":"VUT/CA/22964","type":"VUT","group":"Completa","address":"CALLE DEL BOQUERON Nº 1 Calif.Nº B Portal 2 Plta/Piso 2 Pta/Letra D Compl.Dom. CONJUNTO BAHÍA DE LA LUZ, piso 2, puerta D","postal_code":"11520","places":4,"units":2,"registered":"2025-02-13","catastro":"0738901QA3603N0191JU","holder":null,"holder_count":null}},{"type":"Feature","geometry":{"type":"Point","coordinates":[-6.367837,36.629414]},"properties":{"id":"VUT/CA/23037","type":"VUT","group":"Completa","address":"CALLE CURA VARGAS Nº 8 Portal 3 Plta/Piso 1 Pta/Letra B, piso 1, puerta B","postal_code":"11520","places":4,"units":2,"registered":"2025-02-19","catastro":"5471104QA3557S0174AK","holder":null,"holder_count":null}},{"type":"Feature","geometry":{"type":"Point","coordinates":[-6.412443,36.692825]},"properties":{"id":"VUT/CA/23060","type":"VUT","group":"Completa","address":"AVENIDA JUAN CARLOS I, RESIDENCIAL PLAYA DE LAR Nº 8 Blq. 4 Plta/Piso BAJA Compl.Dom. DUPLEX 3, piso BAJA","postal_code":"11520","places":6,"units":3,"registered":"2025-02-25","catastro":"1045103QA3614S0087LO","holder":"Staycare, S.L.U.","holder_count":1}},{"type":"Feature","geometry":{"type":"Point","coordinates":[-6.386155,36.635926]},"properties":{"id":"VUT/CA/23099","type":"VUT","group":"Completa","address":"CALLE juan barrientos Nº 2 Portal 1 Plta/Piso atico Pta/Letra e, piso atico, puerta e","postal_code":"11520","places":4,"units":1,"registered":"2025-02-25","catastro":"3879908QA3537N0154QA","holder":null,"holder_count":null}},{"type":"Feature","geometry":{"type":"Point","coordinates":[-6.386082,36.631907]},"properties":{"id":"VUT/CA/23128","type":"VUT","group":"Completa","address":"CALLE SOLEA Blq. 1 Esc. B Plta/Piso BAJA Pta/Letra 3, piso BAJA, puerta 3","postal_code":"11520","places":4,"units":1,"registered":"2025-02-27","catastro":"4038102QA3643G0013XK","holder":null,"holder_count":null}},{"type":"Feature","geometry":{"type":"Point","coordinates":[-6.41441,36.693807]},"properties":{"id":"VUT/CA/23209","type":"VUT","group":"Completa","address":"AVENIDA RODRIGUEZ BORBOLLA Nº 4 Blq. 1 Plta/Piso 2 Pta/Letra E Compl.Dom. URB ALCA GOLF (COSTA BALLENA), piso 2, puerta E","postal_code":"11520","places":4,"units":2,"registered":"2025-03-05","catastro":"1045101QA3614S0021XU","holder":null,"holder_count":null}},{"type":"Feature","geometry":{"type":"Point","coordinates":[-6.383737,36.630414]},"properties":{"id":"VUT/CA/23210","type":"VUT","group":"Completa","address":"CALLE maestro manuel casal egea Nº 1 Pta/Letra 31, puerta 31","postal_code":"11520","places":7,"units":3,"registered":"2025-03-05","catastro":"4273101QA3547C0351OA","holder":null,"holder_count":null}},{"type":"Feature","geometry":{"type":"Point","coordinates":[-6.410819,36.688887]},"properties":{"id":"VUT/CA/23227","type":"VUT","group":"Completa","address":"AVENIDA REINA SOFIA Nº 5 Esc. 3 Plta/Piso 1 Pta/Letra 6, piso 1, puerta 6","postal_code":"11520","places":8,"units":2,"registered":"2025-03-06","catastro":"1436301QA3613N0071EJ","holder":null,"holder_count":null}},{"type":"Feature","geometry":{"type":"Point","coordinates":[-6.383793,36.635266]},"properties":{"id":"VUT/CA/23231","type":"VUT","group":"Completa","address":"CALLE NUESTRO PADRE JESUS DE LA PAZ Nº 7 Portal 2 Plta/Piso 2 Pta/Letra L, piso 2, puerta L","postal_code":"11520","places":4,"units":2,"registered":"2025-03-07","catastro":"4078203QA3547N0001TB","holder":null,"holder_count":null}},{"type":"Feature","geometry":{"type":"Point","coordinates":[-6.366361,36.621877]},"properties":{"id":"VUT/CA/23248","type":"VUT","group":"Completa","address":"AVENIDA AVDA DE SEVILLA Nº 37 Plta/Piso 2 Pta/Letra 2, piso 2, puerta 2","postal_code":"11520","places":8,"units":3,"registered":"2025-03-07","catastro":"5663702QA3556D0139XK","holder":"MENA Y BARRANTES PROPERTY MANAGEMENT SL","holder_count":1}},{"type":"Feature","geometry":{"type":"Point","coordinates":[-6.357117,36.617408]},"properties":{"id":"VUT/CA/23302","type":"VUT","group":"Completa","address":"CALLE Luís Vázquez Nº 14 Plta/Piso 1 Pta/Letra B, piso 1, puerta B","postal_code":"11520","places":5,"units":3,"registered":"2025-03-12","catastro":"6458406QA3565G0004DE","holder":null,"holder_count":null}},{"type":"Feature","geometry":{"type":"Point","coordinates":[-6.382613,36.627891]},"properties":{"id":"VUT/CA/23319","type":"VUT","group":"Por habitaciones","address":"CALLE LA TRAIÑA Portal 6 Plta/Piso 1 Pta/Letra D, piso 1, puerta D","postal_code":"11520","places":6,"units":3,"registered":"2025-03-13","catastro":"4170904QA3547A0053IO","holder":null,"holder_count":null}},{"type":"Feature","geometry":{"type":"Point","coordinates":[-6.41441,36.693807]},"properties":{"id":"VUT/CA/23329","type":"VUT","group":"Completa","address":"AVENIDA JOSÉ RODRÍGUEZ DE LA BORBOLLA Nº 4 Blq. 1 Plta/Piso 2 Pta/Letra A, piso 2, puerta A","postal_code":"11520","places":8,"units":3,"registered":"2025-03-14","catastro":"1045101QA3614S0017ZY","holder":null,"holder_count":null}},{"type":"Feature","geometry":{"type":"Point","coordinates":[-6.389067,36.638128]},"properties":{"id":"VUT/CA/23331","type":"VUT","group":"Completa","address":"AVENIDA JOAQUIN SABINA Nº 5 Esc. 1 Plta/Piso 2 Pta/Letra D, piso 2, puerta D","postal_code":"11520","places":4,"units":2,"registered":"2025-03-14","catastro":"3680313QA3538S0385YK","holder":null,"holder_count":null}},{"type":"Feature","geometry":{"type":"Point","coordinates":[-6.382613,36.627891]},"properties":{"id":"VUT/CA/23360","type":"VUT","group":"Completa","address":"CALLE LA TRAIÑA Portal 6 Esc. 1 Plta/Piso D, piso D","postal_code":"11520","places":4,"units":3,"registered":"2025-03-18","catastro":"4170904QA3547A0053IO","holder":null,"holder_count":null}},{"type":"Feature","geometry":{"type":"Point","coordinates":[-6.416643,36.690835]},"properties":{"id":"VUT/CA/23363","type":"VUT","group":"Completa","address":"CALLE LA LUBINA Nº 2A Blq. 4 Plta/Piso BAJO Pta/Letra D, piso BAJO, puerta D","postal_code":"11520","places":4,"units":2,"registered":"2025-03-17","catastro":"0738901QA3603N0207OX","holder":null,"holder_count":null}},{"type":"Feature","geometry":{"type":"Point","coordinates":[-6.410991,36.691478]},"properties":{"id":"VUT/CA/23381","type":"VUT","group":"Completa","address":"AVENIDA REINA SOFIA Nº 1 Blq. 3 Esc. 8 Plta/Piso 0 Pta/Letra D Compl.Dom. RESIDENCIAL LAS DUNAS, piso 0, puerta D","postal_code":"11520","places":6,"units":2,"registered":"2025-03-18","catastro":"1339401QA3613N0228IK","holder":null,"holder_count":null}},{"type":"Feature","geometry":{"type":"Point","coordinates":[-6.35868,36.620897]},"properties":{"id":"VUT/CA/23384","type":"VUT","group":"Completa","address":"CALLE SAN RAFAEL Nº 33 Pta/Letra E, puerta E","postal_code":"11520","places":4,"units":1,"registered":"2025-03-18","catastro":"6363933QA3566C0007OP","holder":"MDEHOYOS SLU","holder_count":1}},{"type":"Feature","geometry":{"type":"Point","coordinates":[-6.418506,36.690834]},"properties":{"id":"VUT/CA/23399","type":"VUT","group":"Completa","address":"CALLE Bogavante 2 Esc. 1 Plta/Piso 1 Pta/Letra b Compl.Dom. Marina del Atlántico I, piso 1, puerta b","postal_code":"11520","places":6,"units":3,"registered":"2025-03-18","catastro":"0638901QA3603n0008SJ","holder":null,"holder_count":null}},{"type":"Feature","geometry":{"type":"Point","coordinates":[-6.417997,36.690377]},"properties":{"id":"VUT/CA/23401","type":"VUT","group":"Completa","address":"AVENIDA de el Erizo Nº 2 Esc. 3 Plta/Piso 1 Pta/Letra b Compl.Dom. Marina del Atlántico I, piso 1, puerta b","postal_code":"11520","places":7,"units":3,"registered":"2025-03-18","catastro":"0638701QA3603N0021AQ","holder":null,"holder_count":null}},{"type":"Feature","geometry":{"type":"Point","coordinates":[-6.417891,36.689801]},"properties":{"id":"VUT/CA/23403","type":"VUT","group":"Completa","address":"CALLE Pez espada Nº 3 Esc. 1 Plta/Piso 1 Pta/Letra D Compl.Dom. Urb Luz Ballena, piso 1, puerta D","postal_code":"11520","places":5,"units":2,"registered":"2025-03-18","catastro":"0737202QA3603N0001LP","holder":null,"holder_count":null}},{"type":"Feature","geometry":{"type":"Point","coordinates":[-6.35831,36.616527]},"properties":{"id":"VUT/CA/23413","type":"VUT","group":"Completa","address":"CALLE FERMIN SALVOCHEA 26 Plta/Piso BAJO Pta/Letra A, piso BAJO, puerta A","postal_code":"11520","places":5,"units":2,"registered":"2025-03-19","catastro":"6357301QA3565G0016XS","holder":"STAYCARE, S.L.U.","holder_count":21}},{"type":"Feature","geometry":{"type":"Point","coordinates":[-6.370175,36.624134]},"properties":{"id":"VUT/CA/23421","type":"VUT","group":"Completa","address":"CALLE MUÑOZ SECA Nº 1 Blq. 1 Plta/Piso B Pta/Letra C, piso B, puerta C","postal_code":"11520","places":4,"units":3,"registered":"2025-03-19","catastro":"5265401QA3556E0035DB","holder":null,"holder_count":null}},{"type":"Feature","geometry":{"type":"Point","coordinates":[-6.406291,36.676077]},"properties":{"id":"VUT/CA/23429","type":"VUT","group":"Completa","address":"AVENIDA REINA SOFIA Nº 18 Blq. 6 Plta/Piso BAJO Pta/Letra d Compl.Dom. bLOQUE 6, BAJO d, piso BAJO, puerta d","postal_code":"11520","places":3,"units":2,"registered":"2025-03-19","catastro":"1820801QA3612S0282OX","holder":null,"holder_count":null}},{"type":"Feature","geometry":{"type":"Point","coordinates":[-6.362327,36.619783]},"properties":{"id":"VUT/CA/23453","type":"VUT","group":"Completa","address":"PLAZA de Jesús Nazareno Nº 1 Plta/Piso 1 Pta/Letra 9 Compl.Dom. EDIFICIO URGAVONA II, piso 1, puerta 9","postal_code":"11520","places":7,"units":2,"registered":"2025-03-20","catastro":"6061601QA3566A0046GL","holder":null,"holder_count":null}},{"type":"Feature","geometry":{"type":"Point","coordinates":[-6.38803,36.637461]},"properties":{"id":"VUT/CA/23479","type":"VUT","group":"Completa","address":"AVENIDA ESCRITORA ALMUDENA GRANDES Nº 2 Esc. 3 Plta/Piso BAJO Pta/Letra B, piso BAJO, puerta B","postal_code":"11520","places":4,"units":2,"registered":"2025-03-21","catastro":"3680303QA3538S0134HX","holder":"STAYCARE S.L.U.","holder_count":3}},{"type":"Feature","geometry":{"type":"Point","coordinates":[-6.383737,36.630414]},"properties":{"id":"VUT/CA/23481","type":"VUT","group":"Completa","address":"URBANIZACION JARDIN DE LA ALMADRABA Nº 32 Compl.Dom. C/ Maestro Manuel Casal","postal_code":"11520","places":8,"units":3,"registered":"2025-03-21","catastro":"4273101QA3547C0352PS","holder":null,"holder_count":null}},{"type":"Feature","geometry":{"type":"Point","coordinates":[-6.41291,36.689593]},"properties":{"id":"VUT/CA/23489","type":"VUT","group":"Completa","address":"CALLE LOS GAVILANES Nº 1 Blq. A Portal 2 Plta/Piso BAJO Pta/Letra B, piso BAJO, puerta B","postal_code":"11520","places":7,"units":3,"registered":"2025-03-22","catastro":"1137501QA3613N0016EE","holder":null,"holder_count":null}},{"type":"Feature","geometry":{"type":"Point","coordinates":[-6.358259,36.618761]},"properties":{"id":"VUT/CA/23513","type":"VUT","group":"Completa","address":"CALLE NUESTRA SRA. ROSARIO Nº 1 Plta/Piso 3 Pta/Letra DCHA, piso 3, puerta DCHA","postal_code":"11205","places":4,"units":2,"registered":"2025-03-24","catastro":"6360219QA3566A0003TA","holder":null,"holder_count":null}},{"type":"Feature","geometry":{"type":"Point","coordinates":[-6.358259,36.618761]},"properties":{"id":"VUT/CA/23516","type":"VUT","group":"Completa","address":"CALLE NUESTRA SRA. ROSARIO Nº 1 Plta/Piso 3 Pta/Letra IZDA, piso 3, puerta IZDA","postal_code":"11520","places":4,"units":2,"registered":"2025-03-24","catastro":"6360219QA3566A0004YS","holder":null,"holder_count":null}},{"type":"Feature","geometry":{"type":"Point","coordinates":[-6.408232,36.691285]},"properties":{"id":"VUT/CA/23518","type":"VUT","group":"Completa","address":"CALLE TEHIGO Nº 2 Esc. 3 Plta/Piso BAJO Pta/Letra 8, piso BAJO, puerta 8","postal_code":"11520","places":5,"units":2,"registered":"2025-03-24","catastro":"1640802QA3613N0060DO","holder":null,"holder_count":null}},{"type":"Feature","geometry":{"type":"Point","coordinates":[-6.37494,36.628454]},"properties":{"id":"VUT/CA/23524","type":"VUT","group":"Completa","address":"AVENIDA PRÍNCIPES DE ESPAÑA Nº 154 Plta/Piso 1 Pta/Letra D Compl.Dom. RESIDENCIAL ROTAPRÍNCIPE, CONJUNTO A2, piso 1, puerta D","postal_code":"11520","places":4,"units":2,"registered":"2025-03-24","catastro":"4971711QA3547S0083ZJ","holder":"EMPUL CONSULTING 2021 S.L","holder_count":1}},{"type":"Feature","geometry":{"type":"Point","coordinates":[-6.369591,36.622514]},"properties":{"id":"VUT/CA/23531","type":"VUT","group":"Completa","address":"CALLE Santiago Guillen Moreno Nº 1-3 Blq. 4 Plta/Piso 5 Pta/Letra a Compl.Dom. Urb. Virgen del Mar, Bq 4-5-A, piso 5, puerta a","postal_code":"11520","places":5,"units":2,"registered":"2025-03-24","catastro":"5463202QA3556C0263DR","holder":null,"holder_count":null}},{"type":"Feature","geometry":{"type":"Point","coordinates":[-6.360247,36.62397]},"properties":{"id":"VUT/CA/23536","type":"VUT","group":"Completa","address":"CALLE RUBEN DARIO Nº 3 Plta/Piso 3 Pta/Letra A Compl.Dom. EDIFICIO NICARAGUA, piso 3, puerta A","postal_code":"11520","places":5,"units":2,"registered":"2025-03-24","catastro":"6166604QA3566E0027ML","holder":null,"holder_count":null}},{"type":"Feature","geometry":{"type":"Point","coordinates":[-6.384722,36.634878]},"properties":{"id":"VUT/CA/23551","type":"VUT","group":"Completa","address":"CALLE NUESTRO PADRE JESUS DE LA PAZ Nº 7 Blq. 2 Plta/Piso 0 Pta/Letra J, piso 0, puerta J","postal_code":"11520","places":6,"units":2,"registered":"2025-03-25","catastro":"3977505QA3537N0001FH","holder":null,"holder_count":null}},{"type":"Feature","geometry":{"type":"Point","coordinates":[-6.365096,36.626644]},"properties":{"id":"VUT/CA/23566","type":"VUT","group":"Completa","address":"AVENIDA MARIA AUXILIADORA Nº 65 Plta/Piso 4 Pta/Letra B, piso 4, puerta B","postal_code":"11520","places":6,"units":3,"registered":"2025-03-26","catastro":"5768902QA3556H0013QI","holder":null,"holder_count":null}},{"type":"Feature","geometry":{"type":"Point","coordinates":[-6.369591,36.622514]},"properties":{"id":"VUT/CA/23571","type":"VUT","group":"Completa","address":"AVENIDA DE SEVILLA Portal 6 Plta/Piso 7º Pta/Letra A Compl.Dom. RESIDENCIAL VIRGEN DEL MAR, piso 7º, puerta A","postal_code":"11520","places":7,"units":4,"registered":"2025-03-26","catastro":"5463202QA3556C0208XD","holder":null,"holder_count":null}},{"type":"Feature","geometry":{"type":"Point","coordinates":[-6.389067,36.638128]},"properties":{"id":"VUT/CA/23593","type":"VUT","group":"Completa","address":"AVENIDA Joaquín Sabina Nº 7 Blq. C Esc. 6 Plta/Piso Atico Pta/Letra B, piso Atico, puerta B","postal_code":"11520","places":8,"units":3,"registered":"2025-03-26","catastro":"3680313QA3538S0357PX","holder":"STAYCARE, S.L.U.","holder_count":21}},{"type":"Feature","geometry":{"type":"Point","coordinates":[-6.383793,36.635266]},"properties":{"id":"VUT/CA/23654","type":"VUT","group":"Completa","address":"CALLE NUESTRO PADRE JESÚS DE LA PAZ Nº 7","postal_code":"11520","places":4,"units":2,"registered":"2025-03-27","catastro":"4078203QA3547N0001TB","holder":"STAYCARE S.L.U.","holder_count":3}},{"type":"Feature","geometry":{"type":"Point","coordinates":[-6.389067,36.638128]},"properties":{"id":"VUT/CA/23659","type":"VUT","group":"Completa","address":"AVENIDA JOAQUIN SABINA Nº 7 Esc. 1 Plta/Piso 1 Pta/Letra B, piso 1, puerta B","postal_code":"11520","places":6,"units":2,"registered":"2025-03-28","catastro":"3680313QA3538S0299FE","holder":null,"holder_count":null}},{"type":"Feature","geometry":{"type":"Point","coordinates":[-6.416344,36.693433]},"properties":{"id":"VUT/CA/23738","type":"VUT","group":"Completa","address":"AVENIDA JOSE RODRIGUEZ DE LA BORBOLLA Nº 13 Pta/Letra A13, puerta A13","postal_code":"11520","places":6,"units":3,"registered":"2025-03-31","catastro":"0841901QA3604S0018EE","holder":null,"holder_count":null}},{"type":"Feature","geometry":{"type":"Point","coordinates":[-6.36731,36.621786]},"properties":{"id":"VUT/CA/23740","type":"VUT","group":"Completa","address":"CALLE DOCTOR GONZÁLEZ MENESES Nº 8 Plta/Piso 2 Pta/Letra I Compl.Dom. URBANIZACIÓN VIRGEN DEL ROCÍO, piso 2, puerta I","postal_code":"11520","places":10,"units":3,"registered":"2025-03-31","catastro":"5463205QA3556S0028AD","holder":null,"holder_count":null}},{"type":"Feature","geometry":{"type":"Point","coordinates":[-6.410819,36.688887]},"properties":{"id":"VUT/CA/23749","type":"VUT","group":"Completa","address":"AVENIDA REINA SOFIA Nº 7 Pta/Letra 4, puerta 4","postal_code":"11520","places":6,"units":3,"registered":"2025-03-31","catastro":"1436301QA3613N0125ZS","holder":null,"holder_count":null}},{"type":"Feature","geometry":{"type":"Point","coordinates":[-6.357609,36.622321]},"properties":{"id":"VUT/CA/23751","type":"VUT","group":"Completa","address":"CALLE SAN CAYETANO Nº 2 Plta/Piso BAJO Pta/Letra 2, piso BAJO, puerta 2","postal_code":"11520","places":3,"units":2,"registered":"2025-03-31","catastro":"6466589QA3566E0001KX","holder":null,"holder_count":null}},{"type":"Feature","geometry":{"type":"Point","coordinates":[-6.364029,36.621286]},"properties":{"id":"VUT/CA/23825","type":"VUT","group":"Completa","address":"CALLE POETA MARILO NAVAL Nº 1 Esc. 1 Plta/Piso 2 Pta/Letra B, piso 2, puerta B","postal_code":"11520","places":5,"units":2,"registered":"2025-04-01","catastro":"5862229QA3556B0062BA","holder":null,"holder_count":null}},{"type":"Feature","geometry":{"type":"Point","coordinates":[-6.367802,36.627392]},"properties":{"id":"VUT/CA/23963","type":"VUT","group":"Completa","address":"AVENIDA VALDECARRETA Nº 6 Plta/Piso 2 Pta/Letra O, piso 2, puerta O","postal_code":"11520","places":6,"units":3,"registered":"2025-04-04","catastro":"5469105QA3556N0049YB","holder":null,"holder_count":null}},{"type":"Feature","geometry":{"type":"Point","coordinates":[-6.36731,36.621786]},"properties":{"id":"VUT/CA/24020","type":"VUT","group":"Completa","address":"CALLE Doctor González Meneses Nº 10 Blq. 10 Plta/Piso 3 Pta/Letra I, piso 3, puerta I","postal_code":"11520","places":6,"units":2,"registered":"2025-04-08","catastro":"5463205QA3556S0038KB","holder":null,"holder_count":null}},{"type":"Feature","geometry":{"type":"Point","coordinates":[-6.408232,36.691285]},"properties":{"id":"VUT/CA/24046","type":"VUT","group":"Completa","address":"CALLE TEHIGO (BALLENA) Nº 2 Esc. 1 Plta/Piso 3 Pta/Letra 20 Compl.Dom. RESIDENCIAL BALLENA GOLF, piso 3, puerta 20","postal_code":"11520","places":6,"units":3,"registered":"2025-04-11","catastro":"1640802QA3613N0020IR","holder":null,"holder_count":null}},{"type":"Feature","geometry":{"type":"Point","coordinates":[-6.413601,36.690643]},"properties":{"id":"VUT/CA/24047","type":"VUT","group":"Completa","address":"AVENIDA REY JUAN CARLOS I Nº 11 Portal 1A Plta/Piso 1 Pta/Letra B, piso 1, puerta B","postal_code":"11520","places":6,"units":3,"registered":"2025-04-12","catastro":"1138301QA3613N0009LX","holder":null,"holder_count":null}},{"type":"Feature","geometry":{"type":"Point","coordinates":[-6.364338,36.623221]},"properties":{"id":"VUT/CA/24080","type":"VUT","group":"Completa","address":"CALLE ZURBARÁN Nº 14 Plta/Piso 2 Pta/Letra DCHA, piso 2, puerta DCHA","postal_code":"11520","places":5,"units":2,"registered":"2025-04-20","catastro":"5865805QA3556F0005LI","holder":null,"holder_count":null}},{"type":"Feature","geometry":{"type":"Point","coordinates":[-6.386082,36.631907]},"properties":{"id":"VUT/CA/24087","type":"VUT","group":"Completa","address":"CALLE de la Solea Nº 4 Plta/Piso Bajo Pta/Letra 1 Compl.Dom. Urbanizacion Pinar de la Almadraba Boque 1 Escalera B Bajo 1, piso Bajo, puerta 1","postal_code":"11520","places":4,"units":1,"registered":"2025-04-21","catastro":"4038102QA3643G0033DO","holder":null,"holder_count":null}},{"type":"Feature","geometry":{"type":"Point","coordinates":[-6.367837,36.629414]},"properties":{"id":"VUT/CA/24093","type":"VUT","group":"Completa","address":"CALLE CURA LA ROMINA Nº 1 Plta/Piso 3 Compl.Dom. ATICO B, piso 3","postal_code":"11520","places":4,"units":1,"registered":"2025-04-22","catastro":"5471104QA3557S0190ZT","holder":null,"holder_count":null}},{"type":"Feature","geometry":{"type":"Point","coordinates":[-6.405475,36.689052]},"properties":{"id":"VUT/CA/24121","type":"VUT","group":"Completa","address":"AVENIDA DE LA BALLENA Nº 8 Portal 3 Plta/Piso BAJO Pta/Letra C Compl.Dom. URBANIZACION LOS CAÑIZOS, piso BAJO, puerta C","postal_code":"11520","places":6,"units":2,"registered":"2025-04-25","catastro":"1640804QA3613N0032SD","holder":null,"holder_count":null}},{"type":"Feature","geometry":{"type":"Point","coordinates":[-6.410819,36.688887]},"properties":{"id":"VUT/CA/24179","type":"VUT","group":"Completa","address":"AVENIDA REINA SOFIA Nº 5 Blq. 1 Portal 1 Plta/Piso 1 Pta/Letra 1 Compl.Dom. RESIDENCIAL PARAÍSO PLAYA GOLF, piso 1, puerta 1","postal_code":"11520","places":4,"units":2,"registered":"2025-05-06","catastro":"1436301QA3613N0011UZ","holder":null,"holder_count":null}},{"type":"Feature","geometry":{"type":"Point","coordinates":[-6.41552,36.691448]},"properties":{"id":"VUT/CA/24188","type":"VUT","group":"Completa","address":"AVENIDA JOSÉ RODRÍGUEZ DE LA BORBOLLA Nº 1 Compl.Dom. URBANIZACIÓN TARTESSOS","postal_code":"11520","places":6,"units":3,"registered":"2025-05-07","catastro":"0939501QA3603N0041ZG","holder":null,"holder_count":null}},{"type":"Feature","geometry":{"type":"Point","coordinates":[-6.359172,36.627156]},"properties":{"id":"VUT/CA/24231","type":"VUT","group":"Completa","address":"CALLE JUAN SEBASTIÁN EL CANO Nº 9 Plta/Piso 4 Pta/Letra C, piso 4, puerta C","postal_code":"11520","places":6,"units":3,"registered":"2025-05-14","catastro":"6269104QA3566G0015QT","holder":null,"holder_count":null}},{"type":"Feature","geometry":{"type":"Point","coordinates":[-6.359795,36.618536]},"properties":{"id":"VUT/CA/24280","type":"VUT","group":"Completa","address":"CALLE PRIM Nº 14 Plta/Piso 1, piso 1","postal_code":"11520","places":4,"units":2,"registered":"2025-05-21","catastro":"6160411QA3566A1001XU","holder":null,"holder_count":null}},{"type":"Feature","geometry":{"type":"Point","coordinates":[-6.410991,36.691478]},"properties":{"id":"VUT/CA/24297","type":"VUT","group":"Completa","address":"AVENIDA REINA SOFIA Nº 1 Blq. 7 Plta/Piso 2 Pta/Letra C, piso 2, puerta C","postal_code":"11520","places":5,"units":2,"registered":"2025-05-22","catastro":"1339401QA3613N0181JR","holder":null,"holder_count":null}},{"type":"Feature","geometry":{"type":"Point","coordinates":[-6.416344,36.693433]},"properties":{"id":"VUT/CA/24393","type":"VUT","group":"Completa","address":"AVENIDA JOSE RODRIGUEZ DE LA BORBOLLA Nº 13 Pta/Letra A11 Compl.Dom. URBANIZACIÓN PALOS PLAYA, puerta A11","postal_code":"11550","places":6,"units":3,"registered":"2025-05-30","catastro":"0841901QA3604S0020WW","holder":null,"holder_count":null}},{"type":"Feature","geometry":{"type":"Point","coordinates":[-6.412443,36.692825]},"properties":{"id":"VUT/CA/24399","type":"VUT","group":"Completa","address":"AVENIDA TORREBREVA Nº 1 Blq. 3 Pta/Letra 8, puerta 8","postal_code":"11520","places":6,"units":3,"registered":"2025-05-31","catastro":"1045103QA3614S0064WG","holder":null,"holder_count":null}},{"type":"Feature","geometry":{"type":"Point","coordinates":[-6.364643,36.620979]},"properties":{"id":"VUT/CA/24404","type":"VUT","group":"Completa","address":"CALLE Triana Nº 3 Compl.Dom. Casa  individual","postal_code":"11520","places":6,"units":3,"registered":"2025-06-01","catastro":"5762406QA3556D0001QO","holder":null,"holder_count":null}},{"type":"Feature","geometry":{"type":"Point","coordinates":[-6.36093,36.62108]},"properties":{"id":"VUT/CA/24426","type":"VUT","group":"Completa","address":"CALLE VIRGEN DE LOS REYES Nº 8 Plta/Piso 1 Pta/Letra B, piso 1, puerta B","postal_code":"11520","places":4,"units":2,"registered":"2025-06-03","catastro":"6262146QA3566A0004ZS","holder":null,"holder_count":null}},{"type":"Feature","geometry":{"type":"Point","coordinates":[-6.355961,36.62715]},"properties":{"id":"VUT/CA/24433","type":"VUT","group":"Completa","address":"AVENIDA SAN FERNANDO Nº 95 Plta/Piso 2º Pta/Letra IZQ, piso 2º, puerta IZQ","postal_code":"11520","places":8,"units":3,"registered":"2025-06-04","catastro":"6570607QA3567B0004YG","holder":null,"holder_count":null}},{"type":"Feature","geometry":{"type":"Point","coordinates":[-6.412443,36.692825]},"properties":{"id":"VUT/CA/24448","type":"VUT","group":"Completa","address":"AVENIDA JUAN CARLOS I Nº 8 Blq. 4 Pta/Letra 7, puerta 7","postal_code":"11520","places":6,"units":3,"registered":"2025-06-04","catastro":"1045103QA3614S0091BP","holder":null,"holder_count":null}},{"type":"Feature","geometry":{"type":"Point","coordinates":[-6.41552,36.691448]},"properties":{"id":"VUT/CA/24481","type":"VUT","group":"Completa","address":"AVENIDA JUAN CARLOS I Nº 14 Portal 17","postal_code":"11550","places":8,"units":4,"registered":"2025-06-06","catastro":"0939501QA3603N0017YM","holder":null,"holder_count":null}},{"type":"Feature","geometry":{"type":"Point","coordinates":[-6.387792,36.636]},"properties":{"id":"VUT/CA/24522","type":"VUT","group":"Completa","address":"AVENIDA Principes de España Nº 224 Plta/Piso 1 Pta/Letra G, piso 1, puerta G","postal_code":"11520","places":6,"units":2,"registered":"2025-06-10","catastro":"3878101QA3537H0039RF","holder":null,"holder_count":null}},{"type":"Feature","geometry":{"type":"Point","coordinates":[-6.355807,36.624791]},"properties":{"id":"VUT/CA/24561","type":"VUT","group":"Completa","address":"CALLE Nuestra Señora de los Remedios Nº 5","postal_code":"11520","places":13,"units":3,"registered":"2025-06-13","catastro":"6667248QA3566F0001PI","holder":null,"holder_count":null}},{"type":"Feature","geometry":{"type":"Point","coordinates":[-6.361567,36.621334]},"properties":{"id":"VUT/CA/24575","type":"VUT","group":"Por habitaciones","address":"AVENIDA SAN FERNANDO Nº 19 Plta/Piso 1 Pta/Letra IZQ, piso 1, puerta IZQ","postal_code":"11520","places":2,"units":1,"registered":"2025-06-14","catastro":"6063212QA3566C0003RY","holder":null,"holder_count":null}},{"type":"Feature","geometry":{"type":"Point","coordinates":[-6.357595,36.61979]},"properties":{"id":"VUT/CA/24576","type":"VUT","group":"Completa","address":"CALLE Veracruz Nº 21 Esc. I Plta/Piso 1, piso 1","postal_code":"11520","places":4,"units":2,"registered":"2025-06-14","catastro":"6461121QA3566A0006GF","holder":null,"holder_count":null}},{"type":"Feature","geometry":{"type":"Point","coordinates":[-6.348365,36.62641]},"properties":{"id":"VUT/CA/24753","type":"VUT","group":"Completa","address":"CALLE Carlos Cano Nº s/n Portal 34 Plta/Piso 1 Pta/Letra I Compl.Dom. Residencial Serrano, Blq. 34 1º-Izd, piso 1, puerta I","postal_code":"11520","places":5,"units":3,"registered":"2025-06-26","catastro":"7067904QA3576E0066LR","holder":null,"holder_count":null}},{"type":"Feature","geometry":{"type":"Point","coordinates":[-6.358831,36.620085]},"properties":{"id":"VUT/CA/24781","type":"VUT","group":"Completa","address":"CALLE ISAAC PERAL Nº 22 Plta/Piso BAJA Pta/Letra 1, piso BAJA, puerta 1","postal_code":"11520","places":4,"units":2,"registered":"2025-06-27","catastro":"6361204QA3566A0001GO","holder":null,"holder_count":null}},{"type":"Feature","geometry":{"type":"Point","coordinates":[-6.385669,36.631946]},"properties":{"id":"VUT/CA/24807","type":"VUT","group":"Completa","address":"CALLE DE LA PETENERA Nº 5 Blq. 5 Portal C Esc. 2º Plta/Piso 2, piso 2","postal_code":"11520","places":5,"units":2,"registered":"2025-06-30","catastro":"4038103QA3643G0018DM","holder":null,"holder_count":null}},{"type":"Feature","geometry":{"type":"Point","coordinates":[-6.362895,36.623117]},"properties":{"id":"VUT/CA/24833","type":"VUT","group":"Completa","address":"AVENIDA DE LA MARINA Nº 20 Plta/Piso 1 Pta/Letra C, piso 1, puerta C","postal_code":"11520","places":10,"units":4,"registered":"2025-06-30","catastro":"5965703QA3556F0003PY","holder":null,"holder_count":null}},{"type":"Feature","geometry":{"type":"Point","coordinates":[-6.364643,36.620979]},"properties":{"id":"VUT/CA/24866","type":"VUT","group":"Completa","address":"CALLE Triana Nº 3 Compl.Dom. Casa Individual","postal_code":"11520","places":8,"units":4,"registered":"2025-07-02","catastro":"5762406QA3556D0001QO","holder":null,"holder_count":null}},{"type":"Feature","geometry":{"type":"Point","coordinates":[-6.389067,36.638128]},"properties":{"id":"VUT/CA/24886","type":"VUT","group":"Completa","address":"AVENIDA JOAQUÍN SABINA Nº 7 Blq. 5 Plta/Piso 1 Pta/Letra B, piso 1, puerta B","postal_code":"11520","places":6,"units":2,"registered":"2025-07-04","catastro":"3680313QA3538S0315EG","holder":"OLE SOLUTIONS HOLIDAY RENTALS S.L.","holder_count":4}},{"type":"Feature","geometry":{"type":"Point","coordinates":[-6.409681,36.67739]},"properties":{"id":"VUT/CA/24924","type":"VUT","group":"Completa","address":"AVENIDA NUEVO OASIS DEL SUR Nº 1 Plta/Piso 112 Compl.Dom. COSTA BALLENA - URBANIZACIÓN NUEVO OASIS DEL SUR I, piso 112","postal_code":"11520","places":7,"units":2,"registered":"2025-07-11","catastro":"1523401QA3612S0250OX","holder":null,"holder_count":null}},{"type":"Feature","geometry":{"type":"Point","coordinates":[-6.409681,36.67739]},"properties":{"id":"VUT/CA/24927","type":"VUT","group":"Completa","address":"AVENIDA Nuevo Oasis del Sur Nº 1 Pta/Letra 29 Compl.Dom. Urbanización Nuevo oasis de sur Fase 1 Casa 29, puerta 29","postal_code":"11520","places":8,"units":4,"registered":"2025-07-11","catastro":"1523401QA3612S0029FR","holder":null,"holder_count":null}},{"type":"Feature","geometry":{"type":"Point","coordinates":[-6.355729,36.623256]},"properties":{"id":"VUT/CA/25037","type":"VUT","group":"Completa","address":"CALLE FEDERICO GARCIA LORCA Nº 38","postal_code":"11520","places":4,"units":2,"registered":"2025-07-30","catastro":"6565508QA3566F0001ZI","holder":null,"holder_count":null}},{"type":"Feature","geometry":{"type":"Point","coordinates":[-6.417473,36.6891]},"properties":{"id":"VUT/CA/25073","type":"VUT","group":"Completa","address":"AVENIDA DEL MAR Nº 2 Esc. 2 Plta/Piso 0 Pta/Letra D Compl.Dom. EDIFICIO BAHIA PALACIO SL, piso 0, puerta D","postal_code":"11520","places":6,"units":2,"registered":"2025-08-06","catastro":"0736901QA3603N0342WW","holder":"JULCAR ESTATE, SOCIEDAD LIMITADA","holder_count":1}},{"type":"Feature","geometry":{"type":"Point","coordinates":[-6.41112,36.690483]},"properties":{"id":"VUT/CA/25095","type":"VUT","group":"Completa","address":"AVENIDA REINA SOFIA Nº 3 Portal BAJO Esc. 7 Plta/Piso BJ Pta/Letra B Compl.Dom. RESIDENCIAL DUNAS III, piso BJ, puerta B","postal_code":"11520","places":8,"units":3,"registered":"2025-08-08","catastro":"1338901QA3613N0082UW","holder":null,"holder_count":null}},{"type":"Feature","geometry":{"type":"Point","coordinates":[-6.385864,36.636643]},"properties":{"id":"VUT/CA/25128","type":"VUT","group":"Completa","address":"AVENIDA Alfonso Perales 5 Blq. 1 Plta/Piso 1 Pta/Letra K Compl.Dom. Urb. Célere Punta Candor., piso 1, puerta K","postal_code":"11520","places":4,"units":2,"registered":"2025-08-18","catastro":"3879905QA3537N0072YB","holder":null,"holder_count":null}},{"type":"Feature","geometry":{"type":"Point","coordinates":[-6.41465,36.690039]},"properties":{"id":"VUT/CA/25151","type":"VUT","group":"Completa","address":"CALLE AGUA,AZUCARILLO Y AGUARDIENTE Nº 2 Portal 2 Plta/Piso 2 Pta/Letra 2 Compl.Dom. URB. CLUB ARCE 2, piso 2, puerta 2","postal_code":"11520","places":9,"units":3,"registered":"2025-08-22","catastro":"1037301QA3603N0077ML","holder":null,"holder_count":null}},{"type":"Feature","geometry":{"type":"Point","coordinates":[-6.411045,36.686546]},"properties":{"id":"VUT/CA/25169","type":"VUT","group":"Completa","address":"BAJADA REINA SOFÍA Nº 10 Blq. D Portal 1 Plta/Piso 2 Pta/Letra C Compl.Dom. URBANIZACION HOYO 11, piso 2, puerta C","postal_code":"11550","places":6,"units":3,"registered":"2025-08-26","catastro":"1334701QA3613S0085TD","holder":null,"holder_count":null}},{"type":"Feature","geometry":{"type":"Point","coordinates":[-6.355111,36.623724]},"properties":{"id":"VUT/CA/25191","type":"VUT","group":"Completa","address":"CALLE SAGRADO CORAZON DE JESUS Nº 34 Pta/Letra BAJO, puerta BAJO","postal_code":"11520","places":6,"units":3,"registered":"2025-09-01","catastro":"6666403QA3566F1001DY","holder":null,"holder_count":null}},{"type":"Feature","geometry":{"type":"Point","coordinates":[-6.38803,36.637461]},"properties":{"id":"VUT/CA/25193","type":"VUT","group":"Completa","address":"AVENIDA Escritora Almudena Grandes Nº 2 Blq. 1 Esc. 1 Plta/Piso 1 Pta/Letra B, piso 1, puerta B","postal_code":"11520","places":6,"units":2,"registered":"2025-09-02","catastro":"3680303QA3538S0036GZ","holder":null,"holder_count":null}},{"type":"Feature","geometry":{"type":"Point","coordinates":[-6.38706,36.635761]},"properties":{"id":"VUT/CA/25200","type":"VUT","group":"Completa","address":"AVENIDA PRINCIPES DE ESPAÑA Nº 218 Blq. V Pta/Letra 42, puerta 42","postal_code":"11520","places":4,"units":2,"registered":"2025-09-03","catastro":"4180825QA3548S0042TT","holder":null,"holder_count":null}},{"type":"Feature","geometry":{"type":"Point","coordinates":[-6.38706,36.635761]},"properties":{"id":"VUT/CA/25204","type":"VUT","group":"Completa","address":"AVENIDA PRINCIPES DE ESPAÑA Nº 218 Blq. V Pta/Letra 42, puerta 42","postal_code":"11520","places":4,"units":2,"registered":"2025-09-04","catastro":"4180825QA3548S0042TT","holder":null,"holder_count":null}},{"type":"Feature","geometry":{"type":"Point","coordinates":[-6.367324,36.622509]},"properties":{"id":"VUT/CA/25205","type":"VUT","group":"Por habitaciones","address":"CALLE ALCALÁ DE GUADAÍRA Nº 1","postal_code":"11520","places":2,"units":2,"registered":"2025-09-04","catastro":"5564110QA3556D0001QO","holder":null,"holder_count":null}},{"type":"Feature","geometry":{"type":"Point","coordinates":[-6.360249,36.618042]},"properties":{"id":"VUT/CA/25238","type":"VUT","group":"Completa","address":"CALLE HIGUERETA Nº 15 Plta/Piso 1 Pta/Letra A, piso 1, puerta A","postal_code":"11520","places":2,"units":1,"registered":"2025-09-15","catastro":"6159208QA3565G0003TW","holder":null,"holder_count":null}},{"type":"Feature","geometry":{"type":"Point","coordinates":[-6.38706,36.635761]},"properties":{"id":"VUT/CA/25239","type":"VUT","group":"Completa","address":"AVENIDA PRINCIPES DE ESPAÑA Nº 218 Blq. V Pta/Letra 42, puerta 42","postal_code":"11520","places":4,"units":2,"registered":"2025-09-15","catastro":"4180825QA3548S0042TT","holder":null,"holder_count":null}},{"type":"Feature","geometry":{"type":"Point","coordinates":[-6.378284,36.627892]},"properties":{"id":"VUT/CA/25241","type":"VUT","group":"Completa","address":"AVENIDA DIPUTACIÓN Nº 66 Plta/Piso BAJO Pta/Letra A, piso BAJO, puerta A","postal_code":"11520","places":6,"units":3,"registered":"2025-09-16","catastro":"4570614QA3547B0018RK","holder":null,"holder_count":null}},{"type":"Feature","geometry":{"type":"Point","coordinates":[-6.417411,36.692072]},"properties":{"id":"VUT/CA/25271","type":"VUT","group":"Completa","address":"CALLE CORVINA Nº 6 Blq. 9 Plta/Piso BAJO Pta/Letra D, piso BAJO, puerta D","postal_code":"11520","places":6,"units":2,"registered":"2025-09-24","catastro":"0740801QA3604S0117RT","holder":"MATEYANA SL","holder_count":1}},{"type":"Feature","geometry":{"type":"Point","coordinates":[-6.366218,36.621326]},"properties":{"id":"VUT/CA/25286","type":"VUT","group":"Completa","address":"CALLE Córdoba Nº Bajo 3 Blq. 8","postal_code":"11520","places":6,"units":3,"registered":"2025-09-27","catastro":"5663703QA3556D0138UJ","holder":null,"holder_count":null}},{"type":"Feature","geometry":{"type":"Point","coordinates":[-6.369591,36.622514]},"properties":{"id":"VUT/CA/25327","type":"VUT","group":"Completa","address":"CALLE Santiago Guillén Moreno Nº 11 Plta/Piso 8 Pta/Letra A, piso 8, puerta A","postal_code":"11520","places":5,"units":2,"registered":"2025-10-09","catastro":"5463202QA3556C0036SE","holder":null,"holder_count":null}},{"type":"Feature","geometry":{"type":"Point","coordinates":[-6.358614,36.619611]},"properties":{"id":"VUT/CA/25346","type":"VUT","group":"Completa","address":"CALLE CASTELAR Nº 6 Plta/Piso BJ Pta/Letra C, piso BJ, puerta C","postal_code":"11520","places":8,"units":3,"registered":"2025-10-15","catastro":"6361224QA3566A0007OG","holder":null,"holder_count":null}},{"type":"Feature","geometry":{"type":"Point","coordinates":[-6.369188,36.627187]},"properties":{"id":"VUT/CA/25386","type":"VUT","group":"Completa","address":"AVENIDA VALDECARRETAS Blq. 3 Portal B Plta/Piso BAJO Pta/Letra 70 Compl.Dom. URBANIZACIÓN VALDECARRETAS, piso BAJO, puerta 70","postal_code":"11520","places":7,"units":2,"registered":"2025-10-23","catastro":"5369101QA3556N0345YW","holder":null,"holder_count":null}},{"type":"Feature","geometry":{"type":"Point","coordinates":[-6.374412,36.627771]},"properties":{"id":"VUT/CA/25394","type":"VUT","group":"Completa","address":"CALLE LAGUNA DEL MORAL Nº 11 Blq. 1 Plta/Piso 2 Pta/Letra A, piso 2, puerta A","postal_code":"11520","places":6,"units":3,"registered":"2025-10-27","catastro":"4870505QA3547B0036EU","holder":null,"holder_count":null}},{"type":"Feature","geometry":{"type":"Point","coordinates":[-6.412491,36.690472]},"properties":{"id":"VUT/CA/25398","type":"VUT","group":"Completa","address":"AVENIDA REINA SOFIA Nº 4 Portal 5 Esc. 0 Plta/Piso 0 Pta/Letra 2 Compl.Dom. AVENIDA REINA SOFIA Nº4, URBANIZACION PLAYABALLENA 1, PORTAL 5, BAJO 2, piso 0, puerta 2","postal_code":"11520","places":8,"units":2,"registered":"2025-10-28","catastro":"1238901QA3613N0054LY","holder":null,"holder_count":null}},{"type":"Feature","geometry":{"type":"Point","coordinates":[-6.370175,36.624134]},"properties":{"id":"VUT/CA/25413","type":"VUT","group":"Completa","address":"CALLE PEDRO MUÑOZ SECA Nº 1 Portal 5 Plta/Piso BAJO Pta/Letra C, piso BAJO, puerta C","postal_code":"11420","places":4,"units":3,"registered":"2025-10-30","catastro":"5265401QA3556E0035DB","holder":null,"holder_count":null}},{"type":"Feature","geometry":{"type":"Point","coordinates":[-6.357609,36.622321]},"properties":{"id":"VUT/CA/25416","type":"VUT","group":"Completa","address":"CALLE SAN CAYETANO Nº 2 Esc. 1 Pta/Letra 4, puerta 4","postal_code":"11520","places":6,"units":3,"registered":"2025-10-31","catastro":"6466589QA3566E0005XE","holder":null,"holder_count":null}},{"type":"Feature","geometry":{"type":"Point","coordinates":[-6.357078,36.627488]},"properties":{"id":"VUT/CA/25425","type":"VUT","group":"Completa","address":"CALLE SAN JUAN BOSCO Nº 16 Plta/Piso 2 Pta/Letra DR, piso 2, puerta DR","postal_code":"11520","places":4,"units":2,"registered":"2025-11-04","catastro":"6469205QA3566G0003SL","holder":null,"holder_count":null}},{"type":"Feature","geometry":{"type":"Point","coordinates":[-6.356907,36.622933]},"properties":{"id":"VUT/CA/25438","type":"VUT","group":"Completa","address":"CALLE Calvario Nº 28","postal_code":"11520","places":4,"units":1,"registered":"2025-11-07","catastro":"6464410QA3566C0001AR","holder":null,"holder_count":null}},{"type":"Feature","geometry":{"type":"Point","coordinates":[-6.364557,36.621718]},"properties":{"id":"VUT/CA/25450","type":"VUT","group":"Completa","address":"CALLE San Francisco Nº 6 Plta/Piso Baja Pta/Letra C, piso Baja, puerta C","postal_code":"11520","places":5,"units":2,"registered":"2025-11-10","catastro":"5862202QA3556S0032JF","holder":null,"holder_count":null}},{"type":"Feature","geometry":{"type":"Point","coordinates":[-6.358614,36.619611]},"properties":{"id":"VUT/CA/25477","type":"VUT","group":"Completa","address":"CALLE CASTELAR Nº 6-8 Plta/Piso 1 Pta/Letra E, piso 1, puerta E","postal_code":"11520","places":4,"units":2,"registered":"2025-11-16","catastro":"6361224QA3566A0017HX","holder":null,"holder_count":null}},{"type":"Feature","geometry":{"type":"Point","coordinates":[-6.358651,36.61753]},"properties":{"id":"VUT/CA/25530","type":"VUT","group":"Completa","address":"CALLE Poeta Angel García López Nº 13 Plta/Piso Baja Pta/Letra A Compl.Dom. Edificio Puerto Centro. El número del edificio anteriormente era el 9, pero actualmente es el número 13, piso Baja, puerta A","postal_code":"11520","places":6,"units":3,"registered":"2025-12-02","catastro":"6359501QA3565G0001TM","holder":null,"holder_count":null}},{"type":"Feature","geometry":{"type":"Point","coordinates":[-6.357359,36.617708]},"properties":{"id":"VUT/CA/25547","type":"VUT","group":"Completa","address":"CALLE PEREZ DE BEDOYA Nº 5 Plta/Piso 1º Pta/Letra A, piso 1º, puerta A","postal_code":"11520","places":4,"units":1,"registered":"2025-12-07","catastro":"6459610QA3565G0003AW","holder":null,"holder_count":null}},{"type":"Feature","geometry":{"type":"Point","coordinates":[-6.357078,36.627488]},"properties":{"id":"VUT/CA/25548","type":"VUT","group":"Completa","address":"CALLE SAN JUAN BOSCO Nº 12 Plta/Piso 2 Pta/Letra D, piso 2, puerta D","postal_code":"11520","places":5,"units":2,"registered":"2025-12-08","catastro":"6469205QA3566G0003SL","holder":null,"holder_count":null}},{"type":"Feature","geometry":{"type":"Point","coordinates":[-6.370659,36.628456]},"properties":{"id":"VUT/CA/25558","type":"VUT","group":"Completa","address":"AVENIDA LA MATEA Nº 14 Esc. 1 Plta/Piso 00, piso 00","postal_code":"11520","places":8,"units":4,"registered":"2025-12-09","catastro":"5169117QA3557S0008DH","holder":"STAYCARE SLU","holder_count":5}},{"type":"Feature","geometry":{"type":"Point","coordinates":[-6.357359,36.617708]},"properties":{"id":"VUT/CA/25591","type":"VUT","group":"Completa","address":"CALLE PÉREZ DE BEDOYA Nº 5 Plta/Piso 1º Pta/Letra A, piso 1º, puerta A","postal_code":"11520","places":4,"units":1,"registered":"2025-12-16","catastro":"6459610QA3565G0003AW","holder":null,"holder_count":null}},{"type":"Feature","geometry":{"type":"Point","coordinates":[-6.364246,36.626484]},"properties":{"id":"VUT/CA/25598","type":"VUT","group":"Completa","address":"CALLE MARIA AUXILIADORA Nº 84 Plta/Piso 4 Pta/Letra B, piso 4, puerta B","postal_code":"11520","places":5,"units":2,"registered":"2025-12-17","catastro":"5869702QA3556H0014FO","holder":null,"holder_count":null}},{"type":"Feature","geometry":{"type":"Point","coordinates":[-6.412491,36.690472]},"properties":{"id":"VUT/CA/25655","type":"VUT","group":"Completa","address":"AVENIDA reina sofia Nº 4 Blq. 7 Esc. 7 Plta/Piso 2 Compl.Dom. urb. costa ballena, piso 2","postal_code":"11520","places":5,"units":2,"registered":"2026-01-13","catastro":"1238901QA3613N0090BU","holder":null,"holder_count":null}},{"type":"Feature","geometry":{"type":"Point","coordinates":[-6.41375,36.684835]},"properties":{"id":"VUT/CA/25740","type":"VUT","group":"Completa","address":"CALLE PEÑA DEL ÁGUILA Nº 6 Blq. 2 Plta/Piso 18 Compl.Dom. MARINA GOLF, piso 18","postal_code":"11520","places":5,"units":2,"registered":"2026-01-28","catastro":"1131401QA3613S0151KF","holder":null,"holder_count":null}},{"type":"Feature","geometry":{"type":"Point","coordinates":[-6.412443,36.692825]},"properties":{"id":"VUT/CA/25758","type":"VUT","group":"Completa","address":"AVENIDA DE JUAN CARLOS I Nº 8 Blq. 2 Portal 15","postal_code":"11520","places":9,"units":3,"registered":"2026-01-30","catastro":"1045103QA3614S0043PM","holder":null,"holder_count":null}},{"type":"Feature","geometry":{"type":"Point","coordinates":[-6.35871,36.61837]},"properties":{"id":"VUT/CA/25786","type":"VUT","group":"Completa","address":"CALLE BLAS INFANTE Nº 3 Plta/Piso 1 Pta/Letra A, piso 1, puerta A","postal_code":"11520","places":7,"units":3,"registered":"2026-02-04","catastro":"6359107QA3565G0003XW","holder":null,"holder_count":null}},{"type":"Feature","geometry":{"type":"Point","coordinates":[-6.408232,36.691285]},"properties":{"id":"VUT/CA/25835","type":"VUT","group":"Completa","address":"CALLE TEHIGO Nº 2 Blq. 1 Pta/Letra 4 Compl.Dom. COSTA BALLENA, puerta 4","postal_code":"11520","places":5,"units":2,"registered":"2026-02-12","catastro":"1640802QA3613N0004ZJ","holder":null,"holder_count":null}},{"type":"Feature","geometry":{"type":"Point","coordinates":[-6.379292,36.634122]},"properties":{"id":"VUT/CA/25841","type":"VUT","group":"Completa","address":"CALLE SAETERO RAFAEL REBOLLO EL TAITA Nº 1 Plta/Piso 1 Pta/Letra P, piso 1, puerta P","postal_code":"11520","places":2,"units":1,"registered":"2026-02-13","catastro":"4475806QA3547N0101SM","holder":null,"holder_count":null}},{"type":"Feature","geometry":{"type":"Point","coordinates":[-6.408232,36.691285]},"properties":{"id":"VUT/CA/25861","type":"VUT","group":"Completa","address":"CALLE TEHIGO Nº 2 Blq. 5 Pta/Letra 12 Compl.Dom. URBANIZACION BALLENA GOLF, puerta 12","postal_code":"11520","places":6,"units":2,"registered":"2026-02-18","catastro":"1640802QA3613N0114IR","holder":null,"holder_count":null}},{"type":"Feature","geometry":{"type":"Point","coordinates":[-6.413859,36.692229]},"properties":{"id":"VUT/CA/25863","type":"VUT","group":"Completa","address":"AVENIDA JUAN CARLOS I Nº 10 Blq. 7 Portal 21 Compl.Dom. URBANIZACIÓN","postal_code":"11520","places":8,"units":3,"registered":"2026-02-18","catastro":"1045104QA3614S0264JZ","holder":null,"holder_count":null}},{"type":"Feature","geometry":{"type":"Point","coordinates":[-6.41375,36.684835]},"properties":{"id":"VUT/CA/25881","type":"VUT","group":"Completa","address":"CALLE PEÑA DEL AGUILA Nº 6 Compl.Dom. CHALET 92","postal_code":"11520","places":8,"units":3,"registered":"2026-02-22","catastro":"1131401QA3613S0092ZJ","holder":null,"holder_count":null}},{"type":"Feature","geometry":{"type":"Point","coordinates":[-6.417411,36.692072]},"properties":{"id":"VUT/CA/25890","type":"VUT","group":"Completa","address":"CALLE Corvina Nº 1 Esc. 2 Pta/Letra F, puerta F","postal_code":"11520","places":4,"units":2,"registered":"2026-02-23","catastro":"0740801QA3604S0027IO","holder":null,"holder_count":null}},{"type":"Feature","geometry":{"type":"Point","coordinates":[-6.358022,36.617496]},"properties":{"id":"VUT/CA/25963","type":"VUT","group":"Completa","address":"PLAZA BARROSO Nº 4 Plta/Piso BAJA, piso BAJA","postal_code":"11520","places":4,"units":2,"registered":"2026-03-09","catastro":"6458103QA3565G0001JM","holder":null,"holder_count":null}},{"type":"Feature","geometry":{"type":"Point","coordinates":[-6.412443,36.692825]},"properties":{"id":"VUT/CA/26009","type":"VUT","group":"Completa","address":"AVENIDA JUAN CARLOS I Nº 8 Blq. 4 Plta/Piso 1 Pta/Letra 19, piso 1, puerta 19","postal_code":"11520","places":7,"units":3,"registered":"2026-03-16","catastro":"1045103QA3614S0103IZ","holder":null,"holder_count":null}},{"type":"Feature","geometry":{"type":"Point","coordinates":[-6.383793,36.635266]},"properties":{"id":"VUT/CA/26010","type":"VUT","group":"Completa","address":"CALLE NUESTRO PADRE JESUS DE LA PAZ Nº 7 Blq. 2 Plta/Piso 2 Pta/Letra H, piso 2, puerta H","postal_code":"11520","places":6,"units":2,"registered":"2026-03-16","catastro":"4078203QA3547N0156WJ","holder":null,"holder_count":null}}]}