{"type":"FeatureCollection","municipio":{"slug":"san-roque","name":"San Roque","total":1217,"places":8269,"source_updated_at":"2026-10-05"},"features":[{"type":"Feature","geometry":{"type":"Point","coordinates":[-5.421853,36.208996]},"properties":{"id":"A/CA/00416","type":"AT","group":"Edificio/Complejo","address":"POLIGONO INDUSTRIAL SAN ROQUE Nº 22B","postal_code":"11360","places":12,"units":3,"registered":"2026-03-26","catastro":"2300109TF8120S0001LO","holder":"RENTAL MANAGER S","holder_count":1}},{"type":"Feature","geometry":{"type":"Point","coordinates":[-5.282854,36.288799]},"properties":{"id":"VUT/CA/00056","type":"VUT","group":"Completa","address":"URBANIZACION Del Puerto de Soto Grande Marina II Blq. 2 Plta/Piso BAJA Pta/Letra B Compl.Dom. SOTO GRANDE, piso BAJA, puerta B","postal_code":"11310","places":4,"units":1,"registered":"2016-05-12","catastro":"5484927TF9158S0141GH","holder":"Enea Zul, SL","holder_count":1}},{"type":"Feature","geometry":{"type":"Point","coordinates":[-5.317172,36.27583]},"properties":{"id":"VUT/CA/00093","type":"VUT","group":"Completa","address":"CALLE DULCINEA DEL TOBOSO Nº 28","postal_code":"11310","places":8,"units":4,"registered":"2016-05-16","catastro":"2072311TF9127S0001ZW","holder":"HILLCREST SPAIN 1999,S.L.","holder_count":1}},{"type":"Feature","geometry":{"type":"Point","coordinates":[-5.326582,36.280281]},"properties":{"id":"VUT/CA/00254","type":"VUT","group":"Completa","address":"URBANIZACION VALGRANDE Nº 2-6 Plta/Piso 3 Pta/Letra P Compl.Dom. URB. SOTOGRANDE, piso 3, puerta P","postal_code":"11310","places":8,"units":4,"registered":"2016-05-25","catastro":"1177602TF9117N0280ZT","holder":null,"holder_count":null}},{"type":"Feature","geometry":{"type":"Point","coordinates":[-5.355203,36.269736]},"properties":{"id":"VUT/CA/00259","type":"VUT","group":"Completa","address":"CALLE GAUCIN Km 9 Compl.Dom. URB. SOTOGRANDE","postal_code":"11310","places":10,"units":5,"registered":"2016-05-26","catastro":"8566404TF8186N0001SS","holder":null,"holder_count":null}},{"type":"Feature","geometry":{"type":"Point","coordinates":[-5.334573,36.267533]},"properties":{"id":"VUT/CA/00260","type":"VUT","group":"Completa","address":"CALLE MESA DEL DIENTE Nº 3 Compl.Dom. URB. SAN ROQUE CLUB","postal_code":"11310","places":12,"units":6,"registered":"2016-05-26","catastro":"0464104TF9106S0001OM","holder":"SEAVILLE SPAIN, S.L.","holder_count":1}},{"type":"Feature","geometry":{"type":"Point","coordinates":[-5.311131,36.276973]},"properties":{"id":"VUT/CA/00288","type":"VUT","group":"Completa","address":"CALLE ALVARADO Nº 33","postal_code":"11310","places":15,"units":6,"registered":"2016-05-30","catastro":"2672801TF9127S0001XW","holder":null,"holder_count":null}},{"type":"Feature","geometry":{"type":"Point","coordinates":[-5.340881,36.261082]},"properties":{"id":"VUT/CA/00303","type":"VUT","group":"Completa","address":"CALLE tony jacklin Blq. 5 Plta/Piso 1 Pta/Letra a Compl.Dom. mansion, piso 1, puerta a","postal_code":"11360","places":8,"units":3,"registered":"2016-05-31","catastro":"9854201tf8195s0081mj","holder":null,"holder_count":null}},{"type":"Feature","geometry":{"type":"Point","coordinates":[-5.311762,36.242873]},"properties":{"id":"VUT/CA/00447","type":"VUT","group":"Completa","address":"CONJUNTO MARINA DE LA ALCAIDESA Nº 14 Blq. 2 Plta/Piso 1 Pta/Letra 14, piso 1, puerta 14","postal_code":"11310","places":6,"units":3,"registered":"2016-06-10","catastro":"1538102TF9113N0019KY","holder":"EL CORZO DE LA ZAGALETA S.L.","holder_count":1}},{"type":"Feature","geometry":{"type":"Point","coordinates":[-5.346279,36.276714]},"properties":{"id":"VUT/CA/00470","type":"VUT","group":"Completa","address":"CALLE FUSTA Nº 4-B Compl.Dom. URBANIZACIÓN DE SOTOGRANDE","postal_code":"11310","places":8,"units":4,"registered":"2016-06-14","catastro":"9275725TF8197N0001LP","holder":"SOTOGRANDE RESIDENCES, S.L.","holder_count":1}},{"type":"Feature","geometry":{"type":"Point","coordinates":[-5.318895,36.292475]},"properties":{"id":"VUT/CA/00554","type":"VUT","group":"Completa","address":"URBANIZACION LOS CORTIJOS DE LA RESERVA Nº 57 Compl.Dom. LA RESERVA DE SOTOGRANDE","postal_code":"11310","places":6,"units":3,"registered":"2016-06-23","catastro":"1396907TF9119N0057GL","holder":"HOLT LANE SOTOGRANDE, S.L.","holder_count":2}},{"type":"Feature","geometry":{"type":"Point","coordinates":[-5.318895,36.292475]},"properties":{"id":"VUT/CA/00557","type":"VUT","group":"Completa","address":"URBANIZACION LOS CORTIJOS DE LA RESERVA Nº 58 Compl.Dom. LA RESERVA DE SOTOGRANDE","postal_code":"11310","places":4,"units":2,"registered":"2016-06-23","catastro":"1396907TF9119N0058HB","holder":"HOLT LANE SOTOGRANDE, S.L.","holder_count":2}},{"type":"Feature","geometry":{"type":"Point","coordinates":[-5.271509,36.291525]},"properties":{"id":"VUT/CA/00858","type":"VUT","group":"Completa","address":"ZONA PUERTO SOTOGRANDE Nº 0 Portal 3 Plta/Piso 1 Pta/Letra D Compl.Dom. EDIFICIO LA MARINA-PUERTO DEPORTIVO SOTOGRANDE, piso 1, puerta D","postal_code":"11360","places":8,"units":2,"registered":"2016-07-26","catastro":"6088501TF9168N0008ZA","holder":null,"holder_count":null}},{"type":"Feature","geometry":{"type":"Point","coordinates":[-5.344955,36.270407]},"properties":{"id":"VUT/CA/00865","type":"VUT","group":"Completa","address":"CALLE GRANADA Nº 14","postal_code":"11310","places":15,"units":6,"registered":"2016-07-26","catastro":"9567310TF8196N0001UH","holder":null,"holder_count":null}},{"type":"Feature","geometry":{"type":"Point","coordinates":[-5.354382,36.27542]},"properties":{"id":"VUT/CA/00867","type":"VUT","group":"Completa","address":"CALLE GAUCIN Nº 7 Compl.Dom. LAS CIMAS DE ALMENARA VILLAS","postal_code":"11310","places":7,"units":4,"registered":"2016-07-26","catastro":"9771605TF8197S0007LQ","holder":null,"holder_count":null}},{"type":"Feature","geometry":{"type":"Point","coordinates":[-5.340881,36.261082]},"properties":{"id":"VUT/CA/00914","type":"VUT","group":"Completa","address":"URBANIZACION SAN ROQUE CLUB Nº 1 Esc. 15 Plta/Piso -1 Pta/Letra 33 Compl.Dom. PUEBLO I, PRIMERA FASE. PARTIDO DE GUADALQUITON, piso -1, puerta 33","postal_code":"11360","places":6,"units":3,"registered":"2016-08-03","catastro":"9854201TF8195S0033DU","holder":null,"holder_count":null}},{"type":"Feature","geometry":{"type":"Point","coordinates":[-5.311795,36.24429]},"properties":{"id":"VUT/CA/00966","type":"VUT","group":"Completa","address":"RESIDENCIAL MARINA DE LA ALCAIDESA Blq. 03 Plta/Piso 00 Pta/Letra 02 Compl.Dom. LA ALCAIDESA, piso 00, puerta 02","postal_code":"11310","places":5,"units":2,"registered":"2016-08-09","catastro":"1538102TF9113N0023LU","holder":null,"holder_count":null}},{"type":"Feature","geometry":{"type":"Point","coordinates":[-5.311795,36.24429]},"properties":{"id":"VUT/CA/00967","type":"VUT","group":"Completa","address":"RESIDENCIAL MARINA DE LA ALCAIDESA Blq. 9 Plta/Piso 01 Pta/Letra 13 Compl.Dom. LA ALCAIDESA, piso 01, puerta 13","postal_code":"11310","places":5,"units":2,"registered":"2016-08-09","catastro":"1538102TF9113N0094MA","holder":null,"holder_count":null}},{"type":"Feature","geometry":{"type":"Point","coordinates":[-5.340723,36.264542]},"properties":{"id":"VUT/CA/01019","type":"VUT","group":"Completa","address":"URBANIZACION SAN ROQUE CLUB, PARCELA 89","postal_code":"11360","places":8,"units":4,"registered":"2016-08-23","catastro":"9962911TF8196S0001YQ","holder":null,"holder_count":null}},{"type":"Feature","geometry":{"type":"Point","coordinates":[-5.340162,36.269756]},"properties":{"id":"VUT/CA/01038","type":"VUT","group":"Completa","address":"AVENIDA MESAS DEL DIENTE Nº 48 Compl.Dom. URB. SAN ROQUE CLUB","postal_code":"11310","places":10,"units":8,"registered":"2016-08-29","catastro":"9867904TF8196N0001EH","holder":null,"holder_count":null}},{"type":"Feature","geometry":{"type":"Point","coordinates":[-5.323136,36.245935]},"properties":{"id":"VUT/CA/01062","type":"VUT","group":"Completa","address":"RESIDENCIAL NUEVA ALCAIDESA Nº 3 Blq. 2 Esc. 1 Plta/Piso BAJO Pta/Letra B, piso BAJO, puerta B","postal_code":"11360","places":7,"units":2,"registered":"2016-08-30","catastro":"1538109TF9113N0108UQ","holder":null,"holder_count":null}},{"type":"Feature","geometry":{"type":"Point","coordinates":[-5.325104,36.249548]},"properties":{"id":"VUT/CA/01109","type":"VUT","group":"Completa","address":"CALLE Dave Thomas Blq. 2 Portal 4 Plta/Piso ATTICO Compl.Dom. Terrazas de Alcaidesa, piso ATTICO","postal_code":"11360","places":6,"units":3,"registered":"2016-09-07","catastro":"0843209TF9104S0049PW","holder":null,"holder_count":null}},{"type":"Feature","geometry":{"type":"Point","coordinates":[-5.3091,36.276688]},"properties":{"id":"VUT/CA/01117","type":"VUT","group":"Completa","address":"CALLE ALVARADO Nº 27 Compl.Dom. ESQUINA C/ ALVARADO CON C/ LOS ALAMOS - URBANIZACIÓN SOTOGRANDE","postal_code":"11310","places":6,"units":3,"registered":"2016-09-08","catastro":"2772501TF9127S0001WW","holder":"ONE EDEN SPAIN LUXURY, S.L.U.","holder_count":1}},{"type":"Feature","geometry":{"type":"Point","coordinates":[-5.28907,36.282908]},"properties":{"id":"VUT/CA/01173","type":"VUT","group":"Completa","address":"CALLE LEONOR DE CASTILLA Nº 8","postal_code":"11310","places":15,"units":7,"registered":"2016-09-13","catastro":"4479704TF9147N0001UW","holder":null,"holder_count":null}},{"type":"Feature","geometry":{"type":"Point","coordinates":[-5.340881,36.261082]},"properties":{"id":"VUT/CA/01183","type":"VUT","group":"Completa","address":"URBANIZACION SAN ROQUE CLUB, TERRAZAS 12 Plta/Piso -3 Pta/Letra 10, piso -3, puerta 10","postal_code":"11360","places":6,"units":3,"registered":"2016-09-14","catastro":"9854201TF8195S0010LD","holder":"HISPANO-BLUEBERRY SL","holder_count":1}},{"type":"Feature","geometry":{"type":"Point","coordinates":[-5.286412,36.283358]},"properties":{"id":"VUT/CA/01213","type":"VUT","group":"Completa","address":"PASEO DEL PARQUE Nº 105 Compl.Dom. URBANIZACIÓN DE SOTOGRANDE","postal_code":"11310","places":12,"units":6,"registered":"2016-09-16","catastro":"4680206TF9148S0001WR","holder":"LAS PALMERAS DE SOTOGRANDE, S.L.","holder_count":1}},{"type":"Feature","geometry":{"type":"Point","coordinates":[-5.323594,36.287953]},"properties":{"id":"VUT/CA/01236","type":"VUT","group":"Completa","address":"CALLE ESMERALDA Nº 56","postal_code":"11310","places":10,"units":5,"registered":"2016-09-21","catastro":"1086341TF9118N0001XU","holder":"ESMERALDA 56 LTD.","holder_count":1}},{"type":"Feature","geometry":{"type":"Point","coordinates":[-5.347829,36.284699]},"properties":{"id":"VUT/CA/01276","type":"VUT","group":"Completa","address":"CALLE ALMENARA Portal 5 Esc. 5 Plta/Piso 2 Pta/Letra F Compl.Dom. LOS GAZULES, URB. SOTOGRANDE, piso 2, puerta F","postal_code":"11310","places":4,"units":2,"registered":"2016-09-26","catastro":"9771601TF8197S0051SU","holder":null,"holder_count":null}},{"type":"Feature","geometry":{"type":"Point","coordinates":[-5.318895,36.292475]},"properties":{"id":"VUT/CA/01278","type":"VUT","group":"Completa","address":"LUGAR LOS CORTIJOS Nº 15 Compl.Dom. URBANIZACIÓN DE SOTOGRANDE","postal_code":"11310","places":8,"units":4,"registered":"2016-09-26","catastro":"1396907TF9119N0015IS","holder":null,"holder_count":null}},{"type":"Feature","geometry":{"type":"Point","coordinates":[-5.27125,36.305793]},"properties":{"id":"VUT/CA/01279","type":"VUT","group":"Completa","address":"CALLE PARAGUAY Nº S/N Compl.Dom. TORREGUADIARO","postal_code":"11360","places":6,"units":3,"registered":"2016-09-26","catastro":"6101524TF9260S0001TL","holder":null,"holder_count":null}},{"type":"Feature","geometry":{"type":"Point","coordinates":[-5.294835,36.288101]},"properties":{"id":"VUT/CA/01280","type":"VUT","group":"Completa","address":"CALLE RICARDO CORAZON DE LEON Nº 32 Compl.Dom. URBANIZACIÓN DE SOTOGRANDE","postal_code":"11310","places":15,"units":7,"registered":"2016-09-26","catastro":"3885608TF9138N0001OG","holder":null,"holder_count":null}},{"type":"Feature","geometry":{"type":"Point","coordinates":[-5.290038,36.286501]},"properties":{"id":"VUT/CA/01281","type":"VUT","group":"Completa","address":"CALLE PASEO DEL PARQUE Nº 127 Compl.Dom. URBANIZACIÓN DE SOTOGRANDE","postal_code":"11310","places":12,"units":6,"registered":"2016-09-26","catastro":"4383707TF9148S0001QR","holder":null,"holder_count":null}},{"type":"Feature","geometry":{"type":"Point","coordinates":[-5.326582,36.280281]},"properties":{"id":"VUT/CA/01284","type":"VUT","group":"Completa","address":"AVENIDA LOS CORTIJOS, EDIFICIO 1-10, TIPO A Compl.Dom. CONJUNTO URBANÍSTICO VALGRANDE, SOTOGRANDE","postal_code":"11310","places":8,"units":4,"registered":"2016-09-26","catastro":"1177602TF9117N0192RA","holder":null,"holder_count":null}},{"type":"Feature","geometry":{"type":"Point","coordinates":[-5.313948,36.286572]},"properties":{"id":"VUT/CA/01310","type":"VUT","group":"Completa","address":"URBANIZACION SOTOGRANDE Nº 21 Blq. B Compl.Dom. EDIFICIO GUADALETE. APARTAMENTOS TENISOL","postal_code":"11310","places":7,"units":2,"registered":"2016-09-28","catastro":"2385702TF9128N0021MW","holder":"ACUARTELAR 2016, S.L.","holder_count":2}},{"type":"Feature","geometry":{"type":"Point","coordinates":[-5.318895,36.292475]},"properties":{"id":"VUT/CA/01312","type":"VUT","group":"Completa","address":"AVENIDA DE LA RESERVA Nº 12 Compl.Dom. URBANIZACIÓN LOS CORTIJOS DE LA RESERVA","postal_code":"11310","places":12,"units":4,"registered":"2016-09-28","catastro":"1396907TF9119N0012TO","holder":null,"holder_count":null}},{"type":"Feature","geometry":{"type":"Point","coordinates":[-5.27926,36.288108]},"properties":{"id":"VUT/CA/01326","type":"VUT","group":"Completa","address":"AVENIDA de la Marinav- Ribera de la Romana Portal 4 Pta/Letra 28, puerta 28","postal_code":"11310","places":4,"units":2,"registered":"2016-09-29","catastro":"5484934TF9158S0029LU","holder":null,"holder_count":null}},{"type":"Feature","geometry":{"type":"Point","coordinates":[-5.319417,36.238263]},"properties":{"id":"VUT/CA/01383","type":"VUT","group":"Completa","address":"URBANIZACION ALCAIDESA GOLF Nº 8 Plta/Piso 1 Pta/Letra 031 Compl.Dom. BIRDIE CLUB, piso 1, puerta 031","postal_code":"11360","places":6,"units":2,"registered":"2016-10-05","catastro":"1541806TF9114S0035MK","holder":null,"holder_count":null}},{"type":"Feature","geometry":{"type":"Point","coordinates":[-5.319417,36.238263]},"properties":{"id":"VUT/CA/01384","type":"VUT","group":"Completa","address":"URBANIZACION ALCAIDESA GOLF Nº 8 Plta/Piso BAJO Pta/Letra 000 Compl.Dom. BIRDIE CLUB, piso BAJO, puerta 000","postal_code":"11360","places":8,"units":3,"registered":"2016-10-05","catastro":"1541806TF9114S0057HA","holder":null,"holder_count":null}},{"type":"Feature","geometry":{"type":"Point","coordinates":[-5.325104,36.249548]},"properties":{"id":"VUT/CA/01385","type":"VUT","group":"Completa","address":"CALLE CALLE DAVE THOMAS Nº PORTAL 6 Blq. B2 Portal P6 Plta/Piso 1 Pta/Letra A1 Compl.Dom. URB. LA ALCAIDESA, piso 1, puerta A1","postal_code":"11310","places":4,"units":2,"registered":"2016-10-05","catastro":"0843209TF9104S0119GU","holder":null,"holder_count":null}},{"type":"Feature","geometry":{"type":"Point","coordinates":[-5.31271,36.242238]},"properties":{"id":"VUT/CA/01418","type":"VUT","group":"Completa","address":"RESIDENCIAL PORTOFINO Blq. 5 Esc. 8 Plta/Piso 1 Pta/Letra 811 Compl.Dom. LA ALCAIDESA, piso 1, puerta 811","postal_code":"11310","places":4,"units":2,"registered":"2016-10-11","catastro":"2638706TF9123N0039TQ","holder":null,"holder_count":null}},{"type":"Feature","geometry":{"type":"Point","coordinates":[-5.282095,36.2875]},"properties":{"id":"VUT/CA/01421","type":"VUT","group":"Completa","address":"URBANIZACION LA MARINA DE SOTOGRANDE Nº 2.5 Compl.Dom. JUNGLA DEL LORO, EDIFICIO A","postal_code":"11310","places":4,"units":2,"registered":"2016-10-11","catastro":"5484925TF9158S0012BH","holder":null,"holder_count":null}},{"type":"Feature","geometry":{"type":"Point","coordinates":[-5.325058,36.248764]},"properties":{"id":"VUT/CA/01441","type":"VUT","group":"Completa","address":"URBANIZACION LA ALCAIDESA I Blq. 3 Portal 7 Plta/Piso 1 Pta/Letra B2, piso 1, puerta B2","postal_code":"11310","places":4,"units":2,"registered":"2016-10-17","catastro":"0843209TF9104S0006WJ","holder":null,"holder_count":null}},{"type":"Feature","geometry":{"type":"Point","coordinates":[-5.326582,36.280281]},"properties":{"id":"VUT/CA/01486","type":"VUT","group":"Completa","address":"AVENIDA LOS CORTIJOS Blq. 2-1 Plta/Piso 2 Pta/Letra A, piso 2, puerta A","postal_code":"11310","places":6,"units":3,"registered":"2016-10-24","catastro":"1177602TF9117N0387IG","holder":null,"holder_count":null}},{"type":"Feature","geometry":{"type":"Point","coordinates":[-5.273827,36.291288]},"properties":{"id":"VUT/CA/01487","type":"VUT","group":"Completa","address":"URBANIZACION SOTOGRANDE Nº 17 Portal E4 Plta/Piso 1 Compl.Dom. EDIFICIO RIBERA DEL OBISPO, LA MARINA DE SOTOGRANDE, piso 1","postal_code":"11310","places":4,"units":2,"registered":"2016-10-24","catastro":"5484918TF9158S0018DX","holder":null,"holder_count":null}},{"type":"Feature","geometry":{"type":"Point","coordinates":[-5.341762,36.26251]},"properties":{"id":"VUT/CA/01489","type":"VUT","group":"Completa","address":"URBANIZACION SAN ROQUE CLUB Nº 10 Esc. 1","postal_code":"11310","places":10,"units":4,"registered":"2016-10-24","catastro":"9658501TF8195N0010ZT","holder":"FAIRWAYS GREEN 10, S.L.","holder_count":1}},{"type":"Feature","geometry":{"type":"Point","coordinates":[-5.325104,36.249548]},"properties":{"id":"VUT/CA/01514","type":"VUT","group":"Completa","address":"CALLE TERCERA FASE TERRAZAS DE LA ALCAIDESA Blq. 1 Portal 2 Plta/Piso 1 Pta/Letra A2, piso 1, puerta A2","postal_code":"11310","places":4,"units":2,"registered":"2016-10-26","catastro":"0843209TF9104S0097BS","holder":null,"holder_count":null}},{"type":"Feature","geometry":{"type":"Point","coordinates":[-5.270319,36.303693]},"properties":{"id":"VUT/CA/01522","type":"VUT","group":"Completa","address":"CALLE MEXICO Nº 27 Compl.Dom. LAS COLINAS DEL MAR","postal_code":"11312","places":10,"units":4,"registered":"2016-10-26","catastro":"6101513TF9260S0001WL","holder":null,"holder_count":null}},{"type":"Feature","geometry":{"type":"Point","coordinates":[-5.280159,36.288549]},"properties":{"id":"VUT/CA/01549","type":"VUT","group":"Completa","address":"URBANIZACION PUERTO SOTOGRANDE, MARIAN II, Nº 5 Portal 3 Plta/Piso BJ, piso BJ","postal_code":"11360","places":6,"units":3,"registered":"2016-11-02","catastro":"5484932TF9158S0016FB","holder":null,"holder_count":null}},{"type":"Feature","geometry":{"type":"Point","coordinates":[-5.332874,36.294035]},"properties":{"id":"VUT/CA/01592","type":"VUT","group":"Completa","address":"CALLE LENTISCO Nº 55 Compl.Dom. LA RESERVA. SOTOGRANDE","postal_code":"11310","places":10,"units":4,"registered":"2016-11-04","catastro":"0492115TF9109S0001GT","holder":null,"holder_count":null}},{"type":"Feature","geometry":{"type":"Point","coordinates":[-5.281209,36.287364]},"properties":{"id":"VUT/CA/01601","type":"VUT","group":"Completa","address":"EDIFICIO JUNGLA DEL LORO Blq. 10 Plta/Piso 2 Pta/Letra 21 Compl.Dom. URB. LA MARINA DE SOTOGRANDE, piso 2, puerta 21","postal_code":"11310","places":6,"units":3,"registered":"2016-11-07","catastro":"5484924TF9158S0019KM","holder":null,"holder_count":null}},{"type":"Feature","geometry":{"type":"Point","coordinates":[-5.319722,36.239347]},"properties":{"id":"VUT/CA/01657","type":"VUT","group":"Completa","address":"URBANIZACION PORTOFINO Nº 502 Blq. 5 Compl.Dom. ALCAIDESA","postal_code":"11360","places":4,"units":2,"registered":"2016-11-15","catastro":"2638706TF9123N0019FP","holder":null,"holder_count":null}},{"type":"Feature","geometry":{"type":"Point","coordinates":[-5.313998,36.240493]},"properties":{"id":"VUT/CA/01676","type":"VUT","group":"Completa","address":"URBANIZACION MARINA DE LA ALCAIDESA Nº 4 Blq. II Plta/Piso BAJA, piso BAJA","postal_code":"11360","places":6,"units":2,"registered":"2016-11-18","catastro":"1538102TF9113N0111DQ","holder":null,"holder_count":null}},{"type":"Feature","geometry":{"type":"Point","coordinates":[-5.275347,36.291472]},"properties":{"id":"VUT/CA/01715","type":"VUT","group":"Completa","address":"LUGAR PUERTO SOTOGRANDE Nº 18 Plta/Piso 4 Pta/Letra A, piso 4, puerta A","postal_code":"11310","places":6,"units":3,"registered":"2016-11-23","catastro":"5484937TF9158S0213HM","holder":"BUTTERFIELD PROPERTIES LIMITED","holder_count":1}},{"type":"Feature","geometry":{"type":"Point","coordinates":[-5.31271,36.242238]},"properties":{"id":"VUT/CA/01753","type":"VUT","group":"Completa","address":"AVENIDA del Mediterráneo Portal 1 Plta/Piso 0 Pta/Letra 102 Compl.Dom. Urbanizacion Portofino, piso 0, puerta 102","postal_code":"11310","places":4,"units":2,"registered":"2016-11-28","catastro":"2638706TF9123N0003QB","holder":null,"holder_count":null}},{"type":"Feature","geometry":{"type":"Point","coordinates":[-5.323136,36.245935]},"properties":{"id":"VUT/CA/01770","type":"VUT","group":"Completa","address":"RESIDENCIAL Nueva Alcaidesa  Av. Tercer Milenio Blq. 5 Portal 4 Plta/Piso 1 Pta/Letra 1A, piso 1, puerta 1A","postal_code":"11360","places":7,"units":3,"registered":"2016-11-30","catastro":"1538109TF9113N0184DU","holder":null,"holder_count":null}},{"type":"Feature","geometry":{"type":"Point","coordinates":[-5.334137,36.274888]},"properties":{"id":"VUT/CA/01793","type":"VUT","group":"Completa","address":"CALLE FERIA Nº 20","postal_code":"11310","places":15,"units":5,"registered":"2016-12-05","catastro":"0272541TF9107S0001GJ","holder":null,"holder_count":null}},{"type":"Feature","geometry":{"type":"Point","coordinates":[-5.336409,36.275681]},"properties":{"id":"VUT/CA/01795","type":"VUT","group":"Completa","address":"CALLE FENIX Nº 525 Compl.Dom. URBANIZACIÓN SOTOGRANDE","postal_code":"11360","places":6,"units":3,"registered":"2016-12-05","catastro":"0272531TF9107S0001ZJ","holder":"ESCAPE GROUP LLC.","holder_count":1}},{"type":"Feature","geometry":{"type":"Point","coordinates":[-5.278437,36.286309]},"properties":{"id":"VUT/CA/01816","type":"VUT","group":"Completa","address":"URBANIZACION ISLA CAREY Portal 3 Plta/Piso 9 Compl.Dom. PUERTO DE SOTOGRANDE, piso 9","postal_code":"11312","places":8,"units":4,"registered":"2016-12-12","catastro":"5484928TF9158S0116IM","holder":null,"holder_count":null}},{"type":"Feature","geometry":{"type":"Point","coordinates":[-5.279852,36.285755]},"properties":{"id":"VUT/CA/01833","type":"VUT","group":"Completa","address":"AVENIDA DE LA MARINA - URB. ISLA TORTUGA Portal 1 Plta/Piso 1 Pta/Letra 1 Compl.Dom. SOTOGRANDE, piso 1, puerta 1","postal_code":"11310","places":10,"units":3,"registered":"2016-12-13","catastro":"5484940TF9158S0001QI","holder":null,"holder_count":null}},{"type":"Feature","geometry":{"type":"Point","coordinates":[-5.34063,36.277188]},"properties":{"id":"VUT/CA/01834","type":"VUT","group":"Completa","address":"CALLE FORTUNA Nº 21 Compl.Dom. SOTOGRANDE","postal_code":"11310","places":6,"units":3,"registered":"2016-12-13","catastro":"0075203TF9107N0001UO","holder":"SOTO-TRACEY, S.L.","holder_count":1}},{"type":"Feature","geometry":{"type":"Point","coordinates":[-5.319229,36.278135]},"properties":{"id":"VUT/CA/01851","type":"VUT","group":"Completa","address":"CALLE DULCINEA Nº 2","postal_code":"11310","places":10,"units":5,"registered":"2016-12-16","catastro":"1674442TF9117S0001AZ","holder":"SOTODULCINEA 2 S.L.","holder_count":1}},{"type":"Feature","geometry":{"type":"Point","coordinates":[-5.332029,36.282654]},"properties":{"id":"VUT/CA/01878","type":"VUT","group":"Completa","address":"RESIDENCIAL PATIOS HOMES DE VALDERRAMA Nº 14 Compl.Dom. URABNIZACIÓN DE SOTOGRANDE","postal_code":"11310","places":6,"units":3,"registered":"2016-12-20","catastro":"0680613TF9108S0001WA","holder":null,"holder_count":null}},{"type":"Feature","geometry":{"type":"Point","coordinates":[-5.347829,36.284699]},"properties":{"id":"VUT/CA/01887","type":"VUT","group":"Completa","address":"AVENIDA DE ALMENARA Plta/Piso 1ª Pta/Letra D Compl.Dom. CONJ. INMOB. \"LOS GAZULES\" EDIF. GREEN 3, piso 1ª, puerta D","postal_code":"11310","places":6,"units":3,"registered":"2016-12-21","catastro":"9771601TF8197S0079AY","holder":null,"holder_count":null}},{"type":"Feature","geometry":{"type":"Point","coordinates":[-5.275347,36.291472]},"properties":{"id":"VUT/CA/01888","type":"VUT","group":"Completa","address":"AVENIDA PUERTO DE SOTOGRANDE CONJUNTO RESID. \"MARLIN\" Blq. D Portal 20 Plta/Piso 5ª Pta/Letra ÁTICO B Compl.Dom. APARTAMENTO 20, piso 5ª, puerta ÁTICO B","postal_code":"11310","places":4,"units":2,"registered":"2016-12-21","catastro":"5484937TF9158S0233UF","holder":null,"holder_count":null}},{"type":"Feature","geometry":{"type":"Point","coordinates":[-5.325104,36.249548]},"properties":{"id":"VUT/CA/01890","type":"VUT","group":"Completa","address":"CALLE DAVE THOMAS Nº B2 Blq. 2 Portal 5 Plta/Piso 1 Pta/Letra B2 Compl.Dom. terrazas de Alcadeisa, piso 1, puerta B2","postal_code":"11360","places":4,"units":2,"registered":"2016-12-21","catastro":"0843209TF9104S0117DT","holder":null,"holder_count":null}},{"type":"Feature","geometry":{"type":"Point","coordinates":[-5.275416,36.286944]},"properties":{"id":"VUT/CA/01892","type":"VUT","group":"Completa","address":"PASEO DEL MAR Nº 50 Blq. 8 Plta/Piso AT Pta/Letra 9 Compl.Dom. URB. SOTOGRANDE, piso AT, puerta 9","postal_code":"11310","places":6,"units":3,"registered":"2016-12-21","catastro":"5682202TF9158S0078XK","holder":null,"holder_count":null}},{"type":"Feature","geometry":{"type":"Point","coordinates":[-5.32131,36.245858]},"properties":{"id":"VUT/CA/01910","type":"VUT","group":"Completa","address":"RESIDENCIAL ALCAIDESA BIRDIE CLUB Nº 213 Plta/Piso 2, piso 2","postal_code":"11310","places":4,"units":2,"registered":"2016-12-23","catastro":"1541806TF9114S0016PT","holder":"VIVIENDAS DEL SUR 2013, S.L.","holder_count":1}},{"type":"Feature","geometry":{"type":"Point","coordinates":[-5.331897,36.282313]},"properties":{"id":"VUT/CA/01923","type":"VUT","group":"Completa","address":"CALLE FUENTE Nº 7 Compl.Dom. ESQUINA AVENIDA DE ALMENARA URBANIZACION SOTOGRANDE","postal_code":"11310","places":14,"units":7,"registered":"2016-12-29","catastro":"9275701TF8197N0001KP","holder":null,"holder_count":null}},{"type":"Feature","geometry":{"type":"Point","coordinates":[-5.326931,36.281304]},"properties":{"id":"VUT/CA/01948","type":"VUT","group":"Completa","address":"RESIDENCIAL CASAS CORTIJO Pta/Letra 247 Compl.Dom. URBANIZACIÓN SOTOGRANDE, puerta 247","postal_code":"11310","places":6,"units":3,"registered":"2017-01-10","catastro":"0979801TF9107N0199SF","holder":null,"holder_count":null}},{"type":"Feature","geometry":{"type":"Point","coordinates":[-5.275347,36.291472]},"properties":{"id":"VUT/CA/01950","type":"VUT","group":"Completa","address":"AVENIDA DE LA MARINA - RESIDENCIAL RIBERA DEL MARLIN Plta/Piso 1 Pta/Letra B Compl.Dom. APARTAMENTO 1.B, piso 1, puerta B","postal_code":"11310","places":4,"units":2,"registered":"2017-01-10","catastro":"5484937TF9158S0050SL","holder":"ADVOCAAT MAELFAIT ANN","holder_count":1}},{"type":"Feature","geometry":{"type":"Point","coordinates":[-5.342378,36.286853]},"properties":{"id":"VUT/CA/01954","type":"VUT","group":"Completa","address":"CALLE ALTOS DE VALDERRAMA Nº 24 Compl.Dom. URBANIZACIÓN ALTOS DE VALDERRAMA","postal_code":"11310","places":12,"units":5,"registered":"2017-01-11","catastro":"0085222TF9108N0001ZE","holder":"DESTELLAMAR S.L.","holder_count":1}},{"type":"Feature","geometry":{"type":"Point","coordinates":[-5.302256,36.282597]},"properties":{"id":"VUT/CA/01955","type":"VUT","group":"Completa","address":"CALLE BEATRIZ DE SUABIA Nº 6","postal_code":"11310","places":12,"units":5,"registered":"2017-01-11","catastro":"3278604TF9137N0001QZ","holder":null,"holder_count":null}},{"type":"Feature","geometry":{"type":"Point","coordinates":[-5.277677,36.284836]},"properties":{"id":"VUT/CA/01963","type":"VUT","group":"Completa","address":"PASEO DEL MAR Nº 8 Blq. 5 Plta/Piso 2 Pta/Letra 2, piso 2, puerta 2","postal_code":"11310","places":6,"units":3,"registered":"2017-01-12","catastro":"5682208TF9158S0096LU","holder":null,"holder_count":null}},{"type":"Feature","geometry":{"type":"Point","coordinates":[-5.323136,36.245935]},"properties":{"id":"VUT/CA/01972","type":"VUT","group":"Completa","address":"URBANIZACION LA ALCAIDESA Nº 2 Blq. 2 Esc. 1 Pta/Letra B, puerta B","postal_code":"11310","places":6,"units":2,"registered":"2017-01-12","catastro":"1538109TF9113N0223LD","holder":null,"holder_count":null}},{"type":"Feature","geometry":{"type":"Point","coordinates":[-5.323136,36.245935]},"properties":{"id":"VUT/CA/01984","type":"VUT","group":"Completa","address":"URBANIZACION LA ALCAIDESA Nº 2 Blq. 4 Plta/Piso 1 Pta/Letra A1 Compl.Dom. CONJUNTO 1, piso 1, puerta A1","postal_code":"11310","places":6,"units":2,"registered":"2017-01-16","catastro":"1538109TF9113N0049PR","holder":null,"holder_count":null}},{"type":"Feature","geometry":{"type":"Point","coordinates":[-5.339693,36.279323]},"properties":{"id":"VUT/CA/01994","type":"VUT","group":"Completa","address":"CALLE Fondo Nº 4","postal_code":"11310","places":7,"units":3,"registered":"2017-01-17","catastro":"9876322TF8197N0001WP","holder":null,"holder_count":null}},{"type":"Feature","geometry":{"type":"Point","coordinates":[-5.273827,36.291288]},"properties":{"id":"VUT/CA/01997","type":"VUT","group":"Completa","address":"EDIFICIO RIBERA DEL OBISPO. URBANIZACIÓN SOTOGRANDE Nº 8 Plta/Piso BAJO, piso BAJO","postal_code":"11310","places":4,"units":2,"registered":"2017-01-17","catastro":"5484918TF9158S0009UH","holder":null,"holder_count":null}},{"type":"Feature","geometry":{"type":"Point","coordinates":[-5.275416,36.286944]},"properties":{"id":"VUT/CA/02023","type":"VUT","group":"Completa","address":"PASEO DEL MAR Nº 46 Blq. 8 Plta/Piso A Pta/Letra 4, piso A, puerta 4","postal_code":"11310","places":6,"units":2,"registered":"2017-01-23","catastro":"5682202TF9158S0073JD","holder":null,"holder_count":null}},{"type":"Feature","geometry":{"type":"Point","coordinates":[-5.277953,36.284205]},"properties":{"id":"VUT/CA/02024","type":"VUT","group":"Completa","address":"PASEO DEL RIO Nº 6 Blq. 2 Plta/Piso 2 Pta/Letra 12, piso 2, puerta 12","postal_code":"11310","places":7,"units":3,"registered":"2017-01-23","catastro":"5682209TF9158S0101OA","holder":null,"holder_count":null}},{"type":"Feature","geometry":{"type":"Point","coordinates":[-5.275347,36.291472]},"properties":{"id":"VUT/CA/02033","type":"VUT","group":"Completa","address":"CONJUNTO RESIDENCIAL MARLIN Nº 11 Plta/Piso 3 Pta/Letra A Compl.Dom. EDIFICIO B. LA MARINA DE SOTOGRANDE, piso 3, puerta A","postal_code":"11310","places":6,"units":2,"registered":"2017-01-25","catastro":"5484937TF9158S0146FZ","holder":"ACUARTELAR 2016, S.L.","holder_count":2}},{"type":"Feature","geometry":{"type":"Point","coordinates":[-5.325104,36.249548]},"properties":{"id":"VUT/CA/02034","type":"VUT","group":"Completa","address":"CALLE DAVE THOMAS Nº S/N Blq. 1 Plta/Piso AT Compl.Dom. TERRAZAS DE ALCAIESA, piso AT","postal_code":"11360","places":6,"units":3,"registered":"2017-01-25","catastro":"0843209TF9104S0049PW","holder":null,"holder_count":null}},{"type":"Feature","geometry":{"type":"Point","coordinates":[-5.384188,36.210378]},"properties":{"id":"VUT/CA/02039","type":"VUT","group":"Completa","address":"CALLE SAN JOSÉ Nº 4 Plta/Piso 00 Pta/Letra A, piso 00, puerta A","postal_code":"11360","places":4,"units":2,"registered":"2017-01-26","catastro":"5701604TF8150S0001YZ","holder":null,"holder_count":null}},{"type":"Feature","geometry":{"type":"Point","coordinates":[-5.272972,36.291222]},"properties":{"id":"VUT/CA/02047","type":"VUT","group":"Completa","address":"EDIFICIO EDIFICIO A APARTAMENTO 2.12","postal_code":"11310","places":6,"units":3,"registered":"2017-01-26","catastro":"5988201TF9158N0034PQ","holder":null,"holder_count":null}},{"type":"Feature","geometry":{"type":"Point","coordinates":[-5.270937,36.291283]},"properties":{"id":"VUT/CA/02052","type":"VUT","group":"Completa","address":"EDIFICIO EDIFICIO E  APARTAMENTO 2.12","postal_code":"11310","places":4,"units":2,"registered":"2017-01-27","catastro":"6088502TF9168N0037RI","holder":null,"holder_count":null}},{"type":"Feature","geometry":{"type":"Point","coordinates":[-5.300967,36.278071]},"properties":{"id":"VUT/CA/02064","type":"VUT","group":"Completa","address":"CALLE ENRIQUE EL NAVEGANTE Nº 5","postal_code":"11310","places":15,"units":6,"registered":"2017-01-30","catastro":"3374605TF9137S0001TY","holder":"SYMES HOLDINGS ESPAÑA 2000 S.L.","holder_count":2}},{"type":"Feature","geometry":{"type":"Point","coordinates":[-5.279101,36.286215]},"properties":{"id":"VUT/CA/02066","type":"VUT","group":"Completa","address":"CONJUNTO RIVERA DEL CORVO Esc. 01 Plta/Piso 01 Pta/Letra 02 Compl.Dom. PARCELA Nº4/P9 MARINA DE SOTOGRANDE, AVDA PUERTO DE SOTOGRANDE 9, piso 01, puerta 02","postal_code":"11312","places":15,"units":4,"registered":"2017-01-30","catastro":"5484936TF9158S0037LS","holder":"MARINA DEL CORVO SC","holder_count":1}},{"type":"Feature","geometry":{"type":"Point","coordinates":[-5.319722,36.239347]},"properties":{"id":"VUT/CA/02072","type":"VUT","group":"Completa","address":"AVENIDA DEL MEDITERRANEO Nº 10 Esc. 9 Plta/Piso 1 Pta/Letra 1 Compl.Dom. URBANIZACIÓN PORTOFINO, piso 1, puerta 1","postal_code":"11360","places":5,"units":2,"registered":"2017-01-30","catastro":"2638706TF9123N0041RM","holder":"CARNABY GESTIÓN Y SERVICIOS S.L.","holder_count":1}},{"type":"Feature","geometry":{"type":"Point","coordinates":[-5.325104,36.249548]},"properties":{"id":"VUT/CA/02074","type":"VUT","group":"Completa","address":"CALLE DAVE THOMAS TERRAZAS DE ALCAIDESA Blq. 8 Plta/Piso 1 Pta/Letra A2, piso 1, puerta A2","postal_code":"11360","places":5,"units":2,"registered":"2017-01-31","catastro":"0843209TF9104S0135WJ","holder":null,"holder_count":null}},{"type":"Feature","geometry":{"type":"Point","coordinates":[-5.272972,36.291222]},"properties":{"id":"VUT/CA/02097","type":"VUT","group":"Completa","address":"APARTAMENTO LA MARINA Nº 2-10 Compl.Dom. PUERTO DE SOTOGRANDE","postal_code":"11310","places":6,"units":3,"registered":"2017-02-01","catastro":"5988201TF9158N0032IX","holder":null,"holder_count":null}},{"type":"Feature","geometry":{"type":"Point","coordinates":[-5.275347,36.291472]},"properties":{"id":"VUT/CA/02099","type":"VUT","group":"Completa","address":"CONJUNTO RESIDENCIAL MARLIN, APARTAMENTO Blq. D Plta/Piso 2 Pta/Letra B Compl.Dom. URBANIZACIÓN DE SOTOGRANDE, piso 2, puerta B","postal_code":"11310","places":4,"units":2,"registered":"2017-02-01","catastro":"5484937TF9158S0227RA","holder":null,"holder_count":null}},{"type":"Feature","geometry":{"type":"Point","coordinates":[-5.307498,36.287537]},"properties":{"id":"VUT/CA/02116","type":"VUT","group":"Completa","address":"URBANIZACION EL CASAR FRONDA Nº 16 Compl.Dom. CALLE BAJA","postal_code":"11360","places":10,"units":5,"registered":"2017-02-04","catastro":"2885102TF9128N0016EM","holder":null,"holder_count":null}},{"type":"Feature","geometry":{"type":"Point","coordinates":[-5.275347,36.291472]},"properties":{"id":"VUT/CA/02134","type":"VUT","group":"Completa","address":"CONJUNTO RESIDENCIAL \"MARLIN\" Plta/Piso 2ª Pta/Letra A Compl.Dom. MARINA DE SOTOGRANDE - EDIFICIO C, piso 2ª, puerta A","postal_code":"11360","places":4,"units":2,"registered":"2017-02-07","catastro":"5484937TF9158S0172IG","holder":null,"holder_count":null}},{"type":"Feature","geometry":{"type":"Point","coordinates":[-5.27738,36.287214]},"properties":{"id":"VUT/CA/02137","type":"VUT","group":"Completa","address":"URBANIZACION RIBERA DEL DELFÍN Nº 7","postal_code":"11310","places":5,"units":2,"registered":"2017-02-07","catastro":"5484916TF9158S0048HB","holder":null,"holder_count":null}},{"type":"Feature","geometry":{"type":"Point","coordinates":[-5.325104,36.249548]},"properties":{"id":"VUT/CA/02153","type":"VUT","group":"Completa","address":"URBANIZACION TERRAZAS DE LA ALCAIDESA Blq. 1 Plta/Piso 2 Pta/Letra AT, piso 2, puerta AT","postal_code":"11360","places":4,"units":2,"registered":"2017-02-08","catastro":"0843209TF9104S0049PW","holder":null,"holder_count":null}},{"type":"Feature","geometry":{"type":"Point","coordinates":[-5.275347,36.291472]},"properties":{"id":"VUT/CA/02164","type":"VUT","group":"Completa","address":"CONJUNTO RESIDENCIAL MARLIN, APARTAMENTO Blq. A Plta/Piso 3 Pta/Letra B Compl.Dom. URBANIZACIÓN DE SOTOGRANDE, piso 3, puerta B","postal_code":"11310","places":4,"units":2,"registered":"2017-02-09","catastro":"5484937TF9158S0082SL","holder":null,"holder_count":null}},{"type":"Feature","geometry":{"type":"Point","coordinates":[-5.340881,36.261082]},"properties":{"id":"VUT/CA/02166","type":"VUT","group":"Completa","address":"URBANIZACION SAN ROQUE CLUB Blq. 12 Plta/Piso 2i Pta/Letra IZQ Compl.Dom. RESIDENCIAL PUEBLO I, 1ª FASE -TERRAZAS NUMERO 13, piso 2i, puerta IZQ","postal_code":"11360","places":6,"units":3,"registered":"2017-02-09","catastro":"9854201TF8195S0016WL","holder":null,"holder_count":null}},{"type":"Feature","geometry":{"type":"Point","coordinates":[-5.276904,36.285848]},"properties":{"id":"VUT/CA/02168","type":"VUT","group":"Completa","address":"APARTAMENTO PS MAR DEL (SG) Nº 22 Esc. 01 Plta/Piso 01 Pta/Letra 02 Compl.Dom. APARTAMENTOS PLAYA Nº1-2, PLANTA 1ª, BLOQUE 7 EN EL PUERTO SOTOGRANDE, SNA ROQUE, piso 01, puerta 02","postal_code":"11312","places":12,"units":3,"registered":"2017-02-14","catastro":"5682205TF9158S0079RL","holder":null,"holder_count":null}},{"type":"Feature","geometry":{"type":"Point","coordinates":[-5.347514,36.286898]},"properties":{"id":"VUT/CA/02179","type":"VUT","group":"Completa","address":"CALLE GUADALQUIVIR (SG) Nº 01 Compl.Dom. AVDA. ALMENARA, PARCELA 530601, URB SOTOGRANDE, SAN ROQUE","postal_code":"11312","places":15,"units":4,"registered":"2017-02-14","catastro":"9483801TF8198S0001IS","holder":null,"holder_count":null}},{"type":"Feature","geometry":{"type":"Point","coordinates":[-5.285276,36.28027]},"properties":{"id":"VUT/CA/02191","type":"VUT","group":"Completa","address":"PASEO DEL PARQUE Nº 86","postal_code":"11310","places":10,"units":4,"registered":"2017-02-13","catastro":"4876905TF9147N0001MW","holder":null,"holder_count":null}},{"type":"Feature","geometry":{"type":"Point","coordinates":[-5.275347,36.291472]},"properties":{"id":"VUT/CA/02210","type":"VUT","group":"Completa","address":"AVENIDA DE LA MARINA - RESIDENCIAL RIBERA DEL MARLIN Blq. 7 Plta/Piso 3º Pta/Letra A Compl.Dom. APARTAMENTO 3.A. - SOTOGRANDE, piso 3º, puerta A","postal_code":"11310","places":6,"units":2,"registered":"2017-02-15","catastro":"5484937TF9158S0110PJ","holder":"CCP-COMPANY","holder_count":1}},{"type":"Feature","geometry":{"type":"Point","coordinates":[-5.275347,36.291472]},"properties":{"id":"VUT/CA/02212","type":"VUT","group":"Completa","address":"AVENIDA DE LA MARINA - RESIDENCIAL RIBERA DEL MARLIN Blq. 15 Plta/Piso 3º Pta/Letra B Compl.Dom. APARTAMENTO 3.B. - PUERTO SOTOGRANDE, piso 3º, puerta B","postal_code":"11310","places":6,"units":2,"registered":"2017-02-15","catastro":"5484937TF9158S0185KW","holder":null,"holder_count":null}},{"type":"Feature","geometry":{"type":"Point","coordinates":[-5.325058,36.248764]},"properties":{"id":"VUT/CA/02232","type":"VUT","group":"Completa","address":"URBANIZACION TERRAZAS DE LA ALCAIDESA III Blq. 8 Plta/Piso 1 Pta/Letra B2, piso 1, puerta B2","postal_code":"11310","places":4,"units":2,"registered":"2017-02-17","catastro":"0843209TF9104S0130BS","holder":null,"holder_count":null}},{"type":"Feature","geometry":{"type":"Point","coordinates":[-5.323136,36.245935]},"properties":{"id":"VUT/CA/02233","type":"VUT","group":"Completa","address":"RESIDENCIAL NUEVA ALCAIDESA Blq. 5 Plta/Piso 1 Pta/Letra B, piso 1, puerta B","postal_code":"11310","places":6,"units":3,"registered":"2017-02-17","catastro":"1538109TF9113N0195ZG","holder":null,"holder_count":null}},{"type":"Feature","geometry":{"type":"Point","coordinates":[-5.326582,36.280281]},"properties":{"id":"VUT/CA/02312","type":"VUT","group":"Completa","address":"CONJUNTO URBANISTICO VALGRANDE, VIVIENDA 1, PLANTA BAJA DEL EDIFICIO 1-10 Compl.Dom. URBANIZACIÓN SOTOGRANDE","postal_code":"11310","places":6,"units":3,"registered":"2017-03-02","catastro":"1177602TF9117N0183ZT","holder":null,"holder_count":null}},{"type":"Feature","geometry":{"type":"Point","coordinates":[-5.323136,36.245935]},"properties":{"id":"VUT/CA/02319","type":"VUT","group":"Completa","address":"CONJUNTO NUEVA ALCAIDESA Nº 2 Blq. 1 Esc. 2 Plta/Piso BAJO Pta/Letra A, piso BAJO, puerta A","postal_code":"11360","places":6,"units":2,"registered":"2017-03-03","catastro":"1538109TF9113N0077YM","holder":null,"holder_count":null}},{"type":"Feature","geometry":{"type":"Point","coordinates":[-5.319417,36.238263]},"properties":{"id":"VUT/CA/02330","type":"VUT","group":"Completa","address":"URBANIZACION ALCAIDESA GOLF Nº 8 Blq. 2 Plta/Piso 4 Pta/Letra 242 Compl.Dom. THE BIRDIE CLUB, piso 4, puerta 242","postal_code":"11360","places":5,"units":2,"registered":"2017-03-06","catastro":"1541806TF9114S0052AY","holder":null,"holder_count":null}},{"type":"Feature","geometry":{"type":"Point","coordinates":[-5.313998,36.240493]},"properties":{"id":"VUT/CA/02349","type":"VUT","group":"Completa","address":"CONJUNTO MARINA DE LA ALCAIDESA I Nº 3","postal_code":"11360","places":6,"units":3,"registered":"2017-03-08","catastro":"1538102TF9113N0142SM","holder":null,"holder_count":null}},{"type":"Feature","geometry":{"type":"Point","coordinates":[-5.33599,36.27601]},"properties":{"id":"VUT/CA/02351","type":"VUT","group":"Completa","address":"CALLE Feria Nº 4","postal_code":"11310","places":9,"units":4,"registered":"2017-03-09","catastro":"0272514TF9107S0001FJ","holder":null,"holder_count":null}},{"type":"Feature","geometry":{"type":"Point","coordinates":[-5.276975,36.28403]},"properties":{"id":"VUT/CA/02409","type":"VUT","group":"Completa","address":"PASEO DEL RIO Nº 2 Blq. 1 Plta/Piso 2 Pta/Letra 7, piso 2, puerta 7","postal_code":"11310","places":5,"units":2,"registered":"2017-03-16","catastro":"5682210TF9158S0091TW","holder":null,"holder_count":null}},{"type":"Feature","geometry":{"type":"Point","coordinates":[-5.276452,36.287179]},"properties":{"id":"VUT/CA/02413","type":"VUT","group":"Completa","address":"PASEO DEL MAR Nº 42 Blq. 9 Plta/Piso 1 Pta/Letra 13 Compl.Dom. EDIFICIO APARTAMENTOS PLAYA, piso 1, puerta 13","postal_code":"11310","places":6,"units":3,"registered":"2017-03-16","catastro":"5682203TF9158S0086DM","holder":null,"holder_count":null}},{"type":"Feature","geometry":{"type":"Point","coordinates":[-5.34726,36.277252]},"properties":{"id":"VUT/CA/02421","type":"VUT","group":"Completa","address":"CALLE FUELLE Nº 9","postal_code":"11310","places":8,"units":4,"registered":"2017-03-20","catastro":"9275708TF8197N0001SP","holder":null,"holder_count":null}},{"type":"Feature","geometry":{"type":"Point","coordinates":[-5.276975,36.28403]},"properties":{"id":"VUT/CA/02439","type":"VUT","group":"Completa","address":"PASEO DEL RIO Blq. I Portal 2 Plta/Piso 1 Pta/Letra 6, piso 1, puerta 6","postal_code":"11310","places":9,"units":4,"registered":"2017-03-22","catastro":"5682210TF9158S0080BJ","holder":null,"holder_count":null}},{"type":"Feature","geometry":{"type":"Point","coordinates":[-5.306479,36.277135]},"properties":{"id":"VUT/CA/02440","type":"VUT","group":"Completa","address":"CALLE ALVARADO Nº 4","postal_code":"11310","places":15,"units":7,"registered":"2017-03-22","catastro":"2570612TF9127S0001GW","holder":null,"holder_count":null}},{"type":"Feature","geometry":{"type":"Point","coordinates":[-5.281492,36.28604]},"properties":{"id":"VUT/CA/02441","type":"VUT","group":"Completa","address":"URBANIZACION RIBERA DE LA TENCA Nº 18 Portal 2 Plta/Piso 1, piso 1","postal_code":"11310","places":7,"units":3,"registered":"2017-03-22","catastro":"4984303TF9148S0147SK","holder":null,"holder_count":null}},{"type":"Feature","geometry":{"type":"Point","coordinates":[-5.275521,36.288406]},"properties":{"id":"VUT/CA/02442","type":"VUT","group":"Completa","address":"URBANIZACION RIBERA DEL CANDIL Nº 17","postal_code":"11310","places":7,"units":3,"registered":"2017-03-22","catastro":"5484911TF9158S0015HL","holder":null,"holder_count":null}},{"type":"Feature","geometry":{"type":"Point","coordinates":[-5.322245,36.287682]},"properties":{"id":"VUT/CA/02451","type":"VUT","group":"Completa","address":"CALLE ESMERALDA Nº 53 Compl.Dom. SOTOGRANDE","postal_code":"11310","places":8,"units":4,"registered":"2017-03-23","catastro":"1286527TF9118N0001AU","holder":null,"holder_count":null}},{"type":"Feature","geometry":{"type":"Point","coordinates":[-5.313998,36.240493]},"properties":{"id":"VUT/CA/02505","type":"VUT","group":"Completa","address":"AVENIDA TERCER CENTENARIO, S/N, URB MARINA DE LA ALCAIDESA Blq. 5 Plta/Piso 3, piso 3","postal_code":"11360","places":6,"units":2,"registered":"2017-03-31","catastro":"1538102TF9113N0044AX","holder":null,"holder_count":null}},{"type":"Feature","geometry":{"type":"Point","coordinates":[-5.276904,36.285848]},"properties":{"id":"VUT/CA/02507","type":"VUT","group":"Completa","address":"PASEO DEL MAR Portal 22 Plta/Piso A Pta/Letra 2, piso A, puerta 2","postal_code":"11310","places":5,"units":2,"registered":"2017-03-31","catastro":"5682205TF9158S0110WJ","holder":null,"holder_count":null}},{"type":"Feature","geometry":{"type":"Point","coordinates":[-5.276904,36.285848]},"properties":{"id":"VUT/CA/02511","type":"VUT","group":"Completa","address":"PASEO DEL MAR Nº 22 Blq. 7 Plta/Piso 0 Pta/Letra 2, piso 0, puerta 2","postal_code":"11310","places":4,"units":2,"registered":"2017-04-03","catastro":"5682205TF9158S0063FY","holder":null,"holder_count":null}},{"type":"Feature","geometry":{"type":"Point","coordinates":[-5.276904,36.285848]},"properties":{"id":"VUT/CA/02512","type":"VUT","group":"Completa","address":"PASEO DEL MAR Nº 22 Blq. 7 Plta/Piso 0 Pta/Letra 4, piso 0, puerta 4","postal_code":"11310","places":4,"units":2,"registered":"2017-04-03","catastro":"5682205TF9158S0065HI","holder":null,"holder_count":null}},{"type":"Feature","geometry":{"type":"Point","coordinates":[-5.330104,36.289021]},"properties":{"id":"VUT/CA/02514","type":"VUT","group":"Completa","address":"CALLE ESMERALDA Nº 17","postal_code":"11310","places":11,"units":5,"registered":"2017-04-03","catastro":"1286508TF9118N0001OU","holder":null,"holder_count":null}},{"type":"Feature","geometry":{"type":"Point","coordinates":[-5.348344,36.271047]},"properties":{"id":"VUT/CA/02566","type":"VUT","group":"Completa","address":"CALLE ALMENARA Nº 15","postal_code":"11310","places":8,"units":4,"registered":"2017-04-11","catastro":"9268432TF8196N0001MH","holder":"SUMMER HILL RESORTS LTD","holder_count":1}},{"type":"Feature","geometry":{"type":"Point","coordinates":[-5.344102,36.275343]},"properties":{"id":"VUT/CA/02570","type":"VUT","group":"Completa","address":"CALLE FORMENTERA Nº 3 Compl.Dom. URBANIZACIÓN DE SOTOGRANDE","postal_code":"11310","places":8,"units":4,"registered":"2017-04-11","catastro":"9171202TF8197S0001KK","holder":null,"holder_count":null}},{"type":"Feature","geometry":{"type":"Point","coordinates":[-5.323136,36.245935]},"properties":{"id":"VUT/CA/02584","type":"VUT","group":"Completa","address":"AVENIDA DEL GOLF. CONT 3 Nº S/N Blq. 2 Esc. 2 Plta/Piso BAJO Pta/Letra B, piso BAJO, puerta B","postal_code":"11310","places":6,"units":2,"registered":"2017-04-17","catastro":"1538109TF9113N0113OE","holder":null,"holder_count":null}},{"type":"Feature","geometry":{"type":"Point","coordinates":[-5.347217,36.277865]},"properties":{"id":"VUT/CA/026099","type":"VUT","group":"Completa","address":"CALLE FUELLE Nº 38 Compl.Dom. URBANIZACION SOTOGRANDE","postal_code":"1310","places":8,"units":4,"registered":"2026-03-30","catastro":"9275709TF8197N0001ZP","holder":null,"holder_count":null}},{"type":"Feature","geometry":{"type":"Point","coordinates":[-5.321869,36.289307]},"properties":{"id":"VUT/CA/026148","type":"VUT","group":"Completa","address":"AVENIDA DE LA RESERVA S/N URBANIZACIÓN VILLAGE VERDE Blq. 8 Plta/Piso 3 Pta/Letra B Compl.Dom. URBANIZACIÓN VILLAGE VERDE FASE 2 VIVIENDA 8.3.B, piso 3, puerta B","postal_code":"11310","places":10,"units":4,"registered":"2026-04-07","catastro":"1396909TF9119N0119PL","holder":"SOTOGRANDE SERVICE PROVIDER, S.L.U.","holder_count":4}},{"type":"Feature","geometry":{"type":"Point","coordinates":[-5.280946,36.2883]},"properties":{"id":"VUT/CA/02619","type":"VUT","group":"Completa","address":"CALLE PUERTO SOTOGRANDE Nº 15 Blq. 3 Esc. 8 Pta/Letra 27 Compl.Dom. ISLA PEZ BARBERO, puerta 27","postal_code":"11310","places":6,"units":3,"registered":"2017-04-21","catastro":"5484931tf9158s0028fy","holder":null,"holder_count":null}},{"type":"Feature","geometry":{"type":"Point","coordinates":[-5.269463,36.305911]},"properties":{"id":"VUT/CA/026212","type":"VUT","group":"Completa","address":"URBANIZACION COLINA DEL MAR Nº 72 Compl.Dom. PARAJE DE LA CHULLERA","postal_code":"11360","places":5,"units":4,"registered":"2026-04-15","catastro":"6202701TF9260S0001KL","holder":"TATTYKEEL SL","holder_count":2}},{"type":"Feature","geometry":{"type":"Point","coordinates":[-5.33694,36.269574]},"properties":{"id":"VUT/CA/026273","type":"VUT","group":"Completa","address":"URBANIZACION EMERALD GREENS, FASE III Blq. 9 Plta/Piso BAJO Pta/Letra 3 Compl.Dom. SAN ROQUE CLUB, piso BAJO, puerta 3","postal_code":"11310","places":6,"units":3,"registered":"2026-04-23","catastro":"0266101TF9106N9999LE","holder":"IBERIA LIVING MANAGEMENT, S.L.","holder_count":1}},{"type":"Feature","geometry":{"type":"Point","coordinates":[-5.325104,36.249548]},"properties":{"id":"VUT/CA/026277","type":"VUT","group":"Completa","address":"CALLE DAVE THOMAS Blq. 2 Portal 4 Plta/Piso 0 Pta/Letra B1 Compl.Dom. C.P. TERRAZAS DE ALCAIDESA, piso 0, puerta B1","postal_code":"11360","places":2,"units":2,"registered":"2026-04-23","catastro":"0843209TF9104S0108UX","holder":null,"holder_count":null}},{"type":"Feature","geometry":{"type":"Point","coordinates":[-5.313341,36.277613]},"properties":{"id":"VUT/CA/02630","type":"VUT","group":"Completa","address":"CALLE ALVARADO Pta/Letra 32, puerta 32","postal_code":"11311","places":15,"units":6,"registered":"2017-04-24","catastro":"2570673TF9127S0001AW","holder":"CHALBA 10 S.L.","holder_count":1}},{"type":"Feature","geometry":{"type":"Point","coordinates":[-5.331873,36.276615]},"properties":{"id":"VUT/CA/026301","type":"VUT","group":"Completa","address":"CALLE FATIGA Nº 1 Compl.Dom. URBANIZACION SOTOGRANDE","postal_code":"11310","places":12,"units":4,"registered":"2026-04-27","catastro":"0374510TF9107S0001EJ","holder":null,"holder_count":null}},{"type":"Feature","geometry":{"type":"Point","coordinates":[-5.377553,36.178151]},"properties":{"id":"VUT/CA/026306","type":"VUT","group":"Completa","address":"CALLE real Nº 19 Plta/Piso 2, piso 2","postal_code":"11314","places":3,"units":1,"registered":"2026-04-27","catastro":"6366107TF8066N0001JX","holder":null,"holder_count":null}},{"type":"Feature","geometry":{"type":"Point","coordinates":[-5.341331,36.264552]},"properties":{"id":"VUT/CA/026412","type":"VUT","group":"Completa","address":"URBANIZACION SAN ROQUE CLUB Nº 91 Compl.Dom. Partido de Guadalquiton - vivienda unifamiliar","postal_code":"11360","places":15,"units":4,"registered":"2026-05-12","catastro":"9760301TF8196S0001JQ","holder":null,"holder_count":null}},{"type":"Feature","geometry":{"type":"Point","coordinates":[-5.308094,36.291073]},"properties":{"id":"VUT/CA/026516","type":"VUT","group":"Completa","address":"URBANIZACION LA CAÑADA DEL GOLF Portal 3 Pta/Letra 1B, puerta 1B","postal_code":"11360","places":4,"units":2,"registered":"2026-05-22","catastro":"2087511TF9128N0016OM","holder":null,"holder_count":null}},{"type":"Feature","geometry":{"type":"Point","coordinates":[-5.310557,36.278553]},"properties":{"id":"VUT/CA/026591","type":"VUT","group":"Completa","address":"URBANIZACION LA LOMA DE SOTOGRANDE Nº 6 Compl.Dom. SOTOGRANDE","postal_code":"11310","places":10,"units":5,"registered":"2026-06-02","catastro":"2476709TF9127N0001AJ","holder":null,"holder_count":null}},{"type":"Feature","geometry":{"type":"Point","coordinates":[-5.334081,36.275174]},"properties":{"id":"VUT/CA/026646","type":"VUT","group":"Completa","address":"CALLE FERIA Nº 17","postal_code":"11310","places":10,"units":5,"registered":"2026-06-09","catastro":"0472922TF9107S0001DJ","holder":null,"holder_count":null}},{"type":"Feature","geometry":{"type":"Point","coordinates":[-5.291248,36.307617]},"properties":{"id":"VUT/CA/026660","type":"VUT","group":"Completa","address":"CALLE COLOSUR Nº 16 Compl.Dom. DISEMINADO SAN ENRIQUE S/N","postal_code":"11312","places":8,"units":7,"registered":"2026-06-10","catastro":"4307701TF9240N0016ZG","holder":null,"holder_count":null}},{"type":"Feature","geometry":{"type":"Point","coordinates":[-5.279604,36.284759]},"properties":{"id":"VUT/CA/026696","type":"VUT","group":"Completa","address":"CONJUNTO CASAS DEL RIO Nº 40 Calif.Nº A Plta/Piso 2 Pta/Letra A Compl.Dom. PASEO DEL RIO, piso 2, puerta A","postal_code":"11310","places":4,"units":1,"registered":"2026-06-16","catastro":"5281701TF9158S0079GL","holder":null,"holder_count":null}},{"type":"Feature","geometry":{"type":"Point","coordinates":[-5.287318,36.285325]},"properties":{"id":"VUT/CA/026709","type":"VUT","group":"Completa","address":"CALLE MARIA DE MOLINA Nº 18 Compl.Dom. SOTOGRANDE","postal_code":"11310","places":14,"units":5,"registered":"2026-06-18","catastro":"4781801TF9148S0001QR","holder":null,"holder_count":null}},{"type":"Feature","geometry":{"type":"Point","coordinates":[-5.257086,36.316615]},"properties":{"id":"VUT/CA/026715","type":"VUT","group":"Completa","address":"URBANIZACION INVESPANIA Nº 251","postal_code":"11312","places":8,"units":4,"registered":"2026-06-18","catastro":"7019152TF9271N0001EO","holder":null,"holder_count":null}},{"type":"Feature","geometry":{"type":"Point","coordinates":[-5.318895,36.292475]},"properties":{"id":"VUT/CA/026796","type":"VUT","group":"Completa","address":"URBANIZACION Los Cortijos de la Reserva Nº 33","postal_code":"11310","places":8,"units":4,"registered":"2026-07-03","catastro":"1396907TF9119N0033BQ","holder":null,"holder_count":null}},{"type":"Feature","geometry":{"type":"Point","coordinates":[-5.310038,36.243975]},"properties":{"id":"VUT/CA/026813","type":"VUT","group":"Completa","address":"AVENIDA DEL GOLF Nº 38 Blq. 2 Pta/Letra 201 Compl.Dom. URB. THE LINKS II - ALCAIDESA, puerta 201","postal_code":"11360","places":7,"units":2,"registered":"2026-07-07","catastro":"2638701TF9123N0016SU","holder":null,"holder_count":null}},{"type":"Feature","geometry":{"type":"Point","coordinates":[-5.311795,36.24429]},"properties":{"id":"VUT/CA/026821","type":"VUT","group":"Completa","address":"AVENIDA DEL GOLF, LA ALCAIDESA Nº 3 Plta/Piso 1 Pta/Letra 12 Compl.Dom. URB. MARINA DE LA ALCAIDESA, piso 1, puerta 12","postal_code":"11360","places":4,"units":2,"registered":"2026-07-08","catastro":"1538102TF9113N0124MA","holder":null,"holder_count":null}},{"type":"Feature","geometry":{"type":"Point","coordinates":[-5.386437,36.181644]},"properties":{"id":"VUT/CA/026868","type":"VUT","group":"Completa","address":"CALLE Pi y Margall Nº 14 Plta/Piso 1º Pta/Letra A Compl.Dom. (nº 3 en Catastro), piso 1º, puerta A","postal_code":"29400","places":3,"units":1,"registered":"2026-07-20","catastro":"5469503TF8056N0003HB","holder":null,"holder_count":null}},{"type":"Feature","geometry":{"type":"Point","coordinates":[-5.33694,36.269574]},"properties":{"id":"VUT/CA/026899","type":"VUT","group":"Completa","address":"CONJUNTO EMERALD GREENS, FASE III Nº 3 Blq. 10 Plta/Piso BAJO, piso BAJO","postal_code":"11360","places":6,"units":3,"registered":"2026-07-27","catastro":"0266101TF9106N0075GX","holder":null,"holder_count":null}},{"type":"Feature","geometry":{"type":"Point","coordinates":[-5.340881,36.261082]},"properties":{"id":"VUT/CA/026959","type":"VUT","group":"Completa","address":"CALLE Tony Jacklin Nº 14 Esc. D Plta/Piso -1 Pta/Letra d Compl.Dom. VIVIENDA N° VEINTIDOS, TIPO E, LETRA A, sita en planta baja-uno del bloque TERRAZAS N° CATORCE del conjunto residencial PUERTO I, PRIMERA FASE, piso -1, puerta d","postal_code":"11360","places":6,"units":3,"registered":"2026-08-11","catastro":"9854201TF8195S0022TX","holder":null,"holder_count":null}},{"type":"Feature","geometry":{"type":"Point","coordinates":[-5.387664,36.180635]},"properties":{"id":"VUT/CA/026972","type":"VUT","group":"Completa","address":"CALLE Cervantes Nº 10-12","postal_code":"11313","places":3,"units":1,"registered":"2026-08-16","catastro":"5368503TF8056N0003LB","holder":null,"holder_count":null}},{"type":"Feature","geometry":{"type":"Point","coordinates":[-5.318323,36.287784]},"properties":{"id":"VUT/CA/027006","type":"VUT","group":"Completa","address":"AVENIDA de la Reserva Nº 34 A Blq. 8 Plta/Piso BAJO Pta/Letra B Compl.Dom. Urbanización Senda Chica, piso BAJO, puerta B","postal_code":"11360","places":9,"units":5,"registered":"2026-08-30","catastro":"2087517TF9128N0294IF","holder":null,"holder_count":null}},{"type":"Feature","geometry":{"type":"Point","coordinates":[-5.27213,36.291475]},"properties":{"id":"VUT/CA/02731","type":"VUT","group":"Completa","address":"RESIDENCIAL Puerto de Sotogrande Blq. B Portal 1 Plta/Piso 2 Pta/Letra 4, piso 2, puerta 4","postal_code":"11310","places":6,"units":3,"registered":"2017-05-08","catastro":"6088301TF9168N0001YR","holder":null,"holder_count":null}},{"type":"Feature","geometry":{"type":"Point","coordinates":[-5.284157,36.288038]},"properties":{"id":"VUT/CA/02745","type":"VUT","group":"Completa","address":"URBANIZACION DEL RIO Portal 7 Plta/Piso 1 Pta/Letra 46, piso 1, puerta 46","postal_code":"11310","places":8,"units":4,"registered":"2017-05-10","catastro":"4984302TF9148S0054RL","holder":null,"holder_count":null}},{"type":"Feature","geometry":{"type":"Point","coordinates":[-5.326582,36.280281]},"properties":{"id":"VUT/CA/02795","type":"VUT","group":"Completa","address":"URBANIZACION CONJUNTO URBANISTICO VALGRANDE Nº 1-9 Plta/Piso 2ª Y 3ª, piso 2ª Y 3ª","postal_code":"11311","places":6,"units":5,"registered":"2017-05-17","catastro":"1177602tf9117n0172db","holder":"SYMES HOLDINGS ESPAÑA 2000 S.L.","holder_count":2}},{"type":"Feature","geometry":{"type":"Point","coordinates":[-5.275347,36.291472]},"properties":{"id":"VUT/CA/02845","type":"VUT","group":"Completa","address":"CONJUNTO MARLIN - MARINA DE SOTOGRANDE Portal 4 Plta/Piso 4 Pta/Letra A Compl.Dom. APARTAMENTO 4 - 4º A, piso 4, puerta A","postal_code":"11360","places":5,"units":2,"registered":"2017-05-25","catastro":"5484937TF9158S0083DB","holder":null,"holder_count":null}},{"type":"Feature","geometry":{"type":"Point","coordinates":[-5.310949,36.242754]},"properties":{"id":"VUT/CA/02868","type":"VUT","group":"Completa","address":"URBANIZACION ALCAIDESA Nº 103 Blq. 1 Plta/Piso BJ Compl.Dom. THE LINKS, piso BJ","postal_code":"11360","places":4,"units":2,"registered":"2017-05-29","catastro":"2638710TF9123N0004AZ","holder":"LESLA","holder_count":1}},{"type":"Feature","geometry":{"type":"Point","coordinates":[-5.326931,36.281304]},"properties":{"id":"VUT/CA/02892","type":"VUT","group":"Completa","address":"AVENIDA LOS CORTIJOS Pta/Letra 6 Compl.Dom. SOTOGRANDE, puerta 6","postal_code":"11310","places":1,"units":1,"registered":"2017-06-01","catastro":"0979801TF9107N0062RY","holder":null,"holder_count":null}},{"type":"Feature","geometry":{"type":"Point","coordinates":[-5.313998,36.240493]},"properties":{"id":"VUT/CA/02893","type":"VUT","group":"Completa","address":"AVENIDA DEL 3ER CENTENARIO Blq. 11 Plta/Piso 0 Pta/Letra 1 Compl.Dom. URBANIZACIÓN MARINA DE LA ALCAIDESA (ALCAIDESA), piso 0, puerta 1","postal_code":"11360","places":4,"units":2,"registered":"2017-06-01","catastro":"1538102TF9113N0108DQ","holder":null,"holder_count":null}},{"type":"Feature","geometry":{"type":"Point","coordinates":[-5.319722,36.239347]},"properties":{"id":"VUT/CA/02911","type":"VUT","group":"Completa","address":"AVENIDA DEL GOLF Nº 712 Blq. 4 Esc. 7 Plta/Piso 1 Compl.Dom. COMPLEJO PORTOFINO. ALCAIDESA, piso 1","postal_code":"11360","places":8,"units":2,"registered":"2017-06-05","catastro":"2638706TF9123N0032ZJ","holder":null,"holder_count":null}},{"type":"Feature","geometry":{"type":"Point","coordinates":[-5.326895,36.277258]},"properties":{"id":"VUT/CA/02923","type":"VUT","group":"Completa","address":"CALLE FAISAN Nº 36","postal_code":"11310","places":10,"units":5,"registered":"2017-06-05","catastro":"1074614TF9117S0001AZ","holder":"SOTOMARE, S.L.","holder_count":1}},{"type":"Feature","geometry":{"type":"Point","coordinates":[-5.320638,36.243007]},"properties":{"id":"VUT/CA/02924","type":"VUT","group":"Completa","address":"AVENIDA DEL GOLF Nº S/N Blq. 5 Plta/Piso 0 Pta/Letra 4 Compl.Dom. ALCAIDESA, piso 0, puerta 4","postal_code":"11360","places":5,"units":2,"registered":"2017-06-05","catastro":"1538107TF9113N0051FE","holder":null,"holder_count":null}},{"type":"Feature","geometry":{"type":"Point","coordinates":[-5.334846,36.276783]},"properties":{"id":"VUT/CA/02990","type":"VUT","group":"Completa","address":"CALLE FENOMENO Nº 9","postal_code":"11310","places":15,"units":4,"registered":"2017-06-12","catastro":"0374524TF9107S0001PJ","holder":null,"holder_count":null}},{"type":"Feature","geometry":{"type":"Point","coordinates":[-5.346509,36.276368]},"properties":{"id":"VUT/CA/03002","type":"VUT","group":"Completa","address":"CALLE FUSTA Nº 5","postal_code":"11310","places":8,"units":4,"registered":"2017-06-13","catastro":"9275756TF8197N0001PP","holder":null,"holder_count":null}},{"type":"Feature","geometry":{"type":"Point","coordinates":[-5.308334,36.28179]},"properties":{"id":"VUT/CA/03003","type":"VUT","group":"Completa","address":"CALLE BARCELO Nº 11","postal_code":"11310","places":8,"units":4,"registered":"2017-06-13","catastro":"2778807TF9127N0001YJ","holder":null,"holder_count":null}},{"type":"Feature","geometry":{"type":"Point","coordinates":[-5.313998,36.240493]},"properties":{"id":"VUT/CA/03004","type":"VUT","group":"Completa","address":"AVENIDA DEL 3ER CENTENARIO Blq. 1 Plta/Piso 2 Pta/Letra 22 Compl.Dom. URBANIZACIÓN MARINA DE LA ALCAIDESA (ALCAIDESA), piso 2, puerta 22","postal_code":"11360","places":6,"units":3,"registered":"2017-06-13","catastro":"1538102TF9113N0011PZ","holder":null,"holder_count":null}},{"type":"Feature","geometry":{"type":"Point","coordinates":[-5.307693,36.277038]},"properties":{"id":"VUT/CA/03047","type":"VUT","group":"Completa","address":"CALLE AVILA Nº 7 Compl.Dom. URBANIZACION SOTOGRANDE","postal_code":"11310","places":8,"units":4,"registered":"2017-06-19","catastro":"2570609TF9127S0001GW","holder":null,"holder_count":null}},{"type":"Feature","geometry":{"type":"Point","coordinates":[-5.313998,36.240493]},"properties":{"id":"VUT/CA/03081","type":"VUT","group":"Completa","address":"AVENIDA DEL GOLF Nº 3 Blq. 12 Plta/Piso BAJ Compl.Dom. URBANIZACION MARINA DE LA ALCAIDESA, piso BAJ","postal_code":"11360","places":8,"units":2,"registered":"2017-06-21","catastro":"1538102TF9113N0120LU","holder":null,"holder_count":null}},{"type":"Feature","geometry":{"type":"Point","coordinates":[-5.323136,36.245935]},"properties":{"id":"VUT/CA/03084","type":"VUT","group":"Completa","address":"RESIDENCIAL RESIDENCIAL NUEVA ALCAIDESA Nº 4 Blq. 5 Portal 2 Plta/Piso BAJA Pta/Letra A, piso BAJA, puerta A","postal_code":"11360","places":4,"units":2,"registered":"2017-06-21","catastro":"1538109TF9113N0187HP","holder":null,"holder_count":null}},{"type":"Feature","geometry":{"type":"Point","coordinates":[-5.332544,36.276879]},"properties":{"id":"VUT/CA/03112","type":"VUT","group":"Completa","address":"CALLE FIGON Nº 2","postal_code":"11310","places":9,"units":4,"registered":"2017-06-26","catastro":"0374511TF9107S0001SJ","holder":null,"holder_count":null}},{"type":"Feature","geometry":{"type":"Point","coordinates":[-5.278437,36.286309]},"properties":{"id":"VUT/CA/03121","type":"VUT","group":"Completa","address":"AVENIDA PUERTO SOTOGRANDE 16 ISLA CAREY Esc. 1 Plta/Piso bajo Pta/Letra A, piso bajo, puerta A","postal_code":"11312","places":6,"units":3,"registered":"2017-06-27","catastro":"5484928TF9158S0072BS","holder":null,"holder_count":null}},{"type":"Feature","geometry":{"type":"Point","coordinates":[-5.341762,36.26251]},"properties":{"id":"VUT/CA/03144","type":"VUT","group":"Completa","address":"URBANIZACION SAN ROQUE CLUB Nº 12","postal_code":"11360","places":8,"units":4,"registered":"2017-06-29","catastro":"9658501TF8195N0012MU","holder":null,"holder_count":null}},{"type":"Feature","geometry":{"type":"Point","coordinates":[-5.297554,36.291393]},"properties":{"id":"VUT/CA/03171","type":"VUT","group":"Completa","address":"CALLE SANTIAGO DE COMPOSTELA Nº 22","postal_code":"11310","places":9,"units":4,"registered":"2017-07-03","catastro":"3888302TF9138N0001RG","holder":null,"holder_count":null}},{"type":"Feature","geometry":{"type":"Point","coordinates":[-5.275809,36.286072]},"properties":{"id":"VUT/CA/03173","type":"VUT","group":"Completa","address":"PASEO DEL MAR Portal 36 Plta/Piso 1 Pta/Letra 2, piso 1, puerta 2","postal_code":"11310","places":7,"units":3,"registered":"2017-07-03","catastro":"5682204TF9158S0100OP","holder":null,"holder_count":null}},{"type":"Feature","geometry":{"type":"Point","coordinates":[-5.275643,36.287801]},"properties":{"id":"VUT/CA/03174","type":"VUT","group":"Completa","address":"PASEO DEL MAR Nº - Calif.Nº 64 Blq. 10 Compl.Dom. apartamento 0-12","postal_code":"11310","places":9,"units":4,"registered":"2017-07-03","catastro":"5682201TF9158S0071YA","holder":null,"holder_count":null}},{"type":"Feature","geometry":{"type":"Point","coordinates":[-5.320638,36.243007]},"properties":{"id":"VUT/CA/03196","type":"VUT","group":"Completa","address":"AVENIDA DEL GOLF Blq. 8 Plta/Piso 2 Pta/Letra 1 Compl.Dom. URBANIZACION ALTAVISTA DE ALCAIDESA, piso 2, puerta 1","postal_code":"11360","places":4,"units":2,"registered":"2017-07-04","catastro":"1538107TF9113N0092BO","holder":"BBEN ALLINRENTAL SL","holder_count":1}},{"type":"Feature","geometry":{"type":"Point","coordinates":[-5.31271,36.242238]},"properties":{"id":"VUT/CA/03218","type":"VUT","group":"Completa","address":"URBANIZACION PORTO FINO - LA ALCAIDESA Pta/Letra 512, puerta 512","postal_code":"11310","places":6,"units":3,"registered":"2017-07-06","catastro":"2638706TF9123N0023GA","holder":null,"holder_count":null}},{"type":"Feature","geometry":{"type":"Point","coordinates":[-5.309733,36.278971]},"properties":{"id":"VUT/CA/03221","type":"VUT","group":"Completa","address":"CALLE BUENOS AIRES Nº 3","postal_code":"11310","places":10,"units":5,"registered":"2017-07-06","catastro":"2476702TF9127N0001JJ","holder":null,"holder_count":null}},{"type":"Feature","geometry":{"type":"Point","coordinates":[-5.313998,36.240493]},"properties":{"id":"VUT/CA/03276","type":"VUT","group":"Completa","address":"AVENIDA DEL GOLF Blq. 4 Plta/Piso 2 Pta/Letra 21 Compl.Dom. ALCAIDESA, piso 2, puerta 21","postal_code":"11360","places":5,"units":2,"registered":"2017-07-12","catastro":"1538102TF9113N0040UK","holder":null,"holder_count":null}},{"type":"Feature","geometry":{"type":"Point","coordinates":[-5.323136,36.245935]},"properties":{"id":"VUT/CA/03277","type":"VUT","group":"Completa","address":"AVENIDA DEL 3ER CENTENARIO Nº 4 Blq. 4 Portal 2 Plta/Piso BAJA Pta/Letra B Compl.Dom. ALCAIDESA, piso BAJA, puerta B","postal_code":"11360","places":5,"units":2,"registered":"2017-07-12","catastro":"1538109TF9113N0173TX","holder":null,"holder_count":null}},{"type":"Feature","geometry":{"type":"Point","coordinates":[-5.340881,36.261082]},"properties":{"id":"VUT/CA/03330","type":"VUT","group":"Completa","address":"URBANIZACION SAN ROQUE CLUB, PARTIDO DE GUADALQUITON, PUEBLO I Nº 26 Blq. 14 Plta/Piso BAJ, piso BAJ","postal_code":"11360","places":4,"units":2,"registered":"2017-07-18","catastro":"9854201TF8195S0026OE","holder":null,"holder_count":null}},{"type":"Feature","geometry":{"type":"Point","coordinates":[-5.398209,36.211746]},"properties":{"id":"VUT/CA/03338","type":"VUT","group":"Completa","address":"URBANIZACION SANTA MRAGARITA Nº 3","postal_code":"11360","places":6,"units":3,"registered":"2017-07-20","catastro":"4502301TF8140S0003ML","holder":null,"holder_count":null}},{"type":"Feature","geometry":{"type":"Point","coordinates":[-5.311795,36.24429]},"properties":{"id":"VUT/CA/03378","type":"VUT","group":"Completa","address":"CONJUNTO MARINA DE LA ALCAIDESA Blq. 8 Plta/Piso 1 Pta/Letra 13, piso 1, puerta 13","postal_code":"11310","places":4,"units":2,"registered":"2017-07-27","catastro":"1538102TF9113N0083GE","holder":null,"holder_count":null}},{"type":"Feature","geometry":{"type":"Point","coordinates":[-5.276904,36.285848]},"properties":{"id":"VUT/CA/03393","type":"VUT","group":"Completa","address":"APARTAMENTO PLAYA BLOQUE SIETE Plta/Piso 2 Pta/Letra 10 Compl.Dom. PUERTO DE SOTOGRANDE, piso 2, puerta 10","postal_code":"11360","places":4,"units":2,"registered":"2017-07-31","catastro":"5682205TF9158S0103ZD","holder":null,"holder_count":null}},{"type":"Feature","geometry":{"type":"Point","coordinates":[-5.275347,36.291472]},"properties":{"id":"VUT/CA/03412","type":"VUT","group":"Completa","address":"AVENIDA PUERTO DE SOTOGRANDE Esc. 9 Plta/Piso 3 Pta/Letra A Compl.Dom. RIBERA DEL MARLIN, piso 3, puerta A","postal_code":"11360","places":4,"units":2,"registered":"2017-08-02","catastro":"5484937TF9158S0128WO","holder":"WLIFE INMOBLIARIO. S.L.","holder_count":1}},{"type":"Feature","geometry":{"type":"Point","coordinates":[-5.300139,36.278882]},"properties":{"id":"VUT/CA/03461","type":"VUT","group":"Completa","address":"CALLE CALLE EDUARDO EL AFRICANO Nº 4","postal_code":"11310","places":15,"units":5,"registered":"2017-08-17","catastro":"3475409TF9137N0001UZ","holder":null,"holder_count":null}},{"type":"Feature","geometry":{"type":"Point","coordinates":[-5.336337,36.278695]},"properties":{"id":"VUT/CA/03478","type":"VUT","group":"Completa","address":"CALLE FAISÁN Nº 5","postal_code":"11310","places":15,"units":4,"registered":"2017-08-21","catastro":"0177114TF9107N0001IO","holder":null,"holder_count":null}},{"type":"Feature","geometry":{"type":"Point","coordinates":[-5.278676,36.285481]},"properties":{"id":"VUT/CA/03510","type":"VUT","group":"Completa","address":"URBANIZACION RIBERA DEL EMPERADOR Nº 59","postal_code":"11310","places":10,"units":4,"registered":"2017-08-25","catastro":"5484998TF9158S0001BI","holder":null,"holder_count":null}},{"type":"Feature","geometry":{"type":"Point","coordinates":[-5.296694,36.290526]},"properties":{"id":"VUT/CA/03511","type":"VUT","group":"Completa","address":"CALLE ROBERTO EL PIADOSO Nº 4","postal_code":"11310","places":10,"units":5,"registered":"2017-08-25","catastro":"3888306TF9138N0001JG","holder":null,"holder_count":null}},{"type":"Feature","geometry":{"type":"Point","coordinates":[-5.298725,36.279209]},"properties":{"id":"VUT/CA/03538","type":"VUT","group":"Completa","address":"PASEO DEL PARQUE Nº 23","postal_code":"11310","places":15,"units":6,"registered":"2017-08-29","catastro":"3776203TF9137N0001KZ","holder":null,"holder_count":null}},{"type":"Feature","geometry":{"type":"Point","coordinates":[-5.32133,36.275454]},"properties":{"id":"VUT/CA/03539","type":"VUT","group":"Completa","address":"CALLE DAIMIEL Nº 31","postal_code":"11310","places":15,"units":4,"registered":"2017-08-29","catastro":"1674460TF9117S0001RZ","holder":null,"holder_count":null}},{"type":"Feature","geometry":{"type":"Point","coordinates":[-5.345038,36.269431]},"properties":{"id":"VUT/CA/03542","type":"VUT","group":"Completa","address":"CALLE GRANADA Nº 6 Compl.Dom. SOTOGRANDE","postal_code":"11310","places":12,"units":6,"registered":"2017-08-30","catastro":"9567318TF8196N0001PH","holder":"RESIDENCIAL MARLIN SLU","holder_count":2}},{"type":"Feature","geometry":{"type":"Point","coordinates":[-5.331972,36.28253]},"properties":{"id":"VUT/CA/03550","type":"VUT","group":"Completa","address":"URBANIZACION LOS PATIOS DE VALDERRAMA Nº 15","postal_code":"11310","places":6,"units":3,"registered":"2017-08-30","catastro":"0680614TF9108S0001AA","holder":"DAURIN,S.L.U.","holder_count":1}},{"type":"Feature","geometry":{"type":"Point","coordinates":[-5.335357,36.277666]},"properties":{"id":"VUT/CA/03560","type":"VUT","group":"Completa","address":"CALLE FINO Nº 11 Compl.Dom. SOTOGRANDE","postal_code":"11310","places":10,"units":5,"registered":"2017-08-31","catastro":"0374531TF9107S0001MJ","holder":"RESIDENCIAL MARLIN SLU","holder_count":2}},{"type":"Feature","geometry":{"type":"Point","coordinates":[-5.313676,36.277718]},"properties":{"id":"VUT/CA/03561","type":"VUT","group":"Completa","address":"CALLE ALVARADO Nº 34","postal_code":"11310","places":12,"units":6,"registered":"2017-08-31","catastro":"2570672TF9127S0001WW","holder":"VERALBA 9 SL","holder_count":1}},{"type":"Feature","geometry":{"type":"Point","coordinates":[-5.299747,36.285146]},"properties":{"id":"VUT/CA/03630","type":"VUT","group":"Completa","address":"CALLE TERESA DE ARAGON Nº 4 Compl.Dom. URBANIZACIÓN DE SOTOGRANDE","postal_code":"11310","places":8,"units":4,"registered":"2017-09-11","catastro":"3582604TF9138S0001TM","holder":null,"holder_count":null}},{"type":"Feature","geometry":{"type":"Point","coordinates":[-5.27738,36.287214]},"properties":{"id":"VUT/CA/03639","type":"VUT","group":"Completa","address":"AVENIDA PUERTO DE SOTOGRANDE Esc. 4 Plta/Piso SM Pta/Letra 11 Compl.Dom. EDIFICIO RIBERA DEL DELFIN, piso SM, puerta 11","postal_code":"11310","places":4,"units":2,"registered":"2017-09-12","catastro":"5484916TF9158S0052JZ","holder":null,"holder_count":null}},{"type":"Feature","geometry":{"type":"Point","coordinates":[-5.323136,36.245935]},"properties":{"id":"VUT/CA/03646","type":"VUT","group":"Completa","address":"AVENIDA DEL GOLF Nº 4 Blq. 1 Esc. 2 Plta/Piso BAJO Pta/Letra A Compl.Dom. ALCAIDESA, piso BAJO, puerta A","postal_code":"11360","places":5,"units":2,"registered":"2017-09-12","catastro":"1538109TF9113N0137RZ","holder":null,"holder_count":null}},{"type":"Feature","geometry":{"type":"Point","coordinates":[-5.323136,36.245935]},"properties":{"id":"VUT/CA/03652","type":"VUT","group":"Completa","address":"AVENIDA DEL GOLF Nº 2 Calif.Nº 1 Blq. 2 Esc. 2 Plta/Piso BAJO Pta/Letra B Compl.Dom. ALCAIDESA, piso BAJO, puerta B","postal_code":"11360","places":5,"units":2,"registered":"2017-09-13","catastro":"1538109TF9113N0023DU","holder":null,"holder_count":null}},{"type":"Feature","geometry":{"type":"Point","coordinates":[-5.27213,36.291475]},"properties":{"id":"VUT/CA/03701","type":"VUT","group":"Completa","address":"EDIFICIO EDIFICIO B, APARTAMENTO B-2.3","postal_code":"11310","places":6,"units":3,"registered":"2017-09-18","catastro":"6088301TF9168N0005PI","holder":null,"holder_count":null}},{"type":"Feature","geometry":{"type":"Point","coordinates":[-5.306107,36.287721]},"properties":{"id":"VUT/CA/03706","type":"VUT","group":"Completa","address":"URBANIZACION VILLAS DE PANIAGUA Nº 35 Compl.Dom. CALLE BAJA","postal_code":"11310","places":10,"units":5,"registered":"2017-09-19","catastro":"2885106TF9128N0036UF","holder":null,"holder_count":null}},{"type":"Feature","geometry":{"type":"Point","coordinates":[-5.32055,36.286976]},"properties":{"id":"VUT/CA/03727","type":"VUT","group":"Completa","address":"CALLE ESMERALDA Nº 65 Compl.Dom. URB SOTOGRANDE PARCELA 550432","postal_code":"11310","places":15,"units":5,"registered":"2017-09-20","catastro":"1286533TF9118N0001GU","holder":null,"holder_count":null}},{"type":"Feature","geometry":{"type":"Point","coordinates":[-5.304896,36.283725]},"properties":{"id":"VUT/CA/03730","type":"VUT","group":"Completa","address":"CALLE BENAVENTE Nº 2 (O CALLE BUENAVISTA 77) Compl.Dom. SOTOGRANDE","postal_code":"11310","places":13,"units":4,"registered":"2017-09-20","catastro":"3081905TF9138S0001GM","holder":null,"holder_count":null}},{"type":"Feature","geometry":{"type":"Point","coordinates":[-5.275347,36.291472]},"properties":{"id":"VUT/CA/03741","type":"VUT","group":"Completa","address":"AVENIDA DE LA MARINA - RESIDENCIAL RIBERA DEL MARLIN Blq. 2 Plta/Piso 1ª Pta/Letra A Compl.Dom. APARTAMENTO 1.A.  -  SOTOGRANDE, piso 1ª, puerta A","postal_code":"11310","places":6,"units":2,"registered":"2017-09-21","catastro":"5484937TF9158S0058BR","holder":null,"holder_count":null}},{"type":"Feature","geometry":{"type":"Point","coordinates":[-5.307102,36.279707]},"properties":{"id":"VUT/CA/03751","type":"VUT","group":"Completa","address":"CALLE BEGOÑA Nº 22 Compl.Dom. VILLA ROSA","postal_code":"11310","places":10,"units":5,"registered":"2017-09-22","catastro":"3077937TF9137N0001PZ","holder":null,"holder_count":null}},{"type":"Feature","geometry":{"type":"Point","coordinates":[-5.281209,36.287364]},"properties":{"id":"VUT/CA/03835","type":"VUT","group":"Completa","address":"URBANIZACION JUNGLA DEL LORO Nº 2.20 Portal 10 Plta/Piso 2 Compl.Dom. PUERTO SOTOGRANDE, piso 2","postal_code":"11310","places":8,"units":2,"registered":"2017-10-03","catastro":"5484924TF9158S0018JX","holder":null,"holder_count":null}},{"type":"Feature","geometry":{"type":"Point","coordinates":[-5.275347,36.291472]},"properties":{"id":"VUT/CA/03843","type":"VUT","group":"Completa","address":"AVENIDA DE LA MARINA - URB. RIBERA DEL MARLIN Blq. 12 Plta/Piso 5 Pta/Letra B, piso 5, puerta B","postal_code":"11310","places":4,"units":2,"registered":"2017-10-04","catastro":"5484937TF9158S0160XY","holder":"VIRSU BVBA","holder_count":1}},{"type":"Feature","geometry":{"type":"Point","coordinates":[-5.326479,36.247753]},"properties":{"id":"VUT/CA/03849","type":"VUT","group":"Completa","address":"AVENIDA DEL GOLF Blq. 5 Portal 11 Plta/Piso 1 Pta/Letra A Compl.Dom. URBANIZACIÓN GOLF & BEACH RESORT - ALCAIDESA, piso 1, puerta A","postal_code":"11360","places":12,"units":3,"registered":"2017-10-05","catastro":"0843203TF9104S0044BB","holder":null,"holder_count":null}},{"type":"Feature","geometry":{"type":"Point","coordinates":[-5.275347,36.291472]},"properties":{"id":"VUT/CA/03899","type":"VUT","group":"Completa","address":"URBANIZACION RIVERA DEL MARLIN Blq. 9 Plta/Piso 4 Pta/Letra B Compl.Dom. AV DE LA MARINA, piso 4, puerta B","postal_code":"11310","places":5,"units":2,"registered":"2017-10-16","catastro":"5484937TF9158S0131WO","holder":"NINOVE REAL ESTATE BVBA","holder_count":1}},{"type":"Feature","geometry":{"type":"Point","coordinates":[-5.275347,36.291472]},"properties":{"id":"VUT/CA/03903","type":"VUT","group":"Completa","address":"URBANIZACION RIBERA DEL MARLIN Blq. 7 Plta/Piso 3 Pta/Letra B Compl.Dom. AV DE LA MARINA, piso 3, puerta B","postal_code":"11310","places":6,"units":2,"registered":"2017-10-16","catastro":"5484937TF9158S0111AK","holder":null,"holder_count":null}},{"type":"Feature","geometry":{"type":"Point","coordinates":[-5.311795,36.24429]},"properties":{"id":"VUT/CA/03924","type":"VUT","group":"Completa","address":"LUGAR MARINA LA ALCAIDESA Nº 4 Blq. 5 Esc. 5 Plta/Piso 2 Pta/Letra 21, piso 2, puerta 21","postal_code":"11310","places":4,"units":2,"registered":"2017-10-17","catastro":"1538102TF9113N0050FW","holder":null,"holder_count":null}},{"type":"Feature","geometry":{"type":"Point","coordinates":[-5.277094,36.288544]},"properties":{"id":"VUT/CA/04054","type":"VUT","group":"Completa","address":"CALLE RIVERA DE LA NECORA Nº 2 Plta/Piso BAJO Pta/Letra DCHA Compl.Dom. MARINA DE SOTOGRANDE, piso BAJO, puerta DCHA","postal_code":"11310","places":4,"units":2,"registered":"2017-11-03","catastro":"5484914TF9158S0054QM","holder":null,"holder_count":null}},{"type":"Feature","geometry":{"type":"Point","coordinates":[-5.276975,36.28403]},"properties":{"id":"VUT/CA/04089","type":"VUT","group":"Completa","address":"PASEO DEL RIO Nº 3 Compl.Dom. APARTAMENTO 3-2, EDIFICIO APARTAMENTOS PLAYA, PUERTO DE SOTOGRANDE","postal_code":"11310","places":4,"units":2,"registered":"2017-11-10","catastro":"5682210TF9158S0049QZ","holder":"VOF ANTON VAN ZANTBEEK","holder_count":1}},{"type":"Feature","geometry":{"type":"Point","coordinates":[-5.275347,36.291472]},"properties":{"id":"VUT/CA/04102","type":"VUT","group":"Completa","address":"CONJUNTO RESIDENCIAL MARLIN Nº A-8 Plta/Piso ATICO Compl.Dom. PUERTO SOTOGRANDE, piso ATICO","postal_code":"11310","places":4,"units":2,"registered":"2017-11-13","catastro":"5484937TF9158S0123BR","holder":null,"holder_count":null}},{"type":"Feature","geometry":{"type":"Point","coordinates":[-5.275521,36.288406]},"properties":{"id":"VUT/CA/04112","type":"VUT","group":"Completa","address":"URBANIZACION Ribera del Candil Pta/Letra 26, puerta 26","postal_code":"11310","places":4,"units":2,"registered":"2017-11-14","catastro":"5484911TF9158S0023ZQ","holder":null,"holder_count":null}},{"type":"Feature","geometry":{"type":"Point","coordinates":[-5.306107,36.287721]},"properties":{"id":"VUT/CA/04129","type":"VUT","group":"Completa","address":"AVENIDA DE PANIAGUA Nº SN Pta/Letra 17 Compl.Dom. CONJUNTO URBANÍSTICO \"VILLAS DE PANIAGUA\". VIVIENDA 17, puerta 17","postal_code":"11310","places":12,"units":3,"registered":"2017-11-15","catastro":"2885106TF9128N0018KW","holder":"GYPSY CLEANER & GLOBAL SERVICES, S.L.","holder_count":1}},{"type":"Feature","geometry":{"type":"Point","coordinates":[-5.285899,36.281492]},"properties":{"id":"VUT/CA/04134","type":"VUT","group":"Completa","address":"AVENIDA PASEO DEL PARQUE Nº 92","postal_code":"11310","places":8,"units":4,"registered":"2017-11-15","catastro":"4876902TF9147N0001LW","holder":null,"holder_count":null}},{"type":"Feature","geometry":{"type":"Point","coordinates":[-5.292777,36.288899]},"properties":{"id":"VUT/CA/04135","type":"VUT","group":"Completa","address":"URBANIZACION EL POLO DE SOTOGRANDE, EDIF. BEAUFORT Plta/Piso 1 Pta/Letra D, piso 1, puerta D","postal_code":"11310","places":6,"units":3,"registered":"2017-11-20","catastro":"4188708TF9148N0045FT","holder":null,"holder_count":null}},{"type":"Feature","geometry":{"type":"Point","coordinates":[-5.29276,36.287879]},"properties":{"id":"VUT/CA/04222","type":"VUT","group":"Completa","address":"CALLE RAMIRO EL MONJE Nº 2 Blq. 7 Plta/Piso BAJA Pta/Letra B, piso BAJA, puerta B","postal_code":"11310","places":6,"units":2,"registered":"2017-12-12","catastro":"4188704TF9148N0160DJ","holder":null,"holder_count":null}},{"type":"Feature","geometry":{"type":"Point","coordinates":[-5.281492,36.28604]},"properties":{"id":"VUT/CA/04263","type":"VUT","group":"Completa","address":"EDIFICIO RIBERA DE LA TENCA Portal 5 Plta/Piso ATICO Pta/Letra 35 Compl.Dom. PUERTO SOTOGRANDE., piso ATICO, puerta 35","postal_code":"11312","places":7,"units":3,"registered":"2018-01-04","catastro":"4984303TF9148S0174UD","holder":null,"holder_count":null}},{"type":"Feature","geometry":{"type":"Point","coordinates":[-5.346794,36.286472]},"properties":{"id":"VUT/CA/04314","type":"VUT","group":"Completa","address":"CALLE GUADALQUIVIR Nº 4","postal_code":"11310","places":12,"units":6,"registered":"2018-01-11","catastro":"9383501TF8198S0001RS","holder":null,"holder_count":null}},{"type":"Feature","geometry":{"type":"Point","coordinates":[-5.31271,36.242238]},"properties":{"id":"VUT/CA/04374","type":"VUT","group":"Completa","address":"AVENIDA AVDA DEL MEDITERRANEO Nº 10 Blq. 3 Pta/Letra 301 Compl.Dom. URB. PORTOFINO ( LA ALCAIDESA ), puerta 301","postal_code":"11360","places":5,"units":2,"registered":"2018-01-17","catastro":"2638706TF9123N0009UE","holder":null,"holder_count":null}},{"type":"Feature","geometry":{"type":"Point","coordinates":[-5.343141,36.279457]},"properties":{"id":"VUT/CA/04410","type":"VUT","group":"Completa","address":"CALLE FONDEO Nº 10 Compl.Dom. SOTOGRANDE","postal_code":"11310","places":10,"units":5,"registered":"2018-01-23","catastro":"9577825TF8197N0001OP","holder":"SOTOFONDEO S.L","holder_count":1}},{"type":"Feature","geometry":{"type":"Point","coordinates":[-5.269774,36.303262]},"properties":{"id":"VUT/CA/04433","type":"VUT","group":"Completa","address":"CALLE MEXICO Nº 22 Compl.Dom. URBANIZACION COLINAS DEL MAR","postal_code":"11312","places":9,"units":4,"registered":"2018-01-25","catastro":"6101516TF9260S0001YL","holder":null,"holder_count":null}},{"type":"Feature","geometry":{"type":"Point","coordinates":[-5.326479,36.247753]},"properties":{"id":"VUT/CA/04435","type":"VUT","group":"Completa","address":"URBANIZACION LA ALCAIDESA Blq. 13 Portal 30 Plta/Piso BAJO Pta/Letra D Compl.Dom. CONPLEJO GOLF AND BEACH RESORT, piso BAJO, puerta D","postal_code":"11360","places":6,"units":4,"registered":"2018-01-26","catastro":"0843203TF9104S0119UU","holder":null,"holder_count":null}},{"type":"Feature","geometry":{"type":"Point","coordinates":[-5.308464,36.280681]},"properties":{"id":"VUT/CA/04440","type":"VUT","group":"Completa","address":"CALLE BALEARES Nº 4","postal_code":"11310","places":15,"units":5,"registered":"2018-01-29","catastro":"2778814TF9127N0001LJ","holder":null,"holder_count":null}},{"type":"Feature","geometry":{"type":"Point","coordinates":[-5.340008,36.283313]},"properties":{"id":"VUT/CA/04462","type":"VUT","group":"Completa","address":"URBANIZACION SOTOGRANDE, CONJUNTO RESIDENCIAL \"SOTOGOLF\" Nº 57 Compl.Dom. FINCA REGISTRAL 22752 de San Roque","postal_code":"11312","places":15,"units":4,"registered":"2018-01-31","catastro":"9981301TF8198S0058EI","holder":null,"holder_count":null}},{"type":"Feature","geometry":{"type":"Point","coordinates":[-5.326479,36.247753]},"properties":{"id":"VUT/CA/04477","type":"VUT","group":"Completa","address":"AVENIDA DEL GOLF Blq. 2 Plta/Piso 1 Pta/Letra A Compl.Dom. COMPLEJO GOLF AND BEACH, piso 1, puerta A","postal_code":"11360","places":6,"units":3,"registered":"2018-02-05","catastro":"0843203TF9104S0020WW","holder":null,"holder_count":null}},{"type":"Feature","geometry":{"type":"Point","coordinates":[-5.311795,36.24429]},"properties":{"id":"VUT/CA/04484","type":"VUT","group":"Completa","address":"AVENIDA DEL GOLF Nº 2 Portal ADOSADO Pta/Letra 18 Compl.Dom. URB. MARINA DE LA ALCAIDESA, puerta 18","postal_code":"11360","places":8,"units":4,"registered":"2018-02-05","catastro":"1538102TF9113N0157QS","holder":"VIVIENDAS DEL PUERTO S.L.","holder_count":1}},{"type":"Feature","geometry":{"type":"Point","coordinates":[-5.336546,36.293413]},"properties":{"id":"VUT/CA/04514","type":"VUT","group":"Completa","address":"PLAZA DEL AGUA E 1-1 Compl.Dom. PUERTO DE SOTOGRANDE","postal_code":"11310","places":10,"units":5,"registered":"2018-02-14","catastro":"0492106TF9109S0001UT","holder":"BOD PROPERTIES (SPAIN), S.L.","holder_count":1}},{"type":"Feature","geometry":{"type":"Point","coordinates":[-5.343524,36.276047]},"properties":{"id":"VUT/CA/04515","type":"VUT","group":"Completa","address":"CALLE LOS CORTIJOS Nº 118 Compl.Dom. SOTOGRANDE","postal_code":"11310","places":6,"units":3,"registered":"2018-02-15","catastro":"9574748TF8197S0001TK","holder":null,"holder_count":null}},{"type":"Feature","geometry":{"type":"Point","coordinates":[-5.271114,36.305509]},"properties":{"id":"VUT/CA/04554","type":"VUT","group":"Completa","address":"LUGAR COLINA DEL MAR Compl.Dom. CALLE SAN SALVADOR S/N","postal_code":"11312","places":10,"units":5,"registered":"2018-02-21","catastro":"6101544TF9260S0001HL","holder":null,"holder_count":null}},{"type":"Feature","geometry":{"type":"Point","coordinates":[-5.317606,36.244168]},"properties":{"id":"VUT/CA/04579","type":"VUT","group":"Completa","address":"URBANIZACION Altavista de Alcaidesa Blq. 9 Portal 15 Compl.Dom. 1o. Fase 2","postal_code":"11360","places":6,"units":2,"registered":"2018-02-26","catastro":"1538107TF9113N0104IB","holder":null,"holder_count":null}},{"type":"Feature","geometry":{"type":"Point","coordinates":[-5.317455,36.285022]},"properties":{"id":"VUT/CA/04605","type":"VUT","group":"Completa","address":"CALLE CASTILLA Nº 5 Compl.Dom. SOTOGRANDE","postal_code":"11310","places":8,"units":4,"registered":"2018-03-02","catastro":"2380407TF9128S0001JL","holder":null,"holder_count":null}},{"type":"Feature","geometry":{"type":"Point","coordinates":[-5.32131,36.245858]},"properties":{"id":"VUT/CA/04606","type":"VUT","group":"Completa","address":"AVENIDA DEL GOLF Nº 9-15 Plta/Piso BAJO Pta/Letra 103 Compl.Dom. URBANIZACIÓN \"ALCAIDESA BIRDIE CLUB\", piso BAJO, puerta 103","postal_code":"11360","places":4,"units":2,"registered":"2018-03-02","catastro":"1541806TF9114S0004QL","holder":"ELECTRÓNICA ACTUAL, S.L.","holder_count":1}},{"type":"Feature","geometry":{"type":"Point","coordinates":[-5.326479,36.247753]},"properties":{"id":"VUT/CA/04640","type":"VUT","group":"Completa","address":"AVENIDA DEL GOLF Nº 15 Portal 18 Plta/Piso 1 Pta/Letra C Compl.Dom. Avda. Del Gol 15 - Portal 18 - Primero C - Urb. Golf And Beach Resort - Alcaidesa, piso 1, puerta C","postal_code":"11360","places":6,"units":2,"registered":"2018-03-09","catastro":"0843203TF9104S0072HH","holder":null,"holder_count":null}},{"type":"Feature","geometry":{"type":"Point","coordinates":[-5.345469,36.270326]},"properties":{"id":"VUT/CA/04684","type":"VUT","group":"Completa","address":"AVENIDA GRANADA Nº 5-7 Compl.Dom. URBANIZACION SOTOGRANDE","postal_code":"11310","places":15,"units":9,"registered":"2018-03-16","catastro":"9467207TF8196N0001AH","holder":null,"holder_count":null}},{"type":"Feature","geometry":{"type":"Point","coordinates":[-5.310949,36.242754]},"properties":{"id":"VUT/CA/04726","type":"VUT","group":"Completa","address":"URBANIZACION ALCAIDESA Blq. 2 Plta/Piso B Pta/Letra 201 Compl.Dom. URB. THE LINKS, piso B, puerta 201","postal_code":"11310","places":6,"units":3,"registered":"2018-03-26","catastro":"2638710TF9123N0017ZI","holder":null,"holder_count":null}},{"type":"Feature","geometry":{"type":"Point","coordinates":[-5.301986,36.279585]},"properties":{"id":"VUT/CA/04739","type":"VUT","group":"Completa","address":"CALLE NAVENGANTE Nº 16 Compl.Dom. SOTOGRANDE","postal_code":"11310","places":11,"units":6,"registered":"2018-04-03","catastro":"3475415TF9137N0001AZ","holder":"CAGU 16 S.L","holder_count":1}},{"type":"Feature","geometry":{"type":"Point","coordinates":[-5.338762,36.277829]},"properties":{"id":"VUT/CA/04761","type":"VUT","group":"Completa","address":"URBANIZACION SOTOGRANDE  C/ FORJA - PARCELA 660132 Nº 6","postal_code":"11310","places":8,"units":4,"registered":"2018-04-06","catastro":"0075212TF9107N0001GO","holder":"HOUSE DRAGON GMBH","holder_count":1}},{"type":"Feature","geometry":{"type":"Point","coordinates":[-5.275347,36.291472]},"properties":{"id":"VUT/CA/04797","type":"VUT","group":"Completa","address":"CONJUNTO RESIDENCIAL MARLIN, APARTAMENTO Nº 12 Blq. C Compl.Dom. MARINA DE SOTOGRANDE","postal_code":"11310","places":4,"units":2,"registered":"2018-04-11","catastro":"5484937TF9158S0153KW","holder":"ELLERBY SOUTH, S.L.","holder_count":1}},{"type":"Feature","geometry":{"type":"Point","coordinates":[-5.278321,36.287911]},"properties":{"id":"VUT/CA/04856","type":"VUT","group":"Completa","address":"AVENIDA DE LA MARINA Nº SN Blq. 3 Portal 3 Pta/Letra 19 Compl.Dom. EDIFICIO RIBERA DEL CORVO, PUERTO DE SOTOGRANDE, puerta 19","postal_code":"11310","places":6,"units":3,"registered":"2018-04-17","catastro":"5484936TF9158S0054UM","holder":null,"holder_count":null}},{"type":"Feature","geometry":{"type":"Point","coordinates":[-5.323136,36.245935]},"properties":{"id":"VUT/CA/04857","type":"VUT","group":"Completa","address":"URBANIZACION NUEVA ALCAIDESA Blq. 4 Portal 3 Plta/Piso 0 Pta/Letra A, piso 0, puerta A","postal_code":"11360","places":4,"units":2,"registered":"2018-04-17","catastro":"1538109TF9113N0177OE","holder":null,"holder_count":null}},{"type":"Feature","geometry":{"type":"Point","coordinates":[-5.32131,36.245858]},"properties":{"id":"VUT/CA/04884","type":"VUT","group":"Completa","address":"AVENIDA DEL GOLF Nº 9 Compl.Dom. URBANIZACION ALCAIDESA bIRDIE CLUB","postal_code":"11360","places":9,"units":3,"registered":"2018-04-20","catastro":"1541806TF9114S0063LF","holder":null,"holder_count":null}},{"type":"Feature","geometry":{"type":"Point","coordinates":[-5.311795,36.24429]},"properties":{"id":"VUT/CA/04947","type":"VUT","group":"Completa","address":"AVENIDA DEL GOLF Blq. 1 Plta/Piso BAJO Pta/Letra 01 Compl.Dom. URBANIZACION ALCAIDESA MARINA DE LA ALCAIDESA, piso BAJO, puerta 01","postal_code":"11360","places":5,"units":2,"registered":"2018-04-26","catastro":"1538102TF9113N0002RG","holder":null,"holder_count":null}},{"type":"Feature","geometry":{"type":"Point","coordinates":[-5.304915,36.283082]},"properties":{"id":"VUT/CA/04964","type":"VUT","group":"Completa","address":"CALLE BUENAVISTA Nº 63","postal_code":"11310","places":13,"units":6,"registered":"2018-05-04","catastro":"3079903TF9137N0001WZ","holder":"INVERSIONES VALDELUZ S.L.","holder_count":1}},{"type":"Feature","geometry":{"type":"Point","coordinates":[-5.334952,36.275177]},"properties":{"id":"VUT/CA/04999","type":"VUT","group":"Completa","address":"CALLE FERIA Nº 650519","postal_code":"11310","places":10,"units":5,"registered":"2018-05-07","catastro":"0272537TF9107S0001YJ","holder":null,"holder_count":null}},{"type":"Feature","geometry":{"type":"Point","coordinates":[-5.278321,36.287911]},"properties":{"id":"VUT/CA/05036","type":"VUT","group":"Completa","address":"CONJUNTO RIVERA DEL CORVO Nº   Portal 01 Esc. 01 Plta/Piso 01 Pta/Letra 02 Compl.Dom. PARCELA Nº4/P9 MARINA DE SOTOGRANDE, AVDA PUERTO SOTOGRANDE, 9, piso 01, puerta 02","postal_code":"11312","places":15,"units":4,"registered":"2018-05-12","catastro":"5484936TF9158S0037LS","holder":"MARINA DEL CORVO SC.","holder_count":1}},{"type":"Feature","geometry":{"type":"Point","coordinates":[-5.278321,36.287911]},"properties":{"id":"VUT/CA/05057","type":"VUT","group":"Completa","address":"AVENIDA LA MARINA Nº 14 Portal 2 Plta/Piso 3 Compl.Dom. EDIF. EL CORVO, piso 3","postal_code":"11310","places":7,"units":3,"registered":"2018-05-16","catastro":"5484936TF9158S0049TZ","holder":null,"holder_count":null}},{"type":"Feature","geometry":{"type":"Point","coordinates":[-5.278753,36.287425]},"properties":{"id":"VUT/CA/05081","type":"VUT","group":"Completa","address":"CONJUNTO RESIDENCIAL ISLA DE LA VELA Nº 2 Portal 1 Plta/Piso B, piso B","postal_code":"11310","places":2,"units":2,"registered":"2018-05-17","catastro":"5484935TF9158S0003IP","holder":null,"holder_count":null}},{"type":"Feature","geometry":{"type":"Point","coordinates":[-5.310949,36.242754]},"properties":{"id":"VUT/CA/05119","type":"VUT","group":"Completa","address":"AVENIDA DEL GOLF Nº S/N Blq. 2 Plta/Piso 1 Pta/Letra 3 Compl.Dom. URBANIZACION ALCAIDESA. EDIFICIO THE LINKS., piso 1, puerta 3","postal_code":"11360","places":4,"units":2,"registered":"2018-05-21","catastro":"2638710TF9123N0025ED","holder":null,"holder_count":null}},{"type":"Feature","geometry":{"type":"Point","coordinates":[-5.333587,36.271758]},"properties":{"id":"VUT/CA/05196","type":"VUT","group":"Completa","address":"PASEO MESAS DEL DIENTE Nº 14 Calif.Nº 127 Compl.Dom. URBANIZACION SAN ROQUE CLUB CASA 14","postal_code":"11360","places":15,"units":6,"registered":"2018-05-29","catastro":"0468602TF9106N0001IG","holder":"DEVILSCO S.L.","holder_count":1}},{"type":"Feature","geometry":{"type":"Point","coordinates":[-5.275521,36.288406]},"properties":{"id":"VUT/CA/05256","type":"VUT","group":"Completa","address":"AVENIDA PASEO DEL MAR. URBANIZACIÓN EL CANDIL Nº 23 Compl.Dom. AVD PASEO EL MAR. URBANIACIÓN EL CANDIL 23, MARINA DE SOTOGRANDE. SAN ROQUE-CADIZ","postal_code":"11310","places":6,"units":3,"registered":"2018-06-04","catastro":"5484911TF9158S0020KZ","holder":null,"holder_count":null}},{"type":"Feature","geometry":{"type":"Point","coordinates":[-5.324285,36.278437]},"properties":{"id":"VUT/CA/05293","type":"VUT","group":"Completa","address":"URBANIZACION COMPLEJO RESIDENCIAL SOTOMAR Nº 14","postal_code":"11310","places":6,"units":4,"registered":"2018-06-07","catastro":"1674406TF9117S0015DO","holder":null,"holder_count":null}},{"type":"Feature","geometry":{"type":"Point","coordinates":[-5.338549,36.276687]},"properties":{"id":"VUT/CA/05294","type":"VUT","group":"Completa","address":"AVENIDA DE LOS CORTIJOS Nº 77","postal_code":"11310","places":9,"units":5,"registered":"2018-06-07","catastro":"0272506TF9107S0001GJ","holder":null,"holder_count":null}},{"type":"Feature","geometry":{"type":"Point","coordinates":[-5.275347,36.291472]},"properties":{"id":"VUT/CA/05321","type":"VUT","group":"Completa","address":"URBANIZACION RIBERA DEL MARLIN Blq. 5 Plta/Piso ATICO Pta/Letra A Compl.Dom. APT.  5, piso ATICO, puerta A","postal_code":"11310","places":4,"units":2,"registered":"2018-06-12","catastro":"5484937TF9158S0094ZT","holder":null,"holder_count":null}},{"type":"Feature","geometry":{"type":"Point","coordinates":[-5.323136,36.245935]},"properties":{"id":"VUT/CA/05322","type":"VUT","group":"Completa","address":"AVENIDA AVENIDA DEL GOLF Blq. 2 Portal 3 Esc. 3 Plta/Piso BAJO Pta/Letra A Compl.Dom. URB. C NUEVA ALCAIDESA, piso BAJO, puerta A","postal_code":"11360","places":4,"units":2,"registered":"2018-06-12","catastro":"1538109TF9113N0117DU","holder":null,"holder_count":null}},{"type":"Feature","geometry":{"type":"Point","coordinates":[-5.325104,36.249548]},"properties":{"id":"VUT/CA/05359","type":"VUT","group":"Completa","address":"CALLE DAVE THOMAS Nº S/N Blq. 6 Portal 14 Plta/Piso 1 Pta/Letra B Compl.Dom. URBANIZACIÓN TERRAZAS DE LA ALCAIDESA, piso 1, puerta B","postal_code":"11360","places":6,"units":2,"registered":"2018-06-15","catastro":"0843209TF9104S0050IM","holder":"GILBUREAU, S.L.","holder_count":1}},{"type":"Feature","geometry":{"type":"Point","coordinates":[-5.326479,36.247753]},"properties":{"id":"VUT/CA/05364","type":"VUT","group":"Completa","address":"URBANIZACION GOLF AND BEACH RESORT Blq. 15 Portal 33 Plta/Piso 1 Pta/Letra A, piso 1, puerta A","postal_code":"11360","places":6,"units":3,"registered":"2018-06-18","catastro":"0843203TF9104S0132FF","holder":null,"holder_count":null}},{"type":"Feature","geometry":{"type":"Point","coordinates":[-5.275521,36.288406]},"properties":{"id":"VUT/CA/05453","type":"VUT","group":"Completa","address":"AVENIDA PUERTO SOTOGRANDE Nº 12 Esc. 1 Plta/Piso EN Pta/Letra 10 Compl.Dom. EDIFICIO RIBERA DEL CANDIL, piso EN, puerta 10","postal_code":"11312","places":7,"units":2,"registered":"2018-06-28","catastro":"5484911TF9158S0009DH","holder":null,"holder_count":null}},{"type":"Feature","geometry":{"type":"Point","coordinates":[-5.297473,36.286981]},"properties":{"id":"VUT/CA/05464","type":"VUT","group":"Completa","address":"URBANIZACION SOTOGRANDE, P-162 Nº 162 Compl.Dom. PASEO DEL PARQUE (SG), en San Roque (ESCRITURAS-Terreno 270101- REGISTRAL 13119BIS)","postal_code":"11311","places":15,"units":5,"registered":"2018-07-01","catastro":"3884404TF9138S0001YM","holder":null,"holder_count":null}},{"type":"Feature","geometry":{"type":"Point","coordinates":[-5.276452,36.287179]},"properties":{"id":"VUT/CA/05502","type":"VUT","group":"Completa","address":"PASEO DEL MAR Nº 44 Blq. 9 Pta/Letra 16, puerta 16","postal_code":"11310","places":8,"units":4,"registered":"2018-07-06","catastro":"5682203TF9158S0091GW","holder":null,"holder_count":null}},{"type":"Feature","geometry":{"type":"Point","coordinates":[-5.323136,36.245935]},"properties":{"id":"VUT/CA/05528","type":"VUT","group":"Completa","address":"AVENIDA DEL GOLF, RESIDENCIAL NUEVA ALCAIDESA, CONJUNTO 1 Blq. 4 Esc. 2 Plta/Piso BAJO Pta/Letra A, piso BAJO, puerta A","postal_code":"11360","places":5,"units":2,"registered":"2018-07-10","catastro":"1538109TF9113N0047IW","holder":null,"holder_count":null}},{"type":"Feature","geometry":{"type":"Point","coordinates":[-5.311795,36.24429]},"properties":{"id":"VUT/CA/05558","type":"VUT","group":"Completa","address":"URBANIZACION MARINA DE LA ALCAIDESA Nº 4 Esc. 1 Plta/Piso 0 Pta/Letra 11, piso 0, puerta 11","postal_code":"11310","places":6,"units":2,"registered":"2018-07-12","catastro":"1538102TF9113N0150JT","holder":null,"holder_count":null}},{"type":"Feature","geometry":{"type":"Point","coordinates":[-5.317606,36.244168]},"properties":{"id":"VUT/CA/05559","type":"VUT","group":"Completa","address":"URBANIZACION Alcaidesa Avenida del Golf Blq. 13 Plta/Piso 11 Pta/Letra 1 Compl.Dom. Altavista, piso 11, puerta 1","postal_code":"11312","places":4,"units":2,"registered":"2018-07-12","catastro":"1538107TF9113N0150HT","holder":null,"holder_count":null}},{"type":"Feature","geometry":{"type":"Point","coordinates":[-5.275347,36.291472]},"properties":{"id":"VUT/CA/05569","type":"VUT","group":"Completa","address":"EDIFICIO RIBERA DEL MARLIN Portal 17 Plta/Piso 2 Pta/Letra A, piso 2, puerta A","postal_code":"11310","places":4,"units":2,"registered":"2018-07-13","catastro":"5484937TF9158S0199YD","holder":null,"holder_count":null}},{"type":"Feature","geometry":{"type":"Point","coordinates":[-5.275416,36.286944]},"properties":{"id":"VUT/CA/05628","type":"VUT","group":"Completa","address":"EDIFICIO APARTAMENTOS PLAYA, APARTAMENTO Nº 1-4 Blq. 8 Plta/Piso 1 Compl.Dom. PUERTO DE SOTOGRANDE, piso 1","postal_code":"11310","places":4,"units":2,"registered":"2018-07-20","catastro":"5682202TF9158S0061IR","holder":null,"holder_count":null}},{"type":"Feature","geometry":{"type":"Point","coordinates":[-5.268071,36.302079]},"properties":{"id":"VUT/CA/05635","type":"VUT","group":"Completa","address":"CALLE BUENOS AIRES Nº 2 Compl.Dom. LAS COLINAS DE TORREGUADIARO","postal_code":"11312","places":9,"units":3,"registered":"2018-07-23","catastro":"6300418TF9260S0001XL","holder":null,"holder_count":null}},{"type":"Feature","geometry":{"type":"Point","coordinates":[-5.384918,36.209271]},"properties":{"id":"VUT/CA/05659","type":"VUT","group":"Por habitaciones","address":"CALLE Francisco Tubino Nº 3","postal_code":"11360","places":2,"units":1,"registered":"2018-07-25","catastro":"5799303TF8059N0001KM","holder":null,"holder_count":null}},{"type":"Feature","geometry":{"type":"Point","coordinates":[-5.385648,36.21482]},"properties":{"id":"VUT/CA/05685","type":"VUT","group":"Por habitaciones","address":"CALLE CAMINO VIEJO DE GAUCIN Nº 30","postal_code":"11360","places":3,"units":1,"registered":"2018-07-28","catastro":"5606519TF8150N0001TD","holder":null,"holder_count":null}},{"type":"Feature","geometry":{"type":"Point","coordinates":[-5.323136,36.245935]},"properties":{"id":"VUT/CA/05718","type":"VUT","group":"Completa","address":"RESIDENCIAL NUEVA ALCAIDESA Nº 1 Blq. 4 Portal 2 Plta/Piso BJ Pta/Letra 1, piso BJ, puerta 1","postal_code":"11310","places":6,"units":2,"registered":"2018-08-02","catastro":"1538109TF9113N0047IW","holder":null,"holder_count":null}},{"type":"Feature","geometry":{"type":"Point","coordinates":[-5.284157,36.288038]},"properties":{"id":"VUT/CA/05749","type":"VUT","group":"Completa","address":"AVENIDA del puerto de Sotogrande Portal 2 Plta/Piso 13, piso 13","postal_code":"11310","places":6,"units":3,"registered":"2018-08-08","catastro":"4984302TF9148S0021EK","holder":"Soto1 sl","holder_count":1}},{"type":"Feature","geometry":{"type":"Point","coordinates":[-5.281786,36.289267]},"properties":{"id":"VUT/CA/05848","type":"VUT","group":"Completa","address":"AVENIDA DE LA MARINA Blq. 18 Portal 5 Plta/Piso 2 Pta/Letra I Compl.Dom. EDIF. RIBERA DEL PEZ LUNA, piso 2, puerta I","postal_code":"11310","places":4,"units":2,"registered":"2018-08-29","catastro":"5484929TF9158S0095MY","holder":null,"holder_count":null}},{"type":"Feature","geometry":{"type":"Point","coordinates":[-5.311795,36.24429]},"properties":{"id":"VUT/CA/05881","type":"VUT","group":"Completa","address":"AVENIDA DEL GOLF Blq. 13 Plta/Piso 0 Pta/Letra 3 Compl.Dom. COMPLEJO MARINA DE LA ALCAIDESA, piso 0, puerta 3","postal_code":"11360","places":5,"units":2,"registered":"2018-09-03","catastro":"1538102TF9113N0132TH","holder":null,"holder_count":null}},{"type":"Feature","geometry":{"type":"Point","coordinates":[-5.275347,36.291472]},"properties":{"id":"VUT/CA/05936","type":"VUT","group":"Completa","address":"URBANIZACION Ribera del Marlin Blq. D Portal 19 Plta/Piso 1 Pta/Letra B Compl.Dom. Puerto Deportivo de Sotogrande, piso 1, puerta B","postal_code":"11310","places":4,"units":2,"registered":"2018-09-09","catastro":"5484937TF9158S0216LE","holder":null,"holder_count":null}},{"type":"Feature","geometry":{"type":"Point","coordinates":[-5.344705,36.272187]},"properties":{"id":"VUT/CA/05980","type":"VUT","group":"Completa","address":"CALLE GRANADA Nº 24","postal_code":"11360","places":12,"units":6,"registered":"2018-09-17","catastro":"9567305TF8196N0001SH","holder":"PALOMBIA SOTO, S.L.","holder_count":1}},{"type":"Feature","geometry":{"type":"Point","coordinates":[-5.338549,36.276687]},"properties":{"id":"VUT/CA/05995","type":"VUT","group":"Completa","address":"AVENIDA CORTIJOS Nº 77 Compl.Dom. SOTOGRANDE ALTO","postal_code":"11310","places":9,"units":5,"registered":"2018-09-19","catastro":"0272506TF9107S0001GJ","holder":null,"holder_count":null}},{"type":"Feature","geometry":{"type":"Point","coordinates":[-5.323136,36.245935]},"properties":{"id":"VUT/CA/06000","type":"VUT","group":"Completa","address":"AVENIDA DEL GOLF Nº 2 Blq. 1 Esc. 1 Plta/Piso BAJO Pta/Letra B Compl.Dom. AVENIDA DEL GOLF NÚMERO 2, CONJUNTO 2, BLOQUE 1 ESCALERA 1, BAJO B, piso BAJO, puerta B","postal_code":"11360","places":6,"units":2,"registered":"2018-09-19","catastro":"1538109TF9113N0073WL","holder":null,"holder_count":null}},{"type":"Feature","geometry":{"type":"Point","coordinates":[-5.276904,36.285848]},"properties":{"id":"VUT/CA/06007","type":"VUT","group":"Completa","address":"PASEO DEL MAR Nº 22 Plta/Piso E Pta/Letra 1, piso E, puerta 1","postal_code":"11310","places":4,"units":2,"registered":"2018-09-21","catastro":"5682205TF9158S0054IM","holder":"CALEOFU S.L.","holder_count":1}},{"type":"Feature","geometry":{"type":"Point","coordinates":[-5.278336,36.285661]},"properties":{"id":"VUT/CA/06009","type":"VUT","group":"Completa","address":"AVENIDA PUERTO SOTOGRANDE (PS) \"RIBERA DEL EMPERADOR\" Nº 48","postal_code":"11310","places":8,"units":4,"registered":"2018-09-21","catastro":"5484987TF9158S0001JI","holder":"AGRICOLA Y GANADERA EL TORIL, SL","holder_count":1}},{"type":"Feature","geometry":{"type":"Point","coordinates":[-5.266023,36.302738]},"properties":{"id":"VUT/CA/06016","type":"VUT","group":"Completa","address":"AVENIDA MAR DEL SUR Nº 33 Blq. A Plta/Piso 3 Pta/Letra C Compl.Dom. RESIDENCIAL TORREMAR (TORREGUADIARO), piso 3, puerta C","postal_code":"11312","places":4,"units":2,"registered":"2018-09-21","catastro":"6600201TF9260S0033WL","holder":null,"holder_count":null}},{"type":"Feature","geometry":{"type":"Point","coordinates":[-5.275347,36.291472]},"properties":{"id":"VUT/CA/06144","type":"VUT","group":"Completa","address":"URBANIZACION RIBERA DEL MARLIN Nº 16 Plta/Piso 3 Pta/Letra B, piso 3, puerta B","postal_code":"11310","places":4,"units":2,"registered":"2018-10-17","catastro":"5484937TF9158S0193MU","holder":null,"holder_count":null}},{"type":"Feature","geometry":{"type":"Point","coordinates":[-5.297451,36.292666]},"properties":{"id":"VUT/CA/06181","type":"VUT","group":"Completa","address":"CARRETERA Nacional 340 Km 133 Compl.Dom. Urb. jardines de Sotogrande","postal_code":"11310","places":4,"units":1,"registered":"2018-10-22","catastro":"3388730TF9138N0042UZ","holder":null,"holder_count":null}},{"type":"Feature","geometry":{"type":"Point","coordinates":[-5.34023,36.28327]},"properties":{"id":"VUT/CA/06203","type":"VUT","group":"Completa","address":"URBANIZACION SOTOGRANDE Nº 31 Compl.Dom. COMPLEJO RESIDENCIAL SOTOGOLF","postal_code":"11310","places":8,"units":4,"registered":"2018-10-24","catastro":"9981301TF8198S0032YA","holder":"Swalali, S.L.","holder_count":1}},{"type":"Feature","geometry":{"type":"Point","coordinates":[-5.280159,36.288549]},"properties":{"id":"VUT/CA/06247","type":"VUT","group":"Completa","address":"URBANIZACION PUERTO SOTOGRANDE, RIBERA ALBOAIRE Portal 3 Pta/Letra 6, puerta 6","postal_code":"11310","places":6,"units":3,"registered":"2018-11-02","catastro":"5484932TF9158S0022JM","holder":null,"holder_count":null}},{"type":"Feature","geometry":{"type":"Point","coordinates":[-5.326582,36.280281]},"properties":{"id":"VUT/CA/06263","type":"VUT","group":"Completa","address":"AVENIDA LOS CORTIJOS Nº S/N Compl.Dom. URBANIZACIÓN VALGRANDE 2.15P ATICO","postal_code":"11310","places":8,"units":4,"registered":"2018-11-06","catastro":"1177602TF9117N0502XY","holder":null,"holder_count":null}},{"type":"Feature","geometry":{"type":"Point","coordinates":[-5.275809,36.286072]},"properties":{"id":"VUT/CA/06272","type":"VUT","group":"Completa","address":"PASEO DEL MAR Nº 36 Blq. 6 Plta/Piso 1 Pta/Letra 12, piso 1, puerta 12","postal_code":"11310","places":8,"units":4,"registered":"2018-11-06","catastro":"5682204TF9158S0101PA","holder":"JOBLAN HOME SL","holder_count":1}},{"type":"Feature","geometry":{"type":"Point","coordinates":[-5.340881,36.261082]},"properties":{"id":"VUT/CA/06301","type":"VUT","group":"Completa","address":"PASEO MESAS DEL DIENTE Nº 2 Compl.Dom. CASA ADOSADA 2, PUEBLO 1","postal_code":"11360","places":6,"units":3,"registered":"2018-11-08","catastro":"9854201TF8195S0111MJ","holder":null,"holder_count":null}},{"type":"Feature","geometry":{"type":"Point","coordinates":[-5.340881,36.261082]},"properties":{"id":"VUT/CA/06303","type":"VUT","group":"Completa","address":"CALLE TONY JACKLIN Nº 2 Plta/Piso BJ Compl.Dom. SAN ROQUE CLUB, piso BJ","postal_code":"11310","places":6,"units":3,"registered":"2018-11-08","catastro":"9854201TF8195S0008BF","holder":null,"holder_count":null}},{"type":"Feature","geometry":{"type":"Point","coordinates":[-5.346709,36.284999]},"properties":{"id":"VUT/CA/06305","type":"VUT","group":"Completa","address":"CALLE VIVIENDA CASA 10 CALLE GUADAIRA Nº 10 Compl.Dom. ALMENARA","postal_code":"11310","places":6,"units":3,"registered":"2018-11-08","catastro":"9383805TF8198S0001YS","holder":null,"holder_count":null}},{"type":"Feature","geometry":{"type":"Point","coordinates":[-5.271509,36.291525]},"properties":{"id":"VUT/CA/06330","type":"VUT","group":"Completa","address":"PASEO Mediterraneo Blq. E Portal 3 Plta/Piso 3 Pta/Letra A16, piso 3, puerta A16","postal_code":"11310","places":2,"units":1,"registered":"2018-11-13","catastro":"6088501TF9168N0023UB","holder":null,"holder_count":null}},{"type":"Feature","geometry":{"type":"Point","coordinates":[-5.272972,36.291222]},"properties":{"id":"VUT/CA/06367","type":"VUT","group":"Completa","address":"EDIFICIO A, LA MARINA Nº 1.9 Plta/Piso 1 Compl.Dom. PUERTO DE SOTOGRANDE, piso 1","postal_code":"11310","places":4,"units":2,"registered":"2018-11-20","catastro":"5988201TF9158N0019QG","holder":null,"holder_count":null}},{"type":"Feature","geometry":{"type":"Point","coordinates":[-5.301293,36.298729]},"properties":{"id":"VUT/CA/06480","type":"VUT","group":"Completa","address":"CALLE Mar Adriatico Nº 14 Compl.Dom. Las Adelfas, Fase II","postal_code":"11311","places":6,"units":3,"registered":"2018-12-11","catastro":"3497901TF9139N0015MB","holder":null,"holder_count":null}},{"type":"Feature","geometry":{"type":"Point","coordinates":[-5.264619,36.304529]},"properties":{"id":"VUT/CA/06488","type":"VUT","group":"Completa","address":"URBANIZACION PUNTA EUROPA Nº 12","postal_code":"11312","places":7,"units":4,"registered":"2018-12-12","catastro":"6602428TF9260S0001WL","holder":null,"holder_count":null}},{"type":"Feature","geometry":{"type":"Point","coordinates":[-5.326582,36.280281]},"properties":{"id":"VUT/CA/06503","type":"VUT","group":"Completa","address":"CALLE LOS CORTIJOS, CASA 102, APARTAMENTO 3 Nº S/N Compl.Dom. URBANIZACIÓN VALGRANDE","postal_code":"11310","places":6,"units":3,"registered":"2018-12-13","catastro":"1177602TF9117N0038AK","holder":null,"holder_count":null}},{"type":"Feature","geometry":{"type":"Point","coordinates":[-5.326582,36.280281]},"properties":{"id":"VUT/CA/06585","type":"VUT","group":"Completa","address":"AVENIDA de los Cortijos - Urbanización Valgrande Nº s/n Plta/Piso Atico Pta/Letra 214 Compl.Dom. Sotogrande, piso Atico, puerta 214","postal_code":"11310","places":10,"units":5,"registered":"2019-01-03","catastro":"1177602TF9117N0490AK","holder":"Manatio Properties S.L.","holder_count":1}},{"type":"Feature","geometry":{"type":"Point","coordinates":[-5.340881,36.261082]},"properties":{"id":"VUT/CA/06619","type":"VUT","group":"Completa","address":"URBANIZACION SAN ROQUE CLUB, PUEBLO I, 1ª FASE Plta/Piso 4 Pta/Letra B Compl.Dom. TERRAZAS NUMERO QUINCE, piso 4, puerta B","postal_code":"11360","places":6,"units":3,"registered":"2019-01-15","catastro":"9854201TF8195S0039LD","holder":null,"holder_count":null}},{"type":"Feature","geometry":{"type":"Point","coordinates":[-5.282854,36.288799]},"properties":{"id":"VUT/CA/06679","type":"VUT","group":"Completa","address":"CALLE DE LA MARINA Blq. 3 Portal 3 Pta/Letra E Compl.Dom. URBANIZACIÓN GUADALMARINA II, puerta E","postal_code":"11310","places":7,"units":3,"registered":"2019-01-23","catastro":"5484927TF9158S0135SD","holder":null,"holder_count":null}},{"type":"Feature","geometry":{"type":"Point","coordinates":[-5.307561,36.286575]},"properties":{"id":"VUT/CA/06693","type":"VUT","group":"Completa","address":"CALLE BAJA (SG) Nº 33","postal_code":"11310","places":10,"units":5,"registered":"2019-01-25","catastro":"2885104TF9128N0033OA","holder":"OSUNA SAAVEDRA E HIJOS SL","holder_count":1}},{"type":"Feature","geometry":{"type":"Point","coordinates":[-5.292777,36.288899]},"properties":{"id":"VUT/CA/06697","type":"VUT","group":"Completa","address":"CALLE Ramiro El Monje Nº s/n Blq. 16 Plta/Piso 1 Pta/Letra B, piso 1, puerta B","postal_code":"11310","places":6,"units":3,"registered":"2019-01-25","catastro":"4188708TF9148N0103PQ","holder":"OAK LARPWELL, S.A.","holder_count":1}},{"type":"Feature","geometry":{"type":"Point","coordinates":[-5.323287,36.27924]},"properties":{"id":"VUT/CA/06745","type":"VUT","group":"Completa","address":"CALLE DUERO Nº 10 Pta/Letra M, puerta M","postal_code":"11360","places":12,"units":5,"registered":"2019-02-01","catastro":"1674405TF9117S0013WU","holder":null,"holder_count":null}},{"type":"Feature","geometry":{"type":"Point","coordinates":[-5.323136,36.245935]},"properties":{"id":"VUT/CA/06769","type":"VUT","group":"Completa","address":"URBANIZACION NUEVA ALCADEISA Nº 4 Blq. 3 Portal 3 Plta/Piso 0 Pta/Letra A, piso 0, puerta A","postal_code":"11360","places":6,"units":2,"registered":"2019-02-05","catastro":"1538109TF9113N0162BF","holder":null,"holder_count":null}},{"type":"Feature","geometry":{"type":"Point","coordinates":[-5.277094,36.288544]},"properties":{"id":"VUT/CA/06771","type":"VUT","group":"Completa","address":"EDIFICIO RIBERA DE LA NECORA Nº 1 Portal 1 Plta/Piso BAJA Compl.Dom. NIVEL O, URBANIZACIÓN PUERTO DE SOTOGRANDE-MARINA I, piso BAJA","postal_code":"11310","places":6,"units":3,"registered":"2019-02-05","catastro":"5484914TF9158S0053MX","holder":null,"holder_count":null}},{"type":"Feature","geometry":{"type":"Point","coordinates":[-5.311795,36.24429]},"properties":{"id":"VUT/CA/06774","type":"VUT","group":"Completa","address":"URBANIZACION ALCAIDESA Nº 4 Blq. 8 Plta/Piso BAJA Pta/Letra 4, piso BAJA, puerta 4","postal_code":"11360","places":6,"units":2,"registered":"2019-02-05","catastro":"1538102TF9113N0080SM","holder":null,"holder_count":null}},{"type":"Feature","geometry":{"type":"Point","coordinates":[-5.306209,36.29137]},"properties":{"id":"VUT/CA/06809","type":"VUT","group":"Completa","address":"CALLE CANTARILLO Nº 8 Blq. C Portal C1 Pta/Letra 3ºA Compl.Dom. URBANIZACIÓN LA MESANA, puerta 3ºA","postal_code":"11311","places":6,"units":3,"registered":"2019-02-08","catastro":"3089203TF9138N0048ZR","holder":null,"holder_count":null}},{"type":"Feature","geometry":{"type":"Point","coordinates":[-5.349251,36.277164]},"properties":{"id":"VUT/CA/06829","type":"VUT","group":"Completa","address":"RESIDENCIAL LOS CARMENES DE ALMENARA Nº 11 Compl.Dom. VIVIENDA UNIFAMILIAR ADOSADA, TIPO C DEL NUCLEO III, URBANIZACION SOTOGRANDE","postal_code":"11360","places":8,"units":4,"registered":"2019-02-11","catastro":"9771602TF8197S0011HW","holder":null,"holder_count":null}},{"type":"Feature","geometry":{"type":"Point","coordinates":[-5.325104,36.249548]},"properties":{"id":"VUT/CA/06877","type":"VUT","group":"Completa","address":"CALLE Dave Thomas Blq. 2 Portal 4 Plta/Piso 1 Pta/Letra C Compl.Dom. Urb. Terrazas de Alcaidesa, piso 1, puerta C","postal_code":"11310","places":6,"units":3,"registered":"2019-02-15","catastro":"0843209TF9104S0109IM","holder":null,"holder_count":null}},{"type":"Feature","geometry":{"type":"Point","coordinates":[-5.384413,36.210644]},"properties":{"id":"VUT/CA/06890","type":"VUT","group":"Por habitaciones","address":"CALLE COLON Nº 3","postal_code":"11360","places":5,"units":4,"registered":"2019-02-18","catastro":"5702809TF8150S0001KZ","holder":null,"holder_count":null}},{"type":"Feature","geometry":{"type":"Point","coordinates":[-5.282059,36.288393]},"properties":{"id":"VUT/CA/06905","type":"VUT","group":"Completa","address":"LUGAR ISLA CAREY Blq. B Esc. 3 Plta/Piso 1 Compl.Dom. MARINA DE SOTOGRANDE, piso 1","postal_code":"11310","places":4,"units":2,"registered":"2019-02-19","catastro":"5484928TF9158s0035KP","holder":null,"holder_count":null}},{"type":"Feature","geometry":{"type":"Point","coordinates":[-5.326479,36.247753]},"properties":{"id":"VUT/CA/06979","type":"VUT","group":"Completa","address":"URBANIZACION Golf and Beach Blq. 15 Portal 34 Plta/Piso bajo Compl.Dom. LA ALCAIDESA, piso bajo","postal_code":"11360","places":6,"units":2,"registered":"2019-03-12","catastro":"0843203TF9104S0135JJ","holder":null,"holder_count":null}},{"type":"Feature","geometry":{"type":"Point","coordinates":[-5.27926,36.288108]},"properties":{"id":"VUT/CA/06993","type":"VUT","group":"Completa","address":"URBANIZACION RIBERA DE LA ROMANA Pta/Letra 8, puerta 8","postal_code":"11310","places":6,"units":3,"registered":"2019-03-12","catastro":"5484934TF9158S0009TH","holder":null,"holder_count":null}},{"type":"Feature","geometry":{"type":"Point","coordinates":[-5.336455,36.261499]},"properties":{"id":"VUT/CA/06995","type":"VUT","group":"Completa","address":"URBANIZACION SAN ROQUE CLUB Blq. 8 Plta/Piso BAJO Pta/Letra A, piso BAJO, puerta A","postal_code":"11310","places":8,"units":4,"registered":"2019-03-12","catastro":"0358301TF9105N0045GU","holder":null,"holder_count":null}},{"type":"Feature","geometry":{"type":"Point","coordinates":[-5.344523,36.277526]},"properties":{"id":"VUT/CA/07043","type":"VUT","group":"Completa","address":"CALLE FONDO Nº 41 Compl.Dom. SOTO GRANDE","postal_code":"11310","places":8,"units":4,"registered":"2019-03-21","catastro":"9574703TF8197S0001UK","holder":null,"holder_count":null}},{"type":"Feature","geometry":{"type":"Point","coordinates":[-5.277493,36.288248]},"properties":{"id":"VUT/CA/07064","type":"VUT","group":"Completa","address":"URBANIZACION RIVERA DEL DRAGONCILLO,  AV.  DE LA MARINA Portal 2 Plta/Piso 3 Pta/Letra 14, piso 3, puerta 14","postal_code":"11360","places":6,"units":3,"registered":"2019-03-29","catastro":"5484915TF9158S0072XS","holder":null,"holder_count":null}},{"type":"Feature","geometry":{"type":"Point","coordinates":[-5.323287,36.27924]},"properties":{"id":"VUT/CA/07082","type":"VUT","group":"Completa","address":"CALLE DUERO Nº 10 Pta/Letra V, puerta V","postal_code":"11360","places":10,"units":4,"registered":"2019-04-02","catastro":"1674405TF9117S0023OF","holder":null,"holder_count":null}},{"type":"Feature","geometry":{"type":"Point","coordinates":[-5.266042,36.301878]},"properties":{"id":"VUT/CA/07102","type":"VUT","group":"Completa","address":"AVENIDA Mar del Sur Blq. 1 Portal 1 Esc. 1 Plta/Piso 13 Pta/Letra B Compl.Dom. Torre Patricia Park, piso 13, puerta B","postal_code":"11312","places":4,"units":2,"registered":"2019-04-09","catastro":"6698301tf9169n0048tp","holder":null,"holder_count":null}},{"type":"Feature","geometry":{"type":"Point","coordinates":[-5.266042,36.301878]},"properties":{"id":"VUT/CA/07103","type":"VUT","group":"Completa","address":"AVENIDA Mar del sur Blq. 1 Portal 1 Esc. 1 Plta/Piso 13 Pta/Letra C Compl.Dom. Torre Patricia Park, piso 13, puerta C","postal_code":"11312","places":6,"units":3,"registered":"2019-04-09","catastro":"6698301tf9169n0049ya","holder":null,"holder_count":null}},{"type":"Feature","geometry":{"type":"Point","coordinates":[-5.323136,36.245935]},"properties":{"id":"VUT/CA/07107","type":"VUT","group":"Completa","address":"CALLE UR NUEVA ALCAIDESA Nº 2 Blq. 3 Esc. 1 Plta/Piso 1 Pta/Letra A, piso 1, puerta A","postal_code":"11360","places":4,"units":2,"registered":"2019-04-09","catastro":"1538109TF9113N0236YM","holder":null,"holder_count":null}},{"type":"Feature","geometry":{"type":"Point","coordinates":[-5.272902,36.292052]},"properties":{"id":"VUT/CA/07265","type":"VUT","group":"Completa","address":"PLAZA DE LOS NARANJOS Blq. B Plta/Piso 2 Pta/Letra 1 Compl.Dom. PUERTO DE SOTOGRANDE, piso 2, puerta 1","postal_code":"11310","places":4,"units":2,"registered":"2019-04-23","catastro":"5989801TF9158N0016RS","holder":"NOGUERA 17, S.L.","holder_count":1}},{"type":"Feature","geometry":{"type":"Point","coordinates":[-5.323136,36.245935]},"properties":{"id":"VUT/CA/07266","type":"VUT","group":"Completa","address":"URBANIZACION RESIDENCIAL NUEVA ALCAIDESA Nº 5 Blq. 1 Esc. 1 Plta/Piso BJ Pta/Letra A, piso BJ, puerta A","postal_code":"11360","places":8,"units":3,"registered":"2019-04-23","catastro":"1538109TF9113N0197MJ","holder":"SAN MARTIN TARIFA SL","holder_count":1}},{"type":"Feature","geometry":{"type":"Point","coordinates":[-5.325104,36.249548]},"properties":{"id":"VUT/CA/07345","type":"VUT","group":"Completa","address":"URBANIZACION TERRAZAS DE ALCAIDESA Nº 3 Blq. 1 Plta/Piso BJ Pta/Letra C1, piso BJ, puerta C1","postal_code":"11360","places":6,"units":3,"registered":"2019-04-23","catastro":"0843209TF9104S0102QH","holder":null,"holder_count":null}},{"type":"Feature","geometry":{"type":"Point","coordinates":[-5.323136,36.245935]},"properties":{"id":"VUT/CA/07406","type":"VUT","group":"Completa","address":"CONJUNTO NUEVA ALCAIDESA Nº 4 Blq. 4 Portal 1 Plta/Piso 1 Pta/Letra A, piso 1, puerta A","postal_code":"11360","places":6,"units":3,"registered":"2019-04-23","catastro":"1538109TF9113N0169RZ","holder":null,"holder_count":null}},{"type":"Feature","geometry":{"type":"Point","coordinates":[-5.265687,36.301868]},"properties":{"id":"VUT/CA/07415","type":"VUT","group":"Completa","address":"AVENIDA MAR DEL SUR Nº 86 Plta/Piso 14 Pta/Letra A Compl.Dom. EDIFICIO TORRE DEL REY, piso 14, puerta A","postal_code":"11312","places":6,"units":3,"registered":"2019-04-23","catastro":"6698302TF9169N0042IR","holder":null,"holder_count":null}},{"type":"Feature","geometry":{"type":"Point","coordinates":[-5.270937,36.291283]},"properties":{"id":"VUT/CA/07436","type":"VUT","group":"Completa","address":"AVENIDA MEDITERRANEO Blq. E Plta/Piso 2 Pta/Letra 3, piso 2, puerta 3","postal_code":"11310","places":5,"units":3,"registered":"2019-04-23","catastro":"6088502TF9168N0029XE","holder":"CLICKCAR RENTAL S.L.","holder_count":1}},{"type":"Feature","geometry":{"type":"Point","coordinates":[-5.280937,36.289134]},"properties":{"id":"VUT/CA/07441","type":"VUT","group":"Completa","address":"EDIFICIO RIBERA DE LA GOLONDRINA Nº 5 Portal 5 Plta/Piso 2 Pta/Letra 2.9 Compl.Dom. LA MARINA DE SOTOGRANDE, piso 2, puerta 2.9","postal_code":"11310","places":4,"units":2,"registered":"2019-04-23","catastro":"5484930TF9158S0020BZ","holder":null,"holder_count":null}},{"type":"Feature","geometry":{"type":"Point","coordinates":[-5.317606,36.244168]},"properties":{"id":"VUT/CA/07469","type":"VUT","group":"Por habitaciones","address":"URBANIZACION Altavista de Alcaidesa Blq. 9 Plta/Piso BJ Pta/Letra 5, piso BJ, puerta 5","postal_code":"11360","places":5,"units":2,"registered":"2019-04-24","catastro":"1538107TF9113N0097WF","holder":null,"holder_count":null}},{"type":"Feature","geometry":{"type":"Point","coordinates":[-5.274331,36.289859]},"properties":{"id":"VUT/CA/07470","type":"VUT","group":"Completa","address":"EDIFICIO RIBERA DEL ARLEQUIN Pta/Letra 15 Compl.Dom. MARINA DE SOTOGRANDE, puerta 15","postal_code":"11310","places":6,"units":3,"registered":"2019-04-24","catastro":"5484912TF9158N0023UH","holder":null,"holder_count":null}},{"type":"Feature","geometry":{"type":"Point","coordinates":[-5.334703,36.289182]},"properties":{"id":"VUT/CA/07482","type":"VUT","group":"Completa","address":"AVENIDA DEL CARMEN Nº 6","postal_code":"11360","places":10,"units":4,"registered":"2019-04-24","catastro":"0687303TF9108N0001IE","holder":null,"holder_count":null}},{"type":"Feature","geometry":{"type":"Point","coordinates":[-5.297384,36.280364]},"properties":{"id":"VUT/CA/07489","type":"VUT","group":"Completa","address":"CALLE DUARTE DE PORTUGAL Nº 16 Compl.Dom. URBANIZACIÓN SOTOGRANDE","postal_code":"11310","places":12,"units":6,"registered":"2019-04-25","catastro":"3776209TF9137N0001EZ","holder":"DUARPO 16 S.L.U.","holder_count":1}},{"type":"Feature","geometry":{"type":"Point","coordinates":[-5.321457,36.287407]},"properties":{"id":"VUT/CA/07494","type":"VUT","group":"Completa","address":"CALLE ESMERALDA Nº 57 Compl.Dom. URBANIZACIÓN SOTOGRANDE","postal_code":"11310","places":8,"units":4,"registered":"2019-04-25","catastro":"1286529TF9118N0001YU","holder":"SOTO-ESMERALDA, S.L.","holder_count":1}},{"type":"Feature","geometry":{"type":"Point","coordinates":[-5.341762,36.26251]},"properties":{"id":"VUT/CA/07568","type":"VUT","group":"Completa","address":"CALLE 11 fairways Green San Roque Club Km 127","postal_code":"11360","places":9,"units":4,"registered":"2019-05-07","catastro":"9658501TF8195N0011XY","holder":null,"holder_count":null}},{"type":"Feature","geometry":{"type":"Point","coordinates":[-5.339477,36.27884]},"properties":{"id":"VUT/CA/07573","type":"VUT","group":"Completa","address":"CALLE FORTUNA Nº 4","postal_code":"11310","places":12,"units":4,"registered":"2019-05-07","catastro":"9875909tf8197n0001rp","holder":null,"holder_count":null}},{"type":"Feature","geometry":{"type":"Point","coordinates":[-5.280159,36.288549]},"properties":{"id":"VUT/CA/07587","type":"VUT","group":"Completa","address":"URBANIZACION Ribera de Alboaire Puerto de Sotogrande Portal 1 Plta/Piso 1 Pta/Letra 1, piso 1, puerta 1","postal_code":"11310","places":8,"units":3,"registered":"2019-05-07","catastro":"5484932TF9158S0003RP","holder":null,"holder_count":null}},{"type":"Feature","geometry":{"type":"Point","coordinates":[-5.340881,36.261082]},"properties":{"id":"VUT/CA/07625","type":"VUT","group":"Completa","address":"URBANIZACION PUEBLO I, PRIMERA FASE Nº 3 Blq. 11 Plta/Piso BJ Compl.Dom. URBANIZACIÓN SAN ROQUE CLUB, piso BJ","postal_code":"11360","places":15,"units":4,"registered":"2019-05-10","catastro":"9854201TF8195S0003GO","holder":null,"holder_count":null}},{"type":"Feature","geometry":{"type":"Point","coordinates":[-5.344469,36.27098]},"properties":{"id":"VUT/CA/07636","type":"VUT","group":"Completa","address":"URBANIZACION SOTOGRANDE  CALLE GRANADA Nº 16","postal_code":"11310","places":12,"units":5,"registered":"2019-05-13","catastro":"9567309TF8196N0001WH","holder":"ELODEAN PROPERTIES, S.L.","holder_count":2}},{"type":"Feature","geometry":{"type":"Point","coordinates":[-5.31271,36.242238]},"properties":{"id":"VUT/CA/07640","type":"VUT","group":"Completa","address":"AVENIDA DEL GOLF Pta/Letra 802 Compl.Dom. COMPLEJO PORTOFINO. ALCAIDESA, puerta 802","postal_code":"11360","places":8,"units":2,"registered":"2019-05-13","catastro":"2638706TF9123N0036WZ","holder":null,"holder_count":null}},{"type":"Feature","geometry":{"type":"Point","coordinates":[-5.271509,36.291525]},"properties":{"id":"VUT/CA/07676","type":"VUT","group":"Completa","address":"LUGAR PUERTO SOTOGRANDE Blq. D-2 Plta/Piso 3 Pta/Letra A-3 Compl.Dom. ATICO 3, piso 3, puerta A-3","postal_code":"11360","places":6,"units":2,"registered":"2019-05-16","catastro":"6088501TF9168N0031SW","holder":"GESTION DE PROYECTOS S.A.","holder_count":1}},{"type":"Feature","geometry":{"type":"Point","coordinates":[-5.326479,36.247753]},"properties":{"id":"VUT/CA/07689","type":"VUT","group":"Completa","address":"URBANIZACION ALCAIDESA Blq. 12 Portal 26 Plta/Piso 1 Pta/Letra B, piso 1, puerta B","postal_code":"11360","places":4,"units":2,"registered":"2019-05-17","catastro":"0843203TF9104S0105LL","holder":null,"holder_count":null}},{"type":"Feature","geometry":{"type":"Point","coordinates":[-5.306107,36.287721]},"properties":{"id":"VUT/CA/07717","type":"VUT","group":"Completa","address":"CALLE BAJA S/N Nº 44 Calif.Nº 0 Blq. 0 Portal 0 Esc. 0 Plta/Piso 0 Pta/Letra 0 Compl.Dom. URBANIZACION VILLAS DE PANIAGUA 3, piso 0, puerta 0","postal_code":"11310","places":8,"units":4,"registered":"2019-05-21","catastro":"2885106TF9128N0004UF","holder":null,"holder_count":null}},{"type":"Feature","geometry":{"type":"Point","coordinates":[-5.323136,36.245935]},"properties":{"id":"VUT/CA/07723","type":"VUT","group":"Completa","address":"URBANIZACION ALCAIDESA 2 Blq. 1 Esc. 3 Plta/Piso 00 Pta/Letra B Compl.Dom. CONJUNTO 1, piso 00, puerta B","postal_code":"11360","places":6,"units":3,"registered":"2019-05-22","catastro":"1538109TF9113N0013YM","holder":null,"holder_count":null}},{"type":"Feature","geometry":{"type":"Point","coordinates":[-5.298384,36.292404]},"properties":{"id":"VUT/CA/07743","type":"VUT","group":"Completa","address":"CARRETERA Naciona 340 Km 132 Plta/Piso 3 Pta/Letra 308 Compl.Dom. Edificio Royal Golf, piso 3, puerta 308","postal_code":"11360","places":2,"units":1,"registered":"2019-05-23","catastro":"3388729TF9138N0054AU","holder":"Lightbooking SL","holder_count":1}},{"type":"Feature","geometry":{"type":"Point","coordinates":[-5.280937,36.289134]},"properties":{"id":"VUT/CA/07776","type":"VUT","group":"Completa","address":"AVENIDA DE LA MARINA Portal 5 Plta/Piso 2 Pta/Letra 10 Compl.Dom. CONJUNTO RESIDENCIAL RIBERA DE LA GOLONDRINA, piso 2, puerta 10","postal_code":"11310","places":6,"units":2,"registered":"2019-05-27","catastro":"5484930TF9158S0021ZX","holder":"INTERLINCO SERV. LING. Y DE COMUNICACIÓN, S.L.","holder_count":1}},{"type":"Feature","geometry":{"type":"Point","coordinates":[-5.342095,36.278747]},"properties":{"id":"VUT/CA/07798","type":"VUT","group":"Completa","address":"CALLE Foro Nº 12","postal_code":"11310","places":12,"units":6,"registered":"2019-05-28","catastro":"9876301TF8197N0001TP","holder":null,"holder_count":null}},{"type":"Feature","geometry":{"type":"Point","coordinates":[-5.275347,36.291472]},"properties":{"id":"VUT/CA/07813","type":"VUT","group":"Completa","address":"URBANIZACION RIBERA DEL MARLIN Nº 14 Esc. C Plta/Piso 4 Pta/Letra B, piso 4, puerta B","postal_code":"11310","places":4,"units":2,"registered":"2019-05-29","catastro":"5484937TF9158S0177DB","holder":null,"holder_count":null}},{"type":"Feature","geometry":{"type":"Point","coordinates":[-5.275809,36.286072]},"properties":{"id":"VUT/CA/07823","type":"VUT","group":"Completa","address":"LUGAR PASEO DEL MAR Nº 36 Blq. 6 Plta/Piso 1 Pta/Letra 1-11 Compl.Dom. EDIFICIO APARTAMENTOS PLAYA, piso 1, puerta 1-11","postal_code":"11312","places":8,"units":4,"registered":"2019-05-31","catastro":"5682204TF9158S0101PA","holder":null,"holder_count":null}},{"type":"Feature","geometry":{"type":"Point","coordinates":[-5.281706,36.286887]},"properties":{"id":"VUT/CA/07834","type":"VUT","group":"Completa","address":"AVENIDA PUERTO DE SOTOGRANDE Portal 7 Plta/Piso 3 Pta/Letra 14 Compl.Dom. URBANIZACIÓN JUNGLA DEL LORO, piso 3, puerta 14","postal_code":"11310","places":6,"units":3,"registered":"2019-06-02","catastro":"5484923TF9158S0027FT","holder":null,"holder_count":null}},{"type":"Feature","geometry":{"type":"Point","coordinates":[-5.275347,36.291472]},"properties":{"id":"VUT/CA/07840","type":"VUT","group":"Completa","address":"CONJUNTO RESIDENCIAL MARLIN Portal 12 Pta/Letra 4B Compl.Dom. MARINA DE SOTOGRANDE, EDIFICIO C, puerta 4B","postal_code":"11360","places":4,"units":2,"registered":"2019-06-03","catastro":"5484937TF9158S0159QI","holder":null,"holder_count":null}},{"type":"Feature","geometry":{"type":"Point","coordinates":[-5.282854,36.288799]},"properties":{"id":"VUT/CA/07881","type":"VUT","group":"Completa","address":"URBANIZACION GUADALMARINA II Blq. 1 Esc. 1 Plta/Piso 1 Pta/Letra C, piso 1, puerta C","postal_code":"11310","places":4,"units":2,"registered":"2019-06-04","catastro":"5484927TF9158S0119WE","holder":null,"holder_count":null}},{"type":"Feature","geometry":{"type":"Point","coordinates":[-5.284357,36.277836]},"properties":{"id":"VUT/CA/07882","type":"VUT","group":"Completa","address":"AVENIDA ISABEL LA CATOLICA Nº 5","postal_code":"11310","places":12,"units":6,"registered":"2019-06-05","catastro":"4873408TF9147S0001GP","holder":null,"holder_count":null}},{"type":"Feature","geometry":{"type":"Point","coordinates":[-5.275416,36.286944]},"properties":{"id":"VUT/CA/07890","type":"VUT","group":"Completa","address":"PASEO DEL MAR Nº 48 Blq. 8 Plta/Piso 1 Pta/Letra 8, piso 1, puerta 8","postal_code":"11310","places":4,"units":2,"registered":"2019-06-05","catastro":"5682202TF9158S0065SI","holder":null,"holder_count":null}},{"type":"Feature","geometry":{"type":"Point","coordinates":[-5.342373,36.27981]},"properties":{"id":"VUT/CA/07896","type":"VUT","group":"Completa","address":"CALLE Fondeo Nº 29","postal_code":"11310","places":10,"units":5,"registered":"2019-06-05","catastro":"9577831TF8197N0001DP","holder":null,"holder_count":null}},{"type":"Feature","geometry":{"type":"Point","coordinates":[-5.276253,36.28783]},"properties":{"id":"VUT/CA/07897","type":"VUT","group":"Completa","address":"AVENIDA DE LA MARINA Nº 9 Compl.Dom. RIBERA DEL PEZ VOLADOR, APARTAMENTO Nº9 (A.2.1)","postal_code":"11312","places":4,"units":2,"registered":"2019-06-05","catastro":"5484913TF9158S0009IH","holder":"CENTRO DE ENTRENAMIENTO ECUESTRE MAYTREYA SL","holder_count":1}},{"type":"Feature","geometry":{"type":"Point","coordinates":[-5.306107,36.287721]},"properties":{"id":"VUT/CA/07898","type":"VUT","group":"Completa","address":"CALLE BAJA Nº 16 Compl.Dom. URBANIZACION VILLAS DE PANIAGUA","postal_code":"11310","places":8,"units":4,"registered":"2019-06-06","catastro":"2885106tf9128n0017jq","holder":null,"holder_count":null}},{"type":"Feature","geometry":{"type":"Point","coordinates":[-5.382975,36.207937]},"properties":{"id":"VUT/CA/07901","type":"VUT","group":"Completa","address":"CALLE CONSTITUCIÓN Nº 27 Plta/Piso 3 Pta/Letra D, piso 3, puerta D","postal_code":"11360","places":5,"units":2,"registered":"2019-06-06","catastro":"5898613TF8059N0019EG","holder":null,"holder_count":null}},{"type":"Feature","geometry":{"type":"Point","coordinates":[-5.27926,36.288108]},"properties":{"id":"VUT/CA/07920","type":"VUT","group":"Completa","address":"EDIFICIO Ribera de la Romana Nº 2 Portal 1 Compl.Dom. Avenida de la Marina","postal_code":"11310","places":6,"units":3,"registered":"2019-06-07","catastro":"5484934TF9158S0003XP","holder":null,"holder_count":null}},{"type":"Feature","geometry":{"type":"Point","coordinates":[-5.313465,36.278557]},"properties":{"id":"VUT/CA/07951","type":"VUT","group":"Completa","address":"CALLE LA LOMA Nº 78 Compl.Dom. SOTOGRANDE","postal_code":"11310","places":8,"units":4,"registered":"2019-06-11","catastro":"2476737TF9127N0001ZJ","holder":null,"holder_count":null}},{"type":"Feature","geometry":{"type":"Point","coordinates":[-5.271509,36.291525]},"properties":{"id":"VUT/CA/07959","type":"VUT","group":"Completa","address":"LUGAR PUERTO DEPORTIVO SOTOGRANDE, ED. \"D\", LA MARINA\" Blq. D Esc. 1 Plta/Piso 2 Pta/Letra 09, piso 2, puerta 09","postal_code":"11360","places":6,"units":3,"registered":"2019-06-11","catastro":"6088501TF9168N0024IZ","holder":null,"holder_count":null}},{"type":"Feature","geometry":{"type":"Point","coordinates":[-5.271509,36.291525]},"properties":{"id":"VUT/CA/07960","type":"VUT","group":"Completa","address":"PASEO DE LEVANTE, EDIFICIO D Portal 5 Plta/Piso 2 Pta/Letra 09 Compl.Dom. PUERTO DEPORTIVO SOTOGRANDE, piso 2, puerta 09","postal_code":"11310","places":6,"units":3,"registered":"2019-06-11","catastro":"6088501TF9168N0024IZ","holder":null,"holder_count":null}},{"type":"Feature","geometry":{"type":"Point","coordinates":[-5.339102,36.260905]},"properties":{"id":"VUT/CA/07965","type":"VUT","group":"Completa","address":"CALLE TONY JACKLIN Blq. 6 Plta/Piso 1 Pta/Letra B, piso 1, puerta B","postal_code":"11360","places":8,"units":3,"registered":"2019-06-11","catastro":"9854202TF8195S0056HQ","holder":null,"holder_count":null}},{"type":"Feature","geometry":{"type":"Point","coordinates":[-5.281209,36.287364]},"properties":{"id":"VUT/CA/07968","type":"VUT","group":"Completa","address":"URBANIZACION JUNGLA DEL LORO Portal 12 Plta/Piso 3 Pta/Letra 3.25, piso 3, puerta 3.25","postal_code":"11310","places":6,"units":3,"registered":"2019-06-12","catastro":"5484924TF9158S0035TP","holder":null,"holder_count":null}},{"type":"Feature","geometry":{"type":"Point","coordinates":[-5.387414,36.209148]},"properties":{"id":"VUT/CA/07979","type":"VUT","group":"Completa","address":"CALLE VELAZQUEZ Blq. 3 Plta/Piso 1A Pta/Letra C, piso 1A, puerta C","postal_code":"11360","places":6,"units":3,"registered":"2019-06-12","catastro":"5400703TF8150S0003XM","holder":null,"holder_count":null}},{"type":"Feature","geometry":{"type":"Point","coordinates":[-5.323136,36.245935]},"properties":{"id":"VUT/CA/07982","type":"VUT","group":"Completa","address":"URBANIZACION NUEVA ALCAIDESA Nº 1 Blq. 3 Portal 2 Plta/Piso 1 Pta/Letra B, piso 1, puerta B","postal_code":"11360","places":6,"units":3,"registered":"2019-06-12","catastro":"1538109TF9113N0130BF","holder":null,"holder_count":null}},{"type":"Feature","geometry":{"type":"Point","coordinates":[-5.317606,36.244168]},"properties":{"id":"VUT/CA/07994","type":"VUT","group":"Completa","address":"URBANIZACION ALTAVISTA DE ALCAIDESA Nº 11 Plta/Piso 1 Pta/Letra 14 Compl.Dom. MANSION 11 TIPO 4 VIVIENDA 14 1114 PRIMERO FASE 2, piso 1, puerta 14","postal_code":"11310","places":4,"units":2,"registered":"2019-06-13","catastro":"1538107TF9113N0128EG","holder":null,"holder_count":null}},{"type":"Feature","geometry":{"type":"Point","coordinates":[-5.27738,36.287214]},"properties":{"id":"VUT/CA/07997","type":"VUT","group":"Completa","address":"PASEO Del Mar Nº 30 Compl.Dom. Ribera del Delfin","postal_code":"11310","places":4,"units":2,"registered":"2019-06-13","catastro":"5484916TF9158S0071UA","holder":null,"holder_count":null}},{"type":"Feature","geometry":{"type":"Point","coordinates":[-5.31271,36.242238]},"properties":{"id":"VUT/CA/08004","type":"VUT","group":"Completa","address":"URBANIZACION PORTO FINO - ALCAIDESA Pta/Letra 701 Compl.Dom. ALCAIDESA, puerta 701","postal_code":"11310","places":6,"units":3,"registered":"2019-06-14","catastro":"2638706TF9123N0027LG","holder":null,"holder_count":null}},{"type":"Feature","geometry":{"type":"Point","coordinates":[-5.275521,36.288406]},"properties":{"id":"VUT/CA/08009","type":"VUT","group":"Completa","address":"AVENIDA PUERTO SOTOGRANDE, PS del Mar,12 Nº 12 Plta/Piso 1 Pta/Letra 5 Compl.Dom. edificio RIBERA DEL CANDIL 5,URBANIZACION LA MARINA.  PUERTO SOTOGRANDE. SAN ROQUE, piso 1, puerta 5","postal_code":"11310","places":5,"units":2,"registered":"2019-06-14","catastro":"5484911TF9158S0005OS","holder":null,"holder_count":null}},{"type":"Feature","geometry":{"type":"Point","coordinates":[-5.323136,36.245935]},"properties":{"id":"VUT/CA/08011","type":"VUT","group":"Completa","address":"CONJUNTO VIVIENDA Nº 7 Blq. 2 Portal 1 Plta/Piso ÁTICO Pta/Letra A Compl.Dom. CONJUNTO RESIDENCIAL NUEVA ALCAIDESA, piso ÁTICO, puerta A","postal_code":"11310","places":4,"units":2,"registered":"2019-06-14","catastro":"1538109TF9113N0256BF","holder":null,"holder_count":null}},{"type":"Feature","geometry":{"type":"Point","coordinates":[-5.274331,36.289859]},"properties":{"id":"VUT/CA/08012","type":"VUT","group":"Completa","address":"CALLE RIBERA DEL ARLEQUIN Nº 11 Esc. 3 Plta/Piso 1 Compl.Dom. MARINA DE SOTOGRANDE, piso 1","postal_code":"11310","places":6,"units":3,"registered":"2019-06-14","catastro":"5484912TF9158N0021TF","holder":"EUROBUILD REAL STATE S.L.","holder_count":1}},{"type":"Feature","geometry":{"type":"Point","coordinates":[-5.341762,36.26251]},"properties":{"id":"VUT/CA/08046","type":"VUT","group":"Completa","address":"URBANIZACION SAN ROQUE CLUB Nº 13 Esc. 1 Pta/Letra 13, puerta 13","postal_code":"11310","places":8,"units":4,"registered":"2019-06-18","catastro":"9658501TF8195N0013QI","holder":null,"holder_count":null}},{"type":"Feature","geometry":{"type":"Point","coordinates":[-5.31271,36.242238]},"properties":{"id":"VUT/CA/08050","type":"VUT","group":"Completa","address":"AVENIDA del GOLF Nº 602 Blq. 4 Esc. 6 Plta/Piso BJ Compl.Dom. urbanizacion Portofino, piso BJ","postal_code":"11360","places":6,"units":2,"registered":"2019-06-18","catastro":"2638706TF9123N0026KF","holder":null,"holder_count":null}},{"type":"Feature","geometry":{"type":"Point","coordinates":[-5.323136,36.245935]},"properties":{"id":"VUT/CA/08069","type":"VUT","group":"Completa","address":"RESIDENCIAL NUEVA ALCAIDESA Nº 2 Blq. 2 Portal 1 Plta/Piso 1 Pta/Letra A Compl.Dom. LA ALCAIDESA, piso 1, puerta A","postal_code":"11310","places":6,"units":3,"registered":"2019-06-20","catastro":"1538109TF9113N0084PR","holder":null,"holder_count":null}},{"type":"Feature","geometry":{"type":"Point","coordinates":[-5.326582,36.280281]},"properties":{"id":"VUT/CA/08087","type":"VUT","group":"Completa","address":"AVENIDA DE LOS CORTIJOS. COMPLEJO VALGRANDE III Nº 3053 Compl.Dom. SOTOGRANDE","postal_code":"11310","places":6,"units":3,"registered":"2019-06-21","catastro":"1177602TF9117N0588GX","holder":null,"holder_count":null}},{"type":"Feature","geometry":{"type":"Point","coordinates":[-5.384188,36.210378]},"properties":{"id":"VUT/CA/08106","type":"VUT","group":"Completa","address":"CALLE SAN JOSE Nº 4 Esc. BAJO","postal_code":"11360","places":4,"units":2,"registered":"2019-06-24","catastro":"5701604TF8150S0001YZ","holder":null,"holder_count":null}},{"type":"Feature","geometry":{"type":"Point","coordinates":[-5.326582,36.280281]},"properties":{"id":"VUT/CA/08108","type":"VUT","group":"Completa","address":"CONJUNTO VALGRANDE Nº 4 Blq. 1 Portal 5 Plta/Piso 1 Compl.Dom. SOTOGRANDE, piso 1","postal_code":"11310","places":8,"units":3,"registered":"2019-06-24","catastro":"1177602TF9117N0095RA","holder":null,"holder_count":null}},{"type":"Feature","geometry":{"type":"Point","coordinates":[-5.322124,36.279471]},"properties":{"id":"VUT/CA/08109","type":"VUT","group":"Completa","address":"CALLE DUQUE Nº 3","postal_code":"11310","places":10,"units":5,"registered":"2019-06-24","catastro":"1674411TF9117S0001BZ","holder":null,"holder_count":null}},{"type":"Feature","geometry":{"type":"Point","coordinates":[-5.283088,36.288056]},"properties":{"id":"VUT/CA/08134","type":"VUT","group":"Completa","address":"CONJUNTO MARINA II Portal 3 Plta/Piso 1 Pta/Letra E Compl.Dom. URB SOTOGRANDE, piso 1, puerta E","postal_code":"11310","places":8,"units":3,"registered":"2019-06-26","catastro":"5484926TF9158S0081IK","holder":null,"holder_count":null}},{"type":"Feature","geometry":{"type":"Point","coordinates":[-5.347963,36.270822]},"properties":{"id":"VUT/CA/08139","type":"VUT","group":"Completa","address":"AVENIDA ALMENARA Nº 17 Compl.Dom. SOTOGRANDE","postal_code":"11310","places":5,"units":5,"registered":"2019-06-26","catastro":"9268431TF8196N0001FH","holder":"JOHAL PROPERTIES SPAIN, S.L.","holder_count":1}},{"type":"Feature","geometry":{"type":"Point","coordinates":[-5.31271,36.242238]},"properties":{"id":"VUT/CA/08152","type":"VUT","group":"Completa","address":"AVENIDA DEL GOLF Nº 3 Esc. 6 Plta/Piso 1 Pta/Letra 1 Compl.Dom. COMPLEJO PORTOFINO, piso 1, puerta 1","postal_code":"11360","places":4,"units":2,"registered":"2019-06-27","catastro":"2638706TF9123N0029ZJ","holder":null,"holder_count":null}},{"type":"Feature","geometry":{"type":"Point","coordinates":[-5.280047,36.287587]},"properties":{"id":"VUT/CA/08222","type":"VUT","group":"Completa","address":"PASEO DE LA MARINA Nº S/N Esc. 3 Plta/Piso 3 Pta/Letra 18, piso 3, puerta 18","postal_code":"11310","places":6,"units":3,"registered":"2019-07-03","catastro":"5484933TF9158S0019EM","holder":"INVERSIONES REVI, S.L.","holder_count":1}},{"type":"Feature","geometry":{"type":"Point","coordinates":[-5.344469,36.27098]},"properties":{"id":"VUT/CA/08242","type":"VUT","group":"Completa","address":"URBANIZACION sotogrande calle granada Nº 16","postal_code":"11310","places":12,"units":5,"registered":"2019-07-05","catastro":"9567309tf8196n0001wh","holder":"ELODEAN PROPERTIES, S.L.","holder_count":2}},{"type":"Feature","geometry":{"type":"Point","coordinates":[-5.268288,36.300485]},"properties":{"id":"VUT/CA/08244","type":"VUT","group":"Completa","address":"AVENIDA MAR DEL SUR, Nº 76 Pta/Letra 54 Compl.Dom. URB. SAN JORGE, puerta 54","postal_code":"11312","places":2,"units":1,"registered":"2019-07-05","catastro":"6498103TF9169N0010WR","holder":null,"holder_count":null}},{"type":"Feature","geometry":{"type":"Point","coordinates":[-5.326479,36.247753]},"properties":{"id":"VUT/CA/08271","type":"VUT","group":"Completa","address":"URBANIZACION ALCAIDESA Nº 22 Portal 22 Esc. 10 Plta/Piso 1 Pta/Letra C, piso 1, puerta C","postal_code":"11360","places":4,"units":2,"registered":"2019-07-08","catastro":"0843203TF9104S0088YY","holder":null,"holder_count":null}},{"type":"Feature","geometry":{"type":"Point","coordinates":[-5.337314,36.281531]},"properties":{"id":"VUT/CA/08328","type":"VUT","group":"Completa","address":"AVENIDA DE LOS CORTIJOS Nº 102","postal_code":"11360","places":15,"units":7,"registered":"2019-07-17","catastro":"0079709TF9107N0001OO","holder":"FIDO 2015 SL","holder_count":1}},{"type":"Feature","geometry":{"type":"Point","coordinates":[-5.275347,36.291472]},"properties":{"id":"VUT/CA/08340","type":"VUT","group":"Completa","address":"URBANIZACION RIBERA DEL MARLIN Nº 18 Plta/Piso 1 Pta/Letra B, piso 1, puerta B","postal_code":"11310","places":5,"units":2,"registered":"2019-07-18","catastro":"5484937TF9158S0208FZ","holder":"AGUADO Y SANCHEZ CONSULTORES, S.L.","holder_count":1}},{"type":"Feature","geometry":{"type":"Point","coordinates":[-5.332249,36.286778]},"properties":{"id":"VUT/CA/08347","type":"VUT","group":"Completa","address":"CALLE Escorial Nº 11","postal_code":"11310","places":8,"units":4,"registered":"2019-07-19","catastro":"1086313TF9118N0001SU","holder":null,"holder_count":null}},{"type":"Feature","geometry":{"type":"Point","coordinates":[-5.333915,36.279877]},"properties":{"id":"VUT/CA/08351","type":"VUT","group":"Completa","address":"CALLE FATIGA Nº 25","postal_code":"11310","places":10,"units":4,"registered":"2019-07-19","catastro":"0377608TF9107N0001IO","holder":"COSTA CARILO SL","holder_count":1}},{"type":"Feature","geometry":{"type":"Point","coordinates":[-5.296282,36.276942]},"properties":{"id":"VUT/CA/08405","type":"VUT","group":"Completa","address":"PASEO DEL PARQUE Nº S/N Compl.Dom. URBANIZACON SOTOGRANDE","postal_code":"11360","places":10,"units":5,"registered":"2019-07-26","catastro":"3972603TF9137S0001ZY","holder":null,"holder_count":null}},{"type":"Feature","geometry":{"type":"Point","coordinates":[-5.296282,36.276942]},"properties":{"id":"VUT/CA/08409","type":"VUT","group":"Completa","address":"PASEO DEL PARQUE Nº S/N Compl.Dom. URBANIZACION SOTOGRANDE","postal_code":"11310","places":10,"units":5,"registered":"2019-07-26","catastro":"3972603TF9137S0001ZY","holder":null,"holder_count":null}},{"type":"Feature","geometry":{"type":"Point","coordinates":[-5.27738,36.287214]},"properties":{"id":"VUT/CA/08464","type":"VUT","group":"Completa","address":"EDIFICIO RIBERA DEL DELFIN Nº 4 Plta/Piso 2 Pta/Letra 30 Compl.Dom. LA MARINA DE SOTOGRANDE, piso 2, puerta 30","postal_code":"11310","places":6,"units":2,"registered":"2019-08-01","catastro":"5484916TF9158S0071UA","holder":null,"holder_count":null}},{"type":"Feature","geometry":{"type":"Point","coordinates":[-5.38305,36.210287]},"properties":{"id":"VUT/CA/08489","type":"VUT","group":"Por habitaciones","address":"CALLE SAGASTA Nº 9","postal_code":"11360","places":6,"units":4,"registered":"2019-08-05","catastro":"5801618TF8150S0001TZ","holder":null,"holder_count":null}},{"type":"Feature","geometry":{"type":"Point","coordinates":[-5.301958,36.300601]},"properties":{"id":"VUT/CA/08513","type":"VUT","group":"Completa","address":"CALLE ARCOS Nº 4","postal_code":"11311","places":4,"units":2,"registered":"2019-08-07","catastro":"3499626TF9139N0001BO","holder":null,"holder_count":null}},{"type":"Feature","geometry":{"type":"Point","coordinates":[-5.275809,36.286072]},"properties":{"id":"VUT/CA/08540","type":"VUT","group":"Completa","address":"PASEO DEL MAR Nº 32 Plta/Piso 0 Pta/Letra 1, piso 0, puerta 1","postal_code":"11360","places":5,"units":2,"registered":"2019-08-09","catastro":"5682204TF9158S0074DF","holder":null,"holder_count":null}},{"type":"Feature","geometry":{"type":"Point","coordinates":[-5.338232,36.277041]},"properties":{"id":"VUT/CA/08557","type":"VUT","group":"Completa","address":"AVENIDA LOS CORTIJOS Nº 82 Compl.Dom. SOTOGRANDE","postal_code":"11310","places":12,"units":3,"registered":"2019-08-13","catastro":"0075230TF9107N0001IO","holder":null,"holder_count":null}},{"type":"Feature","geometry":{"type":"Point","coordinates":[-5.295789,36.291664]},"properties":{"id":"VUT/CA/08587","type":"VUT","group":"Completa","address":"CALLE RODRIGO EL GODO Portal 2 Esc. B Pta/Letra A4 Compl.Dom. RESIDENCIAL POLO GARDENS, puerta A4","postal_code":"11310","places":3,"units":3,"registered":"2019-08-19","catastro":"3989801TF9138N0096AF","holder":"THREE PROPERTIES INVERSIONES, S.L.","holder_count":3}},{"type":"Feature","geometry":{"type":"Point","coordinates":[-5.295789,36.291664]},"properties":{"id":"VUT/CA/08588","type":"VUT","group":"Completa","address":"CALLE RODRIGO EL GODO Portal 2 Esc. B Pta/Letra A3 Compl.Dom. RESIDENCIAL POLO GARDENS, puerta A3","postal_code":"11310","places":3,"units":3,"registered":"2019-08-19","catastro":"3989801TF9138N0095PD","holder":"THREE PROPERTIES INVERSIONES, S.L.","holder_count":3}},{"type":"Feature","geometry":{"type":"Point","coordinates":[-5.27738,36.287214]},"properties":{"id":"VUT/CA/08613","type":"VUT","group":"Completa","address":"APARTAMENTO RIBERA DEL DELFIN Nº 3/29 Compl.Dom. MARINA DE SOTOGRANDE","postal_code":"11310","places":4,"units":2,"registered":"2019-08-21","catastro":"5484916TF9158S0070YP","holder":null,"holder_count":null}},{"type":"Feature","geometry":{"type":"Point","coordinates":[-5.341294,36.27428]},"properties":{"id":"VUT/CA/08660","type":"VUT","group":"Completa","address":"CALLE FORMENTERA Nº 18 Compl.Dom. SOTOGRANDE","postal_code":"11310","places":12,"units":6,"registered":"2019-08-27","catastro":"9171213TF8197S0001ZK","holder":"CORONA CASA INVESTMENTS SL","holder_count":1}},{"type":"Feature","geometry":{"type":"Point","coordinates":[-5.345974,36.271165]},"properties":{"id":"VUT/CA/08663","type":"VUT","group":"Completa","address":"CALLE GRAZALEMA Nº 10","postal_code":"11310","places":15,"units":4,"registered":"2019-08-27","catastro":"9467215TF8196N0001PH","holder":null,"holder_count":null}},{"type":"Feature","geometry":{"type":"Point","coordinates":[-5.267407,36.301881]},"properties":{"id":"VUT/CA/08693","type":"VUT","group":"Completa","address":"AVENIDA MAR DEL SUR Km 0 Calif.Nº 0 Blq. 1 Portal 1 Esc. 0 Plta/Piso 1 Pta/Letra 8 Compl.Dom. EDIFICIO MAMIA APARTAMENTO 8, piso 1, puerta 8","postal_code":"11312","places":4,"units":2,"registered":"2019-09-02","catastro":"6300412TF9260S0035HZ","holder":"BARCAR,S.L.","holder_count":1}},{"type":"Feature","geometry":{"type":"Point","coordinates":[-5.317259,36.278599]},"properties":{"id":"VUT/CA/08699","type":"VUT","group":"Completa","address":"CALLE Giralda Nº 2 Compl.Dom. Triana Villa","postal_code":"11310","places":9,"units":4,"registered":"2019-09-03","catastro":"2074515TF9127S0001YW","holder":null,"holder_count":null}},{"type":"Feature","geometry":{"type":"Point","coordinates":[-5.326582,36.280281]},"properties":{"id":"VUT/CA/08700","type":"VUT","group":"Completa","address":"AVENIDA DE LOS CORTIJOS Nº 1A Esc. 8 Plta/Piso 1 Pta/Letra 3 Compl.Dom. URBANIZACION VALGRANDE, piso 1, puerta 3","postal_code":"11310","places":6,"units":3,"registered":"2019-09-03","catastro":"1177602TF9117N0150BR","holder":null,"holder_count":null}},{"type":"Feature","geometry":{"type":"Point","coordinates":[-5.305723,36.295252]},"properties":{"id":"VUT/CA/08701","type":"VUT","group":"Completa","address":"CALLE BAILEN Nº 66","postal_code":"11311","places":8,"units":4,"registered":"2019-09-03","catastro":"3191301TF9139S0001TJ","holder":null,"holder_count":null}},{"type":"Feature","geometry":{"type":"Point","coordinates":[-5.318895,36.292475]},"properties":{"id":"VUT/CA/08730","type":"VUT","group":"Por habitaciones","address":"URBANIZACION Sotogrande (C. de Golf) Nº 22 Pta/Letra 34, puerta 34","postal_code":"11310","places":6,"units":5,"registered":"2019-09-09","catastro":"1396907TF9119N0034ZW","holder":null,"holder_count":null}},{"type":"Feature","geometry":{"type":"Point","coordinates":[-5.285046,36.279972]},"properties":{"id":"VUT/CA/08731","type":"VUT","group":"Completa","address":"PASEO Paseo del Parque Nº 84","postal_code":"11310","places":14,"units":7,"registered":"2019-09-09","catastro":"4876906TF9147N0001OW","holder":null,"holder_count":null}},{"type":"Feature","geometry":{"type":"Point","coordinates":[-5.27493,36.288473]},"properties":{"id":"VUT/CA/08756","type":"VUT","group":"Completa","address":"URBANIZACION Sotogrande Edificio Ribera del Arquero Nº 9 bis Pta/Letra 9BIS Compl.Dom. Urbanizacion Sotogrande edificio Ribero del Arquero 9bis .La Marina de Sotogrande, puerta 9BIS","postal_code":"11310","places":10,"units":4,"registered":"2019-09-16","catastro":"5484910TF9158N0006QT","holder":"PROYECTOS MODULARES DE HORMIGON","holder_count":1}},{"type":"Feature","geometry":{"type":"Point","coordinates":[-5.278441,36.2864]},"properties":{"id":"VUT/CA/08781","type":"VUT","group":"Completa","address":"AVENIDA DE LA MARINA, RIBERA DEL EMPERADOR, CASA ","postal_code":"11310","places":9,"units":5,"registered":"2019-09-23","catastro":"5484955TF9158S0001JI","holder":"BEIGASUR 08 SL","holder_count":2}},{"type":"Feature","geometry":{"type":"Point","coordinates":[-5.274403,36.29042]},"properties":{"id":"VUT/CA/08787","type":"VUT","group":"Completa","address":"AVENIDA DE LA MARINA, RIBERA DEL GURAMI Portal 4 Plta/Piso 2 Pta/Letra 30 Compl.Dom. MARINA SOTOGRANDE, piso 2, puerta 30","postal_code":"11310","places":4,"units":2,"registered":"2019-09-24","catastro":"5484919TF9158S0030TT","holder":"BEIGASUR 08 SL","holder_count":2}},{"type":"Feature","geometry":{"type":"Point","coordinates":[-5.326479,36.247753]},"properties":{"id":"VUT/CA/08818","type":"VUT","group":"Completa","address":"URBANIZACION GOLF AND BEACH RESORT Nº 28 Blq. 12 Portal 28 Plta/Piso 1 Pta/Letra B Compl.Dom. LA ALCAIDESA, piso 1, puerta B","postal_code":"11360","places":4,"units":2,"registered":"2019-10-01","catastro":"0843203TF9104S0113QQ","holder":null,"holder_count":null}},{"type":"Feature","geometry":{"type":"Point","coordinates":[-5.314355,36.286329]},"properties":{"id":"VUT/CA/08852","type":"VUT","group":"Completa","address":"URBANIZACION EL ENCINAR DE SOTOGRANDE Nº 5","postal_code":"11311","places":14,"units":6,"registered":"2019-10-09","catastro":"2385708TF9128N0001JA","holder":null,"holder_count":null}},{"type":"Feature","geometry":{"type":"Point","coordinates":[-5.33885,36.278462]},"properties":{"id":"VUT/CA/08916","type":"VUT","group":"Completa","address":"URBANIZACION SOTOGRANDE   C/ FORJA Nº 660137 Pta/Letra 11310 Compl.Dom. VIILA MODELO PATIO, puerta 11310","postal_code":"11360","places":8,"units":4,"registered":"2019-10-22","catastro":"0075217TF9107N0001FO","holder":null,"holder_count":null}},{"type":"Feature","geometry":{"type":"Point","coordinates":[-5.276277,36.285794]},"properties":{"id":"VUT/CA/08927","type":"VUT","group":"Completa","address":"PASEO Del Mar Nº 6 Blq. 5 Pta/Letra c02, puerta c02","postal_code":"11310","places":4,"units":2,"registered":"2019-10-22","catastro":"5682299TF9158S0001ZI","holder":null,"holder_count":null}},{"type":"Feature","geometry":{"type":"Point","coordinates":[-5.277094,36.288544]},"properties":{"id":"VUT/CA/08990","type":"VUT","group":"Completa","address":"URBANIZACION PUERTO DE SOTOGRANDE MARINA 1 Portal 3 Plta/Piso 2 Pta/Letra 19 Compl.Dom. EDIF RIBERA DE LA NÉCORA, piso 2, puerta 19","postal_code":"11360","places":4,"units":2,"registered":"2019-10-25","catastro":"5484914TF9158S0016ZB","holder":"GUILLEN BROKER  S.L.","holder_count":2}},{"type":"Feature","geometry":{"type":"Point","coordinates":[-5.311795,36.24429]},"properties":{"id":"VUT/CA/09002","type":"VUT","group":"Completa","address":"URBANIZACION MARINA DE LA ALCAIDESA Pta/Letra 8 Compl.Dom. ADOSADO 8, puerta 8","postal_code":"11360","places":8,"units":4,"registered":"2019-10-25","catastro":"1538102TF9113N0147JT","holder":null,"holder_count":null}},{"type":"Feature","geometry":{"type":"Point","coordinates":[-5.271509,36.291525]},"properties":{"id":"VUT/CA/09008","type":"VUT","group":"Completa","address":"PLAZA DEL AGUA Blq. D Plta/Piso 1 Pta/Letra 4 Compl.Dom. PUERTO DE SOTOGRANDE, piso 1, puerta 4","postal_code":"11310","places":4,"units":2,"registered":"2019-10-28","catastro":"6088501TF9168N0006LO","holder":null,"holder_count":null}},{"type":"Feature","geometry":{"type":"Point","coordinates":[-5.277094,36.288544]},"properties":{"id":"VUT/CA/09035","type":"VUT","group":"Completa","address":"URBANIZACION Puerto de Sotogrande Marina 1 Portal 2 Plta/Piso 1 Compl.Dom. Vvienda 10 planta primera accediendose dede el portal 2 del edificio Ribera de la Nécora, piso 1","postal_code":"11360","places":4,"units":2,"registered":"2019-10-28","catastro":"5484914TF9158S0060RE","holder":"GUILLEN BROKER  S.L.","holder_count":2}},{"type":"Feature","geometry":{"type":"Point","coordinates":[-5.31271,36.242238]},"properties":{"id":"VUT/CA/09036","type":"VUT","group":"Completa","address":"AVENIDA DEL GOLF Nº 711 Esc. 7 Plta/Piso 1 Compl.Dom. COMPLEJO PORTOFINO. LA ALCAIDESA, piso 1","postal_code":"11360","places":8,"units":2,"registered":"2019-10-28","catastro":"2638706TF9123N0031BH","holder":null,"holder_count":null}},{"type":"Feature","geometry":{"type":"Point","coordinates":[-5.27926,36.288108]},"properties":{"id":"VUT/CA/09038","type":"VUT","group":"Completa","address":"AVENIDA DE LA MARINA Blq. 3 Plta/Piso 3 Pta/Letra 36 Compl.Dom. 1230 3 BL. 36, piso 3, puerta 36","postal_code":"11310","places":6,"units":3,"registered":"2019-10-28","catastro":"5484934TF9158S0022SM","holder":null,"holder_count":null}},{"type":"Feature","geometry":{"type":"Point","coordinates":[-5.326582,36.280281]},"properties":{"id":"VUT/CA/09040","type":"VUT","group":"Completa","address":"CONJUNTO Urbanístico Valgrande, Ático Nº 144 Blq. 2-9 Plta/Piso 2 y 3 Pta/Letra P Compl.Dom. TIPO C-2, CONJUNTO URBANÍSTICO VALGRANDE, 2ºFASE, SUBFASE A, URBANIZACIÓN SOTOGRANDE, piso 2 y 3, puerta P","postal_code":"11310","places":8,"units":4,"registered":"2019-10-29","catastro":"1177602TF9117N0338BR","holder":"SOTODAVRA INVESTMENTS, S.L.","holder_count":1}},{"type":"Feature","geometry":{"type":"Point","coordinates":[-5.281786,36.289267]},"properties":{"id":"VUT/CA/09053","type":"VUT","group":"Completa","address":"APARTAMENTO VIVIENDA DUPLEX, ÁTICO Nº F Portal 3 Plta/Piso 3 Compl.Dom. RIBERA DEL PEZ LUNA, SOTOGRANDE, piso 3","postal_code":"11310","places":6,"units":3,"registered":"2019-10-29","catastro":"5484929TF9158S0102YS","holder":null,"holder_count":null}},{"type":"Feature","geometry":{"type":"Point","coordinates":[-5.281786,36.289267]},"properties":{"id":"VUT/CA/09069","type":"VUT","group":"Completa","address":"APARTAMENTO VIVIENDA DUPLEX, ÁTICO Nº A Portal 1 Plta/Piso 3 Compl.Dom. RIBERA DEL PEZ LUNA, SOTOGRANDE, piso 3","postal_code":"11310","places":6,"units":3,"registered":"2019-10-30","catastro":"5484929TF9158S0097WI","holder":null,"holder_count":null}},{"type":"Feature","geometry":{"type":"Point","coordinates":[-5.323136,36.245935]},"properties":{"id":"VUT/CA/09076","type":"VUT","group":"Completa","address":"AVENIDA DEL GOLF Blq. 3 Portal 1 Plta/Piso ATICO Pta/Letra A Compl.Dom. LA ALCAIDESA. RESIDENCIAL NUEVA ALCAIDESA. CONJUNTO 3., piso ATICO, puerta A","postal_code":"11360","places":8,"units":2,"registered":"2019-10-30","catastro":"1538109TF9113N0126LD","holder":null,"holder_count":null}},{"type":"Feature","geometry":{"type":"Point","coordinates":[-5.304456,36.295821]},"properties":{"id":"VUT/CA/09083","type":"VUT","group":"Completa","address":"URBANIZACION LOS ALTOS DE LA CAÑADA Nº 8 Compl.Dom. FASE I","postal_code":"11311","places":6,"units":3,"registered":"2019-11-04","catastro":"3394544TF9139S0001GJ","holder":null,"holder_count":null}},{"type":"Feature","geometry":{"type":"Point","coordinates":[-5.306107,36.287721]},"properties":{"id":"VUT/CA/09102","type":"VUT","group":"Completa","address":"CALLE BAJA Esc. 1 Plta/Piso 00 Pta/Letra 14, piso 00, puerta 14","postal_code":"11310","places":9,"units":5,"registered":"2019-11-11","catastro":"2885106TF9128N0015GX","holder":null,"holder_count":null}},{"type":"Feature","geometry":{"type":"Point","coordinates":[-5.323136,36.245935]},"properties":{"id":"VUT/CA/09107","type":"VUT","group":"Completa","address":"AVENIDA Avenida Del Golf Residencia Nueva Alcaidesa Calif.Nº Conjunto 4 Blq. 4 Portal 2 Plta/Piso Atico Pta/Letra A, piso Atico, puerta A","postal_code":"11360","places":6,"units":2,"registered":"2019-11-11","catastro":"1538109TF9113N0176IW","holder":null,"holder_count":null}},{"type":"Feature","geometry":{"type":"Point","coordinates":[-5.34709,36.268847]},"properties":{"id":"VUT/CA/09142","type":"VUT","group":"Completa","address":"AVENIDA ALMENARA II Nº 20 Compl.Dom. URBANIZACIÓN SOTOGRANDE","postal_code":"11310","places":10,"units":5,"registered":"2019-11-14","catastro":"9166516TF8196N0001RH","holder":null,"holder_count":null}},{"type":"Feature","geometry":{"type":"Point","coordinates":[-5.274331,36.289859]},"properties":{"id":"VUT/CA/09144","type":"VUT","group":"Completa","address":"EDIFICIO RIBERA DEL ARLEQUÍN Nº 20 Plta/Piso 1 Pta/Letra ÁTICO Compl.Dom. MARINA DE SOTOGRANDE, URBANIZACIÓN SOTOGRANDE, piso 1, puerta ÁTICO","postal_code":"11310","places":8,"units":4,"registered":"2019-11-14","catastro":"5484912TF9158N0026PL","holder":"SYMES HOLDINGS ESPAÑA 2000, S.L.","holder_count":1}},{"type":"Feature","geometry":{"type":"Point","coordinates":[-5.310949,36.242754]},"properties":{"id":"VUT/CA/09159","type":"VUT","group":"Completa","address":"AVENIDA DEL GOLF Nº 104 Compl.Dom. URB THE LINKS","postal_code":"11360","places":8,"units":2,"registered":"2019-11-15","catastro":"2638710TF9123N0005SX","holder":null,"holder_count":null}},{"type":"Feature","geometry":{"type":"Point","coordinates":[-5.297554,36.291393]},"properties":{"id":"VUT/CA/09160","type":"VUT","group":"Completa","address":"CALLE santiago de compostela Nº 22 Compl.Dom. sotogrande","postal_code":"11310","places":4,"units":2,"registered":"2019-11-15","catastro":"3888302TF9138N0001RG","holder":null,"holder_count":null}},{"type":"Feature","geometry":{"type":"Point","coordinates":[-5.326479,36.247753]},"properties":{"id":"VUT/CA/09161","type":"VUT","group":"Completa","address":"URBANIZACION ALCAIDESA GOLF & BEACH RESORT Nº 23 Blq. 10 Plta/Piso 1 Pta/Letra C, piso 1, puerta C","postal_code":"11360","places":4,"units":2,"registered":"2019-11-15","catastro":"0843203TF9104S0092UU","holder":null,"holder_count":null}},{"type":"Feature","geometry":{"type":"Point","coordinates":[-5.306966,36.292258]},"properties":{"id":"VUT/CA/09173","type":"VUT","group":"Completa","address":"URBANIZACION HOYO 1 Nº 4 Compl.Dom. VILLA 4","postal_code":"11310","places":6,"units":4,"registered":"2019-11-18","catastro":"2087509TF9128N0001YA","holder":null,"holder_count":null}},{"type":"Feature","geometry":{"type":"Point","coordinates":[-5.349251,36.277164]},"properties":{"id":"VUT/CA/09257","type":"VUT","group":"Completa","address":"CALLE ALMENARA Nº 7 Compl.Dom. URB DE SOTOGRANDE \"LOS CARMENES DE ALMENARA\"","postal_code":"11310","places":6,"units":3,"registered":"2019-11-22","catastro":"9771602TF8197S0007GQ","holder":null,"holder_count":null}},{"type":"Feature","geometry":{"type":"Point","coordinates":[-5.318895,36.292475]},"properties":{"id":"VUT/CA/09263","type":"VUT","group":"Completa","address":"CALLE CORTIJO DE LA RESERVA Nº 64 Compl.Dom. SOTOGRANDE","postal_code":"11310","places":8,"units":3,"registered":"2019-11-22","catastro":"1396907TF9119N0060GL","holder":null,"holder_count":null}},{"type":"Feature","geometry":{"type":"Point","coordinates":[-5.273827,36.291288]},"properties":{"id":"VUT/CA/09277","type":"VUT","group":"Completa","address":"EDIFICIO RIBERA DEL OBISPO, APARTAMENTO Nº 6 Portal E-3 Plta/Piso BAJA Compl.Dom. MARINA DE SOTOGRANDE, piso BAJA","postal_code":"11310","places":4,"units":2,"registered":"2019-11-25","catastro":"5484918TF9158S0007TF","holder":"OBISPO NUM 6, S.L.","holder_count":1}},{"type":"Feature","geometry":{"type":"Point","coordinates":[-5.276904,36.285848]},"properties":{"id":"VUT/CA/09295","type":"VUT","group":"Completa","address":"APARTAMENTO APARTAMENTOS PLAYA BLOQUE SIETE Blq. 7 Plta/Piso 2 Pta/Letra 2.12 Compl.Dom. PASEO DEL MAR 26, piso 2, puerta 2.12","postal_code":"11310","places":6,"units":3,"registered":"2019-11-26","catastro":"5682205TF9158S0105MG","holder":null,"holder_count":null}},{"type":"Feature","geometry":{"type":"Point","coordinates":[-5.354179,36.270363]},"properties":{"id":"VUT/CA/09345","type":"VUT","group":"Completa","address":"CALLE GAUCÍN Nº 18","postal_code":"11310","places":15,"units":5,"registered":"2019-11-28","catastro":"8666902TF8186N0001YS","holder":"LUXURY SOTOGRANDE S.L.","holder_count":4}},{"type":"Feature","geometry":{"type":"Point","coordinates":[-5.282059,36.288393]},"properties":{"id":"VUT/CA/09368","type":"VUT","group":"Completa","address":"EDIFICIO ISLA CAREY Nº 3 Plta/Piso BAJA Compl.Dom. PUERTO DE SOTOGRANDE, piso BAJA","postal_code":"11311","places":6,"units":3,"registered":"2019-12-02","catastro":"5484928TF9158S0074XF","holder":null,"holder_count":null}},{"type":"Feature","geometry":{"type":"Point","coordinates":[-5.281209,36.287364]},"properties":{"id":"VUT/CA/09375","type":"VUT","group":"Completa","address":"URBANIZACION PUERTO SOTOGRANDE-MARINA II Blq. C Plta/Piso 1 Pta/Letra 62, piso 1, puerta 62","postal_code":"11310","places":4,"units":2,"registered":"2019-12-02","catastro":"5484924TF9158S0003TP","holder":null,"holder_count":null}},{"type":"Feature","geometry":{"type":"Point","coordinates":[-5.276227,36.284959]},"properties":{"id":"VUT/CA/09391","type":"VUT","group":"Por habitaciones","address":"PASEO Paseo del Mar num 18 apartamento 6 bajo Nº 18 Plta/Piso bajo Pta/Letra 6, piso bajo, puerta 6","postal_code":"11310","places":6,"units":3,"registered":"2019-12-03","catastro":"5682206TF9158S0057BE","holder":null,"holder_count":null}},{"type":"Feature","geometry":{"type":"Point","coordinates":[-5.297451,36.292666]},"properties":{"id":"VUT/CA/09424","type":"VUT","group":"Completa","address":"URBANIZACION Jardines de Sotogrande Nº 0 Pta/Letra 3 Compl.Dom. Edificio Datura, puerta 3","postal_code":"11310","places":4,"units":1,"registered":"2019-12-05","catastro":"3388730TF9138N0017FT","holder":null,"holder_count":null}},{"type":"Feature","geometry":{"type":"Point","coordinates":[-5.277953,36.284205]},"properties":{"id":"VUT/CA/09439","type":"VUT","group":"Completa","address":"PASEO DEL RIO Nº 6 Plta/Piso 1 Pta/Letra 11 Compl.Dom. PUERTO DE SOTOGRANDE, piso 1, puerta 11","postal_code":"11310","places":4,"units":2,"registered":"2019-12-10","catastro":"5682209TF9158S0088MW","holder":null,"holder_count":null}},{"type":"Feature","geometry":{"type":"Point","coordinates":[-5.275809,36.286072]},"properties":{"id":"VUT/CA/09440","type":"VUT","group":"Completa","address":"PASEO DEL MAR Nº 30 Blq. A Plta/Piso 2 Pta/Letra C4, piso 2, puerta C4","postal_code":"11310","places":6,"units":3,"registered":"2019-12-10","catastro":"5682204TF9158S0106GH","holder":null,"holder_count":null}},{"type":"Feature","geometry":{"type":"Point","coordinates":[-5.323136,36.245935]},"properties":{"id":"VUT/CA/09454","type":"VUT","group":"Completa","address":"URBANIZACION ALCAIDESA Nº 2 Blq. 1 Esc. 1 Plta/Piso 00 Pta/Letra A Compl.Dom. CONJUNTO 2, piso 00, puerta A","postal_code":"11360","places":6,"units":3,"registered":"2019-12-11","catastro":"1538109TF9113N0072QK","holder":null,"holder_count":null}},{"type":"Feature","geometry":{"type":"Point","coordinates":[-5.3341,36.279054]},"properties":{"id":"VUT/CA/09460","type":"VUT","group":"Completa","address":"CALLE FATIGA Nº 64 Compl.Dom. SOTOGRANDE","postal_code":"11310","places":4,"units":2,"registered":"2019-12-12","catastro":"0177134TF9107N0001LO","holder":null,"holder_count":null}},{"type":"Feature","geometry":{"type":"Point","coordinates":[-5.326479,36.247753]},"properties":{"id":"VUT/CA/09461","type":"VUT","group":"Completa","address":"URBANIZACION LA ALCAIDESA Blq. 3 Portal 7 Plta/Piso BJA Pta/Letra C, piso BJA, puerta C","postal_code":"11360","places":4,"units":2,"registered":"2019-12-12","catastro":"0843203TF9104S0026II","holder":null,"holder_count":null}},{"type":"Feature","geometry":{"type":"Point","coordinates":[-5.340881,36.261082]},"properties":{"id":"VUT/CA/09462","type":"VUT","group":"Completa","address":"CONJUNTO RESIDENCIAL PUEBLO I, VIVIENDA Nº 4, TIPO C, LETRA A, PLANTA 1 DEL EDIFICIO 3, PRIMERA FASE Nº - Compl.Dom. URBANIZACIÓN SAN ROQUE CLUB","postal_code":"11360","places":6,"units":3,"registered":"2019-12-12","catastro":"9854201TF8195S0072JA","holder":null,"holder_count":null}},{"type":"Feature","geometry":{"type":"Point","coordinates":[-5.275809,36.286072]},"properties":{"id":"VUT/CA/09466","type":"VUT","group":"Completa","address":"PASEO DEL MAR Nº 30 Blq. 6 Esc. A Plta/Piso 1 Pta/Letra B1 Compl.Dom. APARTAMENTO PLAYA, piso 1, puerta B1","postal_code":"11310","places":6,"units":3,"registered":"2019-12-12","catastro":"5682204TF9158S0086XM","holder":null,"holder_count":null}},{"type":"Feature","geometry":{"type":"Point","coordinates":[-5.307846,36.283824]},"properties":{"id":"VUT/CA/09473","type":"VUT","group":"Completa","address":"CALLE BENAVENTE Nº 15 Compl.Dom. SOTOGRANDE","postal_code":"11310","places":8,"units":4,"registered":"2019-12-12","catastro":"2880403TF9128S0001PL","holder":null,"holder_count":null}},{"type":"Feature","geometry":{"type":"Point","coordinates":[-5.340881,36.261082]},"properties":{"id":"VUT/CA/09474","type":"VUT","group":"Completa","address":"CONJUNTO RESIDENCIAL PUEBLO I, VIVIENDA Nº 3, TIPO B, LETRA C, PLANTA BAJA Y PRIMERA DEL EDIFICIO Nº 4, PRIMERA FASE Nº - Compl.Dom. URBANIZACIÓN SAN ROQUE CLUB","postal_code":"11360","places":6,"units":3,"registered":"2019-12-12","catastro":"9854201TF8195S0105BF","holder":null,"holder_count":null}},{"type":"Feature","geometry":{"type":"Point","coordinates":[-5.340114,36.271556]},"properties":{"id":"VUT/CA/09498","type":"VUT","group":"Completa","address":"PARCELA DE TERRENO Nº 19 Compl.Dom. URBANIZACIÓN SAN ROQUE CLUB","postal_code":"11360","places":10,"units":5,"registered":"2019-12-16","catastro":"9666801TF8196N0001YH","holder":"ROQUEBRUN, S.L.","holder_count":1}},{"type":"Feature","geometry":{"type":"Point","coordinates":[-5.275809,36.286072]},"properties":{"id":"VUT/CA/09543","type":"VUT","group":"Completa","address":"CALLE PASEO DEL MAR Nº 36 Plta/Piso 1 Pta/Letra 12 Compl.Dom. APARTAMENTOS PLAYA PUERTO SOTOGRANDE, piso 1, puerta 12","postal_code":"11310","places":8,"units":4,"registered":"2019-12-18","catastro":"5682204TF9158S0102AS","holder":null,"holder_count":null}},{"type":"Feature","geometry":{"type":"Point","coordinates":[-5.323136,36.245935]},"properties":{"id":"VUT/CA/09636","type":"VUT","group":"Completa","address":"AVENIDA DEL GOLF S/N Calif.Nº 1 Blq. 3 Esc. 2 Plta/Piso 1 Pta/Letra A Compl.Dom. URBANIZACIÓN NUEVA ALCAIDESA, piso 1, puerta A","postal_code":"11360","places":6,"units":2,"registered":"2020-01-16","catastro":"1538109TF9113N0039EB","holder":"BELLBRO RENTING AND DEVELOPMENT SL","holder_count":1}},{"type":"Feature","geometry":{"type":"Point","coordinates":[-5.305519,36.279542]},"properties":{"id":"VUT/CA/09667","type":"VUT","group":"Completa","address":"CALLE BALBOA Nº 1","postal_code":"11310","places":6,"units":3,"registered":"2020-01-20","catastro":"3176812TF9137N0001YZ","holder":null,"holder_count":null}},{"type":"Feature","geometry":{"type":"Point","coordinates":[-5.268799,36.302242]},"properties":{"id":"VUT/CA/09668","type":"VUT","group":"Completa","address":"CALLE LAS AMÉRICAS Nº 8A Compl.Dom. URBANIZACIÓN COLINAS DEL MAR","postal_code":"11312","places":8,"units":4,"registered":"2020-01-20","catastro":"6300421TF9260S0001XL","holder":null,"holder_count":null}},{"type":"Feature","geometry":{"type":"Point","coordinates":[-5.326582,36.280281]},"properties":{"id":"VUT/CA/09698","type":"VUT","group":"Completa","address":"APARTAMENTO URBANIZACION VALGRANDE Blq. 2-1 Plta/Piso 1ª Pta/Letra 1-1, piso 1ª, puerta 1-1","postal_code":"11310","places":6,"units":3,"registered":"2020-01-22","catastro":"1177602TF9117N0424SL","holder":null,"holder_count":null}},{"type":"Feature","geometry":{"type":"Point","coordinates":[-5.304389,36.29822]},"properties":{"id":"VUT/CA/09701","type":"VUT","group":"Completa","address":"AVENIDA PROFESOR TIERNO GALVÁN EDIFICIO JACARANDA Portal 4 Plta/Piso B Pta/Letra A, piso B, puerta A","postal_code":"11310","places":6,"units":3,"registered":"2020-01-22","catastro":"3196502TF9139N0044OJ","holder":null,"holder_count":null}},{"type":"Feature","geometry":{"type":"Point","coordinates":[-5.278753,36.287425]},"properties":{"id":"VUT/CA/09710","type":"VUT","group":"Completa","address":"URBANIZACION PUERTO DE SOTOGRANDE-MARINA II, VIVIENDA Nº 31 Portal 4 Plta/Piso 3 Compl.Dom. COMPLEJO RESIDENCIAL ISLA DE LA VELA, piso 3","postal_code":"11310","places":4,"units":2,"registered":"2020-01-22","catastro":"5484935TF9158S0032TU","holder":null,"holder_count":null}},{"type":"Feature","geometry":{"type":"Point","coordinates":[-5.29276,36.287879]},"properties":{"id":"VUT/CA/09716","type":"VUT","group":"Completa","address":"CALLE RAMIRO EL MONJE Nº 11 Blq. 7 Plta/Piso 3 Pta/Letra A Compl.Dom. EDIFICIO EL POLO, piso 3, puerta A","postal_code":"11310","places":12,"units":3,"registered":"2020-01-23","catastro":"4188704TF9148N0170BQ","holder":"PRADILLO 62, S.L.","holder_count":2}},{"type":"Feature","geometry":{"type":"Point","coordinates":[-5.341762,36.26251]},"properties":{"id":"VUT/CA/09795","type":"VUT","group":"Completa","address":"URBANIZACION SN ROQUE CLUB CONDOMINIO G Nº 11 Pta/Letra a1, puerta a1","postal_code":"11360","places":9,"units":4,"registered":"2020-01-28","catastro":"9658501tf8195n0011xy","holder":null,"holder_count":null}},{"type":"Feature","geometry":{"type":"Point","coordinates":[-5.280946,36.2883]},"properties":{"id":"VUT/CA/09797","type":"VUT","group":"Completa","address":"URBANIZACION MARINA DE SOTOGRANDE, ISLA DEL PEZ BARBERO Nº 22","postal_code":"11310","places":7,"units":4,"registered":"2020-01-28","catastro":"5484931TF9158S0023OQ","holder":"SOTOANNEMARIE, S.L.","holder_count":1}},{"type":"Feature","geometry":{"type":"Point","coordinates":[-5.275347,36.291472]},"properties":{"id":"VUT/CA/09807","type":"VUT","group":"Completa","address":"AVENIDA DE LA MARINA Blq. B Esc. 11 Plta/Piso 4 Pta/Letra A Compl.Dom. CONJUNTO RESIDENCIAL MARLIN - RIBERA DEL MARLIN, piso 4, puerta A","postal_code":"11360","places":5,"units":2,"registered":"2020-01-29","catastro":"5484937TF9158S0148HM","holder":null,"holder_count":null}},{"type":"Feature","geometry":{"type":"Point","coordinates":[-5.281786,36.289267]},"properties":{"id":"VUT/CA/09813","type":"VUT","group":"Completa","address":"URBANIZACION PEZ LUNA Portal 1 Plta/Piso 2 Pta/Letra B, piso 2, puerta B","postal_code":"11310","places":4,"units":2,"registered":"2020-01-29","catastro":"5484929TF9158S0088LW","holder":null,"holder_count":null}},{"type":"Feature","geometry":{"type":"Point","coordinates":[-5.297985,36.280358]},"properties":{"id":"VUT/CA/09822","type":"VUT","group":"Completa","address":"CALLE DUARTE DE PORTUGAL Nº 9","postal_code":"11310","places":14,"units":7,"registered":"2020-01-30","catastro":"3776207TF9137N0001IZ","holder":null,"holder_count":null}},{"type":"Feature","geometry":{"type":"Point","coordinates":[-5.340673,36.278453]},"properties":{"id":"VUT/CA/09823","type":"VUT","group":"Completa","address":"CALLE FONDO Nº 12 Compl.Dom. CASA MAGNOLIA","postal_code":"11360","places":9,"units":5,"registered":"2020-01-30","catastro":"9876306tf8197n0001rp","holder":null,"holder_count":null}},{"type":"Feature","geometry":{"type":"Point","coordinates":[-5.281209,36.287364]},"properties":{"id":"VUT/CA/09838","type":"VUT","group":"Completa","address":"AVENIDA PUERTO SOTOGRANDE (PS) Esc. 11 Plta/Piso 01 Pta/Letra 80 Compl.Dom. AV PUERTO SOTOGRANDE (PS) Es: 11 Pl: 01 Pt: 80 JUNGLA DEL LORO, piso 01, puerta 80","postal_code":"11360","places":6,"units":3,"registered":"2020-01-31","catastro":"5484924TF9158S0021JX","holder":"CARDIOCLIN S.L.","holder_count":1}},{"type":"Feature","geometry":{"type":"Point","coordinates":[-5.334069,36.280102]},"properties":{"id":"VUT/CA/09843","type":"VUT","group":"Completa","address":"CALLE FATIGA Nº 22 Plta/Piso BAJO Pta/Letra A, piso BAJO, puerta A","postal_code":"11310","places":3,"units":3,"registered":"2020-01-31","catastro":"0177155TF9107N0001HO","holder":"MONTEDEHESA DE INVERSIONES, S.A.","holder_count":1}},{"type":"Feature","geometry":{"type":"Point","coordinates":[-5.326582,36.280281]},"properties":{"id":"VUT/CA/09848","type":"VUT","group":"Completa","address":"AVENIDA LOS CORTIJOS, URBANIZACIÓN VALGRANDE, EDIFICIO Nº 2-6 Plta/Piso 1, piso 1","postal_code":"11310","places":6,"units":3,"registered":"2020-01-31","catastro":"1177602TF9117N0288YD","holder":null,"holder_count":null}},{"type":"Feature","geometry":{"type":"Point","coordinates":[-5.317606,36.244168]},"properties":{"id":"VUT/CA/09859","type":"VUT","group":"Por habitaciones","address":"AVENIDA DEL GOLF Nº S/N Blq. 7 Plta/Piso 3 Compl.Dom. URBANIZACION ALTAVISTA DE ALCAIDESA FASE II, piso 3","postal_code":"11360","places":2,"units":1,"registered":"2020-02-04","catastro":"1538107TF9113N0081SQ","holder":null,"holder_count":null}},{"type":"Feature","geometry":{"type":"Point","coordinates":[-5.276253,36.28783]},"properties":{"id":"VUT/CA/09905","type":"VUT","group":"Completa","address":"AVENIDA paseo del mar Nº 98 Portal A Plta/Piso 1 Pta/Letra 4 Compl.Dom. urbanización Ribera del pez volador, piso 1, puerta 4","postal_code":"11360","places":6,"units":2,"registered":"2020-02-10","catastro":"5484913TF9158S0006TD","holder":null,"holder_count":null}},{"type":"Feature","geometry":{"type":"Point","coordinates":[-5.270937,36.291283]},"properties":{"id":"VUT/CA/10033","type":"VUT","group":"Completa","address":"URBANIZACION PUERTO DE SOTOGRANDE Esc. 1 Plta/Piso 2 Pta/Letra 15, piso 2, puerta 15","postal_code":"11311","places":2,"units":1,"registered":"2020-02-25","catastro":"6088502TF9168N0040RI","holder":"muros del madroñal sl","holder_count":1}},{"type":"Feature","geometry":{"type":"Point","coordinates":[-5.347887,36.269846]},"properties":{"id":"VUT/CA/10048","type":"VUT","group":"Completa","address":"AVENIDA ALMENARA Nº 14 Plta/Piso 1 Pta/Letra 12, piso 1, puerta 12","postal_code":"11310","places":12,"units":6,"registered":"2020-02-27","catastro":"9166513TF8196N0001MH","holder":"PIEDRA ORIGINAL S.L.","holder_count":1}},{"type":"Feature","geometry":{"type":"Point","coordinates":[-5.339821,36.269182]},"properties":{"id":"VUT/CA/10165","type":"VUT","group":"Completa","address":"URBANIZACION SAN ROQUE CLUB PARTIDO DEL GUADALQUITO Pta/Letra 51 Compl.Dom. PARTIDO DEL GUADALQUITO, puerta 51","postal_code":"11310","places":10,"units":5,"registered":"2020-03-10","catastro":"9866403tf8196n0001gh","holder":"THIRD MILLENNIUM RE S.L.","holder_count":1}},{"type":"Feature","geometry":{"type":"Point","coordinates":[-5.318446,36.285376]},"properties":{"id":"VUT/CA/10206","type":"VUT","group":"Completa","address":"CALLE COLÓN Nº 21","postal_code":"11310","places":12,"units":6,"registered":"2020-03-12","catastro":"1782510TF9118S0001OG","holder":null,"holder_count":null}},{"type":"Feature","geometry":{"type":"Point","coordinates":[-5.310727,36.279479]},"properties":{"id":"VUT/CA/10219","type":"VUT","group":"Completa","address":"CALLE BUENOS AIRES. URBANIZACIÓN LA LOMA Nº 35 Compl.Dom. SOTOGRANDE","postal_code":"11310","places":8,"units":4,"registered":"2020-03-16","catastro":"2476773TF9127N0001UJ","holder":null,"holder_count":null}},{"type":"Feature","geometry":{"type":"Point","coordinates":[-5.275643,36.287801]},"properties":{"id":"VUT/CA/10240","type":"VUT","group":"Completa","address":"APARTAMENTO APARTAMENTO PLAYA Nº 0-11 Blq. 10 Plta/Piso BAJA Compl.Dom. APARTAMENTO PLAYA BLOQUE 10 EN PUERTO SOTOGRANDE, piso BAJA","postal_code":"11360","places":7,"units":4,"registered":"2020-03-31","catastro":"5682201TF9158S0070TP","holder":null,"holder_count":null}},{"type":"Feature","geometry":{"type":"Point","coordinates":[-5.282561,36.287182]},"properties":{"id":"VUT/CA/10254","type":"VUT","group":"Completa","address":"URBANIZACION Puerto de Sotogrande Nº 26 Portal D Plta/Piso 2 Pta/Letra 1 Compl.Dom. Edificio Ribera del Paraíso, piso 2, puerta 1","postal_code":"11310","places":6,"units":3,"registered":"2020-03-31","catastro":"5184101TF9158S0053JX","holder":null,"holder_count":null}},{"type":"Feature","geometry":{"type":"Point","coordinates":[-5.308795,36.280751]},"properties":{"id":"VUT/CA/10338","type":"VUT","group":"Completa","address":"CALLE Baleares Nº 5 Compl.Dom. Sotogrande","postal_code":"11310","places":6,"units":3,"registered":"2020-04-27","catastro":"2778820TF9127N0001MJ","holder":"FARMSIDE LIMITED","holder_count":1}},{"type":"Feature","geometry":{"type":"Point","coordinates":[-5.311244,36.28292]},"properties":{"id":"VUT/CA/10360","type":"VUT","group":"Completa","address":"CALLE BRAGANZA Nº 29 Compl.Dom. SOTOGRANDE","postal_code":"11310","places":6,"units":3,"registered":"2020-05-07","catastro":"2578302TF9127N0001EJ","holder":null,"holder_count":null}},{"type":"Feature","geometry":{"type":"Point","coordinates":[-5.347829,36.284699]},"properties":{"id":"VUT/CA/10407","type":"VUT","group":"Completa","address":"AVENIDA ALMENARA Nº 18 Pta/Letra B Compl.Dom. URBANIZACIÓN LOS GAZULES, BLOQUE POLO 5, puerta B","postal_code":"11310","places":6,"units":3,"registered":"2020-05-27","catastro":"9771601TF8197S0047AY","holder":null,"holder_count":null}},{"type":"Feature","geometry":{"type":"Point","coordinates":[-5.272902,36.292052]},"properties":{"id":"VUT/CA/10413","type":"VUT","group":"Completa","address":"PLAZA CHICA Portal 2 Compl.Dom. EDIF. C - APARTAMENTO C1-11","postal_code":"11310","places":4,"units":2,"registered":"2020-05-27","catastro":"5989801TF9158N0012MI","holder":"ALBERCHE DEVELOPMENTS, SL","holder_count":1}},{"type":"Feature","geometry":{"type":"Point","coordinates":[-5.280937,36.289134]},"properties":{"id":"VUT/CA/10475","type":"VUT","group":"Completa","address":"AVENIDA puerto de sotogrande Portal 4 Plta/Piso 1 Pta/Letra 2.7 Compl.Dom. edificio ribera de la golondrina, piso 1, puerta 2.7","postal_code":"11310","places":4,"units":2,"registered":"2020-06-09","catastro":"5484930TF9158S0018ZX","holder":"NESCAR SPORT, S.L.","holder_count":3}},{"type":"Feature","geometry":{"type":"Point","coordinates":[-5.280937,36.289134]},"properties":{"id":"VUT/CA/10477","type":"VUT","group":"Completa","address":"AVENIDA puerto sotogrande Portal 4 Plta/Piso 1 Pta/Letra 08 Compl.Dom. edificio ribera de la golondrina, piso 1, puerta 08","postal_code":"11310","places":4,"units":2,"registered":"2020-06-09","catastro":"5484930TF9158S0019XM","holder":"NESCAR SPORT, S.L.","holder_count":3}},{"type":"Feature","geometry":{"type":"Point","coordinates":[-5.280937,36.289134]},"properties":{"id":"VUT/CA/10478","type":"VUT","group":"Completa","address":"AVENIDA puerto de sotogrande Portal 4 Plta/Piso 02 Pta/Letra 08 Compl.Dom. edificio ribera de la golondrina, piso 02, puerta 08","postal_code":"11310","places":4,"units":2,"registered":"2020-06-09","catastro":"5484930TF9158S0029YU","holder":"NESCAR SPORT, S.L.","holder_count":3}},{"type":"Feature","geometry":{"type":"Point","coordinates":[-5.317188,36.27754]},"properties":{"id":"VUT/CA/10503","type":"VUT","group":"Completa","address":"CALLE DULCINEA Nº 12 Compl.Dom. SOTOGRANDE ALTO","postal_code":"11310","places":8,"units":4,"registered":"2020-06-15","catastro":"2072302TF9127S0001DW","holder":null,"holder_count":null}},{"type":"Feature","geometry":{"type":"Point","coordinates":[-5.284157,36.288038]},"properties":{"id":"VUT/CA/10610","type":"VUT","group":"Completa","address":"AVENIDA PUERTO SOTOGRANDE Portal 4 Plta/Piso 0 Pta/Letra 26 Compl.Dom. EDIFICIO RIBERA DEL RIO, piso 0, puerta 26","postal_code":"11310","places":6,"units":3,"registered":"2020-06-26","catastro":"4984302TF9148S0034DT","holder":null,"holder_count":null}},{"type":"Feature","geometry":{"type":"Point","coordinates":[-5.27926,36.288108]},"properties":{"id":"VUT/CA/10612","type":"VUT","group":"Completa","address":"URBANIZACION SOTOGRANDE MARINA II, RIBERA DE LA ROMANA Nº 21","postal_code":"11310","places":6,"units":3,"registered":"2020-06-26","catastro":"5484934TF9158S0022SM","holder":null,"holder_count":null}},{"type":"Feature","geometry":{"type":"Point","coordinates":[-5.275643,36.287801]},"properties":{"id":"VUT/CA/10613","type":"VUT","group":"Completa","address":"PASEO DEL MAR Nº 62 Blq. 10 Plta/Piso 1 Compl.Dom. APARTAMENTO 10, piso 1","postal_code":"11310","places":6,"units":3,"registered":"2020-06-26","catastro":"5682201TF9158S0082FL","holder":null,"holder_count":null}},{"type":"Feature","geometry":{"type":"Point","coordinates":[-5.29276,36.287879]},"properties":{"id":"VUT/CA/10635","type":"VUT","group":"Completa","address":"CALLE RAMIRO EL MONJE Blq. 3 Plta/Piso 00 Pta/Letra A Compl.Dom. CONJUNTO URBANÍSTICO EL POLO DE SOTOGRANDE, piso 00, puerta A","postal_code":"11311","places":8,"units":4,"registered":"2020-06-29","catastro":"4188704TF9148N0026AG","holder":"INVERSIONES HISPANO GALAS SL","holder_count":1}},{"type":"Feature","geometry":{"type":"Point","coordinates":[-5.32131,36.245858]},"properties":{"id":"VUT/CA/10673","type":"VUT","group":"Completa","address":"AVENIDA Avd del Golf Plta/Piso 1 Pta/Letra 104, piso 1, puerta 104","postal_code":"11360","places":4,"units":2,"registered":"2020-07-03","catastro":"1541806TF9114S0005WB","holder":null,"holder_count":null}},{"type":"Feature","geometry":{"type":"Point","coordinates":[-5.277493,36.288248]},"properties":{"id":"VUT/CA/10736","type":"VUT","group":"Completa","address":"AVENIDA LA MARINA DE SOTOGRANTE Nº 22 Portal 3 Plta/Piso 3 Compl.Dom. RESIDENCIAL RIBERA DEL DRAGONCILLO, piso 3","postal_code":"11310","places":8,"units":4,"registered":"2020-07-13","catastro":"5484915TF9158S0074QF","holder":"TIMPA SL","holder_count":1}},{"type":"Feature","geometry":{"type":"Point","coordinates":[-5.29276,36.287879]},"properties":{"id":"VUT/CA/10801","type":"VUT","group":"Completa","address":"CALLE RAMIRO EL MONJE Nº S/N Blq. 8 Portal D Plta/Piso 2º Pta/Letra A, piso 2º, puerta A","postal_code":"11360","places":8,"units":4,"registered":"2020-07-21","catastro":"4188704TF9148N0177RI","holder":"ASECOVI 2000 SL","holder_count":1}},{"type":"Feature","geometry":{"type":"Point","coordinates":[-5.295789,36.291664]},"properties":{"id":"VUT/CA/10811","type":"VUT","group":"Completa","address":"CALLE RODRIGO EL GODO Nº S/N Blq. A Plta/Piso ATICO Pta/Letra 6 Compl.Dom. URBANIZACION POLOGARDENS, piso ATICO, puerta 6","postal_code":"11310","places":6,"units":3,"registered":"2020-07-23","catastro":"3989801TF9138N0072HL","holder":null,"holder_count":null}},{"type":"Feature","geometry":{"type":"Point","coordinates":[-5.329951,36.27742]},"properties":{"id":"VUT/CA/10834","type":"VUT","group":"Completa","address":"CALLE FAISAN Nº 24 Compl.Dom. SOTOGRANDE","postal_code":"11310","places":14,"units":7,"registered":"2020-07-31","catastro":"1074620TF9117S0001GZ","holder":null,"holder_count":null}},{"type":"Feature","geometry":{"type":"Point","coordinates":[-5.291909,36.304802]},"properties":{"id":"VUT/CA/10838","type":"VUT","group":"Completa","address":"CALLE Sol Nº 4","postal_code":"11312","places":4,"units":2,"registered":"2020-08-01","catastro":"4303802TF9240S0001WA","holder":null,"holder_count":null}},{"type":"Feature","geometry":{"type":"Point","coordinates":[-5.339102,36.260905]},"properties":{"id":"VUT/CA/10935","type":"VUT","group":"Completa","address":"URBANIZACION SAN ROQUE CLUB Nº 43 Plta/Piso 0 Pta/Letra A Compl.Dom. RESIDENCIAL PUEBLO I, FASE II, BLOQUE LAS TERRAZAS No. 16, piso 0, puerta A","postal_code":"11360","places":6,"units":3,"registered":"2020-09-08","catastro":"9854202TF8195S0001XU","holder":null,"holder_count":null}},{"type":"Feature","geometry":{"type":"Point","coordinates":[-5.283088,36.288056]},"properties":{"id":"VUT/CA/10952","type":"VUT","group":"Completa","address":"AVENIDA PUERTO SOTOGRANDE, Portal 4 Plta/Piso 0 Compl.Dom. URBANIZACIÓN GUADALMARINA I, piso 0","postal_code":"11310","places":4,"units":1,"registered":"2020-09-11","catastro":"5484926TF9158S0009YH","holder":null,"holder_count":null}},{"type":"Feature","geometry":{"type":"Point","coordinates":[-5.292777,36.288899]},"properties":{"id":"VUT/CA/10967","type":"VUT","group":"Completa","address":"URBANIZACION EL POLO DE SOTOGRANDE Nº 15 Blq. 15 Plta/Piso BAJA Pta/Letra D, piso BAJA, puerta D","postal_code":"11310","places":8,"units":5,"registered":"2020-09-14","catastro":"4188708TF9148N0089MF","holder":null,"holder_count":null}},{"type":"Feature","geometry":{"type":"Point","coordinates":[-5.340601,36.298799]},"properties":{"id":"VUT/CA/10971","type":"VUT","group":"Completa","address":"URBANIZACION LA RESERVA CLUB DE GOLF Nº S/N Compl.Dom. SOTOGRANDE","postal_code":"11310","places":6,"units":3,"registered":"2020-09-14","catastro":"9895204TF8199N0001QZ","holder":null,"holder_count":null}},{"type":"Feature","geometry":{"type":"Point","coordinates":[-5.272902,36.292052]},"properties":{"id":"VUT/CA/10973","type":"VUT","group":"Completa","address":"EDIFICIO B, APARTAMENTO Nº 2.1 Plta/Piso 1 Compl.Dom. LA MARINA DE SOTOGRANDE, piso 1","postal_code":"11310","places":4,"units":2,"registered":"2020-09-15","catastro":"5989801TF9158N0016RS","holder":null,"holder_count":null}},{"type":"Feature","geometry":{"type":"Point","coordinates":[-5.311795,36.24429]},"properties":{"id":"VUT/CA/10975","type":"VUT","group":"Completa","address":"AVENIDA Del Golf Nº 5 Blq. 1 Compl.Dom. Urbanizacion Marina Alcaidesa","postal_code":"11360","places":8,"units":3,"registered":"2020-09-15","catastro":"1538102TF9113N0144FW","holder":null,"holder_count":null}},{"type":"Feature","geometry":{"type":"Point","coordinates":[-5.313223,36.27841]},"properties":{"id":"VUT/CA/10983","type":"VUT","group":"Completa","address":"URBANIZACION LOMA SOTOGRANDE Nº 75","postal_code":"11310","places":8,"units":4,"registered":"2020-09-16","catastro":"2476734TF9127N0001JJ","holder":null,"holder_count":null}},{"type":"Feature","geometry":{"type":"Point","coordinates":[-5.325104,36.249548]},"properties":{"id":"VUT/CA/10988","type":"VUT","group":"Completa","address":"URBANIZACION LAS TERRAZAS DE LA ALCAIDESA Nº 6 Portal 6 Plta/Piso BAJO Pta/Letra A1 Compl.Dom. URBANIZACION LA ALCAIDESA, piso BAJO, puerta A1","postal_code":"11360","places":6,"units":2,"registered":"2020-09-18","catastro":"0843209TF9104S0119GU","holder":null,"holder_count":null}},{"type":"Feature","geometry":{"type":"Point","coordinates":[-5.333254,36.292402]},"properties":{"id":"VUT/CA/10996","type":"VUT","group":"Completa","address":"CALLE LENTISCO ESQ. LANTANA 1 Nº 29 Pta/Letra 1 Compl.Dom. CALLE LENTISCO Nº29 ESQ LANTANA 1, puerta 1","postal_code":"11360","places":12,"units":5,"registered":"2020-09-22","catastro":"0492126TF9109S0001KT","holder":null,"holder_count":null}},{"type":"Feature","geometry":{"type":"Point","coordinates":[-5.323136,36.245935]},"properties":{"id":"VUT/CA/11018","type":"VUT","group":"Completa","address":"AVENIDA Del Golf Portal 2 Plta/Piso BJ Pta/Letra B Compl.Dom. Residencial Nueva Alcaidesa Conjunto 2 Edificio 1, piso BJ, puerta B","postal_code":"11360","places":8,"units":3,"registered":"2020-09-25","catastro":"1538109TF9113N0066ZG","holder":null,"holder_count":null}},{"type":"Feature","geometry":{"type":"Point","coordinates":[-5.29276,36.287879]},"properties":{"id":"VUT/CA/11083","type":"VUT","group":"Completa","address":"CALLE RAMIRO EL MONJE Nº 11 Blq. 7 Plta/Piso BAJO Pta/Letra B Compl.Dom. EDIFICIO EL POLO, piso BAJO, puerta B","postal_code":"11310","places":8,"units":2,"registered":"2020-10-20","catastro":"4188704TF9148N0160DJ","holder":"PRADILLO 62, S.L.","holder_count":2}},{"type":"Feature","geometry":{"type":"Point","coordinates":[-5.274403,36.29042]},"properties":{"id":"VUT/CA/11108","type":"VUT","group":"Completa","address":"AVENIDA DE LA MARINA, EDIF RIBERA DE GURAMI Nº 24 Compl.Dom. SOTROGRANDE","postal_code":"11310","places":6,"units":3,"registered":"2020-10-26","catastro":"5484919TF9158S0024WW","holder":null,"holder_count":null}},{"type":"Feature","geometry":{"type":"Point","coordinates":[-5.314576,36.277153]},"properties":{"id":"VUT/CA/11130","type":"VUT","group":"Completa","address":"CALLE ALBARADO Nº 49 Compl.Dom. URBANIZACIÓN SOTOGRANDE","postal_code":"11310","places":8,"units":4,"registered":"2020-11-05","catastro":"2473133TF9127S0001GW","holder":null,"holder_count":null}},{"type":"Feature","geometry":{"type":"Point","coordinates":[-5.275347,36.291472]},"properties":{"id":"VUT/CA/11163","type":"VUT","group":"Completa","address":"URBANIZACION RIBERA DEL MARLIN Blq. 1 Plta/Piso 4 Pta/Letra B, piso 4, puerta B","postal_code":"11310","places":6,"units":2,"registered":"2020-11-24","catastro":"5484937TF9158S0056KW","holder":null,"holder_count":null}},{"type":"Feature","geometry":{"type":"Point","coordinates":[-5.275347,36.291472]},"properties":{"id":"VUT/CA/11203","type":"VUT","group":"Completa","address":"CONJUNTO RESIDENCIAL MARLIN, APARTAMENTO Nº 17 Plta/Piso 3 Pta/Letra B Compl.Dom. MARINA DE SOTOGRANDE, piso 3, puerta B","postal_code":"11310","places":6,"units":3,"registered":"2020-12-17","catastro":"5484937TF9158S0202IG","holder":null,"holder_count":null}},{"type":"Feature","geometry":{"type":"Point","coordinates":[-5.275347,36.291472]},"properties":{"id":"VUT/CA/11207","type":"VUT","group":"Completa","address":"CONJUNTO RESIDENCIAL MARLIN, APARTAMENTO Nº 19 Plta/Piso 4 Pta/Letra B Compl.Dom. MARINA DE SOTOGRANDE, piso 4, puerta B","postal_code":"11310","places":4,"units":2,"registered":"2020-12-18","catastro":"5484937TF9158S0222XY","holder":null,"holder_count":null}},{"type":"Feature","geometry":{"type":"Point","coordinates":[-5.349251,36.277164]},"properties":{"id":"VUT/CA/11253","type":"VUT","group":"Completa","address":"AVENIDA ALMENARA Nº 2 Blq. 1 Compl.Dom. URB LAS CARMENES","postal_code":"11310","places":7,"units":3,"registered":"2021-01-14","catastro":"9771602TF8197S0002PL","holder":null,"holder_count":null}},{"type":"Feature","geometry":{"type":"Point","coordinates":[-5.311795,36.24429]},"properties":{"id":"VUT/CA/11263","type":"VUT","group":"Completa","address":"URBANIZACION MARINA DE LA ALCAIDESA Blq. 02 Plta/Piso BJA Pta/Letra 04, piso BJA, puerta 04","postal_code":"11360","places":6,"units":3,"registered":"2021-01-18","catastro":"1538102TF9113N0015FW","holder":null,"holder_count":null}},{"type":"Feature","geometry":{"type":"Point","coordinates":[-5.304749,36.279741]},"properties":{"id":"VUT/CA/11335","type":"VUT","group":"Por habitaciones","address":"CALLE BOLIVAR Nº 12 Compl.Dom. URBANIZACION SOTOGRANDE","postal_code":"11310","places":4,"units":2,"registered":"2021-02-11","catastro":"3176817TF9137N0001TZ","holder":null,"holder_count":null}},{"type":"Feature","geometry":{"type":"Point","coordinates":[-5.269468,36.300876]},"properties":{"id":"VUT/CA/11454","type":"VUT","group":"Completa","address":"URBANIZACION Terrazas del Puerto Blq. 2 Plta/Piso 2 Pta/Letra 13, piso 2, puerta 13","postal_code":"11311","places":6,"units":2,"registered":"2021-03-13","catastro":"6298503TF9169N0043ST","holder":null,"holder_count":null}},{"type":"Feature","geometry":{"type":"Point","coordinates":[-5.325352,36.292944]},"properties":{"id":"VUT/CA/11470","type":"VUT","group":"Completa","address":"CALLE LIMONAR Nº 15 Compl.Dom. SOTOGRANDE","postal_code":"11310","places":10,"units":5,"registered":"2021-03-16","catastro":"1090416TF9119S0001WO","holder":"TAJOLANE, S.L.","holder_count":1}},{"type":"Feature","geometry":{"type":"Point","coordinates":[-5.326184,36.282293]},"properties":{"id":"VUT/CA/11514","type":"VUT","group":"Completa","address":"CONJUNTO RESIDENCIAL LA HACIENDA DE VALDERRAMA Nº 2 Calif.Nº A Compl.Dom. VIVIENDA UNIFAMILIAR","postal_code":"11310","places":8,"units":4,"registered":"2021-03-23","catastro":"1280804TF9118S0006YB","holder":null,"holder_count":null}},{"type":"Feature","geometry":{"type":"Point","coordinates":[-5.274965,36.296807]},"properties":{"id":"VUT/CA/11538","type":"VUT","group":"Completa","address":"AVENIDA Mar del Sur Nº 1 Compl.Dom. Torreguadiaro","postal_code":"11312","places":8,"units":4,"registered":"2021-03-26","catastro":"11033A003001530000EM","holder":null,"holder_count":null}},{"type":"Feature","geometry":{"type":"Point","coordinates":[-5.280159,36.288549]},"properties":{"id":"VUT/CA/11543","type":"VUT","group":"Completa","address":"AVENIDA LA MARINA 1, ED. ALBOAIRE Portal 1 Plta/Piso 2 Pta/Letra 1 Compl.Dom. PUERTO DE SOTOGRANDE, piso 2, puerta 1","postal_code":"11310","places":8,"units":4,"registered":"2021-03-29","catastro":"5484932TF9158S0005YS","holder":null,"holder_count":null}},{"type":"Feature","geometry":{"type":"Point","coordinates":[-5.331669,36.275912]},"properties":{"id":"VUT/CA/11552","type":"VUT","group":"Completa","address":"CALLE FERIA Nº 40DABN Compl.Dom. URB. SOTOGRANDE","postal_code":"11310","places":10,"units":4,"registered":"2021-03-30","catastro":"0272552TF9107S0001KJ","holder":"ERVELD NV","holder_count":1}},{"type":"Feature","geometry":{"type":"Point","coordinates":[-5.266998,36.304104]},"properties":{"id":"VUT/CA/11587","type":"VUT","group":"Completa","address":"URBANIZACION Playa Guadiaro Nº 89","postal_code":"11312","places":6,"units":3,"registered":"2021-04-08","catastro":"6501146TF9260S0001OL","holder":null,"holder_count":null}},{"type":"Feature","geometry":{"type":"Point","coordinates":[-5.277301,36.289336]},"properties":{"id":"VUT/CA/11673","type":"VUT","group":"Completa","address":"URBANIZACION SOTOGRANDE Nº B4 Portal 14 Plta/Piso 3, piso 3","postal_code":"11310","places":4,"units":2,"registered":"2021-04-26","catastro":"5486103TF9158N0051LS","holder":null,"holder_count":null}},{"type":"Feature","geometry":{"type":"Point","coordinates":[-5.310038,36.243975]},"properties":{"id":"VUT/CA/11679","type":"VUT","group":"Completa","address":"URBANIZACION THE LINKS Nº 2 Blq. 2 Esc. 1 Plta/Piso 1 Pta/Letra 1, piso 1, puerta 1","postal_code":"11360","places":4,"units":2,"registered":"2021-04-27","catastro":"2638701TF9123N0022GP","holder":null,"holder_count":null}},{"type":"Feature","geometry":{"type":"Point","coordinates":[-5.307561,36.286575]},"properties":{"id":"VUT/CA/11729","type":"VUT","group":"Completa","address":"URBANIZACION CASAR FLORESTA Nº 21 Compl.Dom. SOTOGRANDE","postal_code":"11310","places":8,"units":4,"registered":"2021-05-05","catastro":"2885104TF9128N0021MW","holder":null,"holder_count":null}},{"type":"Feature","geometry":{"type":"Point","coordinates":[-5.331985,36.288903]},"properties":{"id":"VUT/CA/11730","type":"VUT","group":"Completa","address":"CALLE ESMERALDA Nº 6","postal_code":"11310","places":8,"units":4,"registered":"2021-05-06","catastro":"0787103TF9108N0001GE","holder":null,"holder_count":null}},{"type":"Feature","geometry":{"type":"Point","coordinates":[-5.333062,36.300504]},"properties":{"id":"VUT/CA/11792","type":"VUT","group":"Completa","address":"AVENIDA RESERVA DE SOTOGRANDE Nº 68","postal_code":"11310","places":14,"units":7,"registered":"2021-05-13","catastro":"0599802TF9109N0001EB","holder":"ES PROPERTY K INVEST HOLDING SLU","holder_count":1}},{"type":"Feature","geometry":{"type":"Point","coordinates":[-5.338089,36.294964]},"properties":{"id":"VUT/CA/11793","type":"VUT","group":"Completa","address":"CALLE MAGNOLIA Nº 7","postal_code":"11310","places":14,"units":7,"registered":"2021-05-13","catastro":"0194621TF9109S0001RT","holder":"KINVEST HLD SPAIN SLU","holder_count":1}},{"type":"Feature","geometry":{"type":"Point","coordinates":[-5.337646,36.295749]},"properties":{"id":"VUT/CA/11794","type":"VUT","group":"Completa","address":"CALLE MAGNOLIA Nº 11","postal_code":"11310","places":14,"units":7,"registered":"2021-05-13","catastro":"0194623TF9109S0001XT","holder":"DET SPANSKE SELSKAB SLU","holder_count":1}},{"type":"Feature","geometry":{"type":"Point","coordinates":[-5.277094,36.288544]},"properties":{"id":"VUT/CA/11826","type":"VUT","group":"Completa","address":"AVENIDA MARINA I. EDIFICIO RIVERA DE LA NÉCORA Nº 11 Portal 2 Esc. NIVEL 2 Plta/Piso 2ª Compl.Dom. DUPLEX: VIVIENDA Nº 13. EDIFICIO RIVERA DE LA NÉCORA. PORTAL 2, PLANTA 3ª, NIVEL 3   5484914TF9158S0071SA, piso 2ª","postal_code":"11310","places":15,"units":4,"registered":"2021-05-18","catastro":"5484914TF9158S0065OI","holder":null,"holder_count":null}},{"type":"Feature","geometry":{"type":"Point","coordinates":[-5.340881,36.261082]},"properties":{"id":"VUT/CA/11851","type":"VUT","group":"Completa","address":"PASEO MESAS DEL DIENTE Nº 2 Compl.Dom. CASA ADOSADA 2, PUEBLO 1","postal_code":"11360","places":6,"units":3,"registered":"2021-05-21","catastro":"9854201TF8195S0111MJ","holder":null,"holder_count":null}},{"type":"Feature","geometry":{"type":"Point","coordinates":[-5.300663,36.287516]},"properties":{"id":"VUT/CA/11948","type":"VUT","group":"Completa","address":"CALLE SANCHO EL MAYOR Calif.Nº SN Compl.Dom. URB. LOS GRANADOS SOTOGRANDE, VILLA 6","postal_code":"11310","places":12,"units":6,"registered":"2021-05-31","catastro":"3584301TF9138S0006RT","holder":"MEGAPOLIS IMPORT EXPORT SL","holder_count":1}},{"type":"Feature","geometry":{"type":"Point","coordinates":[-5.313546,36.278609]},"properties":{"id":"VUT/CA/12011","type":"VUT","group":"Completa","address":"URBANIZACION La Loma de Sotogrande Portal 79","postal_code":"11310","places":8,"units":4,"registered":"2021-06-04","catastro":"2476738TF9127N0001UJ","holder":null,"holder_count":null}},{"type":"Feature","geometry":{"type":"Point","coordinates":[-5.323136,36.245935]},"properties":{"id":"VUT/CA/12056","type":"VUT","group":"Completa","address":"URBANIZACION URB. RESIDENCIAL NUEVA ALCAIDESA Nº 5 Blq. 1 Esc. 1 Plta/Piso 1 Pta/Letra B, piso 1, puerta B","postal_code":"11360","places":4,"units":2,"registered":"2021-06-08","catastro":"1538109TF9113N0200WL","holder":null,"holder_count":null}},{"type":"Feature","geometry":{"type":"Point","coordinates":[-5.325104,36.249548]},"properties":{"id":"VUT/CA/12157","type":"VUT","group":"Completa","address":"URBANIZACION TERRAZAS DE ALCAIDESA Blq. 2 Portal 6 Esc. 6 Plta/Piso 2 Pta/Letra AT Compl.Dom. TERCERA FASE, piso 2, puerta AT","postal_code":"11310","places":6,"units":3,"registered":"2021-06-17","catastro":"0843209TF9104S0125KP","holder":null,"holder_count":null}},{"type":"Feature","geometry":{"type":"Point","coordinates":[-5.310038,36.243975]},"properties":{"id":"VUT/CA/12192","type":"VUT","group":"Completa","address":"URBANIZACION THE LINKS Nº 2 Blq. 4 Esc. 1 Plta/Piso 1, piso 1","postal_code":"11310","places":4,"units":2,"registered":"2021-06-21","catastro":"2638701TF9123N0050AY","holder":null,"holder_count":null}},{"type":"Feature","geometry":{"type":"Point","coordinates":[-5.303366,36.291717]},"properties":{"id":"VUT/CA/12224","type":"VUT","group":"Por habitaciones","address":"CALLE ITALICA Nº 14 Compl.Dom. URBANIZACION SOTOGRANDE","postal_code":"11311","places":6,"units":4,"registered":"2021-06-24","catastro":"3289905TF9138N0001HG","holder":null,"holder_count":null}},{"type":"Feature","geometry":{"type":"Point","coordinates":[-5.273827,36.291288]},"properties":{"id":"VUT/CA/12335","type":"VUT","group":"Completa","address":"URBANIZACION RIBERA DEL OBISPO Portal 2 Pta/Letra 3, puerta 3","postal_code":"11310","places":5,"units":2,"registered":"2021-07-05","catastro":"5484918TF9158S0004WA","holder":null,"holder_count":null}},{"type":"Feature","geometry":{"type":"Point","coordinates":[-5.323136,36.245935]},"properties":{"id":"VUT/CA/12343","type":"VUT","group":"Completa","address":"RESIDENCIAL NUEVA ALCAIDESA Blq. 3 Plta/Piso ATICO Pta/Letra A Compl.Dom. CONJUNTO 4, piso ATICO, puerta A","postal_code":"11310","places":4,"units":2,"registered":"2021-07-06","catastro":"1538109TF9113N0166QK","holder":null,"holder_count":null}},{"type":"Feature","geometry":{"type":"Point","coordinates":[-5.281786,36.289267]},"properties":{"id":"VUT/CA/12354","type":"VUT","group":"Completa","address":"URBANIZACION PUERTO DE SOTOGRANDE, EDIFICIO RIBERA PEZ DE LUNA Nº SN","postal_code":"11310","places":6,"units":2,"registered":"2021-07-07","catastro":"5484929TF9158S0099RP","holder":null,"holder_count":null}},{"type":"Feature","geometry":{"type":"Point","coordinates":[-5.272972,36.291222]},"properties":{"id":"VUT/CA/12393","type":"VUT","group":"Completa","address":"AVENIDA de la Marina Portal A.1 Plta/Piso A.2.1 Compl.Dom. Puerto de Sotogrande, piso A.2.1","postal_code":"11310","places":6,"units":2,"registered":"2021-07-12","catastro":"5988201TF9158N0023WH","holder":"FLASHLOUNGE S.L","holder_count":1}},{"type":"Feature","geometry":{"type":"Point","coordinates":[-5.339102,36.260905]},"properties":{"id":"VUT/CA/12429","type":"VUT","group":"Completa","address":"CALLE SAN ROQUE  CLUB 2 Esc. 17 Plta/Piso -3 Pta/Letra 60, piso -3, puerta 60","postal_code":"11310","places":8,"units":3,"registered":"2021-07-15","catastro":"9854202TF8195S0018DZ","holder":"INTER TRADINK KAREL SL","holder_count":1}},{"type":"Feature","geometry":{"type":"Point","coordinates":[-5.327477,36.288089]},"properties":{"id":"VUT/CA/12507","type":"VUT","group":"Completa","address":"CALLE ESMERALDA Nº 29 Compl.Dom. SOTOGRANDE","postal_code":"11310","places":15,"units":6,"registered":"2021-07-28","catastro":"1286515TF9118N0001XU","holder":null,"holder_count":null}},{"type":"Feature","geometry":{"type":"Point","coordinates":[-5.345143,36.274791]},"properties":{"id":"VUT/CA/12550","type":"VUT","group":"Completa","address":"CALLE FORMENTERA Nº 2","postal_code":"11310","places":12,"units":6,"registered":"2021-08-04","catastro":"9171220TF8197S0001AK","holder":null,"holder_count":null}},{"type":"Feature","geometry":{"type":"Point","coordinates":[-5.310038,36.243975]},"properties":{"id":"VUT/CA/12628","type":"VUT","group":"Completa","address":"AVENIDA del Golf Nº SN Compl.Dom. Urbanización The Links 2, apartamento 502","postal_code":"11360","places":7,"units":3,"registered":"2021-08-20","catastro":"2638701TF9123N0060KD","holder":null,"holder_count":null}},{"type":"Feature","geometry":{"type":"Point","coordinates":[-5.346349,36.272358]},"properties":{"id":"VUT/CA/12649","type":"VUT","group":"Completa","address":"CALLE GRAZALEMA Nº 16","postal_code":"11310","places":15,"units":6,"registered":"2021-08-27","catastro":"9467218TF8196N0001FH","holder":"casa ceylan technology s.l.","holder_count":1}},{"type":"Feature","geometry":{"type":"Point","coordinates":[-5.275521,36.288406]},"properties":{"id":"VUT/CA/12654","type":"VUT","group":"Completa","address":"URBANIZACION LA MARINA DE SOTOGRANDE, RIBERA DEL CANDIL Nº 18","postal_code":"11310","places":8,"units":4,"registered":"2021-08-28","catastro":"5484911TF9158S0016JB","holder":"AMACHA SL","holder_count":1}},{"type":"Feature","geometry":{"type":"Point","coordinates":[-5.310038,36.243975]},"properties":{"id":"VUT/CA/12658","type":"VUT","group":"Completa","address":"AVENIDA DEL GOLF Blq. 3 Plta/Piso 1 Pta/Letra 52 Compl.Dom. THE LINKS 2-URBANIZACION LA ALCAIDESA, piso 1, puerta 52","postal_code":"11360","places":6,"units":3,"registered":"2021-08-29","catastro":"2638701TF9123N0037RX","holder":null,"holder_count":null}},{"type":"Feature","geometry":{"type":"Point","coordinates":[-5.266042,36.301878]},"properties":{"id":"VUT/CA/12708","type":"VUT","group":"Completa","address":"AVENIDA MARDEL SUR Nº 4 Esc. 1 Plta/Piso 16 Pta/Letra A Compl.Dom. EDIFICIO PATRICIA PARK ESC 1 PLANTA 16A VIVIENDA A, piso 16, puerta A","postal_code":"11360","places":8,"units":3,"registered":"2021-09-07","catastro":"6698301TF9169N0056PG","holder":null,"holder_count":null}},{"type":"Feature","geometry":{"type":"Point","coordinates":[-5.310038,36.243975]},"properties":{"id":"VUT/CA/12738","type":"VUT","group":"Completa","address":"AVENIDA DEL GOLF S/N Blq. 3 Plta/Piso 1 Pta/Letra 312 Compl.Dom. EDIFICIO THE LINKS 2- URBANIZACIÓN LA ALCAIDESA, piso 1, puerta 312","postal_code":"11360","places":6,"units":3,"registered":"2021-09-11","catastro":"2638701TF9123N0037RX","holder":null,"holder_count":null}},{"type":"Feature","geometry":{"type":"Point","coordinates":[-5.310038,36.243975]},"properties":{"id":"VUT/CA/12749","type":"VUT","group":"Completa","address":"URBANIZACION THE LINKS Nº 123","postal_code":"11360","places":4,"units":2,"registered":"2021-09-14","catastro":"2638701TF9123N0014PT","holder":null,"holder_count":null}},{"type":"Feature","geometry":{"type":"Point","coordinates":[-5.276766,36.289681]},"properties":{"id":"VUT/CA/12770","type":"VUT","group":"Completa","address":"CONJUNTO Pier Portal B4 Plta/Piso 3 Pta/Letra 15 Compl.Dom. Fase 1, piso 3, puerta 15","postal_code":"11310","places":8,"units":4,"registered":"2021-09-20","catastro":"5486103TF9158N0052BD","holder":null,"holder_count":null}},{"type":"Feature","geometry":{"type":"Point","coordinates":[-5.274331,36.289859]},"properties":{"id":"VUT/CA/12801","type":"VUT","group":"Completa","address":"AVENIDA PUERTO SOTOGRANDE (PS) 12(C) Esc. 1 Plta/Piso 1 Pta/Letra 25 Compl.Dom. EDIFICIO RIBERA ARLEQUIN, piso 1, puerta 25","postal_code":"11310","places":10,"units":4,"registered":"2021-09-24","catastro":"5484912TF9158N0028SZ","holder":"MABIENTE PROPERTIES SL","holder_count":1}},{"type":"Feature","geometry":{"type":"Point","coordinates":[-5.270937,36.291283]},"properties":{"id":"VUT/CA/12880","type":"VUT","group":"Completa","address":"URBANIZACION LA MARINA DE SOTOGRANDE Nº 0 Blq. E Plta/Piso A Pta/Letra 9 Compl.Dom. EDIFICIO E, PLANTA ATICO, APTO. A-9, piso A, puerta 9","postal_code":"11310","places":6,"units":3,"registered":"2021-10-18","catastro":"6088502TF9168N0057KX","holder":null,"holder_count":null}},{"type":"Feature","geometry":{"type":"Point","coordinates":[-5.310038,36.243975]},"properties":{"id":"VUT/CA/12891","type":"VUT","group":"Completa","address":"URBANIZACION THE LINKS II Blq. 3 Plta/Piso BJ Pta/Letra 302, piso BJ, puerta 302","postal_code":"11360","places":4,"units":2,"registered":"2021-10-21","catastro":"2638701TF9123N0032XJ","holder":null,"holder_count":null}},{"type":"Feature","geometry":{"type":"Point","coordinates":[-5.295077,36.276486]},"properties":{"id":"VUT/CA/12913","type":"VUT","group":"Completa","address":"AVENIDA PASEO DEL PARQUE Nº 42","postal_code":"11310","places":11,"units":5,"registered":"2021-10-26","catastro":"3972605TF9137S0001HY","holder":null,"holder_count":null}},{"type":"Feature","geometry":{"type":"Point","coordinates":[-5.310038,36.243975]},"properties":{"id":"VUT/CA/12936","type":"VUT","group":"Completa","address":"AVENIDA DEL GOLF Nº S/N Blq. 4 Pta/Letra 403 Compl.Dom. LA ALCAIDESA, puerta 403","postal_code":"11360","places":4,"units":2,"registered":"2021-11-02","catastro":"2638701TF9123N0046PT","holder":null,"holder_count":null}},{"type":"Feature","geometry":{"type":"Point","coordinates":[-5.310038,36.243975]},"properties":{"id":"VUT/CA/13009","type":"VUT","group":"Completa","address":"CONJUNTO THE LINKS Blq. 4 Esc. 1 Plta/Piso 1 Pta/Letra 413, piso 1, puerta 413","postal_code":"11360","places":4,"units":2,"registered":"2021-11-19","catastro":"2638701TF9123N0052DI","holder":null,"holder_count":null}},{"type":"Feature","geometry":{"type":"Point","coordinates":[-5.310038,36.243975]},"properties":{"id":"VUT/CA/13066","type":"VUT","group":"Completa","address":"AVENIDA DEL GOLF Nº S/N Blq. 6 Esc. 1 Plta/Piso 1 Pta/Letra 613 Compl.Dom. URBANIZACIÓN THE LINKS II - ALCAIDESA, piso 1, puerta 613","postal_code":"11360","places":4,"units":2,"registered":"2021-11-27","catastro":"2638701TF9123N0082AY","holder":null,"holder_count":null}},{"type":"Feature","geometry":{"type":"Point","coordinates":[-5.325104,36.249548]},"properties":{"id":"VUT/CA/13132","type":"VUT","group":"Completa","address":"URBANIZACION ALCAIDESA Nº 10 Blq. 5 Esc. 13 Plta/Piso 2 Pta/Letra ATICO, piso 2, puerta ATICO","postal_code":"11360","places":6,"units":3,"registered":"2021-12-13","catastro":"0843209TF9104S0048OQ","holder":null,"holder_count":null}},{"type":"Feature","geometry":{"type":"Point","coordinates":[-5.313071,36.291412]},"properties":{"id":"VUT/CA/13187","type":"VUT","group":"Completa","address":"URBANIZACION SOTOGRANDE, CJTO. LA FINCA Nº 20A","postal_code":"11310","places":6,"units":3,"registered":"2021-12-28","catastro":"20875A0TF9128N0015XX","holder":"MSDRE PROPERTIES","holder_count":1}},{"type":"Feature","geometry":{"type":"Point","coordinates":[-5.276452,36.287179]},"properties":{"id":"VUT/CA/13203","type":"VUT","group":"Completa","address":"CALLE PASEO DEL MAR Nº 44 Plta/Piso 2 Pta/Letra 15, piso 2, puerta 15","postal_code":"11312","places":8,"units":3,"registered":"2022-01-02","catastro":"5682203TF9158S0118GW","holder":null,"holder_count":null}},{"type":"Feature","geometry":{"type":"Point","coordinates":[-5.279604,36.284759]},"properties":{"id":"VUT/CA/13205","type":"VUT","group":"Completa","address":"CALLE Paseo del Rio Nº 46 Portal B","postal_code":"11310","places":2,"units":1,"registered":"2022-01-03","catastro":"5281701TF9158S0077DJ","holder":null,"holder_count":null}},{"type":"Feature","geometry":{"type":"Point","coordinates":[-5.339102,36.260905]},"properties":{"id":"VUT/CA/13213","type":"VUT","group":"Completa","address":"CALLE TONY JACKLIN, PASEO MESAS DEL DIENTE Nº 0 Compl.Dom. MANSION 9, PENTHOUSE, ATICO 2B","postal_code":"11310","places":6,"units":3,"registered":"2022-01-05","catastro":"9854202TF8195S0074TD","holder":null,"holder_count":null}},{"type":"Feature","geometry":{"type":"Point","coordinates":[-5.292039,36.304985]},"properties":{"id":"VUT/CA/13218","type":"VUT","group":"Completa","address":"PLAZA DE LA FUENTE Nº 8","postal_code":"11312","places":2,"units":1,"registered":"2022-01-07","catastro":"4303203TF9240S0001PA","holder":null,"holder_count":null}},{"type":"Feature","geometry":{"type":"Point","coordinates":[-5.319031,36.28453]},"properties":{"id":"VUT/CA/13253","type":"VUT","group":"Por habitaciones","address":"CALLE CERVANTES Nº 23","postal_code":"11310","places":6,"units":5,"registered":"2022-01-14","catastro":"1981103TF9118S0001TG","holder":null,"holder_count":null}},{"type":"Feature","geometry":{"type":"Point","coordinates":[-5.310038,36.243975]},"properties":{"id":"VUT/CA/13329","type":"VUT","group":"Completa","address":"AVENIDA del Golf Pta/Letra 504 Compl.Dom. Urb. La Alcaidesa. Fase II. apto 504, puerta 504","postal_code":"11360","places":6,"units":2,"registered":"2022-01-26","catastro":"2638701TF9123N0062BG","holder":null,"holder_count":null}},{"type":"Feature","geometry":{"type":"Point","coordinates":[-5.311795,36.24429]},"properties":{"id":"VUT/CA/13344","type":"VUT","group":"Completa","address":"RESIDENCIAL MARINA DE LA ALCAIDESA Blq. 7 Plta/Piso 2 Pta/Letra 22, piso 2, puerta 22","postal_code":"11310","places":4,"units":2,"registered":"2022-01-28","catastro":"1538102TF9113N0075PZ","holder":null,"holder_count":null}},{"type":"Feature","geometry":{"type":"Point","coordinates":[-5.313071,36.291412]},"properties":{"id":"VUT/CA/13366","type":"VUT","group":"Completa","address":"URBANIZACION LA FINCA Nº 10B Compl.Dom. LA RESERVA DE SOTOGRANDE","postal_code":"11310","places":9,"units":5,"registered":"2022-02-02","catastro":"20875A0TF9128N0002SS","holder":null,"holder_count":null}},{"type":"Feature","geometry":{"type":"Point","coordinates":[-5.325104,36.249548]},"properties":{"id":"VUT/CA/13369","type":"VUT","group":"Completa","address":"URBANIZACION TERREZAS DE ALCAIDESA Nº 1 Blq. 1 Plta/Piso 1 Pta/Letra A2, piso 1, puerta A2","postal_code":"11360","places":6,"units":3,"registered":"2022-02-02","catastro":"0843209TF9104S0049PW","holder":null,"holder_count":null}},{"type":"Feature","geometry":{"type":"Point","coordinates":[-5.276975,36.28403]},"properties":{"id":"VUT/CA/13373","type":"VUT","group":"Completa","address":"PASEO DEL RIO Nº 3 Plta/Piso 2 Pta/Letra 5 Compl.Dom. edificio 1, piso 2, puerta 5","postal_code":"11312","places":8,"units":4,"registered":"2022-02-03","catastro":"5682210TF9158S0089YE","holder":null,"holder_count":null}},{"type":"Feature","geometry":{"type":"Point","coordinates":[-5.338533,36.27157]},"properties":{"id":"VUT/CA/13385","type":"VUT","group":"Completa","address":"URBANIZACION ALBOAIRE GOLF Blq. 2 Plta/Piso 1 Pta/Letra A Compl.Dom. SAN ROQUE CLUB, piso 1, puerta A","postal_code":"11360","places":4,"units":2,"registered":"2022-02-04","catastro":"0068402TF9106N0008HX","holder":null,"holder_count":null}},{"type":"Feature","geometry":{"type":"Point","coordinates":[-5.310038,36.243975]},"properties":{"id":"VUT/CA/13400","type":"VUT","group":"Completa","address":"AVENIDA del Golf Pta/Letra 505 Compl.Dom. Urb. La Alcaidesa. Fase II. apto 505, puerta 505","postal_code":"11360","places":6,"units":2,"registered":"2022-02-06","catastro":"2638701TF9123N0063ZH","holder":null,"holder_count":null}},{"type":"Feature","geometry":{"type":"Point","coordinates":[-5.310038,36.243975]},"properties":{"id":"VUT/CA/13401","type":"VUT","group":"Completa","address":"AVENIDA del Golf Pta/Letra 504 Compl.Dom. Avd. del Golf. Urb. La Alcaidesa. Fase II. apto 504, puerta 504","postal_code":"11360","places":6,"units":2,"registered":"2022-02-06","catastro":"2638701TF9123N0062BG","holder":null,"holder_count":null}},{"type":"Feature","geometry":{"type":"Point","coordinates":[-5.310038,36.243975]},"properties":{"id":"VUT/CA/13406","type":"VUT","group":"Completa","address":"CONJUNTO THE LINKS II Blq. 6 Esc. 2 Plta/Piso 1 Pta/Letra 6, piso 1, puerta 6","postal_code":"11310","places":4,"units":2,"registered":"2022-02-07","catastro":"2638701TF9123N0085FO","holder":null,"holder_count":null}},{"type":"Feature","geometry":{"type":"Point","coordinates":[-5.27213,36.291475]},"properties":{"id":"VUT/CA/13407","type":"VUT","group":"Completa","address":"AVENIDA Puerto Sotogrande Portal 2 Esc. 2 Plta/Piso 1 Pta/Letra 11, piso 1, puerta 11","postal_code":"11310","places":4,"units":2,"registered":"2022-02-07","catastro":"6088301TF9168N0036OU","holder":null,"holder_count":null}},{"type":"Feature","geometry":{"type":"Point","coordinates":[-5.310038,36.243975]},"properties":{"id":"VUT/CA/13428","type":"VUT","group":"Completa","address":"URBANIZACION ALCAIDESA Nº 7 Blq. 1 Esc. 2 Plta/Piso 00 Pta/Letra 107 Compl.Dom. CONJUNTO RESIDENCIAL THE LINKS II, piso 00, puerta 107","postal_code":"11360","places":4,"units":2,"registered":"2022-02-10","catastro":"2638701TF9123N0007YQ","holder":null,"holder_count":null}},{"type":"Feature","geometry":{"type":"Point","coordinates":[-5.332847,36.275956]},"properties":{"id":"VUT/CA/13463","type":"VUT","group":"Completa","address":"CALLE FEZ Nº 20","postal_code":"11310","places":8,"units":4,"registered":"2022-02-15","catastro":"0472911TF9107S0001PJ","holder":null,"holder_count":null}},{"type":"Feature","geometry":{"type":"Point","coordinates":[-5.326479,36.247753]},"properties":{"id":"VUT/CA/13467","type":"VUT","group":"Completa","address":"CONJUNTO GOLF AND BEACH RESORT Blq. 10 Portal 22 Plta/Piso BJ Pta/Letra C Compl.Dom. URBANIZACION ALCAIDESA, piso BJ, puerta C","postal_code":"11310","places":4,"units":2,"registered":"2022-02-16","catastro":"0843203TF9104S0086RR","holder":null,"holder_count":null}},{"type":"Feature","geometry":{"type":"Point","coordinates":[-5.297969,36.289467]},"properties":{"id":"VUT/CA/13476","type":"VUT","group":"Completa","address":"CALLE SANCHO EL MAYOR Nº 22","postal_code":"11310","places":14,"units":7,"registered":"2022-02-17","catastro":"3886618TF9138N0001IG","holder":"CASPER CAPITAL SL","holder_count":1}},{"type":"Feature","geometry":{"type":"Point","coordinates":[-5.310038,36.243975]},"properties":{"id":"VUT/CA/13487","type":"VUT","group":"Completa","address":"CONJUNTO THE LINKS II Nº 116 Blq. 1 Esc. 2 Plta/Piso 1, piso 1","postal_code":"11360","places":4,"units":2,"registered":"2022-02-18","catastro":"2638701TF9123N0009IE","holder":null,"holder_count":null}},{"type":"Feature","geometry":{"type":"Point","coordinates":[-5.276766,36.289681]},"properties":{"id":"VUT/CA/13503","type":"VUT","group":"Completa","address":"AVENIDA DE LA MARINA Nº S/N Blq. 3 Plta/Piso 00 Pta/Letra 3 Compl.Dom. EDIFICIO PIER, piso 00, puerta 3","postal_code":"11310","places":2,"units":2,"registered":"2022-02-21","catastro":"5486103TF9158N0024QJ","holder":null,"holder_count":null}},{"type":"Feature","geometry":{"type":"Point","coordinates":[-5.336447,36.296592]},"properties":{"id":"VUT/CA/13526","type":"VUT","group":"Completa","address":"AVENIDA DE LA RESERVA, PARCELA Nº 501504 Compl.Dom. URBANIZACIÓN SOTOGRANDE","postal_code":"11310","places":9,"units":5,"registered":"2022-02-23","catastro":"1396921TF9119N0001MQ","holder":"Q EIGHT INVESTMENTS, S.L.","holder_count":1}},{"type":"Feature","geometry":{"type":"Point","coordinates":[-5.310038,36.243975]},"properties":{"id":"VUT/CA/13550","type":"VUT","group":"Completa","address":"AVENIDA DEL GOLF Nº S/N Plta/Piso 118 Compl.Dom. PARCELA RI7, URBANIZACION LA ALCAIDESA. APTO 118, piso 118","postal_code":"11360","places":8,"units":3,"registered":"2022-02-27","catastro":"2638701TF9123N0011UW","holder":null,"holder_count":null}},{"type":"Feature","geometry":{"type":"Point","coordinates":[-5.332615,36.300734]},"properties":{"id":"VUT/CA/13574","type":"VUT","group":"Completa","address":"AVENIDA RESERVA DE SOTOGRANDE Nº 70","postal_code":"11310","places":10,"units":5,"registered":"2022-03-02","catastro":"0599801TF9109N0001JB","holder":null,"holder_count":null}},{"type":"Feature","geometry":{"type":"Point","coordinates":[-5.311795,36.24429]},"properties":{"id":"VUT/CA/13584","type":"VUT","group":"Completa","address":"URBANIZACION MARINA DE LA ALCAIDESA Blq. 8 Pta/Letra 12, puerta 12","postal_code":"11360","places":5,"units":2,"registered":"2022-03-03","catastro":"1538102TF9113N0082FW","holder":null,"holder_count":null}},{"type":"Feature","geometry":{"type":"Point","coordinates":[-5.270755,36.303206]},"properties":{"id":"VUT/CA/13594","type":"VUT","group":"Completa","address":"URBANIZACION VISTA LAGUNA V, FASE II Nº 12","postal_code":"11312","places":6,"units":3,"registered":"2022-03-04","catastro":"6101543TF9260S0005AM","holder":"FINCA IMMO SA","holder_count":1}},{"type":"Feature","geometry":{"type":"Point","coordinates":[-5.277493,36.288248]},"properties":{"id":"VUT/CA/13599","type":"VUT","group":"Completa","address":"AVENIDA PUERTO SOTOGRANDE Portal 2 Pta/Letra 13 Compl.Dom. RIBERA DEL DRAGONCILLO, puerta 13","postal_code":"11310","places":4,"units":2,"registered":"2022-03-04","catastro":"5484915TF9158S0071ZA","holder":"SOTODRAGO","holder_count":1}},{"type":"Feature","geometry":{"type":"Point","coordinates":[-5.383789,36.1798]},"properties":{"id":"VUT/CA/13691","type":"VUT","group":"Completa","address":"CALLE ACERA DE LA MARINA Nº 27 Compl.Dom. PUENTE MAYORGA","postal_code":"11313","places":5,"units":2,"registered":"2022-03-15","catastro":"5767506TF8056N0001UK","holder":null,"holder_count":null}},{"type":"Feature","geometry":{"type":"Point","coordinates":[-5.310038,36.243975]},"properties":{"id":"VUT/CA/13715","type":"VUT","group":"Completa","address":"AVENIDA DEL GOLF Nº 7 Blq. 7 Esc. 1 Plta/Piso 1 Pta/Letra 712 Compl.Dom. URB ALCAIDESA, piso 1, puerta 712","postal_code":"11360","places":6,"units":2,"registered":"2022-03-17","catastro":"2638701TF9123N0098QL","holder":null,"holder_count":null}},{"type":"Feature","geometry":{"type":"Point","coordinates":[-5.281209,36.287364]},"properties":{"id":"VUT/CA/13723","type":"VUT","group":"Completa","address":"CALLE PUERTO DE SOTOGRANDE Nº 10 Blq. C Portal 9 Plta/Piso 3 Pta/Letra 319, piso 3, puerta 319","postal_code":"11310","places":4,"units":2,"registered":"2022-03-18","catastro":"5484924TF9158S0068YA","holder":null,"holder_count":null}},{"type":"Feature","geometry":{"type":"Point","coordinates":[-5.298384,36.292404]},"properties":{"id":"VUT/CA/13770","type":"VUT","group":"Completa","address":"AUTOPISTA N340 Nº 303 Plta/Piso 3 Compl.Dom. ROYAL GOLF SOTOGRANDE, piso 3","postal_code":"11310","places":4,"units":1,"registered":"2022-03-23","catastro":"3388729TF9138N0049OT","holder":null,"holder_count":null}},{"type":"Feature","geometry":{"type":"Point","coordinates":[-5.311795,36.24429]},"properties":{"id":"VUT/CA/13787","type":"VUT","group":"Completa","address":"URBANIZACION Marina de la Alcaidesa Blq. 3 Esc. 3 Plta/Piso 0 Pta/Letra 2, piso 0, puerta 2","postal_code":"11360","places":6,"units":2,"registered":"2022-03-25","catastro":"1538102TF9113N0023LU","holder":null,"holder_count":null}},{"type":"Feature","geometry":{"type":"Point","coordinates":[-5.268272,36.300626]},"properties":{"id":"VUT/CA/13828","type":"VUT","group":"Completa","address":"AVENIDA AVENIDA MAR DEL SUR Nº 76 Compl.Dom. URBANIZACION SAN JORGE PLANTA 1-A APARTAMENTO NUMERO 3 PUERTA 54","postal_code":"11312","places":4,"units":2,"registered":"2022-03-30","catastro":"6498103TF9169N0009RY","holder":null,"holder_count":null}},{"type":"Feature","geometry":{"type":"Point","coordinates":[-5.282854,36.288799]},"properties":{"id":"VUT/CA/13836","type":"VUT","group":"Completa","address":"AVENIDA Puerto Sotogrande (CS) Nº 20A Blq. 2 Esc. 6 Plta/Piso 0 Pta/Letra E Compl.Dom. GUADALMARINA II, piso 0, puerta E","postal_code":"11311","places":4,"units":1,"registered":"2022-03-31","catastro":"5484927TF9158S0144KL","holder":null,"holder_count":null}},{"type":"Feature","geometry":{"type":"Point","coordinates":[-5.317606,36.244168]},"properties":{"id":"VUT/CA/13842","type":"VUT","group":"Completa","address":"AVENIDA Avenida Del Golf, Urbanizacion Altavista de Alcaidesa Nº 714 Blq. 7","postal_code":"11360","places":5,"units":2,"registered":"2022-03-31","catastro":"1538107TF9113N0082DW","holder":null,"holder_count":null}},{"type":"Feature","geometry":{"type":"Point","coordinates":[-5.282059,36.288393]},"properties":{"id":"VUT/CA/13922","type":"VUT","group":"Completa","address":"EDIFICIO ISLA CAREY Plta/Piso BAJA Pta/Letra 8, piso BAJA, puerta 8","postal_code":"11310","places":8,"units":4,"registered":"2022-04-11","catastro":"5484928TF9158S0091PW","holder":null,"holder_count":null}},{"type":"Feature","geometry":{"type":"Point","coordinates":[-5.336908,36.269586]},"properties":{"id":"VUT/CA/13927","type":"VUT","group":"Completa","address":"CONJUNTO RESIDENCIAL EMERALD GREENS FASE I Blq. 3 Plta/Piso 1 Pta/Letra 4 Compl.Dom. URBANIZACIÓN SAN ROQUE CLUB, PARTIDO DE GUADALQUITON, piso 1, puerta 4","postal_code":"11310","places":6,"units":3,"registered":"2022-04-11","catastro":"0266101TF9106N0001IG","holder":null,"holder_count":null}},{"type":"Feature","geometry":{"type":"Point","coordinates":[-5.34356,36.277579]},"properties":{"id":"VUT/CA/13968","type":"VUT","group":"Completa","address":"CALLE FONDO Nº 33 Compl.Dom. URBANIZACION SOTOGRANDE","postal_code":"11310","places":8,"units":4,"registered":"2022-04-19","catastro":"9574707TF8197S0001BK","holder":null,"holder_count":null}},{"type":"Feature","geometry":{"type":"Point","coordinates":[-5.333477,36.300263]},"properties":{"id":"VUT/CA/13983","type":"VUT","group":"Completa","address":"URBANIZACION SOTOGRANDE (C. DEL GOLF) Nº 703","postal_code":"11311","places":14,"units":7,"registered":"2022-04-20","catastro":"0599803TF9109N0001SB","holder":null,"holder_count":null}},{"type":"Feature","geometry":{"type":"Point","coordinates":[-5.385859,36.209896]},"properties":{"id":"VUT/CA/14033","type":"VUT","group":"Completa","address":"CALLE San Felipe Nº 18","postal_code":"11360","places":10,"units":4,"registered":"2022-04-25","catastro":"5501715TF8150S0001YZ","holder":null,"holder_count":null}},{"type":"Feature","geometry":{"type":"Point","coordinates":[-5.275809,36.286072]},"properties":{"id":"VUT/CA/14039","type":"VUT","group":"Completa","address":"PASEO Del Mar Nº 34 Esc. C Plta/Piso 2 Pta/Letra 1, piso 2, puerta 1","postal_code":"11310","places":8,"units":3,"registered":"2022-04-25","catastro":"5682204TF9158S0112KL","holder":null,"holder_count":null}},{"type":"Feature","geometry":{"type":"Point","coordinates":[-5.323136,36.245935]},"properties":{"id":"VUT/CA/14056","type":"VUT","group":"Completa","address":"RESIDENCIAL Nueva Alcaidesa Blq. 3 Portal 1 Esc. 1 Plta/Piso Baja Pta/Letra B Compl.Dom. Avenida Del Golf. Residencial Nueva Alcaidesa 1.3.1 Bajo B, piso Baja, puerta B","postal_code":"11360","places":6,"units":2,"registered":"2022-04-27","catastro":"1538109TF9113N0033BF","holder":null,"holder_count":null}},{"type":"Feature","geometry":{"type":"Point","coordinates":[-5.275347,36.291472]},"properties":{"id":"VUT/CA/14075","type":"VUT","group":"Completa","address":"AVENIDA MARINA Nº 10 Plta/Piso 3 Pta/Letra A Compl.Dom. URBANIZACIÓN RIBERA DEL MARLÍN, piso 3, puerta A","postal_code":"11310","places":6,"units":2,"registered":"2022-04-29","catastro":"5484937TF9158S0136UF","holder":null,"holder_count":null}},{"type":"Feature","geometry":{"type":"Point","coordinates":[-5.320839,36.283337]},"properties":{"id":"VUT/CA/14078","type":"VUT","group":"Completa","address":"CALLE COLON Nº SN","postal_code":"11310","places":10,"units":5,"registered":"2022-04-29","catastro":"1878602TF9117N0001QD","holder":"COLON 4, SL","holder_count":1}},{"type":"Feature","geometry":{"type":"Point","coordinates":[-5.281492,36.28604]},"properties":{"id":"VUT/CA/14100","type":"VUT","group":"Completa","address":"AVENIDA DE LA MARINA Nº 2 Plta/Piso 0 Pta/Letra 8, piso 0, puerta 8","postal_code":"11310","places":6,"units":2,"registered":"2022-05-02","catastro":"4984303TF9148S0130ZR","holder":null,"holder_count":null}},{"type":"Feature","geometry":{"type":"Point","coordinates":[-5.282059,36.288393]},"properties":{"id":"VUT/CA/14112","type":"VUT","group":"Completa","address":"AVENIDA PUERTO SOTOGRANDE Nº 16 Esc. 4 Plta/Piso BJ Pta/Letra 15 Compl.Dom. EDIFICIO ISLA CAREY, piso BJ, puerta 15","postal_code":"11360","places":8,"units":4,"registered":"2022-05-03","catastro":"5484928TF9158S0120OQ","holder":null,"holder_count":null}},{"type":"Feature","geometry":{"type":"Point","coordinates":[-5.310038,36.243975]},"properties":{"id":"VUT/CA/14125","type":"VUT","group":"Completa","address":"AVENIDA DEL GOLF Nº 0 Blq. 6 Plta/Piso 0 Pta/Letra 5 Compl.Dom. APARTAMENTO 605 - THE LINKS II - URBANIZACIÓN LA ALCAIDESA, piso 0, puerta 5","postal_code":"11360","places":4,"units":2,"registered":"2022-05-04","catastro":"2638701TF9123N0077OR","holder":null,"holder_count":null}},{"type":"Feature","geometry":{"type":"Point","coordinates":[-5.270937,36.291283]},"properties":{"id":"VUT/CA/14186","type":"VUT","group":"Completa","address":"AVENIDA DE LA MARINA Blq. E Portal 3 Plta/Piso 1 Pta/Letra 7 Compl.Dom. EDIFICIO \"E\" PORTAL 3 APARTAMENTO 1.7, piso 1, puerta 7","postal_code":"11310","places":4,"units":1,"registered":"2022-05-10","catastro":"6088502TF9168N0007YP","holder":null,"holder_count":null}},{"type":"Feature","geometry":{"type":"Point","coordinates":[-5.336908,36.269586]},"properties":{"id":"VUT/CA/14203","type":"VUT","group":"Completa","address":"RESIDENCIAL EMARALD GREENS Nº 1 Blq. 3 Plta/Piso BAJA, piso BAJA","postal_code":"11360","places":6,"units":3,"registered":"2022-05-11","catastro":"0266101TF9106N0017ZT","holder":null,"holder_count":null}},{"type":"Feature","geometry":{"type":"Point","coordinates":[-5.295789,36.291664]},"properties":{"id":"VUT/CA/14214","type":"VUT","group":"Completa","address":"CALLE SANTIAGO DE COMPOSTELA Portal A Plta/Piso BAJO Pta/Letra 3 Compl.Dom. URBANIZACION POLO GARDENS, piso BAJO, puerta 3","postal_code":"11310","places":6,"units":2,"registered":"2022-05-12","catastro":"3989801TF9138N0051QR","holder":null,"holder_count":null}},{"type":"Feature","geometry":{"type":"Point","coordinates":[-5.274403,36.29042]},"properties":{"id":"VUT/CA/14251","type":"VUT","group":"Completa","address":"DEL GURAMI, MARINA DE SOTOGRANDE, APARTAMENTO Nº 7 Compl.Dom. URBANIZACIÓN SOTOGRANDE","postal_code":"11310","places":4,"units":2,"registered":"2022-05-16","catastro":"5484919TF9158S0008GG","holder":"MULTI-ASSITS HOLDINGS PROPERTIES, S.L.","holder_count":2}},{"type":"Feature","geometry":{"type":"Point","coordinates":[-5.277301,36.289336]},"properties":{"id":"VUT/CA/14278","type":"VUT","group":"Completa","address":"AVENIDA Del Puerto Nº 1/9 Blq. 5 Plta/Piso 2 Pta/Letra 9 Compl.Dom. Pier 2, piso 2, puerta 9","postal_code":"11310","places":6,"units":3,"registered":"2022-05-17","catastro":"5486103TF9158N0062RB","holder":null,"holder_count":null}},{"type":"Feature","geometry":{"type":"Point","coordinates":[-5.310038,36.243975]},"properties":{"id":"VUT/CA/14289","type":"VUT","group":"Completa","address":"CONJUNTO URBANISTICO THE LINKS II Nº 202 Blq. 2 Esc. 1 Plta/Piso 0, piso 0","postal_code":"11310","places":6,"units":2,"registered":"2022-05-18","catastro":"2638701TF9123N0017DI","holder":null,"holder_count":null}},{"type":"Feature","geometry":{"type":"Point","coordinates":[-5.340551,36.279947]},"properties":{"id":"VUT/CA/14321","type":"VUT","group":"Completa","address":"CALLE FORMA Nº 411 Compl.Dom. URBANIZACION SOTOGRANDE","postal_code":"11310","places":5,"units":3,"registered":"2022-05-21","catastro":"9876313TF8197N0001JP","holder":null,"holder_count":null}},{"type":"Feature","geometry":{"type":"Point","coordinates":[-5.348949,36.272085]},"properties":{"id":"VUT/CA/14330","type":"VUT","group":"Completa","address":"CALLE GENAL Nº 4 Compl.Dom. URBANIZACION SOTOGRANDE","postal_code":"11310","places":12,"units":6,"registered":"2022-05-24","catastro":"9268419TF8196N0001YH","holder":null,"holder_count":null}},{"type":"Feature","geometry":{"type":"Point","coordinates":[-5.384523,36.209548]},"properties":{"id":"VUT/CA/14407","type":"VUT","group":"Completa","address":"CALLE SIGLO XX Nº 1","postal_code":"11360","places":2,"units":1,"registered":"2022-05-27","catastro":"5700912TF8150S0001SZ","holder":null,"holder_count":null}},{"type":"Feature","geometry":{"type":"Point","coordinates":[-5.340881,36.261082]},"properties":{"id":"VUT/CA/14413","type":"VUT","group":"Completa","address":"CALLE TONY JACKLIN, MANSION 4, BAJO B Nº 4 Portal 4 Plta/Piso BAJO Pta/Letra B, piso BAJO, puerta B","postal_code":"11360","places":6,"units":3,"registered":"2022-05-27","catastro":"9854201TF8195S0071HP","holder":null,"holder_count":null}},{"type":"Feature","geometry":{"type":"Point","coordinates":[-5.343087,36.277782]},"properties":{"id":"VUT/CA/14439","type":"VUT","group":"Completa","address":"CALLE fondo Pta/Letra 26 Compl.Dom. sotogrande, puerta 26","postal_code":"11310","places":7,"units":4,"registered":"2022-05-31","catastro":"9675311tf8197n0001pp","holder":"sotofondo s.l.","holder_count":1}},{"type":"Feature","geometry":{"type":"Point","coordinates":[-5.269023,36.300034]},"properties":{"id":"VUT/CA/14458","type":"VUT","group":"Completa","address":"PLAZA del Escribano Nº s/n Blq. C Plta/Piso 1 Pta/Letra 5, piso 1, puerta 5","postal_code":"11312","places":4,"units":2,"registered":"2022-06-01","catastro":"6397101TF9169N0005IW","holder":null,"holder_count":null}},{"type":"Feature","geometry":{"type":"Point","coordinates":[-5.336908,36.269586]},"properties":{"id":"VUT/CA/14469","type":"VUT","group":"Completa","address":"CALLE SAN ROQUE CLUB Blq. B2 Esc. 1 Plta/Piso 00 Pta/Letra 2 Compl.Dom. CONJUNTO EMERALD GREENS, piso 00, puerta 2","postal_code":"11360","places":4,"units":2,"registered":"2022-06-01","catastro":"0266101TF9106N0010FZ","holder":null,"holder_count":null}},{"type":"Feature","geometry":{"type":"Point","coordinates":[-5.313465,36.278557]},"properties":{"id":"VUT/CA/14476","type":"VUT","group":"Completa","address":"CALLE LA LOMA DE SOTOGRANDE Nº 78 Compl.Dom. SOTOGRANDE","postal_code":"11310","places":8,"units":4,"registered":"2022-06-02","catastro":"2476737TF9127N0001ZJ","holder":null,"holder_count":null}},{"type":"Feature","geometry":{"type":"Point","coordinates":[-5.276452,36.287179]},"properties":{"id":"VUT/CA/14483","type":"VUT","group":"Completa","address":"AVENIDA PASEO DEL MAR Nº 42 Esc. 1 Plta/Piso BAJO Pta/Letra 9 Compl.Dom. APARTAMENTOS PLAYA, piso BAJO, puerta 9","postal_code":"11312","places":6,"units":3,"registered":"2022-06-03","catastro":"5682203TF9158S0084AZ","holder":null,"holder_count":null}},{"type":"Feature","geometry":{"type":"Point","coordinates":[-5.30908,36.2813]},"properties":{"id":"VUT/CA/14501","type":"VUT","group":"Completa","address":"CALLE BALEARES Nº 11","postal_code":"11310","places":12,"units":4,"registered":"2022-06-03","catastro":"2778818TF9127N0001OJ","holder":"ALCANDRO","holder_count":1}},{"type":"Feature","geometry":{"type":"Point","coordinates":[-5.323136,36.245935]},"properties":{"id":"VUT/CA/14507","type":"VUT","group":"Completa","address":"AVENIDA DEL GOLF Blq. 1 Portal 2 Plta/Piso ATI Pta/Letra A Compl.Dom. RESIDENCIAL NUEVA ALCAIDESA. CONJUNTO 1.  LA ALCAIDESA., piso ATI, puerta A","postal_code":"11360","places":8,"units":2,"registered":"2022-06-03","catastro":"1538109TF9113N0011RZ","holder":null,"holder_count":null}},{"type":"Feature","geometry":{"type":"Point","coordinates":[-5.282095,36.2875]},"properties":{"id":"VUT/CA/14512","type":"VUT","group":"Completa","address":"AVENIDA PUERTO SOTOGRANDE Esc. 2 Plta/Piso 1 Pta/Letra 10 Compl.Dom. JUNGLA DEL LORO, piso 1, puerta 10","postal_code":"11312","places":6,"units":2,"registered":"2022-06-03","catastro":"5484925TF9158S0011LG","holder":null,"holder_count":null}},{"type":"Feature","geometry":{"type":"Point","coordinates":[-5.325104,36.249548]},"properties":{"id":"VUT/CA/14586","type":"VUT","group":"Completa","address":"CALLE DAVE THOMAS Blq. 8 Portal 21 Esc. A1 Compl.Dom. URB LAS TERRAZAS DE LA ALCAIDESA","postal_code":"11360","places":4,"units":2,"registered":"2022-06-07","catastro":"0843209TF9104S0133MG","holder":null,"holder_count":null}},{"type":"Feature","geometry":{"type":"Point","coordinates":[-5.310038,36.243975]},"properties":{"id":"VUT/CA/14595","type":"VUT","group":"Completa","address":"URBANIZACION ALCAIDESA Nº 7 Blq. 7 Plta/Piso 0 Pta/Letra 701, piso 0, puerta 701","postal_code":"11360","places":6,"units":3,"registered":"2022-06-08","catastro":"2638701TF9123N0091JS","holder":null,"holder_count":null}},{"type":"Feature","geometry":{"type":"Point","coordinates":[-5.270937,36.291283]},"properties":{"id":"VUT/CA/14598","type":"VUT","group":"Completa","address":"PLAZA DEL AGUA Nº 1-9 Blq. E Compl.Dom. PUERTO DE SOTOGRANDE","postal_code":"11310","places":4,"units":2,"registered":"2022-06-08","catastro":"6088502TF9168N0009IS","holder":null,"holder_count":null}},{"type":"Feature","geometry":{"type":"Point","coordinates":[-5.331448,36.280689]},"properties":{"id":"VUT/CA/14602","type":"VUT","group":"Completa","address":"AVENIDA CORTIJOS DE LOS [SG] Nº 37 Blq. 2 Esc. 2 Plta/Piso BJ Pta/Letra B, piso BJ, puerta B","postal_code":"11360","places":6,"units":3,"registered":"2022-06-09","catastro":"0778101TF9107N0008BH","holder":null,"holder_count":null}},{"type":"Feature","geometry":{"type":"Point","coordinates":[-5.310038,36.243975]},"properties":{"id":"VUT/CA/14621","type":"VUT","group":"Completa","address":"URBANIZACION URB. ENTIDAD NUM. 93. VIVIENDA 703 Blq. 7 Plta/Piso BJ Pta/Letra 703 Compl.Dom. URB. LA ALCAIDESA. ENTIDAD NÚMERO NOVENTA Y TRES. URBANA: VIVIENDA 703 sita en la Planta Baja del Bloque 7 Conjunto Urbanístico, piso BJ, puerta 703","postal_code":"11310","places":6,"units":2,"registered":"2022-06-10","catastro":"2638701TF9123N0093LF","holder":null,"holder_count":null}},{"type":"Feature","geometry":{"type":"Point","coordinates":[-5.298384,36.292404]},"properties":{"id":"VUT/CA/14654","type":"VUT","group":"Completa","address":"CARRETERA N630 Km 130 Calif.Nº 418 Plta/Piso 4, piso 4","postal_code":"11310","places":4,"units":2,"registered":"2022-06-13","catastro":"3388729TF9138N0093GA","holder":null,"holder_count":null}},{"type":"Feature","geometry":{"type":"Point","coordinates":[-5.274331,36.289859]},"properties":{"id":"VUT/CA/14668","type":"VUT","group":"Completa","address":"URBANIZACION RIVERA DE ARLEQUIN Nº 26 Compl.Dom. PUERTO DE SOTOGRANDE","postal_code":"11310","places":6,"units":3,"registered":"2022-06-14","catastro":"5484912TF9158N0017RD","holder":null,"holder_count":null}},{"type":"Feature","geometry":{"type":"Point","coordinates":[-5.274331,36.289859]},"properties":{"id":"VUT/CA/14671","type":"VUT","group":"Completa","address":"EDIFICIO RIBERA DEL ARLEQUIN Plta/Piso 1 Pta/Letra 9 Compl.Dom. LUGAR DE LA MARINA DE SOTOGRANDE, piso 1, puerta 9","postal_code":"11310","places":6,"units":3,"registered":"2022-06-14","catastro":"5484912TF9158N0012XI","holder":null,"holder_count":null}},{"type":"Feature","geometry":{"type":"Point","coordinates":[-5.280159,36.288549]},"properties":{"id":"VUT/CA/14682","type":"VUT","group":"Completa","address":"URBANIZACION PUERTO DE SOTOGRANDE Portal 4 Plta/Piso 3 Pta/Letra 8 Compl.Dom. EDIFICIO ALBOAIRE, piso 3, puerta 8","postal_code":"11310","places":6,"units":2,"registered":"2022-06-15","catastro":"5484932TF9158S0029QU","holder":null,"holder_count":null}},{"type":"Feature","geometry":{"type":"Point","coordinates":[-5.310038,36.243975]},"properties":{"id":"VUT/CA/14686","type":"VUT","group":"Completa","address":"URBANIZACION ALCAIDESA Blq. 7 Esc. 2 Plta/Piso 1 Pta/Letra 714, piso 1, puerta 714","postal_code":"11360","places":6,"units":3,"registered":"2022-06-15","catastro":"2638701TF9123N0100WB","holder":null,"holder_count":null}},{"type":"Feature","geometry":{"type":"Point","coordinates":[-5.310038,36.243975]},"properties":{"id":"VUT/CA/14747","type":"VUT","group":"Completa","address":"AVENIDA DEL GOLF Blq. 4 Esc. 1 Plta/Piso 1 Pta/Letra 412, piso 1, puerta 412","postal_code":"11360","places":4,"units":2,"registered":"2022-06-20","catastro":"2638701TF9123N0051SU","holder":null,"holder_count":null}},{"type":"Feature","geometry":{"type":"Point","coordinates":[-5.310038,36.243975]},"properties":{"id":"VUT/CA/14749","type":"VUT","group":"Completa","address":"CONJUNTO URBANISTICO THE LINKS II Blq. 4 Esc. 2 Pta/Letra 423, puerta 423","postal_code":"11360","places":6,"units":3,"registered":"2022-06-20","catastro":"2638701TF9123N0058LF","holder":null,"holder_count":null}},{"type":"Feature","geometry":{"type":"Point","coordinates":[-5.306107,36.287721]},"properties":{"id":"VUT/CA/14803","type":"VUT","group":"Completa","address":"URBANIZACION VILLAS DE PANIAGUA Nº 23","postal_code":"11310","places":7,"units":4,"registered":"2022-06-23","catastro":"2885106TF9128N0024ZT","holder":null,"holder_count":null}},{"type":"Feature","geometry":{"type":"Point","coordinates":[-5.275347,36.291472]},"properties":{"id":"VUT/CA/14866","type":"VUT","group":"Completa","address":"AVENIDA DE LA MARINA Nº 0 Esc. 9 Plta/Piso 3 Pta/Letra B Compl.Dom. Conjunto residencial Marlin, piso 3, puerta B","postal_code":"11310","places":6,"units":2,"registered":"2022-06-27","catastro":"5484937TF9158S0129EP","holder":"GESTYRE INDUSTRIAL S.L.","holder_count":1}},{"type":"Feature","geometry":{"type":"Point","coordinates":[-5.331406,36.248072]},"properties":{"id":"VUT/CA/14885","type":"VUT","group":"Completa","address":"AVENIDA DEL GOLF Nº 3","postal_code":"11310","places":6,"units":3,"registered":"2022-06-28","catastro":"0843204TF9104S0004QG","holder":null,"holder_count":null}},{"type":"Feature","geometry":{"type":"Point","coordinates":[-5.318895,36.292475]},"properties":{"id":"VUT/CA/14903","type":"VUT","group":"Completa","address":"AVENIDA DE LA RESERVA, CORTIJOS 32 Nº S/N","postal_code":"11310","places":6,"units":3,"registered":"2022-06-30","catastro":"1396907TF9119N0032LM","holder":"SOTOGRANDE, S.A.","holder_count":1}},{"type":"Feature","geometry":{"type":"Point","coordinates":[-5.318895,36.292475]},"properties":{"id":"VUT/CA/14904","type":"VUT","group":"Completa","address":"AVENIDA DE LA RESERVA, CORTIJOS 31 Nº S/N","postal_code":"11310","places":8,"units":4,"registered":"2022-06-30","catastro":"1396907TF9119N0031KX","holder":"SOTOGRANDE SERVICE PROVIDER S.L.U.","holder_count":7}},{"type":"Feature","geometry":{"type":"Point","coordinates":[-5.280937,36.289134]},"properties":{"id":"VUT/CA/14921","type":"VUT","group":"Completa","address":"CALLE RIBERA DE LA GOLONDRINA Portal 3 Plta/Piso 3 Pta/Letra 3.5, piso 3, puerta 3.5","postal_code":"11310","places":6,"units":3,"registered":"2022-07-01","catastro":"5484930TF9158S0026ER","holder":null,"holder_count":null}},{"type":"Feature","geometry":{"type":"Point","coordinates":[-5.309033,36.284304]},"properties":{"id":"VUT/CA/14948","type":"VUT","group":"Completa","address":"CALLE BENAVENTE Nº 26","postal_code":"11310","places":8,"units":6,"registered":"2022-07-04","catastro":"2681224TF9128S0001BL","holder":null,"holder_count":null}},{"type":"Feature","geometry":{"type":"Point","coordinates":[-5.331406,36.248072]},"properties":{"id":"VUT/CA/14959","type":"VUT","group":"Completa","address":"AVENIDA DEL GOLF Nº 6 Compl.Dom. CERROS DE LA ALCAIDESA NUMERO 28","postal_code":"11360","places":5,"units":2,"registered":"2022-07-05","catastro":"0843204TF9104S0029BA","holder":null,"holder_count":null}},{"type":"Feature","geometry":{"type":"Point","coordinates":[-5.27738,36.287214]},"properties":{"id":"VUT/CA/14962","type":"VUT","group":"Completa","address":"AVENIDA DE LA MARINA EDIFICIO RIBERA DEL DELFIN Nº 1 Blq. 1 Portal 2 Plta/Piso 1 Pta/Letra 2, piso 1, puerta 2","postal_code":"11310","places":6,"units":2,"registered":"2022-07-05","catastro":"5484916TF9158S0043AG","holder":"ONRECOVERY SL","holder_count":1}},{"type":"Feature","geometry":{"type":"Point","coordinates":[-5.256617,36.316158]},"properties":{"id":"VUT/CA/14967","type":"VUT","group":"Completa","address":"URBANIZACION INVESPANIA Km 248","postal_code":"11310","places":6,"units":3,"registered":"2022-07-05","catastro":"7019156TF9271N0001HO","holder":null,"holder_count":null}},{"type":"Feature","geometry":{"type":"Point","coordinates":[-5.256802,36.316377]},"properties":{"id":"VUT/CA/14968","type":"VUT","group":"Completa","address":"URBANIZACION INVESPANIA Km 249","postal_code":"11310","places":6,"units":3,"registered":"2022-07-05","catastro":"7019155TF9271N0001UO","holder":null,"holder_count":null}},{"type":"Feature","geometry":{"type":"Point","coordinates":[-5.281786,36.289267]},"properties":{"id":"VUT/CA/14997","type":"VUT","group":"Completa","address":"EDIFICIO RIBERA DEL PEZ LUNA (PUERTO DE SOTOGRANDE) Portal 2 Plta/Piso 1 Pta/Letra C, piso 1, puerta C","postal_code":"11310","places":6,"units":2,"registered":"2022-07-07","catastro":"5484929TF9158S0079DL","holder":null,"holder_count":null}},{"type":"Feature","geometry":{"type":"Point","coordinates":[-5.275347,36.291472]},"properties":{"id":"VUT/CA/15010","type":"VUT","group":"Completa","address":"URBANIZACION RIBERA DEL MARLIN Portal 2 Plta/Piso ATICO Pta/Letra A Compl.Dom. AVENIDA DE LA MARINA SN, piso ATICO, puerta A","postal_code":"11310","places":4,"units":2,"registered":"2022-07-08","catastro":"5484937TF9158S0066WO","holder":null,"holder_count":null}},{"type":"Feature","geometry":{"type":"Point","coordinates":[-5.310038,36.243975]},"properties":{"id":"VUT/CA/15013","type":"VUT","group":"Completa","address":"URBANIZACION ALCAIDESA, VIVIENDA 704 Blq. 7 Esc. 2 Plta/Piso BAJ Pta/Letra 704 Compl.Dom. URBANIZACIÓN ALCAIDESA, piso BAJ, puerta 704","postal_code":"11310","places":6,"units":2,"registered":"2022-07-08","catastro":"2638701TF9123N0094BG","holder":"B2B EUROPE S.R.O.","holder_count":1}},{"type":"Feature","geometry":{"type":"Point","coordinates":[-5.310038,36.243975]},"properties":{"id":"VUT/CA/15046","type":"VUT","group":"Completa","address":"URBANIZACION COMPLEJO THE LINKS II Blq. 9 Plta/Piso BAJO Pta/Letra 801 Compl.Dom. URB ALCAIDESA, piso BAJO, puerta 801","postal_code":"11360","places":6,"units":2,"registered":"2022-07-11","catastro":"2638701TF9123N0107OR","holder":"OPTICS TRADE, SPOL. S R.O.","holder_count":1}},{"type":"Feature","geometry":{"type":"Point","coordinates":[-5.292918,36.278756]},"properties":{"id":"VUT/CA/15048","type":"VUT","group":"Completa","address":"CALLE FERNANDO EL SANTO Nº 14","postal_code":"11310","places":10,"units":6,"registered":"2022-07-12","catastro":"3974621TF9137S0001QY","holder":null,"holder_count":null}},{"type":"Feature","geometry":{"type":"Point","coordinates":[-5.257137,36.312777]},"properties":{"id":"VUT/CA/15052","type":"VUT","group":"Completa","address":"PARAJE CHULLERA Nº 43","postal_code":"11360","places":6,"units":3,"registered":"2022-07-12","catastro":"7310411TF9271S0001UJ","holder":null,"holder_count":null}},{"type":"Feature","geometry":{"type":"Point","coordinates":[-5.275347,36.291472]},"properties":{"id":"VUT/CA/15056","type":"VUT","group":"Completa","address":"AVENIDA DE LA MARINA -RESIDENCIAL RIBERA DEL MARLIN Blq. 10 Plta/Piso 5 Pta/Letra B Compl.Dom. APARTAMENTO 5-B, PUERTO DE SOTOGRANDE, piso 5, puerta B","postal_code":"11310","places":4,"units":2,"registered":"2022-07-12","catastro":"5484937TF9158S0141OH","holder":"IBERFLORIDA SL","holder_count":2}},{"type":"Feature","geometry":{"type":"Point","coordinates":[-5.317606,36.244168]},"properties":{"id":"VUT/CA/15071","type":"VUT","group":"Completa","address":"AVENIDA DEL GOLF Blq. 13 Plta/Piso ATI Pta/Letra 22 Compl.Dom. URBANIZACIÓ ALTAVISTA. FASE 2. LA ALCAIDESA, piso ATI, puerta 22","postal_code":"11360","places":12,"units":3,"registered":"2022-07-13","catastro":"1538107TF9113N0156XA","holder":null,"holder_count":null}},{"type":"Feature","geometry":{"type":"Point","coordinates":[-5.310038,36.243975]},"properties":{"id":"VUT/CA/15119","type":"VUT","group":"Completa","address":"URBANIZACION UR ALCAIDESA 7 Bl:5 Pl:01 Pt:506 PASARELA 3 SAN ROQUE 11360-CÁDIZ Blq. 5 Plta/Piso 1 Pta/Letra 506 Compl.Dom. UR ALCAIDESA 7 Bl:5 Pl:01 Pt:506 PASARELA 3 SAN ROQUE 11360-CÁDIZ, piso 1, puerta 506","postal_code":"11360","places":9,"units":3,"registered":"2022-07-18","catastro":"2638701TF9123N0064XJ","holder":null,"holder_count":null}},{"type":"Feature","geometry":{"type":"Point","coordinates":[-5.334813,36.279667]},"properties":{"id":"VUT/CA/15164","type":"VUT","group":"Completa","address":"CALLE FATIGA Nº 51 Compl.Dom. URBANIZACION SOTOGRANDE","postal_code":"11310","places":10,"units":5,"registered":"2022-07-21","catastro":"0377621TF9107N0001WO","holder":null,"holder_count":null}},{"type":"Feature","geometry":{"type":"Point","coordinates":[-5.275347,36.291472]},"properties":{"id":"VUT/CA/15177","type":"VUT","group":"Completa","address":"AVENIDA DE LA MARINA -RESIDENCIAL RIBERA DEL MARLIN Blq. 10 Plta/Piso 5 Pta/Letra A Compl.Dom. APARTAMENTO 5-B, PUERTO DE SOTOGRANDE, piso 5, puerta A","postal_code":"11310","places":6,"units":3,"registered":"2022-07-23","catastro":"5484937TF9158S0140IG","holder":"IBERFLORIDA SL","holder_count":2}},{"type":"Feature","geometry":{"type":"Point","coordinates":[-5.272902,36.292052]},"properties":{"id":"VUT/CA/15185","type":"VUT","group":"Completa","address":"AVENIDA PUERTO DE SOTOGRANDE Esc. 1 Plta/Piso 3 Pta/Letra 1 Compl.Dom. EDIFICIO B-1. APARTAMENTO A1, piso 3, puerta 1","postal_code":"11310","places":8,"units":2,"registered":"2022-07-25","catastro":"5989801TF9158N0024OJ","holder":"CACCIALUPI MARCO, S.L.","holder_count":1}},{"type":"Feature","geometry":{"type":"Point","coordinates":[-5.326184,36.282293]},"properties":{"id":"VUT/CA/15188","type":"VUT","group":"Completa","address":"RESIDENCIAL LA HACIENDA DE VALDERRAMA Nº 5 Calif.Nº B Blq. 5 Compl.Dom. SOTOGRANDE","postal_code":"11310","places":6,"units":3,"registered":"2022-07-25","catastro":"1280804TF9118S0024KO","holder":null,"holder_count":null}},{"type":"Feature","geometry":{"type":"Point","coordinates":[-5.265687,36.301868]},"properties":{"id":"VUT/CA/15190","type":"VUT","group":"Completa","address":"AVENIDA MAR DEL SUR Nº S/N Esc. 1 Plta/Piso 11 Pta/Letra B Compl.Dom. EDIFICIO TORRE DEL REY, piso 11, puerta B","postal_code":"11312","places":4,"units":2,"registered":"2022-07-25","catastro":"6698302TF9169N0034EX","holder":null,"holder_count":null}},{"type":"Feature","geometry":{"type":"Point","coordinates":[-5.32131,36.245858]},"properties":{"id":"VUT/CA/15214","type":"VUT","group":"Completa","address":"RESIDENCIAL ALCAIDESA BIRDIE CLUB Plta/Piso 2 Pta/Letra 213, piso 2, puerta 213","postal_code":"11310","places":4,"units":2,"registered":"2022-07-27","catastro":"1541806TF9114S0016PT","holder":null,"holder_count":null}},{"type":"Feature","geometry":{"type":"Point","coordinates":[-5.323136,36.245935]},"properties":{"id":"VUT/CA/15225","type":"VUT","group":"Completa","address":"RESIDENCIAL NUEVA ALCAIDESA Nº 4 Blq. 3 Esc. 1 Plta/Piso 2 Pta/Letra A, piso 2, puerta A","postal_code":"11360","places":8,"units":2,"registered":"2022-07-28","catastro":"1538109TF9113N0156JA","holder":null,"holder_count":null}},{"type":"Feature","geometry":{"type":"Point","coordinates":[-5.256424,36.316271]},"properties":{"id":"VUT/CA/15230","type":"VUT","group":"Completa","address":"URBANIZACION INVESPANIA Nº 246 Compl.Dom. PARCELA P246","postal_code":"11360","places":8,"units":4,"registered":"2022-07-29","catastro":"7019157TF9271N0001WO","holder":null,"holder_count":null}},{"type":"Feature","geometry":{"type":"Point","coordinates":[-5.31231,36.28231]},"properties":{"id":"VUT/CA/15232","type":"VUT","group":"Completa","address":"CALLE BENAVENTE Nº 45 Compl.Dom. SOTOGRANDE","postal_code":"11311","places":6,"units":3,"registered":"2022-07-29","catastro":"2578327TF9127N0001DJ","holder":"SINGH FAMILY HAPPY HOMES","holder_count":1}},{"type":"Feature","geometry":{"type":"Point","coordinates":[-5.335758,36.276889]},"properties":{"id":"VUT/CA/15245","type":"VUT","group":"Completa","address":"CALLE FENOMENO Nº 7 Compl.Dom. SOTOGRANDE","postal_code":"11310","places":10,"units":5,"registered":"2022-08-01","catastro":"0374525TF9107S0001LJ","holder":null,"holder_count":null}},{"type":"Feature","geometry":{"type":"Point","coordinates":[-5.27926,36.288108]},"properties":{"id":"VUT/CA/15248","type":"VUT","group":"Completa","address":"AVENIDA de la Marina Portal 1 Pta/Letra 3 Compl.Dom. Ribera de la Romana, puerta 3","postal_code":"11310","places":6,"units":3,"registered":"2022-08-01","catastro":"5484934TF9158S0004MA","holder":"Kruse Vastgoed Ootmarsum B.V.","holder_count":1}},{"type":"Feature","geometry":{"type":"Point","coordinates":[-5.282561,36.287182]},"properties":{"id":"VUT/CA/15255","type":"VUT","group":"Completa","address":"EDIFICIO RIBERA DEL PARAISO Portal D Plta/Piso 2 Pta/Letra 2 Compl.Dom. LA MARINA DE PUERTO DEPORTIVO DE SOTOGRANDE, piso 2, puerta 2","postal_code":"11310","places":6,"units":2,"registered":"2022-08-02","catastro":"5184101TF9158S0054KM","holder":null,"holder_count":null}},{"type":"Feature","geometry":{"type":"Point","coordinates":[-5.276766,36.289681]},"properties":{"id":"VUT/CA/15264","type":"VUT","group":"Completa","address":"AVENIDA DE LA MARINA Nº 1 Blq. 3 Pta/Letra 2 Compl.Dom. Puerto de Sotogrande, Urb. Pier 2, puerta 2","postal_code":"11310","places":5,"units":2,"registered":"2022-08-03","catastro":"5486103TF9158N0023MH","holder":null,"holder_count":null}},{"type":"Feature","geometry":{"type":"Point","coordinates":[-5.326479,36.247753]},"properties":{"id":"VUT/CA/15294","type":"VUT","group":"Completa","address":"AVENIDA DEL GOLF Nº S/N Blq. 3 Portal 7 Plta/Piso 1 Pta/Letra D Compl.Dom. URB. LA ALCALDESA, GOLF AND BEACH RESORT, piso 1, puerta D","postal_code":"11360","places":5,"units":2,"registered":"2022-08-05","catastro":"0843203TF9104S0029AA","holder":"MUCHO MAS PROPERTY S.L.","holder_count":1}},{"type":"Feature","geometry":{"type":"Point","coordinates":[-5.277677,36.284836]},"properties":{"id":"VUT/CA/15313","type":"VUT","group":"Completa","address":"PASEO del mar Nº 2 Blq. 5 Esc. A Plta/Piso 0 Pta/Letra 3, piso 0, puerta 3","postal_code":"11310","places":5,"units":2,"registered":"2022-08-09","catastro":"5682208TF9158S0053AX","holder":null,"holder_count":null}},{"type":"Feature","geometry":{"type":"Point","coordinates":[-5.310806,36.279552]},"properties":{"id":"VUT/CA/15324","type":"VUT","group":"Completa","address":"CALLE BUENOS AIRES Nº 36 Compl.Dom. URBANIZACIÓN LA LOMA","postal_code":"11310","places":8,"units":4,"registered":"2022-08-10","catastro":"2476772TF9127N0001ZJ","holder":null,"holder_count":null}},{"type":"Feature","geometry":{"type":"Point","coordinates":[-5.325104,36.249548]},"properties":{"id":"VUT/CA/15347","type":"VUT","group":"Completa","address":"CALLE Dave Thomas Blq. 10 Portal 4 Plta/Piso 1 Pta/Letra B2, piso 1, puerta B2","postal_code":"11360","places":6,"units":2,"registered":"2022-08-12","catastro":"0843209TF9104S0027JO","holder":null,"holder_count":null}},{"type":"Feature","geometry":{"type":"Point","coordinates":[-5.269027,36.306296]},"properties":{"id":"VUT/CA/15356","type":"VUT","group":"Completa","address":"CALLE BRASIL URB. COLINAS DEL MAR Nº 4","postal_code":"11312","places":6,"units":3,"registered":"2022-08-15","catastro":"6300436TF9260S0004KX","holder":null,"holder_count":null}},{"type":"Feature","geometry":{"type":"Point","coordinates":[-5.340881,36.261082]},"properties":{"id":"VUT/CA/15368","type":"VUT","group":"Completa","address":"CALLE SAN ROQUE CLUB Nº 1 Esc. 13 Plta/Piso BJ-3 Pta/Letra 18 Compl.Dom. CONJUNTO PUEBLO I, PRIMERA FASE, piso BJ-3, puerta 18","postal_code":"11310","places":6,"units":3,"registered":"2022-08-16","catastro":"9854201TF8195S0018RZ","holder":null,"holder_count":null}},{"type":"Feature","geometry":{"type":"Point","coordinates":[-5.31271,36.242238]},"properties":{"id":"VUT/CA/15374","type":"VUT","group":"Completa","address":"URBANIZACION UR. ALCAIDESA Nº 5 Blq. 3 Esc. 4 Plta/Piso 1 Pta/Letra 1, piso 1, puerta 1","postal_code":"11360","places":6,"units":3,"registered":"2022-08-17","catastro":"2638706TF9123N0020SI","holder":null,"holder_count":null}},{"type":"Feature","geometry":{"type":"Point","coordinates":[-5.300756,36.292932]},"properties":{"id":"VUT/CA/15387","type":"VUT","group":"Completa","address":"CALLE SAN MARTIN Nº 6 Plta/Piso ALTA, piso ALTA","postal_code":"11311","places":6,"units":2,"registered":"2022-08-19","catastro":"3590303TF9139S0003AL","holder":null,"holder_count":null}},{"type":"Feature","geometry":{"type":"Point","coordinates":[-5.267916,36.301359]},"properties":{"id":"VUT/CA/15390","type":"VUT","group":"Completa","address":"AVENIDA MAR DEL SUR Pta/Letra 21B Compl.Dom. EDIFICIO BOULEVARD, puerta 21B","postal_code":"11312","places":4,"units":2,"registered":"2022-08-22","catastro":"6300414TF9260S0008HE","holder":"NORDIC  LIFESTYLE S.L.","holder_count":1}},{"type":"Feature","geometry":{"type":"Point","coordinates":[-5.272902,36.292052]},"properties":{"id":"VUT/CA/15391","type":"VUT","group":"Completa","address":"PLAZA CHICA, APARTAMENTO C1-11 Blq. C Portal 2 Compl.Dom. PUERTO DEPORTIVO DE SOTOGRANDE","postal_code":"11310","places":4,"units":2,"registered":"2022-08-22","catastro":"5989801TF9158N0012MI","holder":null,"holder_count":null}},{"type":"Feature","geometry":{"type":"Point","coordinates":[-5.336282,36.264307]},"properties":{"id":"VUT/CA/15397","type":"VUT","group":"Completa","address":"PASEO MESA DEL DIENTE Nº SN Blq. 2 Pta/Letra 10 Compl.Dom. URBANIZACION SAN ROQUE CLUB, HOYO 17, puerta 10","postal_code":"11310","places":8,"units":4,"registered":"2022-08-23","catastro":"0261503TF9106S0001JM","holder":"MADDIE RAE DEVELOPMENTS LTD","holder_count":1}},{"type":"Feature","geometry":{"type":"Point","coordinates":[-5.340881,36.261082]},"properties":{"id":"VUT/CA/15401","type":"VUT","group":"Completa","address":"CALLE TONY JACKLIN Nº 13 Plta/Piso -2 Pta/Letra DCHA Compl.Dom. URBANIZACION CLUB SAN ROQUE GOLF, piso -2, puerta DCHA","postal_code":"11360","places":6,"units":3,"registered":"2022-08-23","catastro":"9854201TF8195S0015QK","holder":null,"holder_count":null}},{"type":"Feature","geometry":{"type":"Point","coordinates":[-5.297451,36.292666]},"properties":{"id":"VUT/CA/15402","type":"VUT","group":"Completa","address":"CARRETERA NACIONAL 340 Km 131 Esc. 4 Plta/Piso 3 Compl.Dom. URB JARDINES DE SOTOGRANDE EDIF. BOUGANVILLA 3, piso 3","postal_code":"11310","places":6,"units":2,"registered":"2022-08-24","catastro":"3388730TF9138N0004RK","holder":null,"holder_count":null}},{"type":"Feature","geometry":{"type":"Point","coordinates":[-5.347665,36.277498]},"properties":{"id":"VUT/CA/15404","type":"VUT","group":"Completa","address":"CALLE FUELLE Nº 11 Compl.Dom. URBANIZACIÓN DE SOTOGRANDE","postal_code":"11310","places":14,"units":7,"registered":"2022-08-24","catastro":"9275707TF8197N0001EP","holder":null,"holder_count":null}},{"type":"Feature","geometry":{"type":"Point","coordinates":[-5.310038,36.243975]},"properties":{"id":"VUT/CA/15425","type":"VUT","group":"Completa","address":"AVENIDA DEL GOLF Nº SN Blq. 4 Pta/Letra 416 Compl.Dom. URBANIZACION THE LINKS2, puerta 416","postal_code":"11360","places":6,"units":2,"registered":"2022-08-29","catastro":"2638701TF9123N0055HA","holder":null,"holder_count":null}},{"type":"Feature","geometry":{"type":"Point","coordinates":[-5.337257,36.277118]},"properties":{"id":"VUT/CA/15443","type":"VUT","group":"Completa","address":"CALLE FENÓMENO Nº 412 Compl.Dom. URBANIZACIÓN SOTOGRANDE","postal_code":"11310","places":8,"units":4,"registered":"2022-08-31","catastro":"0374537TF9107S0001IJ","holder":"ULAPIERO CONSULTING, S.L.","holder_count":1}},{"type":"Feature","geometry":{"type":"Point","coordinates":[-5.279604,36.284759]},"properties":{"id":"VUT/CA/15451","type":"VUT","group":"Completa","address":"PASEO DEL RÍO Nº 9 Esc. 1 Plta/Piso 2 Pta/Letra 34A Compl.Dom. CASAS DEL RÍO, SOTOGRANDE, piso 2, puerta 34A","postal_code":"11310","places":4,"units":1,"registered":"2022-09-01","catastro":"5281701TF9158S0018KX","holder":null,"holder_count":null}},{"type":"Feature","geometry":{"type":"Point","coordinates":[-5.318323,36.287784]},"properties":{"id":"VUT/CA/15479","type":"VUT","group":"Completa","address":"RESIDENCIAL SENDA CHICA (AVDA. DE LA RESERVA) Blq. 3 Plta/Piso BAJ Pta/Letra D, piso BAJ, puerta D","postal_code":"11310","places":8,"units":4,"registered":"2022-09-06","catastro":"2087517TF9128N0261UD","holder":null,"holder_count":null}},{"type":"Feature","geometry":{"type":"Point","coordinates":[-5.339102,36.260905]},"properties":{"id":"VUT/CA/15488","type":"VUT","group":"Completa","address":"URBANIZACION SAN ROQUE CLUB PUEBLO I CASA 18 Nº 2 Esc. 18 Plta/Piso -1 Pta/Letra 66, piso -1, puerta 66","postal_code":"11360","places":6,"units":3,"registered":"2022-09-07","catastro":"9854202TF8195S0024HQ","holder":null,"holder_count":null}},{"type":"Feature","geometry":{"type":"Point","coordinates":[-5.310038,36.243975]},"properties":{"id":"VUT/CA/15547","type":"VUT","group":"Completa","address":"CONJUNTO URBANISTICO, THE LINKS II. Nº 902 Blq. 9 Compl.Dom. PLANTA BAJA","postal_code":"11310","places":5,"units":2,"registered":"2022-09-15","catastro":"2638701TF9123N0116GP","holder":null,"holder_count":null}},{"type":"Feature","geometry":{"type":"Point","coordinates":[-5.272902,36.292052]},"properties":{"id":"VUT/CA/15575","type":"VUT","group":"Completa","address":"URBANIZACION Puerto Sotogrande. APTO 1-21 Nº 1-21 Compl.Dom. Puerto Sotogrande. APTO 1-21","postal_code":"11310","places":4,"units":1,"registered":"2022-09-19","catastro":"5989801TF9158N0012MI","holder":null,"holder_count":null}},{"type":"Feature","geometry":{"type":"Point","coordinates":[-5.281209,36.287364]},"properties":{"id":"VUT/CA/15636","type":"VUT","group":"Completa","address":"URBANIZACION JUNGLA DEL LORO Blq. 12 Plta/Piso 4 Pta/Letra 25 Compl.Dom. SOTOGRANDE, piso 4, puerta 25","postal_code":"11310","places":6,"units":3,"registered":"2022-09-27","catastro":"5484924TF9158S0047FL","holder":"LUXURY SOTOGRANDE S.L.","holder_count":4}},{"type":"Feature","geometry":{"type":"Point","coordinates":[-5.308609,36.282927]},"properties":{"id":"VUT/CA/15689","type":"VUT","group":"Completa","address":"CALLE BUENOS AIRES Nº 59 Compl.Dom. SOTOGRANDE","postal_code":"11310","places":7,"units":5,"registered":"2022-10-06","catastro":"2880411TF9128S0001OL","holder":"LUXURY SOTOGRANDE S.L.","holder_count":4}},{"type":"Feature","geometry":{"type":"Point","coordinates":[-5.326582,36.280281]},"properties":{"id":"VUT/CA/15699","type":"VUT","group":"Completa","address":"AVENIDA DE LOS CORTIJOS Nº S/N Compl.Dom. EDIF. VALGRANDE FASE II-B BLOQUE 16 N 1","postal_code":"11310","places":8,"units":4,"registered":"2022-10-10","catastro":"1177602TF9117N0512YD","holder":null,"holder_count":null}},{"type":"Feature","geometry":{"type":"Point","coordinates":[-5.270937,36.291283]},"properties":{"id":"VUT/CA/15732","type":"VUT","group":"Completa","address":"EDIFICIO E Nº 2.16 Plta/Piso 2 Compl.Dom. LA MARINA DE PUERTO DEPORTIVO DE SOTOGRANDE, piso 2","postal_code":"11310","places":4,"units":1,"registered":"2022-10-18","catastro":"6088502TF9168N0041TO","holder":null,"holder_count":null}},{"type":"Feature","geometry":{"type":"Point","coordinates":[-5.270564,36.30249]},"properties":{"id":"VUT/CA/15756","type":"VUT","group":"Completa","address":"PARCELA 10 MI A-17 Nº 10 Compl.Dom. RESIDENCIAL VISTA LAGUNA","postal_code":"11312","places":4,"units":1,"registered":"2022-10-24","catastro":"6199701TF9169N0007FR","holder":null,"holder_count":null}},{"type":"Feature","geometry":{"type":"Point","coordinates":[-5.323136,36.245935]},"properties":{"id":"VUT/CA/15767","type":"VUT","group":"Completa","address":"AVENIDA GOLF Blq. 6 Portal 1 Esc. 3 Plta/Piso 0 Pta/Letra A Compl.Dom. RESIDENCIAL NUEVA ALCAIDESA, piso 0, puerta A","postal_code":"11360","places":5,"units":3,"registered":"2022-10-26","catastro":"1538109TF9113N0217HP","holder":null,"holder_count":null}},{"type":"Feature","geometry":{"type":"Point","coordinates":[-5.277301,36.289336]},"properties":{"id":"VUT/CA/15785","type":"VUT","group":"Completa","address":"CONJUNTO PIER, FASE UNO Blq. 2 Plta/Piso 2 Pta/Letra 7 Compl.Dom. SOTOGRANDE, piso 2, puerta 7","postal_code":"11310","places":6,"units":3,"registered":"2022-10-28","catastro":"5486103TF9158N0016LS","holder":null,"holder_count":null}},{"type":"Feature","geometry":{"type":"Point","coordinates":[-5.310038,36.243975]},"properties":{"id":"VUT/CA/15787","type":"VUT","group":"Completa","address":"AVENIDA DEL GOLF Blq. 5 Plta/Piso 2 Compl.Dom. URBANIZACION ALCAIDESA COMPLEJO THE LINKS II VIVIENDA 521, piso 2","postal_code":"11360","places":4,"units":2,"registered":"2022-10-28","catastro":"2638701TF9123N0070WB","holder":"Perfect Property Solutions SL","holder_count":2}},{"type":"Feature","geometry":{"type":"Point","coordinates":[-5.313071,36.291412]},"properties":{"id":"VUT/CA/15824","type":"VUT","group":"Completa","address":"URBANIZACION LA FINCA Nº 25A Pta/Letra 25A, puerta 25A","postal_code":"11310","places":8,"units":4,"registered":"2022-11-07","catastro":"20875A0TF9128N0033AA","holder":null,"holder_count":null}},{"type":"Feature","geometry":{"type":"Point","coordinates":[-5.336908,36.269586]},"properties":{"id":"VUT/CA/15847","type":"VUT","group":"Completa","address":"CALLE SAN ROQUE CLUB Nº B2-1 Blq. 2 Esc. 1 Plta/Piso 0 Pta/Letra 1, piso 0, puerta 1","postal_code":"11360","places":8,"units":2,"registered":"2022-11-10","catastro":"0266101TF9106N0009HM","holder":null,"holder_count":null}},{"type":"Feature","geometry":{"type":"Point","coordinates":[-5.283088,36.288056]},"properties":{"id":"VUT/CA/15865","type":"VUT","group":"Completa","address":"URBANIZACION DEL PUERTO DE SOTOGRANDE Nº 20 Esc. 3 Plta/Piso 4 Pta/Letra A Compl.Dom. GUADALMARINA, piso 4, puerta A","postal_code":"11310","places":15,"units":4,"registered":"2022-11-15","catastro":"5484926TF9158S0098XO","holder":"ASESORES INMOBILIARIOS DCR","holder_count":1}},{"type":"Feature","geometry":{"type":"Point","coordinates":[-5.339538,36.299563]},"properties":{"id":"VUT/CA/15879","type":"VUT","group":"Completa","address":"CALLE MARAVILLAS Nº 13","postal_code":"11310","places":15,"units":8,"registered":"2022-11-17","catastro":"9895201TF8199N0001BZ","holder":"EUROBUILD REAL STATE SL","holder_count":1}},{"type":"Feature","geometry":{"type":"Point","coordinates":[-5.265881,36.304158]},"properties":{"id":"VUT/CA/15890","type":"VUT","group":"Completa","address":"APARTAMENTO URBANIZACIÓN PUNTA EUROPA Nº 7 Blq. D Plta/Piso 1º Pta/Letra 7 Compl.Dom. URBANIZACIÓN PUNTA EUROPA Nº7, BLOQUE D, 1ª PLANTA, PUERTA 7 (SAN ROQUE, CÁDIZ, 11360), piso 1º, puerta 7","postal_code":"11312","places":4,"units":1,"registered":"2022-11-18","catastro":"6602402TF9260S0007SW","holder":"PROYECTOS GABAL SLU","holder_count":1}},{"type":"Feature","geometry":{"type":"Point","coordinates":[-5.343648,36.284843]},"properties":{"id":"VUT/CA/15897","type":"VUT","group":"Completa","address":"URBANIZACION Los Altos de Valderrama Pta/Letra 77 Compl.Dom. Zona residencial de Soto Alto - parcelas 77-78-79, puerta 77","postal_code":"11310","places":14,"units":8,"registered":"2022-11-21","catastro":"9884737TF8198S0001DS","holder":null,"holder_count":null}},{"type":"Feature","geometry":{"type":"Point","coordinates":[-5.277301,36.289336]},"properties":{"id":"VUT/CA/15912","type":"VUT","group":"Completa","address":"AVENIDA PUERTO SOTOGRANDE Nº 56 Blq. 5 Esc. 5 Plta/Piso BJO Pta/Letra 3, piso BJO, puerta 3","postal_code":"11320","places":6,"units":3,"registered":"2022-11-22","catastro":"5486103TF9158N0056QJ","holder":null,"holder_count":null}},{"type":"Feature","geometry":{"type":"Point","coordinates":[-5.266762,36.304417]},"properties":{"id":"VUT/CA/15928","type":"VUT","group":"Completa","address":"URBANIZACION PLAYA GUADIARO Nº 78 Blq. 38 Plta/Piso 1 Pta/Letra 78 Compl.Dom. LA LOMA PRIMERA FASE, PARTIDO DE LA CHULLERA, piso 1, puerta 78","postal_code":"11360","places":6,"units":3,"registered":"2022-11-24","catastro":"6501105TF9260S0002WB","holder":"MES GARCONS","holder_count":1}},{"type":"Feature","geometry":{"type":"Point","coordinates":[-5.349251,36.277164]},"properties":{"id":"VUT/CA/15964","type":"VUT","group":"Completa","address":"CONJUNTO LOS CARMENES DE ALMENARA Nº 10 Compl.Dom. NUCLEO II","postal_code":"11310","places":6,"units":3,"registered":"2022-11-30","catastro":"9771602TF8197S0010GQ","holder":null,"holder_count":null}},{"type":"Feature","geometry":{"type":"Point","coordinates":[-5.310038,36.243975]},"properties":{"id":"VUT/CA/16008","type":"VUT","group":"Completa","address":"URBANIZACION THE LINKS II Nº 603 Blq. 6 Esc. 1","postal_code":"11360","places":4,"units":2,"registered":"2022-12-13","catastro":"2638701TF9123N0075UW","holder":null,"holder_count":null}},{"type":"Feature","geometry":{"type":"Point","coordinates":[-5.277301,36.289336]},"properties":{"id":"VUT/CA/16015","type":"VUT","group":"Completa","address":"AVENIDA PUERTO SOTOGRANDE Nº S/N Blq. 2 Plta/Piso 1 Pta/Letra 4 Compl.Dom. RESIDENCIAL PIER, piso 1, puerta 4","postal_code":"11310","places":6,"units":3,"registered":"2022-12-14","catastro":"5486103TF9158N0013HO","holder":null,"holder_count":null}},{"type":"Feature","geometry":{"type":"Point","coordinates":[-5.317606,36.244168]},"properties":{"id":"VUT/CA/16020","type":"VUT","group":"Completa","address":"URBANIZACION ALTAVISTA DE ALCAIDESA FASE 2 Nº 10 Plta/Piso BJO Pta/Letra 1001 Compl.Dom. PARCELA RI-3, SECTOR SAN ROQUE, PPO LA ALCAIDESA, piso BJO, puerta 1001","postal_code":"11360","places":4,"units":2,"registered":"2022-12-15","catastro":"1538107TF9113N0108SQ","holder":null,"holder_count":null}},{"type":"Feature","geometry":{"type":"Point","coordinates":[-5.331406,36.248072]},"properties":{"id":"VUT/CA/16030","type":"VUT","group":"Completa","address":"AVENIDA del Golf Nº 1 Compl.Dom. Urb. Los Cerros de Alcaidesa 25, La Alcaidesa","postal_code":"11360","places":4,"units":2,"registered":"2022-12-16","catastro":"0843204TF9104S0026JI","holder":null,"holder_count":null}},{"type":"Feature","geometry":{"type":"Point","coordinates":[-5.255438,36.312285]},"properties":{"id":"VUT/CA/16063","type":"VUT","group":"Completa","address":"URBANIZACION San Diego Nº 55","postal_code":"11312","places":12,"units":6,"registered":"2022-12-30","catastro":"7510208TF9271S0001YJ","holder":null,"holder_count":null}},{"type":"Feature","geometry":{"type":"Point","coordinates":[-5.297451,36.292666]},"properties":{"id":"VUT/CA/16076","type":"VUT","group":"Completa","address":"CALLE CRTA CADIZ MALAGA KM 130 Esc. FELICIA Plta/Piso 1 Pta/Letra 5 Compl.Dom. URBANIZACION JARDINES DE SOTOGRANDE, piso 1, puerta 5","postal_code":"11310","places":6,"units":2,"registered":"2023-01-04","catastro":"3388730TF9138N0036RK","holder":null,"holder_count":null}},{"type":"Feature","geometry":{"type":"Point","coordinates":[-5.280946,36.2883]},"properties":{"id":"VUT/CA/16102","type":"VUT","group":"Completa","address":"URBANIZACION ISLA DEL PEZ BARBERO Portal 6 Pta/Letra 21 Compl.Dom. AVENIDA DE LA MARINA SN, puerta 21","postal_code":"11310","places":8,"units":4,"registered":"2023-01-10","catastro":"5484931TF9158S0022IM","holder":null,"holder_count":null}},{"type":"Feature","geometry":{"type":"Point","coordinates":[-5.292777,36.288899]},"properties":{"id":"VUT/CA/16131","type":"VUT","group":"Completa","address":"URBANIZACION El Polo de Sotogrande Nº s/n Blq. 17 Portal B Esc. B","postal_code":"11310","places":8,"units":4,"registered":"2023-01-16","catastro":"4188708TF9148N0111GY","holder":"INVERSIONES ORANDA S.L.","holder_count":1}},{"type":"Feature","geometry":{"type":"Point","coordinates":[-5.336687,36.275716]},"properties":{"id":"VUT/CA/16166","type":"VUT","group":"Completa","address":"CALLE FENIX Nº 526","postal_code":"11310","places":8,"units":4,"registered":"2023-01-18","catastro":"0272530TF9107S0001SJ","holder":null,"holder_count":null}},{"type":"Feature","geometry":{"type":"Point","coordinates":[-5.317606,36.244168]},"properties":{"id":"VUT/CA/16168","type":"VUT","group":"Completa","address":"AVENIDA Del Golf, 6. Altavista de Alcaidesa. Blq. 7 Pta/Letra 07, puerta 07","postal_code":"11360","places":4,"units":2,"registered":"2023-01-18","catastro":"1538107TF9113N0078SQ","holder":null,"holder_count":null}},{"type":"Feature","geometry":{"type":"Point","coordinates":[-5.275521,36.288406]},"properties":{"id":"VUT/CA/16169","type":"VUT","group":"Completa","address":"URBANIZACION SOTOGRANDE, RIBERAL DEL CANDIL Nº 12 Compl.Dom. MARINA DE SOTOGRANDE","postal_code":"11310","places":4,"units":2,"registered":"2023-01-18","catastro":"5484911TF9158S0011SG","holder":null,"holder_count":null}},{"type":"Feature","geometry":{"type":"Point","coordinates":[-5.26949,36.30017]},"properties":{"id":"VUT/CA/16171","type":"VUT","group":"Completa","address":"AVENIDA Mar del Sur Plta/Piso 6 Pta/Letra 26 Compl.Dom. Edificio Dominique, piso 6, puerta 26","postal_code":"11312","places":4,"units":2,"registered":"2023-01-18","catastro":"6297801TF9169N0039MR","holder":null,"holder_count":null}},{"type":"Feature","geometry":{"type":"Point","coordinates":[-5.334807,36.279441]},"properties":{"id":"VUT/CA/16184","type":"VUT","group":"Completa","address":"URBANIZACION SOTOGRANDE Nº 650320 Compl.Dom. PARCELA 650320","postal_code":"11310","places":10,"units":5,"registered":"2023-01-20","catastro":"0377620TF9107N0001HO","holder":null,"holder_count":null}},{"type":"Feature","geometry":{"type":"Point","coordinates":[-5.27213,36.291475]},"properties":{"id":"VUT/CA/16207","type":"VUT","group":"Completa","address":"AVENIDA PUERTO DE SOTOGRANDE Nº B-2 Plta/Piso 2ª Compl.Dom. APARTAMENTO Nº 2-9 PLANTA 2ª EDIFICIO B-2 DE LA MARINA, piso 2ª","postal_code":"11310","places":12,"units":5,"registered":"2023-01-24","catastro":"6088301TF9168N0043DA","holder":"COTO RIVAS, S.L.","holder_count":1}},{"type":"Feature","geometry":{"type":"Point","coordinates":[-5.331398,36.292481]},"properties":{"id":"VUT/CA/16209","type":"VUT","group":"Completa","address":"CALLE LAUREL Nº 7 Compl.Dom. URBANIZACION SOTOGRANDE","postal_code":"11310","places":6,"units":3,"registered":"2023-01-24","catastro":"0791805TF9109S0001BT","holder":null,"holder_count":null}},{"type":"Feature","geometry":{"type":"Point","coordinates":[-5.325104,36.249548]},"properties":{"id":"VUT/CA/16225","type":"VUT","group":"Completa","address":"URBANIZACION TERRAZAS DE ALCAIDESA Blq. 8 Portal 20 Plta/Piso 1 Pta/Letra B2, piso 1, puerta B2","postal_code":"11360","places":4,"units":2,"registered":"2023-01-26","catastro":"0843209TF9104S0130BS","holder":null,"holder_count":null}},{"type":"Feature","geometry":{"type":"Point","coordinates":[-5.266023,36.302738]},"properties":{"id":"VUT/CA/16226","type":"VUT","group":"Completa","address":"AVENIDA mar del sur Nº 33 Blq. A Plta/Piso 1 Pta/Letra E Compl.Dom. Torreguadiaro, piso 1, puerta E","postal_code":"11312","places":4,"units":2,"registered":"2023-01-26","catastro":"6600201TF9260S0014SY","holder":null,"holder_count":null}},{"type":"Feature","geometry":{"type":"Point","coordinates":[-5.275809,36.286072]},"properties":{"id":"VUT/CA/16231","type":"VUT","group":"Completa","address":"PASEO Del mar Nº 34 Plta/Piso baja Pta/Letra 07 Compl.Dom. Edificio 6 - Apartamentos playa, piso baja, puerta 07","postal_code":"11310","places":4,"units":2,"registered":"2023-01-27","catastro":"5682204tf9158S0080hj","holder":null,"holder_count":null}},{"type":"Feature","geometry":{"type":"Point","coordinates":[-5.272902,36.292052]},"properties":{"id":"VUT/CA/16255","type":"VUT","group":"Completa","address":"EDIFICIO APARTAMENTO B1.1 Portal 1 Esc. 1 Plta/Piso 1 Compl.Dom. AVENIDA PUERTO DE SOTOGRANDE, piso 1","postal_code":"11311","places":4,"units":2,"registered":"2023-01-30","catastro":"5989801TF9158N0008XU","holder":null,"holder_count":null}},{"type":"Feature","geometry":{"type":"Point","coordinates":[-5.27738,36.287214]},"properties":{"id":"VUT/CA/16261","type":"VUT","group":"Completa","address":"CALLE RIBERA DEL DELFIN Nº 6 Esc. 2","postal_code":"11310","places":7,"units":2,"registered":"2023-01-30","catastro":"5484916TF9158S0047GL","holder":null,"holder_count":null}},{"type":"Feature","geometry":{"type":"Point","coordinates":[-5.336908,36.269586]},"properties":{"id":"VUT/CA/16288","type":"VUT","group":"Completa","address":"CALLE SAN ROQUE CLUB Blq. B2 Esc. 3 Plta/Piso 2 Pta/Letra 7, piso 2, puerta 7","postal_code":"11360","places":8,"units":4,"registered":"2023-02-02","catastro":"0266101TF9106N0015LE","holder":null,"holder_count":null}},{"type":"Feature","geometry":{"type":"Point","coordinates":[-5.269044,36.30434]},"properties":{"id":"VUT/CA/16329","type":"VUT","group":"Completa","address":"URBANIZACION COLINAS DEL MAR Nº 56 Compl.Dom. TORREGUADIARO","postal_code":"11312","places":8,"units":4,"registered":"2023-02-06","catastro":"6300409TF9260S0001FL","holder":null,"holder_count":null}},{"type":"Feature","geometry":{"type":"Point","coordinates":[-5.27926,36.288108]},"properties":{"id":"VUT/CA/16364","type":"VUT","group":"Completa","address":"URBANIZACION RIBERA DE LA ROMANA Plta/Piso 2 Pta/Letra 24, piso 2, puerta 24","postal_code":"11310","places":8,"units":3,"registered":"2023-02-09","catastro":"5484934TF9158S0013YJ","holder":null,"holder_count":null}},{"type":"Feature","geometry":{"type":"Point","coordinates":[-5.276904,36.285848]},"properties":{"id":"VUT/CA/16431","type":"VUT","group":"Completa","address":"APARTAMENTO PLAYA Nº 2-2 Blq. 7 Plta/Piso 2 Compl.Dom. SOTOGRANDE, piso 2","postal_code":"11310","places":6,"units":3,"registered":"2023-02-15","catastro":"5682205TF9158S0051TB","holder":null,"holder_count":null}},{"type":"Feature","geometry":{"type":"Point","coordinates":[-5.295789,36.291664]},"properties":{"id":"VUT/CA/16434","type":"VUT","group":"Completa","address":"CALLE SANTIAGO DE COMPOSTELA Nº 26 Blq. 1 Portal B Pta/Letra A4 Compl.Dom. POLO GARDENS, puerta A4","postal_code":"11310","places":8,"units":4,"registered":"2023-02-15","catastro":"3989801TF9138N0096AF","holder":"THREE PROPERTIES INVERSIONES, S.L.","holder_count":3}},{"type":"Feature","geometry":{"type":"Point","coordinates":[-5.277677,36.284836]},"properties":{"id":"VUT/CA/16440","type":"VUT","group":"Completa","address":"PASEO del Mar Nº 8 Blq. 5 Plta/Piso Bajo Pta/Letra 4, piso Bajo, puerta 4","postal_code":"11310","places":4,"units":2,"registered":"2023-02-15","catastro":"5682208TF9158S0066ZO","holder":null,"holder_count":null}},{"type":"Feature","geometry":{"type":"Point","coordinates":[-5.310038,36.243975]},"properties":{"id":"VUT/CA/16510","type":"VUT","group":"Completa","address":"URBANIZACION ALCAIDESA Nº 7 Blq. 3 Esc. 1 Plta/Piso 2 Pta/Letra 321, piso 2, puerta 321","postal_code":"11360","places":4,"units":2,"registered":"2023-02-22","catastro":"2638701TF9123N0041TM","holder":"HV ALCAIDESA PROPERTY SL","holder_count":2}},{"type":"Feature","geometry":{"type":"Point","coordinates":[-5.310038,36.243975]},"properties":{"id":"VUT/CA/16511","type":"VUT","group":"Completa","address":"URBANIZACION ALCAIDESA Nº 7 Blq. 3 Esc. 1 Plta/Piso 2 Pta/Letra 322, piso 2, puerta 322","postal_code":"11310","places":4,"units":2,"registered":"2023-02-22","catastro":"2638701TF9123N0042YQ","holder":"HV ALCAIDESA PROPERTY SL","holder_count":2}},{"type":"Feature","geometry":{"type":"Point","coordinates":[-5.310038,36.243975]},"properties":{"id":"VUT/CA/16512","type":"VUT","group":"Completa","address":"URBANIZACION ALCAIDESA Nº 7 Blq. 3 Esc. 1 Plta/Piso 0 Pta/Letra 304, piso 0, puerta 304","postal_code":"11360","places":4,"units":2,"registered":"2023-02-22","catastro":"2638701TF9123N0034QL","holder":null,"holder_count":null}},{"type":"Feature","geometry":{"type":"Point","coordinates":[-5.323136,36.245935]},"properties":{"id":"VUT/CA/16526","type":"VUT","group":"Completa","address":"CONJUNTO RESIDENCIAL NUEVA ALCAIDESA Nº 168 Blq. 4 Portal 1 Plta/Piso 1 Pta/Letra A, piso 1, puerta A","postal_code":"11360","places":4,"units":3,"registered":"2023-02-23","catastro":"1538109TF9113N0169RZ","holder":null,"holder_count":null}},{"type":"Feature","geometry":{"type":"Point","coordinates":[-5.270937,36.291283]},"properties":{"id":"VUT/CA/16527","type":"VUT","group":"Completa","address":"AVENIDA PUERTO SOTOGRANDE Esc. 1 Plta/Piso 2 Pta/Letra 18, piso 2, puerta 18","postal_code":"11360","places":3,"units":1,"registered":"2023-02-23","catastro":"6088502TF9168N0043UA","holder":null,"holder_count":null}},{"type":"Feature","geometry":{"type":"Point","coordinates":[-5.336282,36.264307]},"properties":{"id":"VUT/CA/16548","type":"VUT","group":"Completa","address":"PASEO MESA DEL DIENTE Nº 15 Blq. 3 Compl.Dom. URBANIZACION HOYO 17","postal_code":"11360","places":6,"units":3,"registered":"2023-02-27","catastro":"0261503TF9106S0015TA","holder":null,"holder_count":null}},{"type":"Feature","geometry":{"type":"Point","coordinates":[-5.336455,36.261499]},"properties":{"id":"VUT/CA/16566","type":"VUT","group":"Completa","address":"CALLE MESILLA DEL DIENTE Nº 10 Plta/Piso -3 Pta/Letra IZDA Compl.Dom. CONDOMINIO B, AGRUPADAS 10. URBANIZACION SAN ROQUE CLUB, piso -3, puerta IZDA","postal_code":"11360","places":7,"units":3,"registered":"2023-03-01","catastro":"0358301TF9105N0060QH","holder":null,"holder_count":null}},{"type":"Feature","geometry":{"type":"Point","coordinates":[-5.298384,36.292404]},"properties":{"id":"VUT/CA/16570","type":"VUT","group":"Completa","address":"CARRETERA NACIONAL 340 Km 133 Plta/Piso 2 Pta/Letra 205, piso 2, puerta 205","postal_code":"11310","places":3,"units":1,"registered":"2023-03-01","catastro":"3388729TF9138N0019AU","holder":null,"holder_count":null}},{"type":"Feature","geometry":{"type":"Point","coordinates":[-5.334748,36.269572]},"properties":{"id":"VUT/CA/16618","type":"VUT","group":"Completa","address":"URBANIZACION SAN ROQUE CLUB Nº 8","postal_code":"11310","places":8,"units":4,"registered":"2023-03-06","catastro":"0466102TF9106N0001QG","holder":null,"holder_count":null}},{"type":"Feature","geometry":{"type":"Point","coordinates":[-5.327278,36.286983]},"properties":{"id":"VUT/CA/16684","type":"VUT","group":"Completa","address":"CALLE ESMERALDA Nº 36","postal_code":"11310","places":14,"units":7,"registered":"2023-03-09","catastro":"1086332TF9118N0001FU","holder":"HIDRO HOLDING S.L.U,","holder_count":1}},{"type":"Feature","geometry":{"type":"Point","coordinates":[-5.339102,36.260905]},"properties":{"id":"VUT/CA/16688","type":"VUT","group":"Completa","address":"URBANIZACION San Roque Club Nº 2 Blq. 7 Plta/Piso 2 Pta/Letra 6, piso 2, puerta 6","postal_code":"11360","places":8,"units":3,"registered":"2023-03-09","catastro":"9854202TF8195S0065XU","holder":null,"holder_count":null}},{"type":"Feature","geometry":{"type":"Point","coordinates":[-5.349251,36.277164]},"properties":{"id":"VUT/CA/16720","type":"VUT","group":"Completa","address":"URBANIZACION LOS CARMENES DE ALMENARA Nº 16 Compl.Dom. SOTOGRANDE","postal_code":"11310","places":10,"units":4,"registered":"2023-03-14","catastro":"9771602TF8197S0016ZU","holder":null,"holder_count":null}},{"type":"Feature","geometry":{"type":"Point","coordinates":[-5.336282,36.264307]},"properties":{"id":"VUT/CA/16725","type":"VUT","group":"Completa","address":"URBANIZACION SAN ROQUE CLUB Blq. 4 Portal 17 Pta/Letra 23, puerta 23","postal_code":"11360","places":6,"units":3,"registered":"2023-03-14","catastro":"0261503TF9106S0023PH","holder":null,"holder_count":null}},{"type":"Feature","geometry":{"type":"Point","coordinates":[-5.280937,36.289134]},"properties":{"id":"VUT/CA/16738","type":"VUT","group":"Completa","address":"RIBERA DE LA GOLONDRINA Nº 3.4 Portal 2 Plta/Piso 3 Pta/Letra 3.4 Compl.Dom. MARINA DE SOTOGRANDE, piso 3, puerta 3.4","postal_code":"11310","places":7,"units":3,"registered":"2023-03-14","catastro":"5484930TF9158S0025WE","holder":"PROMOTION MEDIA SALES PROMESA, S.L.","holder_count":1}},{"type":"Feature","geometry":{"type":"Point","coordinates":[-5.306209,36.29137]},"properties":{"id":"VUT/CA/16741","type":"VUT","group":"Completa","address":"CALLE CANTARILLO Nº 6 Blq. B Portal 2 Plta/Piso 1 Pta/Letra A, piso 1, puerta A","postal_code":"11310","places":5,"units":3,"registered":"2023-03-15","catastro":"3089203TF9138N0030YS","holder":null,"holder_count":null}},{"type":"Feature","geometry":{"type":"Point","coordinates":[-5.277493,36.288248]},"properties":{"id":"VUT/CA/16749","type":"VUT","group":"Completa","address":"DEL DRAGONCILLO Nº 21 Portal 3 Plta/Piso 3 Compl.Dom. PUERTO DE SOTOGRANDE-MARINA I, piso 3","postal_code":"11310","places":4,"units":2,"registered":"2023-03-15","catastro":"5484915TF9158S0073MD","holder":"MULTI MANAGEMENT, S.L.","holder_count":1}},{"type":"Feature","geometry":{"type":"Point","coordinates":[-5.274403,36.29042]},"properties":{"id":"VUT/CA/16752","type":"VUT","group":"Completa","address":"DEL GURAMI, MARINA DE SOTOGRANDE, APARTAMENTO Nº 8 Compl.Dom. URBANIZACIÓN SOTOGRANDE","postal_code":"11310","places":4,"units":2,"registered":"2023-03-16","catastro":"5484919TF9158S0009HH","holder":"MULTI-ASSITS HOLDINGS PROPERTIES, S.L.","holder_count":2}},{"type":"Feature","geometry":{"type":"Point","coordinates":[-5.344405,36.279707]},"properties":{"id":"VUT/CA/16757","type":"VUT","group":"Completa","address":"CALLE FUEGO Nº 30","postal_code":"11310","places":8,"units":4,"registered":"2023-03-16","catastro":"9577809TF8197N0001AP","holder":null,"holder_count":null}},{"type":"Feature","geometry":{"type":"Point","coordinates":[-5.281706,36.286887]},"properties":{"id":"VUT/CA/16773","type":"VUT","group":"Completa","address":"URBANIZACION JUNGLA DEL LORO, EDIFICIO B Nº 47 Plta/Piso 3 Compl.Dom. URBANIZACIÓN SOTOGRANDE, piso 3","postal_code":"11310","places":4,"units":2,"registered":"2023-03-17","catastro":"5484923TF9158S0024AW","holder":null,"holder_count":null}},{"type":"Feature","geometry":{"type":"Point","coordinates":[-5.282095,36.2875]},"properties":{"id":"VUT/CA/16775","type":"VUT","group":"Completa","address":"AVENIDA PUERTO SOTOGRANDE (PS) Esc. 3 Plta/Piso 3 Pta/Letra 24 Compl.Dom. JUNGLA DEL LORO, piso 3, puerta 24","postal_code":"11312","places":6,"units":2,"registered":"2023-03-17","catastro":"5484925TF9158S0025UE","holder":null,"holder_count":null}},{"type":"Feature","geometry":{"type":"Point","coordinates":[-5.318895,36.292475]},"properties":{"id":"VUT/CA/16797","type":"VUT","group":"Completa","address":"RESIDENCIAL urbanizacion san roque , Cortijo de la Reserva Nº 15 Compl.Dom. sotogrande","postal_code":"11310","places":8,"units":4,"registered":"2023-03-20","catastro":"1396907TF9119N0015IS","holder":null,"holder_count":null}},{"type":"Feature","geometry":{"type":"Point","coordinates":[-5.309635,36.282347]},"properties":{"id":"VUT/CA/16798","type":"VUT","group":"Completa","address":"CALLE BUENOS AIRES Nº 54","postal_code":"11310","places":10,"units":5,"registered":"2023-03-20","catastro":"2778802TF9127N0001UJ","holder":null,"holder_count":null}},{"type":"Feature","geometry":{"type":"Point","coordinates":[-5.33641,36.270513]},"properties":{"id":"VUT/CA/16886","type":"VUT","group":"Completa","address":"CALLE MESILLAS DE DIENTE Blq. 1 Pta/Letra 2 Compl.Dom. URBANIZACION EMERALD GREENS, puerta 2","postal_code":"11360","places":6,"units":2,"registered":"2023-03-28","catastro":"0167701TF9106N0001XG","holder":null,"holder_count":null}},{"type":"Feature","geometry":{"type":"Point","coordinates":[-5.339341,36.278041]},"properties":{"id":"VUT/CA/16894","type":"VUT","group":"Completa","address":"CALLE FORTUNA Nº 9","postal_code":"11310","places":8,"units":4,"registered":"2023-03-28","catastro":"0075209TF9107N0001GO","holder":null,"holder_count":null}},{"type":"Feature","geometry":{"type":"Point","coordinates":[-5.325104,36.249548]},"properties":{"id":"VUT/CA/16980","type":"VUT","group":"Completa","address":"CALLE DAVE THOMAS Nº 17 Blq. 7 Portal 17 Plta/Piso BAJO Pta/Letra A1, piso BAJO, puerta A1","postal_code":"11360","places":2,"units":4,"registered":"2023-04-05","catastro":"0843209TF9104S0068MG","holder":null,"holder_count":null}},{"type":"Feature","geometry":{"type":"Point","coordinates":[-5.275347,36.291472]},"properties":{"id":"VUT/CA/16986","type":"VUT","group":"Completa","address":"CONJUNTO RESIDENCIAL MARLIN, MARINA DE SOTOGRANDE, EDIF A Blq. 3 Portal 3 Plta/Piso 2 Pta/Letra A, piso 2, puerta A","postal_code":"11310","places":8,"units":3,"registered":"2023-04-05","catastro":"5484937TF9158S0070EP","holder":null,"holder_count":null}},{"type":"Feature","geometry":{"type":"Point","coordinates":[-5.310038,36.243975]},"properties":{"id":"VUT/CA/16987","type":"VUT","group":"Completa","address":"AVENIDA DEL GOLF Nº 164 Blq. 6 Plta/Piso 1 Compl.Dom. RESIDENCIAL THE LINKS, piso 1","postal_code":"11360","places":4,"units":2,"registered":"2023-04-05","catastro":"2638701TF9123N0083SU","holder":null,"holder_count":null}},{"type":"Feature","geometry":{"type":"Point","coordinates":[-5.318895,36.292475]},"properties":{"id":"VUT/CA/17019","type":"VUT","group":"Completa","address":"RESIDENCIAL CORTIJOS DE LA RESERVA Nº 6 Compl.Dom. URBANIZACIÓN DE SOTOGRANDE","postal_code":"11310","places":4,"units":2,"registered":"2023-04-10","catastro":"1396907TF9119N0006WY","holder":"MIPAUAL, S.L.","holder_count":2}},{"type":"Feature","geometry":{"type":"Point","coordinates":[-5.277094,36.288544]},"properties":{"id":"VUT/CA/17037","type":"VUT","group":"Completa","address":"URBANIZACION RIBERA DE LA NECORA, VIVIENDA Nº 22 Plta/Piso 3 Compl.Dom. PUERTO DE SOTOGRANDE MARINAI, piso 3","postal_code":"11310","places":6,"units":3,"registered":"2023-04-11","catastro":"5484914TF9158S0074GF","holder":"GATEWAY PROPERTY, S.L.","holder_count":1}},{"type":"Feature","geometry":{"type":"Point","coordinates":[-5.282854,36.288799]},"properties":{"id":"VUT/CA/17070","type":"VUT","group":"Completa","address":"URBANIZACION Guadalmarina II Blq. 1 Portal 1 Plta/Piso 2 Pta/Letra A, piso 2, puerta A","postal_code":"11310","places":4,"units":1,"registered":"2023-04-12","catastro":"5484927TF9158S0124RT","holder":null,"holder_count":null}},{"type":"Feature","geometry":{"type":"Point","coordinates":[-5.325104,36.249548]},"properties":{"id":"VUT/CA/17071","type":"VUT","group":"Completa","address":"CALLE Dave Thomas Nº 10 Blq. 5 Esc. 13 Plta/Piso 0 Pta/Letra A1 Compl.Dom. Urbanización Las Terrazas, piso 0, puerta A1","postal_code":"11360","places":4,"units":2,"registered":"2023-04-12","catastro":"0843209TF9104S0042EK","holder":null,"holder_count":null}},{"type":"Feature","geometry":{"type":"Point","coordinates":[-5.275809,36.286072]},"properties":{"id":"VUT/CA/17074","type":"VUT","group":"Completa","address":"PASEO DE MAR Nº 30 Plta/Piso 2 Pta/Letra C5, piso 2, puerta C5","postal_code":"11310","places":8,"units":4,"registered":"2023-04-13","catastro":"5682204TF9158S0107HJ","holder":null,"holder_count":null}},{"type":"Feature","geometry":{"type":"Point","coordinates":[-5.325104,36.249548]},"properties":{"id":"VUT/CA/17100","type":"VUT","group":"Completa","address":"URBANIZACION Terrazas de la Alcaidesa Blq. 5 Portal 11 Plta/Piso 2 Pta/Letra A Compl.Dom. Calle Dave Thomas, piso 2, puerta A","postal_code":"11360","places":5,"units":2,"registered":"2023-04-14","catastro":"0843209TF9104S0033BS","holder":null,"holder_count":null}},{"type":"Feature","geometry":{"type":"Point","coordinates":[-5.323136,36.245935]},"properties":{"id":"VUT/CA/17112","type":"VUT","group":"Completa","address":"URBANIZACION ALCAIDESA Nº 2 Blq. 2 Esc. 1 Plta/Piso B Compl.Dom. CONJUNTO 4, piso B","postal_code":"11360","places":6,"units":2,"registered":"2023-04-16","catastro":"1538109TF9113N0143UQ","holder":null,"holder_count":null}},{"type":"Feature","geometry":{"type":"Point","coordinates":[-5.326582,36.280281]},"properties":{"id":"VUT/CA/17161","type":"VUT","group":"Completa","address":"AVENIDA DE LOS CORTIJOS S/N Blq. 2 Pta/Letra 1 Compl.Dom. Edif VALGRANDE FASE II, puerta 1","postal_code":"11310","places":8,"units":4,"registered":"2023-04-20","catastro":"1177602TF9117N0222RA","holder":null,"holder_count":null}},{"type":"Feature","geometry":{"type":"Point","coordinates":[-5.323287,36.27924]},"properties":{"id":"VUT/CA/17174","type":"VUT","group":"Completa","address":"CALLE DUERO Nº 10 Compl.Dom. TERRAZAS DE S.G.","postal_code":"11310","places":8,"units":4,"registered":"2023-04-21","catastro":"1674405TF9117S0014EI","holder":null,"holder_count":null}},{"type":"Feature","geometry":{"type":"Point","coordinates":[-5.275809,36.286072]},"properties":{"id":"VUT/CA/17202","type":"VUT","group":"Completa","address":"PASEO del Mar Nº 30 Plta/Piso 1 Pta/Letra B1, piso 1, puerta B1","postal_code":"11310","places":6,"units":3,"registered":"2023-04-24","catastro":"5682204TF9158S0086XM","holder":null,"holder_count":null}},{"type":"Feature","geometry":{"type":"Point","coordinates":[-5.32131,36.245858]},"properties":{"id":"VUT/CA/17250","type":"VUT","group":"Completa","address":"URBANIZACION ALCAIDESA Nº 8 Esc. 1 Plta/Piso 4 Pta/Letra 141 Compl.Dom. BIRDIE CLUB, piso 4, puerta 141","postal_code":"11310","places":4,"units":2,"registered":"2023-04-26","catastro":"1541806TF9114S0047OR","holder":null,"holder_count":null}},{"type":"Feature","geometry":{"type":"Point","coordinates":[-5.331448,36.280689]},"properties":{"id":"VUT/CA/17254","type":"VUT","group":"Completa","address":"AVENIDA DE LOS CORTIJOS Nº 37 Blq. 3 Plta/Piso ATICO Compl.Dom. URB. MIRADOR DEL GOLF, piso ATICO","postal_code":"11310","places":9,"units":5,"registered":"2023-04-26","catastro":"0778101TF9107N0016WZ","holder":null,"holder_count":null}},{"type":"Feature","geometry":{"type":"Point","coordinates":[-5.278753,36.287425]},"properties":{"id":"VUT/CA/17280","type":"VUT","group":"Completa","address":"RESIDENCIAL ISLA DE LA VELA, VIVIENDA Nº 31 Portal 4 Plta/Piso 3 Compl.Dom. URBANIZACION PUERTO DE SOTOGRANDE, MARINA II, piso 3","postal_code":"11310","places":4,"units":2,"registered":"2023-04-28","catastro":"5484935TF9158S0032TU","holder":null,"holder_count":null}},{"type":"Feature","geometry":{"type":"Point","coordinates":[-5.280047,36.287587]},"properties":{"id":"VUT/CA/17346","type":"VUT","group":"Completa","address":"RESIDENCIAL ISLA TORTUGA Nº 25 Esc. 5 Plta/Piso 1 Compl.Dom. MARINA PUERTO DE SOTOGRANDE, piso 1","postal_code":"11310","places":4,"units":2,"registered":"2023-05-03","catastro":"5484933TF9158S0026UR","holder":null,"holder_count":null}},{"type":"Feature","geometry":{"type":"Point","coordinates":[-5.298384,36.292404]},"properties":{"id":"VUT/CA/17361","type":"VUT","group":"Completa","address":"CARRETERA cadiz Esc. 1 Plta/Piso 3 Pta/Letra 31 Compl.Dom. Urbanización Sotogrande, piso 3, puerta 31","postal_code":"11310","places":2,"units":1,"registered":"2023-05-03","catastro":"3388729TF9138N0073QB","holder":null,"holder_count":null}},{"type":"Feature","geometry":{"type":"Point","coordinates":[-5.310038,36.243975]},"properties":{"id":"VUT/CA/17371","type":"VUT","group":"Completa","address":"URBANIZACION ALCAIDESA Nº 7 Blq. 3 Esc. 1 Plta/Piso 0 Pta/Letra 303, piso 0, puerta 303","postal_code":"11360","places":4,"units":2,"registered":"2023-05-04","catastro":"2638701TF9123N0033MK","holder":"ROANA LIMIT","holder_count":1}},{"type":"Feature","geometry":{"type":"Point","coordinates":[-5.310038,36.243975]},"properties":{"id":"VUT/CA/17395","type":"VUT","group":"Completa","address":"URBANIZACION ALCAIDESA Nº 7 Blq. 6 Esc. 2 Plta/Piso 00 Pta/Letra 606, piso 00, puerta 606","postal_code":"11360","places":4,"units":2,"registered":"2023-05-05","catastro":"2638701TF9123N0078PT","holder":"ZATANNA REAL ESTATE SL","holder_count":1}},{"type":"Feature","geometry":{"type":"Point","coordinates":[-5.349251,36.277164]},"properties":{"id":"VUT/CA/17447","type":"VUT","group":"Completa","address":"URBANIZACION LOS CÁRMENES DE ALMENARA Nº 9 Compl.Dom. AVENIDA ALMENARA","postal_code":"11310","places":6,"units":3,"registered":"2023-05-09","catastro":"9771602TF8197S0009JE","holder":null,"holder_count":null}},{"type":"Feature","geometry":{"type":"Point","coordinates":[-5.307854,36.281227]},"properties":{"id":"VUT/CA/17461","type":"VUT","group":"Completa","address":"CALLE BARCELO Nº 5 Compl.Dom. SOTOGRANDE","postal_code":"11310","places":8,"units":4,"registered":"2023-05-10","catastro":"2778810TF9127N0001YJ","holder":null,"holder_count":null}},{"type":"Feature","geometry":{"type":"Point","coordinates":[-5.297451,36.292666]},"properties":{"id":"VUT/CA/17495","type":"VUT","group":"Completa","address":"CARRETERA NACIONAL Nº 340 Esc. GITANILLA Pta/Letra 6 Compl.Dom. URBANIZACION JARDINES DE SOTOGRANDE, puerta 6","postal_code":"11310","places":2,"units":1,"registered":"2023-05-14","catastro":"3388730TF9138N0039UZ","holder":null,"holder_count":null}},{"type":"Feature","geometry":{"type":"Point","coordinates":[-5.270937,36.291283]},"properties":{"id":"VUT/CA/17565","type":"VUT","group":"Completa","address":"AVENIDA LA MARINA DE SOTOGRANDE, EDIFICIO E Blq. E Plta/Piso 2 Pta/Letra 12, piso 2, puerta 12","postal_code":"11310","places":6,"units":2,"registered":"2023-05-18","catastro":"6088502TF9168N0037RI","holder":null,"holder_count":null}},{"type":"Feature","geometry":{"type":"Point","coordinates":[-5.275347,36.291472]},"properties":{"id":"VUT/CA/17566","type":"VUT","group":"Completa","address":"RESIDENCIAL RIBERA MARLIN Blq. C Portal 15 Plta/Piso 2 Pta/Letra A, piso 2, puerta A","postal_code":"11310","places":4,"units":2,"registered":"2023-05-18","catastro":"5484937TF9158S0182GX","holder":null,"holder_count":null}},{"type":"Feature","geometry":{"type":"Point","coordinates":[-5.326479,36.247753]},"properties":{"id":"VUT/CA/17582","type":"VUT","group":"Completa","address":"AVENIDA del Golf 9, Urbanizacion Alcaidesa Golf and Beach Resort Blq. 30 Plta/Piso Bajo Pta/Letra D, piso Bajo, puerta D","postal_code":"11360","places":4,"units":2,"registered":"2023-05-19","catastro":"0843203TF9104S0119UU","holder":null,"holder_count":null}},{"type":"Feature","geometry":{"type":"Point","coordinates":[-5.335273,36.280368]},"properties":{"id":"VUT/CA/17628","type":"VUT","group":"Completa","address":"CALLE FATIGA Nº 28","postal_code":"11310","places":8,"units":4,"registered":"2023-05-23","catastro":"0177152TF9107N0001SO","holder":"NICKY HOLLAND S.L.","holder_count":1}},{"type":"Feature","geometry":{"type":"Point","coordinates":[-5.274331,36.289859]},"properties":{"id":"VUT/CA/17657","type":"VUT","group":"Completa","address":"URBANIZACION MARINA DE SOTOGRANDE. RIBERA DEL ARLEQUIN Nº 29","postal_code":"11310","places":6,"units":3,"registered":"2023-05-25","catastro":"5484912TF9158N0018TF","holder":null,"holder_count":null}},{"type":"Feature","geometry":{"type":"Point","coordinates":[-5.382603,36.212472]},"properties":{"id":"VUT/CA/17704","type":"VUT","group":"Completa","address":"CALLE POSADA DEL TORO Nº 1 Plta/Piso 2 Pta/Letra B, piso 2, puerta B","postal_code":"11360","places":6,"units":2,"registered":"2023-05-29","catastro":"5803608TF8150S0046II","holder":null,"holder_count":null}},{"type":"Feature","geometry":{"type":"Point","coordinates":[-5.274331,36.289859]},"properties":{"id":"VUT/CA/17725","type":"VUT","group":"Completa","address":"CALLE RIBERA DEL ARLEQUIN Nº 16","postal_code":"11310","places":6,"units":3,"registered":"2023-05-29","catastro":"5484912TF9158N0024IJ","holder":null,"holder_count":null}},{"type":"Feature","geometry":{"type":"Point","coordinates":[-5.282059,36.288393]},"properties":{"id":"VUT/CA/17748","type":"VUT","group":"Completa","address":"AVENIDA DE LA MARINA Plta/Piso 2 Pta/Letra 6 Compl.Dom. EDIFICIO ISLA CAREY, piso 2, puerta 6","postal_code":"11310","places":4,"units":2,"registered":"2023-05-31","catastro":"5484928TF9158S0097HI","holder":null,"holder_count":null}},{"type":"Feature","geometry":{"type":"Point","coordinates":[-5.336531,36.297972]},"properties":{"id":"VUT/CA/17753","type":"VUT","group":"Completa","address":"CALLE VILLA AQUARIUS , EL MIRADOR, RESERVA DE SOTOGRANDE Plta/Piso 15 Pta/Letra 1 Compl.Dom. SOTOGRANDE, piso 15, puerta 1","postal_code":"11310","places":12,"units":6,"registered":"2023-05-31","catastro":"1396918tf9119n0001mq","holder":"SANSOTO - REAL ESTATE INVESTEMENTS S.A.","holder_count":1}},{"type":"Feature","geometry":{"type":"Point","coordinates":[-5.278753,36.287425]},"properties":{"id":"VUT/CA/17756","type":"VUT","group":"Completa","address":"AVENIDA MARINA Nº S/N Blq. 4 Pta/Letra 27 Compl.Dom. ISLA DE LA VELA, puerta 27","postal_code":"11360","places":4,"units":2,"registered":"2023-05-31","catastro":"5484935TF9158S0028RY","holder":null,"holder_count":null}},{"type":"Feature","geometry":{"type":"Point","coordinates":[-5.334545,36.278922]},"properties":{"id":"VUT/CA/17772","type":"VUT","group":"Completa","address":"CALLE FATIGA Nº 62 Compl.Dom. SOTOGRANDE","postal_code":"11310","places":12,"units":5,"registered":"2023-06-01","catastro":"0177135TF9107N0001TO","holder":null,"holder_count":null}},{"type":"Feature","geometry":{"type":"Point","coordinates":[-5.294367,36.289762]},"properties":{"id":"VUT/CA/17810","type":"VUT","group":"Completa","address":"CALLE RAMIRO EL MONJE, URB. ANTIGUA DE POLO Nº SN Pta/Letra 11 Compl.Dom. Urbanización campo de Polo de Sotogrande Casa 11, puerta 11","postal_code":"11310","places":6,"units":3,"registered":"2023-06-05","catastro":"4188706TF9148N0011JE","holder":null,"holder_count":null}},{"type":"Feature","geometry":{"type":"Point","coordinates":[-5.332023,36.286505]},"properties":{"id":"VUT/CA/17812","type":"VUT","group":"Completa","address":"CALLE ESCORIAL Nº 15 Compl.Dom. SOTOGRANDE","postal_code":"11310","places":10,"units":6,"registered":"2023-06-05","catastro":"1086312TF9118N0001EU","holder":null,"holder_count":null}},{"type":"Feature","geometry":{"type":"Point","coordinates":[-5.274331,36.289859]},"properties":{"id":"VUT/CA/17829","type":"VUT","group":"Completa","address":"BLOQUE Ribera del Arlequín, 4 Nº 4 Compl.Dom. Paseo de La Marina, Marina de Sotogrande","postal_code":"11310","places":9,"units":4,"registered":"2023-06-06","catastro":"5484912TF9158N0004JE","holder":null,"holder_count":null}},{"type":"Feature","geometry":{"type":"Point","coordinates":[-5.277301,36.289336]},"properties":{"id":"VUT/CA/17841","type":"VUT","group":"Completa","address":"AVENIDA DE LA MARINA Nº S/N Portal 2 Compl.Dom. URBANIZACION PIERS","postal_code":"11310","places":5,"units":2,"registered":"2023-06-06","catastro":"5486103TF9158N0011FU","holder":"KLE COMM ASSETS, SL","holder_count":2}},{"type":"Feature","geometry":{"type":"Point","coordinates":[-5.298384,36.292404]},"properties":{"id":"VUT/CA/17842","type":"VUT","group":"Completa","address":"CARRETERA CADIZ-MALAGA Km 0 Esc. 1 Plta/Piso 02 Pta/Letra 32, piso 02, puerta 32","postal_code":"11310","places":3,"units":1,"registered":"2023-06-06","catastro":"3388729TF9138N0042WZ","holder":null,"holder_count":null}},{"type":"Feature","geometry":{"type":"Point","coordinates":[-5.308765,36.281086]},"properties":{"id":"VUT/CA/17913","type":"VUT","group":"Completa","address":"CALLE BALEARES Nº 8","postal_code":"11310","places":8,"units":4,"registered":"2023-06-09","catastro":"2778816tf9127n0001fj","holder":null,"holder_count":null}},{"type":"Feature","geometry":{"type":"Point","coordinates":[-5.298384,36.292404]},"properties":{"id":"VUT/CA/17915","type":"VUT","group":"Completa","address":"CARRETERA N-340 Nº 133 Plta/Piso 3 Pta/Letra 330 Compl.Dom. Apartamentos Royal Golf, piso 3, puerta 330","postal_code":"11310","places":3,"units":1,"registered":"2023-06-09","catastro":"3388729TF9138N0072ML","holder":null,"holder_count":null}},{"type":"Feature","geometry":{"type":"Point","coordinates":[-5.27213,36.291475]},"properties":{"id":"VUT/CA/17961","type":"VUT","group":"Completa","address":"AVENIDA PUERTO SOTOGRANDE Nº 2 Esc. 4 Plta/Piso 1 Pta/Letra 16, piso 1, puerta 16","postal_code":"11360","places":6,"units":2,"registered":"2023-06-13","catastro":"6088301TF9168N0041AO","holder":"ALNES PROPERTY, S.L.","holder_count":1}},{"type":"Feature","geometry":{"type":"Point","coordinates":[-5.339102,36.260905]},"properties":{"id":"VUT/CA/18104","type":"VUT","group":"Completa","address":"URBANIZACION san roque club Nº 6 Plta/Piso 1 Pta/Letra a Compl.Dom. mansion, piso 1, puerta a","postal_code":"11360","places":6,"units":3,"registered":"2023-06-24","catastro":"9854202TF8195S0055GM","holder":null,"holder_count":null}},{"type":"Feature","geometry":{"type":"Point","coordinates":[-5.338205,36.26695]},"properties":{"id":"VUT/CA/18126","type":"VUT","group":"Completa","address":"URBANIZACION SAN ROQUE CLUB Nº 66 Compl.Dom. SAN ROQUE CLUB","postal_code":"11360","places":12,"units":6,"registered":"2023-06-26","catastro":"9964208TF8196S0001AQ","holder":"SMILEWAY SPAIN, S.L.","holder_count":1}},{"type":"Feature","geometry":{"type":"Point","coordinates":[-5.27926,36.288108]},"properties":{"id":"VUT/CA/18137","type":"VUT","group":"Completa","address":"URBANIZACION PUERTO SOTOGRANDE, MARINA II Nº 20 Plta/Piso 3, piso 3","postal_code":"11310","places":6,"units":3,"registered":"2023-06-27","catastro":"5484934TF9158S0021AX","holder":null,"holder_count":null}},{"type":"Feature","geometry":{"type":"Point","coordinates":[-5.270937,36.291283]},"properties":{"id":"VUT/CA/18189","type":"VUT","group":"Completa","address":"AVENIDA de la Marina, Blq. E Portal 4 Plta/Piso 1 Pta/Letra 121 Compl.Dom. PUERTO SOTOGRANDE, piso 1, puerta 121","postal_code":"11310","places":4,"units":2,"registered":"2023-06-30","catastro":"6088502TF9168N0021FK","holder":null,"holder_count":null}},{"type":"Feature","geometry":{"type":"Point","coordinates":[-5.298384,36.292404]},"properties":{"id":"VUT/CA/18198","type":"VUT","group":"Completa","address":"CARRETERA Carretera Nacional 340 Malaga-Cadiz, KM 133 Km 133 Plta/Piso 312 Compl.Dom. Edificio Royal Golf, piso 312","postal_code":"11311","places":4,"units":1,"registered":"2023-07-02","catastro":"3388729TF9138N0056DO","holder":null,"holder_count":null}},{"type":"Feature","geometry":{"type":"Point","coordinates":[-5.281786,36.289267]},"properties":{"id":"VUT/CA/18214","type":"VUT","group":"Completa","address":"URBANIZACION PUERTO SOTOGRANDE, EDIF. RIBERA DEL PEZ LUNA Nº 1 Portal 4 Pta/Letra G, puerta G","postal_code":"11310","places":4,"units":2,"registered":"2023-07-03","catastro":"5484929TF9158S0083FB","holder":null,"holder_count":null}},{"type":"Feature","geometry":{"type":"Point","coordinates":[-5.291248,36.307617]},"properties":{"id":"VUT/CA/18219","type":"VUT","group":"Completa","address":"CALLE POLO SUR Nº 30","postal_code":"11312","places":6,"units":3,"registered":"2023-07-03","catastro":"4307701tf9240n0023wl","holder":null,"holder_count":null}},{"type":"Feature","geometry":{"type":"Point","coordinates":[-5.382891,36.210093]},"properties":{"id":"VUT/CA/18226","type":"VUT","group":"Completa","address":"PLAZA las Viudas Nº 3 Plta/Piso 1ª Pta/Letra 3, piso 1ª, puerta 3","postal_code":"11360","places":5,"units":3,"registered":"2023-07-04","catastro":"5801616TF8150S1003PZ","holder":null,"holder_count":null}},{"type":"Feature","geometry":{"type":"Point","coordinates":[-5.258628,36.31816]},"properties":{"id":"VUT/CA/18292","type":"VUT","group":"Completa","address":"URBANIZACION Invespania Nº 180 Compl.Dom. parcela 5","postal_code":"11312","places":10,"units":4,"registered":"2023-07-08","catastro":"7216808TF9271N0000FI","holder":null,"holder_count":null}},{"type":"Feature","geometry":{"type":"Point","coordinates":[-5.282854,36.288799]},"properties":{"id":"VUT/CA/18308","type":"VUT","group":"Completa","address":"AVENIDA DE LA MARINA Blq. 2 Esc. 5 Plta/Piso 2 Pta/Letra C Compl.Dom. GUADALMARINA II, piso 2, puerta C","postal_code":"11310","places":4,"units":2,"registered":"2023-07-10","catastro":"5484927TF9158S0153QW","holder":null,"holder_count":null}},{"type":"Feature","geometry":{"type":"Point","coordinates":[-5.323136,36.245935]},"properties":{"id":"VUT/CA/18309","type":"VUT","group":"Completa","address":"URBANIZACION ALCAIDESA 2 Bl:1 Es:1 Pl:01 Pt:A1 CONJUNTO 7","postal_code":"11360","places":8,"units":3,"registered":"2023-07-10","catastro":"1538109TF9113N0244AT","holder":null,"holder_count":null}},{"type":"Feature","geometry":{"type":"Point","coordinates":[-5.332827,36.289078]},"properties":{"id":"VUT/CA/18337","type":"VUT","group":"Completa","address":"CALLE ESMERALDA Nº 1 Compl.Dom. SOTOGRANDE","postal_code":"11310","places":10,"units":4,"registered":"2023-07-12","catastro":"1286501TF9118N0001GU","holder":null,"holder_count":null}},{"type":"Feature","geometry":{"type":"Point","coordinates":[-5.271509,36.291525]},"properties":{"id":"VUT/CA/18340","type":"VUT","group":"Completa","address":"URBANIZACION LA MARINA Nº 2 Calif.Nº 7 Plta/Piso 2 Compl.Dom. EDIFICIO B1, piso 2","postal_code":"11312","places":6,"units":3,"registered":"2023-07-12","catastro":"6088501TF9168N0022YL","holder":null,"holder_count":null}},{"type":"Feature","geometry":{"type":"Point","coordinates":[-5.308043,36.280375]},"properties":{"id":"VUT/CA/18348","type":"VUT","group":"Completa","address":"CALLE BUENAVISTA Nº 35","postal_code":"11310","places":8,"units":4,"registered":"2023-07-12","catastro":"2778813TF9127N0001PJ","holder":null,"holder_count":null}},{"type":"Feature","geometry":{"type":"Point","coordinates":[-5.306838,36.299363]},"properties":{"id":"VUT/CA/18349","type":"VUT","group":"Completa","address":"CALLE CRISOL Nº 8 Compl.Dom. URB. GUADIALTO","postal_code":"11311","places":6,"units":3,"registered":"2023-07-12","catastro":"2998802TF9129N0009MD","holder":null,"holder_count":null}},{"type":"Feature","geometry":{"type":"Point","coordinates":[-5.339191,36.278367]},"properties":{"id":"VUT/CA/18354","type":"VUT","group":"Completa","address":"CALLE FORTUNA Nº 7 Compl.Dom. URBANIZACIÓN SOTOGRANDE","postal_code":"11310","places":8,"units":4,"registered":"2023-07-13","catastro":"0075210TF9107N0001BO","holder":null,"holder_count":null}},{"type":"Feature","geometry":{"type":"Point","coordinates":[-5.270505,36.302889]},"properties":{"id":"VUT/CA/18390","type":"VUT","group":"Completa","address":"URBANIZACION COLINA DEL MAR Esc. 1 Plta/Piso 00 Pta/Letra X Compl.Dom. URB VISTA LAGUNA, piso 00, puerta X","postal_code":"11311","places":6,"units":3,"registered":"2023-07-17","catastro":"6101522TF9260S0007HW","holder":null,"holder_count":null}},{"type":"Feature","geometry":{"type":"Point","coordinates":[-5.295789,36.291664]},"properties":{"id":"VUT/CA/18403","type":"VUT","group":"Completa","address":"CALLE SANTIAGO DE COMPOSTELA Nº S/N Blq. A Portal 2 Plta/Piso 1 Pta/Letra 4 Compl.Dom. URBANIZACION POLO GARDENS, piso 1, puerta 4","postal_code":"11310","places":6,"units":3,"registered":"2023-07-18","catastro":"3989801TF9138N0058IA","holder":null,"holder_count":null}},{"type":"Feature","geometry":{"type":"Point","coordinates":[-5.323136,36.245935]},"properties":{"id":"VUT/CA/18424","type":"VUT","group":"Completa","address":"RESIDENCIAL NUEVA ALCAIDESA Nº 0 Blq. 2 Portal 2 Plta/Piso 1 Pta/Letra B, piso 1, puerta B","postal_code":"11360","places":9,"units":3,"registered":"2023-07-20","catastro":"1538109TF9113N0090DU","holder":null,"holder_count":null}},{"type":"Feature","geometry":{"type":"Point","coordinates":[-5.275809,36.286072]},"properties":{"id":"VUT/CA/18452","type":"VUT","group":"Completa","address":"APARTAMENTO PLAYA Blq. 6 Plta/Piso 1 Pta/Letra B-1, piso 1, puerta B-1","postal_code":"11310","places":7,"units":3,"registered":"2023-07-24","catastro":"5682204TF9158S0086XM","holder":null,"holder_count":null}},{"type":"Feature","geometry":{"type":"Point","coordinates":[-5.282095,36.2875]},"properties":{"id":"VUT/CA/18469","type":"VUT","group":"Completa","address":"AVENIDA DE LA MARINA S/N Portal 1 Plta/Piso 3 Pta/Letra 2 Compl.Dom. URBANIZACION JUNGLA DEL LORO, piso 3, puerta 2","postal_code":"11310","places":4,"units":3,"registered":"2023-07-25","catastro":"5484925TF9158S0015ML","holder":null,"holder_count":null}},{"type":"Feature","geometry":{"type":"Point","coordinates":[-5.277301,36.289336]},"properties":{"id":"VUT/CA/18496","type":"VUT","group":"Completa","address":"RESIDENCIAL PIER Blq. 4 Plta/Piso 1 Pta/Letra 5 Compl.Dom. SOTOGRANDE, piso 1, puerta 5","postal_code":"11310","places":6,"units":3,"registered":"2023-07-27","catastro":"5486103TF9158N0042DY","holder":null,"holder_count":null}},{"type":"Feature","geometry":{"type":"Point","coordinates":[-5.325104,36.249548]},"properties":{"id":"VUT/CA/18530","type":"VUT","group":"Completa","address":"URBANIZACION LAS TERRAZAS DE ALCAIDESA Blq. 3 Portal 8 Plta/Piso AT Pta/Letra AT, piso AT, puerta AT","postal_code":"11360","places":6,"units":3,"registered":"2023-08-01","catastro":"0843209TF9104S0015IM","holder":"LESLA S.A.","holder_count":1}},{"type":"Feature","geometry":{"type":"Point","coordinates":[-5.276904,36.285848]},"properties":{"id":"VUT/CA/18557","type":"VUT","group":"Completa","address":"PASEO Del Mar Nº 26 Blq. 7 Plta/Piso 2 Pta/Letra 11, piso 2, puerta 11","postal_code":"11310","places":5,"units":2,"registered":"2023-08-03","catastro":"5682205TF9158S0104XF","holder":null,"holder_count":null}},{"type":"Feature","geometry":{"type":"Point","coordinates":[-5.335757,36.279724]},"properties":{"id":"VUT/CA/18560","type":"VUT","group":"Completa","address":"CALLE FATIGA Nº 47","postal_code":"11310","places":8,"units":4,"registered":"2023-08-04","catastro":"0377623TF9107N0001BO","holder":null,"holder_count":null}},{"type":"Feature","geometry":{"type":"Point","coordinates":[-5.276452,36.287179]},"properties":{"id":"VUT/CA/18564","type":"VUT","group":"Completa","address":"PASEO PASEO DEL MAR Nº 44 Blq. 9 Portal 4 Esc. B Plta/Piso 1 Pta/Letra 15 Compl.Dom. URBANIZACIÓN PUERTO DE SOTOGRANDE, APARTAMENTO 1-15, EDIFICIO APARTAMENTOS PLAYA, piso 1, puerta 15","postal_code":"11310","places":4,"units":2,"registered":"2023-08-04","catastro":"5682203TF9158S0106YH","holder":null,"holder_count":null}},{"type":"Feature","geometry":{"type":"Point","coordinates":[-5.294367,36.289762]},"properties":{"id":"VUT/CA/18580","type":"VUT","group":"Completa","address":"CALLE RAMIRO EL MONJE Nº 1 Portal 2 Esc. 1 Plta/Piso 1 Pta/Letra 9 Compl.Dom. APARTAMENTOS EL POLO, piso 1, puerta 9","postal_code":"11310","places":6,"units":2,"registered":"2023-08-07","catastro":"4188706TF9148N0009KR","holder":null,"holder_count":null}},{"type":"Feature","geometry":{"type":"Point","coordinates":[-5.339102,36.260905]},"properties":{"id":"VUT/CA/18620","type":"VUT","group":"Completa","address":"PASEO MESA DEL DIENTE, LAS TERRAZAS Nº 19 Pta/Letra 71 Compl.Dom. URBANIZACIÓN SAN ROQUE CLUB, puerta 71","postal_code":"11360","places":8,"units":4,"registered":"2023-08-11","catastro":"9854202TF8195S0029ZY","holder":"VICKNICK PROPERTIES, S.L.","holder_count":1}},{"type":"Feature","geometry":{"type":"Point","coordinates":[-5.280159,36.288549]},"properties":{"id":"VUT/CA/18622","type":"VUT","group":"Completa","address":"AVENIDA DE LA MARINA Nº 14 Portal 3 Plta/Piso 1 Pta/Letra 6 Compl.Dom. PUERTO DE SOTOGRANDE, piso 1, puerta 6","postal_code":"11310","places":6,"units":3,"registered":"2023-08-11","catastro":"5484932TF9158S0018HX","holder":null,"holder_count":null}},{"type":"Feature","geometry":{"type":"Point","coordinates":[-5.333544,36.279093]},"properties":{"id":"VUT/CA/18673","type":"VUT","group":"Completa","address":"CALLE Fatiga, Nº 59 Nº 59 Compl.Dom. Urb. Sotogrande","postal_code":"11360","places":10,"units":5,"registered":"2023-08-21","catastro":"0377617TF9107N0001HO","holder":null,"holder_count":null}},{"type":"Feature","geometry":{"type":"Point","coordinates":[-5.318895,36.292475]},"properties":{"id":"VUT/CA/18674","type":"VUT","group":"Completa","address":"AVENIDA La Reserva Nº 65 Compl.Dom. Urb Los Cortijos de la Reserva, 65","postal_code":"11310","places":4,"units":2,"registered":"2023-08-22","catastro":"1396907TF9119N0061HB","holder":null,"holder_count":null}},{"type":"Feature","geometry":{"type":"Point","coordinates":[-5.278753,36.287425]},"properties":{"id":"VUT/CA/18675","type":"VUT","group":"Completa","address":"AVENIDA PUERTO SOTOGRANDE ISLA DE LA VELA Nº 11 Blq. 2 Portal 2 Plta/Piso BAJO Pta/Letra 03 Compl.Dom. ISLA DE LE VELA, piso BAJO, puerta 03","postal_code":"11310","places":4,"units":2,"registered":"2023-08-22","catastro":"5484935TF9158S0004OA","holder":null,"holder_count":null}},{"type":"Feature","geometry":{"type":"Point","coordinates":[-5.29276,36.287879]},"properties":{"id":"VUT/CA/18678","type":"VUT","group":"Completa","address":"CALLE Ramiro Monje Nº 1 Blq. 2 Plta/Piso bajo Pta/Letra C Compl.Dom. Urbanización El Polo, piso bajo, puerta C","postal_code":"11310","places":5,"units":3,"registered":"2023-08-22","catastro":"4188704TF9148N0016RI","holder":"Asesoria de Consumo y Sanidad SL","holder_count":1}},{"type":"Feature","geometry":{"type":"Point","coordinates":[-5.318323,36.287784]},"properties":{"id":"VUT/CA/18699","type":"VUT","group":"Completa","address":"RESIDENCIAL SENDACHICA Blq. 13 Plta/Piso B Pta/Letra C Compl.Dom. AVENIDA DE LA RESERVA DE SOTOGRANDE, piso B, puerta C","postal_code":"11310","places":6,"units":3,"registered":"2023-08-25","catastro":"2087517TF9128N0330AJ","holder":null,"holder_count":null}},{"type":"Feature","geometry":{"type":"Point","coordinates":[-5.339102,36.260905]},"properties":{"id":"VUT/CA/18700","type":"VUT","group":"Completa","address":"URBANIZACION PUEBLO I FASE II, AVENIDA MESAS DEL DIENTE Blq. 16 Portal D Plta/Piso 4 Pta/Letra D Compl.Dom. SAN ROQUE CLUB - CALLE TONY JACKLIN - ATERRAZADA, piso 4, puerta D","postal_code":"11360","places":6,"units":3,"registered":"2023-08-25","catastro":"9854202TF8195S0009UG","holder":"NIRVANA ARK SOLUTIONS SL","holder_count":1}},{"type":"Feature","geometry":{"type":"Point","coordinates":[-5.341086,36.285443]},"properties":{"id":"VUT/CA/18733","type":"VUT","group":"Completa","address":"URBANIZACION SOTOALTO Nº 19","postal_code":"11310","places":10,"units":5,"registered":"2023-08-30","catastro":"0085227TF9108N0001BE","holder":"STUDENT BEEHIVE SPAIN SL","holder_count":1}},{"type":"Feature","geometry":{"type":"Point","coordinates":[-5.281786,36.289267]},"properties":{"id":"VUT/CA/18759","type":"VUT","group":"Completa","address":"AVENIDA PUERTO SOTOGRANDE (PS) Esc. 1 Plta/Piso 0 Pta/Letra E, piso 0, puerta E","postal_code":"11360","places":6,"units":2,"registered":"2023-09-04","catastro":"5484929TF9158S0076PH","holder":null,"holder_count":null}},{"type":"Feature","geometry":{"type":"Point","coordinates":[-5.276904,36.285848]},"properties":{"id":"VUT/CA/18761","type":"VUT","group":"Completa","address":"CALLE Paseo del mar Nº 28 Plta/Piso 1 Pta/Letra 15, piso 1, puerta 15","postal_code":"11310","places":6,"units":5,"registered":"2023-09-04","catastro":"5682205TF9158S0092AE","holder":null,"holder_count":null}},{"type":"Feature","geometry":{"type":"Point","coordinates":[-5.298384,36.292404]},"properties":{"id":"VUT/CA/18769","type":"VUT","group":"Completa","address":"CARRETERA CADIZ-MALAGA Esc. 1 Plta/Piso 3 Pta/Letra 30 Compl.Dom. Km:1,33, piso 3, puerta 30","postal_code":"11311","places":3,"units":1,"registered":"2023-09-05","catastro":"3388729TF9138N0072ML","holder":null,"holder_count":null}},{"type":"Feature","geometry":{"type":"Point","coordinates":[-5.306209,36.29137]},"properties":{"id":"VUT/CA/18770","type":"VUT","group":"Completa","address":"CALLE Cantarillo Nº 8 Blq. D2 Plta/Piso 1 Pta/Letra A, piso 1, puerta A","postal_code":"11311","places":8,"units":3,"registered":"2023-09-05","catastro":"3089203TF9138N0085MY","holder":null,"holder_count":null}},{"type":"Feature","geometry":{"type":"Point","coordinates":[-5.309275,36.282686]},"properties":{"id":"VUT/CA/18781","type":"VUT","group":"Completa","address":"CALLE BUENOS AIRES Nº 55 Compl.Dom. URBANIZACIÓN SOTOGRANDE","postal_code":"11310","places":9,"units":5,"registered":"2023-09-08","catastro":"2680615TF9128S0001ML","holder":null,"holder_count":null}},{"type":"Feature","geometry":{"type":"Point","coordinates":[-5.346434,36.269839]},"properties":{"id":"VUT/CA/18814","type":"VUT","group":"Completa","address":"AVENIDA ALMENARA,  C/V GRANADA y C/ GRAZALEMA Nº S/N Compl.Dom. SOTOGRANDE","postal_code":"11360","places":15,"units":17,"registered":"2023-09-14","catastro":"9467219TF8196N0001MH","holder":"THE SEA RECOVERY RETREAT SL","holder_count":1}},{"type":"Feature","geometry":{"type":"Point","coordinates":[-5.321869,36.289307]},"properties":{"id":"VUT/CA/18839","type":"VUT","group":"Completa","address":"CONJUNTO VILLAGE VERDE- FASE I Blq. 1 Esc. 2 Plta/Piso 1 Pta/Letra D, piso 1, puerta D","postal_code":"11360","places":4,"units":2,"registered":"2023-09-20","catastro":"1396909TF9119N0001GQ","holder":"SOTOGRANDE SERVICE PROVIDER S.L.U.","holder_count":7}},{"type":"Feature","geometry":{"type":"Point","coordinates":[-5.282059,36.288393]},"properties":{"id":"VUT/CA/18843","type":"VUT","group":"Completa","address":"AVENIDA DE LA MARINA S/N, ISLA CAREY Nº S/N Esc. 2 Plta/Piso 2 Pta/Letra D, piso 2, puerta D","postal_code":"11310","places":8,"units":3,"registered":"2023-09-21","catastro":"5484928TF9158S0099KP","holder":"MUÑOZ FENOLLOSA INVERSIONES SL","holder_count":1}},{"type":"Feature","geometry":{"type":"Point","coordinates":[-5.277301,36.289336]},"properties":{"id":"VUT/CA/18848","type":"VUT","group":"Completa","address":"AVENIDA PUERTO SOTOGRANDE Blq. 5 Esc. 5 Plta/Piso 1 Pta/Letra 4 Compl.Dom. CONJUNTO PIER FASE I, piso 1, puerta 4","postal_code":"11360","places":4,"units":2,"registered":"2023-09-22","catastro":"5486103TF9158N0057WK","holder":null,"holder_count":null}},{"type":"Feature","geometry":{"type":"Point","coordinates":[-5.321869,36.289307]},"properties":{"id":"VUT/CA/18854","type":"VUT","group":"Completa","address":"AVENIDA LA RESERVA, s/n, SOTOGRANDE Plta/Piso 3 Pta/Letra A, piso 3, puerta A","postal_code":"11310","places":8,"units":4,"registered":"2023-09-25","catastro":"1396909TF9119N0001GQ","holder":"CHEVALLIER IBERICA SOCIEDAD LIMITADA","holder_count":1}},{"type":"Feature","geometry":{"type":"Point","coordinates":[-5.321869,36.289307]},"properties":{"id":"VUT/CA/18869","type":"VUT","group":"Completa","address":"AVENIDA DE LA RESERVA Blq. 4 Esc. 1 Pta/Letra 2A Compl.Dom. URBANIZACION VILLAGE VERDE, puerta 2A","postal_code":"11310","places":6,"units":3,"registered":"2023-09-27","catastro":"1396909TF9119N0001GQ","holder":"SOTOGRANDE SERVICE PROVIDER S.L.U.","holder_count":7}},{"type":"Feature","geometry":{"type":"Point","coordinates":[-5.276898,36.285131]},"properties":{"id":"VUT/CA/18874","type":"VUT","group":"Completa","address":"PASEO del Mar Nº 12 Plta/Piso 1 Pta/Letra 3, piso 1, puerta 3","postal_code":"11310","places":6,"units":4,"registered":"2023-09-28","catastro":"5682207TF9158S0015XL","holder":null,"holder_count":null}},{"type":"Feature","geometry":{"type":"Point","coordinates":[-5.336282,36.264307]},"properties":{"id":"VUT/CA/18889","type":"VUT","group":"Completa","address":"PASEO MESA DEL DIENTE Nº 29 Blq. 5","postal_code":"11360","places":6,"units":3,"registered":"2023-10-02","catastro":"0261503TF9106S0029HX","holder":"IBERIA LIVING MANAGEMENT SL","holder_count":6}},{"type":"Feature","geometry":{"type":"Point","coordinates":[-5.346279,36.276714]},"properties":{"id":"VUT/CA/18893","type":"VUT","group":"Completa","address":"CALLE FUSTA Nº 4 Compl.Dom. SOTOGRANDE","postal_code":"11310","places":8,"units":4,"registered":"2023-10-04","catastro":"9275725TF8197N0001LP","holder":"MIPAUAL, S.L.","holder_count":2}},{"type":"Feature","geometry":{"type":"Point","coordinates":[-5.28436,36.2776]},"properties":{"id":"VUT/CA/18898","type":"VUT","group":"Completa","address":"CALLE ISABEL LA CATÓLICA Nº 5 Compl.Dom. SOTOGRANDE, PARCELA Nº 280343","postal_code":"11360","places":12,"units":6,"registered":"2023-10-04","catastro":"4873408TF9147S0001GP","holder":"CHEVERAL PROPERTIES LIMITED","holder_count":1}},{"type":"Feature","geometry":{"type":"Point","coordinates":[-5.281209,36.287364]},"properties":{"id":"VUT/CA/18903","type":"VUT","group":"Completa","address":"AVENIDA DE LA MARINA Blq. 8 Plta/Piso 1 Pta/Letra 16 Compl.Dom. EDIFICIO JUNGLA DEL LORO, piso 1, puerta 16","postal_code":"11310","places":6,"units":3,"registered":"2023-10-04","catastro":"5484924TF9158S0002RO","holder":"INGETECO SUR S.L","holder_count":2}},{"type":"Feature","geometry":{"type":"Point","coordinates":[-5.281209,36.287364]},"properties":{"id":"VUT/CA/18904","type":"VUT","group":"Completa","address":"AVENIDA DE LA MARINA Blq. 9 Plta/Piso 2 Pta/Letra 18 Compl.Dom. EDIFICIO JUNGLA DEL LORO, piso 2, puerta 18","postal_code":"11310","places":5,"units":2,"registered":"2023-10-04","catastro":"5484924TF9158S0063QY","holder":"INGETECO SUR S.L","holder_count":2}},{"type":"Feature","geometry":{"type":"Point","coordinates":[-5.277301,36.289336]},"properties":{"id":"VUT/CA/18910","type":"VUT","group":"Completa","address":"CONJUNTO RESIDENCIAL PIER Blq. 3 Plta/Piso BJO Pta/Letra 4 Compl.Dom. FASE UNO, piso BJO, puerta 4","postal_code":"11360","places":4,"units":2,"registered":"2023-10-05","catastro":"5486103TF9158N0025WK","holder":null,"holder_count":null}},{"type":"Feature","geometry":{"type":"Point","coordinates":[-5.313071,36.291412]},"properties":{"id":"VUT/CA/18925","type":"VUT","group":"Completa","address":"CALLE DE GOLF Nº 12 Blq. 14 Pta/Letra A Compl.Dom. URBANIZACIÓN LA FINCA, puerta A","postal_code":"11310","places":15,"units":4,"registered":"2023-10-10","catastro":"20875A0TF9128N0012LL","holder":null,"holder_count":null}},{"type":"Feature","geometry":{"type":"Point","coordinates":[-5.275347,36.291472]},"properties":{"id":"VUT/CA/18950","type":"VUT","group":"Completa","address":"AVENIDA DE LA MARINA Nº S/N Portal 9 Plta/Piso 3 Pta/Letra A Compl.Dom. CONJUNTO RIBERA DEL MARLIN, piso 3, puerta A","postal_code":"11360","places":5,"units":2,"registered":"2023-10-17","catastro":"5484937TF9158S0128WO","holder":null,"holder_count":null}},{"type":"Feature","geometry":{"type":"Point","coordinates":[-5.336908,36.269586]},"properties":{"id":"VUT/CA/18951","type":"VUT","group":"Completa","address":"CALLE MESAS DEL DIENTE, CONJUNTO RESIDENCIAL EMERALD GREENS, 1ª SUBFASE, FASE II Nº 4 Blq. 4 Portal 4 Esc. 1 Plta/Piso 1 Pta/Letra 5 Compl.Dom. BLOQUE 4, PLANTA 1ª APARAMENTO NUMERO 5, piso 1, puerta 5","postal_code":"11360","places":5,"units":2,"registered":"2023-10-17","catastro":"0266101TF9106N9999LE","holder":"INTEGRACION Y PLANIFICACION DE SERVICIOS S.L.","holder_count":1}},{"type":"Feature","geometry":{"type":"Point","coordinates":[-5.29276,36.287879]},"properties":{"id":"VUT/CA/18978","type":"VUT","group":"Completa","address":"URBANIZACION EL POLO DE SOTOGRANDE Blq. 4 Plta/Piso 1 Pta/Letra C, piso 1, puerta C","postal_code":"11310","places":4,"units":2,"registered":"2023-10-24","catastro":"4188704TF9148N0044MR","holder":"NOLL & PARTNERS INTERNATIONAL PROPERTIES, S.L.","holder_count":1}},{"type":"Feature","geometry":{"type":"Point","coordinates":[-5.275347,36.291472]},"properties":{"id":"VUT/CA/18985","type":"VUT","group":"Completa","address":"CONJUNTO RESIDENCIAL MARLIN, RIBERA DEL MARLIN Blq. A Portal 4 Plta/Piso 4 Pta/Letra 4B Compl.Dom. MARINA DE SOTOGRANDE, piso 4, puerta 4B","postal_code":"11311","places":4,"units":2,"registered":"2023-10-25","catastro":"5484937TF9158S0084FZ","holder":null,"holder_count":null}},{"type":"Feature","geometry":{"type":"Point","coordinates":[-5.281786,36.289267]},"properties":{"id":"VUT/CA/18996","type":"VUT","group":"Completa","address":"AVENIDA DE LA MARINA Portal 2 Esc. 1 Pta/Letra D Compl.Dom. Urb. Rivera del Pez Luna, puerta D","postal_code":"11310","places":4,"units":2,"registered":"2023-10-26","catastro":"5484929TF9158S0080AJ","holder":"MOONRAKER PROPERTIES SL","holder_count":1}},{"type":"Feature","geometry":{"type":"Point","coordinates":[-5.321869,36.289307]},"properties":{"id":"VUT/CA/18998","type":"VUT","group":"Completa","address":"BLOQUE 3-1.C APARTAMENTO VILLAGE VERDE Blq. 3 Esc. 2 Plta/Piso 1 Compl.Dom. LA RESERVA, piso 1","postal_code":"11360","places":6,"units":3,"registered":"2023-10-26","catastro":"1396909TF9119N0001GQ","holder":"SOTOGRANDE SERVICE PROVIDER S.L.U.","holder_count":7}},{"type":"Feature","geometry":{"type":"Point","coordinates":[-5.270564,36.30249]},"properties":{"id":"VUT/CA/19046","type":"VUT","group":"Completa","address":"CALLE Las Palmeras Plta/Piso C2 Compl.Dom. Torreguadiaro, piso C2","postal_code":"11312","places":6,"units":3,"registered":"2023-11-05","catastro":"6199701TF9169N0014KI","holder":null,"holder_count":null}},{"type":"Feature","geometry":{"type":"Point","coordinates":[-5.338533,36.27157]},"properties":{"id":"VUT/CA/19057","type":"VUT","group":"Completa","address":"CALLE SAN ROQUE CLUB Nº 0 Blq. 7 Plta/Piso 00 Pta/Letra A Compl.Dom. PARTIDO DE GUADALQUITON, piso 00, puerta A","postal_code":"11310","places":6,"units":3,"registered":"2023-11-08","catastro":"0068402TF9106N0031UD","holder":null,"holder_count":null}},{"type":"Feature","geometry":{"type":"Point","coordinates":[-5.336282,36.264307]},"properties":{"id":"VUT/CA/19069","type":"VUT","group":"Completa","address":"CALLE SAN ROQUE CLUB Blq. 4 Pta/Letra 25 Compl.Dom. RESIDENCIAL HOYO 17, puerta 25","postal_code":"11360","places":6,"units":3,"registered":"2023-11-08","catastro":"0261503TF9106S0025SK","holder":null,"holder_count":null}},{"type":"Feature","geometry":{"type":"Point","coordinates":[-5.336282,36.264307]},"properties":{"id":"VUT/CA/19081","type":"VUT","group":"Completa","address":"CALLE SAN ROQUE CLUB Blq. 2 Pta/Letra 13, puerta 13","postal_code":"11360","places":8,"units":4,"registered":"2023-11-10","catastro":"0261503TF9106S0013EO","holder":"IBERIA LIVING MANAGEMENT SL","holder_count":6}},{"type":"Feature","geometry":{"type":"Point","coordinates":[-5.33694,36.269574]},"properties":{"id":"VUT/CA/19088","type":"VUT","group":"Completa","address":"CALLE SAN ROQUE CLUB Blq. 4 Esc. 1 Plta/Piso 2 Pta/Letra 7, piso 2, puerta 7","postal_code":"11360","places":6,"units":3,"registered":"2023-11-13","catastro":"0266101TF9106N0031YD","holder":"IBERIA LIVING MANAGEMENT SL","holder_count":6}},{"type":"Feature","geometry":{"type":"Point","coordinates":[-5.314883,36.282183]},"properties":{"id":"VUT/CA/19097","type":"VUT","group":"Completa","address":"CALLE CASTILLA Nº 26 Compl.Dom. SOTOGRANDE","postal_code":"11360","places":10,"units":4,"registered":"2023-11-14","catastro":"2180710TF9128S0001XL","holder":null,"holder_count":null}},{"type":"Feature","geometry":{"type":"Point","coordinates":[-5.310038,36.243975]},"properties":{"id":"VUT/CA/19122","type":"VUT","group":"Completa","address":"URBANIZACION THE LINKS II ALCAIDESA Nº 124 Blq. 1 Esc. 2","postal_code":"11360","places":4,"units":2,"registered":"2023-11-16","catastro":"2638701TF9123N0001MK","holder":null,"holder_count":null}},{"type":"Feature","geometry":{"type":"Point","coordinates":[-5.272902,36.292052]},"properties":{"id":"VUT/CA/19127","type":"VUT","group":"Completa","address":"LUGAR LA MARINA Blq. B1 Plta/Piso 1 Pta/Letra 4, piso 1, puerta 4","postal_code":"11310","places":6,"units":3,"registered":"2023-11-17","catastro":"5989801TF9158N0011XU","holder":null,"holder_count":null}},{"type":"Feature","geometry":{"type":"Point","coordinates":[-5.272972,36.291222]},"properties":{"id":"VUT/CA/19147","type":"VUT","group":"Completa","address":"AVENIDA PUERTO DE SOTOGRANDE Blq. 5 Plta/Piso 1 Pta/Letra 10, piso 1, puerta 10","postal_code":"11310","places":12,"units":3,"registered":"2023-11-22","catastro":"5988201TF9158N0020XD","holder":null,"holder_count":null}},{"type":"Feature","geometry":{"type":"Point","coordinates":[-5.336455,36.261499]},"properties":{"id":"VUT/CA/19165","type":"VUT","group":"Completa","address":"URBANIZACION SAN ROQUE CLUB Nº 0 Esc. 7 Plta/Piso 2 Pta/Letra A, piso 2, puerta A","postal_code":"11360","places":6,"units":3,"registered":"2023-11-27","catastro":"0358301TF9105N0041AE","holder":null,"holder_count":null}},{"type":"Feature","geometry":{"type":"Point","coordinates":[-5.321869,36.289307]},"properties":{"id":"VUT/CA/19193","type":"VUT","group":"Completa","address":"URBANIZACION VILLAGE VERDE Blq. 3 Esc. 2 Plta/Piso 2 Pta/Letra C Compl.Dom. LA RESERVA - SAN ROQUE, piso 2, puerta C","postal_code":"11360","places":6,"units":3,"registered":"2023-12-01","catastro":"1396909TF9119N0001GQ","holder":"SOTOGRANDE SERVICE PROVIDER S.L.U.","holder_count":7}},{"type":"Feature","geometry":{"type":"Point","coordinates":[-5.310038,36.243975]},"properties":{"id":"VUT/CA/19202","type":"VUT","group":"Completa","address":"URBANIZACION THE LINKS II Nº 124 Blq. 1 Esc. 2 Plta/Piso 2, piso 2","postal_code":"11360","places":4,"units":2,"registered":"2023-12-04","catastro":"2638701TF9123N0001MK","holder":null,"holder_count":null}},{"type":"Feature","geometry":{"type":"Point","coordinates":[-5.287461,36.283605]},"properties":{"id":"VUT/CA/19208","type":"VUT","group":"Completa","address":"CALLE Isabel la Catolica Nº 36 Compl.Dom. Sotogrande","postal_code":"11310","places":14,"units":7,"registered":"2023-12-05","catastro":"4680204TF9148S0001UR","holder":null,"holder_count":null}},{"type":"Feature","geometry":{"type":"Point","coordinates":[-5.299747,36.285146]},"properties":{"id":"VUT/CA/19215","type":"VUT","group":"Completa","address":"CALLE TERESA DE ARAGON Nº 4 Pta/Letra 6, puerta 6","postal_code":"11310","places":12,"units":6,"registered":"2023-12-07","catastro":"3582604tf9138s0001tm","holder":null,"holder_count":null}},{"type":"Feature","geometry":{"type":"Point","coordinates":[-5.279604,36.284759]},"properties":{"id":"VUT/CA/19259","type":"VUT","group":"Completa","address":"PASEO RIO Nº 25","postal_code":"11310","places":6,"units":3,"registered":"2023-12-15","catastro":"5281701TF9158S0035YP","holder":null,"holder_count":null}},{"type":"Feature","geometry":{"type":"Point","coordinates":[-5.298384,36.292404]},"properties":{"id":"VUT/CA/19262","type":"VUT","group":"Completa","address":"CARRETERA Cádiz-Málaga Km 133 Plta/Piso 1 Pta/Letra 104 Compl.Dom. Apartamentos RoyalGolf Sotogrande, piso 1, puerta 104","postal_code":"11310","places":4,"units":1,"registered":"2023-12-16","catastro":"3388729TF9138N0004XK","holder":null,"holder_count":null}},{"type":"Feature","geometry":{"type":"Point","coordinates":[-5.298384,36.292404]},"properties":{"id":"VUT/CA/19263","type":"VUT","group":"Completa","address":"CARRETERA Cádiz-Málaga Km 133 Plta/Piso 1 Pta/Letra 03 Compl.Dom. Apartamentos RoyalGolf Sotogrande, piso 1, puerta 03","postal_code":"11310","places":4,"units":1,"registered":"2023-12-16","catastro":"3388729TF9138N0003ZJ","holder":null,"holder_count":null}},{"type":"Feature","geometry":{"type":"Point","coordinates":[-5.277677,36.284836]},"properties":{"id":"VUT/CA/19290","type":"VUT","group":"Completa","address":"PLAYA NORTE DE SOTOGRANDE Nº 18 Blq. 5 Plta/Piso 1 Pta/Letra A.1.1., piso 1, puerta A.1.1.","postal_code":"11360","places":4,"units":2,"registered":"2023-12-20","catastro":"5682208TF9158S0067XP","holder":null,"holder_count":null}},{"type":"Feature","geometry":{"type":"Point","coordinates":[-5.305123,36.282593]},"properties":{"id":"VUT/CA/19292","type":"VUT","group":"Completa","address":"CALLE BUENAVISTA Nº 59","postal_code":"11310","places":12,"units":6,"registered":"2023-12-20","catastro":"3079905TF9137N0001BZ","holder":null,"holder_count":null}},{"type":"Feature","geometry":{"type":"Point","coordinates":[-5.317606,36.244168]},"properties":{"id":"VUT/CA/19343","type":"VUT","group":"Completa","address":"URBANIZACION ALTAVISTA DE ALCAIDESA Nº 3 Esc. 1 Plta/Piso 01 Pta/Letra 12, piso 01, puerta 12","postal_code":"11360","places":4,"units":2,"registered":"2024-01-03","catastro":"1538107TF9113N0007IB","holder":null,"holder_count":null}},{"type":"Feature","geometry":{"type":"Point","coordinates":[-5.34783,36.284764]},"properties":{"id":"VUT/CA/19347","type":"VUT","group":"Completa","address":"AVENIDA ALMENARA Nº 5 Pta/Letra 1 Compl.Dom. URB. ALMENARA BLOQUE GRES, puerta 1","postal_code":"11310","places":4,"units":2,"registered":"2024-01-04","catastro":"9771601tf8197s0090ha","holder":null,"holder_count":null}},{"type":"Feature","geometry":{"type":"Point","coordinates":[-5.34023,36.28327]},"properties":{"id":"VUT/CA/19365","type":"VUT","group":"Completa","address":"URBANIZACION SOTO ALTO Nº 28","postal_code":"11360","places":8,"units":3,"registered":"2024-01-08","catastro":"9981301TF8198S0029YA","holder":null,"holder_count":null}},{"type":"Feature","geometry":{"type":"Point","coordinates":[-5.340881,36.261082]},"properties":{"id":"VUT/CA/19377","type":"VUT","group":"Completa","address":"CALLE SAN ROQUE CLUB Nº 1 Esc. 13 Plta/Piso -4 Pta/Letra 19, piso -4, puerta 19","postal_code":"11360","places":6,"units":3,"registered":"2024-01-09","catastro":"9854201TF8195S0019TX","holder":"IBERIA LIVING MANAGEMENT SL","holder_count":6}},{"type":"Feature","geometry":{"type":"Point","coordinates":[-5.310038,36.243975]},"properties":{"id":"VUT/CA/19404","type":"VUT","group":"Completa","address":"URBANIZACION LA ALCAIDESA Nº 118 Pta/Letra 118, puerta 118","postal_code":"11360","places":9,"units":3,"registered":"2024-01-12","catastro":"2638701TF9123N0011UW","holder":null,"holder_count":null}},{"type":"Feature","geometry":{"type":"Point","coordinates":[-5.267407,36.301881]},"properties":{"id":"VUT/CA/19423","type":"VUT","group":"Completa","address":"AVENIDA MAR DEL SUR Nº 41 Plta/Piso 1 Pta/Letra 5 Compl.Dom. EDIFICIO MAMIA, piso 1, puerta 5","postal_code":"11312","places":2,"units":1,"registered":"2024-01-15","catastro":"6300412TF9260S0032DK","holder":null,"holder_count":null}},{"type":"Feature","geometry":{"type":"Point","coordinates":[-5.270937,36.291283]},"properties":{"id":"VUT/CA/19425","type":"VUT","group":"Completa","address":"URBANIZACION PUERTO DEPORTIVO SOTOGRANDE, EDIFICIO E Nº SN Portal 2 Plta/Piso 2ª Pta/Letra 2.4, piso 2ª, puerta 2.4","postal_code":"11310","places":4,"units":2,"registered":"2024-01-16","catastro":"6088502TF9168N0030BQ","holder":null,"holder_count":null}},{"type":"Feature","geometry":{"type":"Point","coordinates":[-5.34023,36.28327]},"properties":{"id":"VUT/CA/19461","type":"VUT","group":"Completa","address":"URBANIZACION SOTO ALTO Plta/Piso 0 Pta/Letra 53 Compl.Dom. URB, SOTO ALTO, piso 0, puerta 53","postal_code":"11360","places":6,"units":3,"registered":"2024-01-19","catastro":"9981301TF8198S0054XR","holder":null,"holder_count":null}},{"type":"Feature","geometry":{"type":"Point","coordinates":[-5.323136,36.245935]},"properties":{"id":"VUT/CA/19520","type":"VUT","group":"Completa","address":"AVENIDA DEL GOLF Nº 10 Blq. 3 Portal 1 Esc. 1 Plta/Piso 1 Pta/Letra A Compl.Dom. URBANIZACION NUEVA ALCAIDESA, piso 1, puerta A","postal_code":"11360","places":6,"units":3,"registered":"2024-01-25","catastro":"1538109TF9113N0094JA","holder":null,"holder_count":null}},{"type":"Feature","geometry":{"type":"Point","coordinates":[-5.273827,36.291288]},"properties":{"id":"VUT/CA/19553","type":"VUT","group":"Completa","address":"URBANIZACION Ribera del obispo Pta/Letra 25 Compl.Dom. sotogrande, puerta 25","postal_code":"11310","places":8,"units":4,"registered":"2024-01-29","catastro":"5484918TF9158S0026KR","holder":null,"holder_count":null}},{"type":"Feature","geometry":{"type":"Point","coordinates":[-5.34023,36.28327]},"properties":{"id":"VUT/CA/19554","type":"VUT","group":"Completa","address":"URBANIZACION SOTOGOLF Nº 12 Compl.Dom. URBANIZACIÓN SOTOALTO","postal_code":"11360","places":10,"units":5,"registered":"2024-01-29","catastro":"9981301TF8198S0013HZ","holder":null,"holder_count":null}},{"type":"Feature","geometry":{"type":"Point","coordinates":[-5.331448,36.280689]},"properties":{"id":"VUT/CA/19593","type":"VUT","group":"Completa","address":"CALLE AVENIDA DE LOS CORTIJOS Nº 37 Blq. 1 Portal 1 Esc. 1 Plta/Piso 2 Pta/Letra A Compl.Dom. ÁTICO 1, piso 2, puerta A","postal_code":"11310","places":11,"units":6,"registered":"2024-01-31","catastro":"0778101TF9107N0006KF","holder":"AVANTI A TOPE, S.L.","holder_count":1}},{"type":"Feature","geometry":{"type":"Point","coordinates":[-5.303075,36.293039]},"properties":{"id":"VUT/CA/19601","type":"VUT","group":"Completa","address":"AVENIDA DE LOS CANOS Nº 9 Calif.Nº 9 Esc. 1","postal_code":"11311","places":8,"units":4,"registered":"2024-02-01","catastro":"3391101TF9139S0009SW","holder":null,"holder_count":null}},{"type":"Feature","geometry":{"type":"Point","coordinates":[-5.280937,36.289134]},"properties":{"id":"VUT/CA/19602","type":"VUT","group":"Completa","address":"CALLE RIBERA DE LA GOLONDRINA Nº 1 Plta/Piso 2 Pta/Letra 2.2 Compl.Dom. MARINA DE SOTOGRANDE, piso 2, puerta 2.2","postal_code":"11310","places":6,"units":2,"registered":"2024-02-01","catastro":"5484930TF9158S0013HJ","holder":null,"holder_count":null}},{"type":"Feature","geometry":{"type":"Point","coordinates":[-5.344268,36.278344]},"properties":{"id":"VUT/CA/19603","type":"VUT","group":"Completa","address":"CALLE FONDEO Nº 623","postal_code":"11360","places":8,"units":4,"registered":"2024-02-01","catastro":"9577841TF8197N0001UP","holder":null,"holder_count":null}},{"type":"Feature","geometry":{"type":"Point","coordinates":[-5.323136,36.245935]},"properties":{"id":"VUT/CA/19673","type":"VUT","group":"Completa","address":"CONJUNTO RESIDENCIAL NUEVA ALCAIDESA, CONJUNTO Nº 3 Blq. 1 Portal 2 Plta/Piso BJ Pta/Letra A, piso BJ, puerta A","postal_code":"11360","places":6,"units":3,"registered":"2024-02-07","catastro":"1538109TF9113N0097BF","holder":null,"holder_count":null}},{"type":"Feature","geometry":{"type":"Point","coordinates":[-5.425428,36.206187]},"properties":{"id":"VUT/CA/19693","type":"VUT","group":"Completa","address":"CALLE Las Gardenias Nº 3","postal_code":"11369","places":6,"units":3,"registered":"2024-02-08","catastro":"2097403TF8029N0001YA","holder":null,"holder_count":null}},{"type":"Feature","geometry":{"type":"Point","coordinates":[-5.306385,36.285829]},"properties":{"id":"VUT/CA/19699","type":"VUT","group":"Completa","address":"URBANIZACION SOTOGRANDE, CALLE BAJA Nº 111","postal_code":"11310","places":4,"units":2,"registered":"2024-02-09","catastro":"3082301TF9138S0001YM","holder":null,"holder_count":null}},{"type":"Feature","geometry":{"type":"Point","coordinates":[-5.274403,36.29042]},"properties":{"id":"VUT/CA/19714","type":"VUT","group":"Completa","address":"AVENIDA PUERTO SOTOGRANDE Esc. A Plta/Piso 2 Pta/Letra 29, piso 2, puerta 29","postal_code":"11311","places":4,"units":2,"registered":"2024-02-12","catastro":"5484919TF9158S0029UU","holder":null,"holder_count":null}},{"type":"Feature","geometry":{"type":"Point","coordinates":[-5.310038,36.243975]},"properties":{"id":"VUT/CA/19786","type":"VUT","group":"Completa","address":"URBANIZACION Alcaidesa Nº 7 Compl.Dom. Vivienda 401","postal_code":"11311","places":8,"units":2,"registered":"2024-02-20","catastro":"2638701TF9123N0001MK","holder":null,"holder_count":null}},{"type":"Feature","geometry":{"type":"Point","coordinates":[-5.326184,36.282293]},"properties":{"id":"VUT/CA/19793","type":"VUT","group":"Completa","address":"URBANIZACION LA HACIENDA DE VALDERRAMA Blq. 2 Portal 32 Plta/Piso 6 Pta/Letra D, piso 6, puerta D","postal_code":"11310","places":6,"units":3,"registered":"2024-02-21","catastro":"1280804TF9118S0032MF","holder":"VIVLA HOME SOT 1, SOCIEDAD LIMITADA","holder_count":1}},{"type":"Feature","geometry":{"type":"Point","coordinates":[-5.31631,36.27769]},"properties":{"id":"VUT/CA/19797","type":"VUT","group":"Completa","address":"CALLE GIRALDA Nº 12","postal_code":"11310","places":10,"units":3,"registered":"2024-02-21","catastro":"2074510TF9127S0001UW","holder":null,"holder_count":null}},{"type":"Feature","geometry":{"type":"Point","coordinates":[-5.310038,36.243975]},"properties":{"id":"VUT/CA/19801","type":"VUT","group":"Completa","address":"URBANIZACION Alcaidesa Nº 7 Compl.Dom. Vivienda 401","postal_code":"11311","places":8,"units":2,"registered":"2024-02-21","catastro":"2638701TF9123N0044IE","holder":null,"holder_count":null}},{"type":"Feature","geometry":{"type":"Point","coordinates":[-5.280946,36.2883]},"properties":{"id":"VUT/CA/19802","type":"VUT","group":"Completa","address":"URBANIZACION Isla del Pez Barbero, en la Marina de Puerto Sotogrande Nº 18 Blq. 2 Plta/Piso 2 Compl.Dom. DUPLEX número DIECIOCHO de la planta SEGUNDA, IZQUIERDA del bloque número DOS, piso 2","postal_code":"11310","places":8,"units":2,"registered":"2024-02-21","catastro":"5484931TF9158S0019IM","holder":null,"holder_count":null}},{"type":"Feature","geometry":{"type":"Point","coordinates":[-5.317606,36.244168]},"properties":{"id":"VUT/CA/19811","type":"VUT","group":"Completa","address":"URBANIZACION ALCAIDESA Nº 3 Esc. 3 Plta/Piso 1 Pta/Letra 14 Compl.Dom. ALTAVISTA DE ALCAIDESA, piso 1, puerta 14","postal_code":"11316","places":6,"units":3,"registered":"2024-02-23","catastro":"1538107TF9113N0034EG","holder":"POLARIS NETWORK ESPAÑA SL","holder_count":2}},{"type":"Feature","geometry":{"type":"Point","coordinates":[-5.317606,36.244168]},"properties":{"id":"VUT/CA/19812","type":"VUT","group":"Completa","address":"URBANIZACION ALCAIDESA Nº 3 Esc. 5 Plta/Piso 1 Pta/Letra 11 Compl.Dom. UR. ALTAVISTA DE ALCAIDESA, piso 1, puerta 11","postal_code":"11316","places":6,"units":3,"registered":"2024-02-23","catastro":"1538107TF9113N0054JY","holder":"POLARIS NETWORK ESPAÑA SL","holder_count":2}},{"type":"Feature","geometry":{"type":"Point","coordinates":[-5.310038,36.243975]},"properties":{"id":"VUT/CA/19816","type":"VUT","group":"Completa","address":"URBANIZACION CONJUNTO URBANISTICO LA ALCAIDESA Nº 3 Blq. 6 Esc. 2 Pta/Letra 607 Compl.Dom. Cortijo La Reserva número 3, Sotogrande, San Roque, puerta 607","postal_code":"11360","places":3,"units":2,"registered":"2024-02-24","catastro":"2638701TF9123N0001MK","holder":null,"holder_count":null}},{"type":"Feature","geometry":{"type":"Point","coordinates":[-5.266042,36.301878]},"properties":{"id":"VUT/CA/19825","type":"VUT","group":"Completa","address":"URBANIZACION PATRICIA Blq. 4 Plta/Piso 7 Pta/Letra A Compl.Dom. EDIF. PATRICIA PARK, piso 7, puerta A","postal_code":"11312","places":6,"units":3,"registered":"2024-02-26","catastro":"6698301TF9169N0029GB","holder":null,"holder_count":null}},{"type":"Feature","geometry":{"type":"Point","coordinates":[-5.257192,36.312948]},"properties":{"id":"VUT/CA/19855","type":"VUT","group":"Completa","address":"URBANIZACION SAN DIEGO Nº 38","postal_code":"11360","places":8,"units":4,"registered":"2024-03-01","catastro":"7310407TF9271S0001ZJ","holder":null,"holder_count":null}},{"type":"Feature","geometry":{"type":"Point","coordinates":[-5.27738,36.287214]},"properties":{"id":"VUT/CA/19862","type":"VUT","group":"Completa","address":"URBANIZACION Ribera del Delfin Portal 1 Plta/Piso 3, piso 3","postal_code":"11310","places":7,"units":2,"registered":"2024-03-03","catastro":"5484916TF9158S0044SH","holder":null,"holder_count":null}},{"type":"Feature","geometry":{"type":"Point","coordinates":[-5.318323,36.287784]},"properties":{"id":"VUT/CA/19874","type":"VUT","group":"Completa","address":"URBANIZACION SOTOGRANDE (C. DE GOLF) Nº 34(A) Blq. 11 Esc. 1 Plta/Piso 0 Pta/Letra 11A, piso 0, puerta 11A","postal_code":"11360","places":6,"units":3,"registered":"2024-03-04","catastro":"2087517TF9128N0314QU","holder":null,"holder_count":null}},{"type":"Feature","geometry":{"type":"Point","coordinates":[-5.275809,36.286072]},"properties":{"id":"VUT/CA/19877","type":"VUT","group":"Completa","address":"AVENIDA DEL MAR Nº 32 Calif.Nº B Plta/Piso 02 Pta/Letra 04, piso 02, puerta 04","postal_code":"11310","places":6,"units":2,"registered":"2024-03-04","catastro":"5682204TF9158S0111JK","holder":null,"holder_count":null}},{"type":"Feature","geometry":{"type":"Point","coordinates":[-5.336908,36.269586]},"properties":{"id":"VUT/CA/19887","type":"VUT","group":"Completa","address":"URBANIZACION SAN ROQUE CLUB EMERALD GREENS Blq. 4 Pta/Letra 2, puerta 2","postal_code":"11360","places":6,"units":3,"registered":"2024-03-05","catastro":"0266101TF9106N0026RA","holder":null,"holder_count":null}},{"type":"Feature","geometry":{"type":"Point","coordinates":[-5.317606,36.244168]},"properties":{"id":"VUT/CA/19900","type":"VUT","group":"Completa","address":"URBANIZACION ALCAIDESA Nº 3 Esc. 3 Plta/Piso 02 Pta/Letra 21 Compl.Dom. UR.ALTAVISTA DE ALCAIDESA, piso 02, puerta 21","postal_code":"11360","places":6,"units":3,"registered":"2024-03-06","catastro":"1538107TF9113N0036TJ","holder":"EXPERTISES ET CONSEILLES TECHNIQUES, E.C.T.","holder_count":1}},{"type":"Feature","geometry":{"type":"Point","coordinates":[-5.297451,36.292666]},"properties":{"id":"VUT/CA/19904","type":"VUT","group":"Completa","address":"URBANIZACION JARDINES DE SOTOGRANDE Nº 21 Compl.Dom. EDIFICIO HIBISCO","postal_code":"11310","places":4,"units":2,"registered":"2024-03-07","catastro":"3388730TF9138N0041YB","holder":null,"holder_count":null}},{"type":"Feature","geometry":{"type":"Point","coordinates":[-5.291935,36.305973]},"properties":{"id":"VUT/CA/19923","type":"VUT","group":"Completa","address":"CALLE CAÑADA REAL Nº 20 Pta/Letra A, puerta A","postal_code":"11312","places":5,"units":3,"registered":"2024-03-10","catastro":"4304209TF9240S0001MA","holder":null,"holder_count":null}},{"type":"Feature","geometry":{"type":"Point","coordinates":[-5.267407,36.301881]},"properties":{"id":"VUT/CA/19967","type":"VUT","group":"Completa","address":"AVENIDA MAR DEL SUR Nº 9 Compl.Dom. EDIFICIO MAMIA","postal_code":"11312","places":6,"units":3,"registered":"2024-03-14","catastro":"6300412TF9260S0036JX","holder":null,"holder_count":null}},{"type":"Feature","geometry":{"type":"Point","coordinates":[-5.340926,36.279241]},"properties":{"id":"VUT/CA/20054","type":"VUT","group":"Completa","address":"CALLE FORMA Nº 6 Compl.Dom. SAN ROQUE","postal_code":"11310","places":2,"units":3,"registered":"2024-03-21","catastro":"9876317TF8197N0001UP","holder":null,"holder_count":null}},{"type":"Feature","geometry":{"type":"Point","coordinates":[-5.34925,36.277164]},"properties":{"id":"VUT/CA/20059","type":"VUT","group":"Completa","address":"URBANIZACION DE SOTOGRANDE, VIVIENDA UNIFAMLIAR/ADOSADA, TIPO B Nº 5 Compl.Dom. NUCLEO I, COMPLEJO RESIDENCIAL LOS CARMENES DE ALMENARA","postal_code":"11310","places":8,"units":4,"registered":"2024-03-21","catastro":"9771602TF8197S0005DX","holder":null,"holder_count":null}},{"type":"Feature","geometry":{"type":"Point","coordinates":[-5.336908,36.269586]},"properties":{"id":"VUT/CA/20116","type":"VUT","group":"Completa","address":"CALLE San Roque Club Blq. 1 Esc. 2 Plta/Piso 1 Pta/Letra 4 Compl.Dom. San Roque, piso 1, puerta 4","postal_code":"11310","places":6,"units":3,"registered":"2024-03-27","catastro":"0266101TF9106N0004AK","holder":null,"holder_count":null}},{"type":"Feature","geometry":{"type":"Point","coordinates":[-5.317606,36.244168]},"properties":{"id":"VUT/CA/20141","type":"VUT","group":"Completa","address":"AVENIDA AV. DEL GOLF Nº 3 Blq. 14 Portal 1 Esc. 12 Plta/Piso 1 Compl.Dom. AV. DEL GOLF, 3 PL01 14, piso 1","postal_code":"11360","places":8,"units":2,"registered":"2024-04-01","catastro":"1538107TF9113N0140OZ","holder":null,"holder_count":null}},{"type":"Feature","geometry":{"type":"Point","coordinates":[-5.318323,36.287784]},"properties":{"id":"VUT/CA/20172","type":"VUT","group":"Por habitaciones","address":"APARTAMENTO Urbanizacion Senda Chica Avenida de la reserva Blq. 8 Pta/Letra A, puerta A","postal_code":"11310","places":6,"units":3,"registered":"2024-04-04","catastro":"2087517TF9128N0297AJ","holder":null,"holder_count":null}},{"type":"Feature","geometry":{"type":"Point","coordinates":[-5.311795,36.24429]},"properties":{"id":"VUT/CA/20217","type":"VUT","group":"Completa","address":"URBANIZACION ALCAIDESA Nº 4 Blq. 5 Plta/Piso 01 Pta/Letra 11, piso 01, puerta 11","postal_code":"11360","places":4,"units":2,"registered":"2024-04-09","catastro":"1538102TF9113N0046DQ","holder":null,"holder_count":null}},{"type":"Feature","geometry":{"type":"Point","coordinates":[-5.258357,36.317346]},"properties":{"id":"VUT/CA/20237","type":"VUT","group":"Completa","address":"URBANIZACION INVESPANIA Nº 9","postal_code":"11360","places":8,"units":4,"registered":"2024-04-10","catastro":"7215910TF9271N0000RI","holder":null,"holder_count":null}},{"type":"Feature","geometry":{"type":"Point","coordinates":[-5.268272,36.300626]},"properties":{"id":"VUT/CA/20253","type":"VUT","group":"Completa","address":"AVENIDA MAR DEL SUR Nº 11 Pta/Letra 45, puerta 45","postal_code":"11312","places":3,"units":2,"registered":"2024-04-11","catastro":"6498103TF9169N0013TU","holder":null,"holder_count":null}},{"type":"Feature","geometry":{"type":"Point","coordinates":[-5.266042,36.301878]},"properties":{"id":"VUT/CA/20292","type":"VUT","group":"Completa","address":"URBANIZACION PATRICIA Plta/Piso 16 Pta/Letra 51C Compl.Dom. EDIFICIO PATRICIA PARK, TORRE GUADIARO, piso 16, puerta 51C","postal_code":"11312","places":6,"units":3,"registered":"2024-04-16","catastro":"6698301TF9169N0058SJ","holder":"TARIFA PRODUCTIONS SL","holder_count":1}},{"type":"Feature","geometry":{"type":"Point","coordinates":[-5.318323,36.287784]},"properties":{"id":"VUT/CA/20300","type":"VUT","group":"Completa","address":"AVENIDA La Reserva Nº 34 Calif.Nº A Blq. 8 Plta/Piso Bajo Pta/Letra A Compl.Dom. La Reserva, Urbanización Senda Chica, Bloque 8, Bajo A, piso Bajo, puerta A","postal_code":"11310","places":9,"units":5,"registered":"2024-04-16","catastro":"2087517TF9128N0293UD","holder":null,"holder_count":null}},{"type":"Feature","geometry":{"type":"Point","coordinates":[-5.300999,36.294423]},"properties":{"id":"VUT/CA/20307","type":"VUT","group":"Completa","address":"AVENIDA Los Canos Nº 35","postal_code":"11311","places":10,"units":4,"registered":"2024-04-17","catastro":"3593122TF9139S0001KJ","holder":null,"holder_count":null}},{"type":"Feature","geometry":{"type":"Point","coordinates":[-5.264622,36.303777]},"properties":{"id":"VUT/CA/20340","type":"VUT","group":"Completa","address":"CARRETERA CADIZ MALAGA Nº 57","postal_code":"11360","places":12,"units":6,"registered":"2024-04-19","catastro":"6600705TF9260S0001SL","holder":null,"holder_count":null}},{"type":"Feature","geometry":{"type":"Point","coordinates":[-5.320201,36.235767]},"properties":{"id":"VUT/CA/20381","type":"VUT","group":"Completa","address":"CONJUNTO ALCAIDESA VILLAGE GOLFPALYA, ED.ROSAL Nº 11 Plta/Piso 2 Pta/Letra 1122, piso 2, puerta 1122","postal_code":"11316","places":6,"units":3,"registered":"2024-04-23","catastro":"1728128TF9112N0069ZQ","holder":null,"holder_count":null}},{"type":"Feature","geometry":{"type":"Point","coordinates":[-5.324285,36.278437]},"properties":{"id":"VUT/CA/20424","type":"VUT","group":"Completa","address":"URBANIZACION RESIDENCIAL SOTOMAR 43 SOTOGRANDE Nº 43 Compl.Dom. SOTOGRANDE SOTOMAR","postal_code":"11310","places":6,"units":2,"registered":"2024-04-26","catastro":"1674406TF9117S0043OT","holder":"MAPOBAR23 SL","holder_count":1}},{"type":"Feature","geometry":{"type":"Point","coordinates":[-5.323136,36.245935]},"properties":{"id":"VUT/CA/20472","type":"VUT","group":"Completa","address":"AVENIDA DEL GOLF Nº SN Blq. 6 Portal 2 Esc. 1 Plta/Piso 1 Pta/Letra A Compl.Dom. URBANIZACION NUEVA ALCAIDESA, piso 1, puerta A","postal_code":"11360","places":6,"units":3,"registered":"2024-04-30","catastro":"1538109TF9113N0224BF","holder":null,"holder_count":null}},{"type":"Feature","geometry":{"type":"Point","coordinates":[-5.270717,36.306146]},"properties":{"id":"VUT/CA/20476","type":"VUT","group":"Completa","address":"CALLE MEXICO Nº SN Compl.Dom. COLINA DEL MAR TORREGUADIARO","postal_code":"11312","places":6,"units":3,"registered":"2024-04-30","catastro":"6101503TF9260S0001IL","holder":null,"holder_count":null}},{"type":"Feature","geometry":{"type":"Point","coordinates":[-5.321869,36.289307]},"properties":{"id":"VUT/CA/20496","type":"VUT","group":"Completa","address":"URBANIZACION VILLAGE VERDE - LA RESERVA Blq. 1 Esc. 3 Plta/Piso 1, piso 1","postal_code":"11360","places":6,"units":3,"registered":"2024-05-02","catastro":"1396909TF9119N0001GQ","holder":"SOTOGRANDE SERVICE PROVIDER S.L.U.","holder_count":7}},{"type":"Feature","geometry":{"type":"Point","coordinates":[-5.305143,36.278889]},"properties":{"id":"VUT/CA/20526","type":"VUT","group":"Completa","address":"CALLE BALBOA Nº 5 Compl.Dom. SOTOGRANDE","postal_code":"11310","places":11,"units":6,"registered":"2024-05-06","catastro":"3176814TF9137N0001QZ","holder":null,"holder_count":null}},{"type":"Feature","geometry":{"type":"Point","coordinates":[-5.326184,36.282293]},"properties":{"id":"VUT/CA/20529","type":"VUT","group":"Completa","address":"AVENIDA DE LOS CORTIJOS Nº S/N Blq. 5D Compl.Dom. SOTOGRANDE","postal_code":"11310","places":6,"units":3,"registered":"2024-05-06","catastro":"1280804TF9118S0026BA","holder":"NINE HILLS, S.L.","holder_count":2}},{"type":"Feature","geometry":{"type":"Point","coordinates":[-5.282854,36.288799]},"properties":{"id":"VUT/CA/20530","type":"VUT","group":"Completa","address":"AVENIDA Marina Nº 20 Plta/Piso 03 Pta/Letra B, piso 03, puerta B","postal_code":"11310","places":6,"units":2,"registered":"2024-05-06","catastro":"5484927TF9158S0132OP","holder":"SIREGA REALTY SRL","holder_count":1}},{"type":"Feature","geometry":{"type":"Point","coordinates":[-5.323136,36.245935]},"properties":{"id":"VUT/CA/20547","type":"VUT","group":"Completa","address":"URBANIZACION Nueva Alcaidesa Nº 2 Blq. 1 Portal 1 Plta/Piso 1 Pta/Letra B Compl.Dom. Avenida del Golf (Alcaidesa), piso 1, puerta B","postal_code":"11360","places":3,"units":2,"registered":"2024-05-07","catastro":"1538109TF9113N0075RZ","holder":null,"holder_count":null}},{"type":"Feature","geometry":{"type":"Point","coordinates":[-5.305723,36.295252]},"properties":{"id":"VUT/CA/20548","type":"VUT","group":"Completa","address":"CALLE BAILEN Nº 67 Compl.Dom. CALLE BAILEN 67","postal_code":"11311","places":8,"units":5,"registered":"2024-05-07","catastro":"3191301TF9139S0001TJ","holder":null,"holder_count":null}},{"type":"Feature","geometry":{"type":"Point","coordinates":[-5.291745,36.304895]},"properties":{"id":"VUT/CA/20549","type":"VUT","group":"Completa","address":"CALLE Sol Nº 8","postal_code":"11312","places":6,"units":3,"registered":"2024-05-07","catastro":"4303804TF9240S0001BA","holder":null,"holder_count":null}},{"type":"Feature","geometry":{"type":"Point","coordinates":[-5.321869,36.289307]},"properties":{"id":"VUT/CA/20576","type":"VUT","group":"Completa","address":"AVENIDA La Reserva Nº s/n Blq. 4 Portal 2 Plta/Piso 0 Pta/Letra C Compl.Dom. Village Verde, piso 0, puerta C","postal_code":"11310","places":6,"units":3,"registered":"2024-05-09","catastro":"1396909TF9119N0048RD","holder":null,"holder_count":null}},{"type":"Feature","geometry":{"type":"Point","coordinates":[-5.292777,36.288899]},"properties":{"id":"VUT/CA/20602","type":"VUT","group":"Completa","address":"CALLE RAMIRO EL MONJE Nº S/N Blq. 19 Plta/Piso 2 Pta/Letra A Compl.Dom. URBANIZACION EL POLO, EDIFICIO DURHAM, piso 2, puerta A","postal_code":"11310","places":8,"units":3,"registered":"2024-05-10","catastro":"4188708TF9148N0010AW","holder":null,"holder_count":null}},{"type":"Feature","geometry":{"type":"Point","coordinates":[-5.317606,36.244168]},"properties":{"id":"VUT/CA/20604","type":"VUT","group":"Completa","address":"URBANIZACION Urbanización Altavista de La Alcaidesa Nº 1114","postal_code":"11360","places":4,"units":2,"registered":"2024-05-10","catastro":"1538107TF9113N0128EG","holder":null,"holder_count":null}},{"type":"Feature","geometry":{"type":"Point","coordinates":[-5.281786,36.289267]},"properties":{"id":"VUT/CA/20608","type":"VUT","group":"Completa","address":"AVENIDA DE LA MARINA Nº SN Portal 2 Plta/Piso ATICO Pta/Letra D Compl.Dom. URB RIBERA DEL PEZ LUNA, piso ATICO, puerta D","postal_code":"11310","places":8,"units":3,"registered":"2024-05-11","catastro":"5484929TF9158S0100RP","holder":"GEMENAR SL","holder_count":2}},{"type":"Feature","geometry":{"type":"Point","coordinates":[-5.317147,36.27945]},"properties":{"id":"VUT/CA/20631","type":"VUT","group":"Completa","address":"CALLE CERVANTES Nº 2 Compl.Dom. calle de cervantes, 2","postal_code":"11360","places":11,"units":5,"registered":"2024-05-13","catastro":"2380445TF9128S0001ZL","holder":null,"holder_count":null}},{"type":"Feature","geometry":{"type":"Point","coordinates":[-5.271509,36.291525]},"properties":{"id":"VUT/CA/20649","type":"VUT","group":"Completa","address":"PLAZA DEL AGUA, EDIFICIO Nº D Plta/Piso 2 Pta/Letra 4 Compl.Dom. PUERTO DEPORTIVO DE SOTOGRANDE, piso 2, puerta 4","postal_code":"11310","places":4,"units":2,"registered":"2024-05-14","catastro":"6088501TF9168N0019YL","holder":null,"holder_count":null}},{"type":"Feature","geometry":{"type":"Point","coordinates":[-5.311795,36.24429]},"properties":{"id":"VUT/CA/20662","type":"VUT","group":"Completa","address":"URBANIZACION Marina de la Alcaidesa Pta/Letra 16 Compl.Dom. ADOSADO 16, puerta 16","postal_code":"11360","places":8,"units":3,"registered":"2024-05-15","catastro":"1538102TF9113N0155XP","holder":null,"holder_count":null}},{"type":"Feature","geometry":{"type":"Point","coordinates":[-5.281706,36.286887]},"properties":{"id":"VUT/CA/20665","type":"VUT","group":"Completa","address":"AVENIDA PUERTO SOTOGRANDE Nº OTR Esc. 4 Plta/Piso 3 Pta/Letra 53 Compl.Dom. JUNGLA DEL LORO, piso 3, puerta 53","postal_code":"11312","places":4,"units":2,"registered":"2024-05-15","catastro":"5484923TF9158S0030FT","holder":null,"holder_count":null}},{"type":"Feature","geometry":{"type":"Point","coordinates":[-5.277493,36.288248]},"properties":{"id":"VUT/CA/20681","type":"VUT","group":"Completa","address":"CONJUNTO RESIDENCIAL RIBERA DEL DRAGONCILLO Nº 7 Portal 1 Plta/Piso 3 Compl.Dom. MARINA DE SOTOGRANDE, piso 3","postal_code":"11310","places":4,"units":2,"registered":"2024-05-16","catastro":"5484915TF9158S0069XS","holder":null,"holder_count":null}},{"type":"Feature","geometry":{"type":"Point","coordinates":[-5.276898,36.285131]},"properties":{"id":"VUT/CA/20685","type":"VUT","group":"Completa","address":"URBANIZACION PASEO DEL MAR Nº 10 Blq. A Portal 2 Pta/Letra 4, puerta 4","postal_code":"11310","places":6,"units":3,"registered":"2024-05-16","catastro":"5682207TF9158S0020QZ","holder":null,"holder_count":null}},{"type":"Feature","geometry":{"type":"Point","coordinates":[-5.310205,36.279658]},"properties":{"id":"VUT/CA/20732","type":"VUT","group":"Completa","address":"CALLE Las Lomas Nº 42","postal_code":"11310","places":2,"units":4,"registered":"2024-05-21","catastro":"2476788TF9127N0001MJ","holder":"OSLO GESTION Y CONSULTORIA DE EMPRESAS","holder_count":2}},{"type":"Feature","geometry":{"type":"Point","coordinates":[-5.311525,36.278721]},"properties":{"id":"VUT/CA/20749","type":"VUT","group":"Completa","address":"CALLE Buenos Aires Nº 74","postal_code":"11310","places":2,"units":5,"registered":"2024-05-22","catastro":"2476751TF9127N0001QJ","holder":"OSLO GESTION Y CONSULTORIA DE EMPRESAS","holder_count":2}},{"type":"Feature","geometry":{"type":"Point","coordinates":[-5.274719,36.295629]},"properties":{"id":"VUT/CA/20778","type":"VUT","group":"Completa","address":"BARRIO TORREGUADIARO (TR) Nº 58","postal_code":"11360","places":15,"units":11,"registered":"2024-05-23","catastro":"5892202TF9159S0001IW","holder":"ANGLO AMERICAN TECH, S.L.","holder_count":1}},{"type":"Feature","geometry":{"type":"Point","coordinates":[-5.290359,36.286833]},"properties":{"id":"VUT/CA/20781","type":"VUT","group":"Completa","address":"PASEO DEL PARQUE Nº 130","postal_code":"11310","places":2,"units":4,"registered":"2024-05-23","catastro":"4583809TF9148S0001UR","holder":null,"holder_count":null}},{"type":"Feature","geometry":{"type":"Point","coordinates":[-5.292777,36.288899]},"properties":{"id":"VUT/CA/20801","type":"VUT","group":"Completa","address":"CALLE Ramiro El Monje Nº 1 Blq. 11 Esc. 2 Plta/Piso 1 Pta/Letra D Compl.Dom. Urbanización El Polo Sotogrande, piso 1, puerta D","postal_code":"11310","places":6,"units":3,"registered":"2024-05-25","catastro":"4188708TF9148N0045FT","holder":null,"holder_count":null}},{"type":"Feature","geometry":{"type":"Point","coordinates":[-5.277208,36.295121]},"properties":{"id":"VUT/CA/20813","type":"VUT","group":"Completa","address":"CALLE SIERRA BERMEJA Nº 10","postal_code":"11311","places":4,"units":2,"registered":"2024-05-27","catastro":"5692811TF9159S0001PW","holder":"INSTALADORA VERDU SCA","holder_count":1}},{"type":"Feature","geometry":{"type":"Point","coordinates":[-5.331905,36.28196]},"properties":{"id":"VUT/CA/20814","type":"VUT","group":"Completa","address":"AVENIDA LOS CORTIJOS Nº 1 Blq. 2DU Plta/Piso 1 Pta/Letra C Compl.Dom. URBANIZACION DE SOTOGRANDE, piso 1, puerta C","postal_code":"11310","places":8,"units":4,"registered":"2024-05-27","catastro":"0680602TF9108S0001XA","holder":"NINE HILLS, S.L.","holder_count":2}},{"type":"Feature","geometry":{"type":"Point","coordinates":[-5.345628,36.269989]},"properties":{"id":"VUT/CA/20847","type":"VUT","group":"Completa","address":"CALLE GRANADA Nº 5-7 Compl.Dom. URBANIZACIÓN SOTOGRANDE","postal_code":"11310","places":15,"units":10,"registered":"2024-05-28","catastro":"9467208TF8196N0001BH","holder":"SIYABUSA, S.L.","holder_count":1}},{"type":"Feature","geometry":{"type":"Point","coordinates":[-5.329204,36.292023]},"properties":{"id":"VUT/CA/20849","type":"VUT","group":"Completa","address":"URBANIZACION SOTOGRANDE [C. DE GOLF] 439 Nº SN","postal_code":"11310","places":12,"units":5,"registered":"2024-05-28","catastro":"1090405TF9119S0001XO","holder":null,"holder_count":null}},{"type":"Feature","geometry":{"type":"Point","coordinates":[-5.277677,36.284836]},"properties":{"id":"VUT/CA/20857","type":"VUT","group":"Completa","address":"PASEO Del Mar Nº 4 Blq. 5 Esc. 2 Plta/Piso 2 Pta/Letra 2, piso 2, puerta 2","postal_code":"11310","places":4,"units":2,"registered":"2024-05-28","catastro":"5682208tf9158s0088fw","holder":null,"holder_count":null}},{"type":"Feature","geometry":{"type":"Point","coordinates":[-5.321869,36.289307]},"properties":{"id":"VUT/CA/20873","type":"VUT","group":"Completa","address":"URBANIZACION SOTOGRANDE [C. DE GOLF) Nº 34 Calif.Nº B Blq. 1 Esc. 1 Plta/Piso 00 Pta/Letra A Compl.Dom. APARTAMENTO 1-0.A - fase 1 del complejo inmobiliario \"Village Verde, piso 00, puerta A","postal_code":"11310","places":6,"units":3,"registered":"2024-05-29","catastro":"1396909TF9119N1001DX","holder":"SOTOGRANDE SERVICE PROVIDER S.L.U.","holder_count":7}},{"type":"Feature","geometry":{"type":"Point","coordinates":[-5.339072,36.265568]},"properties":{"id":"VUT/CA/20875","type":"VUT","group":"Completa","address":"CALLE GAVILÁN Nº 85 Compl.Dom. URB, SAN ROQUE CLUB, PARCELA 85","postal_code":"11360","places":10,"units":5,"registered":"2024-05-29","catastro":"9962907TF8196S0001BQ","holder":null,"holder_count":null}},{"type":"Feature","geometry":{"type":"Point","coordinates":[-5.298384,36.292404]},"properties":{"id":"VUT/CA/20883","type":"VUT","group":"Completa","address":"CARRETERA CADIZ - MALAGA Nº 1 Pta/Letra 101 Compl.Dom. URBANIZACION SOTO GRANDE, puerta 101","postal_code":"11310","places":3,"units":1,"registered":"2024-05-30","catastro":"3388729TF9138N0001LG","holder":null,"holder_count":null}},{"type":"Feature","geometry":{"type":"Point","coordinates":[-5.339102,36.260905]},"properties":{"id":"VUT/CA/20898","type":"VUT","group":"Completa","address":"RESIDENCIAL RESIDENCIAL PUEBLO I, FASE II, BLOQUE TERRAZAS 16 Nº 43 Calif.Nº D Pta/Letra A Compl.Dom. URBANIZACIÓN SAN ROQUE CLUB, puerta A","postal_code":"11360","places":8,"units":3,"registered":"2024-05-31","catastro":"9854202TF8195S0001XU","holder":null,"holder_count":null}},{"type":"Feature","geometry":{"type":"Point","coordinates":[-5.281706,36.286887]},"properties":{"id":"VUT/CA/20901","type":"VUT","group":"Completa","address":"AVENIDA la marina puerto de sotogrande Nº 1 Blq. 5 Plta/Piso 1 Pta/Letra 10.9, piso 1, puerta 10.9","postal_code":"11310","places":6,"units":2,"registered":"2024-05-31","catastro":"5484923TF9158S0004BA","holder":null,"holder_count":null}},{"type":"Feature","geometry":{"type":"Point","coordinates":[-5.268339,36.30338]},"properties":{"id":"VUT/CA/20910","type":"VUT","group":"Completa","address":"EDIFICIO AZAHARES LOCAL 1 N2 Nº 1 Portal 2","postal_code":"11312","places":6,"units":3,"registered":"2024-06-03","catastro":"6300410TF9260S0001LL","holder":null,"holder_count":null}},{"type":"Feature","geometry":{"type":"Point","coordinates":[-5.294367,36.289762]},"properties":{"id":"VUT/CA/20919","type":"VUT","group":"Completa","address":"CALLE RAMIRO EL MONJE Blq. 1 Pta/Letra 10, puerta 10","postal_code":"11310","places":6,"units":3,"registered":"2024-06-03","catastro":"4188706TF9148N0010HW","holder":null,"holder_count":null}},{"type":"Feature","geometry":{"type":"Point","coordinates":[-5.282561,36.287182]},"properties":{"id":"VUT/CA/20923","type":"VUT","group":"Completa","address":"AVENIDA DE LA MARINA Nº 5 Blq. D Plta/Piso B Pta/Letra 2, piso B, puerta 2","postal_code":"11310","places":6,"units":2,"registered":"2024-06-03","catastro":"5184101TF9158S0048GB","holder":null,"holder_count":null}},{"type":"Feature","geometry":{"type":"Point","coordinates":[-5.344076,36.276641]},"properties":{"id":"VUT/CA/20938","type":"VUT","group":"Completa","address":"URBANIZACION SOTOGRANDE, CALLE FORTUNA Nº 45 Compl.Dom. SOTOGRANDE","postal_code":"11310","places":8,"units":4,"registered":"2024-06-04","catastro":"9574731tf8197s0001jk","holder":null,"holder_count":null}},{"type":"Feature","geometry":{"type":"Point","coordinates":[-5.323136,36.245935]},"properties":{"id":"VUT/CA/20952","type":"VUT","group":"Completa","address":"AVENIDA Del Golf Nº SN Blq. 2 Portal 2 Esc. 2 Plta/Piso B Pta/Letra A Compl.Dom. Urb. Nueva Alcaidesa - Conjunto 1, piso B, puerta A","postal_code":"11360","places":4,"units":2,"registered":"2024-06-05","catastro":"1538109TF9113N0022SY","holder":null,"holder_count":null}},{"type":"Feature","geometry":{"type":"Point","coordinates":[-5.27926,36.288108]},"properties":{"id":"VUT/CA/20955","type":"VUT","group":"Completa","address":"AVENIDA PUERTO DE SOTOGRANDE Nº 12 Portal 3 Esc. 3 Plta/Piso 1 Pta/Letra 15, piso 1, puerta 15","postal_code":"11360","places":6,"units":3,"registered":"2024-06-05","catastro":"5484934TF9158S0017PZ","holder":null,"holder_count":null}},{"type":"Feature","geometry":{"type":"Point","coordinates":[-5.295789,36.291664]},"properties":{"id":"VUT/CA/20965","type":"VUT","group":"Completa","address":"CALLE RODRIGO EL GODO Nº SN Blq. A Portal A Esc. A Plta/Piso 1 Pta/Letra 5, piso 1, puerta 5","postal_code":"11311","places":8,"units":3,"registered":"2024-06-06","catastro":"3989801TF9138N0059OS","holder":null,"holder_count":null}},{"type":"Feature","geometry":{"type":"Point","coordinates":[-5.282095,36.2875]},"properties":{"id":"VUT/CA/20968","type":"VUT","group":"Completa","address":"AVENIDA PUERTO DE SOTOGRANDE. COMPLEJO JUNGLA DEL LORO Nº 89 Blq. C Plta/Piso 3, piso 3","postal_code":"11310","places":6,"units":2,"registered":"2024-06-06","catastro":"5484925TF9158S0040HS","holder":null,"holder_count":null}},{"type":"Feature","geometry":{"type":"Point","coordinates":[-5.338169,36.276793]},"properties":{"id":"VUT/CA/20973","type":"VUT","group":"Completa","address":"AVENIDA DE LOS CORTIJOS Nº 75","postal_code":"11310","places":8,"units":4,"registered":"2024-06-06","catastro":"0272507TF9107S0001QJ","holder":null,"holder_count":null}},{"type":"Feature","geometry":{"type":"Point","coordinates":[-5.281786,36.289267]},"properties":{"id":"VUT/CA/20985","type":"VUT","group":"Completa","address":"AVENIDA AVENIDA DE LA MARINA Nº 3 Plta/Piso 2 Pta/Letra F Compl.Dom. RIBERA DEL PEZ LUNA, piso 2, puerta F","postal_code":"11310","places":4,"units":2,"registered":"2024-06-07","catastro":"5484929TF9158S0092BE","holder":null,"holder_count":null}},{"type":"Feature","geometry":{"type":"Point","coordinates":[-5.257546,36.316759]},"properties":{"id":"VUT/CA/21018","type":"VUT","group":"Completa","address":"URBANIZACION Invespania, parcela Nº 142 Compl.Dom. Bahia las Rocas","postal_code":"11360","places":10,"units":5,"registered":"2024-06-11","catastro":"7214604TF9271S0001UJ","holder":null,"holder_count":null}},{"type":"Feature","geometry":{"type":"Point","coordinates":[-5.318323,36.287784]},"properties":{"id":"VUT/CA/21042","type":"VUT","group":"Completa","address":"URBANIZACION SOTOGRANDE Nº 34A Blq. 9 Esc. 2 Plta/Piso 01 Pta/Letra 09A, piso 01, puerta 09A","postal_code":"11310","places":7,"units":3,"registered":"2024-06-12","catastro":"2087517TF9128N0304JM","holder":null,"holder_count":null}},{"type":"Feature","geometry":{"type":"Point","coordinates":[-5.336455,36.261499]},"properties":{"id":"VUT/CA/21051","type":"VUT","group":"Completa","address":"URBANIZACION San roque club, agrupacion 7, nivel 2, complejo residencial condominio B Nº 7 Plta/Piso 2 Pta/Letra B, piso 2, puerta B","postal_code":"11310","places":8,"units":3,"registered":"2024-06-12","catastro":"0358301TF9105N0042SR","holder":null,"holder_count":null}},{"type":"Feature","geometry":{"type":"Point","coordinates":[-5.279604,36.284759]},"properties":{"id":"VUT/CA/21058","type":"VUT","group":"Completa","address":"PASEO DEL RIO Nº 9 Esc. 1 Plta/Piso 00 Pta/Letra 10, piso 00, puerta 10","postal_code":"11310","places":8,"units":4,"registered":"2024-06-13","catastro":"5281701TF9158S0024ZW","holder":null,"holder_count":null}},{"type":"Feature","geometry":{"type":"Point","coordinates":[-5.384497,36.210348]},"properties":{"id":"VUT/CA/21103","type":"VUT","group":"Por habitaciones","address":"CALLE San Nicolas Nº 5","postal_code":"11360","places":6,"units":3,"registered":"2024-06-17","catastro":"5701905TF8150S0003YM","holder":null,"holder_count":null}},{"type":"Feature","geometry":{"type":"Point","coordinates":[-5.275347,36.291472]},"properties":{"id":"VUT/CA/21122","type":"VUT","group":"Completa","address":"URBANIZACION Ribera de Marlin Nº 19 Plta/Piso 3 Pta/Letra A, piso 3, puerta A","postal_code":"11310","places":6,"units":2,"registered":"2024-06-18","catastro":"5484937TF9158S0219XY","holder":null,"holder_count":null}},{"type":"Feature","geometry":{"type":"Point","coordinates":[-5.32131,36.245858]},"properties":{"id":"VUT/CA/21134","type":"VUT","group":"Completa","address":"URBANIZACION ALCAIDESA Nº 8 Plta/Piso 0 Pta/Letra 23 Compl.Dom. ALCAIDESA BIRDIE CLUB, piso 0, puerta 23","postal_code":"11360","places":6,"units":3,"registered":"2024-06-19","catastro":"1541806TF9114S0077UW","holder":null,"holder_count":null}},{"type":"Feature","geometry":{"type":"Point","coordinates":[-5.281492,36.28604]},"properties":{"id":"VUT/CA/21159","type":"VUT","group":"Completa","address":"AVENIDA PUERTO DE SOTOGRANDE Nº S/N Portal 5 Plta/Piso B Pta/Letra 30, piso B, puerta 30","postal_code":"11310","places":6,"units":3,"registered":"2024-06-20","catastro":"4984303TF9148S0137TA","holder":null,"holder_count":null}},{"type":"Feature","geometry":{"type":"Point","coordinates":[-5.335061,36.297912]},"properties":{"id":"VUT/CA/21191","type":"VUT","group":"Completa","address":"CALLE MARGARITA Nº 19","postal_code":"11310","places":14,"units":7,"registered":"2024-06-24","catastro":"0599811TF9109N0001AB","holder":null,"holder_count":null}},{"type":"Feature","geometry":{"type":"Point","coordinates":[-5.338737,36.298237]},"properties":{"id":"VUT/CA/21202","type":"VUT","group":"Completa","address":"CALLE MANZANILLA Nº 17 Compl.Dom. LA RESERVA DE SOTOGRANDE","postal_code":"11310","places":10,"units":5,"registered":"2024-06-25","catastro":"0096430TF9109N0001XB","holder":null,"holder_count":null}},{"type":"Feature","geometry":{"type":"Point","coordinates":[-5.304749,36.279741]},"properties":{"id":"VUT/CA/21217","type":"VUT","group":"Completa","address":"CALLE BOLIVAR Nº 12","postal_code":"11310","places":14,"units":6,"registered":"2024-06-25","catastro":"3176817TF9137N0001TZ","holder":null,"holder_count":null}},{"type":"Feature","geometry":{"type":"Point","coordinates":[-5.27493,36.288473]},"properties":{"id":"VUT/CA/21252","type":"VUT","group":"Completa","address":"PASEO PUERTO SOTOGRANDE Nº 12 Calif.Nº A Esc. 1 Plta/Piso 00 Pta/Letra 15 Compl.Dom. EDIFICIO RIBERA DEL ARQUERO, piso 00, puerta 15","postal_code":"11360","places":6,"units":3,"registered":"2024-06-28","catastro":"5484910TF9158N0007WY","holder":"GRUPO S&M LUXURY REAL ESTATE SL","holder_count":1}},{"type":"Feature","geometry":{"type":"Point","coordinates":[-5.336908,36.269586]},"properties":{"id":"VUT/CA/21262","type":"VUT","group":"Completa","address":"RESIDENCIAL EMMERALD GREENS Blq. 5 Pta/Letra 6 Compl.Dom. SAN ROQUE GOLF, puerta 6","postal_code":"11360","places":6,"units":3,"registered":"2024-06-28","catastro":"0266101TF9106N9999LE","holder":"IBERIA LIVING MANAGEMENT SL","holder_count":6}},{"type":"Feature","geometry":{"type":"Point","coordinates":[-5.317425,36.283338]},"properties":{"id":"VUT/CA/21284","type":"VUT","group":"Completa","address":"CALLE CERVANTES Nº 24","postal_code":"11310","places":8,"units":4,"registered":"2024-07-01","catastro":"2181314TF9128S0001QL","holder":"LUXURY SOTOGRANDE S.L.","holder_count":4}},{"type":"Feature","geometry":{"type":"Point","coordinates":[-5.323136,36.245935]},"properties":{"id":"VUT/CA/21292","type":"VUT","group":"Completa","address":"APARTAMENTO Avenida del Golf. Urb. Altavista Nº 1 Compl.Dom. Nueva Alcaidesa. C4B3P1 Bajo A.","postal_code":"11360","places":4,"units":2,"registered":"2024-07-02","catastro":"1538109TF9113N0152DU","holder":null,"holder_count":null}},{"type":"Feature","geometry":{"type":"Point","coordinates":[-5.298384,36.292404]},"properties":{"id":"VUT/CA/21315","type":"VUT","group":"Completa","address":"URBANIZACION APARTAMENTOS SOTOGRANDE ROYAL GOLF Nº 231 Compl.Dom. AUTOVIA DEL MEDITERRANEO KM 130","postal_code":"11310","places":2,"units":1,"registered":"2024-07-03","catastro":"3388729TF9138N0041QB","holder":null,"holder_count":null}},{"type":"Feature","geometry":{"type":"Point","coordinates":[-5.270937,36.291283]},"properties":{"id":"VUT/CA/21325","type":"VUT","group":"Completa","address":"AVENIDA DE LA MARINA Nº A23 Blq. E Portal 5 Plta/Piso 3 Pta/Letra A23, piso 3, puerta A23","postal_code":"11310","places":6,"units":3,"registered":"2024-07-03","catastro":"6088502TF9168N0069RI","holder":null,"holder_count":null}},{"type":"Feature","geometry":{"type":"Point","coordinates":[-5.302679,36.291694]},"properties":{"id":"VUT/CA/21344","type":"VUT","group":"Completa","address":"CALLE italica Nº 39","postal_code":"11311","places":8,"units":3,"registered":"2024-07-04","catastro":"3389501TF9138N0001WG","holder":null,"holder_count":null}},{"type":"Feature","geometry":{"type":"Point","coordinates":[-5.276227,36.284959]},"properties":{"id":"VUT/CA/21348","type":"VUT","group":"Completa","address":"PASEO DEL MAR Nº 20 Esc. 3 Plta/Piso 2 Pta/Letra 12, piso 2, puerta 12","postal_code":"11311","places":10,"units":4,"registered":"2024-07-04","catastro":"5682206TF9158S0087KQ","holder":null,"holder_count":null}},{"type":"Feature","geometry":{"type":"Point","coordinates":[-5.346043,36.284181]},"properties":{"id":"VUT/CA/21407","type":"VUT","group":"Completa","address":"CALLE GUADALQUIVIR Nº 20 Pta/Letra G, puerta G","postal_code":"11310","places":8,"units":4,"registered":"2024-07-10","catastro":"9383807TF8198S0001QS","holder":"FINCA STARLIGHT SL","holder_count":1}},{"type":"Feature","geometry":{"type":"Point","coordinates":[-5.318323,36.287784]},"properties":{"id":"VUT/CA/21460","type":"VUT","group":"Completa","address":"AVENIDA DE LA RESERVA Nº 34 Blq. 13 Plta/Piso BAJO Pta/Letra D Compl.Dom. SOTOGRANDE, piso BAJO, puerta D","postal_code":"11310","places":8,"units":4,"registered":"2024-07-16","catastro":"2087517TF9128N0331SK","holder":null,"holder_count":null}},{"type":"Feature","geometry":{"type":"Point","coordinates":[-5.268339,36.30338]},"properties":{"id":"VUT/CA/21466","type":"VUT","group":"Completa","address":"URBANIZACION PLAYAGUADIARO Portal 2 Plta/Piso 1 Pta/Letra D Compl.Dom. EDIFICIO AZAHARES, piso 1, puerta D","postal_code":"11312","places":4,"units":2,"registered":"2024-07-16","catastro":"6300410TF9260S0031JJ","holder":null,"holder_count":null}},{"type":"Feature","geometry":{"type":"Point","coordinates":[-5.257263,36.313621]},"properties":{"id":"VUT/CA/21500","type":"VUT","group":"Completa","address":"URBANIZACION SAN DIEGO Nº 28","postal_code":"11312","places":6,"units":3,"registered":"2024-07-19","catastro":"7411208TF9271S0001LJ","holder":null,"holder_count":null}},{"type":"Feature","geometry":{"type":"Point","coordinates":[-5.310038,36.243975]},"properties":{"id":"VUT/CA/21504","type":"VUT","group":"Completa","address":"URBANIZACION ALCAIDESA Nº 7 Blq. 7 Esc. 2 Plta/Piso 2 Pta/Letra 723, piso 2, puerta 723","postal_code":"11311","places":6,"units":2,"registered":"2024-07-19","catastro":"2638701TF9123N0105UW","holder":"TOP PROPERTIES MARBELLA SL","holder_count":1}},{"type":"Feature","geometry":{"type":"Point","coordinates":[-5.325104,36.249548]},"properties":{"id":"VUT/CA/21505","type":"VUT","group":"Completa","address":"URBANIZACION ALACAIDESA II Blq. 2 Portal 5 Plta/Piso 1 Pta/Letra B2, piso 1, puerta B2","postal_code":"11360","places":4,"units":2,"registered":"2024-07-19","catastro":"0843209TF9104S0117DT","holder":null,"holder_count":null}},{"type":"Feature","geometry":{"type":"Point","coordinates":[-5.291248,36.307617]},"properties":{"id":"VUT/CA/21537","type":"VUT","group":"Completa","address":"CALLE POLO SUR Nº 14 Compl.Dom. SOTOGRANDE","postal_code":"11310","places":6,"units":3,"registered":"2024-07-23","catastro":"4307701TF9240N0017XH","holder":null,"holder_count":null}},{"type":"Feature","geometry":{"type":"Point","coordinates":[-5.282095,36.2875]},"properties":{"id":"VUT/CA/21550","type":"VUT","group":"Completa","address":"LUGAR ISLA JUNGLA DEL LORO Portal 2 Plta/Piso 4 Pta/Letra 04, piso 4, puerta 04","postal_code":"11310","places":5,"units":2,"registered":"2024-07-23","catastro":"5484925TF9158S0023TQ","holder":null,"holder_count":null}},{"type":"Feature","geometry":{"type":"Point","coordinates":[-5.321869,36.289307]},"properties":{"id":"VUT/CA/21556","type":"VUT","group":"Completa","address":"URBANIZACION SOTOGRANDE CALLE DEL GOLF Nº 34 Blq. 4 Esc. 2 Plta/Piso 1 Pta/Letra D Compl.Dom. VILLAGE VERDE, piso 1, puerta D","postal_code":"11310","places":6,"units":2,"registered":"2024-07-24","catastro":"1396909TF9119N0052TF","holder":null,"holder_count":null}},{"type":"Feature","geometry":{"type":"Point","coordinates":[-5.311795,36.24429]},"properties":{"id":"VUT/CA/21606","type":"VUT","group":"Completa","address":"CALLE UR ALCAIDESA Nº 4 Blq. 11 Esc. 11 Plta/Piso 00 Pta/Letra 02 Compl.Dom. Urbanizacion Marina de la Alcaidesa, piso 00, puerta 02","postal_code":"11360","places":6,"units":2,"registered":"2024-07-26","catastro":"1538102TF9113N0109FW","holder":null,"holder_count":null}},{"type":"Feature","geometry":{"type":"Point","coordinates":[-5.310038,36.243975]},"properties":{"id":"VUT/CA/21607","type":"VUT","group":"Completa","address":"CALLE UR ALCAIDESA Nº 7 Blq. 4 Plta/Piso 00 Pta/Letra 404 Compl.Dom. Urbanizacion Links 2, piso 00, puerta 404","postal_code":"11360","places":6,"units":2,"registered":"2024-07-26","catastro":"2638701TF9123N0047AY","holder":null,"holder_count":null}},{"type":"Feature","geometry":{"type":"Point","coordinates":[-5.32131,36.245858]},"properties":{"id":"VUT/CA/21628","type":"VUT","group":"Completa","address":"URBANIZACION BRIDIE CLUB Esc. 1 Pta/Letra 134 Compl.Dom. ALCAIDESA, puerta 134","postal_code":"11360","places":6,"units":2,"registered":"2024-07-29","catastro":"1541806TF9114S0036QL","holder":null,"holder_count":null}},{"type":"Feature","geometry":{"type":"Point","coordinates":[-5.280937,36.289134]},"properties":{"id":"VUT/CA/21633","type":"VUT","group":"Completa","address":"DE LA GOLONDRINA, VIVIENDA 2.9 Blq. 2 Portal 5 Compl.Dom. NIVEL 2, PORTAL 5","postal_code":"11310","places":4,"units":2,"registered":"2024-07-29","catastro":"5484930TF9158S0020BZ","holder":null,"holder_count":null}},{"type":"Feature","geometry":{"type":"Point","coordinates":[-5.343198,36.276533]},"properties":{"id":"VUT/CA/21647","type":"VUT","group":"Completa","address":"CALLE FORTUNA Nº 221 Compl.Dom. SOTOGRANDE","postal_code":"11310","places":8,"units":4,"registered":"2024-07-31","catastro":"9574734TF8197S0001ZK","holder":null,"holder_count":null}},{"type":"Feature","geometry":{"type":"Point","coordinates":[-5.282561,36.287182]},"properties":{"id":"VUT/CA/21661","type":"VUT","group":"Completa","address":"AVENIDA Del Puerto Nº 26 Portal D Plta/Piso BJ Pta/Letra 1 Compl.Dom. URBANIZACION RIBERA DEL PARAISO . LA MARINA DE SOTOGRANDE, piso BJ, puerta 1","postal_code":"11310","places":6,"units":3,"registered":"2024-08-01","catastro":"5184101TF9158S0047FL","holder":null,"holder_count":null}},{"type":"Feature","geometry":{"type":"Point","coordinates":[-5.259262,36.316854]},"properties":{"id":"VUT/CA/21682","type":"VUT","group":"Completa","address":"URBANIZACION INVESPANIA Nº 23","postal_code":"11310","places":7,"units":3,"registered":"2024-08-02","catastro":"7214609TF9271S0000TH","holder":null,"holder_count":null}},{"type":"Feature","geometry":{"type":"Point","coordinates":[-5.281786,36.289267]},"properties":{"id":"VUT/CA/21692","type":"VUT","group":"Completa","address":"AVENIDA DE LA MARINA Portal 1 Plta/Piso 1 Pta/Letra A Compl.Dom. RIBERA DEL PEZ LUNA, piso 1, puerta A","postal_code":"11310","places":4,"units":2,"registered":"2024-08-03","catastro":"5484929TF9158S0077AJ","holder":null,"holder_count":null}},{"type":"Feature","geometry":{"type":"Point","coordinates":[-5.280159,36.288549]},"properties":{"id":"VUT/CA/21734","type":"VUT","group":"Completa","address":"AVENIDA DEL PUERTO DE SOTOGRANDE Nº 14A Portal 5 Pta/Letra 1.9 Compl.Dom. URBANIZACIÓN RIBERA DE ALBOAIRE, puerta 1.9","postal_code":"11310","places":6,"units":3,"registered":"2024-08-09","catastro":"5484932TF9158S0031MY","holder":"AKARI GROUP DOS SL","holder_count":1}},{"type":"Feature","geometry":{"type":"Point","coordinates":[-5.323136,36.245935]},"properties":{"id":"VUT/CA/21748","type":"VUT","group":"Completa","address":"URBANIZACION ALCAIDESA Nº 2 Blq. 2 Esc. 1 Plta/Piso 1 Pta/Letra A1 Compl.Dom. CONJUNTO 6, piso 1, puerta A1","postal_code":"11360","places":6,"units":3,"registered":"2024-08-12","catastro":"1538109TF9113N0224BF","holder":null,"holder_count":null}},{"type":"Feature","geometry":{"type":"Point","coordinates":[-5.340881,36.261082]},"properties":{"id":"VUT/CA/21769","type":"VUT","group":"Completa","address":"URBANIZACION SAN ROQUE CLUB Nº 14 Plta/Piso 4 Pta/Letra A, piso 4, puerta A","postal_code":"11360","places":8,"units":3,"registered":"2024-08-14","catastro":"9854201TF8195S0028AT","holder":"ZAPINVEST HOLIDAYS SEAVIEWS","holder_count":1}},{"type":"Feature","geometry":{"type":"Point","coordinates":[-5.333334,36.294087]},"properties":{"id":"VUT/CA/21772","type":"VUT","group":"Completa","address":"URBANIZACION SOTOGRANDE, C. DE GOLF Nº 336 Esc. 1 Plta/Piso BJ Pta/Letra 01, piso BJ, puerta 01","postal_code":"11310","places":10,"units":4,"registered":"2024-08-14","catastro":"0492114TF9109S0001YT","holder":null,"holder_count":null}},{"type":"Feature","geometry":{"type":"Point","coordinates":[-5.326479,36.247753]},"properties":{"id":"VUT/CA/21807","type":"VUT","group":"Completa","address":"AVENIDA del golf Nº 15 Blq. 14 Plta/Piso BAJO Pta/Letra C Compl.Dom. URBANIZACION GOLF AND BEACH, piso BAJO, puerta C","postal_code":"11360","places":6,"units":3,"registered":"2024-08-19","catastro":"0843203TF9104S0054RR","holder":null,"holder_count":null}},{"type":"Feature","geometry":{"type":"Point","coordinates":[-5.323469,36.277147]},"properties":{"id":"VUT/CA/21816","type":"VUT","group":"Completa","address":"CALLE DOÑANA Nº 10","postal_code":"11310","places":14,"units":6,"registered":"2024-08-20","catastro":"1674427TF9117S0001XZ","holder":"CLOTA 68 SPAIN, SL","holder_count":1}},{"type":"Feature","geometry":{"type":"Point","coordinates":[-5.313071,36.291412]},"properties":{"id":"VUT/CA/21852","type":"VUT","group":"Completa","address":"URBANIZACION SOTOGRANDE (C. DE GOLF) 12 - BL  22 - ES A. Nº 22 A Compl.Dom. SAN ROQUE","postal_code":"11360","places":8,"units":3,"registered":"2024-08-22","catastro":"20875A0TF9128N0023RR","holder":null,"holder_count":null}},{"type":"Feature","geometry":{"type":"Point","coordinates":[-5.388287,36.180683]},"properties":{"id":"VUT/CA/21868","type":"VUT","group":"Completa","address":"CALLE CERVANTES Nº 6 Blq. 1 Portal 3 Plta/Piso 1 Pta/Letra C, piso 1, puerta C","postal_code":"11313","places":4,"units":2,"registered":"2024-08-26","catastro":"5368501TF8056N0009UE","holder":null,"holder_count":null}},{"type":"Feature","geometry":{"type":"Point","coordinates":[-5.275809,36.286072]},"properties":{"id":"VUT/CA/21880","type":"VUT","group":"Completa","address":"PASEO DEL MAR Nº 30 Esc. A Plta/Piso 3 Pta/Letra A1, piso 3, puerta A1","postal_code":"11360","places":6,"units":3,"registered":"2024-08-28","catastro":"5682204TF9158S0120MQ","holder":"ORIGENIA SL","holder_count":2}},{"type":"Feature","geometry":{"type":"Point","coordinates":[-5.269468,36.300876]},"properties":{"id":"VUT/CA/21881","type":"VUT","group":"Completa","address":"AVENIDA Mar del Sur Nº 11 Blq. 2 Plta/Piso 3º Pta/Letra 9 Compl.Dom. Edificio Terrazas del Puerto, piso 3º, puerta 9","postal_code":"11312","places":5,"units":2,"registered":"2024-08-28","catastro":"6298503TF9169N0055ZF","holder":null,"holder_count":null}},{"type":"Feature","geometry":{"type":"Point","coordinates":[-5.298384,36.292404]},"properties":{"id":"VUT/CA/21944","type":"VUT","group":"Completa","address":"CARRETERA CADIZ-MALAGA Km 1 Esc. 1 Plta/Piso 2 Pta/Letra 10 Compl.Dom. Apartamento SOTOGRANDE ROYAL GOLF, piso 2, puerta 10","postal_code":"11360","places":4,"units":1,"registered":"2024-09-06","catastro":"3388729TF9138N0023SI","holder":null,"holder_count":null}},{"type":"Feature","geometry":{"type":"Point","coordinates":[-5.323469,36.277147]},"properties":{"id":"VUT/CA/21990","type":"VUT","group":"Completa","address":"CALLE DOÑANA Nº 10 Compl.Dom. SOTOGRANDE","postal_code":"11310","places":12,"units":6,"registered":"2024-09-16","catastro":"1674427TF9117S0001XZ","holder":"CLOTA 68 SPIAN, SL","holder_count":1}},{"type":"Feature","geometry":{"type":"Point","coordinates":[-5.321869,36.289307]},"properties":{"id":"VUT/CA/22005","type":"VUT","group":"Completa","address":"URBANIZACION SOTOGRANDE (C. DE GOLF) VILLAGE VERDE Nº 34 Blq. 3 Esc. 1 Plta/Piso 2 Pta/Letra A Compl.Dom. PC 34B, piso 2, puerta A","postal_code":"11310","places":6,"units":3,"registered":"2024-09-18","catastro":"1396909TF9119N0041BY","holder":null,"holder_count":null}},{"type":"Feature","geometry":{"type":"Point","coordinates":[-5.277677,36.284836]},"properties":{"id":"VUT/CA/22012","type":"VUT","group":"Completa","address":"PASEO PASEO DEL MAR Nº 6 Blq. 5 Pta/Letra 01, puerta 01","postal_code":"11310","places":8,"units":5,"registered":"2024-09-18","catastro":"5682208TF9158S0004MA","holder":"EL LAGAR DE MILAGROS SL","holder_count":1}},{"type":"Feature","geometry":{"type":"Point","coordinates":[-5.276766,36.289681]},"properties":{"id":"VUT/CA/22015","type":"VUT","group":"Completa","address":"AVENIDA DE LA MARINA Nº S/N Compl.Dom. URBANIZACIÓN PIER","postal_code":"11310","places":7,"units":3,"registered":"2024-09-19","catastro":"5486103TF9158N0037AR","holder":"KLE COMM ASSETS, SL","holder_count":2}},{"type":"Feature","geometry":{"type":"Point","coordinates":[-5.320908,36.286969]},"properties":{"id":"VUT/CA/22033","type":"VUT","group":"Completa","address":"CALLE ESMERALDA Nº 60 Compl.Dom. SOTOGRANDE","postal_code":"11310","places":8,"units":4,"registered":"2024-09-23","catastro":"1286536TF9118N0001LU","holder":null,"holder_count":null}},{"type":"Feature","geometry":{"type":"Point","coordinates":[-5.301726,36.298643]},"properties":{"id":"VUT/CA/22038","type":"VUT","group":"Completa","address":"CALLE MAR TIRRENO Nº 30 Compl.Dom. URB LAS ADELFAS","postal_code":"11311","places":6,"units":3,"registered":"2024-09-24","catastro":"3497201TF9139N0031TU","holder":null,"holder_count":null}},{"type":"Feature","geometry":{"type":"Point","coordinates":[-5.326931,36.281304]},"properties":{"id":"VUT/CA/22070","type":"VUT","group":"Completa","address":"AVENIDA LOS CORTIJOS Nº 102 Compl.Dom. URBANIZACIÓN CASAS CORTIJO - PATIO DEL LEÑADOR","postal_code":"11310","places":10,"units":4,"registered":"2024-09-30","catastro":"0979801TF9107N0110HK","holder":null,"holder_count":null}},{"type":"Feature","geometry":{"type":"Point","coordinates":[-5.272902,36.292052]},"properties":{"id":"VUT/CA/22102","type":"VUT","group":"Completa","address":"AVENIDA PUERTO SOTOGRANDE Nº 1 Esc. 3 Plta/Piso 2 Pta/Letra 5, piso 2, puerta 5","postal_code":"11360","places":6,"units":3,"registered":"2024-10-07","catastro":"5989801TF9158N0020TD","holder":null,"holder_count":null}},{"type":"Feature","geometry":{"type":"Point","coordinates":[-5.339163,36.266106]},"properties":{"id":"VUT/CA/22117","type":"VUT","group":"Completa","address":"URBANIZACION San Roque Club Nº 83","postal_code":"11360","places":12,"units":6,"registered":"2024-10-09","catastro":"9962905TF8196S0001WQ","holder":null,"holder_count":null}},{"type":"Feature","geometry":{"type":"Point","coordinates":[-5.317606,36.244168]},"properties":{"id":"VUT/CA/22121","type":"VUT","group":"Completa","address":"AVENIDA del golf Nº 3 Calif.Nº 0 Blq. 5 Portal izquierdo Esc. izquierda Plta/Piso 1 Pta/Letra 4 Compl.Dom. apartamento 514, piso 1, puerta 4","postal_code":"11360","places":6,"units":2,"registered":"2024-10-09","catastro":"1538107TF9113N0057BO","holder":null,"holder_count":null}},{"type":"Feature","geometry":{"type":"Point","coordinates":[-5.275521,36.288406]},"properties":{"id":"VUT/CA/22187","type":"VUT","group":"Completa","address":"EDIFICIO RIBERA DEL CANDIL Nº 11 Compl.Dom. PUERTO DE SOTOGRANDE","postal_code":"11310","places":4,"units":2,"registered":"2024-10-18","catastro":"5484911TF9158S0010AF","holder":null,"holder_count":null}},{"type":"Feature","geometry":{"type":"Point","coordinates":[-5.31271,36.242238]},"properties":{"id":"VUT/CA/22210","type":"VUT","group":"Completa","address":"CONJUNTO Portofino Blq. 4 Esc. 6 Plta/Piso 1 Pta/Letra 612 Compl.Dom. Complejo Portofino, edificio 4, esc. 6, pl. 1, puerta 612, piso 1, puerta 612","postal_code":"11360","places":4,"units":2,"registered":"2024-10-22","catastro":"2638706TF9123N0030LG","holder":"Perfect Property Solutions SL","holder_count":2}},{"type":"Feature","geometry":{"type":"Point","coordinates":[-5.270937,36.291283]},"properties":{"id":"VUT/CA/22217","type":"VUT","group":"Completa","address":"ZONA LA MARINA EN EL PUERTO DEPORTIVO DE PUERTO DE SOTOGRANDE Nº 2-9 Blq. E Portal 3-4 Plta/Piso 2ª Compl.Dom. DENTRO DE ZONA DE SERVICIO DEL PUERTO EN SU PARTE NORTE, ACCESO POR LOS PORTALES 3 Y 4, SITUADO EN LA SEGUNDA PLANTA DEL EDIFICIO E, piso 2ª","postal_code":"11310","places":6,"units":2,"registered":"2024-10-24","catastro":"6088502TF9168N0034QT","holder":"ESTANCIA SPAIN PROPERTIES, S.L.","holder_count":1}},{"type":"Feature","geometry":{"type":"Point","coordinates":[-5.280937,36.289134]},"properties":{"id":"VUT/CA/22233","type":"VUT","group":"Completa","address":"AVENIDA PUERTO SOTOGRANDE RIBERA DE LA GOLONDRINA Nº 21 Calif.Nº A","postal_code":"11360","places":4,"units":2,"registered":"2024-10-25","catastro":"5484930TF9158S0015KL","holder":null,"holder_count":null}},{"type":"Feature","geometry":{"type":"Point","coordinates":[-5.276227,36.284959]},"properties":{"id":"VUT/CA/22330","type":"VUT","group":"Completa","address":"PASEO del mar Nº 20 Esc. 3 Plta/Piso 0 Pta/Letra 10, piso 0, puerta 10","postal_code":"11360","places":8,"units":3,"registered":"2024-11-11","catastro":"5682206TF9158S0061ZR","holder":"Anchica SA","holder_count":1}},{"type":"Feature","geometry":{"type":"Point","coordinates":[-5.276904,36.285848]},"properties":{"id":"VUT/CA/22332","type":"VUT","group":"Completa","address":"PASEO del mar Nº 20 Esc. 3 Plta/Piso 0 Pta/Letra 12, piso 0, puerta 12","postal_code":"11360","places":7,"units":3,"registered":"2024-11-11","catastro":"5682205TF9158S0073ZD","holder":null,"holder_count":null}},{"type":"Feature","geometry":{"type":"Point","coordinates":[-5.318059,36.285464]},"properties":{"id":"VUT/CA/22357","type":"VUT","group":"Completa","address":"CALLE COLON Nº 18","postal_code":"11360","places":8,"units":4,"registered":"2024-11-14","catastro":"2380402TF9128S0001KL","holder":null,"holder_count":null}},{"type":"Feature","geometry":{"type":"Point","coordinates":[-5.281706,36.286887]},"properties":{"id":"VUT/CA/22362","type":"VUT","group":"Completa","address":"AVENIDA PUERTO SOTOGRANDE Nº 6 Pta/Letra 30, puerta 30","postal_code":"11312","places":4,"units":2,"registered":"2024-11-15","catastro":"5484923TF9158S0007MF","holder":null,"holder_count":null}},{"type":"Feature","geometry":{"type":"Point","coordinates":[-5.308923,36.282392]},"properties":{"id":"VUT/CA/22384","type":"VUT","group":"Completa","address":"CALLE BUENOS AIRES Nº 58","postal_code":"11310","places":8,"units":4,"registered":"2024-11-20","catastro":"2778804TF9127N0001WJ","holder":null,"holder_count":null}},{"type":"Feature","geometry":{"type":"Point","coordinates":[-5.276898,36.285131]},"properties":{"id":"VUT/CA/22394","type":"VUT","group":"Completa","address":"PASEO DEL MAR Nº 12 Plta/Piso BAJO Pta/Letra 11, piso BAJO, puerta 11","postal_code":"11310","places":7,"units":3,"registered":"2024-11-21","catastro":"5682207TF9158S0013BJ","holder":null,"holder_count":null}},{"type":"Feature","geometry":{"type":"Point","coordinates":[-5.34783,36.284764]},"properties":{"id":"VUT/CA/22395","type":"VUT","group":"Completa","address":"URBANIZACION LOS GAZULES, EDF. GREEN Pta/Letra 2B, puerta 2B","postal_code":"11310","places":6,"units":3,"registered":"2024-11-21","catastro":"9771601TF8197S0011UW","holder":null,"holder_count":null}},{"type":"Feature","geometry":{"type":"Point","coordinates":[-5.276898,36.285131]},"properties":{"id":"VUT/CA/22407","type":"VUT","group":"Completa","address":"PASEO DEL MAR Nº 12 Blq. 4 Portal B Plta/Piso 2 Pta/Letra 4 Compl.Dom. APARTAMENTOS PLAYA, piso 2, puerta 4","postal_code":"11360","places":6,"units":3,"registered":"2024-11-22","catastro":"5682207TF9158S0024TW","holder":null,"holder_count":null}},{"type":"Feature","geometry":{"type":"Point","coordinates":[-5.310038,36.243975]},"properties":{"id":"VUT/CA/22420","type":"VUT","group":"Completa","address":"URBANIZACION ALCAIDESA Nº 7 Blq. 3 Esc. 1 Plta/Piso 01 Pta/Letra 314, piso 01, puerta 314","postal_code":"11360","places":6,"units":2,"registered":"2024-11-25","catastro":"2638701TF9123N0039YQ","holder":null,"holder_count":null}},{"type":"Feature","geometry":{"type":"Point","coordinates":[-5.34007,36.283425]},"properties":{"id":"VUT/CA/22426","type":"VUT","group":"Completa","address":"URBANIZACION SOTOGOLF Nº 19 Compl.Dom. SOTOGRANDE","postal_code":"11360","places":8,"units":4,"registered":"2024-11-26","catastro":"9981301TF8198S0020BW","holder":null,"holder_count":null}},{"type":"Feature","geometry":{"type":"Point","coordinates":[-5.276227,36.284959]},"properties":{"id":"VUT/CA/22437","type":"VUT","group":"Completa","address":"EDIFICIO APARTAMENTOS PLAYA, ESTUDIO Nº 4 Blq. 3A Compl.Dom. PUERTO DE SOTOGRANDE","postal_code":"11310","places":2,"units":1,"registered":"2024-11-28","catastro":"5682206TF9158S0051FB","holder":null,"holder_count":null}},{"type":"Feature","geometry":{"type":"Point","coordinates":[-5.277677,36.284836]},"properties":{"id":"VUT/CA/22444","type":"VUT","group":"Completa","address":"CALLE Paseo Del Mar Nº 4 Blq. 5 Plta/Piso 1.1 Pta/Letra B Compl.Dom. Paseo Del Mar 4 apartamento 1.1B SAN ROQUE, piso 1.1, puerta B","postal_code":"11310","places":7,"units":3,"registered":"2024-11-28","catastro":"5682208TF9158S0071MA","holder":"NEW POINT MADRD SL","holder_count":1}},{"type":"Feature","geometry":{"type":"Point","coordinates":[-5.28647,36.284148]},"properties":{"id":"VUT/CA/22491","type":"VUT","group":"Completa","address":"PASEO PASEO DEL PARQUE Nº 106","postal_code":"11310","places":10,"units":5,"registered":"2024-12-05","catastro":"4781814TF9148S0001XR","holder":null,"holder_count":null}},{"type":"Feature","geometry":{"type":"Point","coordinates":[-5.282854,36.288799]},"properties":{"id":"VUT/CA/22528","type":"VUT","group":"Completa","address":"AVENIDA de la Marina s/n Portal 3 Plta/Piso 3 Pta/Letra F Compl.Dom. Urbanización Guadalmarina II, piso 3, puerta F","postal_code":"11310","places":7,"units":3,"registered":"2024-12-12","catastro":"5484927TF9158S0136DF","holder":null,"holder_count":null}},{"type":"Feature","geometry":{"type":"Point","coordinates":[-5.264974,36.305411]},"properties":{"id":"VUT/CA/22531","type":"VUT","group":"Completa","address":"URBANIZACION PUNTA EUROPA Nº 18","postal_code":"11312","places":8,"units":4,"registered":"2024-12-13","catastro":"6602424TF9260S0001SL","holder":null,"holder_count":null}},{"type":"Feature","geometry":{"type":"Point","coordinates":[-5.307561,36.286575]},"properties":{"id":"VUT/CA/22541","type":"VUT","group":"Completa","address":"CALLE EL CASAR FLORESTA Nº 10","postal_code":"11310","places":8,"units":3,"registered":"2024-12-13","catastro":"2885104TF9128N0010GJ","holder":null,"holder_count":null}},{"type":"Feature","geometry":{"type":"Point","coordinates":[-5.318323,36.287784]},"properties":{"id":"VUT/CA/22586","type":"VUT","group":"Completa","address":"AVENIDA de la Reserva Nº 34 A Blq. 8 Plta/Piso BAJO Pta/Letra B Compl.Dom. Urbanización Senda Chica, piso BAJO, puerta B","postal_code":"11360","places":9,"units":5,"registered":"2024-12-23","catastro":"2087517TF9128N0294IF","holder":null,"holder_count":null}},{"type":"Feature","geometry":{"type":"Point","coordinates":[-5.384013,36.210154]},"properties":{"id":"VUT/CA/22596","type":"VUT","group":"Completa","address":"CALLE SAN NICOLÁS Nº 16","postal_code":"11360","places":4,"units":2,"registered":"2024-12-28","catastro":"5701703TF8150S0001QZ","holder":null,"holder_count":null}},{"type":"Feature","geometry":{"type":"Point","coordinates":[-5.275347,36.291472]},"properties":{"id":"VUT/CA/22673","type":"VUT","group":"Completa","address":"URBANIZACION RIBERA DEL MARLIN Portal 4 Plta/Piso 1 Pta/Letra A, piso 1, puerta A","postal_code":"11310","places":4,"units":2,"registered":"2025-01-10","catastro":"5484937TF9158S0077PJ","holder":"IGNACIO MIER REAL ESTATE, S.L.","holder_count":2}},{"type":"Feature","geometry":{"type":"Point","coordinates":[-5.308158,36.281858]},"properties":{"id":"VUT/CA/22705","type":"VUT","group":"Completa","address":"CALLE BARCELO Nº 8","postal_code":"11310","places":8,"units":4,"registered":"2025-01-15","catastro":"2979312TF9127N0001HJ","holder":"LUXURY SOTOGRANDE SL","holder_count":1}},{"type":"Feature","geometry":{"type":"Point","coordinates":[-5.298175,36.288308]},"properties":{"id":"VUT/CA/22708","type":"VUT","group":"Completa","address":"CALLE ricardo corazon de leon Nº 18","postal_code":"11310","places":15,"units":5,"registered":"2025-01-15","catastro":"3885601TF9138N0001GG","holder":null,"holder_count":null}},{"type":"Feature","geometry":{"type":"Point","coordinates":[-5.33694,36.269574]},"properties":{"id":"VUT/CA/22784","type":"VUT","group":"Completa","address":"CALLE SAN ROQUE CLUB Blq. 3 Esc. 1 Plta/Piso BAJA Pta/Letra B2 Compl.Dom. CONJUNTO RESIDENCIAL EMERALD GREENS, piso BAJA, puerta B2","postal_code":"11360","places":6,"units":2,"registered":"2025-01-23","catastro":"0266101TF9106N0018XY","holder":null,"holder_count":null}},{"type":"Feature","geometry":{"type":"Point","coordinates":[-5.276452,36.287179]},"properties":{"id":"VUT/CA/22786","type":"VUT","group":"Completa","address":"PASEO DEL MAR Nº 40 Esc. 1","postal_code":"11310","places":6,"units":2,"registered":"2025-01-23","catastro":"5682203TF9158S0123JR","holder":"EDIFICACION Y GESTION MORA S.L.","holder_count":1}},{"type":"Feature","geometry":{"type":"Point","coordinates":[-5.282059,36.288393]},"properties":{"id":"VUT/CA/22867","type":"VUT","group":"Completa","address":"EDIFICIO ISLA CAREY Nº 15 Portal 4 Plta/Piso 0, piso 0","postal_code":"11310","places":8,"units":4,"registered":"2025-02-03","catastro":"5484928TF9158S0120OQ","holder":null,"holder_count":null}},{"type":"Feature","geometry":{"type":"Point","coordinates":[-5.326582,36.280281]},"properties":{"id":"VUT/CA/22885","type":"VUT","group":"Completa","address":"CONJUNTO VALGRANDE, FASE 2, EDIFICO 2-6, TIPO A-2, VIVIENDA DUPLEX-P Nº 0 Plta/Piso 2 Pta/Letra P, piso 2, puerta P","postal_code":"11310","places":8,"units":4,"registered":"2025-02-04","catastro":"1177602TF9117N0290TS","holder":null,"holder_count":null}},{"type":"Feature","geometry":{"type":"Point","coordinates":[-5.311795,36.24429]},"properties":{"id":"VUT/CA/22922","type":"VUT","group":"Completa","address":"CALLE Avenída del Golf Blq. 4 Plta/Piso 1 Pta/Letra 13 Compl.Dom. Urbanización Marina de la Alcaidesa, piso 1, puerta 13","postal_code":"11315","places":4,"units":2,"registered":"2025-02-09","catastro":"1538102TF9113N0038IL","holder":null,"holder_count":null}},{"type":"Feature","geometry":{"type":"Point","coordinates":[-5.282561,36.287182]},"properties":{"id":"VUT/CA/22928","type":"VUT","group":"Completa","address":"AVENIDA DE LA MARINA Nº SN Portal D Plta/Piso 2 Pta/Letra 3 Compl.Dom. EDIFICIO RIBERA DEL PARAISO, piso 2, puerta 3","postal_code":"11310","places":8,"units":2,"registered":"2025-02-10","catastro":"5184101TF9158S0055LQ","holder":null,"holder_count":null}},{"type":"Feature","geometry":{"type":"Point","coordinates":[-5.280159,36.288549]},"properties":{"id":"VUT/CA/22952","type":"VUT","group":"Completa","address":"DEL ALBOAIRE Nº SN Portal 3 Compl.Dom. VIVIENDA 3.5, ENTRADA 3","postal_code":"11310","places":6,"units":3,"registered":"2025-02-12","catastro":"5484932TF9158S0021HX","holder":null,"holder_count":null}},{"type":"Feature","geometry":{"type":"Point","coordinates":[-5.446302,36.133819]},"properties":{"id":"VUT/CA/22979","type":"VUT","group":"Completa","address":"CONJUNTO APARTAMENTOS PLAYA C.1.1. Nº 1 Calif.Nº C Blq. 5 Plta/Piso 1 Compl.Dom. SOTOGRANDE, piso 1","postal_code":"11310","places":6,"units":3,"registered":"2025-02-14","catastro":"9917601TF7091N0025YQ","holder":null,"holder_count":null}},{"type":"Feature","geometry":{"type":"Point","coordinates":[-5.265687,36.301868]},"properties":{"id":"VUT/CA/22991","type":"VUT","group":"Completa","address":"AVENIDA MAR DEL SUR Nº 86 Blq. REY Plta/Piso 4 Pta/Letra B Compl.Dom. EDIFICIO TORRE DEL REY, piso 4, puerta B","postal_code":"11312","places":4,"units":2,"registered":"2025-02-15","catastro":"6698302TF9169N0013AU","holder":null,"holder_count":null}},{"type":"Feature","geometry":{"type":"Point","coordinates":[-5.27213,36.291475]},"properties":{"id":"VUT/CA/22992","type":"VUT","group":"Completa","address":"AVENIDA PUERTO DEPORTIVO DE SOTOGRANDE, PASEO DE LEVANTE Blq. b Portal 8 Plta/Piso 2 Pta/Letra 17, piso 2, puerta 17","postal_code":"11310","places":8,"units":3,"registered":"2025-02-15","catastro":"6088301TF9168N0051KH","holder":null,"holder_count":null}},{"type":"Feature","geometry":{"type":"Point","coordinates":[-5.340114,36.271556]},"properties":{"id":"VUT/CA/23038","type":"VUT","group":"Completa","address":"URBANIZACION SAN ROQUE CLUB Nº 19","postal_code":"11310","places":10,"units":5,"registered":"2025-02-25","catastro":"9666801TF8196N0001YH","holder":null,"holder_count":null}},{"type":"Feature","geometry":{"type":"Point","coordinates":[-5.277094,36.288544]},"properties":{"id":"VUT/CA/23087","type":"VUT","group":"Completa","address":"AVENIDA PUERTO SOTOGRANDE Esc. 1 Plta/Piso 0 Pta/Letra 4 Compl.Dom. EDIF. RIBERA DE LA NÉCORA, piso 0, puerta 4","postal_code":"11360","places":6,"units":2,"registered":"2025-02-24","catastro":"5484914TF9158S0058TR","holder":null,"holder_count":null}},{"type":"Feature","geometry":{"type":"Point","coordinates":[-5.317606,36.244168]},"properties":{"id":"VUT/CA/23117","type":"VUT","group":"Completa","address":"CALLE Urbanización Altavista Nº 113 Portal 1 Plta/Piso 1, piso 1","postal_code":"11360","places":8,"units":2,"registered":"2025-02-27","catastro":"1538107TF9113N0008OZ","holder":"APARTAMENTOS SANCTI PETRI S.L.","holder_count":1}},{"type":"Feature","geometry":{"type":"Point","coordinates":[-5.27738,36.287214]},"properties":{"id":"VUT/CA/23139","type":"VUT","group":"Completa","address":"URBANIZACION PASEO DEL MAR-RIBERA DEL DELFIN Portal 4 Plta/Piso 11 Compl.Dom. SOTOGRANDE, piso 11","postal_code":"11310","places":4,"units":2,"registered":"2025-03-01","catastro":"5484916TF9158S0052JZ","holder":null,"holder_count":null}},{"type":"Feature","geometry":{"type":"Point","coordinates":[-5.279604,36.284759]},"properties":{"id":"VUT/CA/23154","type":"VUT","group":"Completa","address":"CALLE Paseo del Rio Nº 44 Portal B","postal_code":"11310","places":2,"units":1,"registered":"2025-03-03","catastro":"5281701TF9158S0076SH","holder":null,"holder_count":null}},{"type":"Feature","geometry":{"type":"Point","coordinates":[-5.275347,36.291472]},"properties":{"id":"VUT/CA/23167","type":"VUT","group":"Completa","address":"CONJUNTO RESIDENCIAL MARLIN, APARTAMENTO Nº 21 Blq. D Portal 21 Plta/Piso 4 Pta/Letra B Compl.Dom. MARINA DE SOTOGRANDE, piso 4, puerta B","postal_code":"11310","places":6,"units":3,"registered":"2025-03-04","catastro":"5484937TF9158S0241SL","holder":null,"holder_count":null}},{"type":"Feature","geometry":{"type":"Point","coordinates":[-5.325104,36.249548]},"properties":{"id":"VUT/CA/23199","type":"VUT","group":"Completa","address":"CALLE DAVE THOMAS Blq. 1 Portal 2 Plta/Piso ATICO Compl.Dom. Las Terrazas, piso ATICO","postal_code":"11360","places":5,"units":3,"registered":"2025-03-05","catastro":"0843209TF9104S0099XF","holder":null,"holder_count":null}},{"type":"Feature","geometry":{"type":"Point","coordinates":[-5.311795,36.24429]},"properties":{"id":"VUT/CA/23202","type":"VUT","group":"Completa","address":"CALLE Avenída del Golf Blq. 4 Plta/Piso 1 Pta/Letra 13 Compl.Dom. Urbanización Marina de la Alcaidesa, piso 1, puerta 13","postal_code":"11315","places":4,"units":2,"registered":"2025-03-05","catastro":"1538102TF9113N0038IL","holder":null,"holder_count":null}},{"type":"Feature","geometry":{"type":"Point","coordinates":[-5.276227,36.284959]},"properties":{"id":"VUT/CA/23213","type":"VUT","group":"Completa","address":"APARTAMENTO PLAYA Nº 3 Blq. A Compl.Dom. PUERTO DE SOTOGRANDE","postal_code":"11310","places":2,"units":1,"registered":"2025-03-06","catastro":"5682206TF9158S0048FB","holder":null,"holder_count":null}},{"type":"Feature","geometry":{"type":"Point","coordinates":[-5.318323,36.287784]},"properties":{"id":"VUT/CA/23249","type":"VUT","group":"Completa","address":"CALLE DE GOLF Nº 34 Blq. 3 Esc. 2 Plta/Piso 01 Pta/Letra 03B Compl.Dom. URBANIZACIÓN SOTOGRANDE, piso 01, puerta 03B","postal_code":"11310","places":8,"units":3,"registered":"2025-03-07","catastro":"2087517TF9128N0263OG","holder":"CHICA CIELO S.L.","holder_count":1}},{"type":"Feature","geometry":{"type":"Point","coordinates":[-5.281209,36.287364]},"properties":{"id":"VUT/CA/23268","type":"VUT","group":"Completa","address":"URBANIZACION JUNGLA DEL LORO Blq. 10 Plta/Piso 4 Pta/Letra 21, piso 4, puerta 21","postal_code":"11310","places":6,"units":3,"registered":"2025-03-10","catastro":"5484924TF9158S0043PG","holder":null,"holder_count":null}},{"type":"Feature","geometry":{"type":"Point","coordinates":[-5.300348,36.285312]},"properties":{"id":"VUT/CA/23275","type":"VUT","group":"Completa","address":"PASEO PARQUE DEL (SG) Nº 165","postal_code":"11360","places":8,"units":4,"registered":"2025-03-10","catastro":"3582603TF9138S0001LM","holder":"ALPEN INVESTMENTS S.L.","holder_count":1}},{"type":"Feature","geometry":{"type":"Point","coordinates":[-5.338912,36.277299]},"properties":{"id":"VUT/CA/23310","type":"VUT","group":"Completa","address":"AVENIDA DE LOS CORTIJOS Nº 112","postal_code":"11310","places":10,"units":5,"registered":"2025-03-12","catastro":"0075232TF9107N0001EO","holder":null,"holder_count":null}},{"type":"Feature","geometry":{"type":"Point","coordinates":[-5.313071,36.291412]},"properties":{"id":"VUT/CA/23318","type":"VUT","group":"Completa","address":"CALLE DE GOLF Nº 12 Blq. 20 Esc. D Plta/Piso 00 Pta/Letra 20D Compl.Dom. URBANIZACION SOTOGRANDE, piso 00, puerta 20D","postal_code":"11310","places":6,"units":3,"registered":"2025-03-13","catastro":"20875A0TF9128N0018WW","holder":null,"holder_count":null}},{"type":"Feature","geometry":{"type":"Point","coordinates":[-5.291248,36.307617]},"properties":{"id":"VUT/CA/23322","type":"VUT","group":"Completa","address":"CALLE POLOSUR Nº 20","postal_code":"11312","places":7,"units":3,"registered":"2025-03-13","catastro":"4307701tf9240N0015BF","holder":null,"holder_count":null}},{"type":"Feature","geometry":{"type":"Point","coordinates":[-5.318323,36.287784]},"properties":{"id":"VUT/CA/23364","type":"VUT","group":"Completa","address":"AVENIDA DE LA RESERVA Nº S/N Blq. 8 Portal 8 Plta/Piso BJ Pta/Letra C, piso BJ, puerta C","postal_code":"11310","places":11,"units":5,"registered":"2025-03-17","catastro":"2087517TF9128N0001TA","holder":null,"holder_count":null}},{"type":"Feature","geometry":{"type":"Point","coordinates":[-5.298384,36.292404]},"properties":{"id":"VUT/CA/23365","type":"VUT","group":"Completa","address":"CARRETERA CADIZ-MALAGA Esc. 1 Plta/Piso 03 Pta/Letra 27 Compl.Dom. Km:1,33, piso 03, puerta 27","postal_code":"11360","places":3,"units":1,"registered":"2025-03-17","catastro":"3388729TF9138N0069ML","holder":null,"holder_count":null}},{"type":"Feature","geometry":{"type":"Point","coordinates":[-5.274331,36.289859]},"properties":{"id":"VUT/CA/23368","type":"VUT","group":"Completa","address":"CALLE RIBERA DEL ARLEQUIN Nº 20","postal_code":"11310","places":2,"units":4,"registered":"2025-03-17","catastro":"5484912TF9158N0026PL","holder":null,"holder_count":null}},{"type":"Feature","geometry":{"type":"Point","coordinates":[-5.278753,36.287425]},"properties":{"id":"VUT/CA/23386","type":"VUT","group":"Completa","address":"URBANIZACION PUERTO DE SOTOGRANDE, MARINA-II, Nº 30 Portal 3 Plta/Piso 3 Compl.Dom. SOTOGRANDE, piso 3","postal_code":"11310","places":4,"units":2,"registered":"2025-03-18","catastro":"5484935TF9158S0031RY","holder":null,"holder_count":null}},{"type":"Feature","geometry":{"type":"Point","coordinates":[-5.297451,36.292666]},"properties":{"id":"VUT/CA/23405","type":"VUT","group":"Completa","address":"CARRETERA CÁDIZ-MÁLAGA Nº 1 Calif.Nº B Esc. L Plta/Piso 01 Pta/Letra 2B Compl.Dom. JÁRDINES DE SOTOGRANDE, piso 01, puerta 2B","postal_code":"11360","places":5,"units":2,"registered":"2025-03-19","catastro":"3388730TF9138N0040TL","holder":null,"holder_count":null}},{"type":"Feature","geometry":{"type":"Point","coordinates":[-5.335284,36.263106]},"properties":{"id":"VUT/CA/23409","type":"VUT","group":"Completa","address":"URBANIZACION SAN ROQUE CLUB, MESAS DEL DIENTE Nº 98","postal_code":"11360","places":8,"units":4,"registered":"2025-03-19","catastro":"0258306TF9105N0001DZ","holder":null,"holder_count":null}},{"type":"Feature","geometry":{"type":"Point","coordinates":[-5.323287,36.27924]},"properties":{"id":"VUT/CA/23441","type":"VUT","group":"Completa","address":"CALLE DUERO Nº 10 Pta/Letra L Compl.Dom. URB. LAS TERRAZAS. SOTOGRANDE, puerta L","postal_code":"11360","places":8,"units":3,"registered":"2025-03-20","catastro":"1674405TF9117S0012QY","holder":null,"holder_count":null}},{"type":"Feature","geometry":{"type":"Point","coordinates":[-5.289726,36.306195]},"properties":{"id":"VUT/CA/23465","type":"VUT","group":"Completa","address":"CALLE LOS CLAVELES Nº 24","postal_code":"11312","places":3,"units":3,"registered":"2025-03-21","catastro":"4404922TF9240S0001FA","holder":null,"holder_count":null}},{"type":"Feature","geometry":{"type":"Point","coordinates":[-5.318323,36.287784]},"properties":{"id":"VUT/CA/23470","type":"VUT","group":"Completa","address":"AVENIDA DE LA RESERVA SN Blq. 10 Plta/Piso BAJO Pta/Letra C, piso BAJO, puerta C","postal_code":"11360","places":8,"units":4,"registered":"2025-03-21","catastro":"2087517TF9128N0309XT","holder":"LEMON CAPITAL SL","holder_count":1}},{"type":"Feature","geometry":{"type":"Point","coordinates":[-5.318323,36.287784]},"properties":{"id":"VUT/CA/23472","type":"VUT","group":"Completa","address":"AVENIDA DE LA RESERVA SN Blq. 9 Plta/Piso BAJO Pta/Letra C, piso BAJO, puerta C","postal_code":"11360","places":8,"units":4,"registered":"2025-03-21","catastro":"2087517TF9128N0302GZ","holder":"LEMON PROMOCIONES E INVERSIONES SL","holder_count":1}},{"type":"Feature","geometry":{"type":"Point","coordinates":[-5.336282,36.264307]},"properties":{"id":"VUT/CA/23555","type":"VUT","group":"Completa","address":"CALLE SAN ROQUE CLUB Blq. 5 Portal 30","postal_code":"11360","places":6,"units":3,"registered":"2025-03-25","catastro":"0261503TF9106S0030FB","holder":null,"holder_count":null}},{"type":"Feature","geometry":{"type":"Point","coordinates":[-5.344204,36.277748]},"properties":{"id":"VUT/CA/23556","type":"VUT","group":"Completa","address":"CALLE FONDEO Nº 34","postal_code":"11310","places":10,"units":5,"registered":"2025-03-26","catastro":"9577843TF8197N0001WP","holder":null,"holder_count":null}},{"type":"Feature","geometry":{"type":"Point","coordinates":[-5.318323,36.287784]},"properties":{"id":"VUT/CA/23564","type":"VUT","group":"Completa","address":"AVENIDA DE LA RESERVA Nº S/N Blq. 7 Portal 7 Plta/Piso 6 Pta/Letra C Compl.Dom. ELEMENTO NUMERO 288, piso 6, puerta C","postal_code":"11360","places":8,"units":4,"registered":"2025-03-26","catastro":"2087517TF9128N0288TA","holder":null,"holder_count":null}},{"type":"Feature","geometry":{"type":"Point","coordinates":[-5.340887,36.267677]},"properties":{"id":"VUT/CA/23568","type":"VUT","group":"Completa","address":"URBANIZACION SAN ROQUE CLUB, CALLE BALLESTEROS Nº 71","postal_code":"11360","places":10,"units":5,"registered":"2025-03-26","catastro":"9964213TF8196S0001YQ","holder":null,"holder_count":null}},{"type":"Feature","geometry":{"type":"Point","coordinates":[-5.34783,36.284764]},"properties":{"id":"VUT/CA/23576","type":"VUT","group":"Completa","address":"URBANIZACION LOS GAZULES Blq. 4 Plta/Piso 2 Pta/Letra E, piso 2, puerta E","postal_code":"11310","places":8,"units":4,"registered":"2025-03-26","catastro":"9771601TF8197S0044IE","holder":null,"holder_count":null}},{"type":"Feature","geometry":{"type":"Point","coordinates":[-5.318323,36.287784]},"properties":{"id":"VUT/CA/23582","type":"VUT","group":"Completa","address":"AVENIDA DE LA RESERVA Nº S/N Calif.Nº A Blq. 2 Portal 2 Plta/Piso 2ª Compl.Dom. VIVIENDA 2ª, piso 2ª","postal_code":"11310","places":8,"units":3,"registered":"2025-03-26","catastro":"2087517TF9128N0257YS","holder":null,"holder_count":null}},{"type":"Feature","geometry":{"type":"Point","coordinates":[-5.32131,36.245858]},"properties":{"id":"VUT/CA/23584","type":"VUT","group":"Completa","address":"URBANIZACION ALCAIDESA Nº 8 Esc. 3 Plta/Piso 03 Pta/Letra 236, piso 03, puerta 236","postal_code":"11360","places":5,"units":2,"registered":"2025-03-26","catastro":"1541806TF9114S0045UW","holder":null,"holder_count":null}},{"type":"Feature","geometry":{"type":"Point","coordinates":[-5.275347,36.291472]},"properties":{"id":"VUT/CA/23614","type":"VUT","group":"Completa","address":"RESIDENCIAL RIBERA DEL MARLIN Blq. A Portal 2 Plta/Piso 2 Pta/Letra A Compl.Dom. AVDA. DE LA MARINA S/N SOTOGRANDE, piso 2, puerta A","postal_code":"11310","places":6,"units":2,"registered":"2025-03-26","catastro":"5484937TF9158S0060LE","holder":null,"holder_count":null}},{"type":"Feature","geometry":{"type":"Point","coordinates":[-5.275347,36.291472]},"properties":{"id":"VUT/CA/23615","type":"VUT","group":"Completa","address":"RESIDENCIAL RIBERA DEL MARLÍN Blq. A Portal 2 Plta/Piso 2 Pta/Letra B Compl.Dom. PUERTO SOTOGRANDE, piso 2, puerta B","postal_code":"11310","places":6,"units":3,"registered":"2025-03-27","catastro":"5484937TF9158S0061BR","holder":null,"holder_count":null}},{"type":"Feature","geometry":{"type":"Point","coordinates":[-5.277677,36.284836]},"properties":{"id":"VUT/CA/23624","type":"VUT","group":"Completa","address":"PASEO DEL MAR Nº 4 Pta/Letra B1 Compl.Dom. APARTAMENTOS PLAYA, puerta B1","postal_code":"11310","places":6,"units":3,"registered":"2025-03-27","catastro":"5682208TF9158S0055DQ","holder":null,"holder_count":null}},{"type":"Feature","geometry":{"type":"Point","coordinates":[-5.292777,36.288899]},"properties":{"id":"VUT/CA/23629","type":"VUT","group":"Completa","address":"CONJUNTO URBANÍSTICO EL POLO DE SOTOGRANDE Nº 4 Blq. 11 Plta/Piso BAJO Pta/Letra D Compl.Dom. EDIFICIO BEAUFOURT, piso BAJO, puerta D","postal_code":"11310","places":8,"units":4,"registered":"2025-03-27","catastro":"4188708TF9148N0041PQ","holder":"ALNES PROPERTY,S.L.","holder_count":1}},{"type":"Feature","geometry":{"type":"Point","coordinates":[-5.298175,36.288308]},"properties":{"id":"VUT/CA/23636","type":"VUT","group":"Completa","address":"CALLE RICARDO CORAZÓN DE LEÓN Nº 18","postal_code":"11310","places":10,"units":5,"registered":"2025-03-27","catastro":"3885601TF9138N0001GG","holder":null,"holder_count":null}},{"type":"Feature","geometry":{"type":"Point","coordinates":[-5.275521,36.288406]},"properties":{"id":"VUT/CA/23645","type":"VUT","group":"Completa","address":"PASEO DEL MAR- RIBERA DEL CANDIL Nº 22 Compl.Dom. PUERTO SOTOGRANDE","postal_code":"11310","places":7,"units":8,"registered":"2025-03-27","catastro":"5484911TF9158S0019BM","holder":null,"holder_count":null}},{"type":"Feature","geometry":{"type":"Point","coordinates":[-5.332003,36.292509]},"properties":{"id":"VUT/CA/23649","type":"VUT","group":"Completa","address":"CALLE LAUREL Nº 13 Compl.Dom. Urbanización de Sotogrande","postal_code":"11310","places":12,"units":6,"registered":"2025-03-28","catastro":"0791802TF9109S0001HT","holder":null,"holder_count":null}},{"type":"Feature","geometry":{"type":"Point","coordinates":[-5.33694,36.269574]},"properties":{"id":"VUT/CA/23673","type":"VUT","group":"Completa","address":"URBANIZACION EMERALD GREENS Blq. 7 Plta/Piso BJO Pta/Letra 1 Compl.Dom. 2ª SUBFASE FASE 2 CONJUNTO EMERALD GREENS EN ZONA RESIDENCIAL SAN ROQUE CLUB, piso BJO, puerta 1","postal_code":"11360","places":6,"units":3,"registered":"2025-03-28","catastro":"0266101TF9106N0049ZT","holder":null,"holder_count":null}},{"type":"Feature","geometry":{"type":"Point","coordinates":[-5.310038,36.243975]},"properties":{"id":"VUT/CA/23688","type":"VUT","group":"Completa","address":"URBANIZACION ALCAIDESA  AVENIDA DEL GOLF Blq. 5 Plta/Piso 1 Pta/Letra 510 Compl.Dom. THE LINKS II, piso 1, puerta 510","postal_code":"11360","places":6,"units":3,"registered":"2025-03-31","catastro":"2638701TF9123N0068EZ","holder":null,"holder_count":null}},{"type":"Feature","geometry":{"type":"Point","coordinates":[-5.298384,36.292404]},"properties":{"id":"VUT/CA/23709","type":"VUT","group":"Completa","address":"CARRETERA CADIZ MALAGA S/N Esc. 1 Plta/Piso 2 Pta/Letra 18 Compl.Dom. EDIFICIO ROYAL GOLF SOTOGRANDE, piso 2, puerta 18","postal_code":"11310","places":4,"units":1,"registered":"2025-03-31","catastro":"3388729TF9138N0207IR","holder":null,"holder_count":null}},{"type":"Feature","geometry":{"type":"Point","coordinates":[-5.281492,36.28604]},"properties":{"id":"VUT/CA/23713","type":"VUT","group":"Completa","address":"URBANIZACION RIBERA DE LA TENCA Blq. 2 Pta/Letra 10, puerta 10","postal_code":"11310","places":6,"units":3,"registered":"2025-03-31","catastro":"4984303TF9148S0144OG","holder":null,"holder_count":null}},{"type":"Feature","geometry":{"type":"Point","coordinates":[-5.269023,36.300034]},"properties":{"id":"VUT/CA/23714","type":"VUT","group":"Completa","address":"PLAZA DEL ESCRIBANO Nº 12 Blq. C Plta/Piso 3ª Compl.Dom. TORRREGUADIARO, piso 3ª","postal_code":"11312","places":5,"units":2,"registered":"2025-03-31","catastro":"6397101TF9169N0012SY","holder":null,"holder_count":null}},{"type":"Feature","geometry":{"type":"Point","coordinates":[-5.277953,36.284205]},"properties":{"id":"VUT/CA/23722","type":"VUT","group":"Completa","address":"PASEO del Rio Nº 8 Esc. 1 Plta/Piso 1 Pta/Letra 2 Compl.Dom. SOTOGRANDE, piso 1, puerta 2","postal_code":"11310","places":8,"units":4,"registered":"2025-03-31","catastro":"5682209TF9158S0079JL","holder":null,"holder_count":null}},{"type":"Feature","geometry":{"type":"Point","coordinates":[-5.276253,36.28783]},"properties":{"id":"VUT/CA/23774","type":"VUT","group":"Completa","address":"PASEO del Mar Nº 54 Portal 1 Plta/Piso 3 Pta/Letra 1 Compl.Dom. Edificio Pez Volador, piso 3, puerta 1","postal_code":"11310","places":4,"units":2,"registered":"2025-04-01","catastro":"5484913TF9158S0016SB","holder":null,"holder_count":null}},{"type":"Feature","geometry":{"type":"Point","coordinates":[-5.323136,36.245935]},"properties":{"id":"VUT/CA/23778","type":"VUT","group":"Completa","address":"RESIDENCIAL NUEVA ALCAIDESA, CJTO.4 Blq. 1 Portal 1 Pta/Letra 1B Compl.Dom. URBANIZACIÓN ALCAIDESA, puerta 1B","postal_code":"11316","places":4,"units":2,"registered":"2025-04-01","catastro":"1538109TF9113N0135WL","holder":null,"holder_count":null}},{"type":"Feature","geometry":{"type":"Point","coordinates":[-5.307561,36.286575]},"properties":{"id":"VUT/CA/23782","type":"VUT","group":"Completa","address":"URBANIZACION EL CASAR FLORESTA Nº 44 Compl.Dom. SOTOGRANDE","postal_code":"11310","places":6,"units":3,"registered":"2025-04-01","catastro":"2885104TF9128N0044JL","holder":null,"holder_count":null}},{"type":"Feature","geometry":{"type":"Point","coordinates":[-5.337074,36.270108]},"properties":{"id":"VUT/CA/23787","type":"VUT","group":"Completa","address":"URBANIZACION EMERALD GREEN Nº 6 Blq. 4 Plta/Piso 1, piso 1","postal_code":"11370","places":6,"units":3,"registered":"2025-04-01","catastro":"0167701TF9106N0001XG","holder":null,"holder_count":null}},{"type":"Feature","geometry":{"type":"Point","coordinates":[-5.311795,36.24429]},"properties":{"id":"VUT/CA/23807","type":"VUT","group":"Completa","address":"URBANIZACION ALCAIDESA Nº 4 Blq. 3 Esc. 13 Plta/Piso 02 Pta/Letra 22, piso 02, puerta 22","postal_code":"11360","places":4,"units":2,"registered":"2025-04-01","catastro":"1538102TF9113N0139SM","holder":null,"holder_count":null}},{"type":"Feature","geometry":{"type":"Point","coordinates":[-5.277301,36.289336]},"properties":{"id":"VUT/CA/23808","type":"VUT","group":"Completa","address":"AVENIDA PURTO SOTOGRANDE Blq. 4 Esc. 4 Plta/Piso 3 Pta/Letra 16, piso 3, puerta 16","postal_code":"11360","places":8,"units":4,"registered":"2025-04-01","catastro":"5486103TF9158N0053ZF","holder":null,"holder_count":null}},{"type":"Feature","geometry":{"type":"Point","coordinates":[-5.277301,36.289336]},"properties":{"id":"VUT/CA/23811","type":"VUT","group":"Completa","address":"AVENIDA PUERTO DE SOTOGRANDE Blq. 4 Esc. 4 Plta/Piso 3 Pta/Letra 15, piso 3, puerta 15","postal_code":"11360","places":8,"units":4,"registered":"2025-04-01","catastro":"5486103TF9158N0052BD","holder":null,"holder_count":null}},{"type":"Feature","geometry":{"type":"Point","coordinates":[-5.268339,36.30338]},"properties":{"id":"VUT/CA/23843","type":"VUT","group":"Completa","address":"URBANIZACION Azahares II Portal 2 Plta/Piso 3º Pta/Letra A, piso 3º, puerta A","postal_code":"11312","places":4,"units":2,"registered":"2025-04-02","catastro":"6300410TF9260S0040MM","holder":null,"holder_count":null}},{"type":"Feature","geometry":{"type":"Point","coordinates":[-5.313439,36.286662]},"properties":{"id":"VUT/CA/23854","type":"VUT","group":"Completa","address":"URBANIZACION APARTAMENTOS TENIS Blq. 24 Pta/Letra A5, puerta A5","postal_code":"11310","places":2,"units":1,"registered":"2025-04-02","catastro":"2385703TF9128N0013RB","holder":null,"holder_count":null}},{"type":"Feature","geometry":{"type":"Point","coordinates":[-5.275347,36.291472]},"properties":{"id":"VUT/CA/23856","type":"VUT","group":"Completa","address":"AVENIDA DE LA MARINA Nº S/N Blq. 7 Plta/Piso 2 Pta/Letra A Compl.Dom. CONJUNTO RESIDENCIAL RIBERA DEL MARLIN, piso 2, puerta A","postal_code":"11310","places":6,"units":2,"registered":"2025-04-02","catastro":"5484937TF9158S0108AK","holder":null,"holder_count":null}},{"type":"Feature","geometry":{"type":"Point","coordinates":[-5.268051,36.300804]},"properties":{"id":"VUT/CA/23858","type":"VUT","group":"Completa","address":"AVENIDA Mar del Sur Nº 78 Plta/Piso 1 Pta/Letra 11 Compl.Dom. Apartamentos Torreguadiaro, piso 1, puerta 11","postal_code":"11312","places":4,"units":2,"registered":"2025-04-02","catastro":"6498105TF9169N0011ZT","holder":null,"holder_count":null}},{"type":"Feature","geometry":{"type":"Point","coordinates":[-5.292777,36.288899]},"properties":{"id":"VUT/CA/23863","type":"VUT","group":"Completa","address":"CALLE RAMIRO EL MONJE Blq. 12 Plta/Piso 1 Pta/Letra A, piso 1, puerta A","postal_code":"11310","places":6,"units":3,"registered":"2025-04-02","catastro":"4188708TF9148N0054BA","holder":"IGNACIO MIER REAL ESTATE, S.L.","holder_count":2}},{"type":"Feature","geometry":{"type":"Point","coordinates":[-5.268051,36.300804]},"properties":{"id":"VUT/CA/23868","type":"VUT","group":"Completa","address":"AVENIDA Mar del Sur Nº 78 Plta/Piso 0 Pta/Letra 18 Compl.Dom. Apartamentos Torreguadiaro, piso 0, puerta 18","postal_code":"11312","places":2,"units":1,"registered":"2025-04-02","catastro":"6498105TF9169N0003HM","holder":null,"holder_count":null}},{"type":"Feature","geometry":{"type":"Point","coordinates":[-5.292777,36.288899]},"properties":{"id":"VUT/CA/23869","type":"VUT","group":"Completa","address":"CALLE RAMIRO EL MONJE Blq. 17 Plta/Piso 2 Pta/Letra A Compl.Dom. EL POLO DE SOTOGRANDE, piso 2, puerta A","postal_code":"11310","places":6,"units":3,"registered":"2025-04-02","catastro":"4188708TF9148N0118XD","holder":"MITO INVERSIONES INMOBILIARIAS, S.L.","holder_count":1}},{"type":"Feature","geometry":{"type":"Point","coordinates":[-5.268051,36.300804]},"properties":{"id":"VUT/CA/23879","type":"VUT","group":"Completa","address":"AVENIDA Mar del Sur Nº 72 Plta/Piso 0 Pta/Letra 19 Compl.Dom. Apartamentos Torreguadiaro, piso 0, puerta 19","postal_code":"11312","places":2,"units":1,"registered":"2025-04-02","catastro":"6498105TF9169N0019YD","holder":null,"holder_count":null}},{"type":"Feature","geometry":{"type":"Point","coordinates":[-5.268051,36.300804]},"properties":{"id":"VUT/CA/23890","type":"VUT","group":"Completa","address":"AVENIDA Mar del Sur Nº 78 Plta/Piso 0 Pta/Letra 3 Compl.Dom. Apartamentos Torreguadiaro, piso 0, puerta 3","postal_code":"11312","places":4,"units":2,"registered":"2025-04-02","catastro":"6498105TF9169N0003HM","holder":null,"holder_count":null}},{"type":"Feature","geometry":{"type":"Point","coordinates":[-5.268051,36.300804]},"properties":{"id":"VUT/CA/23892","type":"VUT","group":"Completa","address":"AVENIDA Mar del Sur Nº 78 Plta/Piso 1 Pta/Letra 12 Compl.Dom. Apartamentos Torreguadiaro, piso 1, puerta 12","postal_code":"11312","places":4,"units":2,"registered":"2025-04-02","catastro":"6498105TF9169N0012XY","holder":null,"holder_count":null}},{"type":"Feature","geometry":{"type":"Point","coordinates":[-5.339102,36.260905]},"properties":{"id":"VUT/CA/23894","type":"VUT","group":"Completa","address":"URBANIZACION SAN ROQUE CLUB Nº 3 Blq. 9 Pta/Letra C, puerta C","postal_code":"11360","places":10,"units":4,"registered":"2025-04-02","catastro":"9854202TF8195S0070QO","holder":"VALCAMBRE SL","holder_count":1}},{"type":"Feature","geometry":{"type":"Point","coordinates":[-5.26949,36.30017]},"properties":{"id":"VUT/CA/23923","type":"VUT","group":"Completa","address":"AVENIDA Mar del Sur Plta/Piso 4 Pta/Letra 14 Compl.Dom. Edificio Dominique, piso 4, puerta 14","postal_code":"11312","places":6,"units":3,"registered":"2025-04-03","catastro":"6297801TF9169N0027FK","holder":null,"holder_count":null}},{"type":"Feature","geometry":{"type":"Point","coordinates":[-5.271509,36.291525]},"properties":{"id":"VUT/CA/23979","type":"VUT","group":"Completa","address":"AVENIDA PUERTO SOTOGRANDE Blq. D Portal 6 Plta/Piso 01 Pta/Letra 11, piso 01, puerta 11","postal_code":"11311","places":5,"units":2,"registered":"2025-04-04","catastro":"6088501TF9168N0013MD","holder":null,"holder_count":null}},{"type":"Feature","geometry":{"type":"Point","coordinates":[-5.32131,36.245858]},"properties":{"id":"VUT/CA/24015","type":"VUT","group":"Completa","address":"AVENIDA golf Nº 13 Compl.Dom. urbanizacion birdie club n211 hacienda alcaidesa","postal_code":"11360","places":6,"units":2,"registered":"2025-04-08","catastro":"1541806TF9114S0014IE","holder":null,"holder_count":null}},{"type":"Feature","geometry":{"type":"Point","coordinates":[-5.275416,36.286944]},"properties":{"id":"VUT/CA/24073","type":"VUT","group":"Completa","address":"CALLE PASEO DEL MAR Nº 48 Blq. 8 Plta/Piso 2 Pta/Letra A5 Compl.Dom. SOTOGRANDE, piso 2, puerta A5","postal_code":"11310","places":10,"units":3,"registered":"2025-04-17","catastro":"5682202TF9158S0074KF","holder":null,"holder_count":null}},{"type":"Feature","geometry":{"type":"Point","coordinates":[-5.311795,36.24429]},"properties":{"id":"VUT/CA/24077","type":"VUT","group":"Completa","address":"AVENIDA Avenida del Golf Nº 2 Blq. 6 Portal 14 Plta/Piso 1, piso 1","postal_code":"11360","places":4,"units":2,"registered":"2025-04-18","catastro":"1538102tf9113n0059ma","holder":null,"holder_count":null}},{"type":"Feature","geometry":{"type":"Point","coordinates":[-5.326279,36.288281]},"properties":{"id":"VUT/CA/24142","type":"VUT","group":"Completa","address":"CALLE ESMERALDA Nº 35","postal_code":"11310","places":12,"units":6,"registered":"2025-04-30","catastro":"1286518TF9118N0001EU","holder":null,"holder_count":null}},{"type":"Feature","geometry":{"type":"Point","coordinates":[-5.321869,36.289307]},"properties":{"id":"VUT/CA/24144","type":"VUT","group":"Completa","address":"URBANIZACION Village Verde Blq. 2 Esc. 2 Plta/Piso 1 Pta/Letra C Compl.Dom. Apt. 2.1.C, piso 1, puerta C","postal_code":"11310","places":8,"units":3,"registered":"2025-04-30","catastro":"1396909TF9119N0018YG","holder":"Sorgosol, S.L.","holder_count":1}},{"type":"Feature","geometry":{"type":"Point","coordinates":[-5.281786,36.289267]},"properties":{"id":"VUT/CA/24202","type":"VUT","group":"Completa","address":"AVENIDA PUERTO DE SOTOGRANDE Nº SN Blq. 2 Plta/Piso 2 Pta/Letra D Compl.Dom. URBANIZACION RIBERA DEL PEZ LUNA, piso 2, puerta D","postal_code":"11310","places":6,"units":2,"registered":"2025-05-08","catastro":"5484929TF9158S0090KQ","holder":"GEMENAR SL","holder_count":2}},{"type":"Feature","geometry":{"type":"Point","coordinates":[-5.382975,36.207937]},"properties":{"id":"VUT/CA/24209","type":"VUT","group":"Completa","address":"CALLE CONSTITUCION Nº 27 Plta/Piso 3 Pta/Letra C, piso 3, puerta C","postal_code":"11360","places":4,"units":3,"registered":"2025-05-08","catastro":"5898613TF8059N0018WF","holder":null,"holder_count":null}},{"type":"Feature","geometry":{"type":"Point","coordinates":[-5.318323,36.287784]},"properties":{"id":"VUT/CA/24228","type":"VUT","group":"Completa","address":"URBANIZACION sotogrande c. De Golf Nº 34 Blq. 14 Esc. 2 Plta/Piso 1 Pta/Letra B Compl.Dom. urb Senda Chica, piso 1, puerta B","postal_code":"11310","places":6,"units":3,"registered":"2025-05-14","catastro":"2087517TF9128N0340KQ","holder":null,"holder_count":null}},{"type":"Feature","geometry":{"type":"Point","coordinates":[-5.281706,36.286887]},"properties":{"id":"VUT/CA/24250","type":"VUT","group":"Completa","address":"CALLE LUGAR JUNGLA DEL LORO Nº 7 Pta/Letra 2, puerta 2","postal_code":"11312","places":6,"units":2,"registered":"2025-05-16","catastro":"5484923TF9158S0017UZ","holder":null,"holder_count":null}},{"type":"Feature","geometry":{"type":"Point","coordinates":[-5.352056,36.314693]},"properties":{"id":"VUT/CA/24251","type":"VUT","group":"Completa","address":"POLIGONO acebuche Nº 1 Pta/Letra 40 Compl.Dom. Poligono 1 Parcela 40 Acebuche, puerta 40","postal_code":"11360","places":15,"units":11,"registered":"2025-05-16","catastro":"11033A001000400000EF","holder":"PASALRIO SPAIN SL","holder_count":1}},{"type":"Feature","geometry":{"type":"Point","coordinates":[-5.341259,36.278873]},"properties":{"id":"VUT/CA/24270","type":"VUT","group":"Completa","address":"CALLE FORMA Nº 5 Compl.Dom. PARCELAS 5 Y 7","postal_code":"11310","places":10,"units":5,"registered":"2025-05-20","catastro":"9876308TF8197N0001XP","holder":null,"holder_count":null}},{"type":"Feature","geometry":{"type":"Point","coordinates":[-5.318323,36.287784]},"properties":{"id":"VUT/CA/24281","type":"VUT","group":"Completa","address":"URBANIZACION SOTOGRANDE, CAMPO DE GOLF Nº 34 Calif.Nº A Blq. 5 Esc. 2 Plta/Piso 1 Pta/Letra B, piso 1, puerta B","postal_code":"11310","places":8,"units":3,"registered":"2025-05-21","catastro":"2087517TF9128N0054BE","holder":null,"holder_count":null}},{"type":"Feature","geometry":{"type":"Point","coordinates":[-5.282059,36.288393]},"properties":{"id":"VUT/CA/24293","type":"VUT","group":"Completa","address":"EDIFICIO ISLA CAREY Nº 10 Compl.Dom. PLANTA BAJA, URBANIZACION SOTOGRANDE","postal_code":"11310","places":8,"units":4,"registered":"2025-05-22","catastro":"5484928TF9158S0105MG","holder":null,"holder_count":null}},{"type":"Feature","geometry":{"type":"Point","coordinates":[-5.337658,36.277471]},"properties":{"id":"VUT/CA/24336","type":"VUT","group":"Completa","address":"AVENIDA DE LOS CORTIJOS Nº 78","postal_code":"11310","places":6,"units":3,"registered":"2025-05-26","catastro":"0075228TF9107N0001JO","holder":null,"holder_count":null}},{"type":"Feature","geometry":{"type":"Point","coordinates":[-5.268071,36.302079]},"properties":{"id":"VUT/CA/24353","type":"VUT","group":"Completa","address":"URBANIZACION COLINAS DEL MAR, CALLE BUENOS AIRES Nº 47","postal_code":"11312","places":9,"units":5,"registered":"2025-05-27","catastro":"6300418TF9260S0001XL","holder":null,"holder_count":null}},{"type":"Feature","geometry":{"type":"Point","coordinates":[-5.270937,36.291283]},"properties":{"id":"VUT/CA/24365","type":"VUT","group":"Completa","address":"AVENIDA PUERTO SOTOGRANDE Blq. E Esc. 1 Plta/Piso 2 Pta/Letra 21, piso 2, puerta 21","postal_code":"11360","places":2,"units":1,"registered":"2025-05-27","catastro":"6088502TF9168N0046PF","holder":null,"holder_count":null}},{"type":"Feature","geometry":{"type":"Point","coordinates":[-5.31462,36.284641]},"properties":{"id":"VUT/CA/24375","type":"VUT","group":"Completa","address":"CALLE CASTILLA Nº 21 Compl.Dom. SOTOGRANDE","postal_code":"11310","places":8,"units":4,"registered":"2025-06-02","catastro":"2380414TF9128S0001UL","holder":null,"holder_count":null}},{"type":"Feature","geometry":{"type":"Point","coordinates":[-5.311795,36.24429]},"properties":{"id":"VUT/CA/24389","type":"VUT","group":"Completa","address":"AVENIDA del Golf Blq. 13 Pta/Letra 04 Compl.Dom. Urbanización Marina de la Alcaidesa, puerta 04","postal_code":"11360","places":4,"units":2,"registered":"2025-05-29","catastro":"1538102TF9113N0133YJ","holder":null,"holder_count":null}},{"type":"Feature","geometry":{"type":"Point","coordinates":[-5.282854,36.288799]},"properties":{"id":"VUT/CA/24412","type":"VUT","group":"Completa","address":"AVENIDA DE LA MARINA EDIFICIO GUADALMARINA II Portal 1 Plta/Piso BAJO Pta/Letra B, piso BAJO, puerta B","postal_code":"11310","places":4,"units":2,"registered":"2025-06-02","catastro":"5484927TF9158S0111JK","holder":null,"holder_count":null}},{"type":"Feature","geometry":{"type":"Point","coordinates":[-5.282561,36.287182]},"properties":{"id":"VUT/CA/24473","type":"VUT","group":"Completa","address":"AVENIDA PUERTO SOTOGRANDE Nº 26 Esc. C Plta/Piso BAJA Pta/Letra 3, piso BAJA, puerta 3","postal_code":"11310","places":6,"units":2,"registered":"2025-06-06","catastro":"5184101TF9158S0038ID","holder":null,"holder_count":null}},{"type":"Feature","geometry":{"type":"Point","coordinates":[-5.309769,36.278965]},"properties":{"id":"VUT/CA/24516","type":"VUT","group":"Completa","address":"CALLE BUENAVISTA Nº 34 Compl.Dom. URBANIZACIÓN SOTOGRANDE","postal_code":"11310","places":12,"units":7,"registered":"2025-06-10","catastro":"2476702TF9127N0001JJ","holder":null,"holder_count":null}},{"type":"Feature","geometry":{"type":"Point","coordinates":[-5.270937,36.291283]},"properties":{"id":"VUT/CA/24519","type":"VUT","group":"Completa","address":"LUGAR PUERTO DEPORTIVO SOTOGRANDE Blq. E Esc. 1 Plta/Piso 2 Pta/Letra 25 Compl.Dom. PUERTO DEPORTIVO SOTOGRANDE APTO 2.25, piso 2, puerta 25","postal_code":"11310","places":5,"units":2,"registered":"2025-06-10","catastro":"6088502TF9168N0050AG","holder":null,"holder_count":null}},{"type":"Feature","geometry":{"type":"Point","coordinates":[-5.282059,36.288393]},"properties":{"id":"VUT/CA/24523","type":"VUT","group":"Completa","address":"AVENIDA puerto de sotogrande 16A ISLA CAREY Nº 16A Esc. 3 Plta/Piso 1 Pta/Letra H, piso 1, puerta H","postal_code":"11310","places":6,"units":3,"registered":"2025-06-11","catastro":"5484928TF9158S0111EK","holder":null,"holder_count":null}},{"type":"Feature","geometry":{"type":"Point","coordinates":[-5.281209,36.287364]},"properties":{"id":"VUT/CA/24530","type":"VUT","group":"Completa","address":"AVENIDA PUERTO DE SOTOGRANDE Nº 9 Plta/Piso 2 Pta/Letra 76 Compl.Dom. COMPLEJO JUNGLA DEL LORO, piso 2, puerta 76","postal_code":"11312","places":4,"units":2,"registered":"2025-06-26","catastro":"5484924TF9158S0017HZ","holder":null,"holder_count":null}},{"type":"Feature","geometry":{"type":"Point","coordinates":[-5.270698,36.305591]},"properties":{"id":"VUT/CA/24616","type":"VUT","group":"Por habitaciones","address":"CALLE MEXICO Nº 16 Pta/Letra A, puerta A","postal_code":"11312","places":6,"units":3,"registered":"2025-06-17","catastro":"6101529TF9260S0001RL","holder":null,"holder_count":null}},{"type":"Feature","geometry":{"type":"Point","coordinates":[-5.272972,36.291222]},"properties":{"id":"VUT/CA/24646","type":"VUT","group":"Completa","address":"LUGAR LA MARINA PUERTO DE SOTOGRANDE Blq. A Portal 2 Esc. 1 Plta/Piso 1 Pta/Letra 4, piso 1, puerta 4","postal_code":"11310","places":6,"units":3,"registered":"2025-06-19","catastro":"5988201TF9158N0014LP","holder":"PACAMEDO SL","holder_count":1}},{"type":"Feature","geometry":{"type":"Point","coordinates":[-5.275809,36.286072]},"properties":{"id":"VUT/CA/24689","type":"VUT","group":"Completa","address":"PASEO DEL MAR Nº 30 Esc. A Plta/Piso 3 Pta/Letra A1, piso 3, puerta A1","postal_code":"11360","places":6,"units":3,"registered":"2025-06-23","catastro":"5682204TF9158S0120MQ","holder":"ORIGENIA SL","holder_count":2}},{"type":"Feature","geometry":{"type":"Point","coordinates":[-5.275347,36.291472]},"properties":{"id":"VUT/CA/24711","type":"VUT","group":"Completa","address":"URBANIZACION RIBERA DEL MARLIN Blq. 14 Plta/Piso 3 Pta/Letra A, piso 3, puerta A","postal_code":"11310","places":6,"units":2,"registered":"2025-06-26","catastro":"5484937TF9158S0174PJ","holder":"IRMA ARTILES ARRIENDOS, SL","holder_count":1}},{"type":"Feature","geometry":{"type":"Point","coordinates":[-5.34356,36.277579]},"properties":{"id":"VUT/CA/24756","type":"VUT","group":"Completa","address":"CALLE FONDO Nº 33 Compl.Dom. SOTO GRANDE","postal_code":"11360","places":8,"units":4,"registered":"2025-06-26","catastro":"9574707TF8197S0001BK","holder":null,"holder_count":null}},{"type":"Feature","geometry":{"type":"Point","coordinates":[-5.259121,36.317354]},"properties":{"id":"VUT/CA/24773","type":"VUT","group":"Completa","address":"CHALET VIVIENDA UNIFAMILIAR SITA EN URB. INVESPANIA Nº 14 Compl.Dom. PARCELA Nº 14-","postal_code":"11312","places":10,"units":5,"registered":"2025-06-27","catastro":"7215915TF9271N0001RO","holder":null,"holder_count":null}},{"type":"Feature","geometry":{"type":"Point","coordinates":[-5.332045,36.281886]},"properties":{"id":"VUT/CA/24777","type":"VUT","group":"Por habitaciones","address":"AVENIDA de los Cortijos (Patios de Valderrama) Nº 2","postal_code":"11310","places":6,"units":3,"registered":"2025-06-27","catastro":"0680603TF9108S0001IA","holder":null,"holder_count":null}},{"type":"Feature","geometry":{"type":"Point","coordinates":[-5.325104,36.249548]},"properties":{"id":"VUT/CA/24794","type":"VUT","group":"Completa","address":"CALLE DAVE THOMAS Nº S/N Blq. 7 Portal 19 Pta/Letra C1 Compl.Dom. URB. LAS TERRAZAS DE LA ALCAIDESA, piso -, puerta C1","postal_code":"11310","places":12,"units":3,"registered":"2025-06-28","catastro":"0843209TF9104S0082IM","holder":null,"holder_count":null}},{"type":"Feature","geometry":{"type":"Point","coordinates":[-5.269411,36.303172]},"properties":{"id":"VUT/CA/24815","type":"VUT","group":"Completa","address":"URBANIZACION colina del mar Nº 11","postal_code":"11312","places":5,"units":3,"registered":"2025-06-30","catastro":"6101523TF9260S0001LL","holder":null,"holder_count":null}},{"type":"Feature","geometry":{"type":"Point","coordinates":[-5.265687,36.301868]},"properties":{"id":"VUT/CA/24823","type":"VUT","group":"Completa","address":"URBANIZACION Patricia Nº 31B Plta/Piso 10 Pta/Letra 31-B Compl.Dom. BLOQUE TORRE DEL REY, piso 10, puerta 31-B","postal_code":"11312","places":5,"units":2,"registered":"2025-06-30","catastro":"6698302TF9169N0031ML","holder":"R Y C GLASMA SOCIEDAD LIMITADA","holder_count":1}},{"type":"Feature","geometry":{"type":"Point","coordinates":[-5.281786,36.289267]},"properties":{"id":"VUT/CA/24825","type":"VUT","group":"Completa","address":"AVENIDA PUERTO SOTOGRANDE Esc. 1 Plta/Piso 01 Pta/Letra J, piso 01, puerta J","postal_code":"11360","places":6,"units":3,"registered":"2025-06-30","catastro":"5484929TF9158S0086JM","holder":"ESPAPROP, S.L.","holder_count":1}},{"type":"Feature","geometry":{"type":"Point","coordinates":[-5.309486,36.279637]},"properties":{"id":"VUT/CA/24827","type":"VUT","group":"Completa","address":"CALLE BUENAVISTA Nº 29","postal_code":"11310","places":14,"units":7,"registered":"2025-06-30","catastro":"2677914TF9127N0001EJ","holder":"CUBE HOMES SL","holder_count":1}},{"type":"Feature","geometry":{"type":"Point","coordinates":[-5.273827,36.291288]},"properties":{"id":"VUT/CA/24846","type":"VUT","group":"Completa","address":"DEL OBISPO Nº 1 Pta/Letra 21 Compl.Dom. APARTAMENTO 21, puerta 21","postal_code":"11310","places":2,"units":3,"registered":"2025-07-01","catastro":"5484918TF9158S0022FM","holder":null,"holder_count":null}},{"type":"Feature","geometry":{"type":"Point","coordinates":[-5.274331,36.289859]},"properties":{"id":"VUT/CA/24849","type":"VUT","group":"Completa","address":"EDIFICIO Ribera del Arlequin Nº 15","postal_code":"11310","places":6,"units":3,"registered":"2025-07-01","catastro":"5484912TF9158N0023UH","holder":"JOM Puerto Banus S.L.","holder_count":1}},{"type":"Feature","geometry":{"type":"Point","coordinates":[-5.281721,36.308814]},"properties":{"id":"VUT/CA/24863","type":"VUT","group":"Completa","address":"CALLE Cañada Real Nº Sn Compl.Dom. Cortijo de los Algarrobos","postal_code":"11312","places":4,"units":4,"registered":"2025-06-27","catastro":"11033A003000430000EW","holder":null,"holder_count":null}},{"type":"Feature","geometry":{"type":"Point","coordinates":[-5.338214,36.295979]},"properties":{"id":"VUT/CA/24920","type":"VUT","group":"Completa","address":"AVENIDA DE LA RESERVA Nº 622 Compl.Dom. SOTOGRANDE","postal_code":"11310","places":14,"units":7,"registered":"2025-07-10","catastro":"0194605TF9109S0001YT","holder":"VILLA TAI SPAIN, S.L.","holder_count":1}},{"type":"Feature","geometry":{"type":"Point","coordinates":[-5.257199,36.317646]},"properties":{"id":"VUT/CA/24958","type":"VUT","group":"Completa","address":"URBANIZACION INVESPANIA Nº 17","postal_code":"11312","places":8,"units":3,"registered":"2025-07-17","catastro":"7019167TF9271N0000KI","holder":null,"holder_count":null}},{"type":"Feature","geometry":{"type":"Point","coordinates":[-5.278321,36.287911]},"properties":{"id":"VUT/CA/24999","type":"VUT","group":"Completa","address":"AVENIDA DE LA MARINA Nº SN Blq. 3 Portal 3 Pta/Letra 19 Compl.Dom. EDIFICIO RIBERA DEL CORVO, PUERTO DE SOTOGRANDE, puerta 19","postal_code":"11310","places":8,"units":3,"registered":"2025-07-23","catastro":"5484936TF9158S0054UM","holder":"IBERIA LIVING MANAGEMENT SL","holder_count":6}},{"type":"Feature","geometry":{"type":"Point","coordinates":[-5.34783,36.284764]},"properties":{"id":"VUT/CA/25001","type":"VUT","group":"Completa","address":"URBANIZACION LOS GANZULES AVDA ALMENRDA SG Blq. 5 Esc. 5 Plta/Piso BJ Pta/Letra A, piso BJ, puerta A","postal_code":"11310","places":2,"units":2,"registered":"2025-07-23","catastro":"9771601TF8197S0046PT","holder":"DICTUM LOGISTIC INTEGRAL","holder_count":1}},{"type":"Feature","geometry":{"type":"Point","coordinates":[-5.279604,36.284759]},"properties":{"id":"VUT/CA/25012","type":"VUT","group":"Completa","address":"PASEO Rio Nº 27","postal_code":"11310","places":6,"units":3,"registered":"2025-07-25","catastro":"5281701TF9158S0036UA","holder":null,"holder_count":null}},{"type":"Feature","geometry":{"type":"Point","coordinates":[-5.311795,36.24429]},"properties":{"id":"VUT/CA/25018","type":"VUT","group":"Completa","address":"AVENIDA DEL GOLF Blq. 9 Plta/Piso BJ Pta/Letra 2 Compl.Dom. URB. MARINA DE ALCAIDESA, piso BJ, puerta 2","postal_code":"11360","places":4,"units":2,"registered":"2025-07-28","catastro":"1538102TF9113N0088BI","holder":"jalija S.C.","holder_count":1}},{"type":"Feature","geometry":{"type":"Point","coordinates":[-5.342242,36.277837]},"properties":{"id":"VUT/CA/25030","type":"VUT","group":"Completa","address":"CALLE FONDO Nº 20","postal_code":"11360","places":10,"units":5,"registered":"2025-07-29","catastro":"9675308TF8197N0001PP","holder":null,"holder_count":null}},{"type":"Feature","geometry":{"type":"Point","coordinates":[-5.269021,36.304681]},"properties":{"id":"VUT/CA/25046","type":"VUT","group":"Por habitaciones","address":"CALLE Las Américas Nº 22 Compl.Dom. Colinas del Mar","postal_code":"11312","places":6,"units":2,"registered":"2025-07-30","catastro":"6300429TF9260S0001WL","holder":null,"holder_count":null}},{"type":"Feature","geometry":{"type":"Point","coordinates":[-5.301937,36.293122]},"properties":{"id":"VUT/CA/25053","type":"VUT","group":"Completa","address":"CALLE GREDOS Nº 21","postal_code":"11310","places":4,"units":2,"registered":"2025-08-01","catastro":"3391705TF9139S0003BL","holder":null,"holder_count":null}},{"type":"Feature","geometry":{"type":"Point","coordinates":[-5.279264,36.285651]},"properties":{"id":"VUT/CA/25091","type":"VUT","group":"Completa","address":"AVENIDA DE LA MARINA Nº 65","postal_code":"11310","places":10,"units":4,"registered":"2025-08-08","catastro":"54849A4TF9158S0001OI","holder":null,"holder_count":null}},{"type":"Feature","geometry":{"type":"Point","coordinates":[-5.321916,36.280443]},"properties":{"id":"VUT/CA/25093","type":"VUT","group":"Completa","address":"CALLE DUERO Nº 7 Compl.Dom. URBANIZACION SOTOGRANDE","postal_code":"11310","places":8,"units":4,"registered":"2025-08-08","catastro":"1674414TF9117S0001QZ","holder":null,"holder_count":null}},{"type":"Feature","geometry":{"type":"Point","coordinates":[-5.27926,36.288108]},"properties":{"id":"VUT/CA/25118","type":"VUT","group":"Completa","address":"AVENIDA DEL PUERTO Esc. 2 Pta/Letra 8, puerta 8","postal_code":"11310","places":8,"units":3,"registered":"2025-08-14","catastro":"5484934TF9158S0009TH","holder":"VL ARQUITECTURA GRANADA S.L.P.","holder_count":1}},{"type":"Feature","geometry":{"type":"Point","coordinates":[-5.280047,36.287587]},"properties":{"id":"VUT/CA/25137","type":"VUT","group":"Completa","address":"CONJUNTO Isla Tortuga Blq. 6 Plta/Piso 0 Pta/Letra 35, piso 0, puerta 35","postal_code":"11310","places":9,"units":3,"registered":"2025-08-19","catastro":"5484933TF9158S0036FA","holder":"Edificios Lógicos, SL","holder_count":1}},{"type":"Feature","geometry":{"type":"Point","coordinates":[-5.321869,36.289307]},"properties":{"id":"VUT/CA/25146","type":"VUT","group":"Completa","address":"AVENIDA DE LA RESERVA S/N Portal 10 Plta/Piso 1 Pta/Letra B Compl.Dom. URBANIZACIÓN VILLAGE VERDE VIVIENDA 10.1.B, piso 1, puerta B","postal_code":"11310","places":6,"units":2,"registered":"2025-08-21","catastro":"1396909TF9119N9999ES","holder":"SOTOGRANDE SERVICE PROVIDER, S.L.U.","holder_count":4}},{"type":"Feature","geometry":{"type":"Point","coordinates":[-5.329971,36.277939]},"properties":{"id":"VUT/CA/25170","type":"VUT","group":"Completa","address":"CALLE faisan Nº 37 Compl.Dom. urb. sotogrande","postal_code":"11310","places":10,"units":4,"registered":"2025-08-27","catastro":"1074608tf9117s0001uz","holder":null,"holder_count":null}},{"type":"Feature","geometry":{"type":"Point","coordinates":[-5.266023,36.302738]},"properties":{"id":"VUT/CA/25179","type":"VUT","group":"Completa","address":"APARTAMENTO URBANIZACIÓN PUNTA EUROPA Blq. A Plta/Piso 2 Pta/Letra B Compl.Dom. Edificio Torremar, piso 2, puerta B","postal_code":"11312","places":4,"units":1,"registered":"2025-08-28","catastro":"6600201TF9260S0023KS","holder":"RENTAL MANAGER SL","holder_count":2}},{"type":"Feature","geometry":{"type":"Point","coordinates":[-5.310633,36.275217]},"properties":{"id":"VUT/CA/25227","type":"VUT","group":"Completa","address":"CALLE ARAGON Nº 10","postal_code":"11310","places":12,"units":6,"registered":"2025-09-11","catastro":"2672818TF9127S0001PW","holder":"INVERSIONES 321, S.L.","holder_count":1}},{"type":"Feature","geometry":{"type":"Point","coordinates":[-5.282854,36.288799]},"properties":{"id":"VUT/CA/25289","type":"VUT","group":"Completa","address":"AVENIDA PUERTO DE SOTOGRANDE Nº 20 Blq. 2 Portal 5 Plta/Piso BJ Pta/Letra D Compl.Dom. Edificio GUADALMARINA 2 , PORTAL 5  BAJO D, piso BJ, puerta D","postal_code":"11310","places":5,"units":2,"registered":"2025-09-29","catastro":"5484927TF9158S0143JK","holder":null,"holder_count":null}},{"type":"Feature","geometry":{"type":"Point","coordinates":[-5.319196,36.279667]},"properties":{"id":"VUT/CA/25323","type":"VUT","group":"Completa","address":"AVENIDA DE LOS CORTIJOS Nº 5 Compl.Dom. SOTOGRANDE","postal_code":"11310","places":10,"units":5,"registered":"2025-10-08","catastro":"1674421TF9117S0001FZ","holder":"CASON DEL PRIOR SL","holder_count":1}},{"type":"Feature","geometry":{"type":"Point","coordinates":[-5.279604,36.284759]},"properties":{"id":"VUT/CA/25337","type":"VUT","group":"Completa","address":"PASEO DEL RIO Nº 9 Esc. 1 Plta/Piso BJ Pta/Letra 22, piso BJ, puerta 22","postal_code":"11360","places":4,"units":2,"registered":"2025-10-13","catastro":"5281701TF9158S0051HB","holder":null,"holder_count":null}},{"type":"Feature","geometry":{"type":"Point","coordinates":[-5.270937,36.291283]},"properties":{"id":"VUT/CA/25350","type":"VUT","group":"Completa","address":"AVENIDA PUERTO SOTO GRANDE Nº E Blq. 3 Esc. 01 Plta/Piso 03 Pta/Letra 16, piso 03, puerta 16","postal_code":"11360","places":2,"units":1,"registered":"2025-10-15","catastro":"6088502TF9168N0062BQ","holder":"ALE MAISON INVESTMENTS, S.L.U.","holder_count":2}},{"type":"Feature","geometry":{"type":"Point","coordinates":[-5.270937,36.291283]},"properties":{"id":"VUT/CA/25351","type":"VUT","group":"Completa","address":"AVENIDA PUERTO DE SOTOGRANDE Nº E Blq. 3 Esc. 1 Plta/Piso 2 Pta/Letra 20, piso 2, puerta 20","postal_code":"11360","places":2,"units":1,"registered":"2025-10-15","catastro":"6088502TF9168N0045OD","holder":"ALE MAISON INVESTMENTS, S.L.U.","holder_count":2}},{"type":"Feature","geometry":{"type":"Point","coordinates":[-5.322317,36.275486]},"properties":{"id":"VUT/CA/25355","type":"VUT","group":"Completa","address":"CALLE DAIMIEL Nº 35","postal_code":"11310","places":12,"units":5,"registered":"2025-10-15","catastro":"1674458TF9117S0001DZ","holder":null,"holder_count":null}},{"type":"Feature","geometry":{"type":"Point","coordinates":[-5.269023,36.300034]},"properties":{"id":"VUT/CA/25389","type":"VUT","group":"Completa","address":"CARRETERA Cádiz-Málaga 15 Blq. C Esc. 1 Plta/Piso 2 Pta/Letra 10 Compl.Dom. Plaza del Escribano - Torreguadiaro, piso 2, puerta 10","postal_code":"11360","places":4,"units":1,"registered":"2025-10-24","catastro":"6397101TF9169N0010PR","holder":"RENTAL MANAGER SL","holder_count":2}},{"type":"Feature","geometry":{"type":"Point","coordinates":[-5.321869,36.289307]},"properties":{"id":"VUT/CA/25403","type":"VUT","group":"Completa","address":"CONJUNTO LA RESERVA, APARTAMENTO 10.1.D Nº 10 Blq. 10 Esc. 2 Plta/Piso 1 Compl.Dom. SOTOGRANDE, piso 1","postal_code":"11310","places":4,"units":2,"registered":"2025-10-29","catastro":"1396909TF9119N0001GQ","holder":null,"holder_count":null}},{"type":"Feature","geometry":{"type":"Point","coordinates":[-5.278753,36.287425]},"properties":{"id":"VUT/CA/25412","type":"VUT","group":"Completa","address":"RESIDENCIAL ISLA DE LA VELA, VIVIENDA Nº 7 Portal 2 Plta/Piso 1 Compl.Dom. SOTOGRANDE, piso 1","postal_code":"11310","places":4,"units":2,"registered":"2025-10-30","catastro":"5484935TF9158S0008DG","holder":null,"holder_count":null}},{"type":"Feature","geometry":{"type":"Point","coordinates":[-5.33694,36.269574]},"properties":{"id":"VUT/CA/25427","type":"VUT","group":"Completa","address":"URBANIZACION EMERALD GREENS FASE II, BLOQUE 6, BAJO Nº 3 (SAN ROQUE) Blq. 6 Plta/Piso 0 Pta/Letra 3, piso 0, puerta 3","postal_code":"11316","places":6,"units":3,"registered":"2025-11-04","catastro":"0266101TF9106N9999LE","holder":null,"holder_count":null}},{"type":"Feature","geometry":{"type":"Point","coordinates":[-5.279604,36.284759]},"properties":{"id":"VUT/CA/25448","type":"VUT","group":"Completa","address":"PASEO DEL RIO 28 Plta/Piso B Pta/Letra D Compl.Dom. SOTOGRANDE, piso B, puerta D","postal_code":"11368","places":6,"units":3,"registered":"2025-11-10","catastro":"5281701TF9158S0055BQ","holder":null,"holder_count":null}},{"type":"Feature","geometry":{"type":"Point","coordinates":[-5.258797,36.317174]},"properties":{"id":"VUT/CA/25496","type":"VUT","group":"Completa","address":"URBANIZACION INVESPANIA Nº 22 Blq. N2 Pta/Letra 12, puerta 12","postal_code":"11312","places":12,"units":5,"registered":"2025-11-21","catastro":"7215913TF9271N0001OO","holder":"LUXURY LISTINGS RENTALS SL","holder_count":1}},{"type":"Feature","geometry":{"type":"Point","coordinates":[-5.321869,36.289307]},"properties":{"id":"VUT/CA/25520","type":"VUT","group":"Completa","address":"CONJUNTO Village Verde Blq. 9 Esc. 2 Plta/Piso 1 Pta/Letra D, piso 1, puerta D","postal_code":"11310","places":5,"units":2,"registered":"2025-12-01","catastro":"1396909TF9119N9999ES","holder":null,"holder_count":null}},{"type":"Feature","geometry":{"type":"Point","coordinates":[-5.321869,36.289307]},"properties":{"id":"VUT/CA/25551","type":"VUT","group":"Completa","address":"AVENIDA DE LA RESERVA S/N Blq. 6 Plta/Piso 0 Pta/Letra A Compl.Dom. URBANIZACIÓN VILLAGE VERDE FASE 2, LA RESERVA DE SOTOGRANDE, SOTOGRANDE, piso 0, puerta A","postal_code":"11310","places":6,"units":3,"registered":"2025-12-09","catastro":"1396909TF9119N9999ES","holder":"SOTOGRANDE SERVICE PROVIDER, S.L.U.","holder_count":4}},{"type":"Feature","geometry":{"type":"Point","coordinates":[-5.279604,36.284759]},"properties":{"id":"VUT/CA/25576","type":"VUT","group":"Completa","address":"PASEO del rio Nº 20 Pta/Letra a, puerta a","postal_code":"11310","places":2,"units":1,"registered":"2025-12-12","catastro":"5281701TF9158S0057XE","holder":null,"holder_count":null}},{"type":"Feature","geometry":{"type":"Point","coordinates":[-5.297109,36.316335]},"properties":{"id":"VUT/CA/25601","type":"VUT","group":"Completa","address":"CARRETERA A-2102 - SAN ENRIQUE DE GUADIARO - SAN MARTIN DEL TESORILLO Km 4","postal_code":"11312","places":12,"units":6,"registered":"2025-12-18","catastro":"11033A002000560000EI","holder":"LAWISOLA DEL SUR SL","holder_count":1}},{"type":"Feature","geometry":{"type":"Point","coordinates":[-5.282616,36.276904]},"properties":{"id":"VUT/CA/25658","type":"VUT","group":"Completa","address":"PASEO del  Parque Nº 70 Portal 28 Compl.Dom. Urbanización Playa en Sotogrande","postal_code":"11310","places":9,"units":4,"registered":"2026-01-13","catastro":"5074901TF9157S0028YS","holder":"GUADALMIMBRERAS  S.L.","holder_count":1}},{"type":"Feature","geometry":{"type":"Point","coordinates":[-5.31197,36.282981]},"properties":{"id":"VUT/CA/25662","type":"VUT","group":"Completa","address":"CALLE BENAVENTE Nº 39 Compl.Dom. VIVIENDA UNIFAMILIAR","postal_code":"11360","places":8,"units":4,"registered":"2026-01-15","catastro":"2578330TF9127N0001DJ","holder":null,"holder_count":null}},{"type":"Feature","geometry":{"type":"Point","coordinates":[-5.385411,36.211196]},"properties":{"id":"VUT/CA/25670","type":"VUT","group":"Por habitaciones","address":"CALLE GENERAL LACY Nº 61","postal_code":"11360","places":4,"units":2,"registered":"2026-01-15","catastro":"5602817TF8150S0001WZ","holder":null,"holder_count":null}},{"type":"Feature","geometry":{"type":"Point","coordinates":[-5.432943,36.215429]},"properties":{"id":"VUT/CA/25681","type":"VUT","group":"Completa","address":"AVENIDA GUADARRANQUE Nº 230","postal_code":"11368","places":3,"units":1,"registered":"2026-01-19","catastro":"1408120TF8110N0001FB","holder":null,"holder_count":null}},{"type":"Feature","geometry":{"type":"Point","coordinates":[-5.321869,36.289307]},"properties":{"id":"VUT/CA/25683","type":"VUT","group":"Completa","address":"URBANIZACION VILLAGE VERDE Nº SN Portal 10 Plta/Piso 2 Pta/Letra C Compl.Dom. LA RESERVA DE SOTOGRANDE, piso 2, puerta C","postal_code":"11310","places":6,"units":3,"registered":"2026-01-19","catastro":"1396909TF9119N9999ES","holder":"SELAGAM FINCAS, S.L.","holder_count":1}},{"type":"Feature","geometry":{"type":"Point","coordinates":[-5.258171,36.31745]},"properties":{"id":"VUT/CA/25713","type":"VUT","group":"Completa","address":"URBANIZACION Invespania Nº 175","postal_code":"11312","places":6,"units":4,"registered":"2026-01-23","catastro":"7215909TF9271N0001MO","holder":null,"holder_count":null}},{"type":"Feature","geometry":{"type":"Point","coordinates":[-5.272902,36.292052]},"properties":{"id":"VUT/CA/25737","type":"VUT","group":"Completa","address":"URBANIZACION Puerto de Sotogrande Nº 1.21 Blq. C Portal C Plta/Piso 1 Pta/Letra 21 Compl.Dom. Plaza Chica,Bloque C, Apto 1-21. Puerto de Sotogrande, piso 1, puerta 21","postal_code":"11310","places":4,"units":2,"registered":"2026-01-29","catastro":"5989801TF9158N0012MI","holder":"K94 Corporate S.L.","holder_count":1}},{"type":"Feature","geometry":{"type":"Point","coordinates":[-5.269641,36.301863]},"properties":{"id":"VUT/CA/25738","type":"VUT","group":"Completa","address":"PARCELA CUARTA FASE VISTA LAGUNA LUGAR DE LA CHULLERA Nº 3 Compl.Dom. BARRIADA DE GUADIARO","postal_code":"11360","places":8,"units":4,"registered":"2026-01-28","catastro":"6298505TF9169N0001MZ","holder":null,"holder_count":null}},{"type":"Feature","geometry":{"type":"Point","coordinates":[-5.268975,36.305897]},"properties":{"id":"VUT/CA/25778","type":"VUT","group":"Completa","address":"CALLE BRASIL Blq. 3 Compl.Dom. URBANIZACIÓN COLINAS DEL MAR","postal_code":"11312","places":11,"units":11,"registered":"2026-02-03","catastro":"6202702TF9260S0001RL","holder":null,"holder_count":null}},{"type":"Feature","geometry":{"type":"Point","coordinates":[-5.385595,36.183034]},"properties":{"id":"VUT/CA/25805","type":"VUT","group":"Completa","address":"BARRIADA NAZARET Nº 3 Blq. IZQ Portal 3 Plta/Piso BAJO Pta/Letra C, piso BAJO, puerta C","postal_code":"11313","places":4,"units":3,"registered":"2026-02-07","catastro":"5571603TF8057S0003UX","holder":null,"holder_count":null}},{"type":"Feature","geometry":{"type":"Point","coordinates":[-5.321869,36.289307]},"properties":{"id":"VUT/CA/25834","type":"VUT","group":"Completa","address":"AVENIDA DE LA RESERVA Blq. 6 Plta/Piso 1 Pta/Letra A Compl.Dom. URBANIZACION VILLAGE VERDE, piso 1, puerta A","postal_code":"11310","places":8,"units":3,"registered":"2026-02-12","catastro":"1396909TF9119N9999ES","holder":null,"holder_count":null}},{"type":"Feature","geometry":{"type":"Point","coordinates":[-5.279264,36.285651]},"properties":{"id":"VUT/CA/25851","type":"VUT","group":"Completa","address":"AVENIDA DE LA MARINA Nº 65","postal_code":"11310","places":10,"units":4,"registered":"2026-02-16","catastro":"54849A4TF9158S0001OI","holder":null,"holder_count":null}},{"type":"Feature","geometry":{"type":"Point","coordinates":[-5.388841,36.211434]},"properties":{"id":"VUT/CA/25938","type":"VUT","group":"Por habitaciones","address":"CALLE PLAZA LAS MORERAS Nº 4","postal_code":"11360","places":4,"units":2,"registered":"2026-03-04","catastro":"5302950TF8150S0001SZ","holder":null,"holder_count":null}},{"type":"Feature","geometry":{"type":"Point","coordinates":[-5.284091,36.279107]},"properties":{"id":"VUT/CA/25962","type":"VUT","group":"Completa","address":"CALLE PASEO DEL PARQUE Nº 78","postal_code":"11310","places":10,"units":5,"registered":"2026-03-09","catastro":"4876909TF9147N0001DW","holder":"JOSÉ MUÑOZ, S.L.","holder_count":1}},{"type":"Feature","geometry":{"type":"Point","coordinates":[-5.257086,36.316615]},"properties":{"id":"VUT/CA/25968","type":"VUT","group":"Completa","address":"URBANIZACION INVESPANIA Nº 251","postal_code":"11312","places":6,"units":3,"registered":"2026-03-10","catastro":"7019152TF9271N0001EO","holder":null,"holder_count":null}},{"type":"Feature","geometry":{"type":"Point","coordinates":[-5.255714,36.313201]},"properties":{"id":"VUT/CA/25978","type":"VUT","group":"Completa","address":"URBANIZACION san diego Nº 14 Compl.Dom. urbanizacion san diego nº 14 , parcela 7","postal_code":"11312","places":2,"units":4,"registered":"2026-03-11","catastro":"7411218tf9271s0001dj","holder":null,"holder_count":null}},{"type":"Feature","geometry":{"type":"Point","coordinates":[-5.29495,36.289547]},"properties":{"id":"VUT/CA/26007","type":"VUT","group":"Completa","address":"CALLE RAMIRO EL MONJE Nº 15","postal_code":"11310","places":15,"units":8,"registered":"2026-03-16","catastro":"3886623TF9138N0001EG","holder":"SOTO EAGLE FORD, S.L.","holder_count":1}},{"type":"Feature","geometry":{"type":"Point","coordinates":[-5.339102,36.260905]},"properties":{"id":"VUT/CA/26033","type":"VUT","group":"Completa","address":"URBANIZACION San Roque Club 2 Nº 2 Esc. 16 Plta/Piso 1 Pta/Letra 45 Compl.Dom. San Roque Club 2 - Es. 16 - Planta 1º - Pta. 45, piso 1, puerta 45","postal_code":"11310","places":8,"units":3,"registered":"2026-03-18","catastro":"9854202TF8195S0003QO","holder":null,"holder_count":null}}]}