{"type":"FeatureCollection","municipio":{"slug":"sanlucar-de-barrameda","name":"Sanlúcar de Barrameda","total":1447,"places":8037,"source_updated_at":"2026-10-05"},"features":[{"type":"Feature","geometry":{"type":"Point","coordinates":[-6.355147,36.772526]},"properties":{"id":"A/CA/00429","type":"AT","group":"Edificio/Complejo","address":"CALLE SEBASTIAN ELCANO Nº 56","postal_code":"11540","places":22,"units":6,"registered":"2026-09-28","catastro":"6131808QA3763A0001OF","holder":null,"holder_count":null}},{"type":"Feature","geometry":{"type":"Point","coordinates":[-6.348495,36.787306]},"properties":{"id":"VUT/CA/00002","type":"VUT","group":"Completa","address":"AVENIDA MANZANILLA Nº 9 Portal 2 Plta/Piso 3 Pta/Letra H, piso 3, puerta H","postal_code":"11540","places":6,"units":2,"registered":"2016-05-11","catastro":"6748701QA3764E0251TH","holder":null,"holder_count":null}},{"type":"Feature","geometry":{"type":"Point","coordinates":[-6.353305,36.77735]},"properties":{"id":"VUT/CA/00004","type":"VUT","group":"Completa","address":"CALLE CARMEN VIEJO Nº 2 Plta/Piso 2 Pta/Letra A-5, piso 2, puerta A-5","postal_code":"11540","places":6,"units":3,"registered":"2016-05-11","catastro":"6436911QA3763E0115TK","holder":null,"holder_count":null}},{"type":"Feature","geometry":{"type":"Point","coordinates":[-6.322261,36.787689]},"properties":{"id":"VUT/CA/00007","type":"VUT","group":"Completa","address":"CALLE JUAN DE ARRATIA Nº 9 Compl.Dom. SANLUCAR CLUB DE CAMPO","postal_code":"11540","places":6,"units":3,"registered":"2016-05-11","catastro":"9048410QA3794G0001OT","holder":"JEMALURI, S.L.","holder_count":2}},{"type":"Feature","geometry":{"type":"Point","coordinates":[-6.322328,36.786936]},"properties":{"id":"VUT/CA/00008","type":"VUT","group":"Completa","address":"CALLE JUAN DE ARRATIA Nº 13 Compl.Dom. SANLUCAR CLUB DE CAMPO","postal_code":"11540","places":6,"units":3,"registered":"2016-05-11","catastro":"9048414QA3794G0001XT","holder":"JEMALURI, S.L.","holder_count":2}},{"type":"Feature","geometry":{"type":"Point","coordinates":[-6.348495,36.787306]},"properties":{"id":"VUT/CA/00014","type":"VUT","group":"Completa","address":"AVENIDA MANZANILLA Nº 9 Portal 1 Plta/Piso 2 Pta/Letra G, piso 2, puerta G","postal_code":"11540","places":7,"units":3,"registered":"2016-05-11","catastro":"6748701QA3764E0218UK","holder":null,"holder_count":null}},{"type":"Feature","geometry":{"type":"Point","coordinates":[-6.3775,36.770686]},"properties":{"id":"VUT/CA/00022","type":"VUT","group":"Completa","address":"CALLE PLAYA DE LA PUNTILLA Nº 3 Compl.Dom. RESIDENCIAL MARINA SERENA","postal_code":"11540","places":9,"units":4,"registered":"2016-05-11","catastro":"4128647QA3742G0020QP","holder":null,"holder_count":null}},{"type":"Feature","geometry":{"type":"Point","coordinates":[-6.3775,36.770686]},"properties":{"id":"VUT/CA/00041","type":"VUT","group":"Completa","address":"CALLE PLAYA DE LA PUNTILLA Nº 3 Compl.Dom. RESIDENCIAL MARINA SERENA","postal_code":"11540","places":8,"units":4,"registered":"2016-05-13","catastro":"4128647QA3742G0020QP","holder":null,"holder_count":null}},{"type":"Feature","geometry":{"type":"Point","coordinates":[-6.362812,36.780796]},"properties":{"id":"VUT/CA/00042","type":"VUT","group":"Por habitaciones","address":"AVENIDA DE LAS PILETAS Nº 26","postal_code":"11540","places":6,"units":3,"registered":"2016-05-12","catastro":"5440603QA3756A0001KG","holder":null,"holder_count":null}},{"type":"Feature","geometry":{"type":"Point","coordinates":[-6.352574,36.776401]},"properties":{"id":"VUT/CA/00057","type":"VUT","group":"Completa","address":"CALLE Luis de Egulaz Nº 11 Plta/Piso 2 Pta/Letra A, piso 2, puerta A","postal_code":"11540","places":4,"units":1,"registered":"2016-05-12","catastro":"6436930QA3763E0016TH","holder":"Enea Zul, SL","holder_count":2}},{"type":"Feature","geometry":{"type":"Point","coordinates":[-6.322461,36.786563]},"properties":{"id":"VUT/CA/00058","type":"VUT","group":"Completa","address":"CALLE Juan De Arratia Nº 15","postal_code":"11540","places":6,"units":3,"registered":"2016-05-12","catastro":"9048416QA3794G0001JT","holder":"Enea Zul, SL","holder_count":2}},{"type":"Feature","geometry":{"type":"Point","coordinates":[-6.349091,36.788592]},"properties":{"id":"VUT/CA/00066","type":"VUT","group":"Completa","address":"CALLE ROSA DE LOS VIENTOS Nº 19 Plta/Piso 2º A Pta/Letra A, piso 2º A, puerta A","postal_code":"11540","places":4,"units":2,"registered":"2016-05-13","catastro":"6649801QA3764E0158EB","holder":null,"holder_count":null}},{"type":"Feature","geometry":{"type":"Point","coordinates":[-6.352549,36.777708]},"properties":{"id":"VUT/CA/00068","type":"VUT","group":"Completa","address":"CALLE ZARATE Nº 11 Plta/Piso BJ Compl.Dom. ESQUINA CALLE CARMEN VIEJO 19, piso BJ","postal_code":"11540","places":4,"units":1,"registered":"2016-05-13","catastro":"6437515QA3763E0001HR","holder":null,"holder_count":null}},{"type":"Feature","geometry":{"type":"Point","coordinates":[-6.352549,36.777708]},"properties":{"id":"VUT/CA/00069","type":"VUT","group":"Completa","address":"CALLE CARMEN VIEJO Nº 19 Plta/Piso 1 Compl.Dom. ESQUINA CALLE ZARATE 11, piso 1","postal_code":"11540","places":4,"units":1,"registered":"2016-05-13","catastro":"6437515QA3763E0001HR","holder":null,"holder_count":null}},{"type":"Feature","geometry":{"type":"Point","coordinates":[-6.352828,36.780571]},"properties":{"id":"VUT/CA/00072","type":"VUT","group":"Por habitaciones","address":"CALLE BOLSA Nº 25","postal_code":"11540","places":6,"units":5,"registered":"2016-05-13","catastro":"6440305QA3764A0001FI","holder":null,"holder_count":null}},{"type":"Feature","geometry":{"type":"Point","coordinates":[-6.349091,36.788592]},"properties":{"id":"VUT/CA/00089","type":"VUT","group":"Completa","address":"CALLE ROSA DE LOS VIENTOS Portal 1 Plta/Piso 2 Pta/Letra N, piso 2, puerta N","postal_code":"11540","places":8,"units":3,"registered":"2016-05-18","catastro":"6649801QA3764E0171PR","holder":null,"holder_count":null}},{"type":"Feature","geometry":{"type":"Point","coordinates":[-6.366623,36.777621]},"properties":{"id":"VUT/CA/00094","type":"VUT","group":"Completa","address":"AVENIDA DE LAS PILETAS Nº 99 Blq. 5 Plta/Piso BJ Pta/Letra 0B Compl.Dom. URB. LOS AZAHARES, piso BJ, puerta 0B","postal_code":"11540","places":4,"units":2,"registered":"2016-05-16","catastro":"5236320QA3753E0022HG","holder":null,"holder_count":null}},{"type":"Feature","geometry":{"type":"Point","coordinates":[-6.358723,36.7712]},"properties":{"id":"VUT/CA/00114","type":"VUT","group":"Completa","address":"CALLE ALDEBARAN Nº 7 Esc. 1 Plta/Piso 0 Pta/Letra 4, piso 0, puerta 4","postal_code":"11540","places":10,"units":4,"registered":"2016-05-18","catastro":"5728513QA3752H0004ED","holder":null,"holder_count":null}},{"type":"Feature","geometry":{"type":"Point","coordinates":[-6.317886,36.787421]},"properties":{"id":"VUT/CA/00153","type":"VUT","group":"Completa","address":"CALLE Francisco Rodriguez Nº 45 Compl.Dom. Martin Miguel, Campo de Golf","postal_code":"11540","places":8,"units":4,"registered":"2016-05-19","catastro":"9448223QA3794G0001DT","holder":null,"holder_count":null}},{"type":"Feature","geometry":{"type":"Point","coordinates":[-6.361516,36.77544]},"properties":{"id":"VUT/CA/00188","type":"VUT","group":"Completa","address":"CUESTA de CAPUCHINOS Nº 2 Pta/Letra 4, puerta 4","postal_code":"11540","places":6,"units":3,"registered":"2016-05-20","catastro":"5533701QA3753C0004WI","holder":"LEAD GENERATION COMPANY SPAIN, S.L.","holder_count":8}},{"type":"Feature","geometry":{"type":"Point","coordinates":[-6.320296,36.788257]},"properties":{"id":"VUT/CA/00193","type":"VUT","group":"Completa","address":"CALLE Juan de Zubileta Nº 10","postal_code":"11540","places":9,"units":4,"registered":"2016-05-20","catastro":"9248310QA3794G0001ST","holder":null,"holder_count":null}},{"type":"Feature","geometry":{"type":"Point","coordinates":[-6.357071,36.777945]},"properties":{"id":"VUT/CA/00242","type":"VUT","group":"Completa","address":"CALLE PLATA Nº 30 Plta/Piso 0 Pta/Letra A, piso 0, puerta A","postal_code":"11540","places":4,"units":2,"registered":"2016-05-24","catastro":"6037411QA3753F0001IO","holder":null,"holder_count":null}},{"type":"Feature","geometry":{"type":"Point","coordinates":[-6.349171,36.781132]},"properties":{"id":"VUT/CA/00246","type":"VUT","group":"Completa","address":"CALLE SANTO DOMINGO Nº 90 Plta/Piso 1º, piso 1º","postal_code":"11540","places":4,"units":2,"registered":"2016-05-24","catastro":"6741616QA3764B0001PJ","holder":null,"holder_count":null}},{"type":"Feature","geometry":{"type":"Point","coordinates":[-6.353886,36.778431]},"properties":{"id":"VUT/CA/00300","type":"VUT","group":"Completa","address":"CALLE RAMON Y CAJAL Nº 1 Plta/Piso 1 Pta/Letra B, piso 1, puerta B","postal_code":"11540","places":6,"units":2,"registered":"2016-05-31","catastro":"6239904QA3763G0003AQ","holder":"R&M E HIJOS CB","holder_count":1}},{"type":"Feature","geometry":{"type":"Point","coordinates":[-6.319456,36.790352]},"properties":{"id":"VUT/CA/00306","type":"VUT","group":"Completa","address":"CALLE Francisco Rodriguez Nº 9 Compl.Dom. Martin Miguel, Campo de Golf","postal_code":"11540","places":10,"units":4,"registered":"2016-05-31","catastro":"9448205QA3794G0001BT","holder":null,"holder_count":null}},{"type":"Feature","geometry":{"type":"Point","coordinates":[-6.319197,36.790059]},"properties":{"id":"VUT/CA/00307","type":"VUT","group":"Completa","address":"CALLE Francisco Rodriguez Pta/Letra 13 Compl.Dom. Martin Miguel, Campo de Golf, puerta 13","postal_code":"11540","places":10,"units":4,"registered":"2016-05-31","catastro":"9448207QA3794G0001GT","holder":null,"holder_count":null}},{"type":"Feature","geometry":{"type":"Point","coordinates":[-6.319586,36.790499]},"properties":{"id":"VUT/CA/00309","type":"VUT","group":"Completa","address":"CALLE Francisco Rodriguez Nº 7 Compl.Dom. Martin Miguel, Campo de Golf","postal_code":"11540","places":10,"units":4,"registered":"2016-05-31","catastro":"9448204QA3794G0001AT","holder":null,"holder_count":null}},{"type":"Feature","geometry":{"type":"Point","coordinates":[-6.351059,36.775755]},"properties":{"id":"VUT/CA/00310","type":"VUT","group":"Completa","address":"CALLE Albaicin Nº 2 Esc. B Plta/Piso Bajo Pta/Letra 5 Compl.Dom. Edf Pricesea Letizia, piso Bajo, puerta 5","postal_code":"11540","places":6,"units":2,"registered":"2016-05-31","catastro":"6534501QA3763D0059YG","holder":null,"holder_count":null}},{"type":"Feature","geometry":{"type":"Point","coordinates":[-6.319209,36.798695]},"properties":{"id":"VUT/CA/00312","type":"VUT","group":"Completa","address":"CALLE Juan de Acurio Blq. 8 Plta/Piso 2 Pta/Letra F Compl.Dom. Albatros Golf, Martin Miguel, Campo de Golf., piso 2, puerta F","postal_code":"11540","places":6,"units":2,"registered":"2016-05-31","catastro":"9260509QA3796A0151FM","holder":null,"holder_count":null}},{"type":"Feature","geometry":{"type":"Point","coordinates":[-6.35445,36.775542]},"properties":{"id":"VUT/CA/00343","type":"VUT","group":"Completa","address":"CALLE CABALLEROS Nº 13 Plta/Piso 1 Pta/Letra G, piso 1, puerta G","postal_code":"11540","places":4,"units":2,"registered":"2016-06-01","catastro":"6234519QA3763C0014JL","holder":null,"holder_count":null}},{"type":"Feature","geometry":{"type":"Point","coordinates":[-6.361084,36.777254]},"properties":{"id":"VUT/CA/00436","type":"VUT","group":"Completa","address":"AVENIDA LAS PILETAS Nº 101","postal_code":"11540","places":8,"units":4,"registered":"2016-06-10","catastro":"5636509QA3753F0010UG","holder":null,"holder_count":null}},{"type":"Feature","geometry":{"type":"Point","coordinates":[-6.360962,36.781616]},"properties":{"id":"VUT/CA/00458","type":"VUT","group":"Completa","address":"AVENIDA DE LAS PILETAS Nº 37 Plta/Piso 2 Pta/Letra B, piso 2, puerta B","postal_code":"11540","places":4,"units":2,"registered":"2016-06-14","catastro":"5641601QA3754B0012BZ","holder":null,"holder_count":null}},{"type":"Feature","geometry":{"type":"Point","coordinates":[-6.358176,36.784885]},"properties":{"id":"VUT/CA/00463","type":"VUT","group":"Completa","address":"AVENIDA CALZADA DUQUESA ISABEL Nº 58 Pta/Letra E, puerta E","postal_code":"11540","places":6,"units":2,"registered":"2016-06-14","catastro":"5945101QA3754D0438TW","holder":null,"holder_count":null}},{"type":"Feature","geometry":{"type":"Point","coordinates":[-6.35702,36.778682]},"properties":{"id":"VUT/CA/00503","type":"VUT","group":"Completa","address":"PLAZA de las Infantas Nº 40 Portal 2 Plta/Piso 3 Pta/Letra D Compl.Dom. Urbanización Jardines de la Infanta Edificio Infanta Eulalia, piso 3, puerta D","postal_code":"11540","places":2,"units":1,"registered":"2016-06-17","catastro":"5939293QA3753H0210XH","holder":null,"holder_count":null}},{"type":"Feature","geometry":{"type":"Point","coordinates":[-6.351305,36.775644]},"properties":{"id":"VUT/CA/00565","type":"VUT","group":"Completa","address":"CALLE Santiago Nº 30 Compl.Dom. esquina Cristo las Aguas","postal_code":"11540","places":10,"units":6,"registered":"2016-06-23","catastro":"6534505QA3763D0001XK","holder":null,"holder_count":null}},{"type":"Feature","geometry":{"type":"Point","coordinates":[-6.357123,36.781372]},"properties":{"id":"VUT/CA/00827","type":"VUT","group":"Por habitaciones","address":"CALLE PABLO CASALS Portal 2 Plta/Piso BAJO Pta/Letra H, piso BAJO, puerta H","postal_code":"11540","places":4,"units":2,"registered":"2016-07-21","catastro":"6040823QA3753B0051WI","holder":null,"holder_count":null}},{"type":"Feature","geometry":{"type":"Point","coordinates":[-6.370961,36.775261]},"properties":{"id":"VUT/CA/00856","type":"VUT","group":"Completa","address":"CALLE Crucero Nº s/n Esc. 1 Plta/Piso 00 Pta/Letra 07 Compl.Dom. Edificio Apartamentos Turísticos Castillo del Espíritu Santo, piso 00, puerta 07","postal_code":"11540","places":4,"units":1,"registered":"2016-07-26","catastro":"4832321QA3743A0045UG","holder":null,"holder_count":null}},{"type":"Feature","geometry":{"type":"Point","coordinates":[-6.357889,36.777014]},"properties":{"id":"VUT/CA/00986","type":"VUT","group":"Completa","address":"PLAZA LA SALLE Nº 4 Plta/Piso 3 Pta/Letra D, piso 3, puerta D","postal_code":"11540","places":6,"units":3,"registered":"2016-08-12","catastro":"5936902QA3753F0046OL","holder":null,"holder_count":null}},{"type":"Feature","geometry":{"type":"Point","coordinates":[-6.391515,36.764794]},"properties":{"id":"VUT/CA/01103","type":"VUT","group":"Completa","address":"CALLE ESTRELLA DE MAR Nº S/N Compl.Dom. CARRETERA DE LA JARA, CAMINO DE MARBELLA","postal_code":"11540","places":6,"units":3,"registered":"2016-09-06","catastro":"3122204QA3722A0001KR","holder":null,"holder_count":null}},{"type":"Feature","geometry":{"type":"Point","coordinates":[-6.351786,36.780268]},"properties":{"id":"VUT/CA/01118","type":"VUT","group":"Completa","address":"CALLE DIEGO BENITEZ Nº 21 Plta/Piso 1 Pta/Letra B, piso 1, puerta B","postal_code":"11540","places":6,"units":3,"registered":"2016-09-08","catastro":"6440702QA3763G0004YW","holder":null,"holder_count":null}},{"type":"Feature","geometry":{"type":"Point","coordinates":[-6.359804,36.782727]},"properties":{"id":"VUT/CA/01129","type":"VUT","group":"Completa","address":"CALLE ALONSO DE LUGO Nº 12 Esc. 1 Plta/Piso 0, piso 0","postal_code":"11540","places":4,"units":2,"registered":"2016-09-12","catastro":"5743707QA3754D0004YA","holder":null,"holder_count":null}},{"type":"Feature","geometry":{"type":"Point","coordinates":[-6.358727,36.778493]},"properties":{"id":"VUT/CA/01161","type":"VUT","group":"Completa","address":"AVENIDA QUINTO CENTENARIO Nº 92 Portal 6 Plta/Piso 2 Pta/Letra C, piso 2, puerta C","postal_code":"11540","places":4,"units":2,"registered":"2016-09-13","catastro":"5837503QA3753H0058QM","holder":null,"holder_count":null}},{"type":"Feature","geometry":{"type":"Point","coordinates":[-6.351104,36.787087]},"properties":{"id":"VUT/CA/01204","type":"VUT","group":"Completa","address":"BLOQUE ALBATROS Nº 1 Esc. 2 Pta/Letra B Compl.Dom. PARQUE CADILLITA, puerta B","postal_code":"11540","places":4,"units":2,"registered":"2016-09-15","catastro":"6546401QA3764E0145HP","holder":"OLE SOLUTIONS HOLIDAY RENTALS S.L.","holder_count":3}},{"type":"Feature","geometry":{"type":"Point","coordinates":[-6.356349,36.78111]},"properties":{"id":"VUT/CA/01245","type":"VUT","group":"Completa","address":"CALLE Manuel de Diego Lora Nº 10 Plta/Piso 2º Pta/Letra 1 Compl.Dom. Edificio Colón, piso 2º, puerta 1","postal_code":"11540","places":6,"units":3,"registered":"2016-09-21","catastro":"6040832QA3753B0017AO","holder":null,"holder_count":null}},{"type":"Feature","geometry":{"type":"Point","coordinates":[-6.353361,36.777771]},"properties":{"id":"VUT/CA/01258","type":"VUT","group":"Completa","address":"CALLE DON ROMAN Nº 1 Plta/Piso 1 Pta/Letra A, piso 1, puerta A","postal_code":"11540","places":7,"units":3,"registered":"2016-09-22","catastro":"6437210QA3763E0005OI","holder":null,"holder_count":null}},{"type":"Feature","geometry":{"type":"Point","coordinates":[-6.350512,36.786239]},"properties":{"id":"VUT/CA/01471","type":"VUT","group":"Completa","address":"CALLE REAL FERNANDO Nº 4 Blq. 2 Plta/Piso 2 Pta/Letra E, piso 2, puerta E","postal_code":"11540","places":6,"units":3,"registered":"2016-10-21","catastro":"6546403QA3764E0111OI","holder":null,"holder_count":null}},{"type":"Feature","geometry":{"type":"Point","coordinates":[-6.350111,36.787673]},"properties":{"id":"VUT/CA/01477","type":"VUT","group":"Completa","address":"CALLE CIBELES Nº 4 Pta/Letra 45 Compl.Dom. VERDIGONES, puerta 45","postal_code":"11540","places":6,"units":3,"registered":"2016-10-21","catastro":"6547604QA3764E0045UU","holder":null,"holder_count":null}},{"type":"Feature","geometry":{"type":"Point","coordinates":[-6.349091,36.788592]},"properties":{"id":"VUT/CA/01500","type":"VUT","group":"Completa","address":"CALLE ROSA DE LOS VIENTOS CASA 1 Nº 1 Plta/Piso BAJO Pta/Letra J, piso BAJO, puerta J","postal_code":"11540","places":6,"units":3,"registered":"2016-10-25","catastro":"6649801QA3764E0130RZ","holder":null,"holder_count":null}},{"type":"Feature","geometry":{"type":"Point","coordinates":[-6.36811,36.77743]},"properties":{"id":"VUT/CA/01518","type":"VUT","group":"Completa","address":"AVENIDA DE LAS PILETAS Nº 101","postal_code":"11540","places":10,"units":5,"registered":"2016-10-26","catastro":"5236317QA3753E0001QM","holder":null,"holder_count":null}},{"type":"Feature","geometry":{"type":"Point","coordinates":[-6.3582,36.779359]},"properties":{"id":"VUT/CA/01519","type":"VUT","group":"Completa","address":"CALLE HERMANO FERMIN Esc. 5","postal_code":"11540","places":6,"units":3,"registered":"2016-10-26","catastro":"5939272QA3753H0006KO","holder":null,"holder_count":null}},{"type":"Feature","geometry":{"type":"Point","coordinates":[-6.370305,36.774524]},"properties":{"id":"VUT/CA/01532","type":"VUT","group":"Completa","address":"CALLE CRUCERO Nº S/N Blq. II Pta/Letra 38, puerta 38","postal_code":"11540","places":5,"units":2,"registered":"2016-10-28","catastro":"4832322QA3743A0042DS","holder":null,"holder_count":null}},{"type":"Feature","geometry":{"type":"Point","coordinates":[-6.363293,36.781197]},"properties":{"id":"VUT/CA/01960","type":"VUT","group":"Completa","address":"CALLE FERNANDO MAGALLANES Nº 20B Compl.Dom. AFRONTA EN LA CALLE SIMON ROJAS CLEMENTE N1 19","postal_code":"11540","places":4,"units":2,"registered":"2017-01-11","catastro":"5441705QA3754A0009US","holder":"GARDEMUS SL","holder_count":1}},{"type":"Feature","geometry":{"type":"Point","coordinates":[-6.351104,36.787087]},"properties":{"id":"VUT/CA/02135","type":"VUT","group":"Completa","address":"CALLE ALBATROS Nº 3 Plta/Piso 3 Pta/Letra I, piso 3, puerta I","postal_code":"11540","places":6,"units":3,"registered":"2017-02-07","catastro":"6546401QA3764E0200OE","holder":null,"holder_count":null}},{"type":"Feature","geometry":{"type":"Point","coordinates":[-6.359622,36.77723]},"properties":{"id":"VUT/CA/02169","type":"VUT","group":"Completa","address":"CALLE BANDA DE PLAYA Plta/Piso 1º Pta/Letra C, piso 1º, puerta C","postal_code":"11540","places":4,"units":2,"registered":"2017-02-14","catastro":"5736851QA3753F0006MF","holder":null,"holder_count":null}},{"type":"Feature","geometry":{"type":"Point","coordinates":[-6.355886,36.779376]},"properties":{"id":"VUT/CA/02275","type":"VUT","group":"Completa","address":"CALLE BANDA PLAYA Nº 44 Blq. 2 Esc. 3 Plta/Piso 7 Compl.Dom. PLAZA MATRONA EVELIA (EDIF. LA BODEGA), piso 7","postal_code":"11540","places":5,"units":3,"registered":"2017-02-22","catastro":"6040813QA3753B0148AA","holder":null,"holder_count":null}},{"type":"Feature","geometry":{"type":"Point","coordinates":[-6.360212,36.773092]},"properties":{"id":"VUT/CA/02285","type":"VUT","group":"Completa","address":"CALLE FRAY SERAFÍN DE AUSEJO Nº 3","postal_code":"11540","places":12,"units":7,"registered":"2017-02-24","catastro":"5732428QA3753D0001JF","holder":null,"holder_count":null}},{"type":"Feature","geometry":{"type":"Point","coordinates":[-6.344012,36.779799]},"properties":{"id":"VUT/CA/02305","type":"VUT","group":"Por habitaciones","address":"CALLE RAFAEL GARCIA Nº 4","postal_code":"11540","places":6,"units":2,"registered":"2017-03-01","catastro":"7141657QA3774A0002AD","holder":null,"holder_count":null}},{"type":"Feature","geometry":{"type":"Point","coordinates":[-6.351919,36.783489]},"properties":{"id":"VUT/CA/02340","type":"VUT","group":"Completa","address":"CALLE CORREO DEL Nº 20 Plta/Piso 5º Pta/Letra B, piso 5º, puerta B","postal_code":"11540","places":5,"units":2,"registered":"2017-03-07","catastro":"6543327QA3764C0017JH","holder":null,"holder_count":null}},{"type":"Feature","geometry":{"type":"Point","coordinates":[-6.351909,36.782779]},"properties":{"id":"VUT/CA/02606","type":"VUT","group":"Completa","address":"CALLE banda playa Nº 6 Plta/Piso 4 Pta/Letra f, piso 4, puerta f","postal_code":"11540","places":4,"units":2,"registered":"2017-04-19","catastro":"6543334QA3764C0029HW","holder":null,"holder_count":null}},{"type":"Feature","geometry":{"type":"Point","coordinates":[-6.373711,36.763521]},"properties":{"id":"VUT/CA/026111","type":"VUT","group":"Completa","address":"CAMINO CABEZA DE LA VACA Nº 32","postal_code":"11540","places":10,"units":3,"registered":"2026-03-30","catastro":"11032A019000670000XF","holder":null,"holder_count":null}},{"type":"Feature","geometry":{"type":"Point","coordinates":[-6.354971,36.773508]},"properties":{"id":"VUT/CA/026149","type":"VUT","group":"Por habitaciones","address":"CALLE SEBASTIAN ELCANO Nº 7 Compl.Dom. NUCLEO 1 BAJO B","postal_code":"11540","places":2,"units":3,"registered":"2026-04-07","catastro":"6232927QA3763A0055TU","holder":null,"holder_count":null}},{"type":"Feature","geometry":{"type":"Point","coordinates":[-6.367969,36.776689]},"properties":{"id":"VUT/CA/026156","type":"VUT","group":"Por habitaciones","address":"CALLE MIL CUATROCIENTOS NOVENTA Y OCHO Nº 10 Blq. 3 Esc. 8 Plta/Piso 00 Pta/Letra C Compl.Dom. TERRAZAS DEL DOÑANA, piso 00, puerta C","postal_code":"11540","places":8,"units":3,"registered":"2026-04-08","catastro":"5236355QA3753E0112HA","holder":null,"holder_count":null}},{"type":"Feature","geometry":{"type":"Point","coordinates":[-6.361341,36.782593]},"properties":{"id":"VUT/CA/026157","type":"VUT","group":"Completa","address":"CALLE CALZADA DE LA INFANTA Nº 8 Compl.Dom. ESQUINA FERNANDO DE MAGALLANES","postal_code":"11540","places":10,"units":4,"registered":"2026-04-08","catastro":"5643824QA3754B0001XD","holder":"LA CASA DE MARIQUITA TRASQUILA HOLDING S.L.","holder_count":2}},{"type":"Feature","geometry":{"type":"Point","coordinates":[-6.354971,36.773508]},"properties":{"id":"VUT/CA/026182","type":"VUT","group":"Completa","address":"CALLE JUAN SEBASTIAN EL CANO Nº 7 Esc. 1 Plta/Piso 0 Pta/Letra C, piso 0, puerta C","postal_code":"11540","places":4,"units":2,"registered":"2026-04-10","catastro":"6232927QA3763A0056YI","holder":null,"holder_count":null}},{"type":"Feature","geometry":{"type":"Point","coordinates":[-6.349091,36.788592]},"properties":{"id":"VUT/CA/026188","type":"VUT","group":"Completa","address":"CALLE ROSA DE LOS VIENTOS Nº 1 Plta/Piso 2 Pta/Letra D, piso 2, puerta D","postal_code":"11540","places":3,"units":3,"registered":"2026-04-13","catastro":"6649801QA3764E0161EB","holder":null,"holder_count":null}},{"type":"Feature","geometry":{"type":"Point","coordinates":[-6.355598,36.774925]},"properties":{"id":"VUT/CA/026226","type":"VUT","group":"Completa","address":"CALLE Ganado Nº 26","postal_code":"11540","places":3,"units":2,"registered":"2026-04-16","catastro":"6133729QA3753D0002DG","holder":null,"holder_count":null}},{"type":"Feature","geometry":{"type":"Point","coordinates":[-6.363978,36.77575]},"properties":{"id":"VUT/CA/026235","type":"VUT","group":"Completa","address":"AVENIDA avenida doctor jaime aparicio santos Nº 10 Portal 1 Plta/Piso bajo Pta/Letra b, piso bajo, puerta b","postal_code":"11540","places":5,"units":2,"registered":"2026-04-19","catastro":"5134226QA3753C0002RY","holder":null,"holder_count":null}},{"type":"Feature","geometry":{"type":"Point","coordinates":[-6.351104,36.787087]},"properties":{"id":"VUT/CA/02624","type":"VUT","group":"Completa","address":"CALLE Albatros Nº 3 Blq. 5 Plta/Piso Baja Pta/Letra E, piso Baja, puerta E","postal_code":"11540","places":5,"units":2,"registered":"2017-04-24","catastro":"6546401QA3764E0137AT","holder":null,"holder_count":null}},{"type":"Feature","geometry":{"type":"Point","coordinates":[-6.323832,36.793074]},"properties":{"id":"VUT/CA/026246","type":"VUT","group":"Completa","address":"CALLE MIGUEL DE RODAS Nº 2 Plta/Piso 30 Compl.Dom. RESIDENCIAL DOÑANA GOLF, piso 30","postal_code":"11540","places":4,"units":2,"registered":"2026-04-20","catastro":"8954129QA3785D0030XA","holder":null,"holder_count":null}},{"type":"Feature","geometry":{"type":"Point","coordinates":[-6.337978,36.791931]},"properties":{"id":"VUT/CA/026250","type":"VUT","group":"Completa","address":"AVENIDA HUELVA Nº 67 Esc. 1 Plta/Piso 2 Pta/Letra 16, piso 2, puerta 16","postal_code":"11540","places":2,"units":3,"registered":"2026-04-21","catastro":"7753302QA3775D0016GX","holder":null,"holder_count":null}},{"type":"Feature","geometry":{"type":"Point","coordinates":[-6.363018,36.77776]},"properties":{"id":"VUT/CA/026312","type":"VUT","group":"Completa","address":"CALLE SALVADOR GALLARDO Nº 45 Compl.Dom. DIRECCIÓN FÍSICA EN CALLE SEÑALIZADA COMO Nº 33","postal_code":"11540","places":6,"units":3,"registered":"2026-04-28","catastro":"5536904QA3753E0001EM","holder":null,"holder_count":null}},{"type":"Feature","geometry":{"type":"Point","coordinates":[-6.354971,36.773508]},"properties":{"id":"VUT/CA/026318","type":"VUT","group":"Completa","address":"CALLE Juan Sebastián Elcano Nº 7 Plta/Piso 2 Pta/Letra B, piso 2, puerta B","postal_code":"11540","places":6,"units":2,"registered":"2026-04-29","catastro":"6232927QA3763A0088YI","holder":null,"holder_count":null}},{"type":"Feature","geometry":{"type":"Point","coordinates":[-6.366405,36.777199]},"properties":{"id":"VUT/CA/026322","type":"VUT","group":"Completa","address":"CALLE 1498 Blq. 16 Plta/Piso 1 Pta/Letra 5, piso 1, puerta 5","postal_code":"11540","places":10,"units":2,"registered":"2026-04-30","catastro":"5236356QA3753E0041LT","holder":null,"holder_count":null}},{"type":"Feature","geometry":{"type":"Point","coordinates":[-6.362118,36.776106]},"properties":{"id":"VUT/CA/026347","type":"VUT","group":"Por habitaciones","address":"CALLE SIERPES Nº 2","postal_code":"11540","places":6,"units":4,"registered":"2026-05-04","catastro":"5535515QA3753F0001IO","holder":null,"holder_count":null}},{"type":"Feature","geometry":{"type":"Point","coordinates":[-6.345213,36.755392]},"properties":{"id":"VUT/CA/026367","type":"VUT","group":"Por habitaciones","address":"CALLE CALLEJON NEGRO Nº 15","postal_code":"11540","places":3,"units":1,"registered":"2026-05-05","catastro":"11032A031001120000XQ","holder":null,"holder_count":null}},{"type":"Feature","geometry":{"type":"Point","coordinates":[-6.343485,36.767882]},"properties":{"id":"VUT/CA/026368","type":"VUT","group":"Completa","address":"CALLE DEL MAQUINISTA Nº 10","postal_code":"11540","places":4,"units":2,"registered":"2026-05-05","catastro":"7226647QA3772C0001OL","holder":null,"holder_count":null}},{"type":"Feature","geometry":{"type":"Point","coordinates":[-6.363978,36.77575]},"properties":{"id":"VUT/CA/026415","type":"VUT","group":"Completa","address":"AVENIDA DOCTOR JAIME APARICIO Nº 10 Blq. 1 Portal 1 Plta/Piso 1 Pta/Letra B Compl.Dom. RESIDENCIAL JARDINES DE BARRAMEDA, piso 1, puerta B","postal_code":"11540","places":6,"units":3,"registered":"2026-05-12","catastro":"5134226QA3753C1000MW","holder":null,"holder_count":null}},{"type":"Feature","geometry":{"type":"Point","coordinates":[-6.353727,36.772075]},"properties":{"id":"VUT/CA/026427","type":"VUT","group":"Completa","address":"CALLE PUERTO Nº 7 Pta/Letra 6, puerta 6","postal_code":"11540","places":6,"units":2,"registered":"2026-05-14","catastro":"6331207QA3763A0004OJ","holder":null,"holder_count":null}},{"type":"Feature","geometry":{"type":"Point","coordinates":[-6.363978,36.77575]},"properties":{"id":"VUT/CA/026434","type":"VUT","group":"Completa","address":"AVENIDA Doctor Jaime Aparicio Santos Nº 10 Portal 2 Plta/Piso Bajo Pta/Letra E, piso Bajo, puerta E","postal_code":"11540","places":4,"units":2,"registered":"2026-05-14","catastro":"5134226QA3753C0002RY","holder":null,"holder_count":null}},{"type":"Feature","geometry":{"type":"Point","coordinates":[-6.343167,36.779553]},"properties":{"id":"VUT/CA/026438","type":"VUT","group":"Completa","address":"AVENIDA alandalus Nº 12","postal_code":"11540","places":10,"units":4,"registered":"2026-05-15","catastro":"7439381QA3773G0001XE","holder":null,"holder_count":null}},{"type":"Feature","geometry":{"type":"Point","coordinates":[-6.354614,36.779369]},"properties":{"id":"VUT/CA/026491","type":"VUT","group":"Completa","address":"CALLE tartaneros Nº 4 Plta/Piso 2, piso 2","postal_code":"11540","places":10,"units":4,"registered":"2026-05-20","catastro":"6239911QA3763G0005EE","holder":null,"holder_count":null}},{"type":"Feature","geometry":{"type":"Point","coordinates":[-6.362434,36.780444]},"properties":{"id":"VUT/CA/026499","type":"VUT","group":"Completa","address":"AVENIDA LAS PILETAS Nº 19 Plta/Piso 2 Pta/Letra A, piso 2, puerta A","postal_code":"11540","places":4,"units":2,"registered":"2026-05-21","catastro":"5639394QA3753G0005TX","holder":null,"holder_count":null}},{"type":"Feature","geometry":{"type":"Point","coordinates":[-6.361957,36.773695]},"properties":{"id":"VUT/CA/026540","type":"VUT","group":"Completa","address":"CALLE BEATO DE DIEGO Nº 14","postal_code":"11540","places":3,"units":1,"registered":"2026-05-26","catastro":"5533713QA3753C0006HP","holder":null,"holder_count":null}},{"type":"Feature","geometry":{"type":"Point","coordinates":[-6.361957,36.773695]},"properties":{"id":"VUT/CA/026541","type":"VUT","group":"Completa","address":"CALLE BEATO DIEGO DE CADIZ Nº 14 B","postal_code":"11540","places":4,"units":1,"registered":"2026-05-26","catastro":"5533713QA3753C0006HP","holder":null,"holder_count":null}},{"type":"Feature","geometry":{"type":"Point","coordinates":[-6.320851,36.796857]},"properties":{"id":"VUT/CA/026627","type":"VUT","group":"Completa","address":"CALLE JUAN DE ACURIO Nº 901 Blq. 1 Esc. 2 Plta/Piso 2 Pta/Letra G, piso 2, puerta G","postal_code":"11540","places":4,"units":2,"registered":"2026-06-05","catastro":"9157903QA3795E0037LI","holder":null,"holder_count":null}},{"type":"Feature","geometry":{"type":"Point","coordinates":[-6.368817,36.773195]},"properties":{"id":"VUT/CA/026640","type":"VUT","group":"Completa","address":"CALLE ESPIRITU SANTO Nº 2","postal_code":"11540","places":12,"units":5,"registered":"2026-06-08","catastro":"5031932QA3743A0001TY","holder":"COMPRAVENTA DE BIENES SA","holder_count":1}},{"type":"Feature","geometry":{"type":"Point","coordinates":[-6.348495,36.787306]},"properties":{"id":"VUT/CA/026687","type":"VUT","group":"Completa","address":"AVENIDA MANZANILLA Nº 9 Blq. 3 Plta/Piso 3 Pta/Letra B Compl.Dom. URBANIZACION RIBERA DEL GUADALQUIVIR, piso 3, puerta B","postal_code":"11540","places":5,"units":3,"registered":"2026-06-16","catastro":"6748701QA3764E0253UK","holder":null,"holder_count":null}},{"type":"Feature","geometry":{"type":"Point","coordinates":[-6.335554,36.802686]},"properties":{"id":"VUT/CA/026717","type":"VUT","group":"Completa","address":"CALLE PUERTO BARRAMEDA Nº 30 Plta/Piso ATICO, piso ATICO","postal_code":"11540","places":4,"units":1,"registered":"2026-06-19","catastro":"7965302QA3776D0008HA","holder":null,"holder_count":null}},{"type":"Feature","geometry":{"type":"Point","coordinates":[-6.371272,36.774131]},"properties":{"id":"VUT/CA/026748","type":"VUT","group":"Completa","address":"CALLE Crucero Nº 20","postal_code":"11450","places":8,"units":4,"registered":"2026-06-25","catastro":"4832305QA3743A0001MY","holder":null,"holder_count":null}},{"type":"Feature","geometry":{"type":"Point","coordinates":[-6.33881,36.791771]},"properties":{"id":"VUT/CA/026784","type":"VUT","group":"Completa","address":"CAMINO ARROYO SAN SALVADOR Nº 9","postal_code":"11540","places":5,"units":3,"registered":"2026-07-01","catastro":"7653210QA3775D0001YP","holder":null,"holder_count":null}},{"type":"Feature","geometry":{"type":"Point","coordinates":[-6.351226,36.788459]},"properties":{"id":"VUT/CA/026785","type":"VUT","group":"Completa","address":"CALLE Punta de Higalgo Pta/Letra 8, puerta 8","postal_code":"11540","places":4,"units":2,"registered":"2026-07-01","catastro":"6449717QA3764G0001KH","holder":null,"holder_count":null}},{"type":"Feature","geometry":{"type":"Point","coordinates":[-6.351524,36.779631]},"properties":{"id":"VUT/CA/026862","type":"VUT","group":"Completa","address":"CALLE SANTO DOMINGO Nº 4","postal_code":"11540","places":4,"units":3,"registered":"2026-07-18","catastro":"6539913QA3763G0001HX","holder":null,"holder_count":null}},{"type":"Feature","geometry":{"type":"Point","coordinates":[-6.363978,36.77575]},"properties":{"id":"VUT/CA/026869","type":"VUT","group":"Completa","address":"AVENIDA DR JAIME APARICIO SANTOS Nº 10 Blq. 4 Plta/Piso BAJA Pta/Letra C Compl.Dom. RESIDENCIAL JARDINES DE BARRAMEDA, piso BAJA, puerta C","postal_code":"11540","places":4,"units":2,"registered":"2026-07-20","catastro":"5134226QA3753C1000MW","holder":null,"holder_count":null}},{"type":"Feature","geometry":{"type":"Point","coordinates":[-6.363978,36.77575]},"properties":{"id":"VUT/CA/026870","type":"VUT","group":"Completa","address":"AVENIDA DR JAIME APARICIO SANTOS Nº 10 Blq. 2 Plta/Piso 2 Pta/Letra D Compl.Dom. RESIDENCIAL JARDINES DE BARRAMEDA, piso 2, puerta D","postal_code":"11540","places":6,"units":2,"registered":"2026-07-20","catastro":"5134226QA3753C1000MW","holder":null,"holder_count":null}},{"type":"Feature","geometry":{"type":"Point","coordinates":[-6.363978,36.77575]},"properties":{"id":"VUT/CA/026881","type":"VUT","group":"Completa","address":"AVENIDA DOCTOR JAIME APARICIO SANTOS Nº 10 Portal 3 Plta/Piso 1º Pta/Letra D, piso 1º, puerta D","postal_code":"11540","places":6,"units":2,"registered":"2026-07-22","catastro":"5134226QA3753C0003TU","holder":null,"holder_count":null}},{"type":"Feature","geometry":{"type":"Point","coordinates":[-6.361604,36.780969]},"properties":{"id":"VUT/CA/026921","type":"VUT","group":"Completa","address":"AVENIDA LAS PILETAS Nº 51 Portal 3 Plta/Piso 3 Pta/Letra B, piso 3, puerta B","postal_code":"11540","places":5,"units":2,"registered":"2026-07-31","catastro":"5639397QA3753G0047HY","holder":null,"holder_count":null}},{"type":"Feature","geometry":{"type":"Point","coordinates":[-6.363978,36.77575]},"properties":{"id":"VUT/CA/026922","type":"VUT","group":"Completa","address":"AVENIDA Doctor Jaime Aparicio Santos Nº 10 Portal 2 Plta/Piso 2 Pta/Letra C, piso 2, puerta C","postal_code":"11520","places":3,"units":2,"registered":"2026-07-31","catastro":"5134226QA3753C2013IP","holder":null,"holder_count":null}},{"type":"Feature","geometry":{"type":"Point","coordinates":[-6.364074,36.777001]},"properties":{"id":"VUT/CA/026924","type":"VUT","group":"Completa","address":"CALLE Templo Lucero 2 , Edificio Lubrican Nº 2 Plta/Piso 2 Pta/Letra d, piso 2, puerta d","postal_code":"41005","places":4,"units":2,"registered":"2026-08-03","catastro":"5233402QA3753E0020PD","holder":null,"holder_count":null}},{"type":"Feature","geometry":{"type":"Point","coordinates":[-6.357148,36.777743]},"properties":{"id":"VUT/CA/02694","type":"VUT","group":"Completa","address":"CALLE LA PLATA Nº 25","postal_code":"11540","places":6,"units":2,"registered":"2017-05-03","catastro":"6037320QA3763E0001SR","holder":"MIGUEL SANCHEZ AYALA, S.A.","holder_count":1}},{"type":"Feature","geometry":{"type":"Point","coordinates":[-6.349456,36.774327]},"properties":{"id":"VUT/CA/026946","type":"VUT","group":"Completa","address":"PLAZA JUAN GRANDE Nº 11-13 Plta/Piso BJ Pta/Letra 4 Compl.Dom. RESIDENCIAL JUAN GRANDE, piso BJ, puerta 4","postal_code":"11540","places":4,"units":2,"registered":"2026-08-08","catastro":"6733525QA3763D0004GZ","holder":null,"holder_count":null}},{"type":"Feature","geometry":{"type":"Point","coordinates":[-6.323832,36.793074]},"properties":{"id":"VUT/CA/026977","type":"VUT","group":"Completa","address":"CALLE MIGUEL DE RODAS Nº 2 Pta/Letra 12 Compl.Dom. URBANIZACION DONANA GOLF, puerta 12","postal_code":"11540","places":8,"units":3,"registered":"2026-08-17","catastro":"8954129QA3785D0012PX","holder":null,"holder_count":null}},{"type":"Feature","geometry":{"type":"Point","coordinates":[-6.353258,36.78139]},"properties":{"id":"VUT/CA/027000","type":"VUT","group":"Completa","address":"CALLE banda playa Nº 28 Portal 5 Plta/Piso 4 Pta/Letra c, piso 4, puerta c","postal_code":"11540","places":8,"units":3,"registered":"2026-08-28","catastro":"6341902QA3764A0180DB","holder":null,"holder_count":null}},{"type":"Feature","geometry":{"type":"Point","coordinates":[-6.363978,36.77575]},"properties":{"id":"VUT/CA/027038","type":"VUT","group":"Completa","address":"AVENIDA DR JAIME APARICIO SANTOS Nº 10 Blq. 4 Portal 4 Plta/Piso 2 Pta/Letra B Compl.Dom. RESIDENCIAL JARDINES DE BARRAMEDA, piso 2, puerta B","postal_code":"11540","places":4,"units":2,"registered":"2026-09-10","catastro":"5134226QA3753C1000MW","holder":null,"holder_count":null}},{"type":"Feature","geometry":{"type":"Point","coordinates":[-6.354603,36.782753]},"properties":{"id":"VUT/CA/027043","type":"VUT","group":"Completa","address":"CALLE RAMON HERNANDEZ PIDAL Nº 4 Plta/Piso 4 Pta/Letra B, piso 4, puerta B","postal_code":"11540","places":10,"units":5,"registered":"2026-09-14","catastro":"6243910QA3764C0029JW","holder":null,"holder_count":null}},{"type":"Feature","geometry":{"type":"Point","coordinates":[-6.356479,36.785663]},"properties":{"id":"VUT/CA/027044","type":"VUT","group":"Completa","address":"CALLE CERRO FALÓN Nº 66 Esc. 1 Plta/Piso 0 Pta/Letra A, piso 0, puerta A","postal_code":"11540","places":6,"units":2,"registered":"2026-09-14","catastro":"6046806QA3754F0011BP","holder":null,"holder_count":null}},{"type":"Feature","geometry":{"type":"Point","coordinates":[-6.36992,36.768563]},"properties":{"id":"VUT/CA/027060","type":"VUT","group":"Completa","address":"CAMINO DE LA JARA Nº SN","postal_code":"11540","places":3,"units":4,"registered":"2026-09-19","catastro":"4826208QA3742F0002OS","holder":null,"holder_count":null}},{"type":"Feature","geometry":{"type":"Point","coordinates":[-6.3614,36.781262]},"properties":{"id":"VUT/CA/027067","type":"VUT","group":"Completa","address":"AVENIDA LAS PILETAS Nº 47","postal_code":"11540","places":15,"units":5,"registered":"2026-09-21","catastro":"5641606QA3754B0002SF","holder":null,"holder_count":null}},{"type":"Feature","geometry":{"type":"Point","coordinates":[-6.363978,36.77575]},"properties":{"id":"VUT/CA/027074","type":"VUT","group":"Completa","address":"AVENIDA DOCTOR JAIME APARICIO SANTOS Nº 10 Blq. P4 Plta/Piso ATICO Pta/Letra C Compl.Dom. AV. DOCTOR JAIME APARICIO SANTOS NUM 10, JARDINES DE BARRAMEDA BLOQUE P4 ATICO C, piso ATICO, puerta C","postal_code":"11540","places":6,"units":2,"registered":"2026-09-23","catastro":"5134226QA3753C0003TU","holder":null,"holder_count":null}},{"type":"Feature","geometry":{"type":"Point","coordinates":[-6.354971,36.773508]},"properties":{"id":"VUT/CA/027079","type":"VUT","group":"Completa","address":"CALLE JUAN SEBASTIAN EL CANO Nº 7 Blq. 1 Portal 7 Esc. 1 Plta/Piso 2 Pta/Letra F, piso 2, puerta F","postal_code":"11540","places":3,"units":2,"registered":"2026-09-24","catastro":"6232927QA3763A0001SF","holder":null,"holder_count":null}},{"type":"Feature","geometry":{"type":"Point","coordinates":[-6.363978,36.77575]},"properties":{"id":"VUT/CA/027081","type":"VUT","group":"Completa","address":"AVENIDA Doctor Jaime Aparicio Santos Nº 10 Portal 3 Plta/Piso 2 Pta/Letra C Compl.Dom. Urbanización Jardines de Barrameda, piso 2, puerta C","postal_code":"11540","places":6,"units":2,"registered":"2026-09-24","catastro":"5134226QA3753C0003TU","holder":null,"holder_count":null}},{"type":"Feature","geometry":{"type":"Point","coordinates":[-6.36495,36.779067]},"properties":{"id":"VUT/CA/027100","type":"VUT","group":"Completa","address":"AVENIDA DE LAS PILETAS Nº 20 Blq. 1 Plta/Piso 2 Pta/Letra A Compl.Dom. URBANIZACION MANZANA 20, piso 2, puerta A","postal_code":"41016","places":5,"units":2,"registered":"2026-09-29","catastro":"5238610QA3753G0024MS","holder":null,"holder_count":null}},{"type":"Feature","geometry":{"type":"Point","coordinates":[-6.350898,36.7825]},"properties":{"id":"VUT/CA/027116","type":"VUT","group":"Completa","address":"CALLE TRASBOLSA Nº 46 Plta/Piso 1 Pta/Letra A, piso 1, puerta A","postal_code":"11540","places":4,"units":1,"registered":"2026-10-04","catastro":"6542831QA3764B0005OZ","holder":null,"holder_count":null}},{"type":"Feature","geometry":{"type":"Point","coordinates":[-6.359202,36.778957]},"properties":{"id":"VUT/CA/02821","type":"VUT","group":"Completa","address":"CALLE Pregonero Tomás Díaz Prieto Nº 7 Plta/Piso 2 Pta/Letra b, piso 2, puerta b","postal_code":"11540","places":3,"units":2,"registered":"2017-05-22","catastro":"5739616QA3753H0006UO","holder":null,"holder_count":null}},{"type":"Feature","geometry":{"type":"Point","coordinates":[-6.36261,36.781846]},"properties":{"id":"VUT/CA/02827","type":"VUT","group":"Completa","address":"CALLE FERNANDO MAGALLANES. 2ª FASE Nº 18 Blq. 2 Plta/Piso 1 Pta/Letra G Compl.Dom. EDIFICIO MARITIMO, piso 1, puerta G","postal_code":"11540","places":5,"units":2,"registered":"2017-05-23","catastro":"5441701QA3754A0039GP","holder":"CGS GESTION DE PERSONAS Y EMPRESAS SL","holder_count":1}},{"type":"Feature","geometry":{"type":"Point","coordinates":[-6.350512,36.786239]},"properties":{"id":"VUT/CA/02837","type":"VUT","group":"Completa","address":"CALLE Cabo San Vicente Nº 2 Plta/Piso 2 Pta/Letra C, piso 2, puerta C","postal_code":"11540","places":7,"units":3,"registered":"2017-05-24","catastro":"6546403QA3764E0040EW","holder":null,"holder_count":null}},{"type":"Feature","geometry":{"type":"Point","coordinates":[-6.358176,36.784885]},"properties":{"id":"VUT/CA/02851","type":"VUT","group":"Completa","address":"AVENIDA Calzada Duquesa Isabel Nº 58 Portal 2 Plta/Piso 4 Pta/Letra 8, piso 4, puerta 8","postal_code":"11540","places":9,"units":4,"registered":"2017-05-26","catastro":"5945101QA3754d0036FA","holder":null,"holder_count":null}},{"type":"Feature","geometry":{"type":"Point","coordinates":[-6.391729,36.764577]},"properties":{"id":"VUT/CA/02881","type":"VUT","group":"Completa","address":"CALLE ESTRELLA DEL MAR Nº S/N","postal_code":"11540","places":11,"units":5,"registered":"2017-05-31","catastro":"2921401QA3722A0001OR","holder":"CARTERA E INVERSIONES LA JARA SL","holder_count":1}},{"type":"Feature","geometry":{"type":"Point","coordinates":[-6.367432,36.777552]},"properties":{"id":"VUT/CA/02918","type":"VUT","group":"Completa","address":"AVENIDA LAS PILETAS Nº 99 Compl.Dom. CHALET VILLALUZ","postal_code":"11540","places":8,"units":4,"registered":"2017-06-05","catastro":"5236319QA3753E0001LM","holder":"GEOMEDIA, SL","holder_count":1}},{"type":"Feature","geometry":{"type":"Point","coordinates":[-6.349601,36.773944]},"properties":{"id":"VUT/CA/03001","type":"VUT","group":"Completa","address":"CALLE CAÑO DORADO Nº 3-5 Plta/Piso BJ Pta/Letra B, piso BJ, puerta B","postal_code":"11540","places":6,"units":3,"registered":"2017-06-12","catastro":"6733115QA3763D0002EL","holder":null,"holder_count":null}},{"type":"Feature","geometry":{"type":"Point","coordinates":[-6.373564,36.775773]},"properties":{"id":"VUT/CA/03057","type":"VUT","group":"Completa","address":"CALLE COSTA DE LA LUZ Nº 7","postal_code":"11540","places":13,"units":5,"registered":"2017-06-19","catastro":"4534308QA3733D0001GY","holder":null,"holder_count":null}},{"type":"Feature","geometry":{"type":"Point","coordinates":[-6.349091,36.788592]},"properties":{"id":"VUT/CA/03107","type":"VUT","group":"Completa","address":"CALLE Rosa de los Vientos Nº 1 Plta/Piso 1 Pta/Letra M, piso 1, puerta M","postal_code":"11540","places":4,"units":2,"registered":"2017-06-23","catastro":"6649801QA3764E0133UQ","holder":null,"holder_count":null}},{"type":"Feature","geometry":{"type":"Point","coordinates":[-6.35445,36.775542]},"properties":{"id":"VUT/CA/03118","type":"VUT","group":"Completa","address":"CALLE CABALLEROS Nº 13 Plta/Piso 2 Pta/Letra 2, piso 2, puerta 2","postal_code":"11540","places":2,"units":1,"registered":"2017-06-26","catastro":"6234519QA3763C0016LZ","holder":null,"holder_count":null}},{"type":"Feature","geometry":{"type":"Point","coordinates":[-6.35445,36.775542]},"properties":{"id":"VUT/CA/03119","type":"VUT","group":"Completa","address":"BLOQUE CABALLEROS Nº 13 Plta/Piso BAJO Pta/Letra 2, piso BAJO, puerta 2","postal_code":"11540","places":2,"units":1,"registered":"2017-06-26","catastro":"6234519QA3763C0002IP","holder":null,"holder_count":null}},{"type":"Feature","geometry":{"type":"Point","coordinates":[-6.356616,36.780452]},"properties":{"id":"VUT/CA/03134","type":"VUT","group":"Completa","address":"CALLE HERMANO FERMÍN Nº 16 Plta/Piso 3 Pta/Letra 7 Compl.Dom. EDIFICIO QUINTO CENTENARIO, piso 3, puerta 7","postal_code":"11540","places":4,"units":2,"registered":"2017-06-27","catastro":"6040827QA3754B0042OL","holder":null,"holder_count":null}},{"type":"Feature","geometry":{"type":"Point","coordinates":[-6.360828,36.7807]},"properties":{"id":"VUT/CA/03139","type":"VUT","group":"Completa","address":"CALLE NAO VICTORIA Nº 42 Portal 1 Esc. 1 Pta/Letra 4, puerta 4","postal_code":"11540","places":6,"units":2,"registered":"2017-06-28","catastro":"5740318QA3754B0012YZ","holder":null,"holder_count":null}},{"type":"Feature","geometry":{"type":"Point","coordinates":[-6.35098,36.777747]},"properties":{"id":"VUT/CA/03140","type":"VUT","group":"Completa","address":"CALLE CARRIL DE SAN DIEGO Nº 68 Blq. 2 Portal 2 Pta/Letra 1, puerta 1","postal_code":"11540","places":6,"units":2,"registered":"2017-06-28","catastro":"6537606QA3763F0195TF","holder":null,"holder_count":null}},{"type":"Feature","geometry":{"type":"Point","coordinates":[-6.349686,36.784126]},"properties":{"id":"VUT/CA/03141","type":"VUT","group":"Completa","address":"CALLE trasbolsa Nº 59 Esc. 1 Plta/Piso 3 Pta/Letra B Compl.Dom. ático B, piso 3, puerta B","postal_code":"11540","places":4,"units":2,"registered":"2017-06-28","catastro":"6644408QA3764D0040UH","holder":null,"holder_count":null}},{"type":"Feature","geometry":{"type":"Point","coordinates":[-6.370275,36.76401]},"properties":{"id":"VUT/CA/03148","type":"VUT","group":"Completa","address":"CALLE DEL ARTE Nº 6 Compl.Dom. CAMINO CABEZA VACA, LA JARA","postal_code":"11540","places":6,"units":3,"registered":"2017-06-29","catastro":"11032A019002540001MW","holder":null,"holder_count":null}},{"type":"Feature","geometry":{"type":"Point","coordinates":[-6.349091,36.788592]},"properties":{"id":"VUT/CA/03149","type":"VUT","group":"Completa","address":"CALLE ROSA DE LOS VIENTOS Nº 1 Plta/Piso 3º Pta/Letra E, piso 3º, puerta E","postal_code":"11540","places":5,"units":2,"registered":"2017-06-29","catastro":"6649801QA3764E0200OE","holder":null,"holder_count":null}},{"type":"Feature","geometry":{"type":"Point","coordinates":[-6.349091,36.788592]},"properties":{"id":"VUT/CA/03150","type":"VUT","group":"Completa","address":"CALLE ROSA DE LOS VIENTOS Nº 3 Plta/Piso 2º Pta/Letra J, piso 2º, puerta J","postal_code":"11540","places":5,"units":2,"registered":"2017-06-29","catastro":"6649801QA3764E0186XH","holder":"INMERAY SLU","holder_count":2}},{"type":"Feature","geometry":{"type":"Point","coordinates":[-6.355613,36.774734]},"properties":{"id":"VUT/CA/03263","type":"VUT","group":"Completa","address":"CALLE GANADO Nº 28 Plta/Piso 2 Pta/Letra A, piso 2, puerta A","postal_code":"11540","places":6,"units":2,"registered":"2017-07-10","catastro":"6133707QA3753D0037PK","holder":null,"holder_count":null}},{"type":"Feature","geometry":{"type":"Point","coordinates":[-6.367969,36.776689]},"properties":{"id":"VUT/CA/03304","type":"VUT","group":"Completa","address":"CALLE TEMPLO DEL LUCERO Blq. 1 Portal 3 Plta/Piso 2 Pta/Letra D Compl.Dom. EDIFICIO \"TERRAZAS DE DOÑANA\", piso 2, puerta D","postal_code":"11540","places":4,"units":2,"registered":"2017-07-13","catastro":"5236355qa3753e0043su","holder":null,"holder_count":null}},{"type":"Feature","geometry":{"type":"Point","coordinates":[-6.352225,36.778697]},"properties":{"id":"VUT/CA/03307","type":"VUT","group":"Completa","address":"CALLE SAN JORGE Nº 9 Plta/Piso BJ Pta/Letra A, piso BJ, puerta A","postal_code":"11540","places":7,"units":3,"registered":"2017-07-13","catastro":"6438509QA3763G0027FL","holder":null,"holder_count":null}},{"type":"Feature","geometry":{"type":"Point","coordinates":[-6.336877,36.755317]},"properties":{"id":"VUT/CA/03308","type":"VUT","group":"Completa","address":"CALLE ROBLE Nº 24 Compl.Dom. PAGO CORTIJILLO","postal_code":"11540","places":6,"units":3,"registered":"2017-07-13","catastro":"11032A028002580001MD","holder":null,"holder_count":null}},{"type":"Feature","geometry":{"type":"Point","coordinates":[-6.352897,36.777901]},"properties":{"id":"VUT/CA/03336","type":"VUT","group":"Completa","address":"CALLE ZARATE Nº 6 Plta/Piso 2 Pta/Letra F, piso 2, puerta F","postal_code":"11540","places":4,"units":2,"registered":"2017-07-19","catastro":"6437203QA3763E0012MS","holder":null,"holder_count":null}},{"type":"Feature","geometry":{"type":"Point","coordinates":[-6.351059,36.775755]},"properties":{"id":"VUT/CA/03359","type":"VUT","group":"Completa","address":"CALLE SANTIAGO Nº 32 Esc. C Plta/Piso 2 Pta/Letra 1, piso 2, puerta 1","postal_code":"11540","places":6,"units":3,"registered":"2017-07-21","catastro":"6534501QA3763D0113ZU","holder":null,"holder_count":null}},{"type":"Feature","geometry":{"type":"Point","coordinates":[-6.359342,36.777573]},"properties":{"id":"VUT/CA/03405","type":"VUT","group":"Completa","address":"AVENIDA Quinto centenario, edifico centro 1 Nº 19 Compl.Dom. Edificio Centro 1","postal_code":"11540","places":4,"units":1,"registered":"2017-08-01","catastro":"5736822QA3753F0003QA","holder":null,"holder_count":null}},{"type":"Feature","geometry":{"type":"Point","coordinates":[-6.348495,36.787306]},"properties":{"id":"VUT/CA/03452","type":"VUT","group":"Completa","address":"AVENIDA MANZANILLA Nº 9 Blq. 3 Plta/Piso BAJO Pta/Letra D, piso BAJO, puerta D","postal_code":"11540","places":5,"units":2,"registered":"2017-08-17","catastro":"6748701QA3764E0183WD","holder":null,"holder_count":null}},{"type":"Feature","geometry":{"type":"Point","coordinates":[-6.356905,36.77682]},"properties":{"id":"VUT/CA/03482","type":"VUT","group":"Completa","address":"CALLE GANADO Nº 9 Plta/Piso 1 Pta/Letra D Compl.Dom. EDIFICIO LOS ÁNGELES, piso 1, puerta D","postal_code":"11540","places":6,"units":2,"registered":"2017-08-21","catastro":"6036617QA3763E0008EA","holder":null,"holder_count":null}},{"type":"Feature","geometry":{"type":"Point","coordinates":[-6.357837,36.777492]},"properties":{"id":"VUT/CA/03493","type":"VUT","group":"Completa","address":"CALLE PADRE ALDAMA Y PRUAÑO Nº 2 Plta/Piso 36, piso 36","postal_code":"11540","places":4,"units":2,"registered":"2017-08-23","catastro":"5937808QA3753F0072SD","holder":null,"holder_count":null}},{"type":"Feature","geometry":{"type":"Point","coordinates":[-6.347542,36.788366]},"properties":{"id":"VUT/CA/03551","type":"VUT","group":"Completa","address":"AVENIDA DE LA MANZANILLA Nº 11 Plta/Piso BAJO Pta/Letra G, piso BAJO, puerta G","postal_code":"11540","places":6,"units":3,"registered":"2017-08-30","catastro":"6749603QA3764E0060QH","holder":null,"holder_count":null}},{"type":"Feature","geometry":{"type":"Point","coordinates":[-6.353427,36.783461]},"properties":{"id":"VUT/CA/03612","type":"VUT","group":"Completa","address":"CALLE MAR MENOR Nº 6 Plta/Piso 3 Pta/Letra A, piso 3, puerta A","postal_code":"11540","places":6,"units":2,"registered":"2017-09-08","catastro":"6244629QA3764C0013ES","holder":null,"holder_count":null}},{"type":"Feature","geometry":{"type":"Point","coordinates":[-6.366405,36.777199]},"properties":{"id":"VUT/CA/03677","type":"VUT","group":"Completa","address":"AVENIDA 1498 Nº 16 Portal 5 Plta/Piso 0 Pta/Letra 7, piso 0, puerta 7","postal_code":"11540","places":4,"units":2,"registered":"2017-09-15","catastro":"5236356QA3753E0035HW","holder":null,"holder_count":null}},{"type":"Feature","geometry":{"type":"Point","coordinates":[-6.371125,36.773426]},"properties":{"id":"VUT/CA/03703","type":"VUT","group":"Completa","address":"CALLE Crucero Nº 5 Calif.Nº loc. izq. Plta/Piso baja Compl.Dom. nº 3 de la división horizontal, piso baja","postal_code":"11540","places":2,"units":1,"registered":"2017-09-18","catastro":"4832801QA3743A0021ZB","holder":null,"holder_count":null}},{"type":"Feature","geometry":{"type":"Point","coordinates":[-6.347973,36.789201]},"properties":{"id":"VUT/CA/03712","type":"VUT","group":"Completa","address":"CALLE SAN TELMO Nº 12 Plta/Piso 2 Pta/Letra B, piso 2, puerta B","postal_code":"11540","places":4,"units":2,"registered":"2017-09-19","catastro":"6749601QA3764E0150WS","holder":"GRUPO R.G. GESTION DE ALQUILERES SA","holder_count":1}},{"type":"Feature","geometry":{"type":"Point","coordinates":[-6.349507,36.786583]},"properties":{"id":"VUT/CA/03823","type":"VUT","group":"Completa","address":"CALLE MASCARON DE PROA Nº 2 Blq. 2 Plta/Piso BAJO Pta/Letra B, piso BAJO, puerta B","postal_code":"11540","places":9,"units":4,"registered":"2017-10-01","catastro":"6547606QA3764E0066JX","holder":null,"holder_count":null}},{"type":"Feature","geometry":{"type":"Point","coordinates":[-6.373883,36.774423]},"properties":{"id":"VUT/CA/03824","type":"VUT","group":"Completa","address":"CALLE Navio Nº 25","postal_code":"11540","places":7,"units":3,"registered":"2017-10-02","catastro":"4533901QA3733D0003LI","holder":null,"holder_count":null}},{"type":"Feature","geometry":{"type":"Point","coordinates":[-6.358505,36.776025]},"properties":{"id":"VUT/CA/03853","type":"VUT","group":"Completa","address":"CALLE HUERTA DEL DESENGAÑO Portal 2 Plta/Piso 1 Pta/Letra A Compl.Dom. EDIFICIO DESCUBRIDORES, piso 1, puerta A","postal_code":"11540","places":6,"units":3,"registered":"2017-10-05","catastro":"5732417QA3753D0039BB","holder":null,"holder_count":null}},{"type":"Feature","geometry":{"type":"Point","coordinates":[-6.360868,36.778494]},"properties":{"id":"VUT/CA/03879","type":"VUT","group":"Completa","address":"CALLE Nao San Antonio Nº 9 Plta/Piso 2 Pta/Letra D Compl.Dom. Plaza de garaje, piso 2, puerta D","postal_code":"11540","places":7,"units":3,"registered":"2017-10-10","catastro":"5638801QA3753H0104EP","holder":null,"holder_count":null}},{"type":"Feature","geometry":{"type":"Point","coordinates":[-6.37008,36.771565]},"properties":{"id":"VUT/CA/03895","type":"VUT","group":"Completa","address":"CALLE MAR DE LEVA Nº 65","postal_code":"11540","places":8,"units":4,"registered":"2017-10-16","catastro":"4930308QA3743A0001OY","holder":null,"holder_count":null}},{"type":"Feature","geometry":{"type":"Point","coordinates":[-6.358531,36.780683]},"properties":{"id":"VUT/CA/03901","type":"VUT","group":"Completa","address":"CALLE CALZADA DE LA CONSTANCIA Nº 2 Plta/Piso 1 Pta/Letra 3 Compl.Dom. EDF. LOS ALAMOS, piso 1, puerta 3","postal_code":"11540","places":6,"units":3,"registered":"2017-10-16","catastro":"5939297QA3753H0052DJ","holder":null,"holder_count":null}},{"type":"Feature","geometry":{"type":"Point","coordinates":[-6.35098,36.777747]},"properties":{"id":"VUT/CA/03902","type":"VUT","group":"Completa","address":"CALLE CARRIL DE SAN DIEGO Nº 68 Blq. 1 Portal 4 Plta/Piso 5 Pta/Letra 13, piso 5, puerta 13","postal_code":"11540","places":4,"units":1,"registered":"2017-10-16","catastro":"6537606QA3763F0289TF","holder":null,"holder_count":null}},{"type":"Feature","geometry":{"type":"Point","coordinates":[-6.375883,36.771308]},"properties":{"id":"VUT/CA/03932","type":"VUT","group":"Completa","address":"CARRETERA DE LA JARA Nº 71","postal_code":"11540","places":8,"units":4,"registered":"2017-10-18","catastro":"4328901QA3742G0001MB","holder":null,"holder_count":null}},{"type":"Feature","geometry":{"type":"Point","coordinates":[-6.35948,36.781493]},"properties":{"id":"VUT/CA/03999","type":"VUT","group":"Completa","address":"CALLE CONQUISTADOR DIAZ ALFARO Nº 34 Blq. 1 Portal 1 Plta/Piso 1 Pta/Letra D, piso 1, puerta D","postal_code":"11540","places":10,"units":4,"registered":"2017-10-25","catastro":"5741701QA3754B0004AH","holder":null,"holder_count":null}},{"type":"Feature","geometry":{"type":"Point","coordinates":[-6.353002,36.779473]},"properties":{"id":"VUT/CA/04005","type":"VUT","group":"Completa","address":"CALLE CASTELAR Nº 4 Pta/Letra 34 Compl.Dom. EDIFICIO TEATRO, puerta 34","postal_code":"11540","places":4,"units":2,"registered":"2017-10-25","catastro":"6439223QA3763G0034FM","holder":null,"holder_count":null}},{"type":"Feature","geometry":{"type":"Point","coordinates":[-6.346948,36.789488]},"properties":{"id":"VUT/CA/04101","type":"VUT","group":"Completa","address":"CALLE BARRA DEL RIO Nº 2 Blq. 1 Portal 1 Plta/Piso 1º Pta/Letra D, piso 1º, puerta D","postal_code":"11540","places":6,"units":2,"registered":"2017-11-13","catastro":"6850801QA3764E0012OY","holder":null,"holder_count":null}},{"type":"Feature","geometry":{"type":"Point","coordinates":[-6.374443,36.772275]},"properties":{"id":"VUT/CA/04152","type":"VUT","group":"Completa","address":"AVENIDA PLAYA SANTA MARIA DEL MAR Nº 5","postal_code":"11540","places":12,"units":4,"registered":"2017-11-20","catastro":"4330103QA3743A0001RY","holder":null,"holder_count":null}},{"type":"Feature","geometry":{"type":"Point","coordinates":[-6.353726,36.773974]},"properties":{"id":"VUT/CA/04169","type":"VUT","group":"Completa","address":"CALLE DESCALZAS Nº 18 Plta/Piso 13, piso 13","postal_code":"11540","places":4,"units":2,"registered":"2017-11-22","catastro":"6333607QA3763C0015BB","holder":null,"holder_count":null}},{"type":"Feature","geometry":{"type":"Point","coordinates":[-6.354862,36.785288]},"properties":{"id":"VUT/CA/04203","type":"VUT","group":"Completa","address":"CALLE TORRE DE ARENA Nº 11","postal_code":"11540","places":6,"units":3,"registered":"2017-11-29","catastro":"6247756QA3764E0001FZ","holder":"EXECUTIVE BUSINESS MANAGEMENT S.L.U.","holder_count":1}},{"type":"Feature","geometry":{"type":"Point","coordinates":[-6.351559,36.784929]},"properties":{"id":"VUT/CA/04210","type":"VUT","group":"Completa","address":"CALLE San Nicolas Nº 33 Plta/Piso 1 Pta/Letra A Compl.Dom. Conjunto Residencial \"Cabo Noval\", piso 1, puerta A","postal_code":"11540","places":6,"units":3,"registered":"2017-12-03","catastro":"6444601QA3764C0009KA","holder":null,"holder_count":null}},{"type":"Feature","geometry":{"type":"Point","coordinates":[-6.351935,36.780917]},"properties":{"id":"VUT/CA/04237","type":"VUT","group":"Completa","address":"CALLE CARRIL SAN DIEGO Nº 27","postal_code":"11540","places":6,"units":2,"registered":"2017-12-15","catastro":"6441701QA3764A0009UH","holder":null,"holder_count":null}},{"type":"Feature","geometry":{"type":"Point","coordinates":[-6.355979,36.775172]},"properties":{"id":"VUT/CA/04240","type":"VUT","group":"Completa","address":"CALLE GANADO Nº 26 Plta/Piso 1 Pta/Letra D, piso 1, puerta D","postal_code":"11540","places":8,"units":3,"registered":"2017-12-18","catastro":"6133725QA3763C0081OL","holder":null,"holder_count":null}},{"type":"Feature","geometry":{"type":"Point","coordinates":[-6.35702,36.778682]},"properties":{"id":"VUT/CA/04278","type":"VUT","group":"Completa","address":"PLAZA Las Infantas Nº 39 Plta/Piso 4 Pta/Letra B, piso 4, puerta B","postal_code":"11540","places":6,"units":2,"registered":"2018-01-08","catastro":"5939293QA3753H0227DU","holder":null,"holder_count":null}},{"type":"Feature","geometry":{"type":"Point","coordinates":[-6.35534,36.778969]},"properties":{"id":"VUT/CA/04285","type":"VUT","group":"Completa","address":"CALLE RUIZ DE SOMAVIA Nº 22 Plta/Piso 2 Pta/Letra B Compl.Dom. EDIFICIO RAIPE, piso 2, puerta B","postal_code":"11540","places":4,"units":2,"registered":"2018-01-08","catastro":"6239104QA3763G0006TR","holder":null,"holder_count":null}},{"type":"Feature","geometry":{"type":"Point","coordinates":[-6.322036,36.786228]},"properties":{"id":"VUT/CA/04348","type":"VUT","group":"Completa","address":"CALLE JUAN DE ARRATIA Nº 27","postal_code":"11540","places":8,"units":4,"registered":"2018-01-16","catastro":"9148227QA3794G0001RT","holder":null,"holder_count":null}},{"type":"Feature","geometry":{"type":"Point","coordinates":[-6.367969,36.776689]},"properties":{"id":"VUT/CA/04366","type":"VUT","group":"Completa","address":"CALLE TEMPLO DEL LUCERO Nº 18 Blq. 4 Portal 2 Plta/Piso BJ Pta/Letra E Compl.Dom. URBANIZACION TERRAZAS DE DOÑANA, piso BJ, puerta E","postal_code":"11540","places":4,"units":2,"registered":"2018-01-17","catastro":"5236355QA3753E0051JS","holder":null,"holder_count":null}},{"type":"Feature","geometry":{"type":"Point","coordinates":[-6.341654,36.786643]},"properties":{"id":"VUT/CA/04418","type":"VUT","group":"Completa","address":"CALLE ANSAR Pta/Letra I-10 Compl.Dom. URBANIZACION PARQUE DE LOS MONTAÑESES, puerta I-10","postal_code":"11540","places":6,"units":4,"registered":"2018-01-24","catastro":"7346413QA3774E0001XW","holder":null,"holder_count":null}},{"type":"Feature","geometry":{"type":"Point","coordinates":[-6.347542,36.788366]},"properties":{"id":"VUT/CA/04426","type":"VUT","group":"Completa","address":"AVENIDA DE LA MANZANILLA Nº 11 Plta/Piso BAJO Pta/Letra B, piso BAJO, puerta B","postal_code":"11540","places":4,"units":2,"registered":"2018-01-24","catastro":"6749603QA3764E0035IM","holder":null,"holder_count":null}},{"type":"Feature","geometry":{"type":"Point","coordinates":[-6.346948,36.789488]},"properties":{"id":"VUT/CA/04434","type":"VUT","group":"Completa","address":"CALLE BARRA DEL RIO Nº 2 Blq. 1 Plta/Piso 1 Pta/Letra E, piso 1, puerta E","postal_code":"11540","places":4,"units":2,"registered":"2018-01-25","catastro":"6850801QA3764E0013PU","holder":null,"holder_count":null}},{"type":"Feature","geometry":{"type":"Point","coordinates":[-6.353726,36.773974]},"properties":{"id":"VUT/CA/04475","type":"VUT","group":"Completa","address":"CALLE DESCALZAS Nº 18 Esc. 1 Plta/Piso 00 Pta/Letra 01 Compl.Dom. RESIDENCIAL PALACIO DE GODOY, piso 00, puerta 01","postal_code":"11540","places":4,"units":1,"registered":"2018-02-05","catastro":"6333607QA3763C0042GG","holder":null,"holder_count":null}},{"type":"Feature","geometry":{"type":"Point","coordinates":[-6.360523,36.781848]},"properties":{"id":"VUT/CA/04483","type":"VUT","group":"Completa","address":"AVENIDA LAS PILETAS Nº 31 Plta/Piso 1º Pta/Letra A, piso 1º, puerta A","postal_code":"11540","places":4,"units":2,"registered":"2018-02-05","catastro":"5742713QA3754B0003RG","holder":null,"holder_count":null}},{"type":"Feature","geometry":{"type":"Point","coordinates":[-6.340785,36.784082]},"properties":{"id":"VUT/CA/04490","type":"VUT","group":"Completa","address":"CALLE GAMO Nº 41","postal_code":"11540","places":10,"units":4,"registered":"2018-02-06","catastro":"7445236QA3774E0001HW","holder":null,"holder_count":null}},{"type":"Feature","geometry":{"type":"Point","coordinates":[-6.352905,36.778996]},"properties":{"id":"VUT/CA/04548","type":"VUT","group":"Completa","address":"CALLE ANCHA Nº 46 Plta/Piso 2 Pta/Letra B, piso 2, puerta B","postal_code":"11540","places":4,"units":1,"registered":"2018-02-20","catastro":"6438909QA3763G0005FE","holder":null,"holder_count":null}},{"type":"Feature","geometry":{"type":"Point","coordinates":[-6.351104,36.787087]},"properties":{"id":"VUT/CA/04559","type":"VUT","group":"Completa","address":"CALLE ALBATROS Nº 3 Portal 5 Plta/Piso 2 Pta/Letra E, piso 2, puerta E","postal_code":"11540","places":4,"units":2,"registered":"2018-02-22","catastro":"6546401QA3764E0168PR","holder":null,"holder_count":null}},{"type":"Feature","geometry":{"type":"Point","coordinates":[-6.370305,36.774524]},"properties":{"id":"VUT/CA/04566","type":"VUT","group":"Completa","address":"CALLE CRUCERO Nº S/N Compl.Dom. CONJUNTO RESIDENCIAL CASTILLO ESPIRITU SANTO","postal_code":"11540","places":6,"units":3,"registered":"2018-02-22","catastro":"4832322qa3743a0018zb","holder":"COAR INMUEBLES S.L.","holder_count":1}},{"type":"Feature","geometry":{"type":"Point","coordinates":[-6.349091,36.788592]},"properties":{"id":"VUT/CA/04570","type":"VUT","group":"Completa","address":"CALLE ROSA DE LOS VIENTOS Nº 3 Plta/Piso 3º Pta/Letra N, piso 3º, puerta N","postal_code":"11540","places":5,"units":2,"registered":"2018-02-23","catastro":"6649801QA3764E0224RZ","holder":null,"holder_count":null}},{"type":"Feature","geometry":{"type":"Point","coordinates":[-6.346948,36.789488]},"properties":{"id":"VUT/CA/04574","type":"VUT","group":"Completa","address":"CALLE Barra del Rio Nº 2 Blq. 2 Plta/Piso Bajo Pta/Letra B, piso Bajo, puerta B","postal_code":"11540","places":7,"units":3,"registered":"2018-02-26","catastro":"6850801QA3764E0072TW","holder":null,"holder_count":null}},{"type":"Feature","geometry":{"type":"Point","coordinates":[-6.358176,36.784885]},"properties":{"id":"VUT/CA/04576","type":"VUT","group":"Completa","address":"AVENIDA CALZADA DUQUESA ISABEL Blq. 1 Plta/Piso 1 Pta/Letra 5 Compl.Dom.  CONJUNTO RSDAL LOS INFANTES, piso 1, puerta 5","postal_code":"11540","places":8,"units":3,"registered":"2018-02-26","catastro":"5945101QA3754D0017QZ","holder":"KAKIKO CONSULTING, S.L.","holder_count":1}},{"type":"Feature","geometry":{"type":"Point","coordinates":[-6.349171,36.781132]},"properties":{"id":"VUT/CA/04647","type":"VUT","group":"Completa","address":"CALLE SANTO DOMINGO Nº 90 Plta/Piso 1º Pta/Letra B-2, piso 1º, puerta B-2","postal_code":"11540","places":2,"units":1,"registered":"2018-03-11","catastro":"6741616QA3764B0001PJ","holder":null,"holder_count":null}},{"type":"Feature","geometry":{"type":"Point","coordinates":[-6.361686,36.782458]},"properties":{"id":"VUT/CA/04695","type":"VUT","group":"Completa","address":"CALLE CALZADA DE LA INFANTA Nº 7 Compl.Dom. ESQ FERNANDO MAGALLANES. ESTUDIO A","postal_code":"11540","places":4,"units":1,"registered":"2018-03-19","catastro":"5542703QA3754B0001QD","holder":null,"holder_count":null}},{"type":"Feature","geometry":{"type":"Point","coordinates":[-6.361686,36.782458]},"properties":{"id":"VUT/CA/04696","type":"VUT","group":"Completa","address":"CALLE CALZADA DE LA INFANTA Nº 7 Compl.Dom. ESQ FERNANDO MAGALLANES. ESTUDIO B","postal_code":"11540","places":4,"units":1,"registered":"2018-03-20","catastro":"5542703QA3754B0001QD","holder":null,"holder_count":null}},{"type":"Feature","geometry":{"type":"Point","coordinates":[-6.320851,36.796857]},"properties":{"id":"VUT/CA/04746","type":"VUT","group":"Completa","address":"CALLE HANS Nº 1 Blq. 2 Portal 4 Plta/Piso 1º Pta/Letra E, piso 1º, puerta E","postal_code":"11540","places":8,"units":2,"registered":"2018-04-05","catastro":"9157903QA3795E0079EG","holder":null,"holder_count":null}},{"type":"Feature","geometry":{"type":"Point","coordinates":[-6.35438,36.780557]},"properties":{"id":"VUT/CA/04759","type":"VUT","group":"Por habitaciones","address":"AVENIDA CALZADA DUQUESA ISABEL (ANTIGUA CALZADA DEL EJERCITO) Nº 4","postal_code":"11540","places":6,"units":3,"registered":"2018-04-06","catastro":"6341104QA3764A0002AO","holder":null,"holder_count":null}},{"type":"Feature","geometry":{"type":"Point","coordinates":[-6.319378,36.787984]},"properties":{"id":"VUT/CA/04788","type":"VUT","group":"Completa","address":"AVENIDA JUAN DE ZUBILETA Blq. A-3 Esc. 1 Pta/Letra 6 Compl.Dom. MIRADOR DE LOS NAVEGANTES, puerta 6","postal_code":"11540","places":4,"units":2,"registered":"2018-04-10","catastro":"9349101QA3794G0072BO","holder":null,"holder_count":null}},{"type":"Feature","geometry":{"type":"Point","coordinates":[-6.365451,36.777712]},"properties":{"id":"VUT/CA/04792","type":"VUT","group":"Completa","address":"CALLE Bajamar Nº 1","postal_code":"11540","places":10,"units":5,"registered":"2018-04-10","catastro":"5236357QA3753E0010YY","holder":null,"holder_count":null}},{"type":"Feature","geometry":{"type":"Point","coordinates":[-6.347549,36.782809]},"properties":{"id":"VUT/CA/04825","type":"VUT","group":"Completa","address":"CALLE BARRAMEDA Nº 23 Plta/Piso 1 Pta/Letra B, piso 1, puerta B","postal_code":"11540","places":5,"units":2,"registered":"2018-04-12","catastro":"6842332QA3764D0016TQ","holder":null,"holder_count":null}},{"type":"Feature","geometry":{"type":"Point","coordinates":[-6.352905,36.778996]},"properties":{"id":"VUT/CA/04827","type":"VUT","group":"Completa","address":"CALLE ALONSO DE LUGO Nº 16 Plta/Piso BAJO Pta/Letra 1, piso BAJO, puerta 1","postal_code":"11540","places":5,"units":2,"registered":"2018-04-12","catastro":"5743708QA3754D0015ML","holder":null,"holder_count":null}},{"type":"Feature","geometry":{"type":"Point","coordinates":[-6.358758,36.779796]},"properties":{"id":"VUT/CA/04848","type":"VUT","group":"Completa","address":"CALLE CONDESA DE LEBRIJA Nº 2 Plta/Piso 2 Pta/Letra A Compl.Dom. EDIFICIO INFANTA CRISTINA, piso 2, puerta A","postal_code":"11540","places":6,"units":3,"registered":"2018-04-17","catastro":"5939251QA3753H0025AX","holder":null,"holder_count":null}},{"type":"Feature","geometry":{"type":"Point","coordinates":[-6.355346,36.774388]},"properties":{"id":"VUT/CA/04850","type":"VUT","group":"Completa","address":"CALLE Juan Sebastián Elcano Nº 6 Portal 1 Plta/Piso 2 Pta/Letra E, piso 2, puerta E","postal_code":"11540","places":6,"units":3,"registered":"2018-04-17","catastro":"6133728QA3753D0030MA","holder":null,"holder_count":null}},{"type":"Feature","geometry":{"type":"Point","coordinates":[-6.351596,36.774041]},"properties":{"id":"VUT/CA/04863","type":"VUT","group":"Completa","address":"CALLE SAN AGUSTIN Nº 14-16-18 Plta/Piso 1º Compl.Dom. VIVIENDA 10, piso 1º","postal_code":"11540","places":4,"units":2,"registered":"2018-04-18","catastro":"6533904QA3763C0016DZ","holder":null,"holder_count":null}},{"type":"Feature","geometry":{"type":"Point","coordinates":[-6.3547,36.781481]},"properties":{"id":"VUT/CA/04885","type":"VUT","group":"Completa","address":"CALLE INFANTA BEATRIZ Nº 7 Plta/Piso 6 Pta/Letra 6, piso 6, puerta 6","postal_code":"11540","places":6,"units":3,"registered":"2018-04-20","catastro":"6141505QA3764A0044DH","holder":null,"holder_count":null}},{"type":"Feature","geometry":{"type":"Point","coordinates":[-6.346948,36.789488]},"properties":{"id":"VUT/CA/04909","type":"VUT","group":"Completa","address":"CALLE BARRA DEL RIO Nº 2 Blq. 3 Plta/Piso BAJO Pta/Letra D, piso BAJO, puerta D","postal_code":"11540","places":6,"units":2,"registered":"2018-04-23","catastro":"6850801QA3764E0144SO","holder":null,"holder_count":null}},{"type":"Feature","geometry":{"type":"Point","coordinates":[-6.358176,36.784885]},"properties":{"id":"VUT/CA/04913","type":"VUT","group":"Completa","address":"AVENIDA CALZADA DUQUESA ISABEL Portal 8 Plta/Piso 4 Pta/Letra 30, piso 4, puerta 30","postal_code":"11540","places":7,"units":3,"registered":"2018-04-24","catastro":"5945101QA3754D0159AI","holder":null,"holder_count":null}},{"type":"Feature","geometry":{"type":"Point","coordinates":[-6.3775,36.770686]},"properties":{"id":"VUT/CA/04917","type":"VUT","group":"Completa","address":"CALLE PLAYA DE LA PUNTILLA Nº 8","postal_code":"11540","places":7,"units":4,"registered":"2018-04-24","catastro":"4128647QA3742G0027IJ","holder":null,"holder_count":null}},{"type":"Feature","geometry":{"type":"Point","coordinates":[-6.35643,36.773293]},"properties":{"id":"VUT/CA/04981","type":"VUT","group":"Completa","address":"CALLE MOLINILLO SEGUNDA Nº 15 Plta/Piso 3 Pta/Letra B, piso 3, puerta B","postal_code":"11540","places":6,"units":2,"registered":"2018-05-05","catastro":"6132809QA3763A0032XD","holder":"LEAD GENERATION COMPANY SPAIN, S.L.","holder_count":8}},{"type":"Feature","geometry":{"type":"Point","coordinates":[-6.352574,36.776401]},"properties":{"id":"VUT/CA/05015","type":"VUT","group":"Completa","address":"CALLE LUIS DE EGUILAZ Nº 1 Portal 1 Plta/Piso 1 Pta/Letra A Compl.Dom. ENTRADA OPCIONAL POR CALLEJÓN DE LOS TRAPOS (JUSTO ENCIMA PARKING), piso 1, puerta A","postal_code":"11540","places":4,"units":1,"registered":"2018-05-09","catastro":"6436930QA3763E0056PZ","holder":null,"holder_count":null}},{"type":"Feature","geometry":{"type":"Point","coordinates":[-6.352905,36.778996]},"properties":{"id":"VUT/CA/05048","type":"VUT","group":"Completa","address":"CALLE ANCHA Nº 46 Plta/Piso 3º Pta/Letra B, piso 3º, puerta B","postal_code":"11540","places":5,"units":3,"registered":"2018-05-15","catastro":"6438909QA3763G0006GR","holder":null,"holder_count":null}},{"type":"Feature","geometry":{"type":"Point","coordinates":[-6.351825,36.785742]},"properties":{"id":"VUT/CA/05049","type":"VUT","group":"Completa","address":"CALLE PINTOR ALONSO CANO Nº 6 Plta/Piso 1 Pta/Letra N, piso 1, puerta N","postal_code":"11540","places":4,"units":2,"registered":"2018-05-16","catastro":"6346102QA3764E0015TO","holder":null,"holder_count":null}},{"type":"Feature","geometry":{"type":"Point","coordinates":[-6.362932,36.780929]},"properties":{"id":"VUT/CA/05083","type":"VUT","group":"Por habitaciones","address":"AVENIDA DE LAS PILETAS Nº 30 Plta/Piso CASA Compl.Dom. URBANIZACION LA BECADA, piso CASA","postal_code":"11540","places":4,"units":2,"registered":"2018-05-17","catastro":"5440601QA3754A0002QT","holder":null,"holder_count":null}},{"type":"Feature","geometry":{"type":"Point","coordinates":[-6.353788,36.777644]},"properties":{"id":"VUT/CA/05084","type":"VUT","group":"Completa","address":"CALLE BRETONES Nº 9 Plta/Piso 2º Pta/Letra A Compl.Dom. (ANTERIORMENTE Nº 5), piso 2º, puerta A","postal_code":"11540","places":4,"units":1,"registered":"2018-05-17","catastro":"6436902QA3763E0001YR","holder":"FEROL, S.L.","holder_count":2}},{"type":"Feature","geometry":{"type":"Point","coordinates":[-6.353788,36.777644]},"properties":{"id":"VUT/CA/05089","type":"VUT","group":"Completa","address":"CALLE BRETONES Nº 9 Plta/Piso 2º Pta/Letra B Compl.Dom. (ANTERIORMENTE Nº 5), piso 2º, puerta B","postal_code":"11540","places":4,"units":2,"registered":"2018-05-18","catastro":"6436902QA3763E0001YR","holder":"FEROL, S.L.","holder_count":2}},{"type":"Feature","geometry":{"type":"Point","coordinates":[-6.349905,36.779323]},"properties":{"id":"VUT/CA/05099","type":"VUT","group":"Completa","address":"CALLE ALCOBA Nº 13","postal_code":"11540","places":10,"units":5,"registered":"2018-05-19","catastro":"6639904QA3763H0001MI","holder":"HOSTAL ALCOBA, S L","holder_count":1}},{"type":"Feature","geometry":{"type":"Point","coordinates":[-6.353877,36.783188]},"properties":{"id":"VUT/CA/05114","type":"VUT","group":"Completa","address":"AVENIDA Guadalquivir Nº 19 Blq. BIS Plta/Piso 2, piso 2","postal_code":"11540","places":3,"units":1,"registered":"2018-05-21","catastro":"6243508QA3764C0003DT","holder":null,"holder_count":null}},{"type":"Feature","geometry":{"type":"Point","coordinates":[-6.346359,36.788617]},"properties":{"id":"VUT/CA/05181","type":"VUT","group":"Completa","address":"CALLE CALLEJÓN DE GUÍA Nº 29","postal_code":"11540","places":8,"units":3,"registered":"2018-05-27","catastro":"6847507QA3764E0001BZ","holder":null,"holder_count":null}},{"type":"Feature","geometry":{"type":"Point","coordinates":[-6.351104,36.787087]},"properties":{"id":"VUT/CA/05182","type":"VUT","group":"Completa","address":"CALLE ALBATROS Nº 3 Blq. 4 Plta/Piso 1 Pta/Letra I Compl.Dom. URBANIZACION LA CAPILLITA, piso 1, puerta I","postal_code":"11540","places":6,"units":3,"registered":"2018-05-27","catastro":"6546401QA3764E0132YM","holder":null,"holder_count":null}},{"type":"Feature","geometry":{"type":"Point","coordinates":[-6.363293,36.781197]},"properties":{"id":"VUT/CA/05235","type":"VUT","group":"Completa","address":"AVENIDA SIMON DE ROJAS CLEMENTE Nº 19 Pta/Letra 5 Compl.Dom. SAN LUIS, puerta 5","postal_code":"11540","places":8,"units":4,"registered":"2018-06-01","catastro":"5441705QA3754A0005EI","holder":null,"holder_count":null}},{"type":"Feature","geometry":{"type":"Point","coordinates":[-6.34928,36.780165]},"properties":{"id":"VUT/CA/05237","type":"VUT","group":"Por habitaciones","address":"CALLE FARIÑAS Nº 44","postal_code":"11540","places":6,"units":4,"registered":"2018-06-01","catastro":"6739313QA3763H0001XI","holder":null,"holder_count":null}},{"type":"Feature","geometry":{"type":"Point","coordinates":[-6.351919,36.783489]},"properties":{"id":"VUT/CA/05245","type":"VUT","group":"Completa","address":"CALLE CORREOS Nº 28 Plta/Piso 1 Pta/Letra B Compl.Dom. EDIF. EL COTO, piso 1, puerta B","postal_code":"11540","places":4,"units":2,"registered":"2018-06-04","catastro":"6543327QA3764C0005IU","holder":null,"holder_count":null}},{"type":"Feature","geometry":{"type":"Point","coordinates":[-6.36063,36.772179]},"properties":{"id":"VUT/CA/05266","type":"VUT","group":"Completa","address":"CALLE FRAY ISIDORO DE SEVILLA Nº 3 Compl.Dom. CASA 6","postal_code":"11540","places":2,"units":1,"registered":"2018-06-04","catastro":"5730252QA3753B0058GG","holder":"GRUPO CR17 CONTROL SL","holder_count":1}},{"type":"Feature","geometry":{"type":"Point","coordinates":[-6.353102,36.7787]},"properties":{"id":"VUT/CA/05281","type":"VUT","group":"Completa","address":"CALLE CERVANTES Nº 7 Plta/Piso 1 Pta/Letra F, piso 1, puerta F","postal_code":"11540","places":3,"units":1,"registered":"2018-06-06","catastro":"6438115QA3763G0007AT","holder":null,"holder_count":null}},{"type":"Feature","geometry":{"type":"Point","coordinates":[-6.367969,36.776689]},"properties":{"id":"VUT/CA/05284","type":"VUT","group":"Completa","address":"CALLE 1498 Nº 18 Blq. 1 Portal 3 Plta/Piso 1 Pta/Letra A Compl.Dom. URB. TERRAZAS DE DOÑANA, piso 1, puerta A","postal_code":"11540","places":4,"units":2,"registered":"2018-06-07","catastro":"5236355QA3753E0036IE","holder":null,"holder_count":null}},{"type":"Feature","geometry":{"type":"Point","coordinates":[-6.374778,36.773355]},"properties":{"id":"VUT/CA/05340","type":"VUT","group":"Por habitaciones","address":"CALLE CARRIL DE SAN DIEGO Nº 68 Blq. 2 Portal 2 Plta/Piso 5 Compl.Dom. URB. MIRADOR DE SANTIAGO, piso 5","postal_code":"11540","places":4,"units":2,"registered":"2018-06-13","catastro":"4432705QA3733B0001WA","holder":null,"holder_count":null}},{"type":"Feature","geometry":{"type":"Point","coordinates":[-6.318679,36.785922]},"properties":{"id":"VUT/CA/05346","type":"VUT","group":"Completa","address":"CALLE FRANCISCO RODRIGUEZ Nº 63 Compl.Dom. URBANIZACIÓN SANLÚCAR CLUB DE CAMPO","postal_code":"11540","places":7,"units":3,"registered":"2018-06-13","catastro":"9448232QA3794G0001ZT","holder":null,"holder_count":null}},{"type":"Feature","geometry":{"type":"Point","coordinates":[-6.349963,36.782427]},"properties":{"id":"VUT/CA/05352","type":"VUT","group":"Completa","address":"CALLE DEL ANGEL Nº 9 Plta/Piso 2 Pta/Letra D, piso 2, puerta D","postal_code":"11540","places":2,"units":1,"registered":"2018-06-14","catastro":"6641903QA3764B0012JW","holder":null,"holder_count":null}},{"type":"Feature","geometry":{"type":"Point","coordinates":[-6.348044,36.784351]},"properties":{"id":"VUT/CA/05390","type":"VUT","group":"Completa","address":"CALLE BOLSA Nº 165 Blq. 1 Plta/Piso 1 Pta/Letra A-6 Compl.Dom. RESIDENCIAL NUEVO BARRIO BAJO, piso 1, puerta A-6","postal_code":"11540","places":6,"units":3,"registered":"2018-06-19","catastro":"6845104QA3764D0031AP","holder":null,"holder_count":null}},{"type":"Feature","geometry":{"type":"Point","coordinates":[-6.353726,36.773974]},"properties":{"id":"VUT/CA/05433","type":"VUT","group":"Completa","address":"CALLE DESCALZAS Nº 18 Plta/Piso 21, piso 21","postal_code":"11540","places":4,"units":1,"registered":"2018-06-26","catastro":"6333607QA3763C0021MM","holder":null,"holder_count":null}},{"type":"Feature","geometry":{"type":"Point","coordinates":[-6.36063,36.772179]},"properties":{"id":"VUT/CA/05454","type":"VUT","group":"Completa","address":"CALLE FRAY ISIDORO DE SEVILLA Nº 3 Plta/Piso 2 Pta/Letra 32, piso 2, puerta 32","postal_code":"11540","places":4,"units":2,"registered":"2018-06-28","catastro":"5730252QA3753B0084OO","holder":null,"holder_count":null}},{"type":"Feature","geometry":{"type":"Point","coordinates":[-6.386193,36.767264]},"properties":{"id":"VUT/CA/05455","type":"VUT","group":"Completa","address":"CALLE DE LAS OLAS Nº 1","postal_code":"11540","places":6,"units":3,"registered":"2018-06-28","catastro":"3415901QA3722D0001ZI","holder":null,"holder_count":null}},{"type":"Feature","geometry":{"type":"Point","coordinates":[-6.36063,36.772179]},"properties":{"id":"VUT/CA/05457","type":"VUT","group":"Completa","address":"CALLE FRAY ISIDORO DE SEVILLA Nº 3 Plta/Piso 2 Pta/Letra 33, piso 2, puerta 33","postal_code":"11540","places":6,"units":2,"registered":"2018-06-28","catastro":"5730252QA3753B0085PP","holder":null,"holder_count":null}},{"type":"Feature","geometry":{"type":"Point","coordinates":[-6.36063,36.772179]},"properties":{"id":"VUT/CA/05601","type":"VUT","group":"Completa","address":"CALLE FRAY ISIDORO DE SEVILLA Nº 3 Esc. 1 Plta/Piso 2 Pta/Letra 31, piso 2, puerta 31","postal_code":"11540","places":4,"units":1,"registered":"2018-07-18","catastro":"5730252QA3753B0083II","holder":null,"holder_count":null}},{"type":"Feature","geometry":{"type":"Point","coordinates":[-6.352875,36.777334]},"properties":{"id":"VUT/CA/05603","type":"VUT","group":"Por habitaciones","address":"CALLE CARMEN VIEJO Nº 18 Blq. 3 Plta/Piso 4 Pta/Letra F, piso 4, puerta F","postal_code":"11540","places":4,"units":1,"registered":"2018-07-18","catastro":"6436914QA3763E0025DX","holder":null,"holder_count":null}},{"type":"Feature","geometry":{"type":"Point","coordinates":[-6.358176,36.784885]},"properties":{"id":"VUT/CA/05618","type":"VUT","group":"Completa","address":"AVENIDA CALZADA DUQUESA ISABEL Nº 58 Blq. 5 Plta/Piso 2 Pta/Letra 17 Compl.Dom. URBANIZACION LOS INFANTES, piso 2, puerta 17","postal_code":"11540","places":6,"units":3,"registered":"2018-07-19","catastro":"5945101QA3754D0087RQ","holder":null,"holder_count":null}},{"type":"Feature","geometry":{"type":"Point","coordinates":[-6.320851,36.796857]},"properties":{"id":"VUT/CA/05630","type":"VUT","group":"Completa","address":"CALLE MARTIN DE YUDICIBUS Nº 1 Portal 2 Plta/Piso 1 Pta/Letra H Compl.Dom. URBANIZACION SANLUCAR CLUB DE CAMPO (MARTIN MIGUEL), piso 1, puerta H","postal_code":"11540","places":6,"units":2,"registered":"2018-07-21","catastro":"9157903QA3795E0038BO","holder":null,"holder_count":null}},{"type":"Feature","geometry":{"type":"Point","coordinates":[-6.355562,36.78418]},"properties":{"id":"VUT/CA/05631","type":"VUT","group":"Completa","address":"AVENIDA CERRO FALÓN Nº 55 Blq. ALM II Esc. 3º Pta/Letra B, puerta B","postal_code":"11540","places":6,"units":3,"registered":"2018-07-21","catastro":"6144506QA3764C0032TW","holder":null,"holder_count":null}},{"type":"Feature","geometry":{"type":"Point","coordinates":[-6.367969,36.776689]},"properties":{"id":"VUT/CA/05633","type":"VUT","group":"Por habitaciones","address":"CALLE TEMPLO DEL LUCERO Blq. 1 Plta/Piso BAJO Pta/Letra C Compl.Dom. TERRAZAS DE DOÑANA, piso BAJO, puerta C","postal_code":"11540","places":6,"units":3,"registered":"2018-07-22","catastro":"5236355QA3753E0003UW","holder":null,"holder_count":null}},{"type":"Feature","geometry":{"type":"Point","coordinates":[-6.341849,36.783602]},"properties":{"id":"VUT/CA/05669","type":"VUT","group":"Completa","address":"CALLE SIERRA DE LIJAR Nº 7 Compl.Dom. URB. PINO ALTO","postal_code":"11540","places":4,"units":2,"registered":"2018-07-26","catastro":"7343301QA3774C0004JP","holder":null,"holder_count":null}},{"type":"Feature","geometry":{"type":"Point","coordinates":[-6.363293,36.781197]},"properties":{"id":"VUT/CA/05682","type":"VUT","group":"Completa","address":"CALLE SIMON DE ROJAS CLEMENTE Nº 19","postal_code":"11540","places":5,"units":3,"registered":"2018-07-27","catastro":"5441705QA3754A0007TP","holder":null,"holder_count":null}},{"type":"Feature","geometry":{"type":"Point","coordinates":[-6.356075,36.77607]},"properties":{"id":"VUT/CA/05686","type":"VUT","group":"Completa","address":"CALLE BAÑOS Nº 11 Plta/Piso 2 Pta/Letra B, piso 2, puerta B","postal_code":"11540","places":6,"units":3,"registered":"2018-07-28","catastro":"6135902QA3763C0007IG","holder":null,"holder_count":null}},{"type":"Feature","geometry":{"type":"Point","coordinates":[-6.345665,36.785273]},"properties":{"id":"VUT/CA/05687","type":"VUT","group":"Completa","address":"CALLE ISABEL II Plta/Piso 1 Pta/Letra B, piso 1, puerta B","postal_code":"11540","places":6,"units":3,"registered":"2018-07-28","catastro":"7045401QA3764F0008DF","holder":null,"holder_count":null}},{"type":"Feature","geometry":{"type":"Point","coordinates":[-6.356627,36.781775]},"properties":{"id":"VUT/CA/05716","type":"VUT","group":"Por habitaciones","address":"AVENIDA DUQUESA INFANTA ISABEL Nº 31 Plta/Piso 1, piso 1","postal_code":"11540","places":10,"units":4,"registered":"2018-08-01","catastro":"6040803QA3753B0001WL","holder":null,"holder_count":null}},{"type":"Feature","geometry":{"type":"Point","coordinates":[-6.349686,36.784126]},"properties":{"id":"VUT/CA/05740","type":"VUT","group":"Completa","address":"CALLE TRASBOLSA Nº 61 Portal 1 Plta/Piso 1 Pta/Letra A Compl.Dom. RESIDENCIAL AURORA, piso 1, puerta A","postal_code":"11540","places":6,"units":3,"registered":"2018-08-07","catastro":"6644408QA3764D0024BY","holder":null,"holder_count":null}},{"type":"Feature","geometry":{"type":"Point","coordinates":[-6.360486,36.781556]},"properties":{"id":"VUT/CA/05742","type":"VUT","group":"Completa","address":"CALLE CALZADA DE LA INFANTA Nº 48 Esc. 1 Plta/Piso 00 Pta/Letra 01, piso 00, puerta 01","postal_code":"11540","places":4,"units":2,"registered":"2018-08-08","catastro":"5742711QA3754B0005AJ","holder":"PROELIUM INICIATIVAS, S.L.","holder_count":2}},{"type":"Feature","geometry":{"type":"Point","coordinates":[-6.357837,36.777492]},"properties":{"id":"VUT/CA/05757","type":"VUT","group":"Completa","address":"CALLE PADRE ALDAMA Y PRUAÑO Nº 2 Esc. 1 Plta/Piso 1 Pta/Letra 20, piso 1, puerta 20","postal_code":"11540","places":6,"units":3,"registered":"2018-08-09","catastro":"5937808QA3753F0056WE","holder":null,"holder_count":null}},{"type":"Feature","geometry":{"type":"Point","coordinates":[-6.319378,36.787984]},"properties":{"id":"VUT/CA/05761","type":"VUT","group":"Completa","address":"CALLE JUAN DE ZUBILETA Portal A.3 Plta/Piso 3.16 Compl.Dom. URB. MIRADOR DE LOS NAVEGANTES - SANLUCAR CLUB DE CAMPO, piso 3.16","postal_code":"11540","places":6,"units":3,"registered":"2018-08-09","catastro":"9349101QA3794G0082RH","holder":null,"holder_count":null}},{"type":"Feature","geometry":{"type":"Point","coordinates":[-6.349507,36.786583]},"properties":{"id":"VUT/CA/05786","type":"VUT","group":"Completa","address":"CALLE MASCARÓN DE PROA (CJ de la Capillita) Nº 4 Blq. 1 Plta/Piso 4 Pta/Letra A, piso 4, puerta A","postal_code":"11540","places":6,"units":3,"registered":"2018-08-16","catastro":"6547606QA3764E0114YA","holder":null,"holder_count":null}},{"type":"Feature","geometry":{"type":"Point","coordinates":[-6.336488,36.78917]},"properties":{"id":"VUT/CA/05793","type":"VUT","group":"Completa","address":"CALLE TORRE DEL ALMINAR Nº 42","postal_code":"11540","places":6,"units":3,"registered":"2018-08-20","catastro":"7749652QA3774H0001EY","holder":null,"holder_count":null}},{"type":"Feature","geometry":{"type":"Point","coordinates":[-6.353735,36.777568]},"properties":{"id":"VUT/CA/05807","type":"VUT","group":"Completa","address":"CALLE TRASCUESTA Nº 8","postal_code":"11540","places":5,"units":3,"registered":"2018-08-22","catastro":"6436904QA3763E0003EY","holder":null,"holder_count":null}},{"type":"Feature","geometry":{"type":"Point","coordinates":[-6.360211,36.783606]},"properties":{"id":"VUT/CA/05821","type":"VUT","group":"Completa","address":"CALLE FERNANDO DE MAGALLANES Nº 15 Compl.Dom. URBANIZACION NUEVA ANDALUCIA I","postal_code":"11540","places":6,"units":3,"registered":"2018-08-24","catastro":"5743408QA3754D0015AL","holder":null,"holder_count":null}},{"type":"Feature","geometry":{"type":"Point","coordinates":[-6.379407,36.770946]},"properties":{"id":"VUT/CA/05830","type":"VUT","group":"Completa","address":"CALLE VERA DEL MAR Nº 8","postal_code":"11540","places":8,"units":4,"registered":"2018-08-27","catastro":"4029116QA3742H0001DY","holder":null,"holder_count":null}},{"type":"Feature","geometry":{"type":"Point","coordinates":[-6.353792,36.77999]},"properties":{"id":"VUT/CA/05905","type":"VUT","group":"Por habitaciones","address":"CALLE CASTELAR Nº 20","postal_code":"11540","places":4,"units":2,"registered":"2018-09-05","catastro":"6340809QA3763G0001OX","holder":null,"holder_count":null}},{"type":"Feature","geometry":{"type":"Point","coordinates":[-6.335923,36.791479]},"properties":{"id":"VUT/CA/05951","type":"VUT","group":"Completa","address":"CALLE PEDRO DE CAMPAÑA Nº 5 Plta/Piso 1 Pta/Letra C, piso 1, puerta C","postal_code":"11540","places":4,"units":2,"registered":"2018-09-12","catastro":"77506G2QA3775B0013DQ","holder":null,"holder_count":null}},{"type":"Feature","geometry":{"type":"Point","coordinates":[-6.359816,36.781941]},"properties":{"id":"VUT/CA/06025","type":"VUT","group":"Por habitaciones","address":"CALLE LUISA DE GUZMAN Nº 32 Esc. 1 Plta/Piso 3 Pta/Letra 3, piso 3, puerta 3","postal_code":"11540","places":6,"units":4,"registered":"2018-09-24","catastro":"5742705QA3754B0006IK","holder":null,"holder_count":null}},{"type":"Feature","geometry":{"type":"Point","coordinates":[-6.353529,36.777479]},"properties":{"id":"VUT/CA/06035","type":"VUT","group":"Completa","address":"CALLE Trascuesta Nº 15","postal_code":"11540","places":8,"units":2,"registered":"2018-09-25","catastro":"6337707QA3763E0003SY","holder":null,"holder_count":null}},{"type":"Feature","geometry":{"type":"Point","coordinates":[-6.376804,36.767564]},"properties":{"id":"VUT/CA/06067","type":"VUT","group":"Completa","address":"AVENIDA Villa Horacia Nº 22 Pta/Letra 30 Compl.Dom. Apartamentos Villa Horacia, puerta 30","postal_code":"11540","places":4,"units":1,"registered":"2018-09-28","catastro":"4225601QA3732D0030QO","holder":null,"holder_count":null}},{"type":"Feature","geometry":{"type":"Point","coordinates":[-6.359202,36.778957]},"properties":{"id":"VUT/CA/06097","type":"VUT","group":"Completa","address":"CALLE PREGONERO TOMÁS DÍAZ PRIETO Portal 7 Plta/Piso 2 Pta/Letra B, piso 2, puerta B","postal_code":"11540","places":4,"units":2,"registered":"2018-10-05","catastro":"5739616QA3753H0006UO","holder":null,"holder_count":null}},{"type":"Feature","geometry":{"type":"Point","coordinates":[-6.35286,36.781383]},"properties":{"id":"VUT/CA/06111","type":"VUT","group":"Completa","address":"CALLE CARRIL DE SAN DIEGO Nº 2 Plta/Piso 1 Pta/Letra 7, piso 1, puerta 7","postal_code":"11540","places":4,"units":2,"registered":"2018-10-10","catastro":"6341701QA3764A0009GH","holder":null,"holder_count":null}},{"type":"Feature","geometry":{"type":"Point","coordinates":[-6.36495,36.779067]},"properties":{"id":"VUT/CA/06133","type":"VUT","group":"Completa","address":"AVENIDA LAS PILETAS Nº 56 Blq. 1 Plta/Piso BAJO Pta/Letra D Compl.Dom. RESIDENCIAL MANZANA 20, piso BAJO, puerta D","postal_code":"11540","places":8,"units":3,"registered":"2018-10-16","catastro":"5238610QA3753G0019ZP","holder":null,"holder_count":null}},{"type":"Feature","geometry":{"type":"Point","coordinates":[-6.352233,36.777459]},"properties":{"id":"VUT/CA/06164","type":"VUT","group":"Completa","address":"CALLE Carmen Viejo Nº 24 Blq. 1 Plta/Piso bajo Pta/Letra b, piso bajo, puerta b","postal_code":"11540","places":6,"units":2,"registered":"2018-10-18","catastro":"6436918QA3763E0068AU","holder":null,"holder_count":null}},{"type":"Feature","geometry":{"type":"Point","coordinates":[-6.349507,36.786583]},"properties":{"id":"VUT/CA/06165","type":"VUT","group":"Completa","address":"CALLE MASCARON DE PROA Nº 2 Blq. 2 Plta/Piso 3º Pta/Letra I, piso 3º, puerta I","postal_code":"11540","places":5,"units":2,"registered":"2018-10-18","catastro":"6547606QA3764E0112RO","holder":null,"holder_count":null}},{"type":"Feature","geometry":{"type":"Point","coordinates":[-6.349617,36.77464]},"properties":{"id":"VUT/CA/06193","type":"VUT","group":"Completa","address":"CALLE JUAN GRANDE Nº 7 Portal 1 Plta/Piso 1 Pta/Letra E, piso 1, puerta E","postal_code":"11540","places":4,"units":2,"registered":"2018-10-23","catastro":"6733522QA3763D0009HE","holder":null,"holder_count":null}},{"type":"Feature","geometry":{"type":"Point","coordinates":[-6.361841,36.78262]},"properties":{"id":"VUT/CA/06229","type":"VUT","group":"Completa","address":"CALLE CALZADA DE LA INFANTA Nº 9","postal_code":"11540","places":10,"units":5,"registered":"2018-10-29","catastro":"5542702QA3754B0001GD","holder":null,"holder_count":null}},{"type":"Feature","geometry":{"type":"Point","coordinates":[-6.356253,36.785612]},"properties":{"id":"VUT/CA/06352","type":"VUT","group":"Completa","address":"AVENIDA BAJO DE GUÍA Nº 7","postal_code":"11540","places":2,"units":1,"registered":"2018-11-15","catastro":"6046812QA3754F0001JE","holder":null,"holder_count":null}},{"type":"Feature","geometry":{"type":"Point","coordinates":[-6.353546,36.774493]},"properties":{"id":"VUT/CA/06377","type":"VUT","group":"Por habitaciones","address":"CALLE MONTEROS Nº 9 Calif.Nº B","postal_code":"11540","places":2,"units":1,"registered":"2018-11-20","catastro":"6333421QA3763C0001RO","holder":null,"holder_count":null}},{"type":"Feature","geometry":{"type":"Point","coordinates":[-6.357285,36.785774]},"properties":{"id":"VUT/CA/06379","type":"VUT","group":"Completa","address":"CALLE MANUEL HERMOSILLA Nº 4","postal_code":"11540","places":6,"units":3,"registered":"2018-11-20","catastro":"5945503QA3754F0004WY","holder":null,"holder_count":null}},{"type":"Feature","geometry":{"type":"Point","coordinates":[-6.390777,36.763912]},"properties":{"id":"VUT/CA/06391","type":"VUT","group":"Por habitaciones","address":"CARRETERA DE LA JARA Nº SN Compl.Dom. CAMINO DE MARBELLA","postal_code":"11540","places":2,"units":1,"registered":"2018-11-21","catastro":"3021914QA3722A0001BR","holder":null,"holder_count":null}},{"type":"Feature","geometry":{"type":"Point","coordinates":[-6.335199,36.802495]},"properties":{"id":"VUT/CA/06398","type":"VUT","group":"Completa","address":"AVENIDA PUERTO DE BARRAMEDA Nº 28 Plta/Piso 4 Pta/Letra C, piso 4, puerta C","postal_code":"11540","places":6,"units":2,"registered":"2018-11-22","catastro":"7965101QA3776D0001GR","holder":null,"holder_count":null}},{"type":"Feature","geometry":{"type":"Point","coordinates":[-6.353118,36.782278]},"properties":{"id":"VUT/CA/06408","type":"VUT","group":"Completa","address":"CALLE CORREOS Nº 4B","postal_code":"11540","places":6,"units":3,"registered":"2018-11-25","catastro":"6342701QA3764A0001SI","holder":null,"holder_count":null}},{"type":"Feature","geometry":{"type":"Point","coordinates":[-6.349091,36.788592]},"properties":{"id":"VUT/CA/06413","type":"VUT","group":"Completa","address":"CALLE ROSA DE LOS VIENTOS Nº 1 Plta/Piso 2º Pta/Letra H, piso 2º, puerta H","postal_code":"11540","places":5,"units":2,"registered":"2018-11-26","catastro":"6649801QA3764E0165UQ","holder":"INMERAY SLU","holder_count":2}},{"type":"Feature","geometry":{"type":"Point","coordinates":[-6.361604,36.780969]},"properties":{"id":"VUT/CA/06420","type":"VUT","group":"Completa","address":"CALLE PARQUE DOÑANA Nº 55 Blq. 1 Portal 3 Plta/Piso 3 Pta/Letra D, piso 3, puerta D","postal_code":"11540","places":4,"units":2,"registered":"2018-11-26","catastro":"5639397QA3753G0048JU","holder":null,"holder_count":null}},{"type":"Feature","geometry":{"type":"Point","coordinates":[-6.35098,36.777747]},"properties":{"id":"VUT/CA/06451","type":"VUT","group":"Por habitaciones","address":"CALLE CARRIL SAN DIEGO Nº 68 Blq. 2 Plta/Piso BAJO Pta/Letra 5, piso BAJO, puerta 5","postal_code":"11540","places":6,"units":3,"registered":"2018-12-03","catastro":"6537606QA3763F0186XI","holder":null,"holder_count":null}},{"type":"Feature","geometry":{"type":"Point","coordinates":[-6.360876,36.781607]},"properties":{"id":"VUT/CA/06454","type":"VUT","group":"Completa","address":"CALLE Calzada de la infanta Nº 53 Plta/Piso 1 Pta/Letra c, piso 1, puerta c","postal_code":"11540","places":6,"units":3,"registered":"2018-12-03","catastro":"5641601QA3754B0007KL","holder":"PROELIUM INICIATIVAS, S.L.","holder_count":2}},{"type":"Feature","geometry":{"type":"Point","coordinates":[-6.361914,36.782712]},"properties":{"id":"VUT/CA/06456","type":"VUT","group":"Completa","address":"CALLE Calzada de la infanta Nº 11 Esc. 1 Plta/Piso 3 Pta/Letra Izq., piso 3, puerta Izq.","postal_code":"11540","places":5,"units":2,"registered":"2018-12-04","catastro":"5542701QA3754B0007SL","holder":null,"holder_count":null}},{"type":"Feature","geometry":{"type":"Point","coordinates":[-6.349525,36.780278]},"properties":{"id":"VUT/CA/06458","type":"VUT","group":"Por habitaciones","address":"CALLE FARIÑAS Nº 33","postal_code":"11540","places":6,"units":3,"registered":"2018-12-04","catastro":"6640806QA3763H0001RI","holder":null,"holder_count":null}},{"type":"Feature","geometry":{"type":"Point","coordinates":[-6.355489,36.779165]},"properties":{"id":"VUT/CA/06507","type":"VUT","group":"Completa","address":"CALLE Tartaneros Nº 1 Pta/Letra M Compl.Dom. Residencial La Victoria, puerta M","postal_code":"11540","places":4,"units":2,"registered":"2018-12-13","catastro":"6239102QA3763G0050HP","holder":null,"holder_count":null}},{"type":"Feature","geometry":{"type":"Point","coordinates":[-6.35325,36.77906]},"properties":{"id":"VUT/CA/06513","type":"VUT","group":"Completa","address":"CALLE CASTELAR Nº 1 Plta/Piso 1 Pta/Letra A, piso 1, puerta A","postal_code":"11540","places":4,"units":2,"registered":"2018-12-14","catastro":"6339805QA3763G0001YX","holder":null,"holder_count":null}},{"type":"Feature","geometry":{"type":"Point","coordinates":[-6.320851,36.796857]},"properties":{"id":"VUT/CA/06514","type":"VUT","group":"Completa","address":"CALLE MARTIN DE YUDICIBUS Nº 20 Portal 1 Plta/Piso 2 Pta/Letra E Compl.Dom. RESIDENCIAL FLAMENCOS GOLF FASE 1, piso 2, puerta E","postal_code":"11540","places":4,"units":2,"registered":"2018-12-14","catastro":"9157903QA3795E0020TJ","holder":null,"holder_count":null}},{"type":"Feature","geometry":{"type":"Point","coordinates":[-6.35325,36.77906]},"properties":{"id":"VUT/CA/06515","type":"VUT","group":"Completa","address":"CALLE CASTELAR Nº 1 Plta/Piso 1 Pta/Letra B, piso 1, puerta B","postal_code":"11540","places":4,"units":2,"registered":"2018-12-14","catastro":"6339805QA3763G0002UM","holder":null,"holder_count":null}},{"type":"Feature","geometry":{"type":"Point","coordinates":[-6.347973,36.789201]},"properties":{"id":"VUT/CA/06550","type":"VUT","group":"Completa","address":"AVENIDA DE LA LIBERTAD Nº 16 Plta/Piso BAJO Pta/Letra Q, piso BAJO, puerta Q","postal_code":"11540","places":8,"units":3,"registered":"2018-12-21","catastro":"6749601QA3764E0119YH","holder":null,"holder_count":null}},{"type":"Feature","geometry":{"type":"Point","coordinates":[-6.348495,36.787306]},"properties":{"id":"VUT/CA/06565","type":"VUT","group":"Completa","address":"CALLE BARRA DEL RÍO Nº 2 Blq. 2 Plta/Piso BAJO Pta/Letra E Compl.Dom. RESIDENCIAL COSTA DOÑANA - PARCELA R-8, piso BAJO, puerta E","postal_code":"11540","places":6,"units":2,"registered":"2019-01-01","catastro":"6748701QA3764E0253UK","holder":null,"holder_count":null}},{"type":"Feature","geometry":{"type":"Point","coordinates":[-6.367969,36.776689]},"properties":{"id":"VUT/CA/06570","type":"VUT","group":"Completa","address":"CALLE 1498 Nº SN Portal 1 Plta/Piso BAJO Pta/Letra D Compl.Dom. URB. TERRAZAS DE DOÑANA, piso BAJO, puerta D","postal_code":"11540","places":8,"units":3,"registered":"2019-01-02","catastro":"5236355QA3753E0004IE","holder":null,"holder_count":null}},{"type":"Feature","geometry":{"type":"Point","coordinates":[-6.346948,36.789488]},"properties":{"id":"VUT/CA/06571","type":"VUT","group":"Completa","address":"AVENIDA DE LA MANZANILLA Portal 3 Plta/Piso 3 Pta/Letra B, piso 3, puerta B","postal_code":"11540","places":6,"units":3,"registered":"2019-01-02","catastro":"6850801QA3764E0075IT","holder":null,"holder_count":null}},{"type":"Feature","geometry":{"type":"Point","coordinates":[-6.346556,36.788666]},"properties":{"id":"VUT/CA/06573","type":"VUT","group":"Completa","address":"AVENIDA DE LA MANZANILLA Nº 10 Compl.Dom. JUNTO TRANSFORMADOR","postal_code":"11540","places":10,"units":3,"registered":"2019-01-02","catastro":"6847508QA3764E0001YZ","holder":null,"holder_count":null}},{"type":"Feature","geometry":{"type":"Point","coordinates":[-6.352003,36.784924]},"properties":{"id":"VUT/CA/06591","type":"VUT","group":"Completa","address":"AVENIDA CABO NOVAL Nº 1 Plta/Piso 3 Pta/Letra G, piso 3, puerta G","postal_code":"11540","places":4,"units":1,"registered":"2019-01-09","catastro":"6345707QA3764E0012BY","holder":null,"holder_count":null}},{"type":"Feature","geometry":{"type":"Point","coordinates":[-6.359077,36.782842]},"properties":{"id":"VUT/CA/06610","type":"VUT","group":"Completa","address":"AVENIDA LAS PILETAS Nº 11 Plta/Piso 3 Pta/Letra B, piso 3, puerta B","postal_code":"11540","places":6,"units":2,"registered":"2019-01-11","catastro":"5942919QA3754B0023KY","holder":null,"holder_count":null}},{"type":"Feature","geometry":{"type":"Point","coordinates":[-6.374793,36.772859]},"properties":{"id":"VUT/CA/06665","type":"VUT","group":"Completa","address":"CALLE Velero Nº 33 ","postal_code":"11540","places":12,"units":4,"registered":"2019-01-22","catastro":"4330133QA3743A0001OY","holder":null,"holder_count":null}},{"type":"Feature","geometry":{"type":"Point","coordinates":[-6.370961,36.775261]},"properties":{"id":"VUT/CA/06698","type":"VUT","group":"Completa","address":"CALLE CRUCERO. APARTAMENTO Pta/Letra 18, puerta 18","postal_code":"11540","places":4,"units":2,"registered":"2019-01-25","catastro":"4832321QA3743A0018SB","holder":null,"holder_count":null}},{"type":"Feature","geometry":{"type":"Point","coordinates":[-6.38445,36.768242]},"properties":{"id":"VUT/CA/06702","type":"VUT","group":"Completa","address":"CALLE DOÑA MIMA Nº 12 Compl.Dom. LA JARA","postal_code":"11540","places":10,"units":5,"registered":"2019-01-27","catastro":"3624403QA3732C0001PE","holder":"BILROMA SL","holder_count":1}},{"type":"Feature","geometry":{"type":"Point","coordinates":[-6.362953,36.780057]},"properties":{"id":"VUT/CA/06709","type":"VUT","group":"Completa","address":"AVENIDA DE LAS PILETAS Nº 67 Plta/Piso 2 Pta/Letra B Compl.Dom. SANLUCAR DE BARRAMEDA CADIZ, piso 2, puerta B","postal_code":"11540","places":5,"units":2,"registered":"2019-01-28","catastro":"5438401QA3753G0010EQ","holder":null,"holder_count":null}},{"type":"Feature","geometry":{"type":"Point","coordinates":[-6.319067,36.789912]},"properties":{"id":"VUT/CA/06766","type":"VUT","group":"Completa","address":"CALLE FRANCISCO RODRIGUEZ Nº 15 Compl.Dom. SANLUCAR CLUB DE CAMPO","postal_code":"11540","places":8,"units":4,"registered":"2019-02-05","catastro":"9448208QA3794G0001QT","holder":null,"holder_count":null}},{"type":"Feature","geometry":{"type":"Point","coordinates":[-6.354176,36.778344]},"properties":{"id":"VUT/CA/06767","type":"VUT","group":"Completa","address":"CALLE Amargura Nº 4-6 Plta/Piso 2, piso 2","postal_code":"11540","places":6,"units":2,"registered":"2019-02-05","catastro":"6237531QA3763E0001UR","holder":null,"holder_count":null}},{"type":"Feature","geometry":{"type":"Point","coordinates":[-6.354176,36.778344]},"properties":{"id":"VUT/CA/06768","type":"VUT","group":"Completa","address":"CALLE Amargura Nº 4-6 Plta/Piso 1, piso 1","postal_code":"11540","places":6,"units":2,"registered":"2019-02-05","catastro":"6237531QA3763E0001UR","holder":null,"holder_count":null}},{"type":"Feature","geometry":{"type":"Point","coordinates":[-6.356297,36.775344]},"properties":{"id":"VUT/CA/06770","type":"VUT","group":"Completa","address":"CALLE CURTIDURIA Blq. 4 Plta/Piso 1 Pta/Letra A, piso 1, puerta A","postal_code":"11540","places":6,"units":3,"registered":"2019-02-05","catastro":"6034209QA3763C0016YZ","holder":null,"holder_count":null}},{"type":"Feature","geometry":{"type":"Point","coordinates":[-6.361415,36.775534]},"properties":{"id":"VUT/CA/06780","type":"VUT","group":"Completa","address":"CUESTA DE CAPUCHINOS Nº 2 Plta/Piso 17 Pta/Letra B Compl.Dom. RESIDENCIAL PADRE ESTEBAN DE ADOAIN., piso 17, puerta B","postal_code":"11540","places":5,"units":2,"registered":"2019-02-06","catastro":"5533701QA3753C0022FB","holder":null,"holder_count":null}},{"type":"Feature","geometry":{"type":"Point","coordinates":[-6.367969,36.776689]},"properties":{"id":"VUT/CA/06806","type":"VUT","group":"Completa","address":"CALLE TEMPLO DEL LUCERO Blq. 2 Portal 6 Plta/Piso BAJA Pta/Letra E, piso BAJA, puerta E","postal_code":"11540","places":6,"units":2,"registered":"2019-02-07","catastro":"5236355QA3753E0082HA","holder":"TRADE SUITES, S.L.","holder_count":1}},{"type":"Feature","geometry":{"type":"Point","coordinates":[-6.366623,36.777621]},"properties":{"id":"VUT/CA/06833","type":"VUT","group":"Completa","address":"CALLE YERBABUENA Nº 5 Plta/Piso 1 Pta/Letra A, piso 1, puerta A","postal_code":"11540","places":4,"units":2,"registered":"2019-02-11","catastro":"5236320QA3753E0017FD","holder":null,"holder_count":null}},{"type":"Feature","geometry":{"type":"Point","coordinates":[-6.346948,36.789488]},"properties":{"id":"VUT/CA/06884","type":"VUT","group":"Completa","address":"CALLE BARRA DEL RIO Blq. 2 Plta/Piso 2 Pta/Letra B Compl.Dom. RESIDENCIAL COSTA DOÑANA, piso 2, puerta B","postal_code":"11540","places":6,"units":3,"registered":"2019-02-15","catastro":"6850801QA3764E0088KG","holder":null,"holder_count":null}},{"type":"Feature","geometry":{"type":"Point","coordinates":[-6.367432,36.777552]},"properties":{"id":"VUT/CA/06885","type":"VUT","group":"Completa","address":"CALLE YERBABUENA Nº 6","postal_code":"11540","places":8,"units":5,"registered":"2019-02-18","catastro":"5236319QA3753E0004XE","holder":null,"holder_count":null}},{"type":"Feature","geometry":{"type":"Point","coordinates":[-6.353657,36.773743]},"properties":{"id":"VUT/CA/06961","type":"VUT","group":"Completa","address":"CALLE DESCALZAS","postal_code":"11540","places":10,"units":4,"registered":"2019-03-06","catastro":"6433114QA3763A0001JF","holder":null,"holder_count":null}},{"type":"Feature","geometry":{"type":"Point","coordinates":[-6.367969,36.776689]},"properties":{"id":"VUT/CA/06989","type":"VUT","group":"Completa","address":"AVENIDA MIL CUATROCIENTOS NOVENTA Y OCHO Nº 10 Blq. 3 Plta/Piso 1 Pta/Letra A Compl.Dom. RESIDENCIAL MIRADOR DEL COTO, piso 1, puerta A","postal_code":"11540","places":4,"units":2,"registered":"2019-03-12","catastro":"5236355QA3753E0099UW","holder":null,"holder_count":null}},{"type":"Feature","geometry":{"type":"Point","coordinates":[-6.350702,36.78198]},"properties":{"id":"VUT/CA/06997","type":"VUT","group":"Completa","address":"CALLE BOLSA Nº 74 Plta/Piso 1º Pta/Letra E, piso 1º, puerta E","postal_code":"11540","places":6,"units":3,"registered":"2019-03-13","catastro":"6641951QA3764B0010DM","holder":null,"holder_count":null}},{"type":"Feature","geometry":{"type":"Point","coordinates":[-6.35098,36.777747]},"properties":{"id":"VUT/CA/07019","type":"VUT","group":"Completa","address":"CALLE CARRIL SAN DIEGO Nº 0 Compl.Dom. CONJUNTO RESIDENCIAL MIRADOR DE SANTIAGO, VIVIENDA Nº 7 DEL NUCLEO 2","postal_code":"11540","places":8,"units":4,"registered":"2019-03-18","catastro":"6537606QA3763F0188QP","holder":null,"holder_count":null}},{"type":"Feature","geometry":{"type":"Point","coordinates":[-6.339898,36.787974]},"properties":{"id":"VUT/CA/07030","type":"VUT","group":"Completa","address":"CALLE Calle Bellavista Nº 2 Pta/Letra A, puerta A","postal_code":"11540","places":10,"units":3,"registered":"2019-03-19","catastro":"7648914QA3774H0001FY","holder":null,"holder_count":null}},{"type":"Feature","geometry":{"type":"Point","coordinates":[-6.352986,36.779955]},"properties":{"id":"VUT/CA/07031","type":"VUT","group":"Completa","address":"CALLE BOLSA Nº 26 Blq. 1 Plta/Piso 2º Pta/Letra 13, piso 2º, puerta 13","postal_code":"11540","places":4,"units":2,"registered":"2019-03-19","catastro":"6439220QA3763G0013KI","holder":null,"holder_count":null}},{"type":"Feature","geometry":{"type":"Point","coordinates":[-6.335199,36.802495]},"properties":{"id":"VUT/CA/07034","type":"VUT","group":"Completa","address":"AVENIDA puerto de barrameda Nº 28 Plta/Piso 4 Pta/Letra c, piso 4, puerta c","postal_code":"11540","places":6,"units":2,"registered":"2019-03-19","catastro":"7965101QA3776D0001GR","holder":null,"holder_count":null}},{"type":"Feature","geometry":{"type":"Point","coordinates":[-6.352268,36.786741]},"properties":{"id":"VUT/CA/07040","type":"VUT","group":"Completa","address":"AVENIDA Cabo Noval Nº 65 Plta/Piso 1 Pta/Letra C, piso 1, puerta C","postal_code":"11540","places":4,"units":3,"registered":"2019-03-21","catastro":"6347701QA3764E0006LE","holder":null,"holder_count":null}},{"type":"Feature","geometry":{"type":"Point","coordinates":[-6.350302,36.780371]},"properties":{"id":"VUT/CA/07068","type":"VUT","group":"Completa","address":"CALLE SANTO DOMINGO Nº 54","postal_code":"11540","places":11,"units":4,"registered":"2019-03-29","catastro":"6640801QA3763H0001TI","holder":null,"holder_count":null}},{"type":"Feature","geometry":{"type":"Point","coordinates":[-6.359062,36.777213]},"properties":{"id":"VUT/CA/07129","type":"VUT","group":"Completa","address":"AVENIDA Quinto centenario Nº 89 Compl.Dom. Edificio Reina Mercedes, 2ºC.","postal_code":"11540","places":6,"units":2,"registered":"2019-04-15","catastro":"5736825QA3753F0035TA","holder":"Akunadecor interiorismo, s.l.","holder_count":2}},{"type":"Feature","geometry":{"type":"Point","coordinates":[-6.388966,36.763848]},"properties":{"id":"VUT/CA/07152","type":"VUT","group":"Completa","address":"CAMINO LA JARA Nº s/n","postal_code":"11540","places":15,"units":5,"registered":"2019-04-17","catastro":"3021907QA3722A0001UR","holder":null,"holder_count":null}},{"type":"Feature","geometry":{"type":"Point","coordinates":[-6.348074,36.782779]},"properties":{"id":"VUT/CA/07170","type":"VUT","group":"Completa","address":"CALLE sargenta Nº 14 Pta/Letra 9, puerta 9","postal_code":"11540","places":6,"units":2,"registered":"2019-04-22","catastro":"6842326QA3764D0010KK","holder":null,"holder_count":null}},{"type":"Feature","geometry":{"type":"Point","coordinates":[-6.356366,36.78662]},"properties":{"id":"VUT/CA/07174","type":"VUT","group":"Completa","address":"CALLE Rodrigo de Triana Nº 8 Plta/Piso 1 Pta/Letra D, piso 1, puerta D","postal_code":"11540","places":8,"units":2,"registered":"2019-04-22","catastro":"6147111QA3764E0024JG","holder":null,"holder_count":null}},{"type":"Feature","geometry":{"type":"Point","coordinates":[-6.354815,36.769049]},"properties":{"id":"VUT/CA/07177","type":"VUT","group":"Completa","address":"PASEO JARDIN BOTANICO Portal 3 Plta/Piso 2 Pta/Letra A Compl.Dom. RESIDENCIAL ARACENA FASE 1, piso 2, puerta A","postal_code":"11540","places":5,"units":3,"registered":"2019-04-22","catastro":"6227101QA3762E0035XS","holder":null,"holder_count":null}},{"type":"Feature","geometry":{"type":"Point","coordinates":[-6.320851,36.796857]},"properties":{"id":"VUT/CA/07188","type":"VUT","group":"Completa","address":"CALLE DE HANS Nº 78 Blq. 4 Plta/Piso 1 Pta/Letra D Compl.Dom. SANLUCAR CLUB DE CAMPO, RESIDENCIAL FLAMENCOS GOLF, piso 1, puerta D","postal_code":"11540","places":6,"units":3,"registered":"2019-04-22","catastro":"9157903QA3795E0078WF","holder":null,"holder_count":null}},{"type":"Feature","geometry":{"type":"Point","coordinates":[-6.35445,36.775542]},"properties":{"id":"VUT/CA/07214","type":"VUT","group":"Completa","address":"CALLE caballeros Nº 13 Plta/Piso Bajo Pta/Letra 1, piso Bajo, puerta 1","postal_code":"11540","places":2,"units":1,"registered":"2019-04-22","catastro":"6234519QA3763C0020BX","holder":null,"holder_count":null}},{"type":"Feature","geometry":{"type":"Point","coordinates":[-6.347858,36.782301]},"properties":{"id":"VUT/CA/07221","type":"VUT","group":"Completa","address":"CALLE Barrameda Nº 16","postal_code":"11540","places":3,"units":1,"registered":"2019-04-22","catastro":"6842919QA3764B0002QK","holder":null,"holder_count":null}},{"type":"Feature","geometry":{"type":"Point","coordinates":[-6.349507,36.786583]},"properties":{"id":"VUT/CA/07250","type":"VUT","group":"Completa","address":"CALLE MASCARON DE PROA Nº 4 Blq. 1 Plta/Piso 2 Pta/Letra G, piso 2, puerta G","postal_code":"11540","places":5,"units":2,"registered":"2019-04-22","catastro":"6547606QA3764E0080WU","holder":null,"holder_count":null}},{"type":"Feature","geometry":{"type":"Point","coordinates":[-6.349091,36.788592]},"properties":{"id":"VUT/CA/07252","type":"VUT","group":"Completa","address":"CALLE ROSA DE LOS VIENTOS Nº 3 Plta/Piso BAJO Pta/Letra R, piso BAJO, puerta R","postal_code":"11540","places":5,"units":2,"registered":"2019-04-22","catastro":"6649801QA3764E0157WL","holder":null,"holder_count":null}},{"type":"Feature","geometry":{"type":"Point","coordinates":[-6.358176,36.784885]},"properties":{"id":"VUT/CA/07253","type":"VUT","group":"Completa","address":"AVENIDA CALZADA DUQUESA ISABEL URB LOS INFANTES Nº 58 Blq. 7 Plta/Piso 5 Pta/Letra 24, piso 5, puerta 24","postal_code":"11540","places":6,"units":2,"registered":"2019-04-22","catastro":"5945101QA3754D0123UR","holder":null,"holder_count":null}},{"type":"Feature","geometry":{"type":"Point","coordinates":[-6.347858,36.782301]},"properties":{"id":"VUT/CA/07270","type":"VUT","group":"Completa","address":"CALLE Barrameda Nº 10 Compl.Dom. Antigua Calle General Arizón, 10","postal_code":"11540","places":3,"units":1,"registered":"2019-04-23","catastro":"6842919QA3764B0002QK","holder":null,"holder_count":null}},{"type":"Feature","geometry":{"type":"Point","coordinates":[-6.355475,36.773439]},"properties":{"id":"VUT/CA/07314","type":"VUT","group":"Completa","address":"CALLE MOLINILLO 2ª Nº 8 Plta/Piso BAJA Pta/Letra 1CE, piso BAJA, puerta 1CE","postal_code":"11540","places":2,"units":1,"registered":"2019-04-23","catastro":"6132625QA3763A0031AS","holder":null,"holder_count":null}},{"type":"Feature","geometry":{"type":"Point","coordinates":[-6.363188,36.774262]},"properties":{"id":"VUT/CA/07333","type":"VUT","group":"Completa","address":"CALLE DE LA ALFORJA Nº 8 Calif.Nº 41 Portal 41 Pta/Letra 41, puerta 41","postal_code":"11540","places":10,"units":4,"registered":"2019-04-23","catastro":"5533756QA3753C0005KO","holder":null,"holder_count":null}},{"type":"Feature","geometry":{"type":"Point","coordinates":[-6.349507,36.786583]},"properties":{"id":"VUT/CA/07334","type":"VUT","group":"Completa","address":"CALLE MASCARÓN DE PROA Nº 4 Blq. 1 Plta/Piso 2º Pta/Letra A, piso 2º, puerta A","postal_code":"11540","places":5,"units":2,"registered":"2019-04-23","catastro":"6547606QA3764E0074XR","holder":null,"holder_count":null}},{"type":"Feature","geometry":{"type":"Point","coordinates":[-6.365813,36.777491]},"properties":{"id":"VUT/CA/07337","type":"VUT","group":"Completa","address":"AVENIDA 1498 Nº 12 Blq. 3 Plta/Piso 1 Pta/Letra 5, piso 1, puerta 5","postal_code":"11540","places":6,"units":3,"registered":"2019-04-23","catastro":"5236358QA3753E0024EJ","holder":null,"holder_count":null}},{"type":"Feature","geometry":{"type":"Point","coordinates":[-6.348203,36.782853]},"properties":{"id":"VUT/CA/07346","type":"VUT","group":"Completa","address":"CALLE SARGENTA Nº 7 Blq. B Esc. 1 Plta/Piso 2 Pta/Letra A Compl.Dom. EDIFICIO MÓNACO, piso 2, puerta A","postal_code":"11540","places":2,"units":1,"registered":"2019-04-23","catastro":"6843207QA3764D0011KL","holder":null,"holder_count":null}},{"type":"Feature","geometry":{"type":"Point","coordinates":[-6.354198,36.781373]},"properties":{"id":"VUT/CA/07349","type":"VUT","group":"Completa","address":"CALLE INFANTA BEATRIZ Nº 22 Plta/Piso 3 Pta/Letra 6, piso 3, puerta 6","postal_code":"11540","places":6,"units":3,"registered":"2019-04-23","catastro":"6241601QA3764A0031OY","holder":null,"holder_count":null}},{"type":"Feature","geometry":{"type":"Point","coordinates":[-6.354788,36.785859]},"properties":{"id":"VUT/CA/07351","type":"VUT","group":"Completa","address":"CALLE ZARZAMORA Nº 25","postal_code":"11540","places":3,"units":3,"registered":"2019-04-23","catastro":"6247782QA3764E0001YZ","holder":null,"holder_count":null}},{"type":"Feature","geometry":{"type":"Point","coordinates":[-6.354168,36.780879]},"properties":{"id":"VUT/CA/07379","type":"VUT","group":"Completa","address":"CALLE BANDA PLAYA Nº 34 Plta/Piso 1º Pta/Letra 8 Compl.Dom. EDIFICIO COLISEO, piso 1º, puerta 8","postal_code":"11540","places":6,"units":2,"registered":"2019-04-23","catastro":"6341102QA3764A0008XG","holder":"SUMINISTROS PUERTO BARRAMEDA,S.L","holder_count":1}},{"type":"Feature","geometry":{"type":"Point","coordinates":[-6.35635,36.780069]},"properties":{"id":"VUT/CA/07390","type":"VUT","group":"Completa","address":"CALLE DE LA BODEGA Nº 1 Esc. 4 Plta/Piso 01 Pta/Letra C, piso 01, puerta C","postal_code":"11540","places":6,"units":3,"registered":"2019-04-23","catastro":"6040812QA3753B0067SZ","holder":null,"holder_count":null}},{"type":"Feature","geometry":{"type":"Point","coordinates":[-6.354438,36.782981]},"properties":{"id":"VUT/CA/07393","type":"VUT","group":"Completa","address":"AVENIDA CERRO FALÓN Nº 39 Plta/Piso 4 Pta/Letra A, piso 4, puerta A","postal_code":"11540","places":5,"units":3,"registered":"2019-04-23","catastro":"6243906QA3764C0010GO","holder":null,"holder_count":null}},{"type":"Feature","geometry":{"type":"Point","coordinates":[-6.348992,36.781246]},"properties":{"id":"VUT/CA/07397","type":"VUT","group":"Por habitaciones","address":"CALLE Santo Domingo Nº 96","postal_code":"11540","places":2,"units":1,"registered":"2019-04-23","catastro":"6741618QA3764B0001TJ","holder":null,"holder_count":null}},{"type":"Feature","geometry":{"type":"Point","coordinates":[-6.353888,36.778975]},"properties":{"id":"VUT/CA/07419","type":"VUT","group":"Completa","address":"PLAZA CABILDO Portal 1 Plta/Piso 1 Pta/Letra A Compl.Dom. EDIFICIO ATENEO, piso 1, puerta A","postal_code":"11540","places":4,"units":2,"registered":"2019-04-23","catastro":"6338320qa3763g0003kq","holder":null,"holder_count":null}},{"type":"Feature","geometry":{"type":"Point","coordinates":[-6.349507,36.786583]},"properties":{"id":"VUT/CA/07420","type":"VUT","group":"Completa","address":"CALLE MASCARON DE PROA Nº 2 Blq. 2 Plta/Piso 3 Pta/Letra J Compl.Dom. RESIDENCIAL LA CAPILLITA R.3, piso 3, puerta J","postal_code":"11540","places":2,"units":1,"registered":"2019-04-23","catastro":"6547606QA3764E0113TP","holder":null,"holder_count":null}},{"type":"Feature","geometry":{"type":"Point","coordinates":[-6.320338,36.794685]},"properties":{"id":"VUT/CA/07447","type":"VUT","group":"Completa","address":"CALLE JUAN DE ACURIO Nº 705 Compl.Dom. LAS LOMAS DE MARTIN MIGUEL CLUB DE CAMPO","postal_code":"11540","places":7,"units":3,"registered":"2019-04-23","catastro":"9257220QA3795E0001OR","holder":null,"holder_count":null}},{"type":"Feature","geometry":{"type":"Point","coordinates":[-6.343741,36.782919]},"properties":{"id":"VUT/CA/07453","type":"VUT","group":"Por habitaciones","address":"CALLE ESTATUARIO Nº 8 Plta/Piso 3 Pta/Letra A, piso 3, puerta A","postal_code":"11540","places":3,"units":1,"registered":"2019-04-23","catastro":"7143702QA3774C0011HF","holder":null,"holder_count":null}},{"type":"Feature","geometry":{"type":"Point","coordinates":[-6.326738,36.796307]},"properties":{"id":"VUT/CA/07493","type":"VUT","group":"Completa","address":"CAMINO Martin Miguel Nº 1","postal_code":"11540","places":15,"units":5,"registered":"2019-04-25","catastro":"11032A022002810001ME","holder":null,"holder_count":null}},{"type":"Feature","geometry":{"type":"Point","coordinates":[-6.353431,36.774373]},"properties":{"id":"VUT/CA/07495","type":"VUT","group":"Completa","address":"CALLE TRILLO Nº 8 Portal 2 Plta/Piso BAJO Pta/Letra A, piso BAJO, puerta A","postal_code":"11540","places":5,"units":3,"registered":"2019-04-25","catastro":"6333423QA3763C0023GW","holder":null,"holder_count":null}},{"type":"Feature","geometry":{"type":"Point","coordinates":[-6.351128,36.783418]},"properties":{"id":"VUT/CA/07522","type":"VUT","group":"Completa","address":"CALLE CINE PASTORA Portal 1 Plta/Piso BAJO Pta/Letra C, piso BAJO, puerta C","postal_code":"11540","places":6,"units":3,"registered":"2019-04-30","catastro":"6543303QA3764C0090LL","holder":null,"holder_count":null}},{"type":"Feature","geometry":{"type":"Point","coordinates":[-6.370839,36.774189]},"properties":{"id":"VUT/CA/07539","type":"VUT","group":"Completa","address":"AVENIDA CABO NOVAL Nº 3 Esc. 1 Plta/Piso 3 Pta/Letra C, piso 3, puerta C","postal_code":"11540","places":4,"units":2,"registered":"2019-05-02","catastro":"4832309QA3743A0001DY","holder":null,"holder_count":null}},{"type":"Feature","geometry":{"type":"Point","coordinates":[-6.355849,36.77561]},"properties":{"id":"VUT/CA/07541","type":"VUT","group":"Completa","address":"CALLE GANADO Nº 31-33 Plta/Piso ATICO Pta/Letra A, piso ATICO, puerta A","postal_code":"11540","places":6,"units":2,"registered":"2019-05-02","catastro":"6135906QA3763C0021YM","holder":null,"holder_count":null}},{"type":"Feature","geometry":{"type":"Point","coordinates":[-6.352199,36.774155]},"properties":{"id":"VUT/CA/07547","type":"VUT","group":"Completa","address":"CALLE SAN AGUSTIN Nº 1 Plta/Piso BAJO Pta/Letra B, piso BAJO, puerta B","postal_code":"11540","places":4,"units":2,"registered":"2019-05-03","catastro":"6534125QA3763C0036BS","holder":null,"holder_count":null}},{"type":"Feature","geometry":{"type":"Point","coordinates":[-6.347121,36.783927]},"properties":{"id":"VUT/CA/07552","type":"VUT","group":"Completa","address":"CALLE RUBIÑOS Nº 23 Esc. 1 Plta/Piso 2 Pta/Letra A, piso 2, puerta A","postal_code":"11540","places":6,"units":2,"registered":"2019-05-03","catastro":"6944204QA3764D0008AL","holder":null,"holder_count":null}},{"type":"Feature","geometry":{"type":"Point","coordinates":[-6.349016,36.773544]},"properties":{"id":"VUT/CA/07555","type":"VUT","group":"Completa","address":"CALLE PALOMAR Nº 9 Plta/Piso 2 Pta/Letra C, piso 2, puerta C","postal_code":"11540","places":6,"units":2,"registered":"2019-05-04","catastro":"6733508QA3763D0015HY","holder":null,"holder_count":null}},{"type":"Feature","geometry":{"type":"Point","coordinates":[-6.352848,36.775259]},"properties":{"id":"VUT/CA/07563","type":"VUT","group":"Completa","address":"PLAZA DE LA PAZ Nº 15 Blq. 3 Plta/Piso 2 Pta/Letra C, piso 2, puerta C","postal_code":"11540","places":4,"units":1,"registered":"2019-05-06","catastro":"6435805QA3763C0023JW","holder":null,"holder_count":null}},{"type":"Feature","geometry":{"type":"Point","coordinates":[-6.352982,36.77541]},"properties":{"id":"VUT/CA/07603","type":"VUT","group":"Completa","address":"PLAZA DE LA PAZ, ED. PRINCIPE Blq. 4 Plta/Piso BJ Pta/Letra B, piso BJ, puerta B","postal_code":"11540","places":5,"units":3,"registered":"2019-05-08","catastro":"6435808QA3763C0008SH","holder":null,"holder_count":null}},{"type":"Feature","geometry":{"type":"Point","coordinates":[-6.354396,36.784196]},"properties":{"id":"VUT/CA/07616","type":"VUT","group":"Completa","address":"CALLE PIO XII, Calif.Nº 19 Plta/Piso 2 Pta/Letra B, piso 2, puerta B","postal_code":"11540","places":5,"units":3,"registered":"2019-05-10","catastro":"6244639QA3764C0007JO","holder":null,"holder_count":null}},{"type":"Feature","geometry":{"type":"Point","coordinates":[-6.360735,36.782148]},"properties":{"id":"VUT/CA/07649","type":"VUT","group":"Completa","address":"AVENIDA Las Piletas Nº 20 Compl.Dom. Esquina Plaza Clara Campo Amor Rodríguez","postal_code":"11540","places":6,"units":3,"registered":"2019-05-14","catastro":"5742206QA3754B0007ZL","holder":"ZELOS COSMETICS S.L.","holder_count":2}},{"type":"Feature","geometry":{"type":"Point","coordinates":[-6.352233,36.777459]},"properties":{"id":"VUT/CA/07740","type":"VUT","group":"Completa","address":"CALLE CARMEN VIEJO Nº 26-28 Blq. 1 Portal 1 Plta/Piso 1 Pta/Letra D Compl.Dom. RESIDENCIAL JARDINES DE LA DUQUESA, piso 1, puerta D","postal_code":"11540","places":4,"units":4,"registered":"2019-05-23","catastro":"6436918QA3763E0086ML","holder":"LEAD GENERATION COMPANY SPAIN, S.L.","holder_count":8}},{"type":"Feature","geometry":{"type":"Point","coordinates":[-6.347275,36.785204]},"properties":{"id":"VUT/CA/07751","type":"VUT","group":"Completa","address":"CALLE BOLSA Nº 175 Esc. 1 Pta/Letra B, puerta B","postal_code":"11540","places":4,"units":2,"registered":"2019-05-24","catastro":"6845538QA3764F0004RP","holder":null,"holder_count":null}},{"type":"Feature","geometry":{"type":"Point","coordinates":[-6.361604,36.780969]},"properties":{"id":"VUT/CA/07756","type":"VUT","group":"Completa","address":"AVENIDA DE LAS PILETAS Nº 51 Blq. 1 Portal 2 Plta/Piso 3 Pta/Letra A Compl.Dom. CONJUNTO RESIDENCIAL PARQUE DOÑANA, piso 3, puerta A","postal_code":"11540","places":5,"units":2,"registered":"2019-05-24","catastro":"5639397QA3753G0029RJ","holder":null,"holder_count":null}},{"type":"Feature","geometry":{"type":"Point","coordinates":[-6.358419,36.762594]},"properties":{"id":"VUT/CA/07766","type":"VUT","group":"Completa","address":"CALLE Andalucia Nº 13","postal_code":"11540","places":10,"units":3,"registered":"2019-05-27","catastro":"5919916QA3751H0001BH","holder":null,"holder_count":null}},{"type":"Feature","geometry":{"type":"Point","coordinates":[-6.352233,36.777459]},"properties":{"id":"VUT/CA/07770","type":"VUT","group":"Completa","address":"CALLE CARMEN VIEJO Nº 26-28 Blq. 2 Portal 2 Plta/Piso BAJO Pta/Letra B Compl.Dom. RESIDENCIAL JARDINES DE LA DUQUESA, piso BAJO, puerta B","postal_code":"11540","places":4,"units":4,"registered":"2019-05-27","catastro":"6436918QA3763E0074FP","holder":"LEAD GENERATION COMPANY SPAIN, S.L.","holder_count":8}},{"type":"Feature","geometry":{"type":"Point","coordinates":[-6.350512,36.786239]},"properties":{"id":"VUT/CA/07855","type":"VUT","group":"Completa","address":"CALLE REAL FERNANDO Nº 4 Blq. 2 Plta/Piso 2º Pta/Letra I, piso 2º, puerta I","postal_code":"11540","places":4,"units":1,"registered":"2019-06-03","catastro":"6546403QA3764E0115DS","holder":null,"holder_count":null}},{"type":"Feature","geometry":{"type":"Point","coordinates":[-6.366623,36.777621]},"properties":{"id":"VUT/CA/07861","type":"VUT","group":"Completa","address":"PLAZA DE LOS AZAHARES Nº 1 Esc. 3 Plta/Piso 2 Pta/Letra B, piso 2, puerta B","postal_code":"11540","places":5,"units":2,"registered":"2019-06-04","catastro":"5236320qa3753e0014ap","holder":null,"holder_count":null}},{"type":"Feature","geometry":{"type":"Point","coordinates":[-6.351591,36.772671]},"properties":{"id":"VUT/CA/07871","type":"VUT","group":"Completa","address":"CALLE COMISARIO Nº 17 Esc. 1 Plta/Piso 2 Pta/Letra 27, piso 2, puerta 27","postal_code":"11540","places":6,"units":2,"registered":"2019-06-04","catastro":"6631322QA3763A0055FU","holder":null,"holder_count":null}},{"type":"Feature","geometry":{"type":"Point","coordinates":[-6.351352,36.775499]},"properties":{"id":"VUT/CA/07927","type":"VUT","group":"Completa","address":"CALLE CRISTO DE LAS AGUAS Nº 3 Plta/Piso 2 Pta/Letra C Compl.Dom. EDF. ABUELA DOLORES, piso 2, puerta C","postal_code":"11540","places":5,"units":2,"registered":"2019-06-07","catastro":"6534504QA3763D0020EI","holder":null,"holder_count":null}},{"type":"Feature","geometry":{"type":"Point","coordinates":[-6.355346,36.774388]},"properties":{"id":"VUT/CA/07933","type":"VUT","group":"Completa","address":"CALLE SEBASTIAN ELCANO Nº 2 Esc. 1 Plta/Piso 3 Pta/Letra E, piso 3, puerta E","postal_code":"11540","places":4,"units":1,"registered":"2019-06-10","catastro":"6133728QA3753D0035TH","holder":null,"holder_count":null}},{"type":"Feature","geometry":{"type":"Point","coordinates":[-6.345939,36.784779]},"properties":{"id":"VUT/CA/08007","type":"VUT","group":"Completa","address":"CALLE CORTINAR Nº 3 Plta/Piso 1 Pta/Letra B Compl.Dom. EDIFICIO LA ESPERANZA, piso 1, puerta B","postal_code":"11540","places":6,"units":2,"registered":"2019-06-14","catastro":"7045202QA3764F0004PP","holder":null,"holder_count":null}},{"type":"Feature","geometry":{"type":"Point","coordinates":[-6.351817,36.784751]},"properties":{"id":"VUT/CA/08015","type":"VUT","group":"Completa","address":"AVENIDA Cabo Noval Nº 32 Portal 7 Plta/Piso 1 Pta/Letra A, piso 1, puerta A","postal_code":"11540","places":4,"units":2,"registered":"2019-06-15","catastro":"6444604QA3764C0003HT","holder":null,"holder_count":null}},{"type":"Feature","geometry":{"type":"Point","coordinates":[-6.353821,36.779527]},"properties":{"id":"VUT/CA/08064","type":"VUT","group":"Por habitaciones","address":"CALLE Bolsa Nº 6","postal_code":"11540","places":6,"units":3,"registered":"2019-06-20","catastro":"6339813QA3763G0003UQ","holder":null,"holder_count":null}},{"type":"Feature","geometry":{"type":"Point","coordinates":[-6.36261,36.781846]},"properties":{"id":"VUT/CA/08084","type":"VUT","group":"Completa","address":"CALLE FERNANDO MAGALLANES Nº 18 Plta/Piso 2 Pta/Letra C, piso 2, puerta C","postal_code":"11540","places":4,"units":2,"registered":"2019-06-21","catastro":"5441701QA3754A0043HA","holder":null,"holder_count":null}},{"type":"Feature","geometry":{"type":"Point","coordinates":[-6.353646,36.780197]},"properties":{"id":"VUT/CA/08085","type":"VUT","group":"Completa","address":"CALLE TRASBOLSA Nº 4 Plta/Piso BAJO Pta/Letra A, piso BAJO, puerta A","postal_code":"11540","places":6,"units":3,"registered":"2019-06-21","catastro":"6340811QA3763G0010YT","holder":null,"holder_count":null}},{"type":"Feature","geometry":{"type":"Point","coordinates":[-6.352285,36.776166]},"properties":{"id":"VUT/CA/08086","type":"VUT","group":"Completa","address":"CALLE LUIS DE EGUILAZ Nº 17","postal_code":"11540","places":6,"units":3,"registered":"2019-06-21","catastro":"6436928QA3763E0001WR","holder":null,"holder_count":null}},{"type":"Feature","geometry":{"type":"Point","coordinates":[-6.351801,36.782958]},"properties":{"id":"VUT/CA/08100","type":"VUT","group":"Completa","address":"CALLE BANDA PLAYA Nº 4 Plta/Piso BAJO Pta/Letra D Compl.Dom. EDIFICIO VELASCO, piso BAJO, puerta D","postal_code":"11540","places":6,"units":3,"registered":"2019-06-24","catastro":"6543318qa3764c0003zt","holder":null,"holder_count":null}},{"type":"Feature","geometry":{"type":"Point","coordinates":[-6.351483,36.783809]},"properties":{"id":"VUT/CA/08111","type":"VUT","group":"Completa","address":"CALLE CORREO EDIFICIO PASTORA Nº 22 Blq. 3 Plta/Piso 6 Pta/Letra I, piso 6, puerta I","postal_code":"11540","places":6,"units":3,"registered":"2019-06-26","catastro":"6543328QA3764C0069JU","holder":null,"holder_count":null}},{"type":"Feature","geometry":{"type":"Point","coordinates":[-6.350233,36.779932]},"properties":{"id":"VUT/CA/08115","type":"VUT","group":"Completa","address":"CALLE DON CLAUDIO Nº 9","postal_code":"11540","places":10,"units":4,"registered":"2019-06-25","catastro":"6640818QA3763H0001HI","holder":null,"holder_count":null}},{"type":"Feature","geometry":{"type":"Point","coordinates":[-6.357941,36.778945]},"properties":{"id":"VUT/CA/08170","type":"VUT","group":"Completa","address":"PLAZA DE LAS INFANTAS Nº 17 Plta/Piso 3 Pta/Letra B, piso 3, puerta B","postal_code":"11540","places":6,"units":2,"registered":"2019-06-29","catastro":"5939295QA3753H0065TR","holder":null,"holder_count":null}},{"type":"Feature","geometry":{"type":"Point","coordinates":[-6.353971,36.783217]},"properties":{"id":"VUT/CA/08198","type":"VUT","group":"Completa","address":"AVENIDA GUADALQUIVIR Nº 21 Plta/Piso 2, piso 2","postal_code":"11540","places":6,"units":3,"registered":"2019-07-02","catastro":"6243507QA3764C0002ER","holder":null,"holder_count":null}},{"type":"Feature","geometry":{"type":"Point","coordinates":[-6.362022,36.782226]},"properties":{"id":"VUT/CA/08224","type":"VUT","group":"Completa","address":"CALLE SIMON DE ROJAS CLEMENTE Nº 3 Esc. 1 Plta/Piso 2 Pta/Letra C, piso 2, puerta C","postal_code":"11540","places":4,"units":2,"registered":"2019-07-04","catastro":"5542704QA3754B0025TI","holder":null,"holder_count":null}},{"type":"Feature","geometry":{"type":"Point","coordinates":[-6.349091,36.788592]},"properties":{"id":"VUT/CA/08230","type":"VUT","group":"Completa","address":"CALLE ROSA DE LOS VIENTOS Nº 3 Plta/Piso BJ Pta/Letra Q, piso BJ, puerta Q","postal_code":"11540","places":4,"units":2,"registered":"2019-07-04","catastro":"6649801QA3764E0156QK","holder":null,"holder_count":null}},{"type":"Feature","geometry":{"type":"Point","coordinates":[-6.355562,36.78418]},"properties":{"id":"VUT/CA/08243","type":"VUT","group":"Completa","address":"AVENIDA Cerro Falón Nº 55 Plta/Piso 3 Pta/Letra C Compl.Dom. Edificio Almirante II, piso 3, puerta C","postal_code":"11540","places":6,"units":3,"registered":"2019-07-05","catastro":"6144506QA3764C0033YE","holder":null,"holder_count":null}},{"type":"Feature","geometry":{"type":"Point","coordinates":[-6.353002,36.779473]},"properties":{"id":"VUT/CA/08305","type":"VUT","group":"Completa","address":"CALLE CASTELAR Nº 2-4-6 Pta/Letra 2 Compl.Dom. EDIFICIO EL TEATRO, puerta 2","postal_code":"11540","places":4,"units":2,"registered":"2019-07-15","catastro":"6439223QA3763G0002FM","holder":null,"holder_count":null}},{"type":"Feature","geometry":{"type":"Point","coordinates":[-6.353133,36.777303]},"properties":{"id":"VUT/CA/08307","type":"VUT","group":"Completa","address":"CALLE CARMEN VIEJO Nº 12 Plta/Piso 4º Pta/Letra C, piso 4º, puerta C","postal_code":"11540","places":4,"units":2,"registered":"2019-07-16","catastro":"6436912QA3763E0020DJ","holder":null,"holder_count":null}},{"type":"Feature","geometry":{"type":"Point","coordinates":[-6.347882,36.783319]},"properties":{"id":"VUT/CA/08309","type":"VUT","group":"Completa","address":"CALLE RUBIÑOS Nº 16 Plta/Piso 1, piso 1","postal_code":"11540","places":4,"units":1,"registered":"2019-07-16","catastro":"6843201QA3764D0001ES","holder":null,"holder_count":null}},{"type":"Feature","geometry":{"type":"Point","coordinates":[-6.353603,36.781677]},"properties":{"id":"VUT/CA/08316","type":"VUT","group":"Completa","address":"CALLE Infanta Beatriz Nº 32 Plta/Piso 4 Pta/Letra B, piso 4, puerta B","postal_code":"11540","places":6,"units":3,"registered":"2019-07-16","catastro":"6341901QA3764A0022UM","holder":null,"holder_count":null}},{"type":"Feature","geometry":{"type":"Point","coordinates":[-6.347717,36.782706]},"properties":{"id":"VUT/CA/08412","type":"VUT","group":"Completa","address":"CALLE BARRAMEDA Nº 19-21 Plta/Piso ATICO Pta/Letra D, piso ATICO, puerta D","postal_code":"11540","places":4,"units":2,"registered":"2019-07-26","catastro":"6842335QA3764D0036MG","holder":null,"holder_count":null}},{"type":"Feature","geometry":{"type":"Point","coordinates":[-6.320849,36.788525]},"properties":{"id":"VUT/CA/08432","type":"VUT","group":"Completa","address":"CALLE NICOLAS DE NAPOLES Nº 42","postal_code":"11540","places":10,"units":5,"registered":"2019-07-30","catastro":"9248342QA3794G0001ST","holder":null,"holder_count":null}},{"type":"Feature","geometry":{"type":"Point","coordinates":[-6.34513,36.783544]},"properties":{"id":"VUT/CA/08539","type":"VUT","group":"Completa","address":"AVENIDA San Francisco Nº 34","postal_code":"11540","places":2,"units":1,"registered":"2019-08-09","catastro":"7144133qa3774c0001ru","holder":null,"holder_count":null}},{"type":"Feature","geometry":{"type":"Point","coordinates":[-6.347973,36.789201]},"properties":{"id":"VUT/CA/08551","type":"VUT","group":"Completa","address":"CALLE San Telmo Nº 12 Plta/Piso bajo Pta/Letra C, piso bajo, puerta C","postal_code":"11540","places":4,"units":2,"registered":"2019-08-12","catastro":"6749601QA3764E0105kt","holder":null,"holder_count":null}},{"type":"Feature","geometry":{"type":"Point","coordinates":[-6.370961,36.775261]},"properties":{"id":"VUT/CA/08568","type":"VUT","group":"Completa","address":"CALLE CRUCERO Pta/Letra 6 Compl.Dom. FASE II BAJO 6, puerta 6","postal_code":"11540","places":4,"units":1,"registered":"2019-08-14","catastro":"4832321QA3743A0044YF","holder":null,"holder_count":null}},{"type":"Feature","geometry":{"type":"Point","coordinates":[-6.361238,36.772282]},"properties":{"id":"VUT/CA/08630","type":"VUT","group":"Completa","address":"CALLE Obispo Fray Félix María de Cádiz Nº 4","postal_code":"11540","places":6,"units":2,"registered":"2019-08-22","catastro":"5730231QA3753B0003QZ","holder":null,"holder_count":null}},{"type":"Feature","geometry":{"type":"Point","coordinates":[-6.353635,36.786852]},"properties":{"id":"VUT/CA/08653","type":"VUT","group":"Completa","address":"CALLE orfeon santa cecilia Blq. 2 Plta/Piso 2 Pta/Letra d, piso 2, puerta d","postal_code":"11540","places":7,"units":4,"registered":"2019-08-26","catastro":"6247803QA3764E0028LL","holder":null,"holder_count":null}},{"type":"Feature","geometry":{"type":"Point","coordinates":[-6.351199,36.77758]},"properties":{"id":"VUT/CA/08698","type":"VUT","group":"Completa","address":"URBANIZACION MIRADOR SANTIAGO Pta/Letra 14 Compl.Dom. NUCLEO 3, puerta 14","postal_code":"11540","places":6,"units":2,"registered":"2019-09-03","catastro":"6537626QA3763F0016RW","holder":null,"holder_count":null}},{"type":"Feature","geometry":{"type":"Point","coordinates":[-6.362986,36.780503]},"properties":{"id":"VUT/CA/08708","type":"VUT","group":"Completa","address":"AVENIDA Las Piletas Nº 32 Plta/Piso 1 Pta/Letra F, piso 1, puerta F","postal_code":"11540","places":4,"units":1,"registered":"2019-09-04","catastro":"5440605QA3756A0006KB","holder":null,"holder_count":null}},{"type":"Feature","geometry":{"type":"Point","coordinates":[-6.367969,36.776689]},"properties":{"id":"VUT/CA/08747","type":"VUT","group":"Completa","address":"AVENIDA 1498 Nº 18 Blq. 7 Portal 3 Plta/Piso bajo Pta/Letra e, piso bajo, puerta e","postal_code":"11540","places":6,"units":3,"registered":"2019-09-11","catastro":"5236355QA3753E0098YQ","holder":"EXCELLENCE PRIVATE","holder_count":1}},{"type":"Feature","geometry":{"type":"Point","coordinates":[-6.365813,36.777491]},"properties":{"id":"VUT/CA/08761","type":"VUT","group":"Completa","address":"CALLE 1498 Nº 10 Plta/Piso 1 Pta/Letra 1, piso 1, puerta 1","postal_code":"11540","places":7,"units":3,"registered":"2019-09-18","catastro":"5236358QA3753E0005DR","holder":null,"holder_count":null}},{"type":"Feature","geometry":{"type":"Point","coordinates":[-6.345138,36.782644]},"properties":{"id":"VUT/CA/08794","type":"VUT","group":"Por habitaciones","address":"CALLE Albero Nº 12 Blq. 3 Plta/Piso bajo Pta/Letra c, piso bajo, puerta c","postal_code":"11540","places":4,"units":2,"registered":"2019-09-26","catastro":"7141686QA3774A0003IF","holder":null,"holder_count":null}},{"type":"Feature","geometry":{"type":"Point","coordinates":[-6.358113,36.773352]},"properties":{"id":"VUT/CA/08802","type":"VUT","group":"Completa","address":"PASAJE Los conquistadores. Portal 5 Plta/Piso 2º Pta/Letra B Compl.Dom. Edificio los conquistadores., piso 2º, puerta B","postal_code":"11540","places":8,"units":3,"registered":"2019-09-29","catastro":"5732423QA3753D0059GA","holder":"Akunadecor interiorismo, s.l.","holder_count":2}},{"type":"Feature","geometry":{"type":"Point","coordinates":[-6.344904,36.783714]},"properties":{"id":"VUT/CA/08853","type":"VUT","group":"Por habitaciones","address":"AVENIDA San Francisco","postal_code":"11540","places":5,"units":3,"registered":"2019-10-08","catastro":"7144150QA3774C0006HS","holder":null,"holder_count":null}},{"type":"Feature","geometry":{"type":"Point","coordinates":[-6.350635,36.772931]},"properties":{"id":"VUT/CA/08875","type":"VUT","group":"Completa","address":"CALLE MESON DEL DUQUE Nº 37 Plta/Piso ATICO Pta/Letra D, piso ATICO, puerta D","postal_code":"11540","places":8,"units":4,"registered":"2019-10-14","catastro":"6632824QA3763B0022PG","holder":"GRANADA FANTASY S.L.","holder_count":2}},{"type":"Feature","geometry":{"type":"Point","coordinates":[-6.355489,36.779165]},"properties":{"id":"VUT/CA/08877","type":"VUT","group":"Completa","address":"CALLE RUIZ DE SOMAVIA Nº 16 Esc. 01 Plta/Piso 01 Pta/Letra B1, piso 01, puerta B1","postal_code":"11540","places":8,"units":4,"registered":"2019-10-14","catastro":"6239102QA3763G0039AT","holder":"GRANADA FANTASY S.L.","holder_count":2}},{"type":"Feature","geometry":{"type":"Point","coordinates":[-6.353726,36.773974]},"properties":{"id":"VUT/CA/08888","type":"VUT","group":"Completa","address":"CALLE DESCALZAS Nº 18 Plta/Piso 2 Compl.Dom. EDIFICIO PALACIO DE GODOY, piso 2","postal_code":"11540","places":5,"units":2,"registered":"2019-10-15","catastro":"6333607QA3763C0002PP","holder":null,"holder_count":null}},{"type":"Feature","geometry":{"type":"Point","coordinates":[-6.346948,36.789488]},"properties":{"id":"VUT/CA/08902","type":"VUT","group":"Completa","address":"CALLE BARRA DEL RIO Nº 2 Blq. 1 Plta/Piso 2ª Pta/Letra A, piso 2ª, puerta A","postal_code":"11540","places":6,"units":3,"registered":"2019-10-18","catastro":"6850801QA3764E0017FA","holder":null,"holder_count":null}},{"type":"Feature","geometry":{"type":"Point","coordinates":[-6.357837,36.777492]},"properties":{"id":"VUT/CA/08952","type":"VUT","group":"Completa","address":"CALLE Padre Aldama y Pruaño Nº 2 Compl.Dom. apartamento 16","postal_code":"11540","places":4,"units":2,"registered":"2019-10-23","catastro":"5937808QA3753F0052ZX","holder":null,"holder_count":null}},{"type":"Feature","geometry":{"type":"Point","coordinates":[-6.364475,36.779405]},"properties":{"id":"VUT/CA/08986","type":"VUT","group":"Completa","address":"AVENIDA De las Piletas Nº 48 Portal 3 Compl.Dom. Duplex las dunas","postal_code":"11540","places":6,"units":3,"registered":"2019-10-24","catastro":"5339704QA3766G0003TY","holder":null,"holder_count":null}},{"type":"Feature","geometry":{"type":"Point","coordinates":[-6.350936,36.780147]},"properties":{"id":"VUT/CA/08988","type":"VUT","group":"Por habitaciones","address":"CALLE SANTO DOMINGO Nº 21 Plta/Piso 2 Pta/Letra F, piso 2, puerta F","postal_code":"11540","places":6,"units":3,"registered":"2019-10-24","catastro":"6540803QA3763H0006DD","holder":null,"holder_count":null}},{"type":"Feature","geometry":{"type":"Point","coordinates":[-6.348495,36.787306]},"properties":{"id":"VUT/CA/08991","type":"VUT","group":"Completa","address":"CALLE CAPILLITA DEL CARMEN Nº 2 Blq. 1 Plta/Piso BAJO Pta/Letra H, piso BAJO, puerta H","postal_code":"11540","places":4,"units":2,"registered":"2019-10-25","catastro":"6748701QA3764E0171HR","holder":null,"holder_count":null}},{"type":"Feature","geometry":{"type":"Point","coordinates":[-6.320851,36.796857]},"properties":{"id":"VUT/CA/09050","type":"VUT","group":"Completa","address":"CALLE JUAN DE ACURIO Nº 901 Blq. 2 Portal 4 Plta/Piso 1º Pta/Letra G Compl.Dom. LOMAS DE MARTÍN MIGUEL/ SANLÚCAR CLUB DE GOLF, piso 1º, puerta G","postal_code":"11540","places":4,"units":2,"registered":"2019-10-29","catastro":"9157903QA3795E0081WF","holder":null,"holder_count":null}},{"type":"Feature","geometry":{"type":"Point","coordinates":[-6.354549,36.78312]},"properties":{"id":"VUT/CA/09204","type":"VUT","group":"Completa","address":"AVENIDA CERRO FALON Nº 43 Plta/Piso 1º Pta/Letra C, piso 1º, puerta C","postal_code":"11540","places":6,"units":3,"registered":"2019-11-20","catastro":"6243905QA3764C0005RU","holder":null,"holder_count":null}},{"type":"Feature","geometry":{"type":"Point","coordinates":[-6.393183,36.761914]},"properties":{"id":"VUT/CA/09206","type":"VUT","group":"Completa","address":"CAMINO MARBELLA Nº 15B Compl.Dom. CAMINO DE LA REYERTA BUZÓN 15, CASA 15B","postal_code":"11540","places":6,"units":3,"registered":"2019-11-20","catastro":"2718901QA3721G0001XK","holder":null,"holder_count":null}},{"type":"Feature","geometry":{"type":"Point","coordinates":[-6.350111,36.787673]},"properties":{"id":"VUT/CA/09234","type":"VUT","group":"Completa","address":"CALLE CIBELES Nº 2","postal_code":"11540","places":5,"units":4,"registered":"2019-11-21","catastro":"6547604QA3764E0046II","holder":null,"holder_count":null}},{"type":"Feature","geometry":{"type":"Point","coordinates":[-6.351825,36.785742]},"properties":{"id":"VUT/CA/09235","type":"VUT","group":"Completa","address":"CALLE PINTOR ALONSO CANO Esc. 1","postal_code":"11540","places":5,"units":4,"registered":"2019-11-21","catastro":"6346102QA3764E0025SH","holder":null,"holder_count":null}},{"type":"Feature","geometry":{"type":"Point","coordinates":[-6.35098,36.777746]},"properties":{"id":"VUT/CA/09255","type":"VUT","group":"Completa","address":"CALLE CARRIL DE LOS ANGELES Portal 3 Pta/Letra 12 Compl.Dom. CONJUNTO MIRADOR DE SANTIAGO, puerta 12","postal_code":"11540","places":5,"units":3,"registered":"2019-11-22","catastro":"6537606QA3763F0224RD","holder":null,"holder_count":null}},{"type":"Feature","geometry":{"type":"Point","coordinates":[-6.351059,36.775755]},"properties":{"id":"VUT/CA/09314","type":"VUT","group":"Completa","address":"CALLE ALBAICIN Nº 2 Esc. A Plta/Piso BAJO Pta/Letra 1, piso BAJO, puerta 1","postal_code":"11540","places":2,"units":1,"registered":"2019-11-27","catastro":"6534501QA3763D0074GQ","holder":null,"holder_count":null}},{"type":"Feature","geometry":{"type":"Point","coordinates":[-6.352475,36.782724]},"properties":{"id":"VUT/CA/09322","type":"VUT","group":"Completa","address":"AVENIDA CABO NOVAL Nº 9 Plta/Piso PRIMERO Compl.Dom. EDIFICIO ALMIJAR, piso PRIMERO","postal_code":"11540","places":6,"units":3,"registered":"2019-11-27","catastro":"6443106QA3764C0002IR","holder":null,"holder_count":null}},{"type":"Feature","geometry":{"type":"Point","coordinates":[-6.340128,36.784835]},"properties":{"id":"VUT/CA/09406","type":"VUT","group":"Completa","address":"CALLE GAMo Nº 7","postal_code":"11540","places":8,"units":4,"registered":"2019-12-03","catastro":"7445275QA3774E0001YW","holder":null,"holder_count":null}},{"type":"Feature","geometry":{"type":"Point","coordinates":[-6.374224,36.773025]},"properties":{"id":"VUT/CA/09412","type":"VUT","group":"Completa","address":"CALLE VELERO Nº 32 Compl.Dom. URBANIZACION ESPIRITU SANTO","postal_code":"11540","places":8,"units":4,"registered":"2019-12-04","catastro":"4531401QA3733B0010HJ","holder":null,"holder_count":null}},{"type":"Feature","geometry":{"type":"Point","coordinates":[-6.359979,36.783859]},"properties":{"id":"VUT/CA/09428","type":"VUT","group":"Completa","address":"CALLE FERNANDO DE MAGALLANES Nº 4 Pta/Letra IYE Compl.Dom. DUPLEX, puerta IYE","postal_code":"11540","places":8,"units":4,"registered":"2019-12-09","catastro":"5743407QA3754D0002GO","holder":null,"holder_count":null}},{"type":"Feature","geometry":{"type":"Point","coordinates":[-6.353646,36.780197]},"properties":{"id":"VUT/CA/09475","type":"VUT","group":"Completa","address":"CALLE TRASBOLSA Nº 4 Esc. 1 Plta/Piso BJ Pta/Letra D, piso BJ, puerta D","postal_code":"11540","places":6,"units":3,"registered":"2019-12-12","catastro":"6340811QA3763G0004EW","holder":null,"holder_count":null}},{"type":"Feature","geometry":{"type":"Point","coordinates":[-6.367969,36.776689]},"properties":{"id":"VUT/CA/09482","type":"VUT","group":"Completa","address":"CALLE TEMPLO DEL LUCERO Blq. 18 Portal 5 Plta/Piso 2 Pta/Letra A Compl.Dom. EDIFICIO TERRAZAS DE DOÑANA, piso 2, puerta A","postal_code":"11540","places":4,"units":2,"registered":"2019-12-13","catastro":"5236355QA3753E0071IE","holder":null,"holder_count":null}},{"type":"Feature","geometry":{"type":"Point","coordinates":[-6.350507,36.782159]},"properties":{"id":"VUT/CA/09484","type":"VUT","group":"Completa","address":"CALLE LA BOLSA Nº 70","postal_code":"11540","places":5,"units":2,"registered":"2019-12-13","catastro":"6641953QA3764B0005YZ","holder":null,"holder_count":null}},{"type":"Feature","geometry":{"type":"Point","coordinates":[-6.361238,36.772282]},"properties":{"id":"VUT/CA/09493","type":"VUT","group":"Completa","address":"CALLE Obispo Fray Félix María de Cádiz Nº 4","postal_code":"11540","places":6,"units":2,"registered":"2019-12-15","catastro":"5730231QA3753B0003QZ","holder":null,"holder_count":null}},{"type":"Feature","geometry":{"type":"Point","coordinates":[-6.36063,36.772179]},"properties":{"id":"VUT/CA/09524","type":"VUT","group":"Completa","address":"CALLE FRAY ISIDORO DE SEVILLA Nº 3 Esc. 1 Plta/Piso 0 Pta/Letra 3, piso 0, puerta 3","postal_code":"11540","places":4,"units":1,"registered":"2019-12-17","catastro":"5730252QA3753B0055SS","holder":null,"holder_count":null}},{"type":"Feature","geometry":{"type":"Point","coordinates":[-6.352664,36.78162]},"properties":{"id":"VUT/CA/09551","type":"VUT","group":"Completa","address":"CALLE BANDA PLAYA Nº 15","postal_code":"11540","places":4,"units":1,"registered":"2019-12-20","catastro":"6441302QA3763G0004KW","holder":null,"holder_count":null}},{"type":"Feature","geometry":{"type":"Point","coordinates":[-6.362648,36.780312]},"properties":{"id":"VUT/CA/09553","type":"VUT","group":"Completa","address":"AVENIDA De las Piletas Nº 63 Plta/Piso Ático Pta/Letra B, piso Ático, puerta B","postal_code":"11540","places":6,"units":2,"registered":"2019-12-24","catastro":"5639393QA3753G0017TI","holder":null,"holder_count":null}},{"type":"Feature","geometry":{"type":"Point","coordinates":[-6.353319,36.780125]},"properties":{"id":"VUT/CA/09559","type":"VUT","group":"Completa","address":"CALLE BOLSA Nº 31-33","postal_code":"11540","places":4,"units":2,"registered":"2019-12-27","catastro":"6340815QA3763G0104LT","holder":null,"holder_count":null}},{"type":"Feature","geometry":{"type":"Point","coordinates":[-6.319378,36.787984]},"properties":{"id":"VUT/CA/09607","type":"VUT","group":"Completa","address":"AVENIDA JUAN DE ZUBILETA Blq. A2 Portal 5 Plta/Piso BAJO Pta/Letra 23 Compl.Dom. COMUNIDAD DE PROP. MIRADOR DE LOS NAVEGANTES, piso BAJO, puerta 23","postal_code":"11540","places":6,"units":3,"registered":"2020-01-10","catastro":"9349101QA3794G0056PX","holder":null,"holder_count":null}},{"type":"Feature","geometry":{"type":"Point","coordinates":[-6.335814,36.757039]},"properties":{"id":"VUT/CA/09619","type":"VUT","group":"Completa","address":"CAMINO DEL OLIVO CORTIJILLO Nº 33","postal_code":"11540","places":8,"units":4,"registered":"2020-01-13","catastro":"11032A028002520001MT","holder":null,"holder_count":null}},{"type":"Feature","geometry":{"type":"Point","coordinates":[-6.348595,36.781427]},"properties":{"id":"VUT/CA/09635","type":"VUT","group":"Completa","address":"CALLE FARIÑAS RESIDENCIAL SAN NICOLAS 65 Blq. 3 Plta/Piso 1 Pta/Letra B, piso 1, puerta B","postal_code":"11540","places":5,"units":3,"registered":"2020-01-15","catastro":"6741605QA3764B0019XO","holder":null,"holder_count":null}},{"type":"Feature","geometry":{"type":"Point","coordinates":[-6.357901,36.778485]},"properties":{"id":"VUT/CA/09645","type":"VUT","group":"Completa","address":"PLAZA DE LAS INFANTAS Nº 8 Plta/Piso 3 Pta/Letra G, piso 3, puerta G","postal_code":"11540","places":4,"units":1,"registered":"2020-01-16","catastro":"5939294QA3753H0196ZY","holder":null,"holder_count":null}},{"type":"Feature","geometry":{"type":"Point","coordinates":[-6.358029,36.778225]},"properties":{"id":"VUT/CA/09660","type":"VUT","group":"Completa","address":"CALLE CALZADA DE LA INFANTGA Nº 24 Plta/Piso 1 Pta/Letra A Compl.Dom. EDIF. INFANTA LEONOR, piso 1, puerta A","postal_code":"11540","places":3,"units":2,"registered":"2020-01-19","catastro":"5939240QA3753H0004HU","holder":null,"holder_count":null}},{"type":"Feature","geometry":{"type":"Point","coordinates":[-6.345571,36.782509]},"properties":{"id":"VUT/CA/09681","type":"VUT","group":"Completa","address":"AVENIDA SAN FRANCISCO \" HUERTO DE SAN JOSÉ \" Nº 10 Blq. B Plta/Piso 3 Pta/Letra C Compl.Dom. CONJUNTO SAN FRANCISCO, CL MONTERA 2, ESC 2, PL 03, PT. C, piso 3, puerta C","postal_code":"11540","places":5,"units":3,"registered":"2020-01-21","catastro":"71416B0QA3774A0063OP","holder":null,"holder_count":null}},{"type":"Feature","geometry":{"type":"Point","coordinates":[-6.373094,36.768308]},"properties":{"id":"VUT/CA/09820","type":"VUT","group":"Completa","address":"CALLE SANTA SOLEDAD Nº 5","postal_code":"11540","places":6,"units":3,"registered":"2020-01-30","catastro":"4625303QA3742F0001QA","holder":null,"holder_count":null}},{"type":"Feature","geometry":{"type":"Point","coordinates":[-6.34591,36.787707]},"properties":{"id":"VUT/CA/09850","type":"VUT","group":"Completa","address":"CALLEJA CALLEJON BAYONETA, 46 RESIDENCIAL SAN SALVADOR, CASA Nº 3 Compl.Dom. PAGO DE GUIA","postal_code":"11540","places":8,"units":4,"registered":"2020-01-31","catastro":"7049227QA3764H0003HR","holder":null,"holder_count":null}},{"type":"Feature","geometry":{"type":"Point","coordinates":[-6.35702,36.778682]},"properties":{"id":"VUT/CA/09885","type":"VUT","group":"Completa","address":"PLAZA De las Infantas, Edif. Infanta Eulalia. Nº 6 Plta/Piso 1 Pta/Letra A, piso 1, puerta A","postal_code":"11540","places":6,"units":3,"registered":"2020-02-06","catastro":"5939293QA3753H0173KS","holder":null,"holder_count":null}},{"type":"Feature","geometry":{"type":"Point","coordinates":[-6.352574,36.781044]},"properties":{"id":"VUT/CA/09917","type":"VUT","group":"Completa","address":"CALLE CARRIL DE SAN DIEGO Nº 4 Plta/Piso 1º Pta/Letra B Compl.Dom. Edificio Sevilla 2, piso 1º, puerta B","postal_code":"11540","places":5,"units":3,"registered":"2020-02-11","catastro":"6441805QA3764A0025AE","holder":null,"holder_count":null}},{"type":"Feature","geometry":{"type":"Point","coordinates":[-6.357837,36.777492]},"properties":{"id":"VUT/CA/09957","type":"VUT","group":"Completa","address":"CALLE PADRE ALDAMA Y PRUAÑO Nº 2 Esc. 1 Plta/Piso 01 Pta/Letra 28, piso 01, puerta 28","postal_code":"11540","places":6,"units":3,"registered":"2020-02-15","catastro":"5937808QA3753F0064UI","holder":null,"holder_count":null}},{"type":"Feature","geometry":{"type":"Point","coordinates":[-6.362932,36.780929]},"properties":{"id":"VUT/CA/09976","type":"VUT","group":"Completa","address":"CALLE FRANCISCO DOMINGUEZ Nº 2 Esc. 1 Plta/Piso 1 Pta/Letra 8, piso 1, puerta 8","postal_code":"11540","places":3,"units":1,"registered":"2020-02-18","catastro":"5440601QA3754A0008UA","holder":null,"holder_count":null}},{"type":"Feature","geometry":{"type":"Point","coordinates":[-6.370305,36.774524]},"properties":{"id":"VUT/CA/09979","type":"VUT","group":"Completa","address":"CALLE CRUCERO Nº 3 Esc. A-1 Plta/Piso BAJO Pta/Letra 06, piso BAJO, puerta 06","postal_code":"11540","places":4,"units":2,"registered":"2020-02-18","catastro":"4832322QA3743A0097UY","holder":"EXCLUSIVE BUSINESS MANAGEMENT S.L.","holder_count":2}},{"type":"Feature","geometry":{"type":"Point","coordinates":[-6.359874,36.782067]},"properties":{"id":"VUT/CA/09991","type":"VUT","group":"Completa","address":"CALLE ALFEREZ PEDRO RIVERA SARMIENTO-AVENIDA DE LAS PILETAS Nº 15","postal_code":"11540","places":8,"units":3,"registered":"2020-02-19","catastro":"5742746QA3754B0001AD","holder":"EXCLUSIVE BUSINESS MANAGEMENT S.L.","holder_count":2}},{"type":"Feature","geometry":{"type":"Point","coordinates":[-6.349091,36.788592]},"properties":{"id":"VUT/CA/10021","type":"VUT","group":"Completa","address":"CALLE ROSA DE LOS VIENTOS Nº 3 Plta/Piso BAJO Pta/Letra A, piso BAJO, puerta A","postal_code":"11540","places":6,"units":2,"registered":"2020-02-21","catastro":"6649801QA3764E0140AT","holder":null,"holder_count":null}},{"type":"Feature","geometry":{"type":"Point","coordinates":[-6.353002,36.779473]},"properties":{"id":"VUT/CA/10028","type":"VUT","group":"Completa","address":"CALLE Castelar Nº 4 Esc. 1 Pta/Letra 3, puerta 3","postal_code":"11540","places":5,"units":3,"registered":"2020-02-25","catastro":"6439223QA3763G0003GQ","holder":null,"holder_count":null}},{"type":"Feature","geometry":{"type":"Point","coordinates":[-6.354735,36.774667]},"properties":{"id":"VUT/CA/10061","type":"VUT","group":"Completa","address":"CALLE MISERICORDIA Nº 2 Plta/Piso 1 Pta/Letra 7, piso 1, puerta 7","postal_code":"11540","places":8,"units":3,"registered":"2020-02-27","catastro":"6233501QA3763C0021LM","holder":"VALCAMBRE S.L.","holder_count":1}},{"type":"Feature","geometry":{"type":"Point","coordinates":[-6.3553,36.774056]},"properties":{"id":"VUT/CA/10079","type":"VUT","group":"Completa","address":"CALLE PADRE LUIS NUÑEZ RODRIGUEZ Nº 11 Portal 7 Plta/Piso 1 Pta/Letra B, piso 1, puerta B","postal_code":"11540","places":4,"units":2,"registered":"2020-03-02","catastro":"6133712QA3753D0059ZA","holder":null,"holder_count":null}},{"type":"Feature","geometry":{"type":"Point","coordinates":[-6.354259,36.773909]},"properties":{"id":"VUT/CA/10100","type":"VUT","group":"Completa","address":"CALLE MISERICORDIA Nº 22","postal_code":"11540","places":4,"units":2,"registered":"2020-03-03","catastro":"6333107QA3763A0008LZ","holder":"ACTIVIDADES GASTRONÓMICAS EL JAMÓN, S.L.","holder_count":1}},{"type":"Feature","geometry":{"type":"Point","coordinates":[-6.359027,36.778994]},"properties":{"id":"VUT/CA/10114","type":"VUT","group":"Completa","address":"CALLE LOS TITULOS Nº 2 Plta/Piso 2, piso 2","postal_code":"11540","places":6,"units":2,"registered":"2020-03-04","catastro":"5739618QA3753H0004MU","holder":null,"holder_count":null}},{"type":"Feature","geometry":{"type":"Point","coordinates":[-6.35445,36.775542]},"properties":{"id":"VUT/CA/10135","type":"VUT","group":"Completa","address":"CALLE caballeros Nº 13 Plta/Piso BAJO Pta/Letra 4, piso BAJO, puerta 4","postal_code":"11540","places":2,"units":1,"registered":"2020-03-06","catastro":"6234519QA3763C0004PS","holder":null,"holder_count":null}},{"type":"Feature","geometry":{"type":"Point","coordinates":[-6.346725,36.78291]},"properties":{"id":"VUT/CA/10176","type":"VUT","group":"Por habitaciones","address":"CALLE PIRRADO Nº 7","postal_code":"11540","places":3,"units":1,"registered":"2020-03-10","catastro":"6943802QA3764D0001TS","holder":null,"holder_count":null}},{"type":"Feature","geometry":{"type":"Point","coordinates":[-6.362027,36.778455]},"properties":{"id":"VUT/CA/10190","type":"VUT","group":"Completa","address":"CALLE NAO SANTIAGO Nº 10 Calif.Nº NUM Esc. 8 Plta/Piso 1 Pta/Letra D, piso 1, puerta D","postal_code":"11540","places":6,"units":3,"registered":"2020-03-11","catastro":"5537603QA3753F0018QM","holder":null,"holder_count":null}},{"type":"Feature","geometry":{"type":"Point","coordinates":[-6.35279,36.781127]},"properties":{"id":"VUT/CA/10217","type":"VUT","group":"Completa","address":"CALLE TRASBOLSA Nº 17 Plta/Piso 1 Pta/Letra F, piso 1, puerta F","postal_code":"11540","places":4,"units":1,"registered":"2020-03-13","catastro":"6341702QA3764A0010XF","holder":null,"holder_count":null}},{"type":"Feature","geometry":{"type":"Point","coordinates":[-6.366405,36.777199]},"properties":{"id":"VUT/CA/10221","type":"VUT","group":"Completa","address":"AVENIDA 1498 Nº 16 Plta/Piso 2 Pta/Letra 1 Compl.Dom. RESIDENCIAL MIRADOR DEL COTO, piso 2, puerta 1","postal_code":"11540","places":4,"units":2,"registered":"2020-03-16","catastro":"5236356QA3753E0045MO","holder":null,"holder_count":null}},{"type":"Feature","geometry":{"type":"Point","coordinates":[-6.355104,36.78337]},"properties":{"id":"VUT/CA/10284","type":"VUT","group":"Completa","address":"CALLE Pío XII Nº 18 Plta/Piso 4° Pta/Letra C, piso 4°, puerta C","postal_code":"11540","places":8,"units":3,"registered":"2020-04-02","catastro":"6243916QA3764C0027MM","holder":null,"holder_count":null}},{"type":"Feature","geometry":{"type":"Point","coordinates":[-6.350511,36.779374]},"properties":{"id":"VUT/CA/10289","type":"VUT","group":"Por habitaciones","address":"CALLE FARIÑAS Nº 16 Plta/Piso ATICO Pta/Letra C, piso ATICO, puerta C","postal_code":"11540","places":4,"units":2,"registered":"2020-04-03","catastro":"6639914QA3763H0010MF","holder":null,"holder_count":null}},{"type":"Feature","geometry":{"type":"Point","coordinates":[-6.375468,36.767522]},"properties":{"id":"VUT/CA/10298","type":"VUT","group":"Completa","address":"AVENIDA PLAYAS DE LA JARA Nº 7 Compl.Dom. dirección tambien conocida como 7 calle Playa de Zahara (no existía cuando se escrituró)","postal_code":"11540","places":8,"units":4,"registered":"2020-04-13","catastro":"4424314QA3742C0001GU","holder":null,"holder_count":null}},{"type":"Feature","geometry":{"type":"Point","coordinates":[-6.362986,36.780503]},"properties":{"id":"VUT/CA/10342","type":"VUT","group":"Completa","address":"AVENIDA PILETAS ( DE LAS ) Nº 32 Esc. 1 Plta/Piso 1 Pta/Letra E Compl.Dom. RESIDENCIAL VILLAMAR, piso 1, puerta E","postal_code":"11540","places":4,"units":1,"registered":"2020-04-27","catastro":"5440605QA3756A0005JL","holder":null,"holder_count":null}},{"type":"Feature","geometry":{"type":"Point","coordinates":[-6.349196,36.785863]},"properties":{"id":"VUT/CA/10348","type":"VUT","group":"Completa","address":"CALLE JUVENTUDES MUSICALES Nº 1 Plta/Piso 1º Pta/Letra E, piso 1º, puerta E","postal_code":"11540","places":6,"units":3,"registered":"2020-04-29","catastro":"6646701QA3764E0050LO","holder":null,"holder_count":null}},{"type":"Feature","geometry":{"type":"Point","coordinates":[-6.375008,36.77273]},"properties":{"id":"VUT/CA/10369","type":"VUT","group":"Completa","address":"CALLE PLAYA DE ISLA CANELA Nº 29","postal_code":"11540","places":8,"units":4,"registered":"2020-05-11","catastro":"4330118QA3743A0001BY","holder":null,"holder_count":null}},{"type":"Feature","geometry":{"type":"Point","coordinates":[-6.36212,36.781502]},"properties":{"id":"VUT/CA/10380","type":"VUT","group":"Completa","address":"CALLE COMANDANTE FRANCISCO ALMADANA Nº 5","postal_code":"11540","places":8,"units":4,"registered":"2020-05-14","catastro":"5541702QA3754B0002AF","holder":null,"holder_count":null}},{"type":"Feature","geometry":{"type":"Point","coordinates":[-6.355227,36.78462]},"properties":{"id":"VUT/CA/10404","type":"VUT","group":"Completa","address":"CALLE TRASBARRAMEDA Nº 4 Esc. 1 Plta/Piso 7 Pta/Letra DCHA, piso 7, puerta DCHA","postal_code":"11540","places":6,"units":3,"registered":"2020-05-26","catastro":"6247726QA3764E0017XA","holder":null,"holder_count":null}},{"type":"Feature","geometry":{"type":"Point","coordinates":[-6.358113,36.773352]},"properties":{"id":"VUT/CA/10429","type":"VUT","group":"Completa","address":"CALLE PASAJE LOS CONQUISTADORES Blq. 3 Plta/Piso 1 Pta/Letra B, piso 1, puerta B","postal_code":"11540","places":6,"units":3,"registered":"2020-06-03","catastro":"5732423QA3753D0029JD","holder":null,"holder_count":null}},{"type":"Feature","geometry":{"type":"Point","coordinates":[-6.363387,36.773631]},"properties":{"id":"VUT/CA/10442","type":"VUT","group":"Completa","address":"CALLE FRAY LEOPOLDO DE ALPANDEIRE Nº 8 Pta/Letra 19, puerta 19","postal_code":"11540","places":4,"units":5,"registered":"2020-06-03","catastro":"5533759QA3753C0019PB","holder":null,"holder_count":null}},{"type":"Feature","geometry":{"type":"Point","coordinates":[-6.360072,36.781084]},"properties":{"id":"VUT/CA/10461","type":"VUT","group":"Completa","address":"CALLE CONQUISTADOR SEBASTIAN DIAZ ALFARO 6 Nº 6 Plta/Piso 1 Pta/Letra A Compl.Dom. EDIFICIO BAHIA 3, piso 1, puerta A","postal_code":"11540","places":6,"units":3,"registered":"2020-06-08","catastro":"5741703QA3754B0001ED","holder":null,"holder_count":null}},{"type":"Feature","geometry":{"type":"Point","coordinates":[-6.357901,36.778485]},"properties":{"id":"VUT/CA/10481","type":"VUT","group":"Completa","address":"PLAZA DE LAS INFANTAS EDIFICIO INFANTA MARIA LUISA Portal 2 Plta/Piso 3 Pta/Letra D, piso 3, puerta D","postal_code":"11540","places":4,"units":1,"registered":"2020-06-10","catastro":"5939294QA3753H0185DZ","holder":null,"holder_count":null}},{"type":"Feature","geometry":{"type":"Point","coordinates":[-6.318326,36.796657]},"properties":{"id":"VUT/CA/10502","type":"VUT","group":"Completa","address":"AVENIDA ALMIRANTE ELCANO Nº 13","postal_code":"11540","places":6,"units":3,"registered":"2020-06-15","catastro":"9559914QA3795H0001LI","holder":null,"holder_count":null}},{"type":"Feature","geometry":{"type":"Point","coordinates":[-6.355913,36.777575]},"properties":{"id":"VUT/CA/10509","type":"VUT","group":"Completa","address":"CALLE SAN JUAN Nº 39 Plta/Piso 1 Pta/Letra B, piso 1, puerta B","postal_code":"11540","places":6,"units":2,"registered":"2020-06-16","catastro":"6136413QA3763E0016WH","holder":null,"holder_count":null}},{"type":"Feature","geometry":{"type":"Point","coordinates":[-6.358734,36.78086]},"properties":{"id":"VUT/CA/10533","type":"VUT","group":"Completa","address":"CALLE Calzada de la pescaderia Nº 19 Plta/Piso 2 Pta/Letra A Compl.Dom. Atico, piso 2, puerta A","postal_code":"11540","places":4,"units":2,"registered":"2020-06-18","catastro":"5939299QA3753H0024SZ","holder":null,"holder_count":null}},{"type":"Feature","geometry":{"type":"Point","coordinates":[-6.363103,36.781434]},"properties":{"id":"VUT/CA/10546","type":"VUT","group":"Completa","address":"AVENIDA Simón Rojas Clemente Nº 13 Plta/Piso 4 Pta/Letra B, piso 4, puerta B","postal_code":"11540","places":4,"units":2,"registered":"2020-06-19","catastro":"5441702QA3754A0036ZU","holder":null,"holder_count":null}},{"type":"Feature","geometry":{"type":"Point","coordinates":[-6.353258,36.78139]},"properties":{"id":"VUT/CA/10552","type":"VUT","group":"Completa","address":"AVENIDA CERRO FALON Nº 7 Esc. 2 Plta/Piso 1 Pta/Letra C, piso 1, puerta C","postal_code":"11540","places":6,"units":2,"registered":"2020-06-20","catastro":"6341902QA3764A0117JQ","holder":null,"holder_count":null}},{"type":"Feature","geometry":{"type":"Point","coordinates":[-6.360042,36.77708]},"properties":{"id":"VUT/CA/10557","type":"VUT","group":"Completa","address":"CALLE CANOA Nº 2","postal_code":"11540","places":6,"units":2,"registered":"2020-06-21","catastro":"5736833QA3753F0001WO","holder":null,"holder_count":null}},{"type":"Feature","geometry":{"type":"Point","coordinates":[-6.318868,36.795284]},"properties":{"id":"VUT/CA/10566","type":"VUT","group":"Completa","address":"CALLE ALMIRANTE ELCANO Nº 5","postal_code":"11540","places":6,"units":3,"registered":"2020-06-22","catastro":"9559906QA3795H0001BI","holder":"KOCHBOLLER INMUEBLES SL","holder_count":1}},{"type":"Feature","geometry":{"type":"Point","coordinates":[-6.370961,36.775261]},"properties":{"id":"VUT/CA/10575","type":"VUT","group":"Completa","address":"CALLE CRUCERO Portal 1 Plta/Piso BAJA Pta/Letra 13, piso BAJA, puerta 13","postal_code":"11540","places":6,"units":2,"registered":"2020-06-22","catastro":"4832321QA3743A0051PK","holder":null,"holder_count":null}},{"type":"Feature","geometry":{"type":"Point","coordinates":[-6.35956,36.776094]},"properties":{"id":"VUT/CA/10590","type":"VUT","group":"Completa","address":"CALLEJA DIVINA PASTORA Nº 8 Plta/Piso 1 Pta/Letra B Compl.Dom. ATICO, piso 1, puerta B","postal_code":"11540","places":6,"units":2,"registered":"2020-06-24","catastro":"5735602QA3753F0002XP","holder":null,"holder_count":null}},{"type":"Feature","geometry":{"type":"Point","coordinates":[-6.360876,36.781607]},"properties":{"id":"VUT/CA/10597","type":"VUT","group":"Completa","address":"AVENIDA DE LAS PILETAS Nº 37 Plta/Piso 2 Pta/Letra A, piso 2, puerta A","postal_code":"11540","places":6,"units":2,"registered":"2020-06-24","catastro":"5641601QA3754B0011LB","holder":null,"holder_count":null}},{"type":"Feature","geometry":{"type":"Point","coordinates":[-6.370279,36.764007]},"properties":{"id":"VUT/CA/10614","type":"VUT","group":"Completa","address":"CALLE DEL ARTE Nº 6 Compl.Dom. CAMINO CABEZA VACA, LA JARA.","postal_code":"11540","places":10,"units":3,"registered":"2020-06-26","catastro":"11032A019002540001MW","holder":null,"holder_count":null}},{"type":"Feature","geometry":{"type":"Point","coordinates":[-6.354378,36.779283]},"properties":{"id":"VUT/CA/10670","type":"VUT","group":"Completa","address":"CALLE RAMON Y CAJAL Nº 5 Esc. 1 Plta/Piso 2 Pta/Letra A, piso 2, puerta A","postal_code":"11540","places":4,"units":2,"registered":"2020-07-02","catastro":"6239904QA3763G0004SW","holder":null,"holder_count":null}},{"type":"Feature","geometry":{"type":"Point","coordinates":[-6.358029,36.778225]},"properties":{"id":"VUT/CA/10692","type":"VUT","group":"Completa","address":"CALLE CALZADA DE LA INFANTA Nº 24 Plta/Piso 1 Pta/Letra B Compl.Dom. EDIFICIO DOÑA LEONOR, piso 1, puerta B","postal_code":"11540","places":6,"units":3,"registered":"2020-07-06","catastro":"5939240QA3753H0005JI","holder":null,"holder_count":null}},{"type":"Feature","geometry":{"type":"Point","coordinates":[-6.354378,36.779283]},"properties":{"id":"VUT/CA/10710","type":"VUT","group":"Completa","address":"CALLE RAMON Y CAJAL Nº 5 Esc. 1 Plta/Piso 2 Pta/Letra B, piso 2, puerta B","postal_code":"11540","places":4,"units":2,"registered":"2020-07-08","catastro":"6239904QA3763G0005DE","holder":null,"holder_count":null}},{"type":"Feature","geometry":{"type":"Point","coordinates":[-6.350928,36.779082]},"properties":{"id":"VUT/CA/10737","type":"VUT","group":"Por habitaciones","address":"CALLE Regina Nº 44","postal_code":"11540","places":6,"units":4,"registered":"2020-07-13","catastro":"6538501QA3763H0001YI","holder":null,"holder_count":null}},{"type":"Feature","geometry":{"type":"Point","coordinates":[-6.374224,36.773025]},"properties":{"id":"VUT/CA/10763","type":"VUT","group":"Completa","address":"CALLE VELERO Nº 32","postal_code":"11540","places":6,"units":3,"registered":"2020-07-15","catastro":"4531401QA3733B0011JK","holder":null,"holder_count":null}},{"type":"Feature","geometry":{"type":"Point","coordinates":[-6.346002,36.782649]},"properties":{"id":"VUT/CA/10766","type":"VUT","group":"Completa","address":"AVENIDA SAN FRANCISCO Nº 10 Blq. 1 Plta/Piso 2 Pta/Letra D Compl.Dom. RESIDENCIAL SAN FRANCISCO, piso 2, puerta D","postal_code":"11540","places":4,"units":2,"registered":"2020-07-15","catastro":"71416A6QA3774A0011OL","holder":null,"holder_count":null}},{"type":"Feature","geometry":{"type":"Point","coordinates":[-6.359291,36.777097]},"properties":{"id":"VUT/CA/10821","type":"VUT","group":"Completa","address":"CALLE BANDA PLAYA Nº 64 Plta/Piso BJ Pta/Letra C Compl.Dom. EDF. ARIZON, piso BJ, puerta C","postal_code":"11540","places":4,"units":2,"registered":"2020-07-23","catastro":"5736815QA3753F0035AA","holder":"LA CAPILLITA S.C.","holder_count":1}},{"type":"Feature","geometry":{"type":"Point","coordinates":[-6.350534,36.77891]},"properties":{"id":"VUT/CA/10827","type":"VUT","group":"Completa","address":"CALLE Carril de San Diego Nº 59","postal_code":"11540","places":4,"units":1,"registered":"2020-07-27","catastro":"6639910QA3763H0002TO","holder":null,"holder_count":null}},{"type":"Feature","geometry":{"type":"Point","coordinates":[-6.320851,36.796857]},"properties":{"id":"VUT/CA/10855","type":"VUT","group":"Completa","address":"CALLE DE HANS S/N Blq. 2 Portal 4 Plta/Piso 2º Pta/Letra A, piso 2º, puerta A","postal_code":"11540","places":4,"units":2,"registered":"2020-08-09","catastro":"9157903QA3795E0083RH","holder":null,"holder_count":null}},{"type":"Feature","geometry":{"type":"Point","coordinates":[-6.35279,36.781127]},"properties":{"id":"VUT/CA/10875","type":"VUT","group":"Completa","address":"CALLE TRASBOLSA Nº 17 Plta/Piso 1 Pta/Letra A, piso 1, puerta A","postal_code":"11540","places":6,"units":3,"registered":"2020-08-14","catastro":"6341702QA3764A0006ZD","holder":null,"holder_count":null}},{"type":"Feature","geometry":{"type":"Point","coordinates":[-6.353796,36.783102]},"properties":{"id":"VUT/CA/10881","type":"VUT","group":"Completa","address":"AVENIDA GUADALQUIVIR Nº 17 Plta/Piso 3A, piso 3A","postal_code":"11540","places":4,"units":2,"registered":"2020-08-17","catastro":"6243510QA3764C0004TY","holder":null,"holder_count":null}},{"type":"Feature","geometry":{"type":"Point","coordinates":[-6.353258,36.78139]},"properties":{"id":"VUT/CA/10885","type":"VUT","group":"Completa","address":"CALLE Banda playa Portal 7 Plta/Piso 1 Pta/Letra A Compl.Dom. Virgen del Carmen, piso 1, puerta A","postal_code":"11540","places":6,"units":3,"registered":"2020-08-18","catastro":"6341902QA3764A0193MU","holder":null,"holder_count":null}},{"type":"Feature","geometry":{"type":"Point","coordinates":[-6.320851,36.796857]},"properties":{"id":"VUT/CA/10911","type":"VUT","group":"Completa","address":"CALLE DE HANS Blq. 2 Plta/Piso 2 Pta/Letra D, piso 2, puerta D","postal_code":"11540","places":6,"units":3,"registered":"2020-08-27","catastro":"9157903QA3795E0063DW","holder":null,"holder_count":null}},{"type":"Feature","geometry":{"type":"Point","coordinates":[-6.356341,36.783745]},"properties":{"id":"VUT/CA/10916","type":"VUT","group":"Completa","address":"AVENIDA CALZADA DUQUESA ISABEL Nº 50 Plta/Piso 5º Pta/Letra D, piso 5º, puerta D","postal_code":"11540","places":6,"units":3,"registered":"2020-09-01","catastro":"6144512QA3764C0064OW","holder":null,"holder_count":null}},{"type":"Feature","geometry":{"type":"Point","coordinates":[-6.355562,36.78418]},"properties":{"id":"VUT/CA/10925","type":"VUT","group":"Completa","address":"CALLE Cerro Falón Nº 55 Blq. 5 Plta/Piso 2 Pta/Letra a, piso 2, puerta a","postal_code":"11540","places":5,"units":3,"registered":"2020-09-04","catastro":"6144506QA3764C0059EM","holder":null,"holder_count":null}},{"type":"Feature","geometry":{"type":"Point","coordinates":[-6.351352,36.775499]},"properties":{"id":"VUT/CA/10940","type":"VUT","group":"Completa","address":"CALLE CRISTO DE LAS AGUAS Nº 3 Plta/Piso 3 Pta/Letra A Compl.Dom. ATICO, piso 3, puerta A","postal_code":"11540","places":5,"units":3,"registered":"2020-09-09","catastro":"6534504QA3763D0018RO","holder":null,"holder_count":null}},{"type":"Feature","geometry":{"type":"Point","coordinates":[-6.320851,36.796857]},"properties":{"id":"VUT/CA/10953","type":"VUT","group":"Completa","address":"CALLE JUAN DE ACURIO, Portal 4 Plta/Piso 2 Pta/Letra c Compl.Dom. residencial flamencos golf/ juan de acurio 901, piso 2, puerta c","postal_code":"11540","places":7,"units":3,"registered":"2020-09-11","catastro":"9157903QA3795E0085YK","holder":null,"holder_count":null}},{"type":"Feature","geometry":{"type":"Point","coordinates":[-6.359198,36.779885]},"properties":{"id":"VUT/CA/10979","type":"VUT","group":"Completa","address":"CALLE CONDESA DE LEBRIJA Nº 1 Portal 1 Plta/Piso 1 Pta/Letra E Compl.Dom. EDIFICIO LAS YUCAS, piso 1, puerta E","postal_code":"11540","places":4,"units":1,"registered":"2020-09-15","catastro":"5839401QA3753H0009QS","holder":null,"holder_count":null}},{"type":"Feature","geometry":{"type":"Point","coordinates":[-6.351059,36.775755]},"properties":{"id":"VUT/CA/10980","type":"VUT","group":"Completa","address":"CALLE SANTIAGO Nº 32 Esc. B Plta/Piso 1 Pta/Letra 1 Compl.Dom. EDIFICIO PRINCESA LETICIA, piso 1, puerta 1","postal_code":"11540","places":4,"units":2,"registered":"2020-09-15","catastro":"6534501QA3763D0099AB","holder":"ACTION CAT CONSULTING, S.L.","holder_count":2}},{"type":"Feature","geometry":{"type":"Point","coordinates":[-6.349391,36.780092]},"properties":{"id":"VUT/CA/10987","type":"VUT","group":"Por habitaciones","address":"CALLE FARIÑAS Nº 34","postal_code":"11540","places":6,"units":3,"registered":"2020-09-18","catastro":"6739320QA3763H0001SI","holder":null,"holder_count":null}},{"type":"Feature","geometry":{"type":"Point","coordinates":[-6.352233,36.777459]},"properties":{"id":"VUT/CA/10990","type":"VUT","group":"Completa","address":"CALLE CARMEN VIEJO Nº 24-26 Portal 2 Plta/Piso BAJO Pta/Letra D Compl.Dom. RESIDENCIAL JARDINES DE LA DUQUESA, piso BAJO, puerta D","postal_code":"11540","places":4,"units":2,"registered":"2020-09-21","catastro":"6436918QA3763E0076HS","holder":"ACTION CAT CONSULTING, S.L.","holder_count":2}},{"type":"Feature","geometry":{"type":"Point","coordinates":[-6.354285,36.781851]},"properties":{"id":"VUT/CA/11014","type":"VUT","group":"Completa","address":"CALLE SANTA TERESA DE JESUS Nº 2","postal_code":"11540","places":8,"units":3,"registered":"2020-09-23","catastro":"6242711QA3764A0001FI","holder":null,"holder_count":null}},{"type":"Feature","geometry":{"type":"Point","coordinates":[-6.361438,36.782181]},"properties":{"id":"VUT/CA/11036","type":"VUT","group":"Completa","address":"CALLE LEONOR MANRIQUEZ DE SOTOMAYOR Nº 6 Plta/Piso 1 Pta/Letra A, piso 1, puerta A","postal_code":"11540","places":6,"units":2,"registered":"2020-09-29","catastro":"5641401QA3754B0013DX","holder":null,"holder_count":null}},{"type":"Feature","geometry":{"type":"Point","coordinates":[-6.35622,36.779481]},"properties":{"id":"VUT/CA/11057","type":"VUT","group":"Completa","address":"CALLE BANDA PLAYA Nº 44 Blq. 1 Plta/Piso BAJO Pta/Letra 9, piso BAJO, puerta 9","postal_code":"11540","places":6,"units":3,"registered":"2020-10-07","catastro":"6040813QA3753B0009RR","holder":null,"holder_count":null}},{"type":"Feature","geometry":{"type":"Point","coordinates":[-6.358727,36.778493]},"properties":{"id":"VUT/CA/11077","type":"VUT","group":"Completa","address":"CALLE CALZADA DE LA INFANTA Nº 7 Blq. 10 Esc. 1 Pta/Letra B, puerta B","postal_code":"11540","places":4,"units":2,"registered":"2020-10-19","catastro":"5837503QA3753H0093QM","holder":null,"holder_count":null}},{"type":"Feature","geometry":{"type":"Point","coordinates":[-6.349712,36.780454]},"properties":{"id":"VUT/CA/11080","type":"VUT","group":"Completa","address":"CALLE SIETE REVUELTAS Nº 3 Esc. 1 Plta/Piso 2 Pta/Letra A, piso 2, puerta A","postal_code":"11540","places":4,"units":2,"registered":"2020-10-20","catastro":"6640515QA3764B0014PR","holder":null,"holder_count":null}},{"type":"Feature","geometry":{"type":"Point","coordinates":[-6.349973,36.780686]},"properties":{"id":"VUT/CA/11093","type":"VUT","group":"Por habitaciones","address":"CALLE SANTO DOMINGO Nº 70-72","postal_code":"11540","places":8,"units":4,"registered":"2020-10-21","catastro":"6640512QA3764B0001LJ","holder":null,"holder_count":null}},{"type":"Feature","geometry":{"type":"Point","coordinates":[-6.360455,36.783742]},"properties":{"id":"VUT/CA/11151","type":"VUT","group":"Completa","address":"CALLE ESTEBAN DE BOUTELOU Nº 7 Plta/Piso 1 Pta/Letra 4, piso 1, puerta 4","postal_code":"11540","places":4,"units":1,"registered":"2020-11-16","catastro":"5743409QA3754D0023WQ","holder":"TACOMAR CRUVE SL","holder_count":2}},{"type":"Feature","geometry":{"type":"Point","coordinates":[-6.353101,36.772801]},"properties":{"id":"VUT/CA/11190","type":"VUT","group":"Completa","address":"CALLE TRABAJADERO 2ª Nº 29","postal_code":"11540","places":15,"units":5,"registered":"2020-12-10","catastro":"6431924QA3763A0001PF","holder":null,"holder_count":null}},{"type":"Feature","geometry":{"type":"Point","coordinates":[-6.348679,36.780721]},"properties":{"id":"VUT/CA/11191","type":"VUT","group":"Completa","address":"CALLE FARIÑAS Nº 68 Plta/Piso 2 Pta/Letra A, piso 2, puerta A","postal_code":"11540","places":4,"units":2,"registered":"2020-12-11","catastro":"6739303QA3763H0004IA","holder":null,"holder_count":null}},{"type":"Feature","geometry":{"type":"Point","coordinates":[-6.348819,36.781143]},"properties":{"id":"VUT/CA/11192","type":"VUT","group":"Completa","address":"CALLE FARIÑAS Nº 59 Blq. 2 Plta/Piso 2 Pta/Letra A, piso 2, puerta A","postal_code":"11540","places":4,"units":2,"registered":"2020-12-11","catastro":"6741607QA3764B0011OQ","holder":null,"holder_count":null}},{"type":"Feature","geometry":{"type":"Point","coordinates":[-6.379006,36.767348]},"properties":{"id":"VUT/CA/11218","type":"VUT","group":"Completa","address":"CALLE HIJUELA DE VILLA HORACIA Nº 24","postal_code":"11540","places":6,"units":3,"registered":"2020-12-22","catastro":"4125909QA3732D0001RS","holder":null,"holder_count":null}},{"type":"Feature","geometry":{"type":"Point","coordinates":[-6.348875,36.78152]},"properties":{"id":"VUT/CA/11225","type":"VUT","group":"Completa","address":"CALLE SANTO DOMINGO Nº 112 Plta/Piso 1 Pta/Letra C, piso 1, puerta C","postal_code":"11540","places":4,"units":1,"registered":"2020-12-25","catastro":"6741621QA3764B0009DW","holder":null,"holder_count":null}},{"type":"Feature","geometry":{"type":"Point","coordinates":[-6.358295,36.778112]},"properties":{"id":"VUT/CA/11237","type":"VUT","group":"Completa","address":"CALLE CALZADA DE LA INFANTA Nº 7 Blq. 4 Plta/Piso 2 Pta/Letra H Compl.Dom. URBANIZACIÓN LAS TRES CARABELAS, piso 2, puerta H","postal_code":"11540","places":8,"units":2,"registered":"2021-01-05","catastro":"5837505QA3753H0058LM","holder":null,"holder_count":null}},{"type":"Feature","geometry":{"type":"Point","coordinates":[-6.349963,36.782427]},"properties":{"id":"VUT/CA/11299","type":"VUT","group":"Completa","address":"CALLE ÁNGEL Nº 9 Plta/Piso BAJO Pta/Letra C, piso BAJO, puerta C","postal_code":"11540","places":8,"units":2,"registered":"2021-02-01","catastro":"6641903QA3764B0003AL","holder":null,"holder_count":null}},{"type":"Feature","geometry":{"type":"Point","coordinates":[-6.355632,36.786387]},"properties":{"id":"VUT/CA/11304","type":"VUT","group":"Completa","address":"CALLE BAJO GUÍA Nº 23 Plta/Piso 1 Pta/Letra B, piso 1, puerta B","postal_code":"11540","places":4,"units":2,"registered":"2021-02-03","catastro":"6147104QA3764E0024RG","holder":null,"holder_count":null}},{"type":"Feature","geometry":{"type":"Point","coordinates":[-6.343685,36.787241]},"properties":{"id":"VUT/CA/11322","type":"VUT","group":"Completa","address":"CALLE SOLARIO Nº 9","postal_code":"11540","places":8,"units":3,"registered":"2021-02-07","catastro":"7147407QA3774E0001HW","holder":null,"holder_count":null}},{"type":"Feature","geometry":{"type":"Point","coordinates":[-6.356479,36.785663]},"properties":{"id":"VUT/CA/11342","type":"VUT","group":"Completa","address":"AVENIDA CERRO FALÓN Nº 52 Plta/Piso 1 Pta/Letra 5 Compl.Dom. RESIDENCIAL VILLAMARTA, piso 1, puerta 5","postal_code":"11540","places":4,"units":4,"registered":"2021-02-12","catastro":"6046806QA3754F0009ZA","holder":"ZELOS COSMETICS S.L.","holder_count":2}},{"type":"Feature","geometry":{"type":"Point","coordinates":[-6.360824,36.779588]},"properties":{"id":"VUT/CA/11406","type":"VUT","group":"Completa","address":"AVENIDA V CENTENARIO EDF BATISTA Nº 17 Portal 3 Plta/Piso 2 Pta/Letra A, piso 2, puerta A","postal_code":"11540","places":6,"units":2,"registered":"2021-03-03","catastro":"5638402QA3753H0017EJ","holder":null,"holder_count":null}},{"type":"Feature","geometry":{"type":"Point","coordinates":[-6.362261,36.781359]},"properties":{"id":"VUT/CA/11427","type":"VUT","group":"Completa","address":"CALLE Fernando de Magallanes Nº 29 Plta/Piso 1 Pta/Letra C Compl.Dom. Urbanización Las Lunas, piso 1, puerta C","postal_code":"11540","places":8,"units":2,"registered":"2021-03-07","catastro":"5541709QA3754B0037IJ","holder":null,"holder_count":null}},{"type":"Feature","geometry":{"type":"Point","coordinates":[-6.361604,36.780969]},"properties":{"id":"VUT/CA/11429","type":"VUT","group":"Completa","address":"AVENIDA DE LAS PILETAS Portal 3 Plta/Piso BAJO Pta/Letra A Compl.Dom. EDIFICIO PARQUE DOÑANA, piso BAJO, puerta A","postal_code":"11540","places":6,"units":3,"registered":"2021-03-08","catastro":"5639397QA3753G0033TK","holder":null,"holder_count":null}},{"type":"Feature","geometry":{"type":"Point","coordinates":[-6.354541,36.782603]},"properties":{"id":"VUT/CA/11440","type":"VUT","group":"Completa","address":"CALLE RAMON MENENDEZ PIDAL Nº 2","postal_code":"11540","places":5,"units":3,"registered":"2021-03-10","catastro":"6243909QA3764C0004HY","holder":null,"holder_count":null}},{"type":"Feature","geometry":{"type":"Point","coordinates":[-6.352986,36.779955]},"properties":{"id":"VUT/CA/11468","type":"VUT","group":"Completa","address":"CALLE CALLE BOLSA Nº 26 Pta/Letra 17, puerta 17","postal_code":"11540","places":5,"units":3,"registered":"2021-03-16","catastro":"6439220QA3763G0017XS","holder":null,"holder_count":null}},{"type":"Feature","geometry":{"type":"Point","coordinates":[-6.356042,36.775774]},"properties":{"id":"VUT/CA/11505","type":"VUT","group":"Completa","address":"CALLE GANADO Nº 29 Plta/Piso BAJO Pta/Letra B, piso BAJO, puerta B","postal_code":"11540","places":4,"units":2,"registered":"2021-03-22","catastro":"6135907QA3763C0002WP","holder":null,"holder_count":null}},{"type":"Feature","geometry":{"type":"Point","coordinates":[-6.362245,36.78218]},"properties":{"id":"VUT/CA/11506","type":"VUT","group":"Completa","address":"CALLE COMANDANTE FRANCISCO ALMADANA EDIF. DOÑANA I Nº 1 Pta/Letra 12, puerta 12","postal_code":"11540","places":6,"units":3,"registered":"2021-03-22","catastro":"5542705QA3754B0037MJ","holder":null,"holder_count":null}},{"type":"Feature","geometry":{"type":"Point","coordinates":[-6.355489,36.779165]},"properties":{"id":"VUT/CA/11512","type":"VUT","group":"Completa","address":"PLAZA PLAZA DE LA VICTORIA Plta/Piso 1 Pta/Letra 1 Compl.Dom. CONJUNTO \"LA VICTORIA\", piso 1, puerta 1","postal_code":"11540","places":2,"units":1,"registered":"2021-03-23","catastro":"6239102QA3763G0033TX","holder":null,"holder_count":null}},{"type":"Feature","geometry":{"type":"Point","coordinates":[-6.354609,36.777668]},"properties":{"id":"VUT/CA/11519","type":"VUT","group":"Completa","address":"CALLE TORNO Nº 20 Plta/Piso 2 Pta/Letra C, piso 2, puerta C","postal_code":"11540","places":6,"units":3,"registered":"2021-03-23","catastro":"6237515QA3763E0007GP","holder":null,"holder_count":null}},{"type":"Feature","geometry":{"type":"Point","coordinates":[-6.35942,36.783593]},"properties":{"id":"VUT/CA/11548","type":"VUT","group":"Completa","address":"CALLE PEDRO FERNANDEZ DE LUGO Nº 1 Pta/Letra 1 Compl.Dom. RESIDENCIAL MALANDAR VIVIENDA 1, puerta 1","postal_code":"11540","places":4,"units":2,"registered":"2021-03-30","catastro":"5743702QA3754D0009SH","holder":null,"holder_count":null}},{"type":"Feature","geometry":{"type":"Point","coordinates":[-6.374146,36.774288]},"properties":{"id":"VUT/CA/11560","type":"VUT","group":"Completa","address":"AVENIDA CASTILLO DEL ESPIRITU SANTO Nº 41","postal_code":"11540","places":6,"units":3,"registered":"2021-03-31","catastro":"4532303QA3733B0001YA","holder":null,"holder_count":null}},{"type":"Feature","geometry":{"type":"Point","coordinates":[-6.3775,36.770686]},"properties":{"id":"VUT/CA/11592","type":"VUT","group":"Completa","address":"CALLE Playa de Fuentebravia Nº 5","postal_code":"11540","places":8,"units":4,"registered":"2021-04-11","catastro":"4128647qa3742g0004fm","holder":null,"holder_count":null}},{"type":"Feature","geometry":{"type":"Point","coordinates":[-6.370305,36.774524]},"properties":{"id":"VUT/CA/11602","type":"VUT","group":"Completa","address":"CALLE CRUCERO Nº 3 Calif.Nº A Esc. 1 Plta/Piso Bajo Pta/Letra 7, piso Bajo, puerta 7","postal_code":"11540","places":8,"units":4,"registered":"2021-04-13","catastro":"4832322QA3743A0011FD","holder":"ALONSOLAR FOTOVOLTAICA S.L.","holder_count":1}},{"type":"Feature","geometry":{"type":"Point","coordinates":[-6.350512,36.786239]},"properties":{"id":"VUT/CA/11618","type":"VUT","group":"Completa","address":"CALLE Real Fernando Nº 4 Blq. 2 Plta/Piso 2 Pta/Letra D Compl.Dom. c/ Real Fernando, nº4, Bloque 2, 2ºD, piso 2, puerta D","postal_code":"11540","places":6,"units":3,"registered":"2021-04-15","catastro":"6546403QA3764E0110IU","holder":null,"holder_count":null}},{"type":"Feature","geometry":{"type":"Point","coordinates":[-6.346766,36.78811]},"properties":{"id":"VUT/CA/11658","type":"VUT","group":"Completa","address":"AVENIDA de la Manzanilla Nº 6 Plta/Piso Ático Pta/Letra E, piso Ático, puerta E","postal_code":"11540","places":6,"units":3,"registered":"2021-04-22","catastro":"6847503QA3764E0027RK","holder":null,"holder_count":null}},{"type":"Feature","geometry":{"type":"Point","coordinates":[-6.354643,36.774067]},"properties":{"id":"VUT/CA/11706","type":"VUT","group":"Completa","address":"CALLE MURO ALTO Nº 10","postal_code":"11540","places":10,"units":5,"registered":"2021-05-03","catastro":"6233702QA3767C0001XI","holder":null,"holder_count":null}},{"type":"Feature","geometry":{"type":"Point","coordinates":[-6.390777,36.763912]},"properties":{"id":"VUT/CA/11736","type":"VUT","group":"Completa","address":"CALLE PINTOR GONZALEZ SANTOS Nº 10 Pta/Letra BIS, puerta BIS","postal_code":"11540","places":8,"units":4,"registered":"2021-05-06","catastro":"3021914QA3722A0001BR","holder":null,"holder_count":null}},{"type":"Feature","geometry":{"type":"Point","coordinates":[-6.357837,36.777492]},"properties":{"id":"VUT/CA/11744","type":"VUT","group":"Completa","address":"CALLE PADRE ALDAMA Y PRUAÑO Nº 2 Plta/Piso BAJO Pta/Letra 4, piso BAJO, puerta 4","postal_code":"11540","places":6,"units":3,"registered":"2021-05-07","catastro":"5937808QA3753F0040SD","holder":null,"holder_count":null}},{"type":"Feature","geometry":{"type":"Point","coordinates":[-6.358295,36.778112]},"properties":{"id":"VUT/CA/11805","type":"VUT","group":"Completa","address":"CALLE CALZADA DE LA INFANTA Nº 1 Portal 4 Plta/Piso H Pta/Letra E Compl.Dom. EDIF LAS TRES CALABELAS, piso H, puerta E","postal_code":"11540","places":5,"units":2,"registered":"2021-05-14","catastro":"5837505QA3753H0054GL","holder":null,"holder_count":null}},{"type":"Feature","geometry":{"type":"Point","coordinates":[-6.359342,36.777573]},"properties":{"id":"VUT/CA/11806","type":"VUT","group":"Completa","address":"AVENIDA V CENTENARIO Nº 1 Plta/Piso 2 Pta/Letra A Compl.Dom. ARROYO DE SAN JUAN SECTOR 1, piso 2, puerta A","postal_code":"11540","places":8,"units":3,"registered":"2021-05-14","catastro":"5736822QA3753F0004WS","holder":null,"holder_count":null}},{"type":"Feature","geometry":{"type":"Point","coordinates":[-6.356341,36.783745]},"properties":{"id":"VUT/CA/11813","type":"VUT","group":"Completa","address":"CALLE AVENIDA DUQUESA ISABEL Nº 50 Plta/Piso 6 Pta/Letra D, piso 6, puerta D","postal_code":"11540","places":5,"units":3,"registered":"2021-05-15","catastro":"6144512QA3764C0068DY","holder":null,"holder_count":null}},{"type":"Feature","geometry":{"type":"Point","coordinates":[-6.347542,36.788366]},"properties":{"id":"VUT/CA/11817","type":"VUT","group":"Completa","address":"AVENIDA MANZANILLA Nº 13 Compl.Dom. LOCAL 1","postal_code":"11540","places":4,"units":1,"registered":"2021-05-17","catastro":"6749603QA3764E0052LA","holder":"HOLYDAY ALYMA, S.L.","holder_count":4}},{"type":"Feature","geometry":{"type":"Point","coordinates":[-6.347542,36.788366]},"properties":{"id":"VUT/CA/11818","type":"VUT","group":"Completa","address":"AVENIDA MANZANILLA Nº 13 Compl.Dom. LOCAL 2","postal_code":"11540","places":4,"units":1,"registered":"2021-05-17","catastro":"6749603QA3764E0052LA","holder":"HOLYDAY ALYMA, S.L.","holder_count":4}},{"type":"Feature","geometry":{"type":"Point","coordinates":[-6.354925,36.784221]},"properties":{"id":"VUT/CA/11819","type":"VUT","group":"Completa","address":"AVENIDA CERRO FALÓN (DEL) Nº 30 Esc. 1 Plta/Piso 05 Pta/Letra C, piso 05, puerta C","postal_code":"11540","places":6,"units":3,"registered":"2021-05-17","catastro":"6244641QA3764C0026ZX","holder":null,"holder_count":null}},{"type":"Feature","geometry":{"type":"Point","coordinates":[-6.320851,36.796857]},"properties":{"id":"VUT/CA/11820","type":"VUT","group":"Completa","address":"CALLE JUAN DE ACURIO Nº 901 A Blq. 2 Esc. 3 Plta/Piso BJ Pta/Letra C, piso BJ, puerta C","postal_code":"11540","places":6,"units":2,"registered":"2021-05-17","catastro":"9157903QA3795E0047EG","holder":"HOLYDAY ALYMA, S.L.","holder_count":4}},{"type":"Feature","geometry":{"type":"Point","coordinates":[-6.349464,36.780783]},"properties":{"id":"VUT/CA/11841","type":"VUT","group":"Completa","address":"CALLE Carnicería Nº 4 Blq. B Esc. 1 Plta/Piso 0 Pta/Letra C, piso 0, puerta C","postal_code":"11540","places":4,"units":1,"registered":"2021-05-19","catastro":"6640502QA3764B0003RL","holder":null,"holder_count":null}},{"type":"Feature","geometry":{"type":"Point","coordinates":[-6.353305,36.77735]},"properties":{"id":"VUT/CA/11844","type":"VUT","group":"Completa","address":"CALLE CARMEN VIEJO Nº 8 Plta/Piso BAJO Pta/Letra 3, piso BAJO, puerta 3","postal_code":"11540","places":5,"units":3,"registered":"2021-05-19","catastro":"6436911QA3763E0102KI","holder":null,"holder_count":null}},{"type":"Feature","geometry":{"type":"Point","coordinates":[-6.356768,36.777946]},"properties":{"id":"VUT/CA/11879","type":"VUT","group":"Completa","address":"CALLE DE LA PLATA Nº 21 Plta/Piso 1º Pta/Letra B, piso 1º, puerta B","postal_code":"11540","places":4,"units":2,"registered":"2021-05-24","catastro":"6037322QA3763E0005AI","holder":null,"holder_count":null}},{"type":"Feature","geometry":{"type":"Point","coordinates":[-6.35072,36.782651]},"properties":{"id":"VUT/CA/11942","type":"VUT","group":"Completa","address":"CALLE BOLSA Nº 99 Plta/Piso 1 Pta/Letra E Compl.Dom. EDIFICIO ESTELA, piso 1, puerta E","postal_code":"11540","places":4,"units":2,"registered":"2021-05-31","catastro":"6542806qa3764b0010tm","holder":null,"holder_count":null}},{"type":"Feature","geometry":{"type":"Point","coordinates":[-6.353319,36.780125]},"properties":{"id":"VUT/CA/11944","type":"VUT","group":"Completa","address":"CALLE Bolsa Nº 31 Esc. 1 Plta/Piso 2 Pta/Letra 1, piso 2, puerta 1","postal_code":"11540","places":6,"units":3,"registered":"2021-05-31","catastro":"6340815QA3763G0100GQ","holder":null,"holder_count":null}},{"type":"Feature","geometry":{"type":"Point","coordinates":[-6.352039,36.782631]},"properties":{"id":"VUT/CA/12000","type":"VUT","group":"Completa","address":"CALLE Banda de la Playa Nº 10 Plta/Piso 3 Pta/Letra A Compl.Dom. Edificio Esmeralda, piso 3, puerta A","postal_code":"11540","places":5,"units":3,"registered":"2021-06-03","catastro":"6543321QA3764C0008EP","holder":null,"holder_count":null}},{"type":"Feature","geometry":{"type":"Point","coordinates":[-6.346925,36.785311]},"properties":{"id":"VUT/CA/12016","type":"VUT","group":"Completa","address":"CALLE BOLSA Nº 179 Blq. B Esc. 2 Pta/Letra 7, puerta 7","postal_code":"11540","places":4,"units":2,"registered":"2021-06-04","catastro":"6845509QA3764F0113JL","holder":null,"holder_count":null}},{"type":"Feature","geometry":{"type":"Point","coordinates":[-6.367969,36.776689]},"properties":{"id":"VUT/CA/12063","type":"VUT","group":"Completa","address":"AVENIDA 1498 (ANTES C/ TEMPLO DEL LUCERO) Nº 18 Portal 7 Plta/Piso 3 Pta/Letra C Compl.Dom. URBANIZACION TERRAZAS DE DOÑANA, piso 3, puerta C","postal_code":"11540","places":4,"units":2,"registered":"2021-06-09","catastro":"5236355QA3753E0109HA","holder":null,"holder_count":null}},{"type":"Feature","geometry":{"type":"Point","coordinates":[-6.354992,36.785181]},"properties":{"id":"VUT/CA/12110","type":"VUT","group":"Completa","address":"CALLE Torre de Arena Nº 3","postal_code":"11540","places":6,"units":3,"registered":"2021-06-14","catastro":"6247759QA3764e0001KZ","holder":null,"holder_count":null}},{"type":"Feature","geometry":{"type":"Point","coordinates":[-6.354607,36.775504]},"properties":{"id":"VUT/CA/12114","type":"VUT","group":"Completa","address":"CALLE CABALLEROS Nº 15","postal_code":"11540","places":6,"units":3,"registered":"2021-06-14","catastro":"6234518QA3763C0001ZO","holder":null,"holder_count":null}},{"type":"Feature","geometry":{"type":"Point","coordinates":[-6.349464,36.780783]},"properties":{"id":"VUT/CA/12144","type":"VUT","group":"Completa","address":"CALLE Carnicería Nº 4 Plta/Piso 1 Pta/Letra A, piso 1, puerta A","postal_code":"11540","places":6,"units":2,"registered":"2021-06-16","catastro":"6640502QA3764B0007IM","holder":null,"holder_count":null}},{"type":"Feature","geometry":{"type":"Point","coordinates":[-6.361224,36.776376]},"properties":{"id":"VUT/CA/12164","type":"VUT","group":"Completa","address":"CALLE De las Molucas Esc. 2 Plta/Piso 2 Pta/Letra A Compl.Dom. Residencial Rober, piso 2, puerta A","postal_code":"11540","places":4,"units":1,"registered":"2021-06-17","catastro":"5635910QA3753F0023PW","holder":null,"holder_count":null}},{"type":"Feature","geometry":{"type":"Point","coordinates":[-6.365813,36.777491]},"properties":{"id":"VUT/CA/12183","type":"VUT","group":"Completa","address":"CALLE 1498 Nº 12 Plta/Piso 2º, piso 2º","postal_code":"11540","places":4,"units":2,"registered":"2021-06-20","catastro":"5236358QA3753E0028UZ","holder":null,"holder_count":null}},{"type":"Feature","geometry":{"type":"Point","coordinates":[-6.353305,36.77735]},"properties":{"id":"VUT/CA/12221","type":"VUT","group":"Completa","address":"CALLE CARMEN VIEJO Nº 2 Plta/Piso 1 Pta/Letra 5 Compl.Dom. EDIFICIO LAS PALOMAS, piso 1, puerta 5","postal_code":"11540","places":8,"units":3,"registered":"2021-06-24","catastro":"6436911QA3763E0107MD","holder":null,"holder_count":null}},{"type":"Feature","geometry":{"type":"Point","coordinates":[-6.356341,36.783745]},"properties":{"id":"VUT/CA/12223","type":"VUT","group":"Completa","address":"URBANIZACION los Andes, bajo b Nº b Blq. 4","postal_code":"11540","places":4,"units":1,"registered":"2021-06-24","catastro":"6144512QA3764C0110LS","holder":"M.C.B. AGRIGRANJA S.L.","holder_count":3}},{"type":"Feature","geometry":{"type":"Point","coordinates":[-6.348116,36.782918]},"properties":{"id":"VUT/CA/12233","type":"VUT","group":"Completa","address":"CALLE SARGENTA Nº 11 Plta/Piso bajo Pta/Letra d Compl.Dom. edificio secuman, piso bajo, puerta d","postal_code":"11540","places":6,"units":3,"registered":"2021-06-24","catastro":"6843206QA3764D0002ED","holder":null,"holder_count":null}},{"type":"Feature","geometry":{"type":"Point","coordinates":[-6.353646,36.780197]},"properties":{"id":"VUT/CA/12250","type":"VUT","group":"Completa","address":"CALLE TRASBOLSA Nº 4 Plta/Piso ATICO Pta/Letra B, piso ATICO, puerta B","postal_code":"11540","places":4,"units":1,"registered":"2021-06-28","catastro":"6340811QA3763G0008UY","holder":null,"holder_count":null}},{"type":"Feature","geometry":{"type":"Point","coordinates":[-6.36063,36.772179]},"properties":{"id":"VUT/CA/12256","type":"VUT","group":"Completa","address":"CALLE FRAY ISIDORO DE SEVILLA Nº 3 Plta/Piso BAJO Pta/Letra 9 Compl.Dom. RESIDENCIAL CIMBRA, piso BAJO, puerta 9","postal_code":"11540","places":4,"units":2,"registered":"2021-06-28","catastro":"5730252QA3753B0061GG","holder":null,"holder_count":null}},{"type":"Feature","geometry":{"type":"Point","coordinates":[-6.353834,36.774341]},"properties":{"id":"VUT/CA/12271","type":"VUT","group":"Completa","address":"CALLE TRILLO Nº 10 Plta/Piso 1 Pta/Letra A, piso 1, puerta A","postal_code":"11540","places":2,"units":1,"registered":"2021-06-29","catastro":"6333408QA3763C0004DS","holder":null,"holder_count":null}},{"type":"Feature","geometry":{"type":"Point","coordinates":[-6.364677,36.778169]},"properties":{"id":"VUT/CA/12286","type":"VUT","group":"Completa","address":"CALLE 1498, EDIFICIO NAO VICTORIA Plta/Piso BJ Pta/Letra E, piso BJ, puerta E","postal_code":"11540","places":4,"units":2,"registered":"2021-06-30","catastro":"5236304QA3753E0005UR","holder":null,"holder_count":null}},{"type":"Feature","geometry":{"type":"Point","coordinates":[-6.350995,36.789391]},"properties":{"id":"VUT/CA/12301","type":"VUT","group":"Completa","address":"CALLE RIPARIA S/N Nº S/N","postal_code":"11540","places":4,"units":2,"registered":"2021-07-01","catastro":"6550810QA3764G0001PH","holder":"M.C.B. AGRIGRANJA S.L.","holder_count":3}},{"type":"Feature","geometry":{"type":"Point","coordinates":[-6.349464,36.780783]},"properties":{"id":"VUT/CA/12320","type":"VUT","group":"Completa","address":"CALLE Carnicería Nº 4 Plta/Piso 2 Pta/Letra C, piso 2, puerta C","postal_code":"11540","places":4,"units":2,"registered":"2021-07-03","catastro":"6640502QA3764B0016FY","holder":null,"holder_count":null}},{"type":"Feature","geometry":{"type":"Point","coordinates":[-6.353834,36.774341]},"properties":{"id":"VUT/CA/12333","type":"VUT","group":"Completa","address":"CALLE TRILLO Nº 10 Plta/Piso 2 Pta/Letra C, piso 2, puerta C","postal_code":"11540","places":4,"units":1,"registered":"2021-07-05","catastro":"6333408QA3763C0008JH","holder":null,"holder_count":null}},{"type":"Feature","geometry":{"type":"Point","coordinates":[-6.353821,36.779527]},"properties":{"id":"VUT/CA/12345","type":"VUT","group":"Por habitaciones","address":"CALLE Bolsa Nº 6","postal_code":"11540","places":6,"units":2,"registered":"2021-07-06","catastro":"6339813QA3763G0003UQ","holder":null,"holder_count":null}},{"type":"Feature","geometry":{"type":"Point","coordinates":[-6.351784,36.778792]},"properties":{"id":"VUT/CA/12346","type":"VUT","group":"Completa","address":"CALLE REGINA Nº 39 Plta/Piso BAJO, piso BAJO","postal_code":"11540","places":4,"units":2,"registered":"2021-07-06","catastro":"6438518QA3763G0017GS","holder":null,"holder_count":null}},{"type":"Feature","geometry":{"type":"Point","coordinates":[-6.353726,36.773974]},"properties":{"id":"VUT/CA/12361","type":"VUT","group":"Completa","address":"CALLE DESCALZAS Nº 18 Pta/Letra 13, puerta 13","postal_code":"11540","places":4,"units":2,"registered":"2021-07-07","catastro":"6333607QA3763C0013KK","holder":null,"holder_count":null}},{"type":"Feature","geometry":{"type":"Point","coordinates":[-6.349464,36.780783]},"properties":{"id":"VUT/CA/12377","type":"VUT","group":"Completa","address":"CALLE CARNICERIA Nº 4 Plta/Piso 2 Pta/Letra C, piso 2, puerta C","postal_code":"11540","places":4,"units":2,"registered":"2021-07-09","catastro":"6640502QA3764B0016FY","holder":null,"holder_count":null}},{"type":"Feature","geometry":{"type":"Point","coordinates":[-6.358101,36.779266]},"properties":{"id":"VUT/CA/12384","type":"VUT","group":"Por habitaciones","address":"CALLE MARQUESA DEL PEDROSO Portal 1 Plta/Piso 1 Pta/Letra C Compl.Dom. PLAZA DE LAS INFANTAS, piso 1, puerta C","postal_code":"11540","places":4,"units":2,"registered":"2021-07-10","catastro":"5939296QA3753H0050WG","holder":null,"holder_count":null}},{"type":"Feature","geometry":{"type":"Point","coordinates":[-6.356479,36.785663]},"properties":{"id":"VUT/CA/12403","type":"VUT","group":"Completa","address":"CALLE Villamarta Nº 2 Portal 3 Pta/Letra C, puerta C","postal_code":"11540","places":6,"units":2,"registered":"2021-07-13","catastro":"6046806QA3754F0003GT","holder":"Rep Cuadrado S.L.","holder_count":2}},{"type":"Feature","geometry":{"type":"Point","coordinates":[-6.361324,36.780362]},"properties":{"id":"VUT/CA/12430","type":"VUT","group":"Completa","address":"AVENIDA V CENTENARIO EDIF \"NUEVO CENTENARIO\" Nº 181 Portal 3 Plta/Piso 1 Pta/Letra 16, piso 1, puerta 16","postal_code":"11540","places":4,"units":2,"registered":"2021-07-15","catastro":"5539501QA3753H0054DL","holder":null,"holder_count":null}},{"type":"Feature","geometry":{"type":"Point","coordinates":[-6.350511,36.779374]},"properties":{"id":"VUT/CA/12478","type":"VUT","group":"Completa","address":"CALLE FARIÑAS Nº 16 Esc. 1 Plta/Piso 0 Pta/Letra B, piso 0, puerta B","postal_code":"11540","places":6,"units":3,"registered":"2021-07-23","catastro":"6639914QA3763H0003LP","holder":null,"holder_count":null}},{"type":"Feature","geometry":{"type":"Point","coordinates":[-6.355669,36.775415]},"properties":{"id":"VUT/CA/12499","type":"VUT","group":"Completa","address":"CALLE CUESTA DE LOS PERROS Nº 2 Blq. BJ","postal_code":"11540","places":4,"units":1,"registered":"2021-07-27","catastro":"6135905QA3763C0017LX","holder":null,"holder_count":null}},{"type":"Feature","geometry":{"type":"Point","coordinates":[-6.353983,36.773546]},"properties":{"id":"VUT/CA/12515","type":"VUT","group":"Completa","address":"CALLE Muro Alto Nº 15 Plta/Piso 1 Pta/Letra D, piso 1, puerta D","postal_code":"11540","places":4,"units":3,"registered":"2021-07-28","catastro":"6333114QA3763A0026ZP","holder":null,"holder_count":null}},{"type":"Feature","geometry":{"type":"Point","coordinates":[-6.35538,36.785155]},"properties":{"id":"VUT/CA/12517","type":"VUT","group":"Completa","address":"AVENIDA CERRO FALON Nº 38 Blq. 3 Plta/Piso 1 Pta/Letra C, piso 1, puerta C","postal_code":"11540","places":4,"units":2,"registered":"2021-07-29","catastro":"6247744QA3764E0006UE","holder":null,"holder_count":null}},{"type":"Feature","geometry":{"type":"Point","coordinates":[-6.349993,36.774176]},"properties":{"id":"VUT/CA/12522","type":"VUT","group":"Completa","address":"CALLE AZACANES I Nº 14 Plta/Piso 2 Pta/Letra DCHA Compl.Dom. EDIFICIO AZACAN, piso 2, puerta DCHA","postal_code":"11540","places":3,"units":2,"registered":"2021-07-29","catastro":"6633511QA3763D0006KM","holder":null,"holder_count":null}},{"type":"Feature","geometry":{"type":"Point","coordinates":[-6.355,36.778617]},"properties":{"id":"VUT/CA/12584","type":"VUT","group":"Completa","address":"CALLE De la Victoria Nº 19 Esc. 1 Plta/Piso 2 Pta/Letra D, piso 2, puerta D","postal_code":"11540","places":6,"units":3,"registered":"2021-08-11","catastro":"6238917QA3763G0009PU","holder":null,"holder_count":null}},{"type":"Feature","geometry":{"type":"Point","coordinates":[-6.347542,36.788366]},"properties":{"id":"VUT/CA/12615","type":"VUT","group":"Completa","address":"AVENIDA DE LA MANZANILLA Pta/Letra 13 Compl.Dom. APARTAMENTO 1, puerta 13","postal_code":"11540","places":4,"units":1,"registered":"2021-08-19","catastro":"6749603QA3764E0052LA","holder":null,"holder_count":null}},{"type":"Feature","geometry":{"type":"Point","coordinates":[-6.367969,36.776689]},"properties":{"id":"VUT/CA/12632","type":"VUT","group":"Completa","address":"CALLE 1498 Nº 18 Blq. 2 Portal 1 Plta/Piso bsjo Pta/Letra C, piso bsjo, puerta C","postal_code":"11540","places":6,"units":3,"registered":"2021-08-22","catastro":"5236355QA3753E0018LF","holder":null,"holder_count":null}},{"type":"Feature","geometry":{"type":"Point","coordinates":[-6.352141,36.782446]},"properties":{"id":"VUT/CA/12659","type":"VUT","group":"Completa","address":"CALLE BANDA PLAYA Nº 14 Plta/Piso 3 Pta/Letra D, piso 3, puerta D","postal_code":"11540","places":6,"units":2,"registered":"2021-08-29","catastro":"6543322QA3764C0018LJ","holder":null,"holder_count":null}},{"type":"Feature","geometry":{"type":"Point","coordinates":[-6.321571,36.788928]},"properties":{"id":"VUT/CA/12686","type":"VUT","group":"Completa","address":"CALLE Nicolás de Nápoles Pta/Letra 5 Compl.Dom. Urbanización Martín Miguel, puerta 5","postal_code":"11540","places":7,"units":3,"registered":"2021-09-01","catastro":"9148205QA3794G0001ZT","holder":null,"holder_count":null}},{"type":"Feature","geometry":{"type":"Point","coordinates":[-6.353102,36.7787]},"properties":{"id":"VUT/CA/12700","type":"VUT","group":"Completa","address":"CALLE CERVANTES Nº 8 Plta/Piso 2 Pta/Letra D Compl.Dom. EDIFICIO \"EL QUIJOTE\", piso 2, puerta D","postal_code":"11540","places":8,"units":3,"registered":"2021-09-05","catastro":"6438115QA3763G0011SY","holder":null,"holder_count":null}},{"type":"Feature","geometry":{"type":"Point","coordinates":[-6.357901,36.778485]},"properties":{"id":"VUT/CA/12701","type":"VUT","group":"Completa","address":"PLAZA DE LAS INFANTAS Nº 12 Portal 2 Plta/Piso 1 Pta/Letra B, piso 1, puerta B","postal_code":"11540","places":6,"units":3,"registered":"2021-09-05","catastro":"5939294QA3753H0140EA","holder":null,"holder_count":null}},{"type":"Feature","geometry":{"type":"Point","coordinates":[-6.349303,36.783801]},"properties":{"id":"VUT/CA/12809","type":"VUT","group":"Completa","address":"CALLE TRASBOLSA Nº 78 Plta/Piso 1 Pta/Letra 21 Compl.Dom. EDIFICIO TONELERIA, piso 1, puerta 21","postal_code":"11540","places":6,"units":2,"registered":"2021-09-28","catastro":"6744916QA3764D0015WM","holder":null,"holder_count":null}},{"type":"Feature","geometry":{"type":"Point","coordinates":[-6.349283,36.783928]},"properties":{"id":"VUT/CA/12850","type":"VUT","group":"Completa","address":"CALLE TRASBOLSA Nº 80 Plta/Piso 00 Pta/Letra 02, piso 00, puerta 02","postal_code":"11540","places":4,"units":2,"registered":"2021-10-08","catastro":"6744917QA3764D0002QD","holder":null,"holder_count":null}},{"type":"Feature","geometry":{"type":"Point","coordinates":[-6.349283,36.783928]},"properties":{"id":"VUT/CA/12851","type":"VUT","group":"Completa","address":"CALLE TRASBOLSA Nº 80 Plta/Piso 00 Pta/Letra 01, piso 00, puerta 01","postal_code":"11540","places":6,"units":3,"registered":"2021-10-08","catastro":"6744917QA3764D1001ZP","holder":null,"holder_count":null}},{"type":"Feature","geometry":{"type":"Point","coordinates":[-6.353635,36.786852]},"properties":{"id":"VUT/CA/12856","type":"VUT","group":"Completa","address":"CALLE ORFEON SANTA CECILIA Nº 20 Blq. 3 Plta/Piso 1º Pta/Letra A, piso 1º, puerta A","postal_code":"11540","places":8,"units":4,"registered":"2021-10-11","catastro":"6247803QA3764E0009YY","holder":null,"holder_count":null}},{"type":"Feature","geometry":{"type":"Point","coordinates":[-6.35534,36.778969]},"properties":{"id":"VUT/CA/12866","type":"VUT","group":"Completa","address":"URBANIZACION Madre Del Agua Nº 1 Portal 2 Compl.Dom. Fase 1 Casa 2","postal_code":"11540","places":4,"units":2,"registered":"2021-10-15","catastro":"6239104QA3763G0010YT","holder":"Construcciones RAIPE","holder_count":2}},{"type":"Feature","geometry":{"type":"Point","coordinates":[-6.35534,36.778969]},"properties":{"id":"VUT/CA/12867","type":"VUT","group":"Completa","address":"CALLE Ruiz de somavia Nº 1 Portal 22 Plta/Piso 1 Pta/Letra c, piso 1, puerta c","postal_code":"11540","places":4,"units":2,"registered":"2021-10-15","catastro":"6239104QA3763G0004EW","holder":"Construcciones RAIPE","holder_count":2}},{"type":"Feature","geometry":{"type":"Point","coordinates":[-6.361604,36.780969]},"properties":{"id":"VUT/CA/12896","type":"VUT","group":"Completa","address":"CALLE AVENIDA LAS PILETAS 55 Blq. 2 Portal 2 Plta/Piso 2 Pta/Letra B Compl.Dom. PARQUE DOÑANA BLOQUE 2, piso 2, puerta B","postal_code":"11540","places":4,"units":2,"registered":"2021-10-22","catastro":"5639397QA3753G0026QF","holder":null,"holder_count":null}},{"type":"Feature","geometry":{"type":"Point","coordinates":[-6.354448,36.784626]},"properties":{"id":"VUT/CA/12918","type":"VUT","group":"Completa","address":"AVENIDA GUADALQUIVIR Nº 48 Portal 2 Plta/Piso 2 Pta/Letra D, piso 2, puerta D","postal_code":"11540","places":8,"units":4,"registered":"2021-10-27","catastro":"6244642QA3764C0028OQ","holder":null,"holder_count":null}},{"type":"Feature","geometry":{"type":"Point","coordinates":[-6.346766,36.78811]},"properties":{"id":"VUT/CA/12934","type":"VUT","group":"Completa","address":"AVENIDA DE LA MANZANILLA Nº 6 Plta/Piso 1 Pta/Letra F, piso 1, puerta F","postal_code":"11540","places":6,"units":3,"registered":"2021-11-02","catastro":"6847503QA3764E0014JI","holder":null,"holder_count":null}},{"type":"Feature","geometry":{"type":"Point","coordinates":[-6.358505,36.776025]},"properties":{"id":"VUT/CA/12938","type":"VUT","group":"Completa","address":"AVENIDA QUINTO CENTENARIO - HUERTA DEL DESENGAÑO Nº 2 Blq. 2 Esc. 1 Plta/Piso 1 Pta/Letra B Compl.Dom. EDIFICIO LOS DESCUBRIDORES, piso 1, puerta B","postal_code":"11540","places":6,"units":3,"registered":"2021-11-02","catastro":"5732417QA3753D0040KK","holder":null,"holder_count":null}},{"type":"Feature","geometry":{"type":"Point","coordinates":[-6.360868,36.778494]},"properties":{"id":"VUT/CA/12953","type":"VUT","group":"Completa","address":"CALLE Nao San Antonio Nº 9 Esc. 1 Pta/Letra c, puerta c","postal_code":"11540","places":6,"units":2,"registered":"2021-11-04","catastro":"5638801QA3753H0087DB","holder":"Advanced Mobile Telecom SL","holder_count":1}},{"type":"Feature","geometry":{"type":"Point","coordinates":[-6.354944,36.771044]},"properties":{"id":"VUT/CA/12968","type":"VUT","group":"Completa","address":"RESIDENCIAL Sagitario Esc. 1 Plta/Piso 1 Pta/Letra I Compl.Dom. La Dehesilla, piso 1, puerta I","postal_code":"11540","places":4,"units":2,"registered":"2021-11-09","catastro":"6129502QA3762G0004BI","holder":null,"holder_count":null}},{"type":"Feature","geometry":{"type":"Point","coordinates":[-6.357171,36.785502]},"properties":{"id":"VUT/CA/12970","type":"VUT","group":"Completa","address":"CALLE MANUEL HERMOSILLA Nº 5","postal_code":"11540","places":10,"units":5,"registered":"2021-11-09","catastro":"6045109QA3754F0001UE","holder":null,"holder_count":null}},{"type":"Feature","geometry":{"type":"Point","coordinates":[-6.366405,36.777199]},"properties":{"id":"VUT/CA/12993","type":"VUT","group":"Completa","address":"CALLE 1498 Nº 14 Plta/Piso BAJO Pta/Letra 7, piso BAJO, puerta 7","postal_code":"11540","places":7,"units":2,"registered":"2021-11-16","catastro":"5236356QA3753E0007BY","holder":null,"holder_count":null}},{"type":"Feature","geometry":{"type":"Point","coordinates":[-6.35622,36.779481]},"properties":{"id":"VUT/CA/12998","type":"VUT","group":"Completa","address":"PLAZA MATRONA EVELIA Nº 1 Esc. 2 Plta/Piso 1 Pta/Letra 1, piso 1, puerta 1","postal_code":"11540","places":8,"units":4,"registered":"2021-11-17","catastro":"6040813QA3753B0116AA","holder":null,"holder_count":null}},{"type":"Feature","geometry":{"type":"Point","coordinates":[-6.319209,36.798695]},"properties":{"id":"VUT/CA/13026","type":"VUT","group":"Completa","address":"CALLE Juan Acurio 501 Blq. 8 Plta/Piso 1 Pta/Letra D Compl.Dom. EDIFICIO ALBATROS GOLF SITO EN LOMAS MARTIN MIGUEL., piso 1, puerta D","postal_code":"11540","places":4,"units":2,"registered":"2021-11-23","catastro":"9260509QA3796A0149GQ","holder":null,"holder_count":null}},{"type":"Feature","geometry":{"type":"Point","coordinates":[-6.350162,36.772513]},"properties":{"id":"VUT/CA/13093","type":"VUT","group":"Completa","address":"CALLE MESON DEL DUQUE Nº 46 Plta/Piso 2 Pta/Letra A, piso 2, puerta A","postal_code":"11540","places":4,"units":2,"registered":"2021-11-30","catastro":"6631404QA3763B0007GY","holder":null,"holder_count":null}},{"type":"Feature","geometry":{"type":"Point","coordinates":[-6.352475,36.782724]},"properties":{"id":"VUT/CA/13134","type":"VUT","group":"Completa","address":"AVENIDA Cabo noval Nº 9 Plta/Piso 2, piso 2","postal_code":"11540","places":4,"units":2,"registered":"2021-12-14","catastro":"6443106QA3764C0003OT","holder":null,"holder_count":null}},{"type":"Feature","geometry":{"type":"Point","coordinates":[-6.35286,36.781383]},"properties":{"id":"VUT/CA/13202","type":"VUT","group":"Completa","address":"CALLE CARRIL DE SAN DIEGO Nº 2","postal_code":"11540","places":4,"units":2,"registered":"2022-01-02","catastro":"6341701QA3764A0008FG","holder":null,"holder_count":null}},{"type":"Feature","geometry":{"type":"Point","coordinates":[-6.356155,36.778572]},"properties":{"id":"VUT/CA/13207","type":"VUT","group":"Completa","address":"CALLE DE LA PLATA Nº 16 Plta/Piso 2, piso 2","postal_code":"11540","places":4,"units":2,"registered":"2022-01-03","catastro":"6138211QA3763G0006WR","holder":null,"holder_count":null}},{"type":"Feature","geometry":{"type":"Point","coordinates":[-6.349572,36.78311]},"properties":{"id":"VUT/CA/13246","type":"VUT","group":"Completa","address":"CALLE BOLSA Nº 102 Plta/Piso BAJO Pta/Letra A, piso BAJO, puerta A","postal_code":"11540","places":6,"units":2,"registered":"2022-01-13","catastro":"6742301QA3764B0008JQ","holder":null,"holder_count":null}},{"type":"Feature","geometry":{"type":"Point","coordinates":[-6.351599,36.780116]},"properties":{"id":"VUT/CA/13250","type":"VUT","group":"Completa","address":"CALLE CARRIL DE SAN DIEGO Nº 28 Esc. 1 Pta/Letra p, puerta p","postal_code":"11540","places":8,"units":4,"registered":"2022-01-13","catastro":"6539301QA3763G0035TQ","holder":null,"holder_count":null}},{"type":"Feature","geometry":{"type":"Point","coordinates":[-6.352022,36.779398]},"properties":{"id":"VUT/CA/13256","type":"VUT","group":"Completa","address":"CALLE ANCHA Nº 80 Plta/Piso 2 Pta/Letra C, piso 2, puerta C","postal_code":"11540","places":4,"units":2,"registered":"2022-01-14","catastro":"6438516QA3763G0007DT","holder":null,"holder_count":null}},{"type":"Feature","geometry":{"type":"Point","coordinates":[-6.319209,36.798695]},"properties":{"id":"VUT/CA/13313","type":"VUT","group":"Completa","address":"CALLE JUAN DE ACUARIO EDIF ALBATROS Nº 14 Plta/Piso BAJO Pta/Letra A2, piso BAJO, puerta A2","postal_code":"11540","places":6,"units":2,"registered":"2022-01-25","catastro":"9260509QA3796A0202YG","holder":"DOÑA PEPA JEREZ, S.L.","holder_count":1}},{"type":"Feature","geometry":{"type":"Point","coordinates":[-6.351935,36.780917]},"properties":{"id":"VUT/CA/13317","type":"VUT","group":"Completa","address":"CALLE BOLSA Nº 22/24","postal_code":"11540","places":6,"units":2,"registered":"2022-01-25","catastro":"6441701QA3764A0005ES","holder":null,"holder_count":null}},{"type":"Feature","geometry":{"type":"Point","coordinates":[-6.362429,36.778773]},"properties":{"id":"VUT/CA/13336","type":"VUT","group":"Completa","address":"CALLE DIEGO ARIAS Nº 3 Plta/Piso Bº Pta/Letra A, piso Bº, puerta A","postal_code":"11540","places":5,"units":2,"registered":"2022-01-27","catastro":"5537303QA3753H0001ZR","holder":null,"holder_count":null}},{"type":"Feature","geometry":{"type":"Point","coordinates":[-6.352133,36.77981]},"properties":{"id":"VUT/CA/13350","type":"VUT","group":"Completa","address":"CALLE DIEGO BENITEZ Nº 6 Plta/Piso BAJO Pta/Letra 1, piso BAJO, puerta 1","postal_code":"11540","places":6,"units":2,"registered":"2022-01-31","catastro":"6439507QA3763G1001WB","holder":null,"holder_count":null}},{"type":"Feature","geometry":{"type":"Point","coordinates":[-6.388876,36.765418]},"properties":{"id":"VUT/CA/13398","type":"VUT","group":"Completa","address":"CALLE DE LAS ALGAS Nº 2","postal_code":"11540","places":10,"units":5,"registered":"2022-02-06","catastro":"3313912QA3722D0001XI","holder":null,"holder_count":null}},{"type":"Feature","geometry":{"type":"Point","coordinates":[-6.356349,36.78111]},"properties":{"id":"VUT/CA/13416","type":"VUT","group":"Completa","address":"CALLE MANUEL DE DIEGO LORA Nº NUMERO Calif.Nº 10 Plta/Piso 4ª Pta/Letra 1 Compl.Dom. EDIFICIO COLON, piso 4ª, puerta 1","postal_code":"11540","places":6,"units":3,"registered":"2022-02-08","catastro":"6040832QA3753B0033ZL","holder":null,"holder_count":null}},{"type":"Feature","geometry":{"type":"Point","coordinates":[-6.370305,36.774524]},"properties":{"id":"VUT/CA/13447","type":"VUT","group":"Completa","address":"CALLE CRUCERO Nº 3 Pta/Letra 11, puerta 11","postal_code":"11540","places":6,"units":2,"registered":"2022-02-14","catastro":"4832322QA3743A0015KJ","holder":null,"holder_count":null}},{"type":"Feature","geometry":{"type":"Point","coordinates":[-6.354004,36.771998]},"properties":{"id":"VUT/CA/13471","type":"VUT","group":"Completa","address":"CALLE PUERTO Nº 5 Plta/Piso 1 Pta/Letra E Compl.Dom. EDIFICIO UNICORNIO, piso 1, puerta E","postal_code":"11540","places":6,"units":2,"registered":"2022-02-16","catastro":"6331211QA3763A0005LK","holder":null,"holder_count":null}},{"type":"Feature","geometry":{"type":"Point","coordinates":[-6.354498,36.773218]},"properties":{"id":"VUT/CA/13500","type":"VUT","group":"Completa","address":"CALLE PARRA Nº 21 Plta/Piso 1 Pta/Letra A, piso 1, puerta A","postal_code":"11540","places":6,"units":2,"registered":"2022-02-20","catastro":"6232612QA3763A0003OH","holder":null,"holder_count":null}},{"type":"Feature","geometry":{"type":"Point","coordinates":[-6.352127,36.782877]},"properties":{"id":"VUT/CA/13525","type":"VUT","group":"Completa","address":"AVENIDA CABO NOVAL Nº 8 Compl.Dom. EDIFICIO LISBOA","postal_code":"11540","places":5,"units":3,"registered":"2022-02-23","catastro":"6543325QA3764C0004SY","holder":null,"holder_count":null}},{"type":"Feature","geometry":{"type":"Point","coordinates":[-6.353554,36.775271]},"properties":{"id":"VUT/CA/13528","type":"VUT","group":"Completa","address":"CALLE Rincon del Costalero (antigua calle Jerez) Nº 4","postal_code":"11540","places":4,"units":2,"registered":"2022-02-24","catastro":"6334202QA3763C0002MP","holder":null,"holder_count":null}},{"type":"Feature","geometry":{"type":"Point","coordinates":[-6.359659,36.782108]},"properties":{"id":"VUT/CA/13538","type":"VUT","group":"Completa","address":"CALLE Alonso de Lugo Nº 3 Plta/Piso 3º Pta/Letra B, piso 3º, puerta B","postal_code":"11540","places":6,"units":2,"registered":"2022-02-24","catastro":"5742703QA3754B0010FL","holder":null,"holder_count":null}},{"type":"Feature","geometry":{"type":"Point","coordinates":[-6.353361,36.777771]},"properties":{"id":"VUT/CA/13541","type":"VUT","group":"Completa","address":"CALLE Don Roman Portal 1 Plta/Piso 2 Pta/Letra D, piso 2, puerta D","postal_code":"11540","places":6,"units":3,"registered":"2022-02-25","catastro":"6437210QA3763E0012DS","holder":null,"holder_count":null}},{"type":"Feature","geometry":{"type":"Point","coordinates":[-6.354898,36.77882]},"properties":{"id":"VUT/CA/13566","type":"VUT","group":"Completa","address":"CALLE Victoria Nº 11","postal_code":"11540","places":4,"units":2,"registered":"2022-03-01","catastro":"6238919QA3763G0006WR","holder":null,"holder_count":null}},{"type":"Feature","geometry":{"type":"Point","coordinates":[-6.351136,36.778102]},"properties":{"id":"VUT/CA/13608","type":"VUT","group":"Completa","address":"CALLE CARMEN VIEJO Nº 46","postal_code":"11540","places":6,"units":4,"registered":"2022-03-07","catastro":"6537622QA3763f0004TH","holder":null,"holder_count":null}},{"type":"Feature","geometry":{"type":"Point","coordinates":[-6.36151,36.760324]},"properties":{"id":"VUT/CA/13611","type":"VUT","group":"Completa","address":"CALLE JACARANDA Nº 37 Compl.Dom. URBANIFACION LAS PALMERAS","postal_code":"11540","places":6,"units":4,"registered":"2022-03-07","catastro":"5617823QA3751F0001BZ","holder":null,"holder_count":null}},{"type":"Feature","geometry":{"type":"Point","coordinates":[-6.349303,36.783801]},"properties":{"id":"VUT/CA/13618","type":"VUT","group":"Completa","address":"CALLE Trasbolsa Nº 72 Esc. 1 Pta/Letra 18, puerta 18","postal_code":"11540","places":2,"units":1,"registered":"2022-03-08","catastro":"6744916QA3764D0012XB","holder":null,"holder_count":null}},{"type":"Feature","geometry":{"type":"Point","coordinates":[-6.357894,36.778034]},"properties":{"id":"VUT/CA/13625","type":"VUT","group":"Completa","address":"CALLE BANDA PLAYA Nº 60 Plta/Piso 1 Pta/Letra C Compl.Dom. EDIFICO BANDA PLAYA, piso 1, puerta C","postal_code":"11540","places":4,"units":2,"registered":"2022-03-08","catastro":"5939238QA3753H0007TP","holder":null,"holder_count":null}},{"type":"Feature","geometry":{"type":"Point","coordinates":[-6.35286,36.781383]},"properties":{"id":"VUT/CA/13632","type":"VUT","group":"Completa","address":"CALLE TRASBOLSA Nº 21","postal_code":"11540","places":2,"units":1,"registered":"2022-03-08","catastro":"6341701QA3764A0004PA","holder":null,"holder_count":null}},{"type":"Feature","geometry":{"type":"Point","coordinates":[-6.360455,36.783742]},"properties":{"id":"VUT/CA/13638","type":"VUT","group":"Completa","address":"CALLE ESTEBAN DE BOUTELOU Nº 7 Plta/Piso B Pta/Letra 4, piso B, puerta 4","postal_code":"11540","places":4,"units":2,"registered":"2022-03-09","catastro":"5743409QA3754D0018MX","holder":null,"holder_count":null}},{"type":"Feature","geometry":{"type":"Point","coordinates":[-6.360481,36.780187]},"properties":{"id":"VUT/CA/13651","type":"VUT","group":"Completa","address":"AVENIDA V CENTENARIO Nº 40","postal_code":"11540","places":8,"units":3,"registered":"2022-03-10","catastro":"5739631QA3753H0016EH","holder":null,"holder_count":null}},{"type":"Feature","geometry":{"type":"Point","coordinates":[-6.349507,36.786583]},"properties":{"id":"VUT/CA/13670","type":"VUT","group":"Completa","address":"CALLE MASCARON DE PROA Nº 4 Blq. 1 Plta/Piso 1 Pta/Letra H, piso 1, puerta H","postal_code":"11540","places":5,"units":2,"registered":"2022-03-11","catastro":"6547606QA3764E0062DK","holder":null,"holder_count":null}},{"type":"Feature","geometry":{"type":"Point","coordinates":[-6.358176,36.784885]},"properties":{"id":"VUT/CA/13679","type":"VUT","group":"Completa","address":"AVENIDA CALZADA DUQUESA ISABEL Nº 58 Esc. 1 Pta/Letra 8, puerta 8","postal_code":"11540","places":8,"units":2,"registered":"2022-03-14","catastro":"5945101QA3754D0437RQ","holder":null,"holder_count":null}},{"type":"Feature","geometry":{"type":"Point","coordinates":[-6.355266,36.778128]},"properties":{"id":"VUT/CA/13698","type":"VUT","group":"Completa","address":"CALLE RUIZ DE SOMAVIA Nº 1 Plta/Piso 2 Pta/Letra B, piso 2, puerta B","postal_code":"11540","places":6,"units":2,"registered":"2022-03-16","catastro":"6138705QA3763G2002PL","holder":null,"holder_count":null}},{"type":"Feature","geometry":{"type":"Point","coordinates":[-6.350346,36.778365]},"properties":{"id":"VUT/CA/13712","type":"VUT","group":"Completa","address":"CALLE CARRIL DE SAN DIEGO Nº 69 Plta/Piso BAJ0 Pta/Letra A, piso BAJ0, puerta A","postal_code":"11540","places":6,"units":3,"registered":"2022-03-17","catastro":"6738411QA3763H0001EI","holder":null,"holder_count":null}},{"type":"Feature","geometry":{"type":"Point","coordinates":[-6.36017,36.783171]},"properties":{"id":"VUT/CA/13721","type":"VUT","group":"Completa","address":"CALLE ALONSO DE LUGO Nº 18 Pta/Letra 14, puerta 14","postal_code":"11540","places":4,"units":2,"registered":"2022-03-18","catastro":"5743708QA3754D0014XK","holder":null,"holder_count":null}},{"type":"Feature","geometry":{"type":"Point","coordinates":[-6.356034,36.774436]},"properties":{"id":"VUT/CA/13724","type":"VUT","group":"Completa","address":"CALLE PADRES LUIS NUÑEZ RODRIGUEZ Nº 4 Portal 2 Esc. 1 Plta/Piso 1 Pta/Letra A Compl.Dom. EDF. JUAN SEVASTIAN EL CANO, piso 1, puerta A","postal_code":"11540","places":6,"units":2,"registered":"2022-03-19","catastro":"6133727QA3763C0005ZD","holder":null,"holder_count":null}},{"type":"Feature","geometry":{"type":"Point","coordinates":[-6.359149,36.777366]},"properties":{"id":"VUT/CA/13725","type":"VUT","group":"Completa","address":"AVENIDA Quinto Centenario Nº 99 Plta/Piso 1 Pta/Letra A, piso 1, puerta A","postal_code":"11540","places":4,"units":2,"registered":"2022-03-19","catastro":"5736824QA3753F0003LA","holder":null,"holder_count":null}},{"type":"Feature","geometry":{"type":"Point","coordinates":[-6.36063,36.772179]},"properties":{"id":"VUT/CA/13726","type":"VUT","group":"Completa","address":"CALLE FRAY ISIDORO DE SEVILLA Nº 3 Portal 27","postal_code":"11540","places":4,"units":2,"registered":"2022-03-19","catastro":"5730252QA3753B0027HH","holder":null,"holder_count":null}},{"type":"Feature","geometry":{"type":"Point","coordinates":[-6.35443,36.781174]},"properties":{"id":"VUT/CA/13747","type":"VUT","group":"Completa","address":"CALLE Infanta Beatriz Plta/Piso 6 Pta/Letra 6, piso 6, puerta 6","postal_code":"11540","places":4,"units":2,"registered":"2022-03-22","catastro":"6241701QA3764A0045QJ","holder":null,"holder_count":null}},{"type":"Feature","geometry":{"type":"Point","coordinates":[-6.353305,36.77735]},"properties":{"id":"VUT/CA/13754","type":"VUT","group":"Completa","address":"CALLE CARMEN VIEJO Nº 8 Portal 1 Plta/Piso 2 Pta/Letra 8 Compl.Dom. EDIFICIO LAS PALOMAS, piso 2, puerta 8","postal_code":"11540","places":4,"units":2,"registered":"2022-03-22","catastro":"6436911QA3763E0110MD","holder":null,"holder_count":null}},{"type":"Feature","geometry":{"type":"Point","coordinates":[-6.358532,36.761063]},"properties":{"id":"VUT/CA/13759","type":"VUT","group":"Completa","address":"CALLE GALATEA Nº 5 Pta/Letra 2, puerta 2","postal_code":"11540","places":6,"units":2,"registered":"2022-03-22","catastro":"5918814QA3751H0001HH","holder":null,"holder_count":null}},{"type":"Feature","geometry":{"type":"Point","coordinates":[-6.350761,36.779361]},"properties":{"id":"VUT/CA/13774","type":"VUT","group":"Completa","address":"CALLE FARIÑA Nº 3 Plta/Piso 1, piso 1","postal_code":"11540","places":6,"units":3,"registered":"2022-03-24","catastro":"6639309QA3763H0002XO","holder":null,"holder_count":null}},{"type":"Feature","geometry":{"type":"Point","coordinates":[-6.346766,36.78811]},"properties":{"id":"VUT/CA/13792","type":"VUT","group":"Completa","address":"AVENIDA DE LA MANZANILLA Nº SN","postal_code":"11540","places":3,"units":3,"registered":"2022-03-25","catastro":"6847503QA3764E0021ZS","holder":null,"holder_count":null}},{"type":"Feature","geometry":{"type":"Point","coordinates":[-6.359149,36.777366]},"properties":{"id":"VUT/CA/13827","type":"VUT","group":"Completa","address":"AVENIDA Quinto Centenario Nº 99 Plta/Piso 1 Pta/Letra A, piso 1, puerta A","postal_code":"11540","places":4,"units":2,"registered":"2022-03-30","catastro":"5736824QA3753F0003LA","holder":null,"holder_count":null}},{"type":"Feature","geometry":{"type":"Point","coordinates":[-6.354259,36.773909]},"properties":{"id":"VUT/CA/13830","type":"VUT","group":"Completa","address":"CALLE MISERICORDIA Nº 20-22 Plta/Piso 1º Pta/Letra E, piso 1º, puerta E","postal_code":"11540","places":6,"units":2,"registered":"2022-03-30","catastro":"6333107QA3763A0016QE","holder":null,"holder_count":null}},{"type":"Feature","geometry":{"type":"Point","coordinates":[-6.358176,36.784885]},"properties":{"id":"VUT/CA/13848","type":"VUT","group":"Por habitaciones","address":"AVENIDA CALZADA DE LA DUQUESA ISABEL Nº 58 Portal 10 Plta/Piso 6 Pta/Letra 40 Compl.Dom. URBANIZACIÓN LOS INFANTES, piso 6, puerta 40","postal_code":"11540","places":6,"units":3,"registered":"2022-04-01","catastro":"5945101QA3754D0220UR","holder":null,"holder_count":null}},{"type":"Feature","geometry":{"type":"Point","coordinates":[-6.354589,36.777474]},"properties":{"id":"VUT/CA/13851","type":"VUT","group":"Completa","address":"CALLE TORNO Nº 13 Plta/Piso 2 Pta/Letra A, piso 2, puerta A","postal_code":"11540","places":4,"units":2,"registered":"2022-04-02","catastro":"6236133QA3763E0009SS","holder":null,"holder_count":null}},{"type":"Feature","geometry":{"type":"Point","coordinates":[-6.360455,36.783742]},"properties":{"id":"VUT/CA/13854","type":"VUT","group":"Completa","address":"CALLE ESTEBAN BOUTELOU Nº 7 Plta/Piso 1 Pta/Letra 5, piso 1, puerta 5","postal_code":"11540","places":5,"units":2,"registered":"2022-04-03","catastro":"5743409QA3754D0024EW","holder":null,"holder_count":null}},{"type":"Feature","geometry":{"type":"Point","coordinates":[-6.352133,36.77981]},"properties":{"id":"VUT/CA/13870","type":"VUT","group":"Completa","address":"CALLE DIEGO BENITEZ Nº 6 Plta/Piso ATICO Pta/Letra 1, piso ATICO, puerta 1","postal_code":"11540","places":2,"units":1,"registered":"2022-04-04","catastro":"6439507QA3763G0005IE","holder":null,"holder_count":null}},{"type":"Feature","geometry":{"type":"Point","coordinates":[-6.350702,36.78198]},"properties":{"id":"VUT/CA/13896","type":"VUT","group":"Completa","address":"CALLE BOLSA Nº 74 Plta/Piso 1 Pta/Letra D, piso 1, puerta D","postal_code":"11540","places":4,"units":2,"registered":"2022-04-07","catastro":"6641951QA3764B0009GW","holder":null,"holder_count":null}},{"type":"Feature","geometry":{"type":"Point","coordinates":[-6.367969,36.776689]},"properties":{"id":"VUT/CA/13909","type":"VUT","group":"Completa","address":"CALLE MIL CUATROCIENTOS NOVENTA Y OCHO Nº 18 Portal 3 Plta/Piso 2 Pta/Letra C Compl.Dom. PLAYA DE LAS PILETAS, piso 2, puerta C","postal_code":"11540","places":4,"units":2,"registered":"2022-04-09","catastro":"5236355QA3753E0042AY","holder":null,"holder_count":null}},{"type":"Feature","geometry":{"type":"Point","coordinates":[-6.359659,36.782108]},"properties":{"id":"VUT/CA/13917","type":"VUT","group":"Completa","address":"CALLE ALONSO DE LUGO Nº 3 Portal C Compl.Dom. SE ACCEDE DESDE C/ LUISA DE GUZMAN","postal_code":"11540","places":8,"units":3,"registered":"2022-04-10","catastro":"5742703QA3754B0013JX","holder":null,"holder_count":null}},{"type":"Feature","geometry":{"type":"Point","coordinates":[-6.357236,36.781608]},"properties":{"id":"VUT/CA/13955","type":"VUT","group":"Completa","address":"CALLE MANUEL DE DIEGO LORA Nº 24 Esc. 1 Plta/Piso 1 Pta/Letra A Compl.Dom. Residencial La Marina, piso 1, puerta A","postal_code":"11540","places":4,"units":2,"registered":"2022-04-17","catastro":"6040824QA3764B0004WB","holder":null,"holder_count":null}},{"type":"Feature","geometry":{"type":"Point","coordinates":[-6.352038,36.785225]},"properties":{"id":"VUT/CA/13984","type":"VUT","group":"Por habitaciones","address":"AVENIDA CABO NOVAL Nº 57 Blq. 1 Portal 1 Esc. D Plta/Piso 1 Pta/Letra D Compl.Dom. EDIF PINTOR MURILLO, piso 1, puerta D","postal_code":"11540","places":4,"units":2,"registered":"2022-04-20","catastro":"6345702qa3764e0004HQ","holder":null,"holder_count":null}},{"type":"Feature","geometry":{"type":"Point","coordinates":[-6.354399,36.777533]},"properties":{"id":"VUT/CA/13985","type":"VUT","group":"Completa","address":"CALLE TORNO Nº 11 Plta/Piso 1 Pta/Letra B, piso 1, puerta B","postal_code":"11540","places":6,"units":3,"registered":"2022-04-20","catastro":"6236130QA3763E0004EU","holder":null,"holder_count":null}},{"type":"Feature","geometry":{"type":"Point","coordinates":[-6.367969,36.776689]},"properties":{"id":"VUT/CA/14002","type":"VUT","group":"Completa","address":"CALLE MIL CUATROCIENTOS NOVENTA Y OCHO Nº 10 Esc. 3 Plta/Piso 0 Pta/Letra B Compl.Dom. URBANIZACION PLAZA DE DOÑANA, piso 0, puerta B","postal_code":"11540","places":6,"units":3,"registered":"2022-04-22","catastro":"5236355QA3753E0032RX","holder":"LMD CAPITAL GRUOP S.L","holder_count":1}},{"type":"Feature","geometry":{"type":"Point","coordinates":[-6.360394,36.778338]},"properties":{"id":"VUT/CA/14007","type":"VUT","group":"Completa","address":"CALLE NAO CONCEPCION Nº 3 Plta/Piso 1 Pta/Letra B Compl.Dom. EDIFICIO EVORA PORTAL 1, piso 1, puerta B","postal_code":"11540","places":4,"units":2,"registered":"2022-04-22","catastro":"5636503QA3753F0018UM","holder":null,"holder_count":null}},{"type":"Feature","geometry":{"type":"Point","coordinates":[-6.350195,36.775173]},"properties":{"id":"VUT/CA/14014","type":"VUT","group":"Completa","address":"CALLE SAN AGUSTÍN Nº 43 Plta/Piso B Pta/Letra 2, piso B, puerta 2","postal_code":"11540","places":2,"units":1,"registered":"2022-04-23","catastro":"6635806QA3763D0003LB","holder":null,"holder_count":null}},{"type":"Feature","geometry":{"type":"Point","coordinates":[-6.355346,36.774388]},"properties":{"id":"VUT/CA/14020","type":"VUT","group":"Completa","address":"CALLE SEBASTIÁN ELCANO Nº 2 Plta/Piso 2 Pta/Letra B Compl.Dom. EDIFICIO ALCOTÁN, piso 2, puerta B","postal_code":"11540","places":4,"units":2,"registered":"2022-04-23","catastro":"6133728QA3753D0027MA","holder":null,"holder_count":null}},{"type":"Feature","geometry":{"type":"Point","coordinates":[-6.348972,36.776104]},"properties":{"id":"VUT/CA/14028","type":"VUT","group":"Completa","address":"CALLE PEDRO RODRIGUEZ Nº 9 Esc. 1 Plta/Piso 1 Pta/Letra E, piso 1, puerta E","postal_code":"11540","places":4,"units":2,"registered":"2022-04-24","catastro":"6735517QA3763F0011UB","holder":null,"holder_count":null}},{"type":"Feature","geometry":{"type":"Point","coordinates":[-6.336621,36.798295]},"properties":{"id":"VUT/CA/14029","type":"VUT","group":"Completa","address":"CALLE PUERTO DUQUESA Nº 2 Esc. 1 Plta/Piso 1 Pta/Letra 08, piso 1, puerta 08","postal_code":"11540","places":5,"units":2,"registered":"2022-04-25","catastro":"7760801QA3776B0022EQ","holder":null,"holder_count":null}},{"type":"Feature","geometry":{"type":"Point","coordinates":[-6.336621,36.798295]},"properties":{"id":"VUT/CA/14030","type":"VUT","group":"Completa","address":"CALLE PUERTO DUQUESA Nº 2 Esc. 1 Plta/Piso 1 Pta/Letra 08, piso 1, puerta 08","postal_code":"11540","places":5,"units":2,"registered":"2022-04-25","catastro":"7760801QA3776B0022EQ","holder":null,"holder_count":null}},{"type":"Feature","geometry":{"type":"Point","coordinates":[-6.354449,36.781686]},"properties":{"id":"VUT/CA/14045","type":"VUT","group":"Completa","address":"CALLE INFANTA BEATRIZ Nº 13 Plta/Piso 2 Pta/Letra 6, piso 2, puerta 6","postal_code":"11540","places":6,"units":3,"registered":"2022-04-26","catastro":"6241501QA3764A0019XM","holder":null,"holder_count":null}},{"type":"Feature","geometry":{"type":"Point","coordinates":[-6.358106,36.777307]},"properties":{"id":"VUT/CA/14047","type":"VUT","group":"Completa","address":"CALLE Padre Aldama y Pruaño Nº 4 Plta/Piso Bajo Pta/Letra B, piso Bajo, puerta B","postal_code":"11540","places":5,"units":2,"registered":"2022-04-26","catastro":"5937804QA3753F0007QG","holder":null,"holder_count":null}},{"type":"Feature","geometry":{"type":"Point","coordinates":[-6.35693,36.777177]},"properties":{"id":"VUT/CA/14060","type":"VUT","group":"Completa","address":"CALLE SAN JUAN Nº 53 Plta/Piso BAJO Pta/Letra B, piso BAJO, puerta B","postal_code":"11540","places":4,"units":2,"registered":"2022-04-27","catastro":"6036612QA3763E0003XY","holder":null,"holder_count":null}},{"type":"Feature","geometry":{"type":"Point","coordinates":[-6.353133,36.777303]},"properties":{"id":"VUT/CA/14062","type":"VUT","group":"Completa","address":"CALLE Carmen Viejo Nº 12 Blq. 1 Plta/Piso 4 Pta/Letra a, piso 4, puerta a","postal_code":"11540","places":4,"units":3,"registered":"2022-04-27","catastro":"6436912QA3763E0008UA","holder":null,"holder_count":null}},{"type":"Feature","geometry":{"type":"Point","coordinates":[-6.347017,36.782809]},"properties":{"id":"VUT/CA/14066","type":"VUT","group":"Completa","address":"CALLE BARRAMEDA Nº 40 Plta/Piso 2 Pta/Letra A, piso 2, puerta A","postal_code":"11540","places":5,"units":2,"registered":"2022-04-27","catastro":"6943812qa3764d0005eh","holder":null,"holder_count":null}},{"type":"Feature","geometry":{"type":"Point","coordinates":[-6.35635,36.780069]},"properties":{"id":"VUT/CA/14085","type":"VUT","group":"Completa","address":"CALLE HERMANO FERMÍN Nº 13 Portal MARINA 5 Plta/Piso 1º Pta/Letra B, piso 1º, puerta B","postal_code":"11540","places":6,"units":2,"registered":"2022-04-29","catastro":"6040812QA3753B0051XI","holder":null,"holder_count":null}},{"type":"Feature","geometry":{"type":"Point","coordinates":[-6.354702,36.781411]},"properties":{"id":"VUT/CA/14088","type":"VUT","group":"Completa","address":"CALLE INFANTA BEATRIZ Nº 7 Plta/Piso 6 Pta/Letra 4, piso 6, puerta 4","postal_code":"11540","places":5,"units":3,"registered":"2022-04-30","catastro":"6141505QA3764A0042AF","holder":"MERT GESTION Y ADMINISTRACION SL","holder_count":1}},{"type":"Feature","geometry":{"type":"Point","coordinates":[-6.35702,36.778682]},"properties":{"id":"VUT/CA/14114","type":"VUT","group":"Completa","address":"PLAZA De Las Infantas Portal 6 Plta/Piso 1 Pta/Letra B Compl.Dom. Edificio Infanta Eulalia, piso 1, puerta B","postal_code":"11540","places":6,"units":3,"registered":"2022-05-03","catastro":"5939293QA3753H0174LD","holder":null,"holder_count":null}},{"type":"Feature","geometry":{"type":"Point","coordinates":[-6.350849,36.784181]},"properties":{"id":"VUT/CA/14127","type":"VUT","group":"Completa","address":"PLAZA SALMEDINA Nº 7","postal_code":"11540","places":4,"units":2,"registered":"2022-05-04","catastro":"6543330QA3764C0023BL","holder":null,"holder_count":null}},{"type":"Feature","geometry":{"type":"Point","coordinates":[-6.349572,36.78311]},"properties":{"id":"VUT/CA/14130","type":"VUT","group":"Completa","address":"CALLE Bolsa Nº 102 Plta/Piso 1 Pta/Letra B, piso 1, puerta B","postal_code":"11540","places":4,"units":2,"registered":"2022-05-05","catastro":"6742301QA3764B0011JQ","holder":null,"holder_count":null}},{"type":"Feature","geometry":{"type":"Point","coordinates":[-6.351705,36.781291]},"properties":{"id":"VUT/CA/14131","type":"VUT","group":"Completa","address":"CALLE BOLSA Nº 26","postal_code":"11540","places":5,"units":3,"registered":"2022-05-05","catastro":"6641932QA3764B0009DW","holder":null,"holder_count":null}},{"type":"Feature","geometry":{"type":"Point","coordinates":[-6.370305,36.774524]},"properties":{"id":"VUT/CA/14150","type":"VUT","group":"Completa","address":"CALLE CRUCERO Nº 3 Esc. 1 Plta/Piso 0 Pta/Letra 18 Compl.Dom. APARTAMENTOS TURISTICOS CASTILLO DEL ESPIRITU SANTO 2ª FASE, piso 0, puerta 18","postal_code":"11540","places":6,"units":2,"registered":"2022-05-05","catastro":"4832322QA3743A0022XZ","holder":null,"holder_count":null}},{"type":"Feature","geometry":{"type":"Point","coordinates":[-6.335526,36.791964]},"properties":{"id":"VUT/CA/14160","type":"VUT","group":"Por habitaciones","address":"CALLE CARLOS CANO Nº 5 Plta/Piso BJ Pta/Letra B, piso BJ, puerta B","postal_code":"11540","places":4,"units":2,"registered":"2022-05-06","catastro":"77506F7QA3775B0002PH","holder":null,"holder_count":null}},{"type":"Feature","geometry":{"type":"Point","coordinates":[-6.359933,36.777115]},"properties":{"id":"VUT/CA/14170","type":"VUT","group":"Completa","address":"CALLE CANOA Nº 2","postal_code":"11540","places":3,"units":1,"registered":"2022-05-09","catastro":"5736830QA3753F0001ZO","holder":null,"holder_count":null}},{"type":"Feature","geometry":{"type":"Point","coordinates":[-6.344883,36.781803]},"properties":{"id":"VUT/CA/14183","type":"VUT","group":"Completa","address":"CALLE CABO SAN ADRIAN Nº 10","postal_code":"11540","places":8,"units":4,"registered":"2022-05-10","catastro":"7141675QA3774A0010OK","holder":null,"holder_count":null}},{"type":"Feature","geometry":{"type":"Point","coordinates":[-6.370035,36.774901]},"properties":{"id":"VUT/CA/14194","type":"VUT","group":"Completa","address":"CALLE CRUCERO Nº 2 Esc. 1 Plta/Piso 0 Pta/Letra 9, piso 0, puerta 9","postal_code":"11540","places":7,"units":3,"registered":"2022-05-10","catastro":"4832301QA3743A0001PY","holder":null,"holder_count":null}},{"type":"Feature","geometry":{"type":"Point","coordinates":[-6.377221,36.766736]},"properties":{"id":"VUT/CA/14223","type":"VUT","group":"Completa","address":"CALLE VILLALUENGA DEL ROSARIO Nº 3","postal_code":"11540","places":8,"units":4,"registered":"2022-05-12","catastro":"4324801QA3732D0001XS","holder":null,"holder_count":null}},{"type":"Feature","geometry":{"type":"Point","coordinates":[-6.354378,36.779283]},"properties":{"id":"VUT/CA/14224","type":"VUT","group":"Completa","address":"CALLE RAMON Y CAJAL Nº 5 Esc. 1 Plta/Piso 2 Pta/Letra B, piso 2, puerta B","postal_code":"11540","places":4,"units":2,"registered":"2022-05-12","catastro":"6239904QA3763G0005DE","holder":null,"holder_count":null}},{"type":"Feature","geometry":{"type":"Point","coordinates":[-6.353248,36.783422]},"properties":{"id":"VUT/CA/14230","type":"VUT","group":"Completa","address":"CALLE Padre Cuevas Nº 4 Blq. A Compl.Dom. Grupo viviendas Nuestra Señoras del Rocio","postal_code":"11540","places":5,"units":3,"registered":"2022-05-13","catastro":"6244620QA3764C0001TE","holder":"Rep Cuadrado S.L.","holder_count":2}},{"type":"Feature","geometry":{"type":"Point","coordinates":[-6.349686,36.784126]},"properties":{"id":"VUT/CA/14248","type":"VUT","group":"Completa","address":"CALLE TRASBOLSA Nº 61 Compl.Dom. DUPLEX 10","postal_code":"11540","places":9,"units":4,"registered":"2022-05-15","catastro":"6644408QA3764D0053JE","holder":null,"holder_count":null}},{"type":"Feature","geometry":{"type":"Point","coordinates":[-6.352022,36.779398]},"properties":{"id":"VUT/CA/14253","type":"VUT","group":"Completa","address":"CALLE ANCHA Nº 80 Portal C Plta/Piso 1 Pta/Letra B, piso 1, puerta B","postal_code":"11540","places":4,"units":2,"registered":"2022-05-16","catastro":"6438516QA3763G0017BS","holder":null,"holder_count":null}},{"type":"Feature","geometry":{"type":"Point","coordinates":[-6.349712,36.780454]},"properties":{"id":"VUT/CA/14268","type":"VUT","group":"Completa","address":"CALLE SIETE REVUELTAS Nº 3  5 Esc. 1 Plta/Piso 2 Pta/Letra D, piso 2, puerta D","postal_code":"11540","places":6,"units":2,"registered":"2022-05-16","catastro":"6640515QA3764B0017DU","holder":null,"holder_count":null}},{"type":"Feature","geometry":{"type":"Point","coordinates":[-6.354522,36.778463]},"properties":{"id":"VUT/CA/14273","type":"VUT","group":"Completa","address":"CALLE SAN JUAN Nº 12 Plta/Piso 1 Pta/Letra B, piso 1, puerta B","postal_code":"11540","places":4,"units":2,"registered":"2022-05-17","catastro":"6238910QA3763G0007FT","holder":null,"holder_count":null}},{"type":"Feature","geometry":{"type":"Point","coordinates":[-6.351705,36.781291]},"properties":{"id":"VUT/CA/14303","type":"VUT","group":"Completa","address":"CALLE BOLSA Nº 26","postal_code":"11540","places":4,"units":2,"registered":"2022-05-19","catastro":"6641932QA3764B0012DW","holder":null,"holder_count":null}},{"type":"Feature","geometry":{"type":"Point","coordinates":[-6.353361,36.777771]},"properties":{"id":"VUT/CA/14352","type":"VUT","group":"Completa","address":"CALLE DON ROMÁN Nº 1 Plta/Piso 2 Pta/Letra A, piso 2, puerta A","postal_code":"11540","places":6,"units":3,"registered":"2022-05-24","catastro":"6437210QA3763E0009DS","holder":null,"holder_count":null}},{"type":"Feature","geometry":{"type":"Point","coordinates":[-6.357333,36.777828]},"properties":{"id":"VUT/CA/14369","type":"VUT","group":"Por habitaciones","address":"CALLE DE LA PLATA Nº 48","postal_code":"11540","places":4,"units":1,"registered":"2022-05-25","catastro":"6037414QA3753F0001SO","holder":null,"holder_count":null}},{"type":"Feature","geometry":{"type":"Point","coordinates":[-6.353635,36.786852]},"properties":{"id":"VUT/CA/14370","type":"VUT","group":"Completa","address":"CALLE Orfeón Santa Cecilia Nº 2 Blq. 1 Plta/Piso 4 Pta/Letra D Compl.Dom. Urbanización Vista Alegre, piso 4, puerta D","postal_code":"11540","places":5,"units":2,"registered":"2022-05-25","catastro":"6247803QA3764E0064BB","holder":null,"holder_count":null}},{"type":"Feature","geometry":{"type":"Point","coordinates":[-6.346925,36.785311]},"properties":{"id":"VUT/CA/14392","type":"VUT","group":"Completa","address":"CALLE BOLSA Nº 179 Blq. B Plta/Piso 2 Pta/Letra 5, piso 2, puerta 5","postal_code":"11540","places":5,"units":3,"registered":"2022-05-26","catastro":"6845509QA3764F0111GJ","holder":"OLE SOLUTIONS HOLIDAY RENTALS S.L.","holder_count":3}},{"type":"Feature","geometry":{"type":"Point","coordinates":[-6.354168,36.780879]},"properties":{"id":"VUT/CA/14424","type":"VUT","group":"Completa","address":"CALLE BANDA PLAYA Nº 34 Plta/Piso 1 Pta/Letra 3 Compl.Dom. EDIF. COLISEO, piso 1, puerta 3","postal_code":"11540","places":4,"units":2,"registered":"2022-05-29","catastro":"6341102QA3764A0003JP","holder":null,"holder_count":null}},{"type":"Feature","geometry":{"type":"Point","coordinates":[-6.35702,36.778682]},"properties":{"id":"VUT/CA/14429","type":"VUT","group":"Completa","address":"CALLE BANDA PLAYA, URB. JARDINES DE LA INFANTA, EDF. INFANTA EULALIA Portal 6 Plta/Piso 1 Pta/Letra C, piso 1, puerta C","postal_code":"11540","places":6,"units":3,"registered":"2022-05-30","catastro":"5939293QA3753H0031IW","holder":null,"holder_count":null}},{"type":"Feature","geometry":{"type":"Point","coordinates":[-6.352202,36.779309]},"properties":{"id":"VUT/CA/14430","type":"VUT","group":"Completa","address":"CALLE ANCHA Nº 70 Plta/Piso 1 Pta/Letra B, piso 1, puerta B","postal_code":"11540","places":10,"units":4,"registered":"2022-05-30","catastro":"6438514QA3763G0003FQ","holder":null,"holder_count":null}},{"type":"Feature","geometry":{"type":"Point","coordinates":[-6.353758,36.78433]},"properties":{"id":"VUT/CA/14448","type":"VUT","group":"Completa","address":"CALLE PÍO XII Nº 34 Esc. 1 Plta/Piso 01 Pta/Letra A, piso 01, puerta A","postal_code":"11540","places":6,"units":3,"registered":"2022-05-31","catastro":"6244614QA3764C0008IP","holder":null,"holder_count":null}},{"type":"Feature","geometry":{"type":"Point","coordinates":[-6.361238,36.781364]},"properties":{"id":"VUT/CA/14465","type":"VUT","group":"Completa","address":"AVENIDA LAS PILETAS Nº 43 Plta/Piso BJ, piso BJ","postal_code":"11540","places":5,"units":3,"registered":"2022-06-01","catastro":"5641604QA3754B0001HD","holder":"VIEPA MEDIACION S.L.","holder_count":1}},{"type":"Feature","geometry":{"type":"Point","coordinates":[-6.362648,36.780312]},"properties":{"id":"VUT/CA/14504","type":"VUT","group":"Completa","address":"AVENIDA LAS PILETAS Nº 59 Plta/Piso BAJO Pta/Letra A, piso BAJO, puerta A","postal_code":"11540","places":6,"units":2,"registered":"2022-06-03","catastro":"5639393QA3753G0001GK","holder":"DISCARMONTES S.L.","holder_count":1}},{"type":"Feature","geometry":{"type":"Point","coordinates":[-6.353314,36.783027]},"properties":{"id":"VUT/CA/14519","type":"VUT","group":"Completa","address":"CALLE PADRE CUEVAS Nº 6","postal_code":"11540","places":5,"units":3,"registered":"2022-06-04","catastro":"6443127QA3764C0001RE","holder":null,"holder_count":null}},{"type":"Feature","geometry":{"type":"Point","coordinates":[-6.370305,36.774524]},"properties":{"id":"VUT/CA/14526","type":"VUT","group":"Completa","address":"CALLE Crucero Nº 3 Esc. 1 Plta/Piso 01 Pta/Letra 41, piso 01, puerta 41","postal_code":"11540","places":5,"units":2,"registered":"2022-06-04","catastro":"4832322QA3743A0045HG","holder":null,"holder_count":null}},{"type":"Feature","geometry":{"type":"Point","coordinates":[-6.349686,36.784126]},"properties":{"id":"VUT/CA/14531","type":"VUT","group":"Completa","address":"CALLE TRASBOLSA Nº 61 Pta/Letra 7, puerta 7","postal_code":"11540","places":7,"units":3,"registered":"2022-06-05","catastro":"6644408QA3764D0050FM","holder":null,"holder_count":null}},{"type":"Feature","geometry":{"type":"Point","coordinates":[-6.370961,36.775261]},"properties":{"id":"VUT/CA/14532","type":"VUT","group":"Completa","address":"CALLE CRUCERO Nº 25 Esc. 1 Plta/Piso 0 Pta/Letra 10 Compl.Dom. CONJUNTO RESIDENCIAL CASTILLO DEL ESPÍRITU SANTO, piso 0, puerta 10","postal_code":"11540","places":4,"units":1,"registered":"2022-06-05","catastro":"4832321QA3743A0048PK","holder":null,"holder_count":null}},{"type":"Feature","geometry":{"type":"Point","coordinates":[-6.352574,36.776401]},"properties":{"id":"VUT/CA/14540","type":"VUT","group":"Completa","address":"CALLE LUIS DE EGUILAZ Nº 1 Plta/Piso BJ Pta/Letra F, piso BJ, puerta F","postal_code":"11540","places":4,"units":2,"registered":"2022-06-06","catastro":"6436930QA3763E0006ZO","holder":null,"holder_count":null}},{"type":"Feature","geometry":{"type":"Point","coordinates":[-6.319378,36.787984]},"properties":{"id":"VUT/CA/14565","type":"VUT","group":"Completa","address":"AVENIDA JUAN DE ZUBILETA Portal A2 Plta/Piso BAJO Pta/Letra 7, piso BAJO, puerta 7","postal_code":"11540","places":4,"units":2,"registered":"2022-06-06","catastro":"9349101QA3794G0040BO","holder":null,"holder_count":null}},{"type":"Feature","geometry":{"type":"Point","coordinates":[-6.353888,36.778975]},"properties":{"id":"VUT/CA/14579","type":"VUT","group":"Completa","address":"PLAZA DEL CABILDO Nº 6 Esc. 1 Plta/Piso 2 Pta/Letra B, piso 2, puerta B","postal_code":"11540","places":5,"units":2,"registered":"2022-06-07","catastro":"6338320QA3763G0005BE","holder":"DENIA CREDIT INVERSIONS, S.L.","holder_count":1}},{"type":"Feature","geometry":{"type":"Point","coordinates":[-6.351909,36.782779]},"properties":{"id":"VUT/CA/14594","type":"VUT","group":"Completa","address":"CALLE Banda de la Playa Nº 6 Plta/Piso 1 Pta/Letra E Compl.Dom. Edificio Playa de la Red, piso 1, puerta E","postal_code":"11540","places":6,"units":3,"registered":"2022-06-08","catastro":"6543334QA3764C0005ZU","holder":null,"holder_count":null}},{"type":"Feature","geometry":{"type":"Point","coordinates":[-6.320851,36.796857]},"properties":{"id":"VUT/CA/14669","type":"VUT","group":"Completa","address":"CALLE Hans Blq. 3 Plta/Piso bajo Pta/Letra f, piso bajo, puerta f","postal_code":"11540","places":6,"units":3,"registered":"2022-06-14","catastro":"9157903QA3795E0050EG","holder":null,"holder_count":null}},{"type":"Feature","geometry":{"type":"Point","coordinates":[-6.347348,36.784809]},"properties":{"id":"VUT/CA/14677","type":"VUT","group":"Completa","address":"CALLE BOLSA Nº 173 Plta/Piso BJ Pta/Letra B, piso BJ, puerta B","postal_code":"11540","places":6,"units":2,"registered":"2022-06-14","catastro":"6845512QA3764F0002YI","holder":null,"holder_count":null}},{"type":"Feature","geometry":{"type":"Point","coordinates":[-6.36063,36.772179]},"properties":{"id":"VUT/CA/14700","type":"VUT","group":"Completa","address":"CALLE FRAISIDORO DE SEVILLA Nº 3 Plta/Piso 2 Pta/Letra 33, piso 2, puerta 33","postal_code":"11540","places":2,"units":1,"registered":"2022-06-16","catastro":"5730252QA3753B0085PP","holder":null,"holder_count":null}},{"type":"Feature","geometry":{"type":"Point","coordinates":[-6.3546,36.781926]},"properties":{"id":"VUT/CA/14723","type":"VUT","group":"Completa","address":"CALLE SANTA TERESA DE JESUS Nº 11","postal_code":"11540","places":5,"units":3,"registered":"2022-06-17","catastro":"6241402QA3764A0001SI","holder":null,"holder_count":null}},{"type":"Feature","geometry":{"type":"Point","coordinates":[-6.35124,36.781545]},"properties":{"id":"VUT/CA/14727","type":"VUT","group":"Completa","address":"CALLE BOLSA Nº 69 Portal C","postal_code":"11540","places":5,"units":2,"registered":"2022-06-17","catastro":"6641936QA3764B0001KJ","holder":null,"holder_count":null}},{"type":"Feature","geometry":{"type":"Point","coordinates":[-6.35124,36.781545]},"properties":{"id":"VUT/CA/14732","type":"VUT","group":"Completa","address":"CALLE BOLSA Nº 69 Portal C","postal_code":"11540","places":5,"units":2,"registered":"2022-06-17","catastro":"6641936QA3764B0004ZB","holder":null,"holder_count":null}},{"type":"Feature","geometry":{"type":"Point","coordinates":[-6.36261,36.781846]},"properties":{"id":"VUT/CA/14746","type":"VUT","group":"Completa","address":"CALLE SIMON DE ROJAS CLEMENTE Nº 3 Plta/Piso 1 Pta/Letra D, piso 1, puerta D","postal_code":"11540","places":6,"units":2,"registered":"2022-06-20","catastro":"5441701QA3754A0011HA","holder":"LA CASA DE MARIQUITA TRASQUILA HOLDING S.L.","holder_count":2}},{"type":"Feature","geometry":{"type":"Point","coordinates":[-6.359933,36.777115]},"properties":{"id":"VUT/CA/14750","type":"VUT","group":"Completa","address":"CALLE CANOA Nº 2","postal_code":"11540","places":7,"units":2,"registered":"2022-06-20","catastro":"5736830QA3753F0001ZO","holder":null,"holder_count":null}},{"type":"Feature","geometry":{"type":"Point","coordinates":[-6.361224,36.776376]},"properties":{"id":"VUT/CA/14751","type":"VUT","group":"Completa","address":"CALLE DE LAS MOLUCAS Nº S/N Portal 3 Plta/Piso 1º Pta/Letra B Compl.Dom. EDIFICIO ROBER, piso 1º, puerta B","postal_code":"11540","places":4,"units":2,"registered":"2022-06-20","catastro":"5635910QA3753F0017UX","holder":null,"holder_count":null}},{"type":"Feature","geometry":{"type":"Point","coordinates":[-6.374511,36.770235]},"properties":{"id":"VUT/CA/14754","type":"VUT","group":"Completa","address":"CALLE PLAYA DE FARO  BLANCO Nº 30 Compl.Dom. RESIDENCIAL NAUTILUS","postal_code":"11540","places":9,"units":4,"registered":"2022-06-20","catastro":"4428241QA3742G0001OB","holder":null,"holder_count":null}},{"type":"Feature","geometry":{"type":"Point","coordinates":[-6.355682,36.778015]},"properties":{"id":"VUT/CA/14757","type":"VUT","group":"Por habitaciones","address":"CALLE San Juan Nº 38","postal_code":"11540","places":6,"units":3,"registered":"2022-06-20","catastro":"6138707QA3763G0001IX","holder":null,"holder_count":null}},{"type":"Feature","geometry":{"type":"Point","coordinates":[-6.354258,36.785778]},"properties":{"id":"VUT/CA/14772","type":"VUT","group":"Completa","address":"CALLE TORRE DE ARENA - CONJUNTO RESIDENCIAL FALÓN Nº 12","postal_code":"11540","places":10,"units":4,"registered":"2022-06-21","catastro":"6247745QA3764E0001AZ","holder":null,"holder_count":null}},{"type":"Feature","geometry":{"type":"Point","coordinates":[-6.349851,36.783779]},"properties":{"id":"VUT/CA/14783","type":"VUT","group":"Completa","address":"CALLE TRASBOLSA Nº 51 Blq. 2 Esc. 1 Plta/Piso 2 Pta/Letra B, piso 2, puerta B","postal_code":"11540","places":4,"units":2,"registered":"2022-06-22","catastro":"6644433QA3764D0036SG","holder":null,"holder_count":null}},{"type":"Feature","geometry":{"type":"Point","coordinates":[-6.354198,36.781373]},"properties":{"id":"VUT/CA/14790","type":"VUT","group":"Completa","address":"CALLE INFANTA BEATRIZ Nº 22 Plta/Piso 1 Pta/Letra 6, piso 1, puerta 6","postal_code":"11540","places":6,"units":3,"registered":"2022-06-22","catastro":"6241601QA3764A0019EM","holder":null,"holder_count":null}},{"type":"Feature","geometry":{"type":"Point","coordinates":[-6.346948,36.789488]},"properties":{"id":"VUT/CA/14821","type":"VUT","group":"Completa","address":"CALLE BARRA DEL RIO RESIDENCIAL COSTA DOÑANA Blq. 1 Plta/Piso 1 Pta/Letra F, piso 1, puerta F","postal_code":"11540","places":6,"units":3,"registered":"2022-06-24","catastro":"6850801QA3764E0014AI","holder":null,"holder_count":null}},{"type":"Feature","geometry":{"type":"Point","coordinates":[-6.353785,36.775619]},"properties":{"id":"VUT/CA/14841","type":"VUT","group":"Completa","address":"CALLE CABALLEROS Nº 7","postal_code":"11540","places":10,"units":5,"registered":"2022-06-24","catastro":"6234522QA3763C0001UO","holder":null,"holder_count":null}},{"type":"Feature","geometry":{"type":"Point","coordinates":[-6.35443,36.781174]},"properties":{"id":"VUT/CA/14851","type":"VUT","group":"Completa","address":"CALLE INFANTA BEATRIZ Nº 10 Esc. 1 Plta/Piso 7 Pta/Letra D, piso 7, puerta D","postal_code":"11540","places":6,"units":3,"registered":"2022-06-27","catastro":"6241701QA3764A0049TZ","holder":"GASTROPOL ARS MANDUCA","holder_count":1}},{"type":"Feature","geometry":{"type":"Point","coordinates":[-6.356616,36.780452]},"properties":{"id":"VUT/CA/14855","type":"VUT","group":"Completa","address":"CALLE HERMANO FERMIN Nº 16 Plta/Piso 1 Pta/Letra 4, piso 1, puerta 4","postal_code":"11540","places":2,"units":1,"registered":"2022-06-27","catastro":"6040827QA3754B0005UJ","holder":null,"holder_count":null}},{"type":"Feature","geometry":{"type":"Point","coordinates":[-6.347588,36.780977]},"properties":{"id":"VUT/CA/14873","type":"VUT","group":"Completa","address":"CALLE VIRGEN DE LA ESPERANZA Nº 2 Plta/Piso ATICO Pta/Letra F, piso ATICO, puerta F","postal_code":"11540","places":4,"units":2,"registered":"2022-06-28","catastro":"6738432qa3763h0051sb","holder":null,"holder_count":null}},{"type":"Feature","geometry":{"type":"Point","coordinates":[-6.358106,36.777307]},"properties":{"id":"VUT/CA/14897","type":"VUT","group":"Completa","address":"CALLE Padre Aldama y Pruaño Nº 4 Plta/Piso Bajo Pta/Letra C, piso Bajo, puerta C","postal_code":"11540","places":4,"units":1,"registered":"2022-06-29","catastro":"5937804QA3753F0008WH","holder":null,"holder_count":null}},{"type":"Feature","geometry":{"type":"Point","coordinates":[-6.35622,36.779481]},"properties":{"id":"VUT/CA/14909","type":"VUT","group":"Completa","address":"CALLE MATRONA EVELIA Nº 1 Blq. 2 Pta/Letra 9, puerta 9","postal_code":"11540","places":6,"units":3,"registered":"2022-06-30","catastro":"6040813QA3753B0035ZZ","holder":"GRUAS MONGE S.L.","holder_count":1}},{"type":"Feature","geometry":{"type":"Point","coordinates":[-6.353758,36.78433]},"properties":{"id":"VUT/CA/14911","type":"VUT","group":"Completa","address":"CALLE PIO XII Nº 34 Blq. 1 Plta/Piso 2 Pta/Letra B, piso 2, puerta B","postal_code":"11540","places":8,"units":5,"registered":"2022-06-30","catastro":"6244614QA3764C0004RY","holder":null,"holder_count":null}},{"type":"Feature","geometry":{"type":"Point","coordinates":[-6.35382,36.783478]},"properties":{"id":"VUT/CA/14924","type":"VUT","group":"Completa","address":"AVENIDA Guadalquivir Nº 36 Plta/Piso 3 Pta/Letra D Compl.Dom. Edificio San Fermín, piso 3, puerta D","postal_code":"11540","places":7,"units":3,"registered":"2022-07-01","catastro":"6244633QA3764C0016GG","holder":null,"holder_count":null}},{"type":"Feature","geometry":{"type":"Point","coordinates":[-6.352638,36.782617]},"properties":{"id":"VUT/CA/14935","type":"VUT","group":"Completa","address":"CALLE DEL CORREO Nº 6 Plta/Piso 1 Pta/Letra 1 Compl.Dom. EDIFICIO MURILLO, piso 1, puerta 1","postal_code":"11540","places":5,"units":2,"registered":"2022-07-02","catastro":"6443107QA3764C0004LY","holder":null,"holder_count":null}},{"type":"Feature","geometry":{"type":"Point","coordinates":[-6.350452,36.78321]},"properties":{"id":"VUT/CA/14949","type":"VUT","group":"Completa","address":"CALLE Corro de Bolos Nº 2","postal_code":"11540","places":4,"units":2,"registered":"2022-07-04","catastro":"6643306QA3764D0001XS","holder":null,"holder_count":null}},{"type":"Feature","geometry":{"type":"Point","coordinates":[-6.348972,36.776104]},"properties":{"id":"VUT/CA/14950","type":"VUT","group":"Completa","address":"CALLE Pedro Rodríguez Nº 9 Esc. 1 Plta/Piso 0 Pta/Letra B, piso 0, puerta B","postal_code":"11540","places":3,"units":1,"registered":"2022-07-04","catastro":"6735517QA3763F0002QF","holder":null,"holder_count":null}},{"type":"Feature","geometry":{"type":"Point","coordinates":[-6.353602,36.778898]},"properties":{"id":"VUT/CA/14956","type":"VUT","group":"Completa","address":"CALLE ANCHA Nº 9 Plta/Piso 1 Pta/Letra A, piso 1, puerta A","postal_code":"11540","places":7,"units":3,"registered":"2022-07-04","catastro":"6338307QA3763G0002MM","holder":null,"holder_count":null}},{"type":"Feature","geometry":{"type":"Point","coordinates":[-6.350534,36.77891]},"properties":{"id":"VUT/CA/14976","type":"VUT","group":"Completa","address":"CALLE CARRIL SAN DIEGO Nº 53 Esc. 1 Plta/Piso 1 Pta/Letra A, piso 1, puerta A","postal_code":"11540","places":4,"units":1,"registered":"2022-07-05","catastro":"6639910QA3763H0006OD","holder":null,"holder_count":null}},{"type":"Feature","geometry":{"type":"Point","coordinates":[-6.360486,36.778982]},"properties":{"id":"VUT/CA/14990","type":"VUT","group":"Por habitaciones","address":"CALLE NAO CONCEPCION Nº 6 Blq. 1 Portal 1 Plta/Piso 2 Pta/Letra J, piso 2, puerta J","postal_code":"11540","places":5,"units":3,"registered":"2022-07-06","catastro":"5638803QA3753H0036KU","holder":null,"holder_count":null}},{"type":"Feature","geometry":{"type":"Point","coordinates":[-6.355266,36.778128]},"properties":{"id":"VUT/CA/15044","type":"VUT","group":"Completa","address":"CALLE SAN JUAN, ESQUINA A C/RUIZ DE SOMAVÍA Nº 2-4 Plta/Piso 2 Pta/Letra D, piso 2, puerta D","postal_code":"11540","places":5,"units":3,"registered":"2022-07-11","catastro":"6138705QA3763G2004SZ","holder":null,"holder_count":null}},{"type":"Feature","geometry":{"type":"Point","coordinates":[-6.346878,36.78385]},"properties":{"id":"VUT/CA/15045","type":"VUT","group":"Completa","address":"CALLE RUBIÑOS Nº 38 Plta/Piso BJ Pta/Letra DRCHA, piso BJ, puerta DRCHA","postal_code":"11540","places":4,"units":2,"registered":"2022-07-11","catastro":"6944911QA3764D0001XS","holder":null,"holder_count":null}},{"type":"Feature","geometry":{"type":"Point","coordinates":[-6.360853,36.77636]},"properties":{"id":"VUT/CA/15057","type":"VUT","group":"Completa","address":"CALLE Banda de la playa Nº 80 Plta/Piso 4 Pta/Letra c, piso 4, puerta c","postal_code":"11540","places":5,"units":3,"registered":"2022-07-12","catastro":"5635908QA3753F0019KQ","holder":null,"holder_count":null}},{"type":"Feature","geometry":{"type":"Point","coordinates":[-6.350196,36.773062]},"properties":{"id":"VUT/CA/15073","type":"VUT","group":"Completa","address":"CALLE AZACANES 2 Nº 26","postal_code":"11540","places":8,"units":3,"registered":"2022-07-13","catastro":"6632311QA3763B0001MM","holder":null,"holder_count":null}},{"type":"Feature","geometry":{"type":"Point","coordinates":[-6.359215,36.780249]},"properties":{"id":"VUT/CA/15101","type":"VUT","group":"Completa","address":"CALLE LA RABIDA Nº 3 Plta/Piso 1 Pta/Letra B, piso 1, puerta B","postal_code":"11540","places":10,"units":3,"registered":"2022-07-15","catastro":"5939260QA3753H0002WT","holder":null,"holder_count":null}},{"type":"Feature","geometry":{"type":"Point","coordinates":[-6.362261,36.781359]},"properties":{"id":"VUT/CA/15117","type":"VUT","group":"Completa","address":"CALLE Fernando de Magallanes Nº 29 Portal 2 Plta/Piso 1 Pta/Letra H, piso 1, puerta H","postal_code":"11540","places":4,"units":2,"registered":"2022-07-18","catastro":"5541709QA3754B0042PL","holder":null,"holder_count":null}},{"type":"Feature","geometry":{"type":"Point","coordinates":[-6.359138,36.779873]},"properties":{"id":"VUT/CA/15120","type":"VUT","group":"Completa","address":"CALLE CONDESA DE LEBRIJA Nº 1 Portal 1 Plta/Piso BAJO Pta/Letra D, piso BAJO, puerta D","postal_code":"11540","places":6,"units":2,"registered":"2022-07-18","catastro":"5839401QA3753H0021UK","holder":null,"holder_count":null}},{"type":"Feature","geometry":{"type":"Point","coordinates":[-6.359716,36.776903]},"properties":{"id":"VUT/CA/15140","type":"VUT","group":"Completa","address":"CALLE BANDA PLAYA Nº 70 Plta/Piso 1 Pta/Letra A, piso 1, puerta A","postal_code":"11540","places":4,"units":2,"registered":"2022-07-19","catastro":"5836201QA3753F0020YX","holder":null,"holder_count":null}},{"type":"Feature","geometry":{"type":"Point","coordinates":[-6.372931,36.772042]},"properties":{"id":"VUT/CA/15149","type":"VUT","group":"Completa","address":"CARRETERA DE LA JARA Nº 15 Compl.Dom. O AVENIDA DOCTOR JAIME APARICIO","postal_code":"11540","places":6,"units":3,"registered":"2022-07-20","catastro":"4629423QA3742G0001DB","holder":null,"holder_count":null}},{"type":"Feature","geometry":{"type":"Point","coordinates":[-6.363387,36.773631]},"properties":{"id":"VUT/CA/15163","type":"VUT","group":"Completa","address":"CALLE FRAY LEOPOLDO ALPANDEIRE Km 8 Esc. 1 Plta/Piso 2 Pta/Letra 15, piso 2, puerta 15","postal_code":"11540","places":5,"units":2,"registered":"2022-07-21","catastro":"5533759QA3753C0015YH","holder":null,"holder_count":null}},{"type":"Feature","geometry":{"type":"Point","coordinates":[-6.370305,36.774524]},"properties":{"id":"VUT/CA/15181","type":"VUT","group":"Completa","address":"CALLE Crucero Plta/Piso 1 Pta/Letra 43 Compl.Dom. Conjunto Residencial Castillo Espíritu Santo, piso 1, puerta 43","postal_code":"11540","places":3,"units":1,"registered":"2022-07-24","catastro":"4832322QA3743A0047KJ","holder":null,"holder_count":null}},{"type":"Feature","geometry":{"type":"Point","coordinates":[-6.347848,36.781332]},"properties":{"id":"VUT/CA/15184","type":"VUT","group":"Completa","address":"CALLE JUAN SANCHEZ BARRAGAN Nº 2 Plta/Piso 3 Pta/Letra E, piso 3, puerta E","postal_code":"11540","places":5,"units":3,"registered":"2022-07-25","catastro":"6738430QA3763H0037OS","holder":null,"holder_count":null}},{"type":"Feature","geometry":{"type":"Point","coordinates":[-6.355266,36.778128]},"properties":{"id":"VUT/CA/15186","type":"VUT","group":"Completa","address":"CALLE SAN JUAN ESQUINA CALLE RUIZ DE SOMAVIA Nº 2-3 Plta/Piso ATICO Pta/Letra C Compl.Dom. APARTAMENTO-ESTUDIO, piso ATICO, puerta C","postal_code":"11540","places":6,"units":3,"registered":"2022-07-25","catastro":"6138705QA3763G2003AB","holder":null,"holder_count":null}},{"type":"Feature","geometry":{"type":"Point","coordinates":[-6.349091,36.788592]},"properties":{"id":"VUT/CA/15187","type":"VUT","group":"Completa","address":"CALLE ROSA DE LOS VIENTOS Nº 3 Plta/Piso BJ Pta/Letra P, piso BJ, puerta P","postal_code":"11540","places":4,"units":2,"registered":"2022-07-25","catastro":"6649801QA3764E0155MJ","holder":null,"holder_count":null}},{"type":"Feature","geometry":{"type":"Point","coordinates":[-6.353133,36.777303]},"properties":{"id":"VUT/CA/15191","type":"VUT","group":"Completa","address":"CALLE CARMEN VIEJO Nº 12 Blq. 2 Plta/Piso BAJO Pta/Letra C, piso BAJO, puerta C","postal_code":"11540","places":5,"units":3,"registered":"2022-07-25","catastro":"6436912QA3763E0012IS","holder":null,"holder_count":null}},{"type":"Feature","geometry":{"type":"Point","coordinates":[-6.356075,36.77607]},"properties":{"id":"VUT/CA/15193","type":"VUT","group":"Completa","address":"CALLE BAÑOS Nº 11 Plta/Piso 2 Pta/Letra D, piso 2, puerta D","postal_code":"11540","places":6,"units":3,"registered":"2022-07-25","catastro":"6135902QA3763C0009PJ","holder":null,"holder_count":null}},{"type":"Feature","geometry":{"type":"Point","coordinates":[-6.345858,36.78087]},"properties":{"id":"VUT/CA/15199","type":"VUT","group":"Completa","address":"CALLE MERO Nº 14","postal_code":"11540","places":5,"units":3,"registered":"2022-07-26","catastro":"7039949QA3773B0001DR","holder":null,"holder_count":null}},{"type":"Feature","geometry":{"type":"Point","coordinates":[-6.353036,36.784707]},"properties":{"id":"VUT/CA/15208","type":"VUT","group":"Completa","address":"CALLE capitan Nº 9","postal_code":"11540","places":8,"units":3,"registered":"2022-07-26","catastro":"6345512QA3764C0001XE","holder":null,"holder_count":null}},{"type":"Feature","geometry":{"type":"Point","coordinates":[-6.362022,36.782226]},"properties":{"id":"VUT/CA/15218","type":"VUT","group":"Completa","address":"CALLE SIMON DE ROJAS CLEMENTE Nº 3 Portal 1 Plta/Piso 1 Pta/Letra H Compl.Dom. EDF DELTA 1, piso 1, puerta H","postal_code":"11540","places":6,"units":2,"registered":"2022-07-27","catastro":"5542704QA3754B0019WT","holder":null,"holder_count":null}},{"type":"Feature","geometry":{"type":"Point","coordinates":[-6.348495,36.787306]},"properties":{"id":"VUT/CA/15219","type":"VUT","group":"Completa","address":"AVENIDA DE LA MANZANILLA Nº 9 Blq. 3 Plta/Piso 2 Pta/Letra B, piso 2, puerta B","postal_code":"11540","places":5,"units":3,"registered":"2022-07-27","catastro":"6748701QA3764E0229GE","holder":null,"holder_count":null}},{"type":"Feature","geometry":{"type":"Point","coordinates":[-6.319209,36.798695]},"properties":{"id":"VUT/CA/15223","type":"VUT","group":"Completa","address":"CALLE JUAN DE ACURIO 501 Esc. 1 Plta/Piso 1 Pta/Letra C, piso 1, puerta C","postal_code":"11540","places":5,"units":2,"registered":"2022-07-28","catastro":"9260509QA3796A0115DX","holder":null,"holder_count":null}},{"type":"Feature","geometry":{"type":"Point","coordinates":[-6.355489,36.779165]},"properties":{"id":"VUT/CA/15311","type":"VUT","group":"Completa","address":"CALLE Ruiz de Somavia Blq. 24 Portal 2 Plta/Piso 2 Pta/Letra D, piso 2, puerta D","postal_code":"11540","places":6,"units":3,"registered":"2022-08-09","catastro":"6239102QA3763G0055ZG","holder":null,"holder_count":null}},{"type":"Feature","geometry":{"type":"Point","coordinates":[-6.370305,36.774524]},"properties":{"id":"VUT/CA/15334","type":"VUT","group":"Completa","address":"CALLE CRUCERO Nº 3 Esc. 1 Plta/Piso 1 Pta/Letra 30 Compl.Dom. CONJUNTO RESIDENCIAL CASTILLO ESPIRITU SANTO (FASE 2), piso 1, puerta 30","postal_code":"11540","places":4,"units":2,"registered":"2022-08-11","catastro":"4832322QA3743A0034IU","holder":null,"holder_count":null}},{"type":"Feature","geometry":{"type":"Point","coordinates":[-6.349464,36.780783]},"properties":{"id":"VUT/CA/15343","type":"VUT","group":"Completa","address":"CALLE CARNICERIA Nº 4 Plta/Piso 1 Pta/Letra G, piso 1, puerta G","postal_code":"11540","places":4,"units":1,"registered":"2022-08-12","catastro":"6640502QA3764B0013AE","holder":null,"holder_count":null}},{"type":"Feature","geometry":{"type":"Point","coordinates":[-6.36261,36.781846]},"properties":{"id":"VUT/CA/15362","type":"VUT","group":"Completa","address":"CALLE FERNANDO DE MAGALLANES Nº 18 Calif.Nº 0 Blq. 0 Portal 2 Esc. 0 Plta/Piso BJ Pta/Letra E, piso BJ, puerta E","postal_code":"11540","places":5,"units":2,"registered":"2022-08-18","catastro":"5441701QA3754A0030YQ","holder":null,"holder_count":null}},{"type":"Feature","geometry":{"type":"Point","coordinates":[-6.356075,36.77607]},"properties":{"id":"VUT/CA/15382","type":"VUT","group":"Completa","address":"CALLE BAÑOS Nº 11 Portal 1 Plta/Piso 0 Pta/Letra A Compl.Dom. EDIFICIO LOS NAVENGANTES., piso 0, puerta A","postal_code":"11540","places":4,"units":2,"registered":"2022-08-18","catastro":"6135902QA3763C0001WO","holder":null,"holder_count":null}},{"type":"Feature","geometry":{"type":"Point","coordinates":[-6.349091,36.788592]},"properties":{"id":"VUT/CA/15399","type":"VUT","group":"Completa","address":"CALLE ROSA DE LOS VIENTOS Nº 3 Portal 3 Esc. 1 Plta/Piso 00 Pta/Letra O, piso 00, puerta O","postal_code":"11540","places":4,"units":2,"registered":"2022-08-23","catastro":"6649801QA3764E0154XH","holder":null,"holder_count":null}},{"type":"Feature","geometry":{"type":"Point","coordinates":[-6.355489,36.779165]},"properties":{"id":"VUT/CA/15433","type":"VUT","group":"Completa","address":"CALLE TARTANERO Nº 1","postal_code":"11540","places":4,"units":1,"registered":"2022-08-29","catastro":"6239102QA3763G0034YM","holder":null,"holder_count":null}},{"type":"Feature","geometry":{"type":"Point","coordinates":[-6.358176,36.784885]},"properties":{"id":"VUT/CA/15447","type":"VUT","group":"Completa","address":"CALLE DUQUESA CALZADA ISABEL Nº 58","postal_code":"11540","places":6,"units":2,"registered":"2022-08-31","catastro":"5945101QA3754D0168JF","holder":null,"holder_count":null}},{"type":"Feature","geometry":{"type":"Point","coordinates":[-6.361193,36.776056]},"properties":{"id":"VUT/CA/15482","type":"VUT","group":"Completa","address":"CALLE Banda Playa Plta/Piso 3 Pta/Letra A Compl.Dom. Edificio San Mariano, piso 3, puerta A","postal_code":"11540","places":6,"units":3,"registered":"2022-09-06","catastro":"5735616QA3753F0010AG","holder":null,"holder_count":null}},{"type":"Feature","geometry":{"type":"Point","coordinates":[-6.354198,36.781373]},"properties":{"id":"VUT/CA/15486","type":"VUT","group":"Completa","address":"CALLE INFANTA BEATRIZ Nº 22 Plta/Piso 7 Pta/Letra 4, piso 7, puerta 4","postal_code":"11540","places":4,"units":2,"registered":"2022-09-06","catastro":"6241601QA3764A0050XL","holder":null,"holder_count":null}},{"type":"Feature","geometry":{"type":"Point","coordinates":[-6.34877,36.769632]},"properties":{"id":"VUT/CA/15490","type":"VUT","group":"Completa","address":"CALLE DUQUE DON ALONSO Nº 16 Pta/Letra 16, puerta 16","postal_code":"11540","places":6,"units":3,"registered":"2022-09-07","catastro":"6828402QA3762H0001ZF","holder":null,"holder_count":null}},{"type":"Feature","geometry":{"type":"Point","coordinates":[-6.353133,36.777303]},"properties":{"id":"VUT/CA/15506","type":"VUT","group":"Completa","address":"CALLE CARMEN VIEJO Nº 12 Esc. 2 Plta/Piso 2 Pta/Letra D, piso 2, puerta D","postal_code":"11540","places":4,"units":2,"registered":"2022-09-09","catastro":"6436912QA3763E0017DJ","holder":null,"holder_count":null}},{"type":"Feature","geometry":{"type":"Point","coordinates":[-6.355632,36.786387]},"properties":{"id":"VUT/CA/15535","type":"VUT","group":"Completa","address":"AVENIDA BAJO DE GUIA Nº 23 Plta/Piso 1 Pta/Letra A, piso 1, puerta A","postal_code":"11540","places":4,"units":2,"registered":"2022-09-14","catastro":"6147104QA3764E0023EF","holder":null,"holder_count":null}},{"type":"Feature","geometry":{"type":"Point","coordinates":[-6.355489,36.779165]},"properties":{"id":"VUT/CA/15587","type":"VUT","group":"Por habitaciones","address":"CALLE RUIZ DE SOMAVIA Nº 24 Esc. 1 Plta/Piso ENTREPLANT Pta/Letra B Compl.Dom. ENTREPLANTA B, piso ENTREPLANT, puerta B","postal_code":"11540","places":6,"units":3,"registered":"2022-09-20","catastro":"6239102QA3763G0030WL","holder":null,"holder_count":null}},{"type":"Feature","geometry":{"type":"Point","coordinates":[-6.34878,36.781071]},"properties":{"id":"VUT/CA/15609","type":"VUT","group":"Completa","address":"CALLE FARIÑAS Nº 59 Blq. 2 Plta/Piso 1 Pta/Letra B, piso 1, puerta B","postal_code":"11540","places":8,"units":2,"registered":"2022-09-23","catastro":"6741607QA3764B0009PW","holder":null,"holder_count":null}},{"type":"Feature","geometry":{"type":"Point","coordinates":[-6.361516,36.77544]},"properties":{"id":"VUT/CA/15615","type":"VUT","group":"Completa","address":"CALLE CUESTA DE CAPUCHINOS Nº 2 Pta/Letra 1, puerta 1","postal_code":"11540","places":8,"units":4,"registered":"2022-09-25","catastro":"5533701QA3753C0001XT","holder":null,"holder_count":null}},{"type":"Feature","geometry":{"type":"Point","coordinates":[-6.367969,36.776689]},"properties":{"id":"VUT/CA/15616","type":"VUT","group":"Completa","address":"CALLE MIL CUATROCIENTOS NOVENTA Y OCHO Portal 9 Plta/Piso 1 Pta/Letra C, piso 1, puerta C","postal_code":"11540","places":4,"units":2,"registered":"2022-09-26","catastro":"5236355QA3753E0132UW","holder":null,"holder_count":null}},{"type":"Feature","geometry":{"type":"Point","coordinates":[-6.354898,36.77882]},"properties":{"id":"VUT/CA/15617","type":"VUT","group":"Completa","address":"CALLE DE LA VICTORIA Nº 11 Plta/Piso 1 Pta/Letra 1, piso 1, puerta 1","postal_code":"11540","places":3,"units":1,"registered":"2022-09-26","catastro":"6238919QA3763G0002ZM","holder":null,"holder_count":null}},{"type":"Feature","geometry":{"type":"Point","coordinates":[-6.358295,36.778112]},"properties":{"id":"VUT/CA/15622","type":"VUT","group":"Completa","address":"CALLE calzada de la infanta, nº7 Portal 3 Esc. B Plta/Piso 1, piso 1","postal_code":"11540","places":5,"units":3,"registered":"2022-09-26","catastro":"5837505QA3753H0037RI","holder":null,"holder_count":null}},{"type":"Feature","geometry":{"type":"Point","coordinates":[-6.346948,36.789488]},"properties":{"id":"VUT/CA/15633","type":"VUT","group":"Completa","address":"CALLE BARRA DEL RIO Nº 2 Blq. 1 Plta/Piso ATICO Pta/Letra C, piso ATICO, puerta C","postal_code":"11540","places":4,"units":2,"registered":"2022-09-27","catastro":"6850801QA3764E0027ZK","holder":null,"holder_count":null}},{"type":"Feature","geometry":{"type":"Point","coordinates":[-6.321799,36.790248]},"properties":{"id":"VUT/CA/15643","type":"VUT","group":"Completa","address":"AVENIDA JUAN DE ZUBILETA Portal 4 Plta/Piso BAJA Pta/Letra A Compl.Dom. RESIDENCIAL LAS LOMAS. MARTIN MIGUEL, piso BAJA, puerta A","postal_code":"11540","places":6,"units":3,"registered":"2022-09-28","catastro":"9051601QA3795A0013KM","holder":null,"holder_count":null}},{"type":"Feature","geometry":{"type":"Point","coordinates":[-6.36063,36.772179]},"properties":{"id":"VUT/CA/15656","type":"VUT","group":"Completa","address":"CALLE FRAY ISIDORO DE SEVILLA Nº 3 Pta/Letra 30 Compl.Dom. RESIDENCIAL CIMBRA, puerta 30","postal_code":"11540","places":4,"units":2,"registered":"2022-10-02","catastro":"5730252QA3753B0030HH","holder":null,"holder_count":null}},{"type":"Feature","geometry":{"type":"Point","coordinates":[-6.36063,36.772179]},"properties":{"id":"VUT/CA/15666","type":"VUT","group":"Completa","address":"CALLE FRAY ISIDORO DE SEVILLA Km 3 Pta/Letra 18 Compl.Dom. RESIDENCIAL CIMBRA, puerta 18","postal_code":"11540","places":6,"units":3,"registered":"2022-10-03","catastro":"5730252QA3753B0070ZZ","holder":null,"holder_count":null}},{"type":"Feature","geometry":{"type":"Point","coordinates":[-6.35286,36.781383]},"properties":{"id":"VUT/CA/15697","type":"VUT","group":"Completa","address":"CALLE CARRIL SAN DIEGO Nº 2 Plta/Piso 1 Pta/Letra 3, piso 1, puerta 3","postal_code":"11540","places":3,"units":1,"registered":"2022-10-09","catastro":"6341701QA3764A0005AS","holder":null,"holder_count":null}},{"type":"Feature","geometry":{"type":"Point","coordinates":[-6.367969,36.776689]},"properties":{"id":"VUT/CA/15700","type":"VUT","group":"Completa","address":"CALLE 1498 Nº 18 Blq. 9 Plta/Piso 1 Pta/Letra A Compl.Dom. URBANIZACIÓN TERRAZAS DE DOÑANA, piso 1, puerta A","postal_code":"11540","places":6,"units":3,"registered":"2022-10-10","catastro":"5236355QA3753E0130TM","holder":null,"holder_count":null}},{"type":"Feature","geometry":{"type":"Point","coordinates":[-6.35071,36.783998]},"properties":{"id":"VUT/CA/15722","type":"VUT","group":"Completa","address":"CALLE San Nicolas Nº 19 Blq. 3 Plta/Piso 2 Pta/Letra B, piso 2, puerta B","postal_code":"11540","places":8,"units":3,"registered":"2022-10-17","catastro":"6543301QA3764C0027TM","holder":null,"holder_count":null}},{"type":"Feature","geometry":{"type":"Point","coordinates":[-6.350898,36.7825]},"properties":{"id":"VUT/CA/15726","type":"VUT","group":"Completa","address":"CALLE trasbolsa Nº 46 Plta/Piso 1 Pta/Letra c, piso 1, puerta c","postal_code":"11540","places":4,"units":2,"registered":"2022-10-17","catastro":"6542831QA3764B0007AM","holder":null,"holder_count":null}},{"type":"Feature","geometry":{"type":"Point","coordinates":[-6.346766,36.78811]},"properties":{"id":"VUT/CA/15731","type":"VUT","group":"Completa","address":"AVENIDA DE LA MANZANILLA Nº 6 Plta/Piso ATICO Pta/Letra F, piso ATICO, puerta F","postal_code":"11540","places":6,"units":3,"registered":"2022-10-18","catastro":"6847503QA3764E0028TL","holder":null,"holder_count":null}},{"type":"Feature","geometry":{"type":"Point","coordinates":[-6.347121,36.783927]},"properties":{"id":"VUT/CA/15733","type":"VUT","group":"Completa","address":"CALLE RUBIÑOS Nº 31 Plta/Piso 2 Pta/Letra C Compl.Dom. EDIFICIO ALFEREZ RUBIÑOS, piso 2, puerta C","postal_code":"11540","places":5,"units":3,"registered":"2022-10-18","catastro":"6944204QA3764D0010PK","holder":null,"holder_count":null}},{"type":"Feature","geometry":{"type":"Point","coordinates":[-6.347973,36.789201]},"properties":{"id":"VUT/CA/15749","type":"VUT","group":"Completa","address":"CALLE SAN TELMO Nº 12 Plta/Piso 2º Pta/Letra H, piso 2º, puerta H","postal_code":"11540","places":4,"units":2,"registered":"2022-10-22","catastro":"6749601QA3764E0156IK","holder":null,"holder_count":null}},{"type":"Feature","geometry":{"type":"Point","coordinates":[-6.349896,36.77568]},"properties":{"id":"VUT/CA/15751","type":"VUT","group":"Completa","address":"CALLE GITANOS Nº 7 Plta/Piso BJ Pta/Letra C, piso BJ, puerta C","postal_code":"11540","places":1,"units":1,"registered":"2022-10-22","catastro":"6635506QA3763F0003UG","holder":null,"holder_count":null}},{"type":"Feature","geometry":{"type":"Point","coordinates":[-6.353635,36.786852]},"properties":{"id":"VUT/CA/15759","type":"VUT","group":"Completa","address":"CALLE Orfeón de Santa Cecilia Nº 20 Blq. 4 Esc. 4 Plta/Piso 2 Pta/Letra D, piso 2, puerta D","postal_code":"11540","places":6,"units":3,"registered":"2022-10-24","catastro":"6247803QA3764E0036QQ","holder":null,"holder_count":null}},{"type":"Feature","geometry":{"type":"Point","coordinates":[-6.344964,36.782758]},"properties":{"id":"VUT/CA/15770","type":"VUT","group":"Completa","address":"CALLE ESCALERA DEL PASEILLO Nº 2 Esc. 1 Plta/Piso 1 Pta/Letra B, piso 1, puerta B","postal_code":"11540","places":4,"units":3,"registered":"2022-10-26","catastro":"7141692QA3774A0006GJ","holder":null,"holder_count":null}},{"type":"Feature","geometry":{"type":"Point","coordinates":[-6.367969,36.776689]},"properties":{"id":"VUT/CA/15780","type":"VUT","group":"Completa","address":"CALLE 1498 Nº 18 Blq. 5 Plta/Piso 1 Pta/Letra B Compl.Dom. TERRAZAS DE DOÑANA, piso 1, puerta B","postal_code":"11540","places":7,"units":2,"registered":"2022-10-27","catastro":"5236355QA3753E0068IE","holder":null,"holder_count":null}},{"type":"Feature","geometry":{"type":"Point","coordinates":[-6.352986,36.779955]},"properties":{"id":"VUT/CA/15786","type":"VUT","group":"Completa","address":"CALLE BOLSA Nº 26 Pta/Letra 12, puerta 12","postal_code":"11540","places":6,"units":3,"registered":"2022-10-28","catastro":"6439220QA3763G0012JU","holder":null,"holder_count":null}},{"type":"Feature","geometry":{"type":"Point","coordinates":[-6.349444,36.779889]},"properties":{"id":"VUT/CA/15795","type":"VUT","group":"Completa","address":"CALLE ALCOBA Nº 17 Plta/Piso BAJO Pta/Letra I Compl.Dom. EDIFICIO MARBEA I, piso BAJO, puerta I","postal_code":"11540","places":4,"units":2,"registered":"2022-10-31","catastro":"6739322QA3763H0018ZX","holder":null,"holder_count":null}},{"type":"Feature","geometry":{"type":"Point","coordinates":[-6.35286,36.781383]},"properties":{"id":"VUT/CA/15802","type":"VUT","group":"Completa","address":"CALLE CARRIL DE SAN DIEGO Nº 2 Plta/Piso 1 Pta/Letra 1, piso 1, puerta 1","postal_code":"11540","places":4,"units":1,"registered":"2022-11-03","catastro":"6341701QA3764A0003OP","holder":null,"holder_count":null}},{"type":"Feature","geometry":{"type":"Point","coordinates":[-6.355148,36.778671]},"properties":{"id":"VUT/CA/15827","type":"VUT","group":"Completa","address":"CALLE VICTORIA Nº 23 Esc. 1 Plta/Piso 2 Pta/Letra 1, piso 2, puerta 1","postal_code":"11540","places":6,"units":2,"registered":"2022-11-07","catastro":"6238916QA3763G2003FB","holder":null,"holder_count":null}},{"type":"Feature","geometry":{"type":"Point","coordinates":[-6.352141,36.782446]},"properties":{"id":"VUT/CA/15857","type":"VUT","group":"Completa","address":"CALLE BANDA DE LA PLAYA Nº 14 Calif.Nº 0 Blq. 0 Portal 0 Esc. 0 Plta/Piso 0, piso 0","postal_code":"11540","places":4,"units":2,"registered":"2022-11-14","catastro":"6543322QA3764C0004IY","holder":null,"holder_count":null}},{"type":"Feature","geometry":{"type":"Point","coordinates":[-6.357358,36.779063]},"properties":{"id":"VUT/CA/15861","type":"VUT","group":"Completa","address":"PLAZA Jardines de las Infantas Edificio Infanta Isabel Nº 28 Portal 4 Plta/Piso 2 Pta/Letra B, piso 2, puerta B","postal_code":"11540","places":4,"units":2,"registered":"2022-11-14","catastro":"5939291QA3753H0105XA","holder":null,"holder_count":null}},{"type":"Feature","geometry":{"type":"Point","coordinates":[-6.361604,36.780969]},"properties":{"id":"VUT/CA/15892","type":"VUT","group":"Completa","address":"AVENIDA LAS PILETAS Nº 51 Portal 2 Plta/Piso 2 Pta/Letra B, piso 2, puerta B","postal_code":"11540","places":4,"units":2,"registered":"2022-11-20","catastro":"5639397QA3753G0026QF","holder":null,"holder_count":null}},{"type":"Feature","geometry":{"type":"Point","coordinates":[-6.354509,36.777824]},"properties":{"id":"VUT/CA/15931","type":"VUT","group":"Completa","address":"CALLE TORNO Nº 16 Plta/Piso 2 Pta/Letra C, piso 2, puerta C","postal_code":"11540","places":4,"units":2,"registered":"2022-11-24","catastro":"6237514QA3763E0006TO","holder":null,"holder_count":null}},{"type":"Feature","geometry":{"type":"Point","coordinates":[-6.378271,36.761905]},"properties":{"id":"VUT/CA/15934","type":"VUT","group":"Completa","address":"CAMINO CABEZA DE LA VACA Compl.Dom. PAGO SANTA TECLA","postal_code":"11540","places":10,"units":5,"registered":"2022-11-25","catastro":"4218304QA3741G0001XE","holder":null,"holder_count":null}},{"type":"Feature","geometry":{"type":"Point","coordinates":[-6.353635,36.786852]},"properties":{"id":"VUT/CA/15937","type":"VUT","group":"Completa","address":"CALLE ORFEON SANTA CECILIA Nº 20 Portal 5 Esc. 5 Plta/Piso 4 Pta/Letra A, piso 4, puerta A","postal_code":"11540","places":6,"units":3,"registered":"2022-11-25","catastro":"6247803QA3764E0077UU","holder":null,"holder_count":null}},{"type":"Feature","geometry":{"type":"Point","coordinates":[-6.352439,36.780919]},"properties":{"id":"VUT/CA/15955","type":"VUT","group":"Completa","address":"CALLE BOLSA Nº 53 Plta/Piso 1 Pta/Letra B, piso 1, puerta B","postal_code":"11540","places":4,"units":2,"registered":"2022-11-29","catastro":"6441801QA3764A0006ID","holder":null,"holder_count":null}},{"type":"Feature","geometry":{"type":"Point","coordinates":[-6.34878,36.781071]},"properties":{"id":"VUT/CA/15968","type":"VUT","group":"Completa","address":"CALLE FARIÑAS Nº 47","postal_code":"11540","places":5,"units":3,"registered":"2022-12-01","catastro":"6741607QA3764B0010IM","holder":null,"holder_count":null}},{"type":"Feature","geometry":{"type":"Point","coordinates":[-6.35445,36.775542]},"properties":{"id":"VUT/CA/15969","type":"VUT","group":"Completa","address":"CALLE CABALLERO Nº 13","postal_code":"11540","places":2,"units":1,"registered":"2022-12-01","catastro":"6234519QA3763C0005AD","holder":null,"holder_count":null}},{"type":"Feature","geometry":{"type":"Point","coordinates":[-6.348495,36.787306]},"properties":{"id":"VUT/CA/15976","type":"VUT","group":"Completa","address":"CALLE Capillita del Carmen Nº 2 Blq. 3 Plta/Piso 2 Pta/Letra F, piso 2, puerta F","postal_code":"11540","places":6,"units":3,"registered":"2022-12-05","catastro":"6748701QA3764E0233HR","holder":null,"holder_count":null}},{"type":"Feature","geometry":{"type":"Point","coordinates":[-6.34002,36.767795]},"properties":{"id":"VUT/CA/16014","type":"VUT","group":"Completa","address":"CALLE ATALAYA Nº 30","postal_code":"11540","places":5,"units":2,"registered":"2022-12-13","catastro":"75264D1QA3772E0001GF","holder":null,"holder_count":null}},{"type":"Feature","geometry":{"type":"Point","coordinates":[-6.358727,36.778493]},"properties":{"id":"VUT/CA/16034","type":"VUT","group":"Completa","address":"CALLE CALZADA DE LA INFANTA Nº 11 Portal 6 Plta/Piso BJ Pta/Letra B, piso BJ, puerta B","postal_code":"11540","places":6,"units":2,"registered":"2022-12-18","catastro":"5837503QA3753H0051JH","holder":null,"holder_count":null}},{"type":"Feature","geometry":{"type":"Point","coordinates":[-6.347012,36.781904]},"properties":{"id":"VUT/CA/16042","type":"VUT","group":"Completa","address":"CALLE PADRE LAGOMAZZINI Nº 5 Plta/Piso 2, piso 2","postal_code":"11540","places":8,"units":4,"registered":"2022-12-21","catastro":"6942825QA3764B0001GJ","holder":null,"holder_count":null}},{"type":"Feature","geometry":{"type":"Point","coordinates":[-6.350441,36.779038]},"properties":{"id":"VUT/CA/16059","type":"VUT","group":"Completa","address":"CALLE ALCOBA Nº 1 Esc. 1 Plta/Piso BAJO Pta/Letra A, piso BAJO, puerta A","postal_code":"11540","places":4,"units":2,"registered":"2022-12-29","catastro":"6639909QA3763H0015PL","holder":null,"holder_count":null}},{"type":"Feature","geometry":{"type":"Point","coordinates":[-6.353634,36.783224]},"properties":{"id":"VUT/CA/16068","type":"VUT","group":"Completa","address":"AVENIDA guadalquivir Nº 30 Plta/Piso 1 Pta/Letra C, piso 1, puerta C","postal_code":"11540","places":6,"units":2,"registered":"2023-01-01","catastro":"6244627QA3764C0007TO","holder":null,"holder_count":null}},{"type":"Feature","geometry":{"type":"Point","coordinates":[-6.367969,36.776689]},"properties":{"id":"VUT/CA/16103","type":"VUT","group":"Completa","address":"CALLE TEMPLO DEL LUCERO Nº 10 Blq. 2 Esc. 6 Plta/Piso A Compl.Dom. EDIF. TERRAZAS DE DOÑANA, piso A","postal_code":"11540","places":4,"units":2,"registered":"2023-01-10","catastro":"5236355QA3753E0083JS","holder":"BOBI SANLUCAR SL","holder_count":1}},{"type":"Feature","geometry":{"type":"Point","coordinates":[-6.376804,36.767564]},"properties":{"id":"VUT/CA/16140","type":"VUT","group":"Completa","address":"AVENIDA Villa Horacia Nº 22 Plta/Piso 0 Pta/Letra 1, piso 0, puerta 1","postal_code":"11540","places":6,"units":3,"registered":"2023-01-16","catastro":"4225601QA3732D0044SB","holder":null,"holder_count":null}},{"type":"Feature","geometry":{"type":"Point","coordinates":[-6.355789,36.778828]},"properties":{"id":"VUT/CA/16199","type":"VUT","group":"Completa","address":"CALLE BANDA PLAYA Nº 57 Plta/Piso 1, piso 1","postal_code":"11540","places":4,"units":2,"registered":"2023-01-23","catastro":"6138202QA3763G0007KT","holder":null,"holder_count":null}},{"type":"Feature","geometry":{"type":"Point","coordinates":[-6.352894,36.778593]},"properties":{"id":"VUT/CA/16236","type":"VUT","group":"Completa","address":"CALLE CERVANTES Nº 12 Plta/Piso 1 Pta/Letra A, piso 1, puerta A","postal_code":"11540","places":6,"units":3,"registered":"2023-01-27","catastro":"6438103QA3763G0004LW","holder":null,"holder_count":null}},{"type":"Feature","geometry":{"type":"Point","coordinates":[-6.355458,36.784743]},"properties":{"id":"VUT/CA/16247","type":"VUT","group":"Por habitaciones","address":"PLAZA RAFAEL DE ARGÜESO Nº 2 Esc. 1 Plta/Piso 3 Pta/Letra C Compl.Dom. EDIFICIO PARAIXO, piso 3, puerta C","postal_code":"11540","places":6,"units":4,"registered":"2023-01-28","catastro":"6247728QA3764E0011AT","holder":null,"holder_count":null}},{"type":"Feature","geometry":{"type":"Point","coordinates":[-6.349637,36.77979]},"properties":{"id":"VUT/CA/16251","type":"VUT","group":"Completa","address":"CALLE ALcoba Nº 15 Plta/Piso 1B, piso 1B","postal_code":"11540","places":4,"units":2,"registered":"2023-01-29","catastro":"6739318QA3763H0001ZI","holder":null,"holder_count":null}},{"type":"Feature","geometry":{"type":"Point","coordinates":[-6.320305,36.798297]},"properties":{"id":"VUT/CA/16253","type":"VUT","group":"Completa","address":"CALLE HERNANDO DE BUSTAMANTE Nº 304","postal_code":"11540","places":8,"units":4,"registered":"2023-01-29","catastro":"9260513QA3796A0001II","holder":null,"holder_count":null}},{"type":"Feature","geometry":{"type":"Point","coordinates":[-6.31618,36.793946]},"properties":{"id":"VUT/CA/16262","type":"VUT","group":"Completa","address":"AVENIDA ALMIRANTE ELCANO Nº 50","postal_code":"11540","places":10,"units":5,"registered":"2023-01-30","catastro":"9559951QA3795H0001FI","holder":null,"holder_count":null}},{"type":"Feature","geometry":{"type":"Point","coordinates":[-6.351093,36.772242]},"properties":{"id":"VUT/CA/16268","type":"VUT","group":"Completa","address":"PLAZA DE LA CHIMENEA Nº 5 Esc. 1 Plta/Piso BAJOS Pta/Letra 1, piso BAJOS, puerta 1","postal_code":"11540","places":4,"units":2,"registered":"2023-01-31","catastro":"6531703QA3763B0021AF","holder":null,"holder_count":null}},{"type":"Feature","geometry":{"type":"Point","coordinates":[-6.344917,36.785046]},"properties":{"id":"VUT/CA/16273","type":"VUT","group":"Completa","address":"BARRIADA EL PINO Nº 45 Compl.Dom. EDIFICIO SAN MARCOS","postal_code":"11540","places":6,"units":3,"registered":"2023-02-01","catastro":"7046549QA3774E0002KE","holder":"TAMCO, S.L.","holder_count":1}},{"type":"Feature","geometry":{"type":"Point","coordinates":[-6.35453,36.78214]},"properties":{"id":"VUT/CA/16274","type":"VUT","group":"Completa","address":"CALLE SANTA TERESA DE JESUS Nº 20","postal_code":"11540","places":4,"units":2,"registered":"2023-02-01","catastro":"6242720QA3764A0001XI","holder":null,"holder_count":null}},{"type":"Feature","geometry":{"type":"Point","coordinates":[-6.371794,36.772044]},"properties":{"id":"VUT/CA/16275","type":"VUT","group":"Completa","address":"CALLE CALMA CHICHA Nº 1","postal_code":"11540","places":12,"units":5,"registered":"2023-02-01","catastro":"4730727QA3742G0001BB","holder":null,"holder_count":null}},{"type":"Feature","geometry":{"type":"Point","coordinates":[-6.358176,36.784885]},"properties":{"id":"VUT/CA/16278","type":"VUT","group":"Completa","address":"AVENIDA CALZADA DUQUESA ISABEL Nº 58 Esc. 9 Plta/Piso 1 Pta/Letra 35, piso 1, puerta 35","postal_code":"11540","places":4,"units":2,"registered":"2023-02-01","catastro":"5945101QA3754D0190UR","holder":null,"holder_count":null}},{"type":"Feature","geometry":{"type":"Point","coordinates":[-6.35098,36.777747]},"properties":{"id":"VUT/CA/16279","type":"VUT","group":"Completa","address":"CALLE CARRIL DE SAN DIEGO Nº 68 Esc. 2 Plta/Piso 3 Pta/Letra 10, piso 3, puerta 10","postal_code":"11540","places":5,"units":2,"registered":"2023-02-01","catastro":"6537606QA3763F0263IJ","holder":"LIBERTY BALANCE HOLDING, S.L.","holder_count":1}},{"type":"Feature","geometry":{"type":"Point","coordinates":[-6.351104,36.787087]},"properties":{"id":"VUT/CA/16282","type":"VUT","group":"Completa","address":"CALLE ALBATROS Nº 3 Portal 4 Plta/Piso 2 Pta/Letra B, piso 2, puerta B","postal_code":"11540","places":8,"units":4,"registered":"2023-02-01","catastro":"6546401QA3764E0157WL","holder":null,"holder_count":null}},{"type":"Feature","geometry":{"type":"Point","coordinates":[-6.374192,36.772601]},"properties":{"id":"VUT/CA/16289","type":"VUT","group":"Completa","address":"CALLE VELERO Nº 30 Calif.Nº A Compl.Dom. N2 - 315","postal_code":"11540","places":15,"units":10,"registered":"2023-02-02","catastro":"4330108QA3743A0001EY","holder":"OLE SOLUTIONS HOLIDAY RENTALS S.L.","holder_count":3}},{"type":"Feature","geometry":{"type":"Point","coordinates":[-6.351104,36.787087]},"properties":{"id":"VUT/CA/16351","type":"VUT","group":"Completa","address":"CALLE ALBATROS Nº 1 Blq. 5 Plta/Piso 3 Pta/Letra J, piso 3, puerta J","postal_code":"11540","places":6,"units":3,"registered":"2023-02-08","catastro":"6546401QA3764E0201PR","holder":null,"holder_count":null}},{"type":"Feature","geometry":{"type":"Point","coordinates":[-6.351104,36.787087]},"properties":{"id":"VUT/CA/16386","type":"VUT","group":"Completa","address":"CALLE ALBATROS Nº 1 Plta/Piso 2 Pta/Letra C, piso 2, puerta C","postal_code":"11540","places":6,"units":3,"registered":"2023-02-13","catastro":"6546401QA3764E0146JA","holder":null,"holder_count":null}},{"type":"Feature","geometry":{"type":"Point","coordinates":[-6.348775,36.782588]},"properties":{"id":"VUT/CA/16388","type":"VUT","group":"Completa","address":"CALLE SAN NICOLAS Nº 12 Esc. 1 Plta/Piso 00 Pta/Letra A, piso 00, puerta A","postal_code":"11540","places":4,"units":1,"registered":"2023-02-13","catastro":"6843212QA3764D0007SK","holder":null,"holder_count":null}},{"type":"Feature","geometry":{"type":"Point","coordinates":[-6.353958,36.784025]},"properties":{"id":"VUT/CA/16404","type":"VUT","group":"Completa","address":"CALLE PIO XII Nº SN","postal_code":"11540","places":10,"units":4,"registered":"2023-02-13","catastro":"6244637QA3764C0012QA","holder":null,"holder_count":null}},{"type":"Feature","geometry":{"type":"Point","coordinates":[-6.348478,36.784977]},"properties":{"id":"VUT/CA/16414","type":"VUT","group":"Completa","address":"CALLE TRASBOLSA Nº 83 Pta/Letra A, puerta A","postal_code":"11540","places":4,"units":2,"registered":"2023-02-14","catastro":"6745508QA3764F0001RU","holder":null,"holder_count":null}},{"type":"Feature","geometry":{"type":"Point","coordinates":[-6.349144,36.77647]},"properties":{"id":"VUT/CA/16417","type":"VUT","group":"Completa","address":"CALLE PEDRO RODRIGUEZ Nº 1","postal_code":"11540","places":2,"units":1,"registered":"2023-02-14","catastro":"6735521QA3763F0001OD","holder":null,"holder_count":null}},{"type":"Feature","geometry":{"type":"Point","coordinates":[-6.366405,36.777199]},"properties":{"id":"VUT/CA/16421","type":"VUT","group":"Completa","address":"CALLE TEMPLO DEL LUCERO Nº 14 Plta/Piso 1 Pta/Letra 3, piso 1, puerta 3","postal_code":"11540","places":5,"units":3,"registered":"2023-02-14","catastro":"5236356QA3753E0011ZU","holder":null,"holder_count":null}},{"type":"Feature","geometry":{"type":"Point","coordinates":[-6.354662,36.778472]},"properties":{"id":"VUT/CA/16445","type":"VUT","group":"Completa","address":"CALLE SAN JUAN Nº 18 Plta/Piso 1 Pta/Letra DR, piso 1, puerta DR","postal_code":"11540","places":5,"units":3,"registered":"2023-02-16","catastro":"6238911QA3763G0002KM","holder":null,"holder_count":null}},{"type":"Feature","geometry":{"type":"Point","coordinates":[-6.353731,36.777523]},"properties":{"id":"VUT/CA/16476","type":"VUT","group":"Completa","address":"CALLE TRASCUESTA DE BELEN Nº 10 Plta/Piso 2, piso 2","postal_code":"11540","places":4,"units":2,"registered":"2023-02-20","catastro":"6436905QA3763E0002AT","holder":null,"holder_count":null}},{"type":"Feature","geometry":{"type":"Point","coordinates":[-6.354437,36.778698]},"properties":{"id":"VUT/CA/16477","type":"VUT","group":"Completa","address":"CALLE CABILDO Nº 4 Plta/Piso 2, piso 2","postal_code":"11540","places":4,"units":2,"registered":"2023-02-20","catastro":"6238908QA3763G0003LQ","holder":null,"holder_count":null}},{"type":"Feature","geometry":{"type":"Point","coordinates":[-6.358727,36.778493]},"properties":{"id":"VUT/CA/16478","type":"VUT","group":"Completa","address":"CALLE CALZADA DE LA INFANTA Nº 7 Portal 8 Plta/Piso 1 Pta/Letra B, piso 1, puerta B","postal_code":"11540","places":4,"units":2,"registered":"2023-02-20","catastro":"5837503QA3753H0070UY","holder":null,"holder_count":null}},{"type":"Feature","geometry":{"type":"Point","coordinates":[-6.355119,36.773987]},"properties":{"id":"VUT/CA/16481","type":"VUT","group":"Completa","address":"CALLE SEBASTIAN ELCANO Nº 3 Compl.Dom. Plaza Fuente Vieja","postal_code":"11540","places":8,"units":4,"registered":"2023-02-20","catastro":"6232901QA3763A0001HF","holder":null,"holder_count":null}},{"type":"Feature","geometry":{"type":"Point","coordinates":[-6.362261,36.781359]},"properties":{"id":"VUT/CA/16520","type":"VUT","group":"Completa","address":"CALLE Fernando de Magallanes Nº 29 Portal 2 Esc. 1 Plta/Piso 1 Pta/Letra I, piso 1, puerta I","postal_code":"11540","places":6,"units":3,"registered":"2023-02-23","catastro":"5541709QA3754B0043AB","holder":null,"holder_count":null}},{"type":"Feature","geometry":{"type":"Point","coordinates":[-6.371125,36.773426]},"properties":{"id":"VUT/CA/16524","type":"VUT","group":"Completa","address":"CALLE CRUCERO Nº 2 Blq. 1 Esc. 1 Plta/Piso 1 Pta/Letra A Compl.Dom. LA FINCA SE ENCUENTRA IDENTIFICADA CON EL NÚMERO 40, piso 1, puerta A","postal_code":"11540","places":6,"units":3,"registered":"2023-02-23","catastro":"4832801qa3743a0019xz","holder":null,"holder_count":null}},{"type":"Feature","geometry":{"type":"Point","coordinates":[-6.357085,36.778286]},"properties":{"id":"VUT/CA/16532","type":"VUT","group":"Completa","address":"CALLE BANDA PLAYA Nº 79 Plta/Piso 1 Pta/Letra C, piso 1, puerta C","postal_code":"11540","places":4,"units":2,"registered":"2023-02-24","catastro":"6037430QA3753F0006GF","holder":"HISPALENSE DE GESTIONES E INVERSIONES SL","holder_count":1}},{"type":"Feature","geometry":{"type":"Point","coordinates":[-6.365813,36.777491]},"properties":{"id":"VUT/CA/16579","type":"VUT","group":"Completa","address":"CALLE MIL CUATROCIENTOS NOVENTA Y OCHO Nº 10","postal_code":"11540","places":6,"units":3,"registered":"2023-03-02","catastro":"5236358QA3753E0031UZ","holder":"CIONIEL S.L.U.","holder_count":2}},{"type":"Feature","geometry":{"type":"Point","coordinates":[-6.349091,36.788592]},"properties":{"id":"VUT/CA/16581","type":"VUT","group":"Completa","address":"CALLE ROSA DE LOS VIENTOS Nº 1 Portal 1 Plta/Piso 2 Pta/Letra F, piso 2, puerta F","postal_code":"11540","places":2,"units":1,"registered":"2023-03-02","catastro":"6649801QA3764E0163TX","holder":"CIONIEL S.L.U.","holder_count":2}},{"type":"Feature","geometry":{"type":"Point","coordinates":[-6.348179,36.784496]},"properties":{"id":"VUT/CA/16642","type":"VUT","group":"Completa","address":"CALLE PIRRADO Nº 27 Compl.Dom. BLOQUE 2 DEL CONJUNTO RES. NUEVO BARRIO BAJO","postal_code":"11540","places":5,"units":2,"registered":"2023-03-07","catastro":"6845111QA3764D0024BY","holder":null,"holder_count":null}},{"type":"Feature","geometry":{"type":"Point","coordinates":[-6.360216,36.779933]},"properties":{"id":"VUT/CA/16665","type":"VUT","group":"Completa","address":"PLAZA NUEVO MUNDO Nº 21","postal_code":"11540","places":8,"units":3,"registered":"2023-03-08","catastro":"5739648QA3753H0001WR","holder":null,"holder_count":null}},{"type":"Feature","geometry":{"type":"Point","coordinates":[-6.35258,36.780535]},"properties":{"id":"VUT/CA/16712","type":"VUT","group":"Completa","address":"CALLE BOLSA Nº 30 Plta/Piso 2 Pta/Letra C, piso 2, puerta C","postal_code":"11540","places":4,"units":2,"registered":"2023-03-14","catastro":"6440201QA3763G0036MW","holder":null,"holder_count":null}},{"type":"Feature","geometry":{"type":"Point","coordinates":[-6.353834,36.774341]},"properties":{"id":"VUT/CA/16717","type":"VUT","group":"Completa","address":"CALLE Trillo Nº 10 Plta/Piso Atico Pta/Letra A Compl.Dom. Edificio Bodega San Rafael, piso Atico, puerta A","postal_code":"11540","places":6,"units":2,"registered":"2023-03-13","catastro":"6333408QA3763C0012KJ","holder":null,"holder_count":null}},{"type":"Feature","geometry":{"type":"Point","coordinates":[-6.361983,36.78055]},"properties":{"id":"VUT/CA/16769","type":"VUT","group":"Por habitaciones","address":"CALLE AVENIDA DE LAS PILETAS Nº 53 Esc. 2 Plta/Piso 3 Pta/Letra A, piso 3, puerta A","postal_code":"11540","places":5,"units":2,"registered":"2023-03-16","catastro":"5639396QA3753G0029KJ","holder":null,"holder_count":null}},{"type":"Feature","geometry":{"type":"Point","coordinates":[-6.358176,36.784885]},"properties":{"id":"VUT/CA/16807","type":"VUT","group":"Completa","address":"AVENIDA CALZADA DUQUESA ISABEL  Nº - Calif.Nº 19 Esc. 6 Plta/Piso 5 Compl.Dom. URBANIZACION LOS INFANTES, piso 5","postal_code":"11540","places":6,"units":2,"registered":"2023-03-20","catastro":"5945101QA3754D0043KG","holder":null,"holder_count":null}},{"type":"Feature","geometry":{"type":"Point","coordinates":[-6.354862,36.785235]},"properties":{"id":"VUT/CA/16836","type":"VUT","group":"Completa","address":"CALLE TORRE DE ARENA Nº 7","postal_code":"11540","places":10,"units":5,"registered":"2023-03-22","catastro":"6247757QA3764E0001MZ","holder":null,"holder_count":null}},{"type":"Feature","geometry":{"type":"Point","coordinates":[-6.358727,36.778493]},"properties":{"id":"VUT/CA/16838","type":"VUT","group":"Completa","address":"CALLE CALZADA DE LA INFANTA Nº 7 Blq. 2 Esc. 1 Plta/Piso 2 Pta/Letra D, piso 2, puerta D","postal_code":"11540","places":4,"units":1,"registered":"2023-03-22","catastro":"5837503QA3753H0015HG","holder":null,"holder_count":null}},{"type":"Feature","geometry":{"type":"Point","coordinates":[-6.353401,36.785758]},"properties":{"id":"VUT/CA/16842","type":"VUT","group":"Completa","address":"CALLE PINTOR VELÁZQUEZ Nº 8","postal_code":"11540","places":6,"units":3,"registered":"2023-03-22","catastro":"6345301QA3764E0046ZI","holder":null,"holder_count":null}},{"type":"Feature","geometry":{"type":"Point","coordinates":[-6.358727,36.778493]},"properties":{"id":"VUT/CA/16870","type":"VUT","group":"Completa","address":"CALLE CALZADA DE LA INFANTA Nº 7 Blq. 7 Plta/Piso 0 Pta/Letra B Compl.Dom. EDIFICIO AMERICA - V CENTENARIO, piso 0, puerta B","postal_code":"11540","places":6,"units":2,"registered":"2023-03-25","catastro":"5837503QA3753h0062WQ","holder":null,"holder_count":null}},{"type":"Feature","geometry":{"type":"Point","coordinates":[-6.358727,36.778493]},"properties":{"id":"VUT/CA/16871","type":"VUT","group":"Completa","address":"CALLE CALZADA DE LA INFANTA 7 Nº 8 Y 10 Blq. 11 Esc. 1 Plta/Piso 2 Pta/Letra A Compl.Dom. EDIFICIO AMÉRICA, piso 2, puerta A","postal_code":"11540","places":4,"units":5,"registered":"2023-03-25","catastro":"5837503QA3753H0104AP","holder":null,"holder_count":null}},{"type":"Feature","geometry":{"type":"Point","coordinates":[-6.353726,36.773974]},"properties":{"id":"VUT/CA/16885","type":"VUT","group":"Completa","address":"CALLE DESCALZAS Nº 18 Plta/Piso 1 Pta/Letra 17, piso 1, puerta 17","postal_code":"11540","places":6,"units":2,"registered":"2023-03-27","catastro":"6333607QA3763C0017XX","holder":null,"holder_count":null}},{"type":"Feature","geometry":{"type":"Point","coordinates":[-6.349444,36.779889]},"properties":{"id":"VUT/CA/16910","type":"VUT","group":"Completa","address":"CALLE ALCOBA Nº 15 Esc. 2 Plta/Piso 2 Pta/Letra A Compl.Dom. EDIFICIO MARBEA, piso 2, puerta A","postal_code":"11540","places":4,"units":2,"registered":"2023-03-29","catastro":"6739322QA3763H0054XM","holder":null,"holder_count":null}},{"type":"Feature","geometry":{"type":"Point","coordinates":[-6.353727,36.772075]},"properties":{"id":"VUT/CA/16939","type":"VUT","group":"Completa","address":"CALLE PUERTO Nº 19 Esc. 1 Plta/Piso 0 Pta/Letra F, piso 0, puerta F","postal_code":"11540","places":3,"units":1,"registered":"2023-03-31","catastro":"6331207QA3763A0005PK","holder":null,"holder_count":null}},{"type":"Feature","geometry":{"type":"Point","coordinates":[-6.351059,36.775755]},"properties":{"id":"VUT/CA/16947","type":"VUT","group":"Completa","address":"CALLE SANTIAGO Nº 32 Esc. B Plta/Piso BAJA Pta/Letra 6, piso BAJA, puerta 6","postal_code":"11540","places":8,"units":3,"registered":"2023-03-31","catastro":"6534501QA3763D0085MO","holder":null,"holder_count":null}},{"type":"Feature","geometry":{"type":"Point","coordinates":[-6.358771,36.778741]},"properties":{"id":"VUT/CA/16994","type":"VUT","group":"Completa","address":"CALLE CALZADA DE LA INFANTA Nº 9 Portal 2 Plta/Piso 2 Pta/Letra 6 Compl.Dom. EDIFICIO ESTORIL, piso 2, puerta 6","postal_code":"11540","places":6,"units":3,"registered":"2023-04-06","catastro":"5837502QA3753H0021PK","holder":null,"holder_count":null}},{"type":"Feature","geometry":{"type":"Point","coordinates":[-6.35098,36.777747]},"properties":{"id":"VUT/CA/17017","type":"VUT","group":"Completa","address":"CALLE CARRIL DE SAN DIEGO Nº 68 Blq. 2 Portal 1 Pta/Letra 11, puerta 11","postal_code":"11540","places":6,"units":3,"registered":"2023-04-10","catastro":"6537606QA3763F0245LT","holder":null,"holder_count":null}},{"type":"Feature","geometry":{"type":"Point","coordinates":[-6.360868,36.778494]},"properties":{"id":"VUT/CA/17027","type":"VUT","group":"Completa","address":"CALLE NAO SAN ANTONIO Nº 9 Esc. 2 Plta/Piso 2 Pta/Letra B, piso 2, puerta B","postal_code":"11540","places":6,"units":3,"registered":"2023-04-11","catastro":"5638801QA3753H0102QI","holder":null,"holder_count":null}},{"type":"Feature","geometry":{"type":"Point","coordinates":[-6.351801,36.782958]},"properties":{"id":"VUT/CA/17044","type":"VUT","group":"Completa","address":"CALLE Banda Playa Nº 4 Plta/Piso 4 Pta/Letra D, piso 4, puerta D","postal_code":"11540","places":1,"units":3,"registered":"2023-04-11","catastro":"6543318QA3764C0018PJ","holder":null,"holder_count":null}},{"type":"Feature","geometry":{"type":"Point","coordinates":[-6.361983,36.78055]},"properties":{"id":"VUT/CA/17055","type":"VUT","group":"Completa","address":"AVENIDA LAS PILETAS Nº 53 Blq. 2 Portal 3 Plta/Piso 1 Pta/Letra D, piso 1, puerta D","postal_code":"11540","places":4,"units":2,"registered":"2023-04-12","catastro":"5639396QA3753G0040MX","holder":null,"holder_count":null}},{"type":"Feature","geometry":{"type":"Point","coordinates":[-6.336922,36.799452]},"properties":{"id":"VUT/CA/17060","type":"VUT","group":"Completa","address":"CALLE Puerto Barrameda Nº 7-9","postal_code":"11540","places":10,"units":5,"registered":"2023-04-12","catastro":"7762616QA3776B0001YO","holder":null,"holder_count":null}},{"type":"Feature","geometry":{"type":"Point","coordinates":[-6.360455,36.783742]},"properties":{"id":"VUT/CA/17062","type":"VUT","group":"Completa","address":"CALLE ESTEBAN DE BOUTELOU Nº 7 Plta/Piso B Pta/Letra 5, piso B, puerta 5","postal_code":"11540","places":6,"units":2,"registered":"2023-04-12","catastro":"5743409QA3754D0019QM","holder":null,"holder_count":null}},{"type":"Feature","geometry":{"type":"Point","coordinates":[-6.353726,36.773974]},"properties":{"id":"VUT/CA/17086","type":"VUT","group":"Completa","address":"CALLE DESCALZAS Nº 18 Pta/Letra 19, puerta 19","postal_code":"11540","places":5,"units":3,"registered":"2023-04-13","catastro":"6333607QA3763C0019QQ","holder":null,"holder_count":null}},{"type":"Feature","geometry":{"type":"Point","coordinates":[-6.345991,36.783229]},"properties":{"id":"VUT/CA/17089","type":"VUT","group":"Completa","address":"CALLE SAN SALVADOR Nº 1 Blq. 1 Plta/Piso 1 Pta/Letra E, piso 1, puerta E","postal_code":"11540","places":4,"units":2,"registered":"2023-04-13","catastro":"6943602QA3764D0029LA","holder":null,"holder_count":null}},{"type":"Feature","geometry":{"type":"Point","coordinates":[-6.353983,36.773546]},"properties":{"id":"VUT/CA/17095","type":"VUT","group":"Completa","address":"CALLE Muro Alto Nº 15 Plta/Piso 1º Pta/Letra E, piso 1º, puerta E","postal_code":"11540","places":4,"units":2,"registered":"2023-04-14","catastro":"6333114QA3763A0027XA","holder":null,"holder_count":null}},{"type":"Feature","geometry":{"type":"Point","coordinates":[-6.361324,36.780362]},"properties":{"id":"VUT/CA/17142","type":"VUT","group":"Completa","address":"CALLE NAO VICTORIA Nº 22 Portal 2 Plta/Piso 2 Pta/Letra 9, piso 2, puerta 9","postal_code":"11540","places":6,"units":3,"registered":"2023-04-18","catastro":"5539501QA3753H0039RP","holder":null,"holder_count":null}},{"type":"Feature","geometry":{"type":"Point","coordinates":[-6.365737,36.778886]},"properties":{"id":"VUT/CA/17160","type":"VUT","group":"Completa","address":"CALLE SIMON DE ROJAS CLEMENTE Nº 97 Compl.Dom. DUPLEX 21","postal_code":"11540","places":6,"units":3,"registered":"2023-04-20","catastro":"5238614QA3753G0001LK","holder":null,"holder_count":null}},{"type":"Feature","geometry":{"type":"Point","coordinates":[-6.352185,36.782603]},"properties":{"id":"VUT/CA/17185","type":"VUT","group":"Completa","address":"AVENIDA CABO NOVAL Nº 8 Plta/Piso 1 Pta/Letra A Compl.Dom. EDIFICIO AGUA MARINA, piso 1, puerta A","postal_code":"11540","places":10,"units":3,"registered":"2023-04-21","catastro":"6543323QA3764C0002GR","holder":null,"holder_count":null}},{"type":"Feature","geometry":{"type":"Point","coordinates":[-6.336992,36.789943]},"properties":{"id":"VUT/CA/17232","type":"VUT","group":"Por habitaciones","address":"CALLE jazmin Nº 27","postal_code":"11540","places":6,"units":3,"registered":"2023-04-25","catastro":"7750696QA3775B0001TG","holder":null,"holder_count":null}},{"type":"Feature","geometry":{"type":"Point","coordinates":[-6.353983,36.773546]},"properties":{"id":"VUT/CA/17251","type":"VUT","group":"Completa","address":"CALLE MISERICORDIA -MURO ALTO Nº 15 Plta/Piso 1 Pta/Letra B, piso 1, puerta B","postal_code":"11540","places":4,"units":2,"registered":"2023-04-26","catastro":"6333114QA3763A0006UL","holder":null,"holder_count":null}},{"type":"Feature","geometry":{"type":"Point","coordinates":[-6.347973,36.789201]},"properties":{"id":"VUT/CA/17274","type":"VUT","group":"Completa","address":"CALLE BARRA DEL RIO Nº 5 Plta/Piso BAJO Pta/Letra N, piso BAJO, puerta N","postal_code":"11540","places":6,"units":2,"registered":"2023-04-28","catastro":"6749601QA3764E0116ED","holder":null,"holder_count":null}},{"type":"Feature","geometry":{"type":"Point","coordinates":[-6.346509,36.764189]},"properties":{"id":"VUT/CA/17285","type":"VUT","group":"Completa","address":"CALLE VEGAS Nº 7","postal_code":"11540","places":6,"units":3,"registered":"2023-04-28","catastro":"69237D5QA3762D0001EQ","holder":null,"holder_count":null}},{"type":"Feature","geometry":{"type":"Point","coordinates":[-6.357867,36.779977]},"properties":{"id":"VUT/CA/17293","type":"VUT","group":"Completa","address":"CALLE CALZADA DE LA PESCADERIA Blq. 9 Plta/Piso 3 Pta/Letra C, piso 3, puerta C","postal_code":"11540","places":4,"units":2,"registered":"2023-04-29","catastro":"5939268QA3753H0014FF","holder":null,"holder_count":null}},{"type":"Feature","geometry":{"type":"Point","coordinates":[-6.36,36.777171]},"properties":{"id":"VUT/CA/17365","type":"VUT","group":"Completa","address":"CALLE CANOA Nº 4","postal_code":"11540","places":4,"units":2,"registered":"2023-05-04","catastro":"5736831QA3753F0001UO","holder":null,"holder_count":null}},{"type":"Feature","geometry":{"type":"Point","coordinates":[-6.360035,36.777139]},"properties":{"id":"VUT/CA/17367","type":"VUT","group":"Completa","address":"CALLE CANOA Nº 5","postal_code":"11540","places":2,"units":1,"registered":"2023-05-04","catastro":"5736832QA3753F0001HO","holder":null,"holder_count":null}},{"type":"Feature","geometry":{"type":"Point","coordinates":[-6.35325,36.77906]},"properties":{"id":"VUT/CA/17372","type":"VUT","group":"Completa","address":"CALLE CASTELAR Nº 1 Esc. 1 Plta/Piso 2 Pta/Letra A, piso 2, puerta A","postal_code":"11540","places":4,"units":1,"registered":"2023-05-04","catastro":"6339805QA3763G0001MH","holder":null,"holder_count":null}},{"type":"Feature","geometry":{"type":"Point","coordinates":[-6.358295,36.778112]},"properties":{"id":"VUT/CA/17405","type":"VUT","group":"Completa","address":"CALLE CALZDA DE LA INFANTA Nº 7 Portal 6 Plta/Piso 1 Pta/Letra D Compl.Dom. CONJUNTO RESIDENCIAL TRES CARABELAS, piso 1, puerta D","postal_code":"11540","places":8,"units":3,"registered":"2023-05-07","catastro":"5837505QA3753H0074YP","holder":null,"holder_count":null}},{"type":"Feature","geometry":{"type":"Point","coordinates":[-6.358295,36.778112]},"properties":{"id":"VUT/CA/17407","type":"VUT","group":"Completa","address":"CALLE CALZDA DE LA INFANTA Nº 7 Portal 4 Plta/Piso 2 Pta/Letra F Compl.Dom. CONJUNTO RESIDENCIAL TRES CARABELAS, piso 2, puerta F","postal_code":"11540","places":8,"units":3,"registered":"2023-05-07","catastro":"5837505QA3753H0056JZ","holder":null,"holder_count":null}},{"type":"Feature","geometry":{"type":"Point","coordinates":[-6.335526,36.791964]},"properties":{"id":"VUT/CA/17417","type":"VUT","group":"Completa","address":"CALLE CARLOS CANO Nº 5 Plta/Piso B Pta/Letra H, piso B, puerta H","postal_code":"11540","places":8,"units":4,"registered":"2023-05-08","catastro":"77506F7QA3775B0008HX","holder":null,"holder_count":null}},{"type":"Feature","geometry":{"type":"Point","coordinates":[-6.351059,36.775755]},"properties":{"id":"VUT/CA/17428","type":"VUT","group":"Por habitaciones","address":"CALLE SANTIAGO Nº 32 Esc. A Plta/Piso 1 Pta/Letra 7 Compl.Dom. EDIFICIA PRINCESA LETICIA, piso 1, puerta 7","postal_code":"11540","places":5,"units":3,"registered":"2023-05-08","catastro":"6534501QA3763D0098PL","holder":null,"holder_count":null}},{"type":"Feature","geometry":{"type":"Point","coordinates":[-6.354678,36.774175]},"properties":{"id":"VUT/CA/17431","type":"VUT","group":"Completa","address":"CALLE PUERTA DE ROTA Nº 4","postal_code":"11540","places":6,"units":3,"registered":"2023-05-09","catastro":"6233701QA3767C0002FO","holder":null,"holder_count":null}},{"type":"Feature","geometry":{"type":"Point","coordinates":[-6.357085,36.778286]},"properties":{"id":"VUT/CA/17458","type":"VUT","group":"Completa","address":"CALLE BANDA PLAYA Nº 79 Plta/Piso 2 Pta/Letra B, piso 2, puerta B","postal_code":"11540","places":6,"units":2,"registered":"2023-05-10","catastro":"6037430QA3753F0008JH","holder":null,"holder_count":null}},{"type":"Feature","geometry":{"type":"Point","coordinates":[-6.353782,36.77881]},"properties":{"id":"VUT/CA/17569","type":"VUT","group":"Completa","address":"CALLE ANCHA Nº 3 Plta/Piso 1 Pta/Letra DCHA, piso 1, puerta DCHA","postal_code":"11540","places":4,"units":2,"registered":"2023-05-18","catastro":"6338308QA3763G0004AW","holder":null,"holder_count":null}},{"type":"Feature","geometry":{"type":"Point","coordinates":[-6.351596,36.774041]},"properties":{"id":"VUT/CA/17598","type":"VUT","group":"Completa","address":"CALLE SAN AGUSTIN Nº 16 Esc. 1 Plta/Piso 1 Pta/Letra 9, piso 1, puerta 9","postal_code":"11540","places":3,"units":1,"registered":"2023-05-22","catastro":"6533904QA3763C0015SB","holder":null,"holder_count":null}},{"type":"Feature","geometry":{"type":"Point","coordinates":[-6.353782,36.77881]},"properties":{"id":"VUT/CA/17626","type":"VUT","group":"Completa","address":"CALLE ANCHA Nº 3 Plta/Piso 1 Pta/Letra DCHA, piso 1, puerta DCHA","postal_code":"11540","places":4,"units":2,"registered":"2023-05-23","catastro":"6338308QA3763G0004AW","holder":null,"holder_count":null}},{"type":"Feature","geometry":{"type":"Point","coordinates":[-6.371125,36.773426]},"properties":{"id":"VUT/CA/17630","type":"VUT","group":"Completa","address":"CALLE CRUCERO Nº 40 Pta/Letra 11, puerta 11","postal_code":"11540","places":4,"units":1,"registered":"2023-05-23","catastro":"4832801QA3743A0016LK","holder":null,"holder_count":null}},{"type":"Feature","geometry":{"type":"Point","coordinates":[-6.351028,36.785039]},"properties":{"id":"VUT/CA/17642","type":"VUT","group":"Completa","address":"AVENIDA TARTESSOS EDIFICIO HIBISCOS Nº 1 Plta/Piso 3 Pta/Letra B, piso 3, puerta B","postal_code":"11540","places":6,"units":3,"registered":"2023-05-24","catastro":"6545101QA3764F0059UR","holder":null,"holder_count":null}},{"type":"Feature","geometry":{"type":"Point","coordinates":[-6.346925,36.785311]},"properties":{"id":"VUT/CA/17653","type":"VUT","group":"Completa","address":"CALLE BOLSA Nº 179 Esc. C Pta/Letra 4, puerta 4","postal_code":"11540","places":5,"units":2,"registered":"2023-05-24","catastro":"6845509QA3764F0122MW","holder":null,"holder_count":null}},{"type":"Feature","geometry":{"type":"Point","coordinates":[-6.372764,36.772237]},"properties":{"id":"VUT/CA/17730","type":"VUT","group":"Completa","address":"AVENIDA DOCTOR JAIME APARICIO SANTOS Nº 15 Pta/Letra A, puerta A","postal_code":"11540","places":8,"units":4,"registered":"2023-05-30","catastro":"4629439QA3742G0001GB","holder":null,"holder_count":null}},{"type":"Feature","geometry":{"type":"Point","coordinates":[-6.348495,36.787306]},"properties":{"id":"VUT/CA/17740","type":"VUT","group":"Completa","address":"AVENIDA DE LA MANZANILLA Nº 9 Blq. 2 Plta/Piso 1 Pta/Letra A, piso 1, puerta A","postal_code":"11540","places":2,"units":1,"registered":"2023-05-30","catastro":"6748701QA3764E0196SM","holder":null,"holder_count":null}},{"type":"Feature","geometry":{"type":"Point","coordinates":[-6.357215,36.777833]},"properties":{"id":"VUT/CA/17784","type":"VUT","group":"Completa","address":"CALLE DE LA PLATA Nº 46 Plta/Piso BJ Pta/Letra B, piso BJ, puerta B","postal_code":"11540","places":4,"units":2,"registered":"2023-06-02","catastro":"6037413QA3753F0002RP","holder":null,"holder_count":null}},{"type":"Feature","geometry":{"type":"Point","coordinates":[-6.353247,36.780462]},"properties":{"id":"VUT/CA/17822","type":"VUT","group":"Completa","address":"CALLE CRUCES Nº 29 Plta/Piso 2ª Pta/Letra DERECHA, piso 2ª, puerta DERECHA","postal_code":"11540","places":4,"units":2,"registered":"2023-06-05","catastro":"6340801QA3763G0005PE","holder":null,"holder_count":null}},{"type":"Feature","geometry":{"type":"Point","coordinates":[-6.361622,36.78174]},"properties":{"id":"VUT/CA/17828","type":"VUT","group":"Completa","address":"CALLE Fernando de Magallanes Nº 21 Plta/Piso bajo Pta/Letra derecha, piso bajo, puerta derecha","postal_code":"11540","places":8,"units":3,"registered":"2023-06-06","catastro":"5641406QA3754B0017HE","holder":null,"holder_count":null}},{"type":"Feature","geometry":{"type":"Point","coordinates":[-6.356718,36.780948]},"properties":{"id":"VUT/CA/17897","type":"VUT","group":"Completa","address":"CALLE Antonio Lucas Moreno Nº 11 Portal B Compl.Dom. Lugar la Marina","postal_code":"11540","places":10,"units":5,"registered":"2023-06-08","catastro":"6040821QA3753B0011WE","holder":null,"holder_count":null}},{"type":"Feature","geometry":{"type":"Point","coordinates":[-6.36063,36.772179]},"properties":{"id":"VUT/CA/17921","type":"VUT","group":"Por habitaciones","address":"CALLE FRAY ISIDORO DE SEVILLA Nº 3 Pta/Letra 15 Compl.Dom. RESIDENCIAL CIMBRA, puerta 15","postal_code":"11540","places":2,"units":1,"registered":"2023-06-10","catastro":"5730252QA3753B0067ZZ","holder":null,"holder_count":null}},{"type":"Feature","geometry":{"type":"Point","coordinates":[-6.363315,36.778349]},"properties":{"id":"VUT/CA/17945","type":"VUT","group":"Completa","address":"CALLE DOCTOR SALVADOR GALLARDO Nº 48","postal_code":"11540","places":8,"units":4,"registered":"2023-06-12","catastro":"5437512QA3753E0001XM","holder":null,"holder_count":null}},{"type":"Feature","geometry":{"type":"Point","coordinates":[-6.36767,36.773321]},"properties":{"id":"VUT/CA/17964","type":"VUT","group":"Completa","address":"CALLE SIROCO Nº 7","postal_code":"11540","places":6,"units":6,"registered":"2023-06-13","catastro":"5032607QA3743B0001GG","holder":null,"holder_count":null}},{"type":"Feature","geometry":{"type":"Point","coordinates":[-6.336279,36.788932]},"properties":{"id":"VUT/CA/17982","type":"VUT","group":"Por habitaciones","address":"AVENIDA AL-ANDALUS, URB. CAMPOAMOR Nº 20","postal_code":"11540","places":6,"units":3,"registered":"2023-06-20","catastro":"7749613QA3774H0001DY","holder":null,"holder_count":null}},{"type":"Feature","geometry":{"type":"Point","coordinates":[-6.357759,36.78318]},"properties":{"id":"VUT/CA/18012","type":"VUT","group":"Completa","address":"AVENIDA CALZADA DUQUESA ISABEL Nº 45 Esc. 1 Plta/Piso 4 Pta/Letra A, piso 4, puerta A","postal_code":"11540","places":8,"units":4,"registered":"2023-06-20","catastro":"5942902QA3754B0014QM","holder":null,"holder_count":null}},{"type":"Feature","geometry":{"type":"Point","coordinates":[-6.359588,36.783014]},"properties":{"id":"VUT/CA/18053","type":"VUT","group":"Completa","address":"AVENIDA DE LAS PILETAS Nº 10 Esc. 1 Plta/Piso 1 Pta/Letra C, piso 1, puerta C","postal_code":"11540","places":5,"units":2,"registered":"2023-06-20","catastro":"5743706QA3754D0008QG","holder":null,"holder_count":null}},{"type":"Feature","geometry":{"type":"Point","coordinates":[-6.350076,36.780449]},"properties":{"id":"VUT/CA/18062","type":"VUT","group":"Completa","address":"CALLE SANTO DOMINGO Nº 60 Plta/Piso BJ, piso BJ","postal_code":"11540","places":8,"units":3,"registered":"2023-06-21","catastro":"6640509QA3764B0003ZL","holder":null,"holder_count":null}},{"type":"Feature","geometry":{"type":"Point","coordinates":[-6.353361,36.777771]},"properties":{"id":"VUT/CA/18064","type":"VUT","group":"Completa","address":"CALLE DON ROMAN Nº 1 Esc. 1 Plta/Piso 1 Pta/Letra D, piso 1, puerta D","postal_code":"11540","places":6,"units":3,"registered":"2023-06-21","catastro":"6437210QA3763E0008SA","holder":null,"holder_count":null}},{"type":"Feature","geometry":{"type":"Point","coordinates":[-6.347973,36.789201]},"properties":{"id":"VUT/CA/18081","type":"VUT","group":"Completa","address":"CALLE BARRA DEL RÍO Nº 5 Esc. 1 Plta/Piso 1 Pta/Letra U Compl.Dom. MARISMAS DEL GUADALQUIVIR, piso 1, puerta U","postal_code":"11540","places":4,"units":2,"registered":"2023-06-22","catastro":"6749601QA3764E0147WS","holder":null,"holder_count":null}},{"type":"Feature","geometry":{"type":"Point","coordinates":[-6.360294,36.762986]},"properties":{"id":"VUT/CA/18085","type":"VUT","group":"Completa","address":"CALLE ALGARROBO Nº 10 Compl.Dom. URBANIZACIÓN LOS BREZOS","postal_code":"11540","places":6,"units":4,"registered":"2023-06-22","catastro":"5720730QA3752B0010RI","holder":null,"holder_count":null}},{"type":"Feature","geometry":{"type":"Point","coordinates":[-6.356869,36.777738]},"properties":{"id":"VUT/CA/18106","type":"VUT","group":"Completa","address":"CALLE La Plata Nº 23 Plta/Piso Bajo Pta/Letra I, piso Bajo, puerta I","postal_code":"11540","places":4,"units":1,"registered":"2023-06-24","catastro":"6037321QA3763E0011TA","holder":null,"holder_count":null}},{"type":"Feature","geometry":{"type":"Point","coordinates":[-6.351104,36.787087]},"properties":{"id":"VUT/CA/18111","type":"VUT","group":"Completa","address":"CALLE ALBATROS Nº 3 Blq. 4 Plta/Piso 3 Pta/Letra A, piso 3, puerta A","postal_code":"11540","places":5,"units":3,"registered":"2023-06-25","catastro":"6546401QA3764E0184BF","holder":null,"holder_count":null}},{"type":"Feature","geometry":{"type":"Point","coordinates":[-6.359459,36.776934]},"properties":{"id":"VUT/CA/18114","type":"VUT","group":"Completa","address":"CALLE Banda Playa Nº 68","postal_code":"11540","places":10,"units":5,"registered":"2023-06-26","catastro":"5736826QA3753F0001SO","holder":null,"holder_count":null}},{"type":"Feature","geometry":{"type":"Point","coordinates":[-6.356349,36.78111]},"properties":{"id":"VUT/CA/18119","type":"VUT","group":"Completa","address":"CALLE MANUEL DE DIEGO LORA Nº 4 Esc. 1 Plta/Piso 3 Pta/Letra 2, piso 3, puerta 2","postal_code":"11540","places":6,"units":3,"registered":"2023-06-26","catastro":"6040832QA3753B0026JG","holder":null,"holder_count":null}},{"type":"Feature","geometry":{"type":"Point","coordinates":[-6.346616,36.784887]},"properties":{"id":"VUT/CA/18121","type":"VUT","group":"Completa","address":"CALLE Plaza Bolsa Nº 5 Esc. 3 Plta/Piso 0 Pta/Letra A, piso 0, puerta A","postal_code":"11540","places":6,"units":3,"registered":"2023-06-26","catastro":"6945608QA3764F0004KP","holder":null,"holder_count":null}},{"type":"Feature","geometry":{"type":"Point","coordinates":[-6.35948,36.781493]},"properties":{"id":"VUT/CA/18133","type":"VUT","group":"Completa","address":"CALLE CONQUISTADOR DIAZ ALFARO Plta/Piso 2 Pta/Letra A Compl.Dom. EDIFICIO BAHIA 1, piso 2, puerta A","postal_code":"11540","places":6,"units":3,"registered":"2023-06-27","catastro":"5741701QA3754B0005SJ","holder":null,"holder_count":null}},{"type":"Feature","geometry":{"type":"Point","coordinates":[-6.353914,36.779354]},"properties":{"id":"VUT/CA/18144","type":"VUT","group":"Completa","address":"CALLE capillita Nº 21 Esc. 1 Pta/Letra 3, puerta 3","postal_code":"11540","places":4,"units":1,"registered":"2023-06-27","catastro":"6338302QA3763G0001MX","holder":"LA CAPILLITA 21, S.C","holder_count":2}},{"type":"Feature","geometry":{"type":"Point","coordinates":[-6.353914,36.779354]},"properties":{"id":"VUT/CA/18145","type":"VUT","group":"Completa","address":"CALLE capillita Nº 21 Esc. 1 Pta/Letra 2, puerta 2","postal_code":"11540","places":4,"units":1,"registered":"2023-06-27","catastro":"6338302QA3763G0001MX","holder":"LA CAPILLITA 21, S.C","holder_count":2}},{"type":"Feature","geometry":{"type":"Point","coordinates":[-6.352439,36.780919]},"properties":{"id":"VUT/CA/18146","type":"VUT","group":"Completa","address":"CALLE BOLSA Nº 53 Plta/Piso BAJO Pta/Letra C, piso BAJO, puerta C","postal_code":"11540","places":4,"units":2,"registered":"2023-06-27","catastro":"6441801QA3764A0004YA","holder":null,"holder_count":null}},{"type":"Feature","geometry":{"type":"Point","coordinates":[-6.359523,36.770745]},"properties":{"id":"VUT/CA/18210","type":"VUT","group":"Completa","address":"AVENIDA DE LOS SANTOS Nº 15 Blq. 15 Portal 36","postal_code":"11540","places":8,"units":4,"registered":"2023-07-03","catastro":"5728583QA3752H0001RP","holder":null,"holder_count":null}},{"type":"Feature","geometry":{"type":"Point","coordinates":[-6.358229,36.774593]},"properties":{"id":"VUT/CA/18247","type":"VUT","group":"Completa","address":"CALLE HUERTA DE MERGELINA Nº 7 Portal 3 Plta/Piso 1 Pta/Letra C, piso 1, puerta C","postal_code":"11540","places":4,"units":1,"registered":"2023-07-05","catastro":"5933102QA3753D0016PE","holder":null,"holder_count":null}},{"type":"Feature","geometry":{"type":"Point","coordinates":[-6.351059,36.775755]},"properties":{"id":"VUT/CA/18261","type":"VUT","group":"Completa","address":"CALLE SANTIAGO Nº 32 Esc. B Plta/Piso 1 Pta/Letra 2 Compl.Dom. EDIFICIO PRINCESA LETICIA, piso 1, puerta 2","postal_code":"11540","places":4,"units":2,"registered":"2023-07-05","catastro":"6534501QA3763D0100AB","holder":null,"holder_count":null}},{"type":"Feature","geometry":{"type":"Point","coordinates":[-6.353002,36.779473]},"properties":{"id":"VUT/CA/18264","type":"VUT","group":"Completa","address":"CALLE CASTELAR EDIFICIO TEATRO Nº 7 Calif.Nº 0 Blq. 0 Portal 0 Esc. 0 Plta/Piso 1, piso 1","postal_code":"11540","places":8,"units":3,"registered":"2023-07-06","catastro":"6439223QA3763G0007LT","holder":null,"holder_count":null}},{"type":"Feature","geometry":{"type":"Point","coordinates":[-6.355346,36.774388]},"properties":{"id":"VUT/CA/18267","type":"VUT","group":"Completa","address":"CALLE Sebastián Elcano Nº 2 Esc. 1ª Plta/Piso Baja Pta/Letra B, piso Baja, puerta B","postal_code":"11540","places":6,"units":2,"registered":"2023-07-06","catastro":"6133728QA3753D0018JT","holder":null,"holder_count":null}},{"type":"Feature","geometry":{"type":"Point","coordinates":[-6.348495,36.787306]},"properties":{"id":"VUT/CA/18279","type":"VUT","group":"Completa","address":"CALLE CAPILLITA DEL CARMEN Nº 2 Blq. 1 Pta/Letra D, puerta D","postal_code":"11540","places":5,"units":2,"registered":"2023-07-07","catastro":"6748701QA3764E0191UK","holder":null,"holder_count":null}},{"type":"Feature","geometry":{"type":"Point","coordinates":[-6.351639,36.781102]},"properties":{"id":"VUT/CA/18285","type":"VUT","group":"Por habitaciones","address":"CALLE Mar Nº 24","postal_code":"11540","places":4,"units":1,"registered":"2023-07-07","catastro":"6641931QA3764B0001LJ","holder":null,"holder_count":null}},{"type":"Feature","geometry":{"type":"Point","coordinates":[-6.349444,36.779889]},"properties":{"id":"VUT/CA/18290","type":"VUT","group":"Completa","address":"CALLE Alcoba Nº 15 Plta/Piso 2 Pta/Letra H, piso 2, puerta H","postal_code":"11540","places":3,"units":2,"registered":"2023-07-07","catastro":"6739322QA3763H0027RT","holder":null,"holder_count":null}},{"type":"Feature","geometry":{"type":"Point","coordinates":[-6.36063,36.772179]},"properties":{"id":"VUT/CA/18306","type":"VUT","group":"Completa","address":"CALLE FRAY ISIDORO DE SEVILLA Nº 3 Pta/Letra 25, puerta 25","postal_code":"11540","places":6,"units":2,"registered":"2023-07-10","catastro":"5730252QA3753B0077TT","holder":null,"holder_count":null}},{"type":"Feature","geometry":{"type":"Point","coordinates":[-6.361425,36.776294]},"properties":{"id":"VUT/CA/18323","type":"VUT","group":"Completa","address":"CALLE BANDA DE LA PLAYA Nº 82 Plta/Piso 1 Pta/Letra D, piso 1, puerta D","postal_code":"11540","places":4,"units":1,"registered":"2023-07-10","catastro":"5635909QA3753F0014XL","holder":null,"holder_count":null}},{"type":"Feature","geometry":{"type":"Point","coordinates":[-6.347973,36.789201]},"properties":{"id":"VUT/CA/18334","type":"VUT","group":"Completa","address":"CALLE SAN TELMO Nº 12 Plta/Piso 1 Pta/Letra I Compl.Dom. URBANIZACION MARISMAS DEL GUADALQUIVIR, piso 1, puerta I","postal_code":"11540","places":5,"units":2,"registered":"2023-07-11","catastro":"6749601QA3764E0135HE","holder":null,"holder_count":null}},{"type":"Feature","geometry":{"type":"Point","coordinates":[-6.352997,36.782147]},"properties":{"id":"VUT/CA/18341","type":"VUT","group":"Completa","address":"AVENIDA CERRO FALON Nº 4 Plta/Piso 2 Pta/Letra GD, piso 2, puerta GD","postal_code":"11540","places":8,"units":2,"registered":"2023-07-12","catastro":"6342702QA3764A0040WS","holder":null,"holder_count":null}},{"type":"Feature","geometry":{"type":"Point","coordinates":[-6.362647,36.773603]},"properties":{"id":"VUT/CA/18342","type":"VUT","group":"Completa","address":"CALLE FRAY MARIANO DE SANLUCAR Nº 13 Esc. 1 Pta/Letra 10, puerta 10","postal_code":"11540","places":7,"units":3,"registered":"2023-07-12","catastro":"5533773QA3753C0010RA","holder":null,"holder_count":null}},{"type":"Feature","geometry":{"type":"Point","coordinates":[-6.354541,36.782603]},"properties":{"id":"VUT/CA/18377","type":"VUT","group":"Completa","address":"CALLE RAMON MENENDEZ PIDAL Nº 2 Esc. 1 Plta/Piso 2 Pta/Letra DR, piso 2, puerta DR","postal_code":"11540","places":6,"units":3,"registered":"2023-07-14","catastro":"6243909qa3764c0006ki","holder":null,"holder_count":null}},{"type":"Feature","geometry":{"type":"Point","coordinates":[-6.36086,36.77575]},"properties":{"id":"VUT/CA/18388","type":"VUT","group":"Completa","address":"CALLE DIVINA PASTORA Nº 31 Blq. 7 Plta/Piso 1 Pta/Letra B Compl.Dom. CUESTA DE CAPUCHINOS, piso 1, puerta B","postal_code":"11540","places":5,"units":3,"registered":"2023-07-17","catastro":"5732401QA3753D0061IP","holder":null,"holder_count":null}},{"type":"Feature","geometry":{"type":"Point","coordinates":[-6.363735,36.773379]},"properties":{"id":"VUT/CA/18413","type":"VUT","group":"Completa","address":"CALLE Fray Leopoldo de Alpandeire Nº 14 Compl.Dom. Urbanización Mirador de la Jara","postal_code":"11540","places":7,"units":4,"registered":"2023-07-19","catastro":"5533767QA3753C0059FW","holder":null,"holder_count":null}},{"type":"Feature","geometry":{"type":"Point","coordinates":[-6.352022,36.779398]},"properties":{"id":"VUT/CA/18418","type":"VUT","group":"Completa","address":"CALLE Ancha Nº 48-52 Plta/Piso 1, piso 1","postal_code":"11540","places":9,"units":4,"registered":"2023-07-20","catastro":"6438516QA3763G0012GU","holder":null,"holder_count":null}},{"type":"Feature","geometry":{"type":"Point","coordinates":[-6.349043,36.776217]},"properties":{"id":"VUT/CA/18422","type":"VUT","group":"Completa","address":"CALLE PEDRO RODRIGUEZ Nº 7 Esc. 1 Plta/Piso 1 Pta/Letra C, piso 1, puerta C","postal_code":"11540","places":5,"units":2,"registered":"2023-07-20","catastro":"6735518QA3763F0015BQ","holder":null,"holder_count":null}},{"type":"Feature","geometry":{"type":"Point","coordinates":[-6.353458,36.780003]},"properties":{"id":"VUT/CA/18429","type":"VUT","group":"Completa","address":"CALLE Bolsa Nº 29 Plta/Piso 1 Pta/Letra 12, piso 1, puerta 12","postal_code":"11540","places":4,"units":2,"registered":"2023-07-20","catastro":"6340805QA3763G0001LX","holder":null,"holder_count":null}},{"type":"Feature","geometry":{"type":"Point","coordinates":[-6.360011,36.781743]},"properties":{"id":"VUT/CA/18479","type":"VUT","group":"Completa","address":"CALLE LUISA DE GUZMAN Km 38","postal_code":"11540","places":8,"units":3,"registered":"2023-07-26","catastro":"5742707QA3754b0001ZD","holder":null,"holder_count":null}},{"type":"Feature","geometry":{"type":"Point","coordinates":[-6.362953,36.780057]},"properties":{"id":"VUT/CA/18508","type":"VUT","group":"Completa","address":"AVENIDA de las Piletas Nº 67 Plta/Piso 2 Pta/Letra C, piso 2, puerta C","postal_code":"11540","places":6,"units":2,"registered":"2023-07-30","catastro":"5438401QA3753G0011RW","holder":null,"holder_count":null}},{"type":"Feature","geometry":{"type":"Point","coordinates":[-6.346193,36.784042]},"properties":{"id":"VUT/CA/18531","type":"VUT","group":"Completa","address":"CALLE SAN SALVADOR Nº 20 Compl.Dom. CASA","postal_code":"11540","places":12,"units":6,"registered":"2023-08-01","catastro":"7044204QA3764D0001BS","holder":"LFD ALQUILER SL","holder_count":1}},{"type":"Feature","geometry":{"type":"Point","coordinates":[-6.349444,36.779889]},"properties":{"id":"VUT/CA/18551","type":"VUT","group":"Completa","address":"CALLE ALCOBA Nº 17 Plta/Piso 1 Pta/Letra F, piso 1, puerta F","postal_code":"11540","places":4,"units":2,"registered":"2023-08-03","catastro":"6739322QA3763H0052BZ","holder":null,"holder_count":null}},{"type":"Feature","geometry":{"type":"Point","coordinates":[-6.352233,36.777459]},"properties":{"id":"VUT/CA/18552","type":"VUT","group":"Completa","address":"CALLE Carmen Viejo Nº 24 Portal 1 Esc. 1 Plta/Piso 2 Pta/Letra f, piso 2, puerta f","postal_code":"11540","places":4,"units":2,"registered":"2023-08-03","catastro":"6436918QA3763E0106HS","holder":null,"holder_count":null}},{"type":"Feature","geometry":{"type":"Point","coordinates":[-6.351422,36.779832]},"properties":{"id":"VUT/CA/18578","type":"VUT","group":"Completa","address":"CALLE Carril de San Diego Nº 32 Plta/Piso 1 Pta/Letra Izquierda, piso 1, puerta Izquierda","postal_code":"11540","places":5,"units":3,"registered":"2023-08-06","catastro":"6539303QA3763G0005WE","holder":null,"holder_count":null}},{"type":"Feature","geometry":{"type":"Point","coordinates":[-6.353458,36.780003]},"properties":{"id":"VUT/CA/18585","type":"VUT","group":"Completa","address":"CALLE Bolsa Nº 29 Plta/Piso 2 Pta/Letra 13, piso 2, puerta 13","postal_code":"11540","places":4,"units":2,"registered":"2023-08-07","catastro":"6340805QA3763G0013TI","holder":"TORGON2022 SL","holder_count":2}},{"type":"Feature","geometry":{"type":"Point","coordinates":[-6.349091,36.788592]},"properties":{"id":"VUT/CA/18586","type":"VUT","group":"Completa","address":"CALLE ROSA DE LOS VIENTOS Nº 1 Esc. 1 Plta/Piso 2 Pta/Letra I, piso 2, puerta I","postal_code":"11540","places":6,"units":3,"registered":"2023-08-07","catastro":"6649801QA3764E0166IW","holder":null,"holder_count":null}},{"type":"Feature","geometry":{"type":"Point","coordinates":[-6.356768,36.777946]},"properties":{"id":"VUT/CA/18587","type":"VUT","group":"Completa","address":"CALLE DE LA PLATA Nº 21 Plta/Piso 1 Pta/Letra IZQ, piso 1, puerta IZQ","postal_code":"11540","places":4,"units":1,"registered":"2023-08-07","catastro":"6037322QA3763E0004PU","holder":null,"holder_count":null}},{"type":"Feature","geometry":{"type":"Point","coordinates":[-6.358927,36.782132]},"properties":{"id":"VUT/CA/18607","type":"VUT","group":"Completa","address":"CALLE ALONSO DE LUGO Nº 32 Esc. 1 Pta/Letra 32 Compl.Dom. SANLUCAR DE BARRAMEDA, puerta 32","postal_code":"11540","places":8,"units":4,"registered":"2023-08-09","catastro":"5942912QA3754B0032US","holder":null,"holder_count":null}},{"type":"Feature","geometry":{"type":"Point","coordinates":[-6.391252,36.763325]},"properties":{"id":"VUT/CA/18645","type":"VUT","group":"Completa","address":"CALLE PINTOR GONZALEZ SANTOS Nº 9","postal_code":"11540","places":7,"units":3,"registered":"2023-08-16","catastro":"3021917QA3722A0001QR","holder":null,"holder_count":null}},{"type":"Feature","geometry":{"type":"Point","coordinates":[-6.354591,36.779268]},"properties":{"id":"VUT/CA/18647","type":"VUT","group":"Completa","address":"CALLE TARTANERO Nº 2 Compl.Dom. ESQUINA PLAZA DEL CABILDO","postal_code":"11540","places":4,"units":2,"registered":"2023-08-16","catastro":"6239907QA3763G0006KR","holder":null,"holder_count":null}},{"type":"Feature","geometry":{"type":"Point","coordinates":[-6.35098,36.777747]},"properties":{"id":"VUT/CA/18651","type":"VUT","group":"Completa","address":"CALLE CARRIL SAN DIEGO Nº 68 Esc. 1 Plta/Piso 1 Pta/Letra 8, piso 1, puerta 8","postal_code":"11540","places":6,"units":3,"registered":"2023-08-17","catastro":"6537606QA3763F0216XI","holder":"TODO AL SUR, GESTIÓN INTEGRAL ALQUILER S.L","holder_count":1}},{"type":"Feature","geometry":{"type":"Point","coordinates":[-6.345821,36.788717]},"properties":{"id":"VUT/CA/18658","type":"VUT","group":"Completa","address":"CALLE CALLEJÓN DE GUIA Nº 26 Compl.Dom. RESIDENCIAL SOLMAR","postal_code":"11540","places":8,"units":3,"registered":"2023-08-18","catastro":"7049232QA3764H0026TZ","holder":null,"holder_count":null}},{"type":"Feature","geometry":{"type":"Point","coordinates":[-6.353458,36.780003]},"properties":{"id":"VUT/CA/18661","type":"VUT","group":"Completa","address":"CALLE BOLSA Nº 29 Pta/Letra 1, puerta 1","postal_code":"11540","places":4,"units":2,"registered":"2023-08-19","catastro":"6340805QA3763G0001LX","holder":"TORGON2022 SL","holder_count":2}},{"type":"Feature","geometry":{"type":"Point","coordinates":[-6.353529,36.782568]},"properties":{"id":"VUT/CA/18670","type":"VUT","group":"Completa","address":"AVENIDA CERRO FALON Nº 8 Plta/Piso BJ Pta/Letra A Compl.Dom. CERRO FALON N8 BJ A, piso BJ, puerta A","postal_code":"11540","places":5,"units":3,"registered":"2023-08-21","catastro":"6342401QA3764A0001MI","holder":null,"holder_count":null}},{"type":"Feature","geometry":{"type":"Point","coordinates":[-6.353458,36.780003]},"properties":{"id":"VUT/CA/18681","type":"VUT","group":"Completa","address":"CALLE BOLSA Nº 29 Pta/Letra 3, puerta 3","postal_code":"11540","places":4,"units":2,"registered":"2023-08-22","catastro":"6340805QA3763G0001LX","holder":null,"holder_count":null}},{"type":"Feature","geometry":{"type":"Point","coordinates":[-6.322288,36.791432]},"properties":{"id":"VUT/CA/18683","type":"VUT","group":"Completa","address":"CALLE DIEGO GALLEGO Nº 8 Compl.Dom. URBANIZACION MARTIN MIGUEL","postal_code":"11540","places":10,"units":4,"registered":"2023-08-22","catastro":"8952701QA3785B0008OE","holder":null,"holder_count":null}},{"type":"Feature","geometry":{"type":"Point","coordinates":[-6.345991,36.783229]},"properties":{"id":"VUT/CA/18696","type":"VUT","group":"Completa","address":"CALLE SAN SALVADOR Nº 1 Portal 1 Plta/Piso BAJO Pta/Letra 2 Compl.Dom. RESIDENCIAL LA GALEONA, piso BAJO, puerta 2","postal_code":"11540","places":8,"units":2,"registered":"2023-08-24","catastro":"6943602QA3764D0015IM","holder":null,"holder_count":null}},{"type":"Feature","geometry":{"type":"Point","coordinates":[-6.353507,36.774734]},"properties":{"id":"VUT/CA/18707","type":"VUT","group":"Completa","address":"PLAZA HERMANA MARIA RANGEL Nº 1 Blq. 2 Plta/Piso 0 Pta/Letra A Compl.Dom. EDIFICIO PARQUE DE LA O, piso 0, puerta A","postal_code":"11540","places":6,"units":2,"registered":"2023-08-27","catastro":"6334801QA3763C0011ZH","holder":null,"holder_count":null}},{"type":"Feature","geometry":{"type":"Point","coordinates":[-6.356869,36.777738]},"properties":{"id":"VUT/CA/18717","type":"VUT","group":"Completa","address":"CALLE SARGENTA, EDIFICIO PLATA REAL Nº 23 Plta/Piso 1 Pta/Letra B, piso 1, puerta B","postal_code":"11540","places":4,"units":2,"registered":"2023-08-28","catastro":"6037321QA3763E0035MY","holder":null,"holder_count":null}},{"type":"Feature","geometry":{"type":"Point","coordinates":[-6.355702,36.782573]},"properties":{"id":"VUT/CA/18721","type":"VUT","group":"Completa","address":"PLAZA Gran Cinema Nº 8 Esc. 4 Plta/Piso 2 Pta/Letra D9, piso 2, puerta D9","postal_code":"11540","places":8,"units":4,"registered":"2023-08-28","catastro":"6142902QA3764A0122JE","holder":null,"holder_count":null}},{"type":"Feature","geometry":{"type":"Point","coordinates":[-6.352574,36.781044]},"properties":{"id":"VUT/CA/18741","type":"VUT","group":"Completa","address":"CALLE CARRIL SAN DIEGO Nº 4 Plta/Piso 1 Pta/Letra D Compl.Dom. EDIFICIO SEVILLA II, piso 1, puerta D","postal_code":"11540","places":6,"units":2,"registered":"2023-08-31","catastro":"6441805QA3764A0027DT","holder":null,"holder_count":null}},{"type":"Feature","geometry":{"type":"Point","coordinates":[-6.319209,36.798695]},"properties":{"id":"VUT/CA/18750","type":"VUT","group":"Completa","address":"CALLE Juan de Acurio Nº 501 Blq. 11 Plta/Piso 1 Pta/Letra C, piso 1, puerta C","postal_code":"11540","places":4,"units":2,"registered":"2023-09-02","catastro":"9260509QA3796A0181SZ","holder":null,"holder_count":null}},{"type":"Feature","geometry":{"type":"Point","coordinates":[-6.359528,36.761767]},"properties":{"id":"VUT/CA/18760","type":"VUT","group":"Completa","address":"CALLE CORRALES Nº 165","postal_code":"11540","places":3,"units":1,"registered":"2023-09-04","catastro":"5819107QA3751H0002SJ","holder":null,"holder_count":null}},{"type":"Feature","geometry":{"type":"Point","coordinates":[-6.36207,36.76467]},"properties":{"id":"VUT/CA/18764","type":"VUT","group":"Por habitaciones","address":"CARRETERA Carretera de Chipiona Km 1 Compl.Dom. El Carmen","postal_code":"11540","places":4,"units":2,"registered":"2023-09-05","catastro":"5622213QA3752D0001SB","holder":null,"holder_count":null}},{"type":"Feature","geometry":{"type":"Point","coordinates":[-6.360946,36.783159]},"properties":{"id":"VUT/CA/18802","type":"VUT","group":"Completa","address":"CALLE Fernando de Magallanes Nº 22 Pta/Letra 15 Compl.Dom. Urbanización Sanlucar 34, puerta 15","postal_code":"11540","places":6,"units":2,"registered":"2023-09-12","catastro":"5643801QA3754B0015KQ","holder":null,"holder_count":null}},{"type":"Feature","geometry":{"type":"Point","coordinates":[-6.357901,36.778485]},"properties":{"id":"VUT/CA/18808","type":"VUT","group":"Completa","address":"PLAZA DE LAS INFANTAS, EDIFICIO INFANTA MARIA LUISA Portal 4 Plta/Piso 3 Pta/Letra B, piso 3, puerta B","postal_code":"11540","places":5,"units":2,"registered":"2023-09-13","catastro":"5939294QA3753H0191HQ","holder":null,"holder_count":null}},{"type":"Feature","geometry":{"type":"Point","coordinates":[-6.355562,36.78418]},"properties":{"id":"VUT/CA/18832","type":"VUT","group":"Completa","address":"AVENIDA CERRO FALON, EDIFICIO ALMIRANTE Km 0 Calif.Nº 0 Portal 3 Esc. 0 Plta/Piso BJ Pta/Letra C, piso BJ, puerta C","postal_code":"11540","places":8,"units":3,"registered":"2023-09-19","catastro":"6144506QA3764C0037PU","holder":null,"holder_count":null}},{"type":"Feature","geometry":{"type":"Point","coordinates":[-6.360946,36.783159]},"properties":{"id":"VUT/CA/18855","type":"VUT","group":"Completa","address":"CALLE Fernando de Magallanes Nº 22 Pta/Letra 8, puerta 8","postal_code":"11540","places":6,"units":2,"registered":"2023-09-25","catastro":"5643801QA3754B0008FB","holder":null,"holder_count":null}},{"type":"Feature","geometry":{"type":"Point","coordinates":[-6.362434,36.780444]},"properties":{"id":"VUT/CA/18859","type":"VUT","group":"Completa","address":"AVENIDA LAS PILETAS Nº 61 Plta/Piso 3 Pta/Letra A Compl.Dom. EDIFICIO PLEAMAR, piso 3, puerta A","postal_code":"11540","places":5,"units":2,"registered":"2023-09-25","catastro":"5639394QA3753G0015SY","holder":null,"holder_count":null}},{"type":"Feature","geometry":{"type":"Point","coordinates":[-6.35589,36.778125]},"properties":{"id":"VUT/CA/18875","type":"VUT","group":"Completa","address":"CALLE PEREZ GALDOS Nº 6 Plta/Piso 1 Pta/Letra B, piso 1, puerta B","postal_code":"11540","places":4,"units":2,"registered":"2023-09-28","catastro":"6138710QA3763G0002OM","holder":null,"holder_count":null}},{"type":"Feature","geometry":{"type":"Point","coordinates":[-6.351104,36.787087]},"properties":{"id":"VUT/CA/18876","type":"VUT","group":"Completa","address":"CALLE Albatros Nº 1 Portal 5 Plta/Piso 2 Pta/Letra D, piso 2, puerta D","postal_code":"11540","places":8,"units":3,"registered":"2023-09-28","catastro":"6546401QA3764E0167OE","holder":null,"holder_count":null}},{"type":"Feature","geometry":{"type":"Point","coordinates":[-6.353483,36.780306]},"properties":{"id":"VUT/CA/18883","type":"VUT","group":"Completa","address":"CALLE Trasbolsa Nº 8 Blq. 8 Plta/Piso 1 Pta/Letra 9, piso 1, puerta 9","postal_code":"11540","places":4,"units":2,"registered":"2023-10-02","catastro":"6340814QA3763G0027QL","holder":null,"holder_count":null}},{"type":"Feature","geometry":{"type":"Point","coordinates":[-6.351021,36.779319]},"properties":{"id":"VUT/CA/18894","type":"VUT","group":"Completa","address":"CALLE CARRIL DE SAN DIEGO Nº 50 Pta/Letra A, puerta A","postal_code":"11540","places":6,"units":3,"registered":"2023-10-03","catastro":"6539906QA3763G0002RM","holder":null,"holder_count":null}},{"type":"Feature","geometry":{"type":"Point","coordinates":[-6.353258,36.78139]},"properties":{"id":"VUT/CA/18899","type":"VUT","group":"Completa","address":"CALLE banda playa Nº 28 Portal 4 Plta/Piso 3 Pta/Letra c, piso 3, puerta c","postal_code":"11540","places":8,"units":3,"registered":"2023-10-04","catastro":"6341902QA3764A0161MU","holder":null,"holder_count":null}},{"type":"Feature","geometry":{"type":"Point","coordinates":[-6.353458,36.780003]},"properties":{"id":"VUT/CA/19005","type":"VUT","group":"Completa","address":"CALLE DE LA BOLSA Nº 29 Plta/Piso 0 Pta/Letra 2, piso 0, puerta 2","postal_code":"11540","places":4,"units":1,"registered":"2023-10-27","catastro":"6340805QA3763G0001LX","holder":null,"holder_count":null}},{"type":"Feature","geometry":{"type":"Point","coordinates":[-6.353273,36.783488]},"properties":{"id":"VUT/CA/19021","type":"VUT","group":"Completa","address":"CALLE CALLE MAR MENOR Nº 13 Esc. 1 Plta/Piso 1ª Pta/Letra E, piso 1ª, puerta E","postal_code":"11540","places":4,"units":2,"registered":"2023-10-30","catastro":"6244630QA3764C0003QT","holder":"GRUPO INMOBILIARIO GAROPE,S.L.U.","holder_count":2}},{"type":"Feature","geometry":{"type":"Point","coordinates":[-6.361324,36.780362]},"properties":{"id":"VUT/CA/19031","type":"VUT","group":"Completa","address":"AVENIDA avenida quinto centenario Nº 181 Blq. 3 Plta/Piso 3 Pta/Letra 17, piso 3, puerta 17","postal_code":"11540","places":10,"units":3,"registered":"2023-11-01","catastro":"5539501QA3753H0069WI","holder":null,"holder_count":null}},{"type":"Feature","geometry":{"type":"Point","coordinates":[-6.352007,36.782099]},"properties":{"id":"VUT/CA/19051","type":"VUT","group":"Completa","address":"PLAZA Doctor Rafael Barbadillo Nº 1 Esc. B Plta/Piso 2 Pta/Letra D, piso 2, puerta D","postal_code":"11540","places":6,"units":3,"registered":"2023-11-07","catastro":"6542304QA3764A0021ZX","holder":"Casa Alta Plaza S.L.","holder_count":2}},{"type":"Feature","geometry":{"type":"Point","coordinates":[-6.357227,36.777654]},"properties":{"id":"VUT/CA/19060","type":"VUT","group":"Completa","address":"CALLE DE LA PLATA Nº 27 Plta/Piso BJ Pta/Letra B, piso BJ, puerta B","postal_code":"11540","places":4,"units":2,"registered":"2023-11-07","catastro":"6037319QA3763E0002IT","holder":null,"holder_count":null}},{"type":"Feature","geometry":{"type":"Point","coordinates":[-6.3747,36.769863]},"properties":{"id":"VUT/CA/19062","type":"VUT","group":"Completa","address":"CALLE PLAYA DEL ROMPIDILLO Nº 29","postal_code":"11540","places":8,"units":4,"registered":"2023-11-08","catastro":"4428216QA3742G0001EB","holder":null,"holder_count":null}},{"type":"Feature","geometry":{"type":"Point","coordinates":[-6.367969,36.776689]},"properties":{"id":"VUT/CA/19087","type":"VUT","group":"Completa","address":"CALLE TEMPLO DEL LUCERO Nº 18 Blq. 2 Portal 5 Plta/Piso 2 Pta/Letra C Compl.Dom. EDIFICIO TERRAZAS DE DOÑANA(CONJUNTO RESIDENCIAL TERRAZAS DE DOÑANA), piso 2, puerta C","postal_code":"11540","places":8,"units":2,"registered":"2023-11-12","catastro":"5236355QA3753E0073PT","holder":"INVERGAME SL","holder_count":1}},{"type":"Feature","geometry":{"type":"Point","coordinates":[-6.354702,36.781411]},"properties":{"id":"VUT/CA/19089","type":"VUT","group":"Completa","address":"CALLE INFANTA BEATRIZ Nº 7 Plta/Piso 4 Pta/Letra 4, piso 4, puerta 4","postal_code":"11540","places":6,"units":3,"registered":"2023-11-13","catastro":"6141505QA3764A0030WT","holder":null,"holder_count":null}},{"type":"Feature","geometry":{"type":"Point","coordinates":[-6.353561,36.774498]},"properties":{"id":"VUT/CA/19105","type":"VUT","group":"Completa","address":"CALLE MONTEROS Nº 9 Pta/Letra B, puerta B","postal_code":"11540","places":5,"units":2,"registered":"2023-11-14","catastro":"6333421QA3763C0002TP","holder":null,"holder_count":null}},{"type":"Feature","geometry":{"type":"Point","coordinates":[-6.355489,36.779165]},"properties":{"id":"VUT/CA/19107","type":"VUT","group":"Completa","address":"CALLE TARTANEROS Nº 1 Plta/Piso 1 Pta/Letra A, piso 1, puerta A","postal_code":"11540","places":10,"units":4,"registered":"2023-11-15","catastro":"6239102QA3763G0038PR","holder":null,"holder_count":null}},{"type":"Feature","geometry":{"type":"Point","coordinates":[-6.359141,36.775863]},"properties":{"id":"VUT/CA/19113","type":"VUT","group":"Completa","address":"CALLE Huerta del Desengaño Nº 2 Blq. 2 Portal 1 Plta/Piso 2 Pta/Letra C Compl.Dom. Edificio La Merced II Fase, piso 2, puerta C","postal_code":"11540","places":4,"units":3,"registered":"2023-11-15","catastro":"5732418QA3753D0009IX","holder":null,"holder_count":null}},{"type":"Feature","geometry":{"type":"Point","coordinates":[-6.35382,36.783478]},"properties":{"id":"VUT/CA/19114","type":"VUT","group":"Completa","address":"AVENIDA DEL GUADALQUIVIR Nº 36 Plta/Piso 2 Pta/Letra C, piso 2, puerta C","postal_code":"11540","places":8,"units":2,"registered":"2023-11-15","catastro":"6244633QA3764C0011PP","holder":null,"holder_count":null}},{"type":"Feature","geometry":{"type":"Point","coordinates":[-6.359141,36.775863]},"properties":{"id":"VUT/CA/19115","type":"VUT","group":"Completa","address":"CALLE Huerta del Desengaño Nº 2 Blq. 2 Portal 1 Plta/Piso 2 Pta/Letra C, piso 2, puerta C","postal_code":"11540","places":4,"units":3,"registered":"2023-11-15","catastro":"5732418QA3753D0009IX","holder":null,"holder_count":null}},{"type":"Feature","geometry":{"type":"Point","coordinates":[-6.363103,36.781434]},"properties":{"id":"VUT/CA/19146","type":"VUT","group":"Completa","address":"CALLE SIMON DE ROJAS CLEMENTE Nº 13 Plta/Piso 2 Pta/Letra G, piso 2, puerta G","postal_code":"11540","places":4,"units":2,"registered":"2023-11-21","catastro":"5441702QA3754A0023AB","holder":null,"holder_count":null}},{"type":"Feature","geometry":{"type":"Point","coordinates":[-6.351104,36.787087]},"properties":{"id":"VUT/CA/19166","type":"VUT","group":"Completa","address":"CALLE Albatros Nº 3 Portal 5 Plta/Piso Bajo Pta/Letra A Compl.Dom. Urbanización La Capillita, piso Bajo, puerta A","postal_code":"11540","places":6,"units":3,"registered":"2023-11-27","catastro":"6546401QA3764E0133UQ","holder":null,"holder_count":null}},{"type":"Feature","geometry":{"type":"Point","coordinates":[-6.370264,36.773313]},"properties":{"id":"VUT/CA/19197","type":"VUT","group":"Completa","address":"CALLE Crucero Nº 30 Compl.Dom. Calle Crucero, 30 Urb. Espiritu Santo Sanlucar de Barrameda Cadiz","postal_code":"11540","places":5,"units":3,"registered":"2023-12-02","catastro":"4832809QA3743A0001PY","holder":null,"holder_count":null}},{"type":"Feature","geometry":{"type":"Point","coordinates":[-6.35098,36.777747]},"properties":{"id":"VUT/CA/19206","type":"VUT","group":"Completa","address":"CALLE CARRIL SAN DIEGO Nº 68 Portal 2 Plta/Piso B Pta/Letra A Compl.Dom. RESIDENCIAL MIRADOR SANTIAGO NUCLEO 1 PORTAL 2 BAJO A, piso B, puerta A","postal_code":"11540","places":4,"units":2,"registered":"2023-12-05","catastro":"6537606QA3763F0176GQ","holder":null,"holder_count":null}},{"type":"Feature","geometry":{"type":"Point","coordinates":[-6.353726,36.773974]},"properties":{"id":"VUT/CA/19213","type":"VUT","group":"Completa","address":"CALLE DESCALZAS Nº 18 Pta/Letra 14, puerta 14","postal_code":"11540","places":5,"units":2,"registered":"2023-12-06","catastro":"6333607QA3763C0014LL","holder":null,"holder_count":null}},{"type":"Feature","geometry":{"type":"Point","coordinates":[-6.360946,36.783159]},"properties":{"id":"VUT/CA/19236","type":"VUT","group":"Completa","address":"CALLE ESTEBAN DE BOUTELOU Nº 17 Pta/Letra 4 Compl.Dom. URBANIZACIÓN SANLÚCAR 34, puerta 4","postal_code":"11540","places":6,"units":2,"registered":"2023-12-12","catastro":"5643801QA3754B0004PH","holder":null,"holder_count":null}},{"type":"Feature","geometry":{"type":"Point","coordinates":[-6.355962,36.786768]},"properties":{"id":"VUT/CA/19241","type":"VUT","group":"Completa","address":"CALLE VICENTE YÁÑEZ PINZÓN Nº 5 Pta/Letra D, puerta D","postal_code":"11540","places":6,"units":2,"registered":"2023-12-13","catastro":"6147113QA3764E0020IA","holder":"GAVISEN 2023, S.L.","holder_count":1}},{"type":"Feature","geometry":{"type":"Point","coordinates":[-6.36063,36.772179]},"properties":{"id":"VUT/CA/19242","type":"VUT","group":"Por habitaciones","address":"CALLE Fray Isidoro de Sevilla Nº 3 Plta/Piso 14 Compl.Dom. Vivienda 14 Residencial Cimbra, piso 14","postal_code":"11540","places":6,"units":2,"registered":"2023-12-13","catastro":"5730252QA3753B0066BB","holder":null,"holder_count":null}},{"type":"Feature","geometry":{"type":"Point","coordinates":[-6.355489,36.779165]},"properties":{"id":"VUT/CA/19244","type":"VUT","group":"Completa","address":"CALLE RUIZ DE SOMAVIA Nº 24 Portal 1 Compl.Dom. ENTRESUELO A","postal_code":"11540","places":5,"units":3,"registered":"2023-12-14","catastro":"6239102QA3763G0025MJ","holder":null,"holder_count":null}},{"type":"Feature","geometry":{"type":"Point","coordinates":[-6.320695,36.787275]},"properties":{"id":"VUT/CA/19280","type":"VUT","group":"Completa","address":"CALLE NICOLAS DE NAPOLES 2935 Nº 2935","postal_code":"11540","places":10,"units":4,"registered":"2023-12-19","catastro":"9248335QA3794G0001XT","holder":null,"holder_count":null}},{"type":"Feature","geometry":{"type":"Point","coordinates":[-6.350418,36.788991]},"properties":{"id":"VUT/CA/19287","type":"VUT","group":"Completa","address":"CALLE DE LA CAPILLITA Nº 10","postal_code":"11540","places":6,"units":4,"registered":"2023-12-20","catastro":"6650321QA3765B0001IA","holder":"LEAD GENERATION COMPANY SPAIN, S.L.","holder_count":8}},{"type":"Feature","geometry":{"type":"Point","coordinates":[-6.353133,36.777303]},"properties":{"id":"VUT/CA/19322","type":"VUT","group":"Completa","address":"CALLE CARMEN Nº 12 Esc. 1 Plta/Piso 5 Pta/Letra B, piso 5, puerta B","postal_code":"11540","places":6,"units":3,"registered":"2023-12-28","catastro":"6436912QA3763E0011UA","holder":null,"holder_count":null}},{"type":"Feature","geometry":{"type":"Point","coordinates":[-6.358886,36.775018]},"properties":{"id":"VUT/CA/19323","type":"VUT","group":"Completa","address":"AVENIDA QUINTO CENTENARIO Nº 10 Calif.Nº A Esc. 1 Plta/Piso 3 Pta/Letra A Compl.Dom. EDIFICIO MEDIUM, piso 3, puerta A","postal_code":"11540","places":12,"units":3,"registered":"2023-12-28","catastro":"5833303QA3753D0006TL","holder":null,"holder_count":null}},{"type":"Feature","geometry":{"type":"Point","coordinates":[-6.37299,36.772919]},"properties":{"id":"VUT/CA/19334","type":"VUT","group":"Completa","address":"CALLE FRAGATA Nº 1","postal_code":"11540","places":10,"units":4,"registered":"2023-12-30","catastro":"4631205QA3743A0001UY","holder":null,"holder_count":null}},{"type":"Feature","geometry":{"type":"Point","coordinates":[-6.361224,36.776376]},"properties":{"id":"VUT/CA/19367","type":"VUT","group":"Completa","address":"CALLE Las Molucas Nº 5 Portal 2 Plta/Piso 1 Pta/Letra B, piso 1, puerta B","postal_code":"11540","places":4,"units":1,"registered":"2024-01-08","catastro":"5635910QA3753F0014RL","holder":null,"holder_count":null}},{"type":"Feature","geometry":{"type":"Point","coordinates":[-6.353295,36.777736]},"properties":{"id":"VUT/CA/19375","type":"VUT","group":"Por habitaciones","address":"CALLE Don Román Nº 7","postal_code":"11540","places":15,"units":5,"registered":"2024-01-09","catastro":"6437209QA3763E0001MR","holder":null,"holder_count":null}},{"type":"Feature","geometry":{"type":"Point","coordinates":[-6.35248,36.778719]},"properties":{"id":"VUT/CA/19439","type":"VUT","group":"Completa","address":"CALLE SAN JORGE Nº 12 Plta/Piso 2 Pta/Letra B, piso 2, puerta B","postal_code":"11540","places":6,"units":3,"registered":"2024-01-17","catastro":"6438903QA3763G0010IT","holder":null,"holder_count":null}},{"type":"Feature","geometry":{"type":"Point","coordinates":[-6.335937,36.800891]},"properties":{"id":"VUT/CA/19441","type":"VUT","group":"Completa","address":"CALLE HERNANDO DE SOTO Nº 3 Esc. 2 Plta/Piso 0 Pta/Letra G, piso 0, puerta G","postal_code":"11540","places":4,"units":2,"registered":"2024-01-17","catastro":"7863901QA3776D0036WU","holder":null,"holder_count":null}},{"type":"Feature","geometry":{"type":"Point","coordinates":[-6.347848,36.781332]},"properties":{"id":"VUT/CA/19442","type":"VUT","group":"Completa","address":"AVENIDA CONSTITUCION Nº 4 Plta/Piso 2 Pta/Letra D, piso 2, puerta D","postal_code":"11540","places":6,"units":3,"registered":"2024-01-17","catastro":"6738430QA3763H0029RU","holder":null,"holder_count":null}},{"type":"Feature","geometry":{"type":"Point","coordinates":[-6.351471,36.77939]},"properties":{"id":"VUT/CA/19452","type":"VUT","group":"Por habitaciones","address":"CALLE SANTA ANA Nº 4","postal_code":"11540","places":6,"units":4,"registered":"2024-01-18","catastro":"6539910QA3763G0001SX","holder":"SOTAVENTO SENSE, SOCIEDAD LIMITADA","holder_count":1}},{"type":"Feature","geometry":{"type":"Point","coordinates":[-6.348495,36.787306]},"properties":{"id":"VUT/CA/19459","type":"VUT","group":"Completa","address":"AVENIDA de la manzanilla Nº 9 Blq. 3 Plta/Piso 2 Pta/Letra d, piso 2, puerta d","postal_code":"11540","places":4,"units":2,"registered":"2024-01-19","catastro":"6748701QA3764E0231FW","holder":null,"holder_count":null}},{"type":"Feature","geometry":{"type":"Point","coordinates":[-6.36063,36.772179]},"properties":{"id":"VUT/CA/19477","type":"VUT","group":"Completa","address":"CALLE FRAY ISIDORO DE SEVILLA Nº 3 Esc. 1 Plta/Piso 00 Pta/Letra 3B, piso 00, puerta 3B","postal_code":"11540","places":8,"units":4,"registered":"2024-01-22","catastro":"5730252QA3753B0055SS","holder":null,"holder_count":null}},{"type":"Feature","geometry":{"type":"Point","coordinates":[-6.344748,36.784502]},"properties":{"id":"VUT/CA/19491","type":"VUT","group":"Completa","address":"CALLE BARRAMEDA Nº 102 Plta/Piso 2 Pta/Letra IZQ, piso 2, puerta IZQ","postal_code":"11540","places":4,"units":3,"registered":"2024-01-22","catastro":"7145102QA3774C0005XA","holder":null,"holder_count":null}},{"type":"Feature","geometry":{"type":"Point","coordinates":[-6.346925,36.785311]},"properties":{"id":"VUT/CA/19510","type":"VUT","group":"Completa","address":"CALLE BOLSA Nº 179 Pta/Letra 5, puerta 5","postal_code":"11540","places":8,"units":3,"registered":"2024-01-24","catastro":"6845509QA3764F0081GJ","holder":null,"holder_count":null}},{"type":"Feature","geometry":{"type":"Point","coordinates":[-6.34819,36.784255]},"properties":{"id":"VUT/CA/19527","type":"VUT","group":"Completa","address":"CALLE BOLSA Nº 161 Plta/Piso BAJO Pta/Letra 1, piso BAJO, puerta 1","postal_code":"11540","places":6,"units":2,"registered":"2024-01-26","catastro":"6845105QA3764D1001BP","holder":null,"holder_count":null}},{"type":"Feature","geometry":{"type":"Point","coordinates":[-6.34819,36.784255]},"properties":{"id":"VUT/CA/19528","type":"VUT","group":"Completa","address":"CALLE BOLSA Nº 161 Plta/Piso 1 Pta/Letra 2, piso 1, puerta 2","postal_code":"11540","places":6,"units":2,"registered":"2024-01-26","catastro":"6845105QA3764D0002MD","holder":null,"holder_count":null}},{"type":"Feature","geometry":{"type":"Point","coordinates":[-6.353754,36.783036]},"properties":{"id":"VUT/CA/19542","type":"VUT","group":"Completa","address":"CALLE PADRE CUEVAS Nº 7","postal_code":"11540","places":4,"units":1,"registered":"2024-01-27","catastro":"6243511QA3764C0002SR","holder":null,"holder_count":null}},{"type":"Feature","geometry":{"type":"Point","coordinates":[-6.371667,36.773771]},"properties":{"id":"VUT/CA/19545","type":"VUT","group":"Completa","address":"AVENIDA CASTILLO DEL ESPIRITU SANTO Nº 12","postal_code":"11540","places":8,"units":4,"registered":"2024-01-28","catastro":"4832903QA3743A0001YY","holder":null,"holder_count":null}},{"type":"Feature","geometry":{"type":"Point","coordinates":[-6.371125,36.773426]},"properties":{"id":"VUT/CA/19546","type":"VUT","group":"Completa","address":"CALLE crucero Nº 2 Calif.Nº B Blq. 1 Esc. 1 Plta/Piso 00 Pta/Letra 03, piso 00, puerta 03","postal_code":"11540","places":8,"units":3,"registered":"2024-01-28","catastro":"4832801QA3743A0003OI","holder":null,"holder_count":null}},{"type":"Feature","geometry":{"type":"Point","coordinates":[-6.352574,36.776401]},"properties":{"id":"VUT/CA/19566","type":"VUT","group":"Completa","address":"CALLE LUIS DE EGUILAZ Nº 1 Esc. 5 Plta/Piso 2 Pta/Letra IZQ Compl.Dom. CALLEJON DE LA COMEDIAS 1, ESCALERA 5. 2º IZQ. APARTAMENTO 47, piso 2, puerta IZQ","postal_code":"11540","places":6,"units":2,"registered":"2024-01-29","catastro":"6436930QA3763E0083TH","holder":"VIVIENDAS TURISTICAS DEL SUR SL","holder_count":1}},{"type":"Feature","geometry":{"type":"Point","coordinates":[-6.359062,36.777213]},"properties":{"id":"VUT/CA/19572","type":"VUT","group":"Completa","address":"AVENIDA Quinto Centenario Nº 89 Plta/Piso 1 Pta/Letra A, piso 1, puerta A","postal_code":"11540","places":4,"units":2,"registered":"2024-01-29","catastro":"5736825QA3753F0028QU","holder":null,"holder_count":null}},{"type":"Feature","geometry":{"type":"Point","coordinates":[-6.321799,36.790248]},"properties":{"id":"VUT/CA/19594","type":"VUT","group":"Completa","address":"AVENIDA Juna de Zubileta Nº 4 Blq. 4 Plta/Piso 1 Pta/Letra b, piso 1, puerta b","postal_code":"11540","places":6,"units":3,"registered":"2024-01-31","catastro":"9051601QA3795A0029ID","holder":null,"holder_count":null}},{"type":"Feature","geometry":{"type":"Point","coordinates":[-6.376457,36.767889]},"properties":{"id":"VUT/CA/19613","type":"VUT","group":"Completa","address":"URBANIZACION VILLA HORACIA. CALLE BOSQUE Nº 1 Plta/Piso 1 Pta/Letra C, piso 1, puerta C","postal_code":"11540","places":4,"units":2,"registered":"2024-02-01","catastro":"4325401QA3732F0004FP","holder":null,"holder_count":null}},{"type":"Feature","geometry":{"type":"Point","coordinates":[-6.351471,36.77939]},"properties":{"id":"VUT/CA/19622","type":"VUT","group":"Por habitaciones","address":"CALLE SANTA ANA Nº 4","postal_code":"11540","places":6,"units":4,"registered":"2024-02-02","catastro":"6539910QA3763G0001SX","holder":null,"holder_count":null}},{"type":"Feature","geometry":{"type":"Point","coordinates":[-6.354087,36.773739]},"properties":{"id":"VUT/CA/19663","type":"VUT","group":"Completa","address":"CALLE MISERICORDIA Nº 24 Plta/Piso 1 Pta/Letra D, piso 1, puerta D","postal_code":"11540","places":6,"units":2,"registered":"2024-02-06","catastro":"6333110QA3763A0002DG","holder":null,"holder_count":null}},{"type":"Feature","geometry":{"type":"Point","coordinates":[-6.358295,36.778112]},"properties":{"id":"VUT/CA/19676","type":"VUT","group":"Completa","address":"CALLE CALZADA DE LA INFANTA Nº 2 Plta/Piso 2 Pta/Letra E Compl.Dom. EDIFICIO LAS TRES CARABELAS, piso 2, puerta E","postal_code":"11540","places":4,"units":2,"registered":"2024-02-07","catastro":"5837505QA3753H0024JZ","holder":null,"holder_count":null}},{"type":"Feature","geometry":{"type":"Point","coordinates":[-6.351059,36.775755]},"properties":{"id":"VUT/CA/19677","type":"VUT","group":"Completa","address":"CALLE SANTIAGO Nº 32 Esc. B Plta/Piso 1º Pta/Letra 3, piso 1º, puerta 3","postal_code":"11540","places":10,"units":4,"registered":"2024-02-07","catastro":"6534501QA3763D0101SZ","holder":"ESTUDIOS Y GESTION DE ACTIVOS S.A","holder_count":1}},{"type":"Feature","geometry":{"type":"Point","coordinates":[-6.352055,36.781549]},"properties":{"id":"VUT/CA/19688","type":"VUT","group":"Completa","address":"CALLE TRASBOLSA Nº 24 Esc. 1 Plta/Piso 1 Pta/Letra 3, piso 1, puerta 3","postal_code":"11540","places":4,"units":2,"registered":"2024-02-08","catastro":"6542824QA3764B0007ZM","holder":"BOBI SANLUCAR INMOBILIARIA SL","holder_count":2}},{"type":"Feature","geometry":{"type":"Point","coordinates":[-6.346487,36.764777]},"properties":{"id":"VUT/CA/19689","type":"VUT","group":"Completa","address":"CALLE LOS HUERTOS Nº 3 Compl.Dom. RESIDENCIAL LOS HUERTOS","postal_code":"11540","places":6,"units":3,"registered":"2024-02-08","catastro":"6923795QA3762D0001LQ","holder":null,"holder_count":null}},{"type":"Feature","geometry":{"type":"Point","coordinates":[-6.35382,36.783478]},"properties":{"id":"VUT/CA/19708","type":"VUT","group":"Completa","address":"AVENIDA GUADALQUIVIR Nº 36 Plta/Piso BAJA Pta/Letra B Compl.Dom. EDIFICIO SAN FERMIN, piso BAJA, puerta B","postal_code":"11540","places":4,"units":2,"registered":"2024-02-11","catastro":"6244633QA3764C0002RR","holder":null,"holder_count":null}},{"type":"Feature","geometry":{"type":"Point","coordinates":[-6.36261,36.781846]},"properties":{"id":"VUT/CA/19716","type":"VUT","group":"Completa","address":"CALLE FERNANDO DE MAGALLANES Nº 18 Plta/Piso 02 Pta/Letra 0C, piso 02, puerta 0C","postal_code":"11540","places":5,"units":2,"registered":"2024-02-12","catastro":"5441701QA3754A0043HA","holder":null,"holder_count":null}},{"type":"Feature","geometry":{"type":"Point","coordinates":[-6.361517,36.775973]},"properties":{"id":"VUT/CA/19720","type":"VUT","group":"Completa","address":"CALLE BANDA PLAYA Nº 147 Plta/Piso 1 Pta/Letra D, piso 1, puerta D","postal_code":"11540","places":6,"units":2,"registered":"2024-02-13","catastro":"5635801QA3753D0014GQ","holder":null,"holder_count":null}},{"type":"Feature","geometry":{"type":"Point","coordinates":[-6.33793,36.766433]},"properties":{"id":"VUT/CA/19728","type":"VUT","group":"Completa","address":"CALLE LAS TORRES Nº 10","postal_code":"11540","places":8,"units":3,"registered":"2024-02-14","catastro":"7725620QA3772F0001TM","holder":null,"holder_count":null}},{"type":"Feature","geometry":{"type":"Point","coordinates":[-6.349772,36.779246]},"properties":{"id":"VUT/CA/19780","type":"VUT","group":"Completa","address":"CALLE Alcoba Nº 24 Plta/Piso Ático Pta/Letra A, piso Ático, puerta A","postal_code":"11540","places":4,"units":2,"registered":"2024-02-20","catastro":"6738423QA3763H0020TZ","holder":null,"holder_count":null}},{"type":"Feature","geometry":{"type":"Point","coordinates":[-6.371855,36.76822]},"properties":{"id":"VUT/CA/19794","type":"VUT","group":"Completa","address":"CALLE Papalevante Nº 1","postal_code":"11540","places":6,"units":3,"registered":"2024-02-21","catastro":"4625309QA3742F0001OA","holder":null,"holder_count":null}},{"type":"Feature","geometry":{"type":"Point","coordinates":[-6.320851,36.796857]},"properties":{"id":"VUT/CA/19817","type":"VUT","group":"Completa","address":"CALLE JUAN DE ACURIO Nº 901 Blq. 2 Plta/Piso 3 Pta/Letra A Compl.Dom. URBANIZACION FLAMENCOS GOLF, piso 3, puerta A","postal_code":"11540","places":6,"units":3,"registered":"2024-02-24","catastro":"9157903QA3795E0060PX","holder":null,"holder_count":null}},{"type":"Feature","geometry":{"type":"Point","coordinates":[-6.349572,36.783612]},"properties":{"id":"VUT/CA/19830","type":"VUT","group":"Completa","address":"CALLE SAN NICOLAS Nº 50 Portal 1 Plta/Piso BAJO Pta/Letra F, piso BAJO, puerta F","postal_code":"11540","places":8,"units":3,"registered":"2024-02-26","catastro":"6744918QA3764D0030YO","holder":null,"holder_count":null}},{"type":"Feature","geometry":{"type":"Point","coordinates":[-6.353319,36.780125]},"properties":{"id":"VUT/CA/19847","type":"VUT","group":"Completa","address":"CALLE BOLSA Nº 31-33 Plta/Piso BAJO Pta/Letra 2 Compl.Dom. EDIFICIO SALAMANCA, piso BAJO, puerta 2","postal_code":"11540","places":8,"units":2,"registered":"2024-02-29","catastro":"6340815QA3763G0091UH","holder":null,"holder_count":null}},{"type":"Feature","geometry":{"type":"Point","coordinates":[-6.351327,36.782067]},"properties":{"id":"VUT/CA/19852","type":"VUT","group":"Completa","address":"CALLE Trasbolsa Nº 34 Plta/Piso Bajo Pta/Letra A, piso Bajo, puerta A","postal_code":"11540","places":5,"units":2,"registered":"2024-03-01","catastro":"6542827QA3764B0003ZL","holder":null,"holder_count":null}},{"type":"Feature","geometry":{"type":"Point","coordinates":[-6.370911,36.770839]},"properties":{"id":"VUT/CA/19875","type":"VUT","group":"Completa","address":"CALLE MAREJADA Nº 26","postal_code":"11540","places":6,"units":3,"registered":"2024-03-04","catastro":"4730718QA3742G0001SB","holder":null,"holder_count":null}},{"type":"Feature","geometry":{"type":"Point","coordinates":[-6.355475,36.773439]},"properties":{"id":"VUT/CA/19876","type":"VUT","group":"Completa","address":"CALLE MOLINILLO SEGUNDA Nº 8 Pta/Letra 5, puerta 5","postal_code":"11540","places":8,"units":3,"registered":"2024-03-04","catastro":"6132625QA3763A0035GH","holder":null,"holder_count":null}},{"type":"Feature","geometry":{"type":"Point","coordinates":[-6.35948,36.781493]},"properties":{"id":"VUT/CA/19901","type":"VUT","group":"Completa","address":"AVENIDA CALZADA DE LA INFANTA Portal 3 Plta/Piso 2 Pta/Letra B Compl.Dom. CONJUNTO URBANISTICA GUADEBRO ESTACION PLAYA, piso 2, puerta B","postal_code":"11540","places":6,"units":3,"registered":"2024-03-06","catastro":"5741701QA3754B0006DK","holder":null,"holder_count":null}},{"type":"Feature","geometry":{"type":"Point","coordinates":[-6.36561,36.778986]},"properties":{"id":"VUT/CA/19908","type":"VUT","group":"Completa","address":"CALLE SIMON DE ROJAS CLEMENTE Nº 91 Compl.Dom. CASA 18","postal_code":"11540","places":6,"units":3,"registered":"2024-03-07","catastro":"5238617QA3753G0001MK","holder":"INTRAMUROS VENTURES, S.L.","holder_count":1}},{"type":"Feature","geometry":{"type":"Point","coordinates":[-6.356598,36.776345]},"properties":{"id":"VUT/CA/19924","type":"VUT","group":"Completa","address":"CALLE BAÑOS Nº 13 Compl.Dom. PUERTA B","postal_code":"11540","places":3,"units":1,"registered":"2024-03-10","catastro":"6135911QA3763C0002AP","holder":null,"holder_count":null}},{"type":"Feature","geometry":{"type":"Point","coordinates":[-6.353483,36.780306]},"properties":{"id":"VUT/CA/19928","type":"VUT","group":"Completa","address":"CALLE TRASBOLSA Nº 6 Plta/Piso 1 Pta/Letra 11 Compl.Dom. EDIFICIO SALAMANCA, piso 1, puerta 11","postal_code":"11540","places":3,"units":2,"registered":"2024-03-10","catastro":"6340814QA3763G0029EZ","holder":null,"holder_count":null}},{"type":"Feature","geometry":{"type":"Point","coordinates":[-6.349923,36.773234]},"properties":{"id":"VUT/CA/19932","type":"VUT","group":"Completa","address":"CALLE CAÑO DORADO Nº 26 Plta/Piso BAJO Pta/Letra A Compl.Dom. DEPARTAMENTO NUMERO UNO DEL EDIFICIO, piso BAJO, puerta A","postal_code":"11540","places":4,"units":1,"registered":"2024-03-11","catastro":"6632509QA3763D0007MQ","holder":null,"holder_count":null}},{"type":"Feature","geometry":{"type":"Point","coordinates":[-6.355775,36.778301]},"properties":{"id":"VUT/CA/19935","type":"VUT","group":"Completa","address":"CALLE Perez Galdós Nº 8 Pta/Letra 5, puerta 5","postal_code":"11540","places":5,"units":2,"registered":"2024-03-11","catastro":"6138715QA3763G0022XF","holder":null,"holder_count":null}},{"type":"Feature","geometry":{"type":"Point","coordinates":[-6.320772,36.798472]},"properties":{"id":"VUT/CA/19941","type":"VUT","group":"Completa","address":"CALLE Hernando de Bustamant Nº 6 Compl.Dom. Sanlucar Club de Campo - Lomas de Martín Miguel","postal_code":"11540","places":14,"units":5,"registered":"2024-03-12","catastro":"9260515QA3796A0001EI","holder":"golf resort SL","holder_count":1}},{"type":"Feature","geometry":{"type":"Point","coordinates":[-6.351202,36.779599]},"properties":{"id":"VUT/CA/19948","type":"VUT","group":"Por habitaciones","address":"CALLE CARRIL SAN DIEGO Nº 36","postal_code":"11540","places":2,"units":6,"registered":"2024-03-12","catastro":"6539902QA3763G0001DX","holder":null,"holder_count":null}},{"type":"Feature","geometry":{"type":"Point","coordinates":[-6.359077,36.782842]},"properties":{"id":"VUT/CA/19971","type":"VUT","group":"Completa","address":"AVENIDA PILETAS Nº 11 Plta/Piso 2 Pta/Letra F, piso 2, puerta F","postal_code":"11540","places":6,"units":2,"registered":"2024-03-14","catastro":"5942919QA3754B0021HR","holder":null,"holder_count":null}},{"type":"Feature","geometry":{"type":"Point","coordinates":[-6.319209,36.798695]},"properties":{"id":"VUT/CA/19992","type":"VUT","group":"Completa","address":"CALLE JUAN DE ACURIO Nº 501 Blq. 7 Plta/Piso 1º Pta/Letra C, piso 1º, puerta C","postal_code":"11540","places":5,"units":2,"registered":"2024-03-15","catastro":"9260509QA3796A0036WA","holder":null,"holder_count":null}},{"type":"Feature","geometry":{"type":"Point","coordinates":[-6.336648,36.793288]},"properties":{"id":"VUT/CA/20007","type":"VUT","group":"Por habitaciones","address":"AVENIDA de Huelva Nº 140","postal_code":"11540","places":4,"units":2,"registered":"2024-03-18","catastro":"7854303QA3775D0001OP","holder":null,"holder_count":null}},{"type":"Feature","geometry":{"type":"Point","coordinates":[-6.319378,36.787984]},"properties":{"id":"VUT/CA/20015","type":"VUT","group":"Completa","address":"AVENIDA JUAN DE ZUBILETA Nº 2801 Blq. A2 Esc. 1 Plta/Piso -1 Pta/Letra 12 Compl.Dom. URBANIZACION MIRADOR DE LOS NAVEGANTES. LOMA MARTIN MIGUEL., piso -1, puerta 12","postal_code":"11540","places":9,"units":3,"registered":"2024-03-19","catastro":"9349101QA3794G0031FE","holder":null,"holder_count":null}},{"type":"Feature","geometry":{"type":"Point","coordinates":[-6.374562,36.772786]},"properties":{"id":"VUT/CA/20024","type":"VUT","group":"Por habitaciones","address":"CALLE VELERO Nº 29 Compl.Dom. LA JARA","postal_code":"11540","places":6,"units":2,"registered":"2024-03-19","catastro":"4330111QA3743A0001EY","holder":null,"holder_count":null}},{"type":"Feature","geometry":{"type":"Point","coordinates":[-6.329735,36.779545]},"properties":{"id":"VUT/CA/20096","type":"VUT","group":"Completa","address":"LUGAR DEL REVENTON CHICO Nº 1","postal_code":"11540","places":8,"units":3,"registered":"2024-03-26","catastro":"11032A025001160001MH","holder":null,"holder_count":null}},{"type":"Feature","geometry":{"type":"Point","coordinates":[-6.353951,36.774043]},"properties":{"id":"VUT/CA/20110","type":"VUT","group":"Completa","address":"CALLE MISERICORDIA Nº 9 Plta/Piso 1 Pta/Letra D, piso 1, puerta D","postal_code":"11540","places":8,"units":2,"registered":"2024-03-27","catastro":"6333608QA3763C0007QG","holder":null,"holder_count":null}},{"type":"Feature","geometry":{"type":"Point","coordinates":[-6.353951,36.774043]},"properties":{"id":"VUT/CA/20119","type":"VUT","group":"Completa","address":"CALLE MISERICORDIA Nº 9 Plta/Piso 1 Pta/Letra B, piso 1, puerta B","postal_code":"11540","places":4,"units":3,"registered":"2024-03-27","catastro":"6333608QA3763C0005XD","holder":null,"holder_count":null}},{"type":"Feature","geometry":{"type":"Point","coordinates":[-6.357358,36.779063]},"properties":{"id":"VUT/CA/20171","type":"VUT","group":"Completa","address":"PLAZA DE LAS INFANTAS Nº 26","postal_code":"11540","places":5,"units":2,"registered":"2024-04-04","catastro":"5939291QA3753H0125DW","holder":null,"holder_count":null}},{"type":"Feature","geometry":{"type":"Point","coordinates":[-6.367432,36.777552]},"properties":{"id":"VUT/CA/20225","type":"VUT","group":"Completa","address":"AVENIDA PILETAS Nº 99 Compl.Dom. VILLALUZ 2","postal_code":"11540","places":7,"units":3,"registered":"2024-04-09","catastro":"5236319QA3753E0003ZW","holder":"PACAYMA 2009, S.L.","holder_count":1}},{"type":"Feature","geometry":{"type":"Point","coordinates":[-6.367969,36.776689]},"properties":{"id":"VUT/CA/20252","type":"VUT","group":"Completa","address":"CALLE 1498 Nº 18 Blq. 3 Plta/Piso 2 Pta/Letra C, piso 2, puerta C","postal_code":"11540","places":6,"units":2,"registered":"2024-04-11","catastro":"5236355QA3753E0035UW","holder":"GATE RENTALS, S.L.","holder_count":12}},{"type":"Feature","geometry":{"type":"Point","coordinates":[-6.345975,36.776258]},"properties":{"id":"VUT/CA/20269","type":"VUT","group":"Completa","address":"AVENIDA de la Constitución Nº 60 Plta/Piso 2º Pta/Letra 14 Compl.Dom. Frente al LIDL, piso 2º, puerta 14","postal_code":"11540","places":6,"units":2,"registered":"2024-04-14","catastro":"7036902QA3763F0059WP","holder":null,"holder_count":null}},{"type":"Feature","geometry":{"type":"Point","coordinates":[-6.394822,36.761428]},"properties":{"id":"VUT/CA/20331","type":"VUT","group":"Completa","address":"CAMINO REYERTA DE LA JARA Calif.Nº 24 F","postal_code":"11540","places":5,"units":2,"registered":"2024-04-19","catastro":"2718906QA3721G0001ZK","holder":null,"holder_count":null}},{"type":"Feature","geometry":{"type":"Point","coordinates":[-6.349444,36.779889]},"properties":{"id":"VUT/CA/20333","type":"VUT","group":"Completa","address":"CALLE FARIÑAS Nº 38 Plta/Piso 2 Pta/Letra E, piso 2, puerta E","postal_code":"11540","places":2,"units":2,"registered":"2024-04-19","catastro":"6739322QA3763H0057WE","holder":null,"holder_count":null}},{"type":"Feature","geometry":{"type":"Point","coordinates":[-6.363431,36.777804]},"properties":{"id":"VUT/CA/20357","type":"VUT","group":"Completa","address":"PLAZA SOLUCAR Nº 4","postal_code":"11540","places":6,"units":3,"registered":"2024-04-21","catastro":"5436101QA3753E0004QE","holder":null,"holder_count":null}},{"type":"Feature","geometry":{"type":"Point","coordinates":[-6.357133,36.779839]},"properties":{"id":"VUT/CA/20359","type":"VUT","group":"Completa","address":"CALLE CALZADA DE LA PESCADERÍA Nº 6 Blq. 6 Plta/Piso 1 Pta/Letra B, piso 1, puerta B","postal_code":"11540","places":6,"units":3,"registered":"2024-04-22","catastro":"6040815QA3754B0058PO","holder":null,"holder_count":null}},{"type":"Feature","geometry":{"type":"Point","coordinates":[-6.357236,36.781608]},"properties":{"id":"VUT/CA/20371","type":"VUT","group":"Completa","address":"CALLE MANUEL DE DIEGO LORA Nº 18 Plta/Piso 3 Pta/Letra D, piso 3, puerta D","postal_code":"11540","places":6,"units":3,"registered":"2024-04-22","catastro":"6040824QA3764B0026KD","holder":null,"holder_count":null}},{"type":"Feature","geometry":{"type":"Point","coordinates":[-6.351444,36.777402]},"properties":{"id":"VUT/CA/20376","type":"VUT","group":"Completa","address":"CALLE CARRIL DE LOS ANGELES Nº 9 Plta/Piso BAJA Pta/Letra A, piso BAJA, puerta A","postal_code":"11540","places":6,"units":3,"registered":"2024-04-23","catastro":"6537612QA3763F0001ID","holder":null,"holder_count":null}},{"type":"Feature","geometry":{"type":"Point","coordinates":[-6.351,36.788604]},"properties":{"id":"VUT/CA/20383","type":"VUT","group":"Completa","address":"CALLE FLAMENCO Nº 12","postal_code":"11540","places":4,"units":2,"registered":"2024-04-23","catastro":"6449713QA3764G0001TH","holder":null,"holder_count":null}},{"type":"Feature","geometry":{"type":"Point","coordinates":[-6.352233,36.777459]},"properties":{"id":"VUT/CA/20389","type":"VUT","group":"Completa","address":"CALLE CARMEN VIEJO Nº 24 Blq. 2 Esc. 1 Plta/Piso 01 Pta/Letra B, piso 01, puerta B","postal_code":"11540","places":4,"units":2,"registered":"2024-04-23","catastro":"6436918QA3763E0090QB","holder":null,"holder_count":null}},{"type":"Feature","geometry":{"type":"Point","coordinates":[-6.353068,36.77451]},"properties":{"id":"VUT/CA/20401","type":"VUT","group":"Completa","address":"CALLE JEREZ Nº 28","postal_code":"11540","places":4,"units":1,"registered":"2024-04-24","catastro":"6333403QA3763C0001AO","holder":null,"holder_count":null}},{"type":"Feature","geometry":{"type":"Point","coordinates":[-6.363387,36.773631]},"properties":{"id":"VUT/CA/20402","type":"VUT","group":"Completa","address":"CALLE FRAY LEOPOLODO DE ALPANDEIRE Nº 6 Pta/Letra 25 Compl.Dom. EDIFICIO IRINA PLAYA, puerta 25","postal_code":"11540","places":6,"units":2,"registered":"2024-04-24","catastro":"5533759QA3753C0025DM","holder":null,"holder_count":null}},{"type":"Feature","geometry":{"type":"Point","coordinates":[-6.352982,36.77541]},"properties":{"id":"VUT/CA/20412","type":"VUT","group":"Completa","address":"PLAZA DE LA PAZ - EDIFICIO PRINCIPE Nº 9 Portal 3 Plta/Piso BAJO Pta/Letra A, piso BAJO, puerta A","postal_code":"11540","places":6,"units":3,"registered":"2024-04-25","catastro":"6435808QA3763C0006PF","holder":null,"holder_count":null}},{"type":"Feature","geometry":{"type":"Point","coordinates":[-6.345041,36.784302]},"properties":{"id":"VUT/CA/20460","type":"VUT","group":"Completa","address":"CALLE GENERAL ARIZON Nº 2 Plta/Piso 2 Pta/Letra D, piso 2, puerta D","postal_code":"11540","places":4,"units":3,"registered":"2024-04-29","catastro":"7145104QA3774C0006KS","holder":null,"holder_count":null}},{"type":"Feature","geometry":{"type":"Point","coordinates":[-6.351968,36.77298]},"properties":{"id":"VUT/CA/20464","type":"VUT","group":"Completa","address":"CALLE COMISARIO Nº 5-7 Plta/Piso 2 Pta/Letra B, piso 2, puerta B","postal_code":"11540","places":5,"units":2,"registered":"2024-04-30","catastro":"6631324QA3763A0022IY","holder":null,"holder_count":null}},{"type":"Feature","geometry":{"type":"Point","coordinates":[-6.349444,36.779889]},"properties":{"id":"VUT/CA/20465","type":"VUT","group":"Completa","address":"CALLE alcoba Nº 15 Plta/Piso bajo Pta/Letra G, piso bajo, puerta G","postal_code":"11540","places":5,"units":2,"registered":"2024-04-30","catastro":"6739322QA3763H0016LB","holder":null,"holder_count":null}},{"type":"Feature","geometry":{"type":"Point","coordinates":[-6.354448,36.784626]},"properties":{"id":"VUT/CA/20489","type":"VUT","group":"Completa","address":"AVENIDA del Guadalquivir Nº 48 Portal 2 Plta/Piso 3 Pta/Letra A, piso 3, puerta A","postal_code":"11540","places":4,"units":2,"registered":"2024-05-02","catastro":"6244642QA3764C0029PW","holder":null,"holder_count":null}},{"type":"Feature","geometry":{"type":"Point","coordinates":[-6.353958,36.784025]},"properties":{"id":"VUT/CA/20500","type":"VUT","group":"Completa","address":"CALLE MENENDEZ PIDAL Nº 8 Plta/Piso 2º Pta/Letra D, piso 2º, puerta D","postal_code":"11540","places":4,"units":3,"registered":"2024-05-02","catastro":"6244637QA3764C0016TG","holder":null,"holder_count":null}},{"type":"Feature","geometry":{"type":"Point","coordinates":[-6.355068,36.77386]},"properties":{"id":"VUT/CA/20508","type":"VUT","group":"Completa","address":"CALLE sebastian elcano Nº 5 Plta/Piso 1 Pta/Letra c, piso 1, puerta c","postal_code":"11540","places":8,"units":3,"registered":"2024-05-03","catastro":"6232902QA3763A0004TJ","holder":null,"holder_count":null}},{"type":"Feature","geometry":{"type":"Point","coordinates":[-6.356869,36.777738]},"properties":{"id":"VUT/CA/20528","type":"VUT","group":"Completa","address":"CALLE DE LA PLATA Nº 23 Plta/Piso BAJO Pta/Letra G, piso BAJO, puerta G","postal_code":"11540","places":5,"units":2,"registered":"2024-05-06","catastro":"6037321QA3763E0031LW","holder":null,"holder_count":null}},{"type":"Feature","geometry":{"type":"Point","coordinates":[-6.353458,36.780003]},"properties":{"id":"VUT/CA/20536","type":"VUT","group":"Completa","address":"CALLE Bolsa Nº 29 Plta/Piso 1 Pta/Letra 8, piso 1, puerta 8","postal_code":"11540","places":4,"units":1,"registered":"2024-05-06","catastro":"6340805QA3763G0008EY","holder":null,"holder_count":null}},{"type":"Feature","geometry":{"type":"Point","coordinates":[-6.35196,36.774237]},"properties":{"id":"VUT/CA/20544","type":"VUT","group":"Completa","address":"CALLE san agustin Nº 3 Plta/Piso 3 Pta/Letra d, piso 3, puerta d","postal_code":"11540","places":6,"units":3,"registered":"2024-05-07","catastro":"6534124QA3763C0006DF","holder":null,"holder_count":null}},{"type":"Feature","geometry":{"type":"Point","coordinates":[-6.351591,36.772671]},"properties":{"id":"VUT/CA/20550","type":"VUT","group":"Completa","address":"CALLE COMISARIO Nº 1 Plta/Piso 1 Pta/Letra 19, piso 1, puerta 19","postal_code":"11540","places":4,"units":2,"registered":"2024-05-07","catastro":"6631322QA3763A0047OW","holder":null,"holder_count":null}},{"type":"Feature","geometry":{"type":"Point","coordinates":[-6.346931,36.784356]},"properties":{"id":"VUT/CA/20555","type":"VUT","group":"Completa","address":"CALLE SAN SALVADOR Nº 11 Plta/Piso 4 Pta/Letra B, piso 4, puerta B","postal_code":"11540","places":6,"units":3,"registered":"2024-05-08","catastro":"6944302QA3764D0018RE","holder":null,"holder_count":null}},{"type":"Feature","geometry":{"type":"Point","coordinates":[-6.361685,36.778644]},"properties":{"id":"VUT/CA/20566","type":"VUT","group":"Completa","address":"CALLE NAO SAN ANTONIO Nº 17 Blq. 3 Plta/Piso 2 Pta/Letra C, piso 2, puerta C","postal_code":"11540","places":6,"units":3,"registered":"2024-05-08","catastro":"5537601QA3753F0026AT","holder":"GATE RENTALS, S.L.","holder_count":12}},{"type":"Feature","geometry":{"type":"Point","coordinates":[-6.361425,36.776294]},"properties":{"id":"VUT/CA/20577","type":"VUT","group":"Completa","address":"AVENIDA doctor salvador gallardo Nº 2 Portal 1 Plta/Piso 1 Pta/Letra c Compl.Dom. mirador de las piletas, piso 1, puerta c","postal_code":"11540","places":4,"units":2,"registered":"2024-05-09","catastro":"5635909QA3753F0003FA","holder":null,"holder_count":null}},{"type":"Feature","geometry":{"type":"Point","coordinates":[-6.351683,36.77391]},"properties":{"id":"VUT/CA/20589","type":"VUT","group":"Completa","address":"CALLE Borreguero Nº 11","postal_code":"11540","places":6,"units":1,"registered":"2024-05-10","catastro":"6533905QA3763C0001PO","holder":null,"holder_count":null}},{"type":"Feature","geometry":{"type":"Point","coordinates":[-6.349507,36.786583]},"properties":{"id":"VUT/CA/20593","type":"VUT","group":"Completa","address":"CALLE MASCARÓN DE PROA Nº 2 Plta/Piso 2 Pta/Letra C, piso 2, puerta C","postal_code":"11540","places":10,"units":4,"registered":"2024-05-10","catastro":"6547606QA3764E0086ID","holder":null,"holder_count":null}},{"type":"Feature","geometry":{"type":"Point","coordinates":[-6.366405,36.777199]},"properties":{"id":"VUT/CA/20597","type":"VUT","group":"Completa","address":"CALLE MIL CUATROCIENTOS NOVENTA Y OCHO Nº 14 Esc. 4 Plta/Piso 2 Pta/Letra 1, piso 2, puerta 1","postal_code":"11540","places":6,"units":2,"registered":"2024-05-10","catastro":"5236356QA3753E0017RD","holder":null,"holder_count":null}},{"type":"Feature","geometry":{"type":"Point","coordinates":[-6.35361,36.773243]},"properties":{"id":"VUT/CA/20598","type":"VUT","group":"Completa","address":"CALLE POZO AMARGUILLO Nº 33 Plta/Piso 1 Pta/Letra B Compl.Dom. EDIFICIO DOÑA JOAQUINA, piso 1, puerta B","postal_code":"11540","places":5,"units":2,"registered":"2024-05-10","catastro":"6332713QA3763A0006JL","holder":"GATE RENTALS, S.L.","holder_count":12}},{"type":"Feature","geometry":{"type":"Point","coordinates":[-6.361516,36.77544]},"properties":{"id":"VUT/CA/20599","type":"VUT","group":"Completa","address":"CALLE CUESTA DE CAPUCHINOS Nº 2 Pta/Letra 6, puerta 6","postal_code":"11540","places":6,"units":3,"registered":"2024-05-10","catastro":"5533701QA3753C0008YS","holder":"GATE RENTALS, S.L.","holder_count":12}},{"type":"Feature","geometry":{"type":"Point","coordinates":[-6.354702,36.781411]},"properties":{"id":"VUT/CA/20605","type":"VUT","group":"Completa","address":"CALLE Infanta Beatriz Blq. 7 Plta/Piso 2 Pta/Letra 2, piso 2, puerta 2","postal_code":"11540","places":6,"units":3,"registered":"2024-05-10","catastro":"6141505QA3764A0016JB","holder":null,"holder_count":null}},{"type":"Feature","geometry":{"type":"Point","coordinates":[-6.352974,36.782816]},"properties":{"id":"VUT/CA/20618","type":"VUT","group":"Completa","address":"CALLE CORREOS Nº 9 Esc. 2 Plta/Piso 2 Pta/Letra A, piso 2, puerta A","postal_code":"11540","places":6,"units":3,"registered":"2024-05-13","catastro":"6443115QA3764C0032FW","holder":"GATE RENTALS, S.L.","holder_count":12}},{"type":"Feature","geometry":{"type":"Point","coordinates":[-6.350517,36.779497]},"properties":{"id":"VUT/CA/20623","type":"VUT","group":"Completa","address":"CALLE FARIÑAS Nº 11 Esc. 1 Plta/Piso 1 Pta/Letra 13, piso 1, puerta 13","postal_code":"11540","places":3,"units":1,"registered":"2024-05-13","catastro":"6639307QA3763H0013SJ","holder":null,"holder_count":null}},{"type":"Feature","geometry":{"type":"Point","coordinates":[-6.357236,36.781608]},"properties":{"id":"VUT/CA/20627","type":"VUT","group":"Completa","address":"CALLE MANUEL DE DIEGO LORA Nº 18 Blq. 3 Plta/Piso BAJO Pta/Letra C, piso BAJO, puerta C","postal_code":"11540","places":7,"units":3,"registered":"2024-05-13","catastro":"6040824QA3764B0019FO","holder":null,"holder_count":null}},{"type":"Feature","geometry":{"type":"Point","coordinates":[-6.350534,36.77891]},"properties":{"id":"VUT/CA/20691","type":"VUT","group":"Completa","address":"CALLE CARRIL DE SAN DIEGO Nº 57 Plta/Piso 1 Pta/Letra E, piso 1, puerta E","postal_code":"11540","places":5,"units":2,"registered":"2024-05-16","catastro":"6639910QA3763H0010PF","holder":null,"holder_count":null}},{"type":"Feature","geometry":{"type":"Point","coordinates":[-6.3345,36.802549]},"properties":{"id":"VUT/CA/20698","type":"VUT","group":"Completa","address":"CALLE FERNANDO EL CATOLICO Nº 20 Blq. 1º Pta/Letra A, puerta A","postal_code":"11540","places":4,"units":1,"registered":"2024-05-17","catastro":"7965603QA3776D0003OY","holder":null,"holder_count":null}},{"type":"Feature","geometry":{"type":"Point","coordinates":[-6.349196,36.785863]},"properties":{"id":"VUT/CA/20707","type":"VUT","group":"Completa","address":"CALLE JUVENTUDES MUSICALES Nº 1 Plta/Piso BJ Pta/Letra E, piso BJ, puerta E","postal_code":"11540","places":6,"units":3,"registered":"2024-05-19","catastro":"6646701QA3764E0043GT","holder":null,"holder_count":null}},{"type":"Feature","geometry":{"type":"Point","coordinates":[-6.353727,36.772075]},"properties":{"id":"VUT/CA/20718","type":"VUT","group":"Completa","address":"CALLE PUERTO Nº 19 Esc. 1 Plta/Piso 0 Pta/Letra C, piso 0, puerta C","postal_code":"11540","places":2,"units":1,"registered":"2024-05-20","catastro":"6331207QA3763A0002UG","holder":null,"holder_count":null}},{"type":"Feature","geometry":{"type":"Point","coordinates":[-6.370305,36.774524]},"properties":{"id":"VUT/CA/20720","type":"VUT","group":"Completa","address":"CALLE CRUCERO Nº S/N Blq. 2 Esc. DCHA Plta/Piso 1 Pta/Letra 44 Compl.Dom. RESIDENCIAL CASTILLO ESPIRITU SANTO, piso 1, puerta 44","postal_code":"11540","places":4,"units":2,"registered":"2024-05-20","catastro":"4832322QA3743A0048LK","holder":null,"holder_count":null}},{"type":"Feature","geometry":{"type":"Point","coordinates":[-6.362692,36.777946]},"properties":{"id":"VUT/CA/20740","type":"VUT","group":"Completa","address":"CALLE MEDIODIA Nº 10B","postal_code":"11540","places":7,"units":4,"registered":"2024-05-21","catastro":"5536306QA3753F0001BO","holder":null,"holder_count":null}},{"type":"Feature","geometry":{"type":"Point","coordinates":[-6.320851,36.796857]},"properties":{"id":"VUT/CA/20762","type":"VUT","group":"Completa","address":"CALLE JUAN DE ACURIO Nº 901(A) Blq. 2 Portal 4 Plta/Piso 1 Pta/Letra F Compl.Dom. EDIFICIO FLAMENCOS GOLF, SANLUCAR CLUB DE CAMPO, MARTÍN MIGUEL. PORTAL 4, 1ºF, piso 1, puerta F","postal_code":"11540","places":4,"units":2,"registered":"2024-05-22","catastro":"9157903QA3795E0080QD","holder":null,"holder_count":null}},{"type":"Feature","geometry":{"type":"Point","coordinates":[-6.356231,36.778327]},"properties":{"id":"VUT/CA/20784","type":"VUT","group":"Completa","address":"CALLE PÉREZ GALDÓS Nº 13 Esc. 2 Plta/Piso 2 Pta/Letra DR, piso 2, puerta DR","postal_code":"11540","places":8,"units":3,"registered":"2024-05-23","catastro":"6037301QA3763E0016XH","holder":null,"holder_count":null}},{"type":"Feature","geometry":{"type":"Point","coordinates":[-6.352055,36.781549]},"properties":{"id":"VUT/CA/20790","type":"VUT","group":"Completa","address":"CALLE TRASBOLSA Nº 24 Esc. 1 Plta/Piso 1 Pta/Letra 2, piso 1, puerta 2","postal_code":"11540","places":6,"units":3,"registered":"2024-05-24","catastro":"6542824QA3764B0006BX","holder":"BOBIO SANLÚCAR INMOBILIARIA SL","holder_count":1}},{"type":"Feature","geometry":{"type":"Point","coordinates":[-6.355285,36.774765]},"properties":{"id":"VUT/CA/20798","type":"VUT","group":"Completa","address":"CALLE Ganado Nº 41","postal_code":"11540","places":4,"units":1,"registered":"2024-05-24","catastro":"6234205QA3763C0004FS","holder":null,"holder_count":null}},{"type":"Feature","geometry":{"type":"Point","coordinates":[-6.345821,36.788717]},"properties":{"id":"VUT/CA/20812","type":"VUT","group":"Completa","address":"CALLE DE GUIA Nº 17 Compl.Dom. RESIDENCIAL SOLMAR, DUPLEX 17","postal_code":"11540","places":6,"units":3,"registered":"2024-05-27","catastro":"7049232QA3764H0017XG","holder":null,"holder_count":null}},{"type":"Feature","geometry":{"type":"Point","coordinates":[-6.361124,36.779761]},"properties":{"id":"VUT/CA/20816","type":"VUT","group":"Completa","address":"CALLE NAO TRINIDAD Blq. 3 Plta/Piso BAJO Pta/Letra B, piso BAJO, puerta B","postal_code":"11540","places":4,"units":2,"registered":"2024-05-27","catastro":"5638401QA3753H0015GG","holder":null,"holder_count":null}},{"type":"Feature","geometry":{"type":"Point","coordinates":[-6.352356,36.776149]},"properties":{"id":"VUT/CA/20821","type":"VUT","group":"Completa","address":"CALLE luis de equilaz Nº 5","postal_code":"15540","places":12,"units":5,"registered":"2024-05-27","catastro":"6436929QA3763E0001AR","holder":null,"holder_count":null}},{"type":"Feature","geometry":{"type":"Point","coordinates":[-6.351104,36.787087]},"properties":{"id":"VUT/CA/20828","type":"VUT","group":"Completa","address":"CALLE ALBATROS Nº 1 Blq. 1 Portal 1 Esc. 1 Plta/Piso 3 Pta/Letra C, piso 3, puerta C","postal_code":"11540","places":5,"units":3,"registered":"2024-05-27","catastro":"6546401QA3764E0176GO","holder":null,"holder_count":null}},{"type":"Feature","geometry":{"type":"Point","coordinates":[-6.361516,36.77544]},"properties":{"id":"VUT/CA/20848","type":"VUT","group":"Completa","address":"CALLE Cuesta de Capuchinos Nº 2 Pta/Letra 2, puerta 2","postal_code":"11540","places":4,"units":2,"registered":"2024-05-28","catastro":"5533701QA3753C0002MY","holder":null,"holder_count":null}},{"type":"Feature","geometry":{"type":"Point","coordinates":[-6.351909,36.782779]},"properties":{"id":"VUT/CA/20859","type":"VUT","group":"Completa","address":"CALLE BANDA PLAYA Nº 6 Plta/Piso 3 Pta/Letra C, piso 3, puerta C","postal_code":"11540","places":5,"units":3,"registered":"2024-05-29","catastro":"6543334QA3764C0020UH","holder":null,"holder_count":null}},{"type":"Feature","geometry":{"type":"Point","coordinates":[-6.354614,36.779369]},"properties":{"id":"VUT/CA/20897","type":"VUT","group":"Completa","address":"CALLE Tartaneros Nº 4","postal_code":"11540","places":8,"units":4,"registered":"2024-05-31","catastro":"6239911QA3763G0001XX","holder":null,"holder_count":null}},{"type":"Feature","geometry":{"type":"Point","coordinates":[-6.355489,36.779165]},"properties":{"id":"VUT/CA/20902","type":"VUT","group":"Completa","address":"CALLE Tartaneros Nº 1 Plta/Piso 1 Pta/Letra J Compl.Dom. Patio de la Victoria, piso 1, puerta J","postal_code":"11540","places":7,"units":3,"registered":"2024-05-31","catastro":"6239102QA3763G0047HP","holder":null,"holder_count":null}},{"type":"Feature","geometry":{"type":"Point","coordinates":[-6.353133,36.777303]},"properties":{"id":"VUT/CA/20903","type":"VUT","group":"Completa","address":"CALLE CARMEN VIEJO Nº 12 Plta/Piso 3 Pta/Letra B, piso 3, puerta B","postal_code":"11540","places":5,"units":3,"registered":"2024-06-01","catastro":"6436912QA3763E0007YP","holder":null,"holder_count":null}},{"type":"Feature","geometry":{"type":"Point","coordinates":[-6.383139,36.764014]},"properties":{"id":"VUT/CA/20933","type":"VUT","group":"Completa","address":"CALLE CAMINO DEL MORAL Nº 12 Blq. 2 Plta/Piso 1 Pta/Letra 9 Compl.Dom. CHALET EL FORTIN, piso 1, puerta 9","postal_code":"11540","places":8,"units":2,"registered":"2024-06-04","catastro":"3620508QA3732B0001HJ","holder":null,"holder_count":null}},{"type":"Feature","geometry":{"type":"Point","coordinates":[-6.320912,36.788698]},"properties":{"id":"VUT/CA/20961","type":"VUT","group":"Completa","address":"CALLE NICOLAS DE NAPOLES Nº 43 Compl.Dom. URBANIZACION SANLUCAR CLUB DE CAMPO","postal_code":"11540","places":9,"units":4,"registered":"2024-06-05","catastro":"9248343QA3794G0001ZT","holder":"GENERAL INMOBILIARIA ERAUZQUIN S.L.","holder_count":1}},{"type":"Feature","geometry":{"type":"Point","coordinates":[-6.352268,36.786741]},"properties":{"id":"VUT/CA/20977","type":"VUT","group":"Completa","address":"CALLE PINTOR VALDES LEAL Nº 19 Plta/Piso 1 Pta/Letra A, piso 1, puerta A","postal_code":"11540","places":5,"units":2,"registered":"2024-06-06","catastro":"6347701QA3764E0015WO","holder":null,"holder_count":null}},{"type":"Feature","geometry":{"type":"Point","coordinates":[-6.348495,36.787306]},"properties":{"id":"VUT/CA/20986","type":"VUT","group":"Completa","address":"AVENIDA DE LA MANZANILLA Nº 9 Blq. 3 Plta/Piso BJ Pta/Letra C, piso BJ, puerta C","postal_code":"11540","places":6,"units":3,"registered":"2024-06-07","catastro":"6748701QA3764E0182QS","holder":"LOLANINE SL","holder_count":1}},{"type":"Feature","geometry":{"type":"Point","coordinates":[-6.362074,36.777315]},"properties":{"id":"VUT/CA/20998","type":"VUT","group":"Completa","address":"CALLE NAO CONCEPCION Nº 43 Pta/Letra 5, puerta 5","postal_code":"11540","places":7,"units":4,"registered":"2024-06-08","catastro":"5536701QA3753F0005KD","holder":null,"holder_count":null}},{"type":"Feature","geometry":{"type":"Point","coordinates":[-6.349507,36.786583]},"properties":{"id":"VUT/CA/20999","type":"VUT","group":"Completa","address":"CALLE MASCARON DE PROA Nº 4 Portal 1 Plta/Piso BAJO Pta/Letra A, piso BAJO, puerta A","postal_code":"11540","places":5,"units":2,"registered":"2024-06-09","catastro":"6547606QA3764E0055OF","holder":null,"holder_count":null}},{"type":"Feature","geometry":{"type":"Point","coordinates":[-6.352007,36.782099]},"properties":{"id":"VUT/CA/21017","type":"VUT","group":"Completa","address":"PLAZA Doctor Rafael Barbadillo Nº 1 Portal 1 Plta/Piso 2 Pta/Letra A, piso 2, puerta A","postal_code":"11540","places":4,"units":1,"registered":"2024-06-11","catastro":"6542304QA3764A0004PA","holder":"Casa Alta Plaza S.L.","holder_count":2}},{"type":"Feature","geometry":{"type":"Point","coordinates":[-6.337294,36.774207]},"properties":{"id":"VUT/CA/21020","type":"VUT","group":"Completa","address":"CALLE HISTORIADORA LOURDES DIAZ TRECHUELO Nº 7 Compl.Dom. MONTEOLIVETE","postal_code":"11540","places":8,"units":2,"registered":"2024-06-11","catastro":"7733722QA3773D0001YX","holder":null,"holder_count":null}},{"type":"Feature","geometry":{"type":"Point","coordinates":[-6.344256,36.783734]},"properties":{"id":"VUT/CA/21032","type":"VUT","group":"Completa","address":"CALLE Escalera del Paseillo Nº 11 Plta/Piso 1 Pta/Letra D, piso 1, puerta D","postal_code":"11540","places":6,"units":2,"registered":"2024-06-11","catastro":"7144151QA3774C0010ED","holder":null,"holder_count":null}},{"type":"Feature","geometry":{"type":"Point","coordinates":[-6.352713,36.778137]},"properties":{"id":"VUT/CA/21039","type":"VUT","group":"Por habitaciones","address":"CALLE REGINA Nº 20","postal_code":"11540","places":5,"units":2,"registered":"2024-06-12","catastro":"6437520QA3763E0001AR","holder":null,"holder_count":null}},{"type":"Feature","geometry":{"type":"Point","coordinates":[-6.358176,36.784885]},"properties":{"id":"VUT/CA/21044","type":"VUT","group":"Completa","address":"AVENIDA DUQUESA ISABEL Nº 58 Esc. 1 Plta/Piso 0 Pta/Letra 8 Compl.Dom. B-DOS, piso 0, puerta 8","postal_code":"11540","places":5,"units":3,"registered":"2024-06-12","catastro":"5945101QA3754D0467WX","holder":null,"holder_count":null}},{"type":"Feature","geometry":{"type":"Point","coordinates":[-6.350246,36.774885]},"properties":{"id":"VUT/CA/21065","type":"VUT","group":"Completa","address":"CALLE SAN AGUSTIN Nº 60 Plta/Piso 2 Pta/Letra A, piso 2, puerta A","postal_code":"11540","places":12,"units":2,"registered":"2024-06-13","catastro":"6634808QA3763D0008FW","holder":null,"holder_count":null}},{"type":"Feature","geometry":{"type":"Point","coordinates":[-6.357257,36.777214]},"properties":{"id":"VUT/CA/21076","type":"VUT","group":"Por habitaciones","address":"CALLE calzada de la Infanta Nº 8","postal_code":"11540","places":6,"units":4,"registered":"2024-06-14","catastro":"6037315QA3763E0004BU","holder":null,"holder_count":null}},{"type":"Feature","geometry":{"type":"Point","coordinates":[-6.348712,36.779733]},"properties":{"id":"VUT/CA/21082","type":"VUT","group":"Completa","address":"CALLE Urbanización Jardines de Picacho Torre de Modelón Nº 42","postal_code":"11540","places":6,"units":3,"registered":"2024-06-14","catastro":"6738703QA3763H0001HI","holder":null,"holder_count":null}},{"type":"Feature","geometry":{"type":"Point","coordinates":[-6.329346,36.784162]},"properties":{"id":"VUT/CA/21084","type":"VUT","group":"Completa","address":"CALLE VIÑISTA Nº 9","postal_code":"11540","places":7,"units":2,"registered":"2024-06-14","catastro":"11032A024001510001MQ","holder":"MAROGARIN SL","holder_count":3}},{"type":"Feature","geometry":{"type":"Point","coordinates":[-6.335937,36.800891]},"properties":{"id":"VUT/CA/21085","type":"VUT","group":"Completa","address":"CALLE HERNANDO DE SOTO Nº 3 Esc. 1 Plta/Piso 2 Pta/Letra B, piso 2, puerta B","postal_code":"11540","places":5,"units":2,"registered":"2024-06-14","catastro":"7863901QA3776D0047PG","holder":null,"holder_count":null}},{"type":"Feature","geometry":{"type":"Point","coordinates":[-6.33652,36.791573]},"properties":{"id":"VUT/CA/21092","type":"VUT","group":"Completa","address":"CALLE Pedro de Campaña Nº 23 Plta/Piso 3 Pta/Letra A Compl.Dom. EDIFICIO LAS ADELFAS ATICO A, piso 3, puerta A","postal_code":"11540","places":7,"units":4,"registered":"2024-06-16","catastro":"7753808QA3775D0023QE","holder":null,"holder_count":null}},{"type":"Feature","geometry":{"type":"Point","coordinates":[-6.352848,36.775259]},"properties":{"id":"VUT/CA/21096","type":"VUT","group":"Completa","address":"PLAZA De la Paz Calle escuela Portal 8 Plta/Piso 2 Pta/Letra A, piso 2, puerta A","postal_code":"11540","places":3,"units":1,"registered":"2024-06-17","catastro":"6435805QA3763C0021GM","holder":null,"holder_count":null}},{"type":"Feature","geometry":{"type":"Point","coordinates":[-6.355702,36.782573]},"properties":{"id":"VUT/CA/21138","type":"VUT","group":"Completa","address":"PLAZA GRAN CINEMA Nº 10 Blq. 3 Plta/Piso 1 Pta/Letra 4 Compl.Dom. CALZADA DUQUESA ISABEL . CONJUNTO RESIDENCIAL GRAN CINEMA, piso 1, puerta 4","postal_code":"11540","places":8,"units":4,"registered":"2024-06-19","catastro":"6142902QA3764A0091HW","holder":null,"holder_count":null}},{"type":"Feature","geometry":{"type":"Point","coordinates":[-6.344789,36.786988]},"properties":{"id":"VUT/CA/21142","type":"VUT","group":"Completa","address":"CALLE BAYONETA Nº 35","postal_code":"11540","places":8,"units":4,"registered":"2024-06-19","catastro":"7046512QA3774E0001KW","holder":null,"holder_count":null}},{"type":"Feature","geometry":{"type":"Point","coordinates":[-6.391279,36.757169]},"properties":{"id":"VUT/CA/21144","type":"VUT","group":"Completa","address":"CAMINO de la reyerta Nº 21","postal_code":"11540","places":3,"units":1,"registered":"2024-06-19","catastro":"11032A017004140000XE","holder":null,"holder_count":null}},{"type":"Feature","geometry":{"type":"Point","coordinates":[-6.353855,36.781034]},"properties":{"id":"VUT/CA/21165","type":"VUT","group":"Completa","address":"CALLE banda playa Nº 32 Plta/Piso 2 Pta/Letra b, piso 2, puerta b","postal_code":"11540","places":5,"units":3,"registered":"2024-06-20","catastro":"6341101qa3764a0001yi","holder":null,"holder_count":null}},{"type":"Feature","geometry":{"type":"Point","coordinates":[-6.362379,36.775097]},"properties":{"id":"VUT/CA/21171","type":"VUT","group":"Completa","address":"PLAZA EL VERGEL Nº 1 Plta/Piso BAJO Pta/Letra F, piso BAJO, puerta F","postal_code":"11540","places":2,"units":2,"registered":"2024-06-21","catastro":"5534601QA3753D0006TL","holder":null,"holder_count":null}},{"type":"Feature","geometry":{"type":"Point","coordinates":[-6.351596,36.774041]},"properties":{"id":"VUT/CA/21181","type":"VUT","group":"Completa","address":"CALLE SAN AGUSTIN Nº 18 Plta/Piso BAJO Pta/Letra 1, piso BAJO, puerta 1","postal_code":"11540","places":4,"units":1,"registered":"2024-06-22","catastro":"6533904QA3763C0007UG","holder":null,"holder_count":null}},{"type":"Feature","geometry":{"type":"Point","coordinates":[-6.319209,36.798695]},"properties":{"id":"VUT/CA/21198","type":"VUT","group":"Completa","address":"CALLE JUAN DE ACURIO Nº 501 Blq. 7 Plta/Piso 2 Pta/Letra E Compl.Dom. URBANIZACIÓN ALBATROS GOLF, piso 2, puerta E","postal_code":"11540","places":4,"units":2,"registered":"2024-06-24","catastro":"9260509QA3796A0143OK","holder":null,"holder_count":null}},{"type":"Feature","geometry":{"type":"Point","coordinates":[-6.382461,36.761293]},"properties":{"id":"VUT/CA/21211","type":"VUT","group":"Completa","address":"CAMINO DE LA VICTORIA Esc. 1 Pta/Letra 01 Compl.Dom. PAGO DE LA JARA, puerta 01","postal_code":"11540","places":10,"units":4,"registered":"2024-06-25","catastro":"11032A017009980001MS","holder":null,"holder_count":null}},{"type":"Feature","geometry":{"type":"Point","coordinates":[-6.345135,36.783856]},"properties":{"id":"VUT/CA/21231","type":"VUT","group":"Completa","address":"AVENIDA SAN FRANCISCO Nº 43 Plta/Piso 2 Pta/Letra C, piso 2, puerta C","postal_code":"11540","places":4,"units":1,"registered":"2024-06-26","catastro":"7044803QA3774C0008LF","holder":null,"holder_count":null}},{"type":"Feature","geometry":{"type":"Point","coordinates":[-6.352233,36.777459]},"properties":{"id":"VUT/CA/21232","type":"VUT","group":"Completa","address":"CALLE CARMEN VIEJO Nº 26 Portal 2 Plta/Piso BAJO Pta/Letra A, piso BAJO, puerta A","postal_code":"11540","places":4,"units":2,"registered":"2024-06-26","catastro":"6436918QA3763E0073DO","holder":null,"holder_count":null}},{"type":"Feature","geometry":{"type":"Point","coordinates":[-6.356245,36.77869]},"properties":{"id":"VUT/CA/21241","type":"VUT","group":"Completa","address":"CALLE BANDA PLAYA Nº 65 Esc. 1 Plta/Piso 0 Pta/Letra 07, piso 0, puerta 07","postal_code":"11540","places":4,"units":2,"registered":"2024-06-27","catastro":"6138206QA3763G0004TW","holder":null,"holder_count":null}},{"type":"Feature","geometry":{"type":"Point","coordinates":[-6.340929,36.773116]},"properties":{"id":"VUT/CA/21250","type":"VUT","group":"Completa","address":"AVENIDA DEL CASERÓN Nº 1 Pta/Letra B, puerta B","postal_code":"11540","places":4,"units":1,"registered":"2024-06-28","catastro":"76349T5QA3773D0001OX","holder":null,"holder_count":null}},{"type":"Feature","geometry":{"type":"Point","coordinates":[-6.35948,36.781493]},"properties":{"id":"VUT/CA/21253","type":"VUT","group":"Completa","address":"CALLE CONQUISTADOR SEBASTIÁN DÍAZ DE ALFARO Nº 1 Esc. 1 Plta/Piso 3 Pta/Letra D Compl.Dom. EDIFICIO BAHÍA, piso 3, puerta D","postal_code":"11540","places":6,"units":3,"registered":"2024-06-28","catastro":"5741701QA3754B0012HZ","holder":null,"holder_count":null}},{"type":"Feature","geometry":{"type":"Point","coordinates":[-6.345975,36.776258]},"properties":{"id":"VUT/CA/21266","type":"VUT","group":"Completa","address":"AVENIDA DE LA CONSTITUCIÓN Nº 60 Plta/Piso 3 Pta/Letra 18, piso 3, puerta 18","postal_code":"11540","places":4,"units":2,"registered":"2024-06-29","catastro":"7036902QA3763F0063EA","holder":null,"holder_count":null}},{"type":"Feature","geometry":{"type":"Point","coordinates":[-6.352141,36.782446]},"properties":{"id":"VUT/CA/21283","type":"VUT","group":"Completa","address":"CALLE BANDA DE LA PLAYA EDIFICIO TRIANA LETRA Plta/Piso 2 Pta/Letra F, piso 2, puerta F","postal_code":"11540","places":4,"units":1,"registered":"2024-07-01","catastro":"6543322QA3764C0014GD","holder":null,"holder_count":null}},{"type":"Feature","geometry":{"type":"Point","coordinates":[-6.350507,36.782159]},"properties":{"id":"VUT/CA/21293","type":"VUT","group":"Completa","address":"CALLE BOLSA Nº 78 Plta/Piso 2 Pta/Letra B, piso 2, puerta B","postal_code":"11540","places":6,"units":2,"registered":"2024-07-02","catastro":"6641953QA3764B0006UX","holder":null,"holder_count":null}},{"type":"Feature","geometry":{"type":"Point","coordinates":[-6.353305,36.77735]},"properties":{"id":"VUT/CA/21310","type":"VUT","group":"Completa","address":"CALLE CARMEN VIEJO Nº 8 Esc. 1 Plta/Piso 3 Pta/Letra 7 Compl.Dom. EDIFICIO \"LAS PALOMAS\", piso 3, puerta 7","postal_code":"11540","places":4,"units":2,"registered":"2024-07-03","catastro":"6436911QA3763E0117UB","holder":null,"holder_count":null}},{"type":"Feature","geometry":{"type":"Point","coordinates":[-6.320851,36.796857]},"properties":{"id":"VUT/CA/21320","type":"VUT","group":"Completa","address":"CALLE Hans Nº 1 Blq. 3 Plta/Piso 2 Pta/Letra h Compl.Dom. Urbanización Flamencos Golf, piso 2, puerta h","postal_code":"11540","places":7,"units":2,"registered":"2024-07-03","catastro":"9157903QA3795E0067JY","holder":null,"holder_count":null}},{"type":"Feature","geometry":{"type":"Point","coordinates":[-6.322725,36.814058]},"properties":{"id":"VUT/CA/21328","type":"VUT","group":"Completa","address":"AVENIDA DOÑANA Nº 45","postal_code":"11540","places":8,"units":4,"registered":"2024-07-03","catastro":"11032A021006470001MD","holder":null,"holder_count":null}},{"type":"Feature","geometry":{"type":"Point","coordinates":[-6.351613,36.778867]},"properties":{"id":"VUT/CA/21351","type":"VUT","group":"Completa","address":"CALLE Regina Nº 41 Plta/Piso 1 Pta/Letra Izq Compl.Dom. Calle Regina, nº 41, 1º Izq, piso 1, puerta Izq","postal_code":"11540","places":5,"units":2,"registered":"2024-07-04","catastro":"6438517QA3763G0010XT","holder":null,"holder_count":null}},{"type":"Feature","geometry":{"type":"Point","coordinates":[-6.361295,36.771336]},"properties":{"id":"VUT/CA/21356","type":"VUT","group":"Completa","address":"CALLE Fray Pedro Beltrán Nº 10","postal_code":"11540","places":8,"units":4,"registered":"2024-07-05","catastro":"5730228QA3753B0001XL","holder":null,"holder_count":null}},{"type":"Feature","geometry":{"type":"Point","coordinates":[-6.366405,36.777199]},"properties":{"id":"VUT/CA/21362","type":"VUT","group":"Completa","address":"CALLE 1498 Nº 14 Portal 4 Plta/Piso bajo Pta/Letra 3, piso bajo, puerta 3","postal_code":"11540","places":6,"units":2,"registered":"2024-07-05","catastro":"5236356QA3753E0003HW","holder":null,"holder_count":null}},{"type":"Feature","geometry":{"type":"Point","coordinates":[-6.351021,36.779319]},"properties":{"id":"VUT/CA/21365","type":"VUT","group":"Completa","address":"CALLE CARRIL DE SAN DIEGO Nº 50 Pta/Letra DCHA Compl.Dom. CALLE REGINA 46 ESQ CARRIL DE SAN DIEGO 50, puerta DCHA","postal_code":"11540","places":2,"units":1,"registered":"2024-07-06","catastro":"6539906QA3763G0001EX","holder":null,"holder_count":null}},{"type":"Feature","geometry":{"type":"Point","coordinates":[-6.35269,36.782277]},"properties":{"id":"VUT/CA/21378","type":"VUT","group":"Completa","address":"CALLE Guadalquivir Nº 8 Plta/Piso 2, piso 2","postal_code":"11540","places":2,"units":4,"registered":"2024-07-08","catastro":"6443112QA3764C0004FY","holder":null,"holder_count":null}},{"type":"Feature","geometry":{"type":"Point","coordinates":[-6.355281,36.773241]},"properties":{"id":"VUT/CA/21417","type":"VUT","group":"Completa","address":"CALLE SEBASTIAN ELCANO Nº 36 Plta/Piso 1 Pta/Letra 2, piso 1, puerta 2","postal_code":"11540","places":6,"units":2,"registered":"2024-07-11","catastro":"6132606QA3763A0003DH","holder":"GATE RENTALS, S.L.","holder_count":12}},{"type":"Feature","geometry":{"type":"Point","coordinates":[-6.355281,36.773241]},"properties":{"id":"VUT/CA/21419","type":"VUT","group":"Completa","address":"CALLE SEBASTIAN ELCANO Nº 36 Plta/Piso BAJO Pta/Letra 2, piso BAJO, puerta 2","postal_code":"11540","places":6,"units":2,"registered":"2024-07-11","catastro":"6132606QA3763A0002SG","holder":"GATE RENTALS, S.L.","holder_count":12}},{"type":"Feature","geometry":{"type":"Point","coordinates":[-6.347348,36.784809]},"properties":{"id":"VUT/CA/21427","type":"VUT","group":"Completa","address":"CALLE BOLSA Nº 173 Plta/Piso 1 Pta/Letra C, piso 1, puerta C","postal_code":"11540","places":4,"units":2,"registered":"2024-07-11","catastro":"6845512QA3764F0006PS","holder":null,"holder_count":null}},{"type":"Feature","geometry":{"type":"Point","coordinates":[-6.319209,36.798695]},"properties":{"id":"VUT/CA/21428","type":"VUT","group":"Completa","address":"CALLE JUAN DE ACURIO Nº 501 Blq. 12 Plta/Piso 1 Pta/Letra C, piso 1, puerta C","postal_code":"11540","places":6,"units":2,"registered":"2024-07-11","catastro":"9260509QA3796A0188LT","holder":"EL PAISANO ANDALUZ, S.L.","holder_count":4}},{"type":"Feature","geometry":{"type":"Point","coordinates":[-6.319209,36.798695]},"properties":{"id":"VUT/CA/21429","type":"VUT","group":"Completa","address":"CALLE JUAN DE ACURIO Nº 501 Blq. 11 Plta/Piso 1 Pta/Letra D, piso 1, puerta D","postal_code":"11540","places":6,"units":2,"registered":"2024-07-11","catastro":"9260509QA3796A0182DX","holder":"EL PAISANO ANDALUZ, S.L.","holder_count":4}},{"type":"Feature","geometry":{"type":"Point","coordinates":[-6.361224,36.776376]},"properties":{"id":"VUT/CA/21461","type":"VUT","group":"Completa","address":"CALLE LAS MOLUCAS Nº 5 Esc. 2 Plta/Piso 1 Pta/Letra A, piso 1, puerta A","postal_code":"11540","places":4,"units":1,"registered":"2024-07-16","catastro":"5635910QA3753F0013EK","holder":null,"holder_count":null}},{"type":"Feature","geometry":{"type":"Point","coordinates":[-6.320755,36.788173]},"properties":{"id":"VUT/CA/21462","type":"VUT","group":"Completa","address":"URBANIZACION LOMA DE MARTIN MIGUEL Pta/Letra 40 Compl.Dom. RESIDENCIAL SANLUCAR CLUB DE CAMPO, puerta 40","postal_code":"11540","places":8,"units":4,"registered":"2024-07-16","catastro":"9248340QA3794G0001JT","holder":null,"holder_count":null}},{"type":"Feature","geometry":{"type":"Point","coordinates":[-6.357087,36.776942]},"properties":{"id":"VUT/CA/21470","type":"VUT","group":"Completa","address":"CALLE Ganado Nº 3 Plta/Piso 2 Pta/Letra C, piso 2, puerta C","postal_code":"11540","places":2,"units":1,"registered":"2024-07-16","catastro":"6036609QA3763E0006WO","holder":null,"holder_count":null}},{"type":"Feature","geometry":{"type":"Point","coordinates":[-6.356598,36.776345]},"properties":{"id":"VUT/CA/21474","type":"VUT","group":"Completa","address":"CALLE BAÑOS Nº 13 Calif.Nº B Plta/Piso BAJO, piso BAJO","postal_code":"11540","places":6,"units":3,"registered":"2024-07-17","catastro":"6135911QA3763C0002AP","holder":null,"holder_count":null}},{"type":"Feature","geometry":{"type":"Point","coordinates":[-6.351935,36.780917]},"properties":{"id":"VUT/CA/21478","type":"VUT","group":"Completa","address":"CALLE BOLSA Nº 46 Esc. 2 Plta/Piso 1 Pta/Letra D, piso 1, puerta D","postal_code":"11540","places":4,"units":2,"registered":"2024-07-17","catastro":"6441701QA3764A0046OK","holder":null,"holder_count":null}},{"type":"Feature","geometry":{"type":"Point","coordinates":[-6.348495,36.787306]},"properties":{"id":"VUT/CA/21481","type":"VUT","group":"Completa","address":"AVENIDA DE LA MANZANILLA Nº 9 Blq. 1 Plta/Piso BAJO Pta/Letra A, piso BAJO, puerta A","postal_code":"11540","places":4,"units":1,"registered":"2024-07-17","catastro":"6748701QA3764E0164SM","holder":null,"holder_count":null}},{"type":"Feature","geometry":{"type":"Point","coordinates":[-6.36063,36.772179]},"properties":{"id":"VUT/CA/21497","type":"VUT","group":"Completa","address":"CALLE FRAY ISIDORO DE SEVILLA Nº 3 Plta/Piso 26, piso 26","postal_code":"11540","places":4,"units":2,"registered":"2024-07-18","catastro":"5730252QA3753B0078YY","holder":null,"holder_count":null}},{"type":"Feature","geometry":{"type":"Point","coordinates":[-6.344939,36.785908]},"properties":{"id":"VUT/CA/21513","type":"VUT","group":"Completa","address":"CALLE RUMBA Nº 6 Compl.Dom. CASA 8","postal_code":"11540","places":8,"units":4,"registered":"2024-07-20","catastro":"7046533QA3774E0009MP","holder":null,"holder_count":null}},{"type":"Feature","geometry":{"type":"Point","coordinates":[-6.347677,36.764623]},"properties":{"id":"VUT/CA/21521","type":"VUT","group":"Completa","address":"AVENIDA carretera del puerto Nº 70","postal_code":"11540","places":2,"units":3,"registered":"2024-07-22","catastro":"6825147QA3762D0001GQ","holder":null,"holder_count":null}},{"type":"Feature","geometry":{"type":"Point","coordinates":[-6.35325,36.77906]},"properties":{"id":"VUT/CA/21528","type":"VUT","group":"Completa","address":"CALLE CASTELAR Nº 1 Plta/Piso 2 Pta/Letra B, piso 2, puerta B","postal_code":"11540","places":6,"units":3,"registered":"2024-07-22","catastro":"6339805QA3763G0003IQ","holder":null,"holder_count":null}},{"type":"Feature","geometry":{"type":"Point","coordinates":[-6.357071,36.777945]},"properties":{"id":"VUT/CA/21532","type":"VUT","group":"Completa","address":"CALLE DE LAPLATA Nº 30 Plta/Piso 2 Compl.Dom. ATICO, piso 2","postal_code":"11540","places":6,"units":3,"registered":"2024-07-23","catastro":"6037411QA3753F0005SD","holder":null,"holder_count":null}},{"type":"Feature","geometry":{"type":"Point","coordinates":[-6.329735,36.779545]},"properties":{"id":"VUT/CA/21538","type":"VUT","group":"Completa","address":"LUGAR REVENTON CHICO Nº 0 Esc. 1 Pta/Letra 1, puerta 1","postal_code":"11540","places":8,"units":3,"registered":"2024-07-23","catastro":"11032A025001160001MH","holder":null,"holder_count":null}},{"type":"Feature","geometry":{"type":"Point","coordinates":[-6.349091,36.788592]},"properties":{"id":"VUT/CA/21552","type":"VUT","group":"Por habitaciones","address":"CALLE ROSA DE LOS VIENTOS Blq. 1 Plta/Piso 2 Pta/Letra K, piso 2, puerta K","postal_code":"11540","places":6,"units":3,"registered":"2024-07-23","catastro":"6649801QA3764E0168PR","holder":null,"holder_count":null}},{"type":"Feature","geometry":{"type":"Point","coordinates":[-6.356341,36.783745]},"properties":{"id":"VUT/CA/21558","type":"VUT","group":"Completa","address":"AVENIDA DE LA DUQUESA ISABEL 1, PLAZA DE LOS ANDES Blq. 6 Plta/Piso 3 Pta/Letra A, piso 3, puerta A","postal_code":"11540","places":4,"units":2,"registered":"2024-07-24","catastro":"6144512QA3764C0186TZ","holder":null,"holder_count":null}},{"type":"Feature","geometry":{"type":"Point","coordinates":[-6.348464,36.782294]},"properties":{"id":"VUT/CA/21618","type":"VUT","group":"Completa","address":"CALLE SAN NICOLAS Nº 10 Plta/Piso 1 Pta/Letra C, piso 1, puerta C","postal_code":"11540","places":6,"units":1,"registered":"2024-07-29","catastro":"6842320QA3764D0006OJ","holder":null,"holder_count":null}},{"type":"Feature","geometry":{"type":"Point","coordinates":[-6.350517,36.779497]},"properties":{"id":"VUT/CA/21639","type":"VUT","group":"Completa","address":"CALLE Fariñas Nº 11 Pta/Letra 8, puerta 8","postal_code":"11540","places":4,"units":1,"registered":"2024-07-29","catastro":"6639307QA3763H0008PG","holder":null,"holder_count":null}},{"type":"Feature","geometry":{"type":"Point","coordinates":[-6.357123,36.781372]},"properties":{"id":"VUT/CA/21650","type":"VUT","group":"Completa","address":"CALLE Pablo Casal Nº 1 Blq. 1 Portal 1 Plta/Piso 1 Pta/Letra C, piso 1, puerta C","postal_code":"11540","places":8,"units":3,"registered":"2024-07-31","catastro":"6040823QA3753B0058OG","holder":null,"holder_count":null}},{"type":"Feature","geometry":{"type":"Point","coordinates":[-6.360455,36.783742]},"properties":{"id":"VUT/CA/21655","type":"VUT","group":"Completa","address":"CALLE ESTEBAN DE BOUTELOU Nº 7 Plta/Piso 1 Pta/Letra 3, piso 1, puerta 3","postal_code":"11540","places":6,"units":2,"registered":"2024-07-31","catastro":"5743409QA3754D0022QM","holder":"PARAFARMACIA LAHOZ RECUERO S.L.","holder_count":1}},{"type":"Feature","geometry":{"type":"Point","coordinates":[-6.356341,36.783745]},"properties":{"id":"VUT/CA/21668","type":"VUT","group":"Completa","address":"AVENIDA DE LA DUQIUESA ISABEL PLAZA DE LOS ANDES Nº 1 Blq. 6 Plta/Piso 3 Pta/Letra A, piso 3, puerta A","postal_code":"11540","places":4,"units":2,"registered":"2024-08-01","catastro":"6144512QA3764C0186TZ","holder":null,"holder_count":null}},{"type":"Feature","geometry":{"type":"Point","coordinates":[-6.351413,36.77857]},"properties":{"id":"VUT/CA/21669","type":"VUT","group":"Completa","address":"CALLE Chanca Portal 2 Plta/Piso 1 Pta/Letra D, piso 1, puerta D","postal_code":"11540","places":6,"units":3,"registered":"2024-08-01","catastro":"6437502QA3763E0003BY","holder":null,"holder_count":null}},{"type":"Feature","geometry":{"type":"Point","coordinates":[-6.353002,36.779473]},"properties":{"id":"VUT/CA/21681","type":"VUT","group":"Completa","address":"CALLE CASTELAR Nº 4 Plta/Piso 3 Pta/Letra 33, piso 3, puerta 33","postal_code":"11540","places":6,"units":2,"registered":"2024-08-02","catastro":"6439223QA3763G0033DX","holder":null,"holder_count":null}},{"type":"Feature","geometry":{"type":"Point","coordinates":[-6.347848,36.781332]},"properties":{"id":"VUT/CA/21715","type":"VUT","group":"Completa","address":"AVENIDA DE LA CONSTITUCIÓN Nº 4 Plta/Piso 3 Pta/Letra C, piso 3, puerta C","postal_code":"11540","places":2,"units":2,"registered":"2024-08-06","catastro":"6738430QA3763H0028EY","holder":null,"holder_count":null}},{"type":"Feature","geometry":{"type":"Point","coordinates":[-6.35702,36.778682]},"properties":{"id":"VUT/CA/21722","type":"VUT","group":"Completa","address":"PLAZA PLAZA DE LAS INFANTAS, EDIFICIO INFANTA EURLALIA Portal 4 Plta/Piso 1 Pta/Letra B, piso 1, puerta B","postal_code":"11540","places":6,"units":3,"registered":"2024-08-07","catastro":"5939293QA3753H0166FI","holder":null,"holder_count":null}},{"type":"Feature","geometry":{"type":"Point","coordinates":[-6.36144,36.778242]},"properties":{"id":"VUT/CA/21730","type":"VUT","group":"Completa","address":"CALLE NAO CONCEPCIÓN Nº 19 Plta/Piso BJ Pta/Letra 9, piso BJ, puerta 9","postal_code":"11540","places":5,"units":2,"registered":"2024-08-09","catastro":"5537602QA3753F0057LR","holder":null,"holder_count":null}},{"type":"Feature","geometry":{"type":"Point","coordinates":[-6.355962,36.786768]},"properties":{"id":"VUT/CA/21749","type":"VUT","group":"Completa","address":"CALLE VICENTE YAÑEZ PINZON Nº 5 Plta/Piso BAJO Pta/Letra A, piso BAJO, puerta A","postal_code":"11540","places":4,"units":2,"registered":"2024-08-12","catastro":"6147113QA3764E0017IA","holder":null,"holder_count":null}},{"type":"Feature","geometry":{"type":"Point","coordinates":[-6.319209,36.798695]},"properties":{"id":"VUT/CA/21751","type":"VUT","group":"Completa","address":"CALLE JUAN DE ACURIO (URBANIZACION ALBATROS) Blq. 3 Plta/Piso 1 Pta/Letra D, piso 1, puerta D","postal_code":"11540","places":8,"units":2,"registered":"2024-08-12","catastro":"9260509QA3796A0102ES","holder":null,"holder_count":null}},{"type":"Feature","geometry":{"type":"Point","coordinates":[-6.355879,36.768374]},"properties":{"id":"VUT/CA/21784","type":"VUT","group":"Completa","address":"PASEO DEL JARDIN BOTANIDO Nº 11 Blq. 1 Plta/Piso 1 Pta/Letra 2 Compl.Dom. PAGO LA DEHESILLA, piso 1, puerta 2","postal_code":"11540","places":6,"units":3,"registered":"2024-08-16","catastro":"6126201QA3762E0013DL","holder":null,"holder_count":null}},{"type":"Feature","geometry":{"type":"Point","coordinates":[-6.350517,36.779497]},"properties":{"id":"VUT/CA/21785","type":"VUT","group":"Completa","address":"CALLE Fariñas Nº 11 Pta/Letra 5, puerta 5","postal_code":"11540","places":4,"units":1,"registered":"2024-08-16","catastro":"6639307QA3763H0005US","holder":null,"holder_count":null}},{"type":"Feature","geometry":{"type":"Point","coordinates":[-6.357133,36.779839]},"properties":{"id":"VUT/CA/21792","type":"VUT","group":"Completa","address":"CALLE HERMANO FERMIN Nº 6 Esc. 4 Plta/Piso 2 Pta/Letra B, piso 2, puerta B","postal_code":"11540","places":8,"units":4,"registered":"2024-08-16","catastro":"6040815QA3754B0038LK","holder":null,"holder_count":null}},{"type":"Feature","geometry":{"type":"Point","coordinates":[-6.363387,36.773631]},"properties":{"id":"VUT/CA/21804","type":"VUT","group":"Completa","address":"CALLE FRAY LEOPOLDO ALPANDEIRE Nº 8 Esc. 1 Plta/Piso 2 Pta/Letra 11, piso 2, puerta 11","postal_code":"11540","places":4,"units":2,"registered":"2024-08-19","catastro":"5533759QA3753C0011WS","holder":null,"holder_count":null}},{"type":"Feature","geometry":{"type":"Point","coordinates":[-6.354719,36.779472]},"properties":{"id":"VUT/CA/21806","type":"VUT","group":"Completa","address":"CALLE TARTANEROS Nº 6 Esc. 1 Plta/Piso 1 Pta/Letra A, piso 1, puerta A","postal_code":"11540","places":6,"units":3,"registered":"2024-08-19","catastro":"6239912QA3763G0003PQ","holder":null,"holder_count":null}},{"type":"Feature","geometry":{"type":"Point","coordinates":[-6.352733,36.781461]},"properties":{"id":"VUT/CA/21809","type":"VUT","group":"Completa","address":"CALLE CARRIL SAN DIEGO Nº 3 Plta/Piso 1 Pta/Letra C, piso 1, puerta C","postal_code":"11540","places":6,"units":2,"registered":"2024-08-19","catastro":"6441303QA3763G0035EQ","holder":null,"holder_count":null}},{"type":"Feature","geometry":{"type":"Point","coordinates":[-6.347542,36.788366]},"properties":{"id":"VUT/CA/21815","type":"VUT","group":"Completa","address":"AVENIDA MANZANILLA Nº 11","postal_code":"11540","places":4,"units":2,"registered":"2024-08-20","catastro":"6749603QA3764E0073AE","holder":null,"holder_count":null}},{"type":"Feature","geometry":{"type":"Point","coordinates":[-6.319209,36.798695]},"properties":{"id":"VUT/CA/21834","type":"VUT","group":"Completa","address":"CALLE JUAN DE ACURIO Blq. 3 Plta/Piso 1 Pta/Letra C, piso 1, puerta C","postal_code":"11540","places":2,"units":2,"registered":"2024-08-21","catastro":"9260509QA3796A0101WA","holder":null,"holder_count":null}},{"type":"Feature","geometry":{"type":"Point","coordinates":[-6.355351,36.78447]},"properties":{"id":"VUT/CA/21849","type":"VUT","group":"Completa","address":"CALLE VISTALEGRE-EDIFICIO LAS ADELFAS Nº 1 Plta/Piso 6 Compl.Dom. AVENIDA CERRO FALON, 34, 6º (ANTIGUA DIRECCION), piso 6","postal_code":"11540","places":6,"units":3,"registered":"2024-08-22","catastro":"6247727QA3764E0007QR","holder":"INVERSIONES TURISTICAS MONTEVIS, S.L.","holder_count":1}},{"type":"Feature","geometry":{"type":"Point","coordinates":[-6.353529,36.782568]},"properties":{"id":"VUT/CA/21867","type":"VUT","group":"Completa","address":"CALLE AVENIDA CERRO FALON Nº 8","postal_code":"11540","places":7,"units":3,"registered":"2024-08-26","catastro":"6342401QA3764A0028ZY","holder":null,"holder_count":null}},{"type":"Feature","geometry":{"type":"Point","coordinates":[-6.357087,36.776942]},"properties":{"id":"VUT/CA/21876","type":"VUT","group":"Completa","address":"CALLE GANADO Nº 3 Compl.Dom. EDIFICIO MARIA","postal_code":"11540","places":3,"units":1,"registered":"2024-08-27","catastro":"6036609QA3763E0004MU","holder":null,"holder_count":null}},{"type":"Feature","geometry":{"type":"Point","coordinates":[-6.348845,36.779316]},"properties":{"id":"VUT/CA/21886","type":"VUT","group":"Completa","address":"CALLE FUERTE DE SAN FELIPE Nº 53","postal_code":"11540","places":8,"units":3,"registered":"2024-08-29","catastro":"6738306QA3763H0001RI","holder":null,"holder_count":null}},{"type":"Feature","geometry":{"type":"Point","coordinates":[-6.355174,36.772653]},"properties":{"id":"VUT/CA/21892","type":"VUT","group":"Completa","address":"CALLE SEBASTIAN ELCANO Nº 54 Plta/Piso 2 Pta/Letra A, piso 2, puerta A","postal_code":"11540","places":6,"units":2,"registered":"2024-08-30","catastro":"6131807QA3763A0001MF","holder":"EL PAISANO ANDALUZ, S.L.","holder_count":4}},{"type":"Feature","geometry":{"type":"Point","coordinates":[-6.355174,36.772653]},"properties":{"id":"VUT/CA/21893","type":"VUT","group":"Completa","address":"CALLE SEBASTIAN ELCANO Nº 54 Plta/Piso 2 Pta/Letra B, piso 2, puerta B","postal_code":"11540","places":6,"units":2,"registered":"2024-08-30","catastro":"6131807QA3763A0001MF","holder":"EL PAISANO ANDALUZ, S.L.","holder_count":4}},{"type":"Feature","geometry":{"type":"Point","coordinates":[-6.350517,36.779497]},"properties":{"id":"VUT/CA/21898","type":"VUT","group":"Completa","address":"CALLE FARIÑAS Nº 11 Plta/Piso BAJA Pta/Letra 2, piso BAJA, puerta 2","postal_code":"11540","places":4,"units":1,"registered":"2024-08-30","catastro":"6639307QA3763H0002RO","holder":null,"holder_count":null}},{"type":"Feature","geometry":{"type":"Point","coordinates":[-6.350517,36.779497]},"properties":{"id":"VUT/CA/21908","type":"VUT","group":"Completa","address":"CALLE FARIÑAS Nº 11 Plta/Piso BAJA Pta/Letra 6 Compl.Dom. APARTAMENTO 6, piso BAJA, puerta 6","postal_code":"11540","places":3,"units":1,"registered":"2024-09-02","catastro":"6639307QA3763H0006ID","holder":null,"holder_count":null}},{"type":"Feature","geometry":{"type":"Point","coordinates":[-6.354449,36.781686]},"properties":{"id":"VUT/CA/21934","type":"VUT","group":"Completa","address":"CALLE INFANTA BEATRIZ Nº 13 Plta/Piso 6 Pta/Letra 4, piso 6, puerta 4","postal_code":"11540","places":6,"units":2,"registered":"2024-09-05","catastro":"6241501QA3764A0041SD","holder":"GATE RENTALS, S.L.","holder_count":12}},{"type":"Feature","geometry":{"type":"Point","coordinates":[-6.35942,36.783593]},"properties":{"id":"VUT/CA/21938","type":"VUT","group":"Completa","address":"CALLE Pedro Fernández de Lugo Nº 3 Plta/Piso Baja Pta/Letra 6 Compl.Dom. Edificio Malandar, piso Baja, puerta 6","postal_code":"11540","places":4,"units":2,"registered":"2024-09-06","catastro":"5743702QA3754D0006OD","holder":null,"holder_count":null}},{"type":"Feature","geometry":{"type":"Point","coordinates":[-6.352141,36.782446]},"properties":{"id":"VUT/CA/21942","type":"VUT","group":"Completa","address":"CALLE BANDA PLAYA Nº 14 Esc. 1 Plta/Piso 1 Pta/Letra F, piso 1, puerta F","postal_code":"11540","places":4,"units":1,"registered":"2024-09-06","catastro":"6543322QA3764c0008SP","holder":"GATE RENTALS, S.L.","holder_count":12}},{"type":"Feature","geometry":{"type":"Point","coordinates":[-6.320851,36.796857]},"properties":{"id":"VUT/CA/21945","type":"VUT","group":"Completa","address":"CALLE JUAN DE ACURIO Nº 901 Calif.Nº A Blq. 2 Esc. 4 Plta/Piso 2 Pta/Letra D, piso 2, puerta D","postal_code":"11540","places":5,"units":2,"registered":"2024-09-07","catastro":"9157903QA3795E0086UL","holder":null,"holder_count":null}},{"type":"Feature","geometry":{"type":"Point","coordinates":[-6.319378,36.787984]},"properties":{"id":"VUT/CA/21963","type":"VUT","group":"Completa","address":"AVENIDA JUAN DE ZUBILETA Portal 2 Plta/Piso 0 Pta/Letra 8, piso 0, puerta 8","postal_code":"11540","places":4,"units":2,"registered":"2024-09-11","catastro":"9349101QA3794G0041ZP","holder":null,"holder_count":null}},{"type":"Feature","geometry":{"type":"Point","coordinates":[-6.347676,36.783976]},"properties":{"id":"VUT/CA/21969","type":"VUT","group":"Completa","address":"CALLE PIRRADO Nº 21 Plta/Piso BAJO Pta/Letra A, piso BAJO, puerta A","postal_code":"11540","places":6,"units":2,"registered":"2024-09-11","catastro":"6844903QA3764D1001YP","holder":null,"holder_count":null}},{"type":"Feature","geometry":{"type":"Point","coordinates":[-6.349444,36.779889]},"properties":{"id":"VUT/CA/21977","type":"VUT","group":"Completa","address":"CALLE ALCOBA Nº 17 Plta/Piso 1 Pta/Letra H, piso 1, puerta H","postal_code":"11540","places":5,"units":2,"registered":"2024-09-12","catastro":"6739322QA3763H0021ZX","holder":null,"holder_count":null}},{"type":"Feature","geometry":{"type":"Point","coordinates":[-6.36261,36.781846]},"properties":{"id":"VUT/CA/21980","type":"VUT","group":"Completa","address":"CALLE FERNANDO DE MAGALLANES Nº 28 Plta/Piso 2 Pta/Letra E Compl.Dom. EDIFICIO MARITIMO FASE 2, piso 2, puerta E","postal_code":"11540","places":7,"units":2,"registered":"2024-09-12","catastro":"5441701QA3754A0045KD","holder":null,"holder_count":null}},{"type":"Feature","geometry":{"type":"Point","coordinates":[-6.354727,36.778768]},"properties":{"id":"VUT/CA/21991","type":"VUT","group":"Completa","address":"CALLE DE LA VICTORIA Nº 7 Plta/Piso 2 Pta/Letra B, piso 2, puerta B","postal_code":"11540","places":7,"units":3,"registered":"2024-09-16","catastro":"6238920QA3763G0005YE","holder":null,"holder_count":null}},{"type":"Feature","geometry":{"type":"Point","coordinates":[-6.367969,36.776689]},"properties":{"id":"VUT/CA/21996","type":"VUT","group":"Completa","address":"CALLE MIL CUATROCIENTOS NOVENTA Y OCHO Nº 10 Blq. 3 Esc. 9 Plta/Piso 2 Pta/Letra A, piso 2, puerta A","postal_code":"11540","places":4,"units":2,"registered":"2024-09-17","catastro":"5236355QA3753E0134OR","holder":null,"holder_count":null}},{"type":"Feature","geometry":{"type":"Point","coordinates":[-6.374442,36.772749]},"properties":{"id":"VUT/CA/22001","type":"VUT","group":"Completa","address":"CALLE VELERO Nº 23 Calif.Nº A","postal_code":"11540","places":8,"units":4,"registered":"2024-09-17","catastro":"4330112QA3743A0001SY","holder":null,"holder_count":null}},{"type":"Feature","geometry":{"type":"Point","coordinates":[-6.347676,36.783976]},"properties":{"id":"VUT/CA/22046","type":"VUT","group":"Completa","address":"CALLE PIRRADO Nº 21 Plta/Piso b Pta/Letra a, piso b, puerta a","postal_code":"11540","places":6,"units":2,"registered":"2024-09-25","catastro":"6844903QA3764D1001YP","holder":null,"holder_count":null}},{"type":"Feature","geometry":{"type":"Point","coordinates":[-6.354677,36.782933]},"properties":{"id":"VUT/CA/22052","type":"VUT","group":"Completa","address":"CALLE RAMON MENENDEZ PIDAL Nº 10 Esc. 1 Plta/Piso 1 Pta/Letra B, piso 1, puerta B","postal_code":"11540","places":6,"units":3,"registered":"2024-09-26","catastro":"6243911QA3764C0004UY","holder":null,"holder_count":null}},{"type":"Feature","geometry":{"type":"Point","coordinates":[-6.357925,36.776532]},"properties":{"id":"VUT/CA/22085","type":"VUT","group":"Completa","address":"CALLE HUERTA DE MANJON Nº 1 Blq. 1 Plta/Piso 2 Pta/Letra C, piso 2, puerta C","postal_code":"11540","places":6,"units":2,"registered":"2024-10-03","catastro":"5935205QA3753F0007XG","holder":"GATE RENTALS, S.L.","holder_count":12}},{"type":"Feature","geometry":{"type":"Point","coordinates":[-6.350517,36.779497]},"properties":{"id":"VUT/CA/22090","type":"VUT","group":"Completa","address":"CALLE FARIÑAS Nº 11 Plta/Piso 0 Pta/Letra 4, piso 0, puerta 4","postal_code":"11540","places":2,"units":1,"registered":"2024-10-04","catastro":"6639307QA3763H0004YA","holder":null,"holder_count":null}},{"type":"Feature","geometry":{"type":"Point","coordinates":[-6.358176,36.784885]},"properties":{"id":"VUT/CA/22112","type":"VUT","group":"Completa","address":"AVENIDA CALZADA DUQUESA ISABEL Nº 58 Blq. 2 Esc. 10 Plta/Piso 1 Pta/Letra 38, piso 1, puerta 38","postal_code":"11540","places":6,"units":2,"registered":"2024-10-08","catastro":"5945101QA3754D0204BJ","holder":null,"holder_count":null}},{"type":"Feature","geometry":{"type":"Point","coordinates":[-6.319209,36.798695]},"properties":{"id":"VUT/CA/22156","type":"VUT","group":"Completa","address":"CALLE JUAN DE ACURIO Nº 501 Blq. 12 Pta/Letra F Compl.Dom. URBANIZACION ALBATROS GOLF, puerta F","postal_code":"11540","places":4,"units":2,"registered":"2024-10-15","catastro":"9260509QA3796A0191LT","holder":null,"holder_count":null}},{"type":"Feature","geometry":{"type":"Point","coordinates":[-6.350517,36.779497]},"properties":{"id":"VUT/CA/22162","type":"VUT","group":"Completa","address":"CALLE FARIÑAS Nº 11 Plta/Piso BAJA Pta/Letra 2, piso BAJA, puerta 2","postal_code":"11540","places":2,"units":1,"registered":"2024-10-15","catastro":"6639307QA3763H0002RO","holder":null,"holder_count":null}},{"type":"Feature","geometry":{"type":"Point","coordinates":[-6.350361,36.774824]},"properties":{"id":"VUT/CA/22163","type":"VUT","group":"Completa","address":"CALLE SAN AGUSTIN Nº 56","postal_code":"11540","places":2,"units":1,"registered":"2024-10-15","catastro":"6634807QA3763D0001ZK","holder":null,"holder_count":null}},{"type":"Feature","geometry":{"type":"Point","coordinates":[-6.357152,36.778233]},"properties":{"id":"VUT/CA/22172","type":"VUT","group":"Completa","address":"CALLE BANDA PLAYA Nº 49 Plta/Piso 1º, piso 1º","postal_code":"11540","places":8,"units":3,"registered":"2024-10-16","catastro":"6037429QA3753F0001TO","holder":"ABP 2023 CB","holder_count":1}},{"type":"Feature","geometry":{"type":"Point","coordinates":[-6.352299,36.764597]},"properties":{"id":"VUT/CA/22177","type":"VUT","group":"Completa","address":"CALLE DIOS NEPTUNO Nº 9 Esc. 2 Plta/Piso BAJO Pta/Letra C, piso BAJO, puerta C","postal_code":"11540","places":4,"units":1,"registered":"2024-10-17","catastro":"6423701QA3762C0003PJ","holder":null,"holder_count":null}},{"type":"Feature","geometry":{"type":"Point","coordinates":[-6.352495,36.782175]},"properties":{"id":"VUT/CA/22188","type":"VUT","group":"Completa","address":"AVENIDA CABO NOVAL Nº S/N Compl.Dom. DUPLEX LETRA C PRIMERA Y SEGUNDA PLANTA","postal_code":"11540","places":4,"units":2,"registered":"2024-10-18","catastro":"6443110QA3764C0016TG","holder":"MULTIALGAIDA SLU","holder_count":1}},{"type":"Feature","geometry":{"type":"Point","coordinates":[-6.357712,36.777914]},"properties":{"id":"VUT/CA/22192","type":"VUT","group":"Completa","address":"CALLE Banda Playa Nº 105 Plta/Piso 1 Pta/Letra D, piso 1, puerta D","postal_code":"11540","places":4,"units":1,"registered":"2024-10-19","catastro":"6037423QA3753F0001BO","holder":null,"holder_count":null}},{"type":"Feature","geometry":{"type":"Point","coordinates":[-6.352574,36.776401]},"properties":{"id":"VUT/CA/22200","type":"VUT","group":"Completa","address":"CALLE DE LA COMEDIA Nº 1 Portal 2 Plta/Piso 1 Pta/Letra A Compl.Dom. CALLEJON DE LA COMEDIA 1, PORTAL 2, PISO 1, PUERTA A, piso 1, puerta A","postal_code":"11540","places":4,"units":2,"registered":"2024-10-21","catastro":"6436930QA3763E0061SM","holder":null,"holder_count":null}},{"type":"Feature","geometry":{"type":"Point","coordinates":[-6.367969,36.776689]},"properties":{"id":"VUT/CA/22226","type":"VUT","group":"Completa","address":"CALLE MIL CUATROCIEN. NOVEN. OCHO Nº 10 Blq. 2 Esc. 5 Plta/Piso 03 Pta/Letra A, piso 03, puerta A","postal_code":"11540","places":5,"units":2,"registered":"2024-10-24","catastro":"5236355QA3753E0075SU","holder":null,"holder_count":null}},{"type":"Feature","geometry":{"type":"Point","coordinates":[-6.36261,36.781846]},"properties":{"id":"VUT/CA/22229","type":"VUT","group":"Completa","address":"URBANIZACION EDIFICIO MARITIMO Nº 12 Plta/Piso 2 Pta/Letra H, piso 2, puerta H","postal_code":"11540","places":5,"units":2,"registered":"2024-10-25","catastro":"5441701QA3754A0023WB","holder":null,"holder_count":null}},{"type":"Feature","geometry":{"type":"Point","coordinates":[-6.356297,36.775344]},"properties":{"id":"VUT/CA/22251","type":"VUT","group":"Completa","address":"CALLE CURTIDURIA Nº 4 Plta/Piso 2º Pta/Letra C, piso 2º, puerta C","postal_code":"11540","places":4,"units":1,"registered":"2024-10-29","catastro":"6034209QA3763C0022OQ","holder":null,"holder_count":null}},{"type":"Feature","geometry":{"type":"Point","coordinates":[-6.382693,36.757052]},"properties":{"id":"VUT/CA/22254","type":"VUT","group":"Completa","address":"LUGAR MADRE DEL AGUA Nº 15 Pta/Letra A, puerta A","postal_code":"11540","places":10,"units":3,"registered":"2024-10-29","catastro":"11032A016002190001ME","holder":null,"holder_count":null}},{"type":"Feature","geometry":{"type":"Point","coordinates":[-6.353834,36.774341]},"properties":{"id":"VUT/CA/22259","type":"VUT","group":"Completa","address":"CALLE TRILLO Nº 10 Plta/Piso 2 Pta/Letra F, piso 2, puerta F","postal_code":"11540","places":4,"units":1,"registered":"2024-10-30","catastro":"6333408QA3763C0011JH","holder":null,"holder_count":null}},{"type":"Feature","geometry":{"type":"Point","coordinates":[-6.352545,36.774861]},"properties":{"id":"VUT/CA/22262","type":"VUT","group":"Completa","address":"CALLE CARCEL Nº 2 Plta/Piso 1 Pta/Letra 5, piso 1, puerta 5","postal_code":"11540","places":4,"units":2,"registered":"2024-10-30","catastro":"6434801QA3763C0005PD","holder":null,"holder_count":null}},{"type":"Feature","geometry":{"type":"Point","coordinates":[-6.345769,36.785648]},"properties":{"id":"VUT/CA/22268","type":"VUT","group":"Completa","address":"CALLE BOLSA Nº 199","postal_code":"11540","places":3,"units":2,"registered":"2024-10-31","catastro":"6946509QA3764F0001WU","holder":null,"holder_count":null}},{"type":"Feature","geometry":{"type":"Point","coordinates":[-6.350458,36.770179]},"properties":{"id":"VUT/CA/22275","type":"VUT","group":"Completa","address":"CALLE SAN LUIS Nº S/N Blq. 7 Plta/Piso 1 Pta/Letra D Compl.Dom. GRUPO SAN LUCAS, piso 1, puerta D","postal_code":"11540","places":4,"units":2,"registered":"2024-11-02","catastro":"6628309QA3762H0004UJ","holder":null,"holder_count":null}},{"type":"Feature","geometry":{"type":"Point","coordinates":[-6.353726,36.773974]},"properties":{"id":"VUT/CA/22276","type":"VUT","group":"Completa","address":"CALLE Descalzas Nº 18 Plta/Piso Bajo Pta/Letra 3, piso Bajo, puerta 3","postal_code":"11540","places":4,"units":2,"registered":"2024-11-03","catastro":"6333607QA3763C0003AA","holder":null,"holder_count":null}},{"type":"Feature","geometry":{"type":"Point","coordinates":[-6.358957,36.780383]},"properties":{"id":"VUT/CA/22298","type":"VUT","group":"Completa","address":"CALLE LA RABIDA Nº 7","postal_code":"11540","places":6,"units":3,"registered":"2024-11-05","catastro":"5939258QA3753H0001PR","holder":null,"holder_count":null}},{"type":"Feature","geometry":{"type":"Point","coordinates":[-6.355475,36.773439]},"properties":{"id":"VUT/CA/22301","type":"VUT","group":"Completa","address":"CALLE Sebastián ElCano Nº 26 Blq. 1 Plta/Piso 2 Pta/Letra 16, piso 2, puerta 16","postal_code":"11540","places":4,"units":1,"registered":"2024-11-06","catastro":"6132625QA3763A0016WE","holder":null,"holder_count":null}},{"type":"Feature","geometry":{"type":"Point","coordinates":[-6.364677,36.778169]},"properties":{"id":"VUT/CA/22316","type":"VUT","group":"Completa","address":"CALLE 1498 Nº 4 Plta/Piso 1, piso 1","postal_code":"11540","places":4,"units":2,"registered":"2024-11-07","catastro":"5236304QA3753E0011PU","holder":null,"holder_count":null}},{"type":"Feature","geometry":{"type":"Point","coordinates":[-6.353258,36.78139]},"properties":{"id":"VUT/CA/22340","type":"VUT","group":"Completa","address":"CALLE BANDA PLAYA Nº 28 Portal 4 Plta/Piso BAJO Pta/Letra B Compl.Dom. RESIDENCIAL VIRGEN DEL CARMEN, piso BAJO, puerta B","postal_code":"11540","places":6,"units":3,"registered":"2024-11-12","catastro":"6341902QA3764A0148HM","holder":null,"holder_count":null}},{"type":"Feature","geometry":{"type":"Point","coordinates":[-6.358176,36.784885]},"properties":{"id":"VUT/CA/22346","type":"VUT","group":"Completa","address":"AVENIDA CALZADA DUQUESA ISABEL Nº 58 Esc. 1 Plta/Piso 00 Pta/Letra 03 Compl.Dom. RESIDENCIAL LOS INFANTES, piso 00, puerta 03","postal_code":"11540","places":4,"units":2,"registered":"2024-11-12","catastro":"5945101QA3754D4353EM","holder":null,"holder_count":null}},{"type":"Feature","geometry":{"type":"Point","coordinates":[-6.358176,36.784885]},"properties":{"id":"VUT/CA/22363","type":"VUT","group":"Completa","address":"AVENIDA CALZADA DUQUESA ISABEL Nº 58 Esc. 3 Plta/Piso 5 Pta/Letra 11, piso 5, puerta 11","postal_code":"11540","places":4,"units":1,"registered":"2024-11-15","catastro":"5945101QA3754D0054EM","holder":null,"holder_count":null}},{"type":"Feature","geometry":{"type":"Point","coordinates":[-6.349456,36.774327]},"properties":{"id":"VUT/CA/22386","type":"VUT","group":"Completa","address":"PLAZA DE JUAN GRANDE Nº 11-13 Plta/Piso ATICO, piso ATICO","postal_code":"11540","places":2,"units":1,"registered":"2024-11-20","catastro":"6733525QA3763D0017WI","holder":null,"holder_count":null}},{"type":"Feature","geometry":{"type":"Point","coordinates":[-6.349456,36.774327]},"properties":{"id":"VUT/CA/22388","type":"VUT","group":"Completa","address":"PLAZA DE JUAN GRANDE Nº 11-13 Plta/Piso ATICO Pta/Letra 15, piso ATICO, puerta 15","postal_code":"11540","places":2,"units":1,"registered":"2024-11-20","catastro":"6733525QA3763D0015MY","holder":null,"holder_count":null}},{"type":"Feature","geometry":{"type":"Point","coordinates":[-6.350418,36.783318]},"properties":{"id":"VUT/CA/22393","type":"VUT","group":"Completa","address":"CALLE CORRO DE BOLOS Nº 14 Plta/Piso 1 Pta/Letra B, piso 1, puerta B","postal_code":"11540","places":6,"units":2,"registered":"2024-11-21","catastro":"6643307QA3764D0004AG","holder":null,"holder_count":null}},{"type":"Feature","geometry":{"type":"Point","coordinates":[-6.351136,36.788655]},"properties":{"id":"VUT/CA/22403","type":"VUT","group":"Completa","address":"CALLE DEL FLAMENCO Nº 10","postal_code":"11540","places":10,"units":2,"registered":"2024-11-22","catastro":"6449707QA3764G0001QH","holder":null,"holder_count":null}},{"type":"Feature","geometry":{"type":"Point","coordinates":[-6.381665,36.767924]},"properties":{"id":"VUT/CA/22408","type":"VUT","group":"Completa","address":"CARRETERA LA JARA Nº 33-B Compl.Dom. PARCELA 1","postal_code":"11540","places":12,"units":4,"registered":"2024-11-23","catastro":"3926209QA3732E0000KB","holder":null,"holder_count":null}},{"type":"Feature","geometry":{"type":"Point","coordinates":[-6.348837,36.779146]},"properties":{"id":"VUT/CA/22430","type":"VUT","group":"Completa","address":"CALLE Fuerte de San Felipe Nº 16","postal_code":"11540","places":5,"units":3,"registered":"2024-11-26","catastro":"6738201QA3763H0001QI","holder":null,"holder_count":null}},{"type":"Feature","geometry":{"type":"Point","coordinates":[-6.346948,36.789488]},"properties":{"id":"VUT/CA/22438","type":"VUT","group":"Completa","address":"CALLE BARRA DEL RIO Nº 2 Blq. 1 Plta/Piso 1 Pta/Letra G Compl.Dom. URBANIZACIÓN COSTA DOÑANA, piso 1, puerta G","postal_code":"11540","places":6,"units":3,"registered":"2024-11-28","catastro":"6850801QA3764E0015SO","holder":null,"holder_count":null}},{"type":"Feature","geometry":{"type":"Point","coordinates":[-6.319209,36.798695]},"properties":{"id":"VUT/CA/22440","type":"VUT","group":"Completa","address":"CALLE juan de acurio Nº 64 Blq. 1 Portal e Compl.Dom. residencial albaltros golf","postal_code":"11540","places":8,"units":3,"registered":"2024-11-28","catastro":"9260509QA3796A0090GQ","holder":"NZ FIVE S.L.","holder_count":1}},{"type":"Feature","geometry":{"type":"Point","coordinates":[-6.349851,36.783779]},"properties":{"id":"VUT/CA/22448","type":"VUT","group":"Completa","address":"CALLE TRASBOLSA Nº 51 Blq. 2 Esc. 1 Plta/Piso 0 Pta/Letra A, piso 0, puerta A","postal_code":"11540","places":4,"units":2,"registered":"2024-11-28","catastro":"6644433QA3764D0025RU","holder":null,"holder_count":null}},{"type":"Feature","geometry":{"type":"Point","coordinates":[-6.358176,36.784885]},"properties":{"id":"VUT/CA/22461","type":"VUT","group":"Completa","address":"AVENIDA CALZADA DUQUESA ISABEL Nº 58 Esc. 2 Plta/Piso 5 Pta/Letra E, piso 5, puerta E","postal_code":"11540","places":6,"units":2,"registered":"2024-12-02","catastro":"5945101QA3754D0043KG","holder":null,"holder_count":null}},{"type":"Feature","geometry":{"type":"Point","coordinates":[-6.35286,36.781383]},"properties":{"id":"VUT/CA/22465","type":"VUT","group":"Completa","address":"CALLE CARRIL SAN DIEGO Nº 2 Plta/Piso 1 Pta/Letra 5, piso 1, puerta 5","postal_code":"11540","places":6,"units":2,"registered":"2024-12-02","catastro":"6341701QA3764A0007DF","holder":"GATE RENTALS, S.L.","holder_count":12}},{"type":"Feature","geometry":{"type":"Point","coordinates":[-6.352905,36.778221]},"properties":{"id":"VUT/CA/22468","type":"VUT","group":"Completa","address":"CALLE REGINA Nº 21 Plta/Piso 1ª Pta/Letra A, piso 1ª, puerta A","postal_code":"11540","places":2,"units":1,"registered":"2024-12-03","catastro":"6438107QA3763G0004OW","holder":"GRUPO INMOBILIARIO GAROPE,S.L.U.","holder_count":2}},{"type":"Feature","geometry":{"type":"Point","coordinates":[-6.373411,36.774245]},"properties":{"id":"VUT/CA/22496","type":"VUT","group":"Completa","address":"AVENIDA Castillo Espíritu Santo Nº 42","postal_code":"11540","places":10,"units":5,"registered":"2024-12-08","catastro":"4632304QA3743A0001UY","holder":null,"holder_count":null}},{"type":"Feature","geometry":{"type":"Point","coordinates":[-6.346045,36.783937]},"properties":{"id":"VUT/CA/22498","type":"VUT","group":"Completa","address":"CALLE BARRAMEDA Nº 87 Portal 87 Plta/Piso 1 Pta/Letra A, piso 1, puerta A","postal_code":"11540","places":6,"units":2,"registered":"2024-12-09","catastro":"7044205QA3764D0046HX","holder":null,"holder_count":null}},{"type":"Feature","geometry":{"type":"Point","coordinates":[-6.319209,36.798695]},"properties":{"id":"VUT/CA/22523","type":"VUT","group":"Completa","address":"CALLE Juan de Acurio Sin número Blq. 5 Plta/Piso bajo Pta/Letra A2, piso bajo, puerta A2","postal_code":"11540","places":8,"units":4,"registered":"2024-12-12","catastro":"9260509QA3796A0114SZ","holder":null,"holder_count":null}},{"type":"Feature","geometry":{"type":"Point","coordinates":[-6.35643,36.773293]},"properties":{"id":"VUT/CA/22558","type":"VUT","group":"Completa","address":"CALLE MOLINILLO 2 Nº 15 Plta/Piso 3 Pta/Letra A, piso 3, puerta A","postal_code":"11540","places":4,"units":2,"registered":"2024-12-17","catastro":"6132809QA3763A0031ZS","holder":null,"holder_count":null}},{"type":"Feature","geometry":{"type":"Point","coordinates":[-6.360305,36.779775]},"properties":{"id":"VUT/CA/22578","type":"VUT","group":"Completa","address":"AVENIDA V CENTENARIO Nº 32","postal_code":"11540","places":8,"units":3,"registered":"2024-12-20","catastro":"5739627QA3753H0001TR","holder":"VILLA EMILIA CB","holder_count":1}},{"type":"Feature","geometry":{"type":"Point","coordinates":[-6.354766,36.777162]},"properties":{"id":"VUT/CA/22618","type":"VUT","group":"Completa","address":"PLAZA MADRE DE DIOS Nº 5","postal_code":"11540","places":3,"units":1,"registered":"2025-01-07","catastro":"6236121QA3763E0001GR","holder":"MAR ABIERTO GESTIOINES INMOBILIARIAS SL","holder_count":1}},{"type":"Feature","geometry":{"type":"Point","coordinates":[-6.350517,36.779497]},"properties":{"id":"VUT/CA/22631","type":"VUT","group":"Completa","address":"CALLE Fariñas Nº 11 Pta/Letra 11, puerta 11","postal_code":"11540","places":4,"units":2,"registered":"2025-01-04","catastro":"6639307QA3763H0011PG","holder":null,"holder_count":null}},{"type":"Feature","geometry":{"type":"Point","coordinates":[-6.35312,36.784766]},"properties":{"id":"VUT/CA/22632","type":"VUT","group":"Completa","address":"CALLE CAPITAN Nº 17","postal_code":"11540","places":2,"units":1,"registered":"2025-01-06","catastro":"6345510QA3764C0001RE","holder":null,"holder_count":null}},{"type":"Feature","geometry":{"type":"Point","coordinates":[-6.353983,36.773546]},"properties":{"id":"VUT/CA/22642","type":"VUT","group":"Completa","address":"CALLE MURO ALTO Nº 15 Esc. 1 Plta/Piso 0 Pta/Letra D, piso 0, puerta D","postal_code":"11540","places":4,"units":2,"registered":"2025-01-07","catastro":"6333114QA3763A0021HT","holder":null,"holder_count":null}},{"type":"Feature","geometry":{"type":"Point","coordinates":[-6.355632,36.786387]},"properties":{"id":"VUT/CA/22658","type":"VUT","group":"Completa","address":"AVENIDA BAJO DE GUÍA Nº 23 Plta/Piso 1 Pta/Letra C, piso 1, puerta C","postal_code":"11540","places":5,"units":2,"registered":"2025-01-09","catastro":"6147104QA3764E0025TH","holder":"TACOMAR CRUVE SL","holder_count":2}},{"type":"Feature","geometry":{"type":"Point","coordinates":[-6.361566,36.777032]},"properties":{"id":"VUT/CA/22676","type":"VUT","group":"Completa","address":"CALLE NAO SANTIAGO Nº 37","postal_code":"11540","places":8,"units":3,"registered":"2025-01-10","catastro":"5536705QA3753F0003YA","holder":null,"holder_count":null}},{"type":"Feature","geometry":{"type":"Point","coordinates":[-6.355702,36.782573]},"properties":{"id":"VUT/CA/22698","type":"VUT","group":"Completa","address":"PLAZA Gran Cinema Nº 8 Esc. 4 Plta/Piso 1 Pta/Letra D2, piso 1, puerta D2","postal_code":"11540","places":10,"units":4,"registered":"2025-01-14","catastro":"6142902QA3764A0093KR","holder":null,"holder_count":null}},{"type":"Feature","geometry":{"type":"Point","coordinates":[-6.355266,36.778128]},"properties":{"id":"VUT/CA/22706","type":"VUT","group":"Completa","address":"CALLE SAN JUAN Nº 32 Plta/Piso 1 Pta/Letra C Compl.Dom. VIVIENDA 9, piso 1, puerta C","postal_code":"11540","places":4,"units":1,"registered":"2025-01-15","catastro":"6138705QA3763G0003GQ","holder":null,"holder_count":null}},{"type":"Feature","geometry":{"type":"Point","coordinates":[-6.344814,36.786936]},"properties":{"id":"VUT/CA/22710","type":"VUT","group":"Completa","address":"CALLEJA CALLEJON BAYONETA Nº 27B Compl.Dom. ES UNA CASA INDEPENDIENTE, UN BAJO","postal_code":"11540","places":4,"units":1,"registered":"2025-01-15","catastro":"7046513QA3774E0001RW","holder":null,"holder_count":null}},{"type":"Feature","geometry":{"type":"Point","coordinates":[-6.350256,36.770927]},"properties":{"id":"VUT/CA/22726","type":"VUT","group":"Completa","address":"CALLE DUQUE DON ALONSO Nº 9 Esc. 1 Plta/Piso 00 Pta/Letra 55, piso 00, puerta 55","postal_code":"11540","places":6,"units":3,"registered":"2025-01-17","catastro":"6629405QA3762H0055HU","holder":null,"holder_count":null}},{"type":"Feature","geometry":{"type":"Point","coordinates":[-6.352093,36.784622]},"properties":{"id":"VUT/CA/22744","type":"VUT","group":"Completa","address":"CALLE CABO NOVAL Nº 37 Plta/Piso 1 Pta/Letra B, piso 1, puerta B","postal_code":"11540","places":4,"units":3,"registered":"2025-01-19","catastro":"6345706QA3764E0020HA","holder":null,"holder_count":null}},{"type":"Feature","geometry":{"type":"Point","coordinates":[-6.361175,36.78115]},"properties":{"id":"VUT/CA/22753","type":"VUT","group":"Completa","address":"CALLE RIO DUERO Nº 8","postal_code":"11540","places":8,"units":3,"registered":"2025-01-20","catastro":"5641706QA3754B0001GD","holder":null,"holder_count":null}},{"type":"Feature","geometry":{"type":"Point","coordinates":[-6.350242,36.772455]},"properties":{"id":"VUT/CA/22755","type":"VUT","group":"Por habitaciones","address":"CALLE MESON DEL DUQUE Nº 46 Plta/Piso ATICO, piso ATICO","postal_code":"11540","places":3,"units":1,"registered":"2025-01-20","catastro":"6631404QA3763B0007GY","holder":null,"holder_count":null}},{"type":"Feature","geometry":{"type":"Point","coordinates":[-6.350124,36.773269]},"properties":{"id":"VUT/CA/22807","type":"VUT","group":"Completa","address":"CALLE azacanes segunda Nº 23 Plta/Piso 1 Pta/Letra c, piso 1, puerta c","postal_code":"11540","places":2,"units":2,"registered":"2025-01-27","catastro":"6632525qa3763d0007zq","holder":null,"holder_count":null}},{"type":"Feature","geometry":{"type":"Point","coordinates":[-6.37169,36.771485]},"properties":{"id":"VUT/CA/22813","type":"VUT","group":"Completa","address":"CALLE Calmachicha Nº 7 Compl.Dom. Urbanización Los Colones","postal_code":"11540","places":8,"units":4,"registered":"2025-01-28","catastro":"4730714QA3742G0001XB","holder":null,"holder_count":null}},{"type":"Feature","geometry":{"type":"Point","coordinates":[-6.352223,36.775488]},"properties":{"id":"VUT/CA/22908","type":"VUT","group":"Completa","address":"PLAZA MANUEL ROMERO PAZOS Nº 1 Esc. 1 Plta/Piso 2 Pta/Letra A, piso 2, puerta A","postal_code":"11540","places":6,"units":2,"registered":"2025-02-07","catastro":"6435806QA3763C0009KJ","holder":null,"holder_count":null}},{"type":"Feature","geometry":{"type":"Point","coordinates":[-6.357074,36.777121]},"properties":{"id":"VUT/CA/22916","type":"VUT","group":"Por habitaciones","address":"CALLE SAN JUAN Nº 55","postal_code":"11540","places":6,"units":3,"registered":"2025-02-08","catastro":"6036611QA3763E0001AR","holder":null,"holder_count":null}},{"type":"Feature","geometry":{"type":"Point","coordinates":[-6.354766,36.777162]},"properties":{"id":"VUT/CA/22930","type":"VUT","group":"Completa","address":"PLAZA MADRE DE DIOS Nº 5","postal_code":"11510","places":3,"units":1,"registered":"2025-02-10","catastro":"6236121QA3763E0001GR","holder":"MAR ABIERTO GESTIONES INMOBILIARIAS","holder_count":1}},{"type":"Feature","geometry":{"type":"Point","coordinates":[-6.349456,36.774327]},"properties":{"id":"VUT/CA/22934","type":"VUT","group":"Completa","address":"CALLE JUAN GRANDE Nº 11-13 Plta/Piso 2 Pta/Letra C, piso 2, puerta C","postal_code":"11540","places":4,"units":1,"registered":"2025-02-10","catastro":"6733525QA3763D0016QU","holder":null,"holder_count":null}},{"type":"Feature","geometry":{"type":"Point","coordinates":[-6.359093,36.775022]},"properties":{"id":"VUT/CA/22946","type":"VUT","group":"Completa","address":"PLAZA Arroyo de San Juan Nº 1 Plta/Piso 1 Pta/Letra C, piso 1, puerta C","postal_code":"11540","places":6,"units":3,"registered":"2025-02-11","catastro":"5833301QA3753D0007AB","holder":"LEAD GENERATION COMPANY SPAIN, S.L.","holder_count":8}},{"type":"Feature","geometry":{"type":"Point","coordinates":[-6.354614,36.779369]},"properties":{"id":"VUT/CA/22973","type":"VUT","group":"Completa","address":"CALLE TARTANEROS Nº 4 Plta/Piso 1 Pta/Letra A, piso 1, puerta A","postal_code":"11540","places":4,"units":1,"registered":"2025-02-13","catastro":"6239911QA3763G0001XX","holder":null,"holder_count":null}},{"type":"Feature","geometry":{"type":"Point","coordinates":[-6.361084,36.777254]},"properties":{"id":"VUT/CA/22975","type":"VUT","group":"Completa","address":"CALLE NAO SANTIAGO Nº 6 Compl.Dom. Edificio Lagos","postal_code":"11540","places":8,"units":4,"registered":"2025-02-13","catastro":"5636509QA3753F0011IH","holder":null,"holder_count":null}},{"type":"Feature","geometry":{"type":"Point","coordinates":[-6.363387,36.773631]},"properties":{"id":"VUT/CA/22985","type":"VUT","group":"Completa","address":"CALLE FRAY LEOPOLDO DE ALPANDEIRE Nº 8 Esc. 1 Plta/Piso 4 Pta/Letra 28, piso 4, puerta 28","postal_code":"11540","places":6,"units":2,"registered":"2025-02-14","catastro":"5533759QA3753C0028HE","holder":null,"holder_count":null}},{"type":"Feature","geometry":{"type":"Point","coordinates":[-6.351909,36.782779]},"properties":{"id":"VUT/CA/23008","type":"VUT","group":"Completa","address":"CALLE Banda de la Playa, Edificio Plaiya de la Red Nº 11 Plta/Piso 1 Pta/Letra F, piso 1, puerta F","postal_code":"11540","places":4,"units":2,"registered":"2025-02-17","catastro":"6543334QA3764C0011QP","holder":null,"holder_count":null}},{"type":"Feature","geometry":{"type":"Point","coordinates":[-6.347795,36.784542]},"properties":{"id":"VUT/CA/23023","type":"VUT","group":"Completa","address":"CALLE BOLSA Nº 167 Plta/Piso 2 Pta/Letra A, piso 2, puerta A","postal_code":"11540","places":6,"units":2,"registered":"2025-02-18","catastro":"6845541QA3764F0021GZ","holder":"BARRAMEDA 2004 INVERSIÓN S.L.","holder_count":1}},{"type":"Feature","geometry":{"type":"Point","coordinates":[-6.354522,36.778463]},"properties":{"id":"VUT/CA/23028","type":"VUT","group":"Completa","address":"CALLE SAN JUAN Nº 12 Plta/Piso 1 Pta/Letra A, piso 1, puerta A","postal_code":"11540","places":4,"units":1,"registered":"2025-02-18","catastro":"6238910QA3763G0002OM","holder":null,"holder_count":null}},{"type":"Feature","geometry":{"type":"Point","coordinates":[-6.362709,36.780846]},"properties":{"id":"VUT/CA/23030","type":"VUT","group":"Completa","address":"CALLE SOR PÍA ARAMBURU Nº 7 Compl.Dom. AVDA DE LAS PILETAS, 24 APART. 5","postal_code":"11540","places":5,"units":2,"registered":"2025-02-18","catastro":"5440602QA3756A0005DL","holder":null,"holder_count":null}},{"type":"Feature","geometry":{"type":"Point","coordinates":[-6.353376,36.774535]},"properties":{"id":"VUT/CA/23035","type":"VUT","group":"Completa","address":"CALLE MONTEROS Nº 7 Portal 1 Pta/Letra 5, puerta 5","postal_code":"11540","places":4,"units":2,"registered":"2025-02-19","catastro":"6333422QA3763C0005JD","holder":null,"holder_count":null}},{"type":"Feature","geometry":{"type":"Point","coordinates":[-6.335866,36.801485]},"properties":{"id":"VUT/CA/23083","type":"VUT","group":"Completa","address":"PLAZA ISABEL LA CATOLICA Nº 1 Plta/Piso 2 Pta/Letra C Compl.Dom. EDIFICIO BALUARTE, piso 2, puerta C","postal_code":"11540","places":6,"units":2,"registered":"2025-02-25","catastro":"7864704QA3776D0009IS","holder":null,"holder_count":null}},{"type":"Feature","geometry":{"type":"Point","coordinates":[-6.351136,36.778102]},"properties":{"id":"VUT/CA/23119","type":"VUT","group":"Completa","address":"CALLE CARMEN VIEJO Nº 46 Plta/Piso 2 Pta/Letra B, piso 2, puerta B","postal_code":"11540","places":8,"units":3,"registered":"2025-02-27","catastro":"6537622QA3763F0014SM","holder":null,"holder_count":null}},{"type":"Feature","geometry":{"type":"Point","coordinates":[-6.3775,36.770686]},"properties":{"id":"VUT/CA/23129","type":"VUT","group":"Completa","address":"CALLE PLAYA FUENTEBRAVIA Nº 22","postal_code":"11540","places":4,"units":4,"registered":"2025-02-28","catastro":"4128647QA3742G0034SZ","holder":null,"holder_count":null}},{"type":"Feature","geometry":{"type":"Point","coordinates":[-6.357901,36.778485]},"properties":{"id":"VUT/CA/23144","type":"VUT","group":"Completa","address":"PLAZA INFANTAS DE LAS 1 Nº 1 Esc. 4 Plta/Piso 1 Pta/Letra F, piso 1, puerta F","postal_code":"11540","places":6,"units":2,"registered":"2025-03-02","catastro":"5939294QA3753H0152SB","holder":null,"holder_count":null}},{"type":"Feature","geometry":{"type":"Point","coordinates":[-6.351822,36.775662]},"properties":{"id":"VUT/CA/23195","type":"VUT","group":"Completa","address":"CALLE SANTIAGO Nº 9 Portal 5 Plta/Piso BAJO Pta/Letra A, piso BAJO, puerta A","postal_code":"11540","places":8,"units":2,"registered":"2025-03-05","catastro":"6435702QA3763C0005BD","holder":null,"holder_count":null}},{"type":"Feature","geometry":{"type":"Point","coordinates":[-6.361685,36.778644]},"properties":{"id":"VUT/CA/23203","type":"VUT","group":"Completa","address":"CALLE VIRGEN DE BARRAMEDA Nº 1 Esc. 1 Plta/Piso 1 Pta/Letra B, piso 1, puerta B","postal_code":"11540","places":12,"units":3,"registered":"2025-03-05","catastro":"5537601QA3753F0012MJ","holder":null,"holder_count":null}},{"type":"Feature","geometry":{"type":"Point","coordinates":[-6.358176,36.784885]},"properties":{"id":"VUT/CA/23212","type":"VUT","group":"Completa","address":"AVENIDA CALZADA DE LA DUQUESA ISABEL Nº 58 Portal 8 Plta/Piso 6 Pta/Letra 27 Compl.Dom. URBANIZACIÓN LOS INFANTES, piso 6, puerta 27","postal_code":"11540","places":6,"units":2,"registered":"2025-03-06","catastro":"5945101QA3754D0141LH","holder":null,"holder_count":null}},{"type":"Feature","geometry":{"type":"Point","coordinates":[-6.357358,36.779063]},"properties":{"id":"VUT/CA/23217","type":"VUT","group":"Completa","address":"PLAZA DE LAS INFANTAS EDIFICIO INFANTA ISABEL Nº 33","postal_code":"11540","places":4,"units":2,"registered":"2025-03-06","catastro":"5939291QA3753H0080QD","holder":null,"holder_count":null}},{"type":"Feature","geometry":{"type":"Point","coordinates":[-6.354766,36.777162]},"properties":{"id":"VUT/CA/23220","type":"VUT","group":"Completa","address":"PLAZA MADRE DE DIOS Nº 5 Plta/Piso 3, piso 3","postal_code":"11540","places":3,"units":1,"registered":"2025-03-06","catastro":"6236121QA3763E0001GR","holder":null,"holder_count":null}},{"type":"Feature","geometry":{"type":"Point","coordinates":[-6.321799,36.790248]},"properties":{"id":"VUT/CA/23223","type":"VUT","group":"Completa","address":"AVENIDA PRINCIPE ALFONSO Nº 20 Esc. 2 Plta/Piso BAJO Pta/Letra B, piso BAJO, puerta B","postal_code":"11540","places":6,"units":2,"registered":"2025-03-06","catastro":"9051601QA3795A0010GB","holder":null,"holder_count":null}},{"type":"Feature","geometry":{"type":"Point","coordinates":[-6.355517,36.773159]},"properties":{"id":"VUT/CA/23240","type":"VUT","group":"Completa","address":"CALLE MOLINILLO 2 Nº 6 Esc. 1 Plta/Piso 2 Pta/Letra A, piso 2, puerta A","postal_code":"11540","places":4,"units":1,"registered":"2025-03-10","catastro":"6132610QA3763A0005QK","holder":null,"holder_count":null}},{"type":"Feature","geometry":{"type":"Point","coordinates":[-6.349091,36.788592]},"properties":{"id":"VUT/CA/23241","type":"VUT","group":"Completa","address":"CALLE ROSA DE LOS VIENTOS Nº 2 Blq. 3 Esc. 1 Plta/Piso 3 Pta/Letra N, piso 3, puerta N","postal_code":"11540","places":4,"units":3,"registered":"2025-03-07","catastro":"6649801QA3764E0224RZ","holder":null,"holder_count":null}},{"type":"Feature","geometry":{"type":"Point","coordinates":[-6.346002,36.782649]},"properties":{"id":"VUT/CA/23264","type":"VUT","group":"Completa","address":"CALLE SAN FRANCISCO Nº 12 Compl.Dom. BAJO","postal_code":"11540","places":5,"units":2,"registered":"2025-03-09","catastro":"71416A6QA3774A0022JR","holder":"HEREDEROS DE CARIDAD ARIZA CB","holder_count":1}},{"type":"Feature","geometry":{"type":"Point","coordinates":[-6.350744,36.783105]},"properties":{"id":"VUT/CA/23299","type":"VUT","group":"Completa","address":"CALLE RELOJERA Nº 4 Portal 5 Plta/Piso ÁTICO Pta/Letra A Compl.Dom. EDIFICIO PASTORA, piso ÁTICO, puerta A","postal_code":"11540","places":4,"units":1,"registered":"2025-03-12","catastro":"6543333QA3764C0008GP","holder":null,"holder_count":null}},{"type":"Feature","geometry":{"type":"Point","coordinates":[-6.358176,36.784885]},"properties":{"id":"VUT/CA/23354","type":"VUT","group":"Completa","address":"AVENIDA CALZADA DUQUESA ISABEL Nº 58 Plta/Piso BAJO Pta/Letra 6, piso BAJO, puerta 6","postal_code":"1540","places":4,"units":1,"registered":"2025-03-17","catastro":"5945101QA3754D4356YE","holder":null,"holder_count":null}},{"type":"Feature","geometry":{"type":"Point","coordinates":[-6.355683,36.779035]},"properties":{"id":"VUT/CA/23366","type":"VUT","group":"Completa","address":"CALLE VICTORIA Nº 7 Plta/Piso 2 Pta/Letra A, piso 2, puerta A","postal_code":"11540","places":5,"units":2,"registered":"2025-03-17","catastro":"6138201QA3763G0012AU","holder":"VALCAMBRE SL","holder_count":1}},{"type":"Feature","geometry":{"type":"Point","coordinates":[-6.355562,36.78418]},"properties":{"id":"VUT/CA/23367","type":"VUT","group":"Completa","address":"AVENIDA CERRO FALON Nº 55 Blq. 1 Plta/Piso 4 Pta/Letra D Compl.Dom. EDIF. ALMIRANTE 1º, piso 4, puerta D","postal_code":"11540","places":12,"units":3,"registered":"2025-03-17","catastro":"6144506QA3764C0015JF","holder":null,"holder_count":null}},{"type":"Feature","geometry":{"type":"Point","coordinates":[-6.347848,36.781332]},"properties":{"id":"VUT/CA/23410","type":"VUT","group":"Por habitaciones","address":"AVENIDA DE LA CONSTITUCION Nº 4 Plta/Piso AT Pta/Letra B, piso AT, puerta B","postal_code":"11540","places":6,"units":3,"registered":"2025-03-19","catastro":"6738430QA3763H0041PD","holder":null,"holder_count":null}},{"type":"Feature","geometry":{"type":"Point","coordinates":[-6.370961,36.775261]},"properties":{"id":"VUT/CA/23414","type":"VUT","group":"Completa","address":"CALLE CRUCERO Nº 1 Plta/Piso 1 Pta/Letra 26 Compl.Dom. URBANIZACIÓN ESPÍRITU SANTO, piso 1, puerta 26","postal_code":"11540","places":6,"units":2,"registered":"2025-03-19","catastro":"4832321QA3743A0064BT","holder":null,"holder_count":null}},{"type":"Feature","geometry":{"type":"Point","coordinates":[-6.349464,36.780783]},"properties":{"id":"VUT/CA/23422","type":"VUT","group":"Completa","address":"CALLE CARNICERÍA Nº 4 Plta/Piso 2 Pta/Letra E, piso 2, puerta E","postal_code":"11540","places":5,"units":2,"registered":"2025-03-19","catastro":"6640502QA3764B0018HI","holder":null,"holder_count":null}},{"type":"Feature","geometry":{"type":"Point","coordinates":[-6.351423,36.781755]},"properties":{"id":"VUT/CA/23478","type":"VUT","group":"Completa","address":"CALLE BOLSA Nº 75 Plta/Piso BJ Pta/Letra B, piso BJ, puerta B","postal_code":"11540","places":8,"units":3,"registered":"2025-03-21","catastro":"6542818QA3764B0002SK","holder":null,"holder_count":null}},{"type":"Feature","geometry":{"type":"Point","coordinates":[-6.350995,36.774644]},"properties":{"id":"VUT/CA/23502","type":"VUT","group":"Completa","address":"CALLE SAN AGUSTIN Nº 13 Plta/Piso 2 Pta/Letra D, piso 2, puerta D","postal_code":"11540","places":4,"units":1,"registered":"2025-03-23","catastro":"6534110QA3763C0011IH","holder":null,"holder_count":null}},{"type":"Feature","geometry":{"type":"Point","coordinates":[-6.356341,36.783745]},"properties":{"id":"VUT/CA/23505","type":"VUT","group":"Completa","address":"AVENIDA DUQUESA ISABEL Nº 50 Blq. 2 Plta/Piso 4 Pta/Letra A, piso 4, puerta A","postal_code":"11540","places":4,"units":3,"registered":"2025-03-23","catastro":"6144512QA3764C0057TZ","holder":null,"holder_count":null}},{"type":"Feature","geometry":{"type":"Point","coordinates":[-6.353529,36.782568]},"properties":{"id":"VUT/CA/23521","type":"VUT","group":"Completa","address":"AVENIDA CERRO FALON Nº 8 Plta/Piso BAJO Pta/Letra IZQUIERDA, piso BAJO, puerta IZQUIERDA","postal_code":"11540","places":5,"units":2,"registered":"2025-03-24","catastro":"6342401QA3764A0005RS","holder":null,"holder_count":null}},{"type":"Feature","geometry":{"type":"Point","coordinates":[-6.349091,36.788592]},"properties":{"id":"VUT/CA/23525","type":"VUT","group":"Completa","address":"CALLE ROSA DE LOS VIENTOS Blq. 1 Plta/Piso 3 Pta/Letra B, piso 3, puerta B","postal_code":"11540","places":4,"units":3,"registered":"2025-03-24","catastro":"6649801QA3764E0197UQ","holder":null,"holder_count":null}},{"type":"Feature","geometry":{"type":"Point","coordinates":[-6.349091,36.788592]},"properties":{"id":"VUT/CA/23570","type":"VUT","group":"Completa","address":"CALLE ROSA DE LOS VIENTOS Nº 3 Blq. 2 Esc. 1 Plta/Piso 3 Pta/Letra M, piso 3, puerta M","postal_code":"11540","places":4,"units":3,"registered":"2025-03-26","catastro":"6649801QA3764E0223EB","holder":null,"holder_count":null}},{"type":"Feature","geometry":{"type":"Point","coordinates":[-6.358536,36.778466]},"properties":{"id":"VUT/CA/23573","type":"VUT","group":"Completa","address":"CALLE CALZADA DE LA INFANTA Nº 5 Plta/Piso 0 Pta/Letra A, piso 0, puerta A","postal_code":"11540","places":4,"units":2,"registered":"2025-03-26","catastro":"5837504QA3753H0009XS","holder":null,"holder_count":null}},{"type":"Feature","geometry":{"type":"Point","coordinates":[-6.358536,36.778466]},"properties":{"id":"VUT/CA/23575","type":"VUT","group":"Completa","address":"CALLE CALZADA DE LA INFANTA Nº 5","postal_code":"11540","places":3,"units":2,"registered":"2025-03-26","catastro":"5837504QA3753H0002GT","holder":null,"holder_count":null}},{"type":"Feature","geometry":{"type":"Point","coordinates":[-6.35643,36.773293]},"properties":{"id":"VUT/CA/23583","type":"VUT","group":"Completa","address":"CALLE MOLINILLO Nº 2  17D Esc. 1 Plta/Piso 01 Pta/Letra D, piso 01, puerta D","postal_code":"11540","places":3,"units":2,"registered":"2025-03-26","catastro":"6132809QA3763A0014PQ","holder":null,"holder_count":null}},{"type":"Feature","geometry":{"type":"Point","coordinates":[-6.356655,36.777498]},"properties":{"id":"VUT/CA/23595","type":"VUT","group":"Completa","address":"CALLE SAN JUAN Nº 58 Esc. 1 Plta/Piso ENTREPLANT Pta/Letra DCHA, piso ENTREPLANT, puerta DCHA","postal_code":"11540","places":4,"units":2,"registered":"2025-03-26","catastro":"6037309QA3763E0003GY","holder":"AVANTI CONSULTORIA LOGISTICA SL","holder_count":1}},{"type":"Feature","geometry":{"type":"Point","coordinates":[-6.350314,36.789109]},"properties":{"id":"VUT/CA/23598","type":"VUT","group":"Completa","address":"CALLE SALMEDINA Nº 10","postal_code":"11540","places":7,"units":3,"registered":"2025-03-26","catastro":"6650323QA3765B0001EA","holder":null,"holder_count":null}},{"type":"Feature","geometry":{"type":"Point","coordinates":[-6.320851,36.796857]},"properties":{"id":"VUT/CA/23606","type":"VUT","group":"Por habitaciones","address":"CALLE JUAN DE ACURIO Nº 901 Blq. 2 Esc. 4 Plta/Piso BJ Pta/Letra F Compl.Dom. CALLE DE HANS-MARTIN MIGUEL, piso BJ, puerta F","postal_code":"11540","places":6,"units":2,"registered":"2025-03-26","catastro":"9157903QA3795E0073BO","holder":null,"holder_count":null}},{"type":"Feature","geometry":{"type":"Point","coordinates":[-6.321799,36.790248]},"properties":{"id":"VUT/CA/23617","type":"VUT","group":"Completa","address":"AVENIDA PRINCIPE ALFONSO Nº 20 Esc. 1 Plta/Piso 1 Pta/Letra A Compl.Dom. URB. LAS LOMAS, piso 1, puerta A","postal_code":"11540","places":8,"units":2,"registered":"2025-03-27","catastro":"9051601QA3795A0022QY","holder":null,"holder_count":null}},{"type":"Feature","geometry":{"type":"Point","coordinates":[-6.352022,36.779398]},"properties":{"id":"VUT/CA/23625","type":"VUT","group":"Completa","address":"CALLE Ancha Nº 80 Pta/Letra 1, puerta 1","postal_code":"11540","places":6,"units":2,"registered":"2025-03-27","catastro":"6438516QA3763G0001UX","holder":"Quita Deudas Legal Group S.L.","holder_count":2}},{"type":"Feature","geometry":{"type":"Point","coordinates":[-6.345859,36.784165]},"properties":{"id":"VUT/CA/23639","type":"VUT","group":"Completa","address":"PASAJE SAN SALVADOR Nº 2 Blq. 1 Portal 2 Plta/Piso 2 Pta/Letra D, piso 2, puerta D","postal_code":"11540","places":8,"units":3,"registered":"2025-03-26","catastro":"7044305QA3764D0012KB","holder":null,"holder_count":null}},{"type":"Feature","geometry":{"type":"Point","coordinates":[-6.347425,36.784509]},"properties":{"id":"VUT/CA/23640","type":"VUT","group":"Completa","address":"PLAZA RUBIÑO Blq. 7 Plta/Piso 1 Pta/Letra C, piso 1, puerta C","postal_code":"11540","places":6,"units":3,"registered":"2025-03-26","catastro":"6944213QA3764D0003FF","holder":null,"holder_count":null}},{"type":"Feature","geometry":{"type":"Point","coordinates":[-6.346895,36.784069]},"properties":{"id":"VUT/CA/23641","type":"VUT","group":"Completa","address":"CALLE Rubiños Blq. 39 Plta/Piso 1 Pta/Letra C, piso 1, puerta C","postal_code":"11540","places":8,"units":3,"registered":"2025-03-27","catastro":"6944202QA3764D0008HL","holder":null,"holder_count":null}},{"type":"Feature","geometry":{"type":"Point","coordinates":[-6.352022,36.779398]},"properties":{"id":"VUT/CA/23662","type":"VUT","group":"Completa","address":"CALLE Ancha Nº 80 Plta/Piso B Pta/Letra 1, piso B, puerta 1","postal_code":"11540","places":6,"units":2,"registered":"2025-03-28","catastro":"6438516QA3763G0002IM","holder":"Quita Deudas Legal Group S.L.","holder_count":2}},{"type":"Feature","geometry":{"type":"Point","coordinates":[-6.354313,36.775292]},"properties":{"id":"VUT/CA/23672","type":"VUT","group":"Completa","address":"CALLE MONTE DE PIEDAD Nº 18","postal_code":"11540","places":12,"units":5,"registered":"2025-03-28","catastro":"6234508QA3763C0001RO","holder":null,"holder_count":null}},{"type":"Feature","geometry":{"type":"Point","coordinates":[-6.352875,36.777334]},"properties":{"id":"VUT/CA/23679","type":"VUT","group":"Completa","address":"CALLE CARMEN VIEJO Nº 18 Esc. 3 Plta/Piso 3 Pta/Letra E, piso 3, puerta E","postal_code":"11540","places":6,"units":3,"registered":"2025-03-28","catastro":"6436914QA3763E0022PL","holder":null,"holder_count":null}},{"type":"Feature","geometry":{"type":"Point","coordinates":[-6.358176,36.784885]},"properties":{"id":"VUT/CA/23686","type":"VUT","group":"Completa","address":"AVENIDA CALZADA DUQUESA ISABEL Nº 58 Esc. 9 Plta/Piso 01 Pta/Letra 33 Compl.Dom. CRCO, piso 01, puerta 33","postal_code":"11540","places":7,"units":4,"registered":"2025-03-31","catastro":"5945101QA3754D0176XL","holder":null,"holder_count":null}},{"type":"Feature","geometry":{"type":"Point","coordinates":[-6.352233,36.771009]},"properties":{"id":"VUT/CA/23692","type":"VUT","group":"Completa","address":"CALLE CARRETERIA Nº 19 Plta/Piso 3 Pta/Letra D, piso 3, puerta D","postal_code":"11540","places":4,"units":1,"registered":"2025-03-31","catastro":"6430706qa3762g0024zx","holder":null,"holder_count":null}},{"type":"Feature","geometry":{"type":"Point","coordinates":[-6.374224,36.773025]},"properties":{"id":"VUT/CA/23707","type":"VUT","group":"Completa","address":"CALLE VELERO Nº 46 Plta/Piso 1 Pta/Letra 8, piso 1, puerta 8","postal_code":"11540","places":6,"units":3,"registered":"2025-03-31","catastro":"4531401QA3733B0025TY","holder":null,"holder_count":null}},{"type":"Feature","geometry":{"type":"Point","coordinates":[-6.371125,36.773426]},"properties":{"id":"VUT/CA/23742","type":"VUT","group":"Completa","address":"CALLE BARCO Nº 17","postal_code":"11540","places":3,"units":1,"registered":"2025-03-31","catastro":"4832801QA3743A0024QM","holder":null,"holder_count":null}},{"type":"Feature","geometry":{"type":"Point","coordinates":[-6.362022,36.782226]},"properties":{"id":"VUT/CA/23752","type":"VUT","group":"Completa","address":"CALLE SIMÓN DE ROJAS CLEMENTE Nº 3 Portal 1 Esc. 1 Plta/Piso 0 Pta/Letra H, piso 0, puerta H","postal_code":"11540","places":4,"units":2,"registered":"2025-03-31","catastro":"5542704QA3754B0008JB","holder":null,"holder_count":null}},{"type":"Feature","geometry":{"type":"Point","coordinates":[-6.362022,36.782226]},"properties":{"id":"VUT/CA/23757","type":"VUT","group":"Completa","address":"CALLE SIMÓN DE ROJAS CLEMENTE Nº 3 Portal 1 Esc. 1 Plta/Piso 0 Pta/Letra G Compl.Dom. EDIFICIO DELTA 1, piso 0, puerta G","postal_code":"11540","places":4,"units":2,"registered":"2025-03-31","catastro":"5542704QA3754B0007HL","holder":null,"holder_count":null}},{"type":"Feature","geometry":{"type":"Point","coordinates":[-6.319209,36.798695]},"properties":{"id":"VUT/CA/23765","type":"VUT","group":"Completa","address":"CALLE Juan de Acurio Nº 501 Blq. 3 Plta/Piso Bajo Pta/Letra B Compl.Dom. Urbanización Albatros Golf, piso Bajo, puerta B","postal_code":"11540","places":7,"units":3,"registered":"2025-03-31","catastro":"9260509QA3796A0099QP","holder":null,"holder_count":null}},{"type":"Feature","geometry":{"type":"Point","coordinates":[-6.354698,36.78407]},"properties":{"id":"VUT/CA/23771","type":"VUT","group":"Completa","address":"CALLE PÍO XII Nº 3 Plta/Piso 4 Pta/Letra A, piso 4, puerta A","postal_code":"11540","places":6,"units":4,"registered":"2025-04-01","catastro":"6244640QA3764C0014ED","holder":null,"holder_count":null}},{"type":"Feature","geometry":{"type":"Point","coordinates":[-6.356178,36.773699]},"properties":{"id":"VUT/CA/23784","type":"VUT","group":"Completa","address":"CALLE MOLINILLO PRIMERA Nº 20 Plta/Piso 3 Pta/Letra B Compl.Dom. EDIFICIO LOS MOLINOS, piso 3, puerta B","postal_code":"11540","places":4,"units":2,"registered":"2025-04-01","catastro":"6132405QA3763A0007MB","holder":null,"holder_count":null}},{"type":"Feature","geometry":{"type":"Point","coordinates":[-6.355266,36.778128]},"properties":{"id":"VUT/CA/23804","type":"VUT","group":"Completa","address":"CALLE SAN JUAN Nº 32 Blq. 5 Plta/Piso BJA, piso BJA","postal_code":"11540","places":2,"units":1,"registered":"2025-04-01","catastro":"6138705QA3763G0003GQ","holder":null,"holder_count":null}},{"type":"Feature","geometry":{"type":"Point","coordinates":[-6.329346,36.784162]},"properties":{"id":"VUT/CA/23805","type":"VUT","group":"Completa","address":"CALLE HERMANO FERMIN Nº 1 Esc. 1 Pta/Letra 7-1, puerta 7-1","postal_code":"11540","places":5,"units":2,"registered":"2025-04-01","catastro":"11032A024001510001MQ","holder":"MAROGARIN SL","holder_count":3}},{"type":"Feature","geometry":{"type":"Point","coordinates":[-6.367969,36.776689]},"properties":{"id":"VUT/CA/23820","type":"VUT","group":"Completa","address":"CALLE MIL CUATROCIENTO NOVENTA Y OCHO Nº 10 Blq. 1 Esc. 1 Plta/Piso 0 Pta/Letra B, piso 0, puerta B","postal_code":"11540","places":6,"units":2,"registered":"2025-04-01","catastro":"5236355QA3753E0002YQ","holder":null,"holder_count":null}},{"type":"Feature","geometry":{"type":"Point","coordinates":[-6.370545,36.77105]},"properties":{"id":"VUT/CA/23830","type":"VUT","group":"Completa","address":"CALLE MAR SERENA Nº 14 Compl.Dom. URBANIZACIÓN LOS COLONOS","postal_code":"11540","places":8,"units":4,"registered":"2025-04-01","catastro":"4830823QA3742G0001EB","holder":"BOBI SANLUCAR INMOBILIARIA SL","holder_count":2}},{"type":"Feature","geometry":{"type":"Point","coordinates":[-6.335042,36.791494]},"properties":{"id":"VUT/CA/23835","type":"VUT","group":"Completa","address":"AVENIDA AL-ANDALUS Plta/Piso 2 Pta/Letra B Compl.Dom. EDIFICIO HIBISCOS, ESQUINA CON AVDA 1492, piso 2, puerta B","postal_code":"11540","places":4,"units":3,"registered":"2025-04-01","catastro":"77506G0QA3775B0009JM","holder":null,"holder_count":null}},{"type":"Feature","geometry":{"type":"Point","coordinates":[-6.350136,36.776034]},"properties":{"id":"VUT/CA/23844","type":"VUT","group":"Completa","address":"CALLE GITANOS EDIFICIO CASTILLO SANTIAGO Nº 1 Blq. 3 Plta/Piso BJ, piso BJ","postal_code":"11540","places":8,"units":3,"registered":"2025-04-02","catastro":"6635502QA3763F0019UT","holder":null,"holder_count":null}},{"type":"Feature","geometry":{"type":"Point","coordinates":[-6.354004,36.771998]},"properties":{"id":"VUT/CA/23847","type":"VUT","group":"Completa","address":"CALLE PUERTO Nº 17 Plta/Piso 1 Pta/Letra F, piso 1, puerta F","postal_code":"11540","places":6,"units":2,"registered":"2025-04-02","catastro":"6331211QA3763A0006BL","holder":null,"holder_count":null}},{"type":"Feature","geometry":{"type":"Point","coordinates":[-6.35635,36.780069]},"properties":{"id":"VUT/CA/23849","type":"VUT","group":"Completa","address":"CALLE HERMANO FERMIN Nº 1 Esc. 1 Pta/Letra 7-2, puerta 7-2","postal_code":"11540","places":5,"units":2,"registered":"2025-04-02","catastro":"6040812QA3753B0008JE","holder":"MAROGARIN SL","holder_count":3}},{"type":"Feature","geometry":{"type":"Point","coordinates":[-6.364025,36.776743]},"properties":{"id":"VUT/CA/23857","type":"VUT","group":"Completa","address":"CALLE TEMPLO DEL LUCERO Esc. 1 Plta/Piso ÁTICO Pta/Letra E Compl.Dom. EDIFICIO LUBRICAN, piso ÁTICO, puerta E","postal_code":"11540","places":4,"units":2,"registered":"2025-04-02","catastro":"5233401QA3753E0029PX","holder":null,"holder_count":null}},{"type":"Feature","geometry":{"type":"Point","coordinates":[-6.346263,36.78379]},"properties":{"id":"VUT/CA/23859","type":"VUT","group":"Completa","address":"CALLE SAN SALVADOR EDIFICO EL TESORILLO Nº 14 Plta/Piso 1 Pta/Letra B, piso 1, puerta B","postal_code":"11540","places":6,"units":2,"registered":"2025-04-02","catastro":"6944802QA3764D0005FH","holder":null,"holder_count":null}},{"type":"Feature","geometry":{"type":"Point","coordinates":[-6.342419,36.782318]},"properties":{"id":"VUT/CA/23872","type":"VUT","group":"Completa","address":"AVENIDA PINO ALTO Nº 14 Pta/Letra 7, puerta 7","postal_code":"11540","places":8,"units":3,"registered":"2025-04-02","catastro":"7242611QA3774A0001MS","holder":null,"holder_count":null}},{"type":"Feature","geometry":{"type":"Point","coordinates":[-6.351705,36.781291]},"properties":{"id":"VUT/CA/23873","type":"VUT","group":"Completa","address":"CALLE BOLSA Nº 26 Plta/Piso 1 Pta/Letra F, piso 1, puerta F","postal_code":"11540","places":2,"units":1,"registered":"2025-04-02","catastro":"6641932QA3764B0015HT","holder":null,"holder_count":null}},{"type":"Feature","geometry":{"type":"Point","coordinates":[-6.351756,36.762273]},"properties":{"id":"VUT/CA/23874","type":"VUT","group":"Completa","address":"CALLE JARDINES DEL INFANTE Nº 20","postal_code":"11540","places":10,"units":4,"registered":"2025-04-02","catastro":"6422416QA3762C0020BT","holder":null,"holder_count":null}},{"type":"Feature","geometry":{"type":"Point","coordinates":[-6.364025,36.776743]},"properties":{"id":"VUT/CA/23893","type":"VUT","group":"Completa","address":"CALLE TEMPLO DEL LUCERO Plta/Piso 2 Pta/Letra A Compl.Dom. EDIFICIO LUBRICAN, piso 2, puerta A","postal_code":"11540","places":6,"units":3,"registered":"2025-04-02","catastro":"5233401QA3753E0017QD","holder":null,"holder_count":null}},{"type":"Feature","geometry":{"type":"Point","coordinates":[-6.35382,36.783478]},"properties":{"id":"VUT/CA/23901","type":"VUT","group":"Completa","address":"AVENIDA GUADALQUIVIR Nº 36 Plta/Piso 3 Pta/Letra A, piso 3, puerta A","postal_code":"11540","places":6,"units":3,"registered":"2025-04-03","catastro":"6244633QA3764C0013SS","holder":null,"holder_count":null}},{"type":"Feature","geometry":{"type":"Point","coordinates":[-6.352848,36.775259]},"properties":{"id":"VUT/CA/23902","type":"VUT","group":"Completa","address":"PLAZA PLAZA DE LA PAZ Nº 15 Blq. 3 Esc. 1 Plta/Piso 1 Pta/Letra A, piso 1, puerta A","postal_code":"11540","places":3,"units":1,"registered":"2025-04-03","catastro":"6435805QA3763C0018GM","holder":null,"holder_count":null}},{"type":"Feature","geometry":{"type":"Point","coordinates":[-6.350512,36.786239]},"properties":{"id":"VUT/CA/23930","type":"VUT","group":"Completa","address":"CALLE REAL FERNANDO Nº 4 Blq. 2 Plta/Piso 3 Pta/Letra H, piso 3, puerta H","postal_code":"11540","places":6,"units":3,"registered":"2025-04-03","catastro":"6546403QA3764E0134EW","holder":"LEAD GENERATION COMPANY SPAIN, S.L.","holder_count":8}},{"type":"Feature","geometry":{"type":"Point","coordinates":[-6.394155,36.763276]},"properties":{"id":"VUT/CA/23934","type":"VUT","group":"Por habitaciones","address":"CAMINO Camino Nuestra Señora de la Caridad Nº 2","postal_code":"11540","places":6,"units":3,"registered":"2025-04-03","catastro":"2820205QA3721G0001JK","holder":"HEREDEROS DE M.DEL PRADO","holder_count":1}},{"type":"Feature","geometry":{"type":"Point","coordinates":[-6.357358,36.779063]},"properties":{"id":"VUT/CA/23962","type":"VUT","group":"Completa","address":"AVENIDA DE LA INFANTA Nº 38 Plta/Piso 3 Pta/Letra B, piso 3, puerta B","postal_code":"11540","places":4,"units":1,"registered":"2025-04-04","catastro":"5939291QA3753H0108WF","holder":null,"holder_count":null}},{"type":"Feature","geometry":{"type":"Point","coordinates":[-6.35361,36.773243]},"properties":{"id":"VUT/CA/23984","type":"VUT","group":"Completa","address":"CALLE pozo amarguillo Nº 33 Plta/Piso 2 Pta/Letra b, piso 2, puerta b","postal_code":"11540","places":4,"units":2,"registered":"2025-04-04","catastro":"6332713QA3763A0010KB","holder":null,"holder_count":null}},{"type":"Feature","geometry":{"type":"Point","coordinates":[-6.362245,36.78218]},"properties":{"id":"VUT/CA/24005","type":"VUT","group":"Completa","address":"CALLE COMANDANTE FRANCISCO ALMADAN Plta/Piso 1 Compl.Dom. PASEO MARÍTIMO SANLÚCAR DE BARRAMEDA, piso 1","postal_code":"11540","places":6,"units":3,"registered":"2025-04-07","catastro":"5542705QA3754B0005MJ","holder":null,"holder_count":null}},{"type":"Feature","geometry":{"type":"Point","coordinates":[-6.351028,36.785039]},"properties":{"id":"VUT/CA/24018","type":"VUT","group":"Completa","address":"AVENIDA TARTESO 3 Nº 3 Blq. 2 Esc. 2 Plta/Piso 2 Pta/Letra D, piso 2, puerta D","postal_code":"11540","places":6,"units":2,"registered":"2025-04-08","catastro":"6545101QA3764F0057TW","holder":null,"holder_count":null}},{"type":"Feature","geometry":{"type":"Point","coordinates":[-6.349284,36.780367]},"properties":{"id":"VUT/CA/24024","type":"VUT","group":"Completa","address":"CALLE FARIÑAS Nº 43","postal_code":"11540","places":15,"units":7,"registered":"2025-04-08","catastro":"6640808QA3763H0001XI","holder":"LEAD GENERATION COMPANY SPAIN, S.L.","holder_count":8}},{"type":"Feature","geometry":{"type":"Point","coordinates":[-6.353305,36.77735]},"properties":{"id":"VUT/CA/24032","type":"VUT","group":"Completa","address":"CALLE CARMEN VIEJO Nº 8 Esc. 1 Plta/Piso 3 Pta/Letra 3, piso 3, puerta 3","postal_code":"11540","places":6,"units":3,"registered":"2025-04-03","catastro":"6436911QA3763E0113EH","holder":null,"holder_count":null}},{"type":"Feature","geometry":{"type":"Point","coordinates":[-6.353834,36.774341]},"properties":{"id":"VUT/CA/24035","type":"VUT","group":"Completa","address":"CALLE TRILLO Nº 10 Plta/Piso ATICO Pta/Letra B, piso ATICO, puerta B","postal_code":"11540","places":5,"units":2,"registered":"2025-04-10","catastro":"6333408QA3763C0013LK","holder":null,"holder_count":null}},{"type":"Feature","geometry":{"type":"Point","coordinates":[-6.365555,36.779015]},"properties":{"id":"VUT/CA/24040","type":"VUT","group":"Completa","address":"CALLE SIMON DE ROJAS CLEMENTE Nº 89","postal_code":"11540","places":12,"units":4,"registered":"2025-04-11","catastro":"5238618QA3753G0001OK","holder":null,"holder_count":null}},{"type":"Feature","geometry":{"type":"Point","coordinates":[-6.350995,36.789391]},"properties":{"id":"VUT/CA/24060","type":"VUT","group":"Completa","address":"CALLE PORTICO BAJO DE GUIA Nº 22","postal_code":"11540","places":4,"units":2,"registered":"2025-04-15","catastro":"6550810QA3764G0001PH","holder":"GATE RENTALS, S.L.","holder_count":12}},{"type":"Feature","geometry":{"type":"Point","coordinates":[-6.353115,36.78606]},"properties":{"id":"VUT/CA/24085","type":"VUT","group":"Completa","address":"CALLE PINTOR ZURBARAN Nº 2","postal_code":"11540","places":6,"units":4,"registered":"2025-04-21","catastro":"6345401QA3764E0001GZ","holder":null,"holder_count":null}},{"type":"Feature","geometry":{"type":"Point","coordinates":[-6.350517,36.779497]},"properties":{"id":"VUT/CA/24108","type":"VUT","group":"Completa","address":"CALLE Fariñas 11 Nº 11 Plta/Piso 1 Pta/Letra 15, piso 1, puerta 15","postal_code":"11540","places":5,"units":2,"registered":"2025-04-23","catastro":"6639307QA3763H0015FL","holder":null,"holder_count":null}},{"type":"Feature","geometry":{"type":"Point","coordinates":[-6.318113,36.791961]},"properties":{"id":"VUT/CA/24133","type":"VUT","group":"Por habitaciones","address":"CALLE MARINERO ANTONIO HERNANDEZ Nº 12","postal_code":"11540","places":4,"units":2,"registered":"2025-03-20","catastro":"9353706QA3795C0001ZO","holder":null,"holder_count":null}},{"type":"Feature","geometry":{"type":"Point","coordinates":[-6.353427,36.783461]},"properties":{"id":"VUT/CA/24170","type":"VUT","group":"Completa","address":"CALLE Mar Menor Nº 5 Blq. 1 Esc. 1 Plta/Piso A, piso A","postal_code":"11540","places":6,"units":3,"registered":"2025-05-05","catastro":"6244629QA3764C0001JE","holder":null,"holder_count":null}},{"type":"Feature","geometry":{"type":"Point","coordinates":[-6.350507,36.782159]},"properties":{"id":"VUT/CA/24175","type":"VUT","group":"Completa","address":"CALLE Bolsa Nº 78 Plta/Piso 3 Compl.Dom. Ático, piso 3","postal_code":"11540","places":6,"units":2,"registered":"2025-05-05","catastro":"6641953QA3764B0008OQ","holder":null,"holder_count":null}},{"type":"Feature","geometry":{"type":"Point","coordinates":[-6.353319,36.780125]},"properties":{"id":"VUT/CA/24187","type":"VUT","group":"Completa","address":"CALLE BOLSA Nº 31 Esc. 1 Plta/Piso 2 Pta/Letra 3, piso 2, puerta 3","postal_code":"11540","places":4,"units":1,"registered":"2025-05-07","catastro":"6340815QA3763G0102JE","holder":null,"holder_count":null}},{"type":"Feature","geometry":{"type":"Point","coordinates":[-6.358696,36.762553]},"properties":{"id":"VUT/CA/24196","type":"VUT","group":"Completa","address":"CALLE Andalucia Nº 15","postal_code":"11540","places":6,"units":2,"registered":"2025-05-08","catastro":"5919915QA3751H0001AH","holder":null,"holder_count":null}},{"type":"Feature","geometry":{"type":"Point","coordinates":[-6.345482,36.788116]},"properties":{"id":"VUT/CA/24219","type":"VUT","group":"Completa","address":"CALLE DEL TOYO Nº 13","postal_code":"11540","places":6,"units":2,"registered":"2025-05-13","catastro":"7049215QA3764H0001WW","holder":null,"holder_count":null}},{"type":"Feature","geometry":{"type":"Point","coordinates":[-6.354609,36.777668]},"properties":{"id":"VUT/CA/24246","type":"VUT","group":"Completa","address":"CALLE TORNO-EDIFICIOANDALUCIA II Nº 20 Plta/Piso 1 Pta/Letra C, piso 1, puerta C","postal_code":"11540","places":5,"units":3,"registered":"2025-05-15","catastro":"6237515QA3763E0004SU","holder":null,"holder_count":null}},{"type":"Feature","geometry":{"type":"Point","coordinates":[-6.349091,36.788592]},"properties":{"id":"VUT/CA/24276","type":"VUT","group":"Completa","address":"CALLE ROSA DE LOS VIENTOS Nº 3 Esc. 1 Plta/Piso 2 Pta/Letra H, piso 2, puerta H","postal_code":"11540","places":4,"units":2,"registered":"2025-05-21","catastro":"6649801QA3764E0184BF","holder":"HOLIDAY ALYMA S.L","holder_count":3}},{"type":"Feature","geometry":{"type":"Point","coordinates":[-6.353273,36.783488]},"properties":{"id":"VUT/CA/24284","type":"VUT","group":"Completa","address":"CALLE MAR MENOR Blq. 3 Plta/Piso BAJA Pta/Letra F Compl.Dom. EDIFICIO MAR-D-3, piso BAJA, puerta F","postal_code":"11540","places":6,"units":2,"registered":"2025-05-21","catastro":"6244630QA3764C0002MR","holder":null,"holder_count":null}},{"type":"Feature","geometry":{"type":"Point","coordinates":[-6.353273,36.783488]},"properties":{"id":"VUT/CA/24294","type":"VUT","group":"Completa","address":"CALLE MAR MENOR EDIFICIO MAR D3 Plta/Piso 1 Pta/Letra F, piso 1, puerta F","postal_code":"11540","places":6,"units":2,"registered":"2025-05-22","catastro":"6244630QA3764C0004WY","holder":null,"holder_count":null}},{"type":"Feature","geometry":{"type":"Point","coordinates":[-6.352982,36.77541]},"properties":{"id":"VUT/CA/24303","type":"VUT","group":"Completa","address":"PLAZA DE LA PAZ Nº 11 Portal 1 Plta/Piso 2 Pta/Letra A, piso 2, puerta A","postal_code":"11540","places":4,"units":2,"registered":"2025-05-22","catastro":"6435808QA3763C0016JZ","holder":null,"holder_count":null}},{"type":"Feature","geometry":{"type":"Point","coordinates":[-6.358176,36.784885]},"properties":{"id":"VUT/CA/24304","type":"VUT","group":"Completa","address":"CALLE Calzada Duquesa Isabel Nº 58 Esc. 1 Pta/Letra 1, puerta 1","postal_code":"11540","places":2,"units":2,"registered":"2025-05-23","catastro":"5945101QA3754D0429XL","holder":null,"holder_count":null}},{"type":"Feature","geometry":{"type":"Point","coordinates":[-6.346295,36.767814]},"properties":{"id":"VUT/CA/24316","type":"VUT","group":"Completa","address":"CALLE JOAQUIN TAURINA Nº 4 Esc. 1 Plta/Piso 2, piso 2","postal_code":"11540","places":5,"units":3,"registered":"2025-05-23","catastro":"7026902QA3772E0005BK","holder":null,"holder_count":null}},{"type":"Feature","geometry":{"type":"Point","coordinates":[-6.323832,36.793074]},"properties":{"id":"VUT/CA/24450","type":"VUT","group":"Completa","address":"CALLE MIGUEL DE RODAS Nº 2 Pta/Letra 13 Compl.Dom. RESIDENCIAL DOÑANA GOLF, puerta 13","postal_code":"11540","places":6,"units":2,"registered":"2025-06-04","catastro":"8954129QA3785D0013AM","holder":null,"holder_count":null}},{"type":"Feature","geometry":{"type":"Point","coordinates":[-6.357769,36.777873]},"properties":{"id":"VUT/CA/24475","type":"VUT","group":"Completa","address":"CALLE Banda Playa Nº 107 Esc. 1 Plta/Piso 2 Pta/Letra 01, piso 2, puerta 01","postal_code":"11540","places":2,"units":2,"registered":"2025-06-06","catastro":"6037422QA3753F0003DA","holder":null,"holder_count":null}},{"type":"Feature","geometry":{"type":"Point","coordinates":[-6.349444,36.779889]},"properties":{"id":"VUT/CA/24479","type":"VUT","group":"Completa","address":"CALLE ALCOBA Nº 17 Portal 2 Plta/Piso 2 Pta/Letra A Compl.Dom. EDIFICIO MARBEA, piso 2, puerta A","postal_code":"11540","places":4,"units":2,"registered":"2025-06-06","catastro":"6739322QA3763H0054XM","holder":null,"holder_count":null}},{"type":"Feature","geometry":{"type":"Point","coordinates":[-6.354853,36.781686]},"properties":{"id":"VUT/CA/24508","type":"VUT","group":"Completa","address":"CALLE Juan XXIII Nº 1","postal_code":"11540","places":11,"units":6,"registered":"2025-06-10","catastro":"6141504QA3764A0001LI","holder":null,"holder_count":null}},{"type":"Feature","geometry":{"type":"Point","coordinates":[-6.352586,36.777834]},"properties":{"id":"VUT/CA/24534","type":"VUT","group":"Completa","address":"CALLE ZARATE Nº 9","postal_code":"11540","places":3,"units":2,"registered":"2025-06-11","catastro":"6437516QA3763E0001WR","holder":null,"holder_count":null}},{"type":"Feature","geometry":{"type":"Point","coordinates":[-6.353036,36.784707]},"properties":{"id":"VUT/CA/24554","type":"VUT","group":"Completa","address":"CALLE CAPITÁN Nº 9","postal_code":"11540","places":6,"units":3,"registered":"2025-06-13","catastro":"6345512QA3764C0001XE","holder":null,"holder_count":null}},{"type":"Feature","geometry":{"type":"Point","coordinates":[-6.363174,36.768993]},"properties":{"id":"VUT/CA/24560","type":"VUT","group":"Completa","address":"CAMINO ROMPECERONES Nº S/N Compl.Dom. RESIDENCIAL LOS ANSARES, Nº7","postal_code":"11540","places":5,"units":3,"registered":"2025-06-13","catastro":"5426706QA3752E0007GS","holder":"HOLIDAY ALYMA S.L","holder_count":3}},{"type":"Feature","geometry":{"type":"Point","coordinates":[-6.354547,36.750288]},"properties":{"id":"VUT/CA/24603","type":"VUT","group":"Completa","address":"CALLE CAMINO DE ROTA Nº 28","postal_code":"11550","places":12,"units":5,"registered":"2025-06-16","catastro":"11032A014001340000XE","holder":null,"holder_count":null}},{"type":"Feature","geometry":{"type":"Point","coordinates":[-6.355044,36.785335]},"properties":{"id":"VUT/CA/24608","type":"VUT","group":"Completa","address":"PLAZA LAS COPLAS Nº 11 Calif.Nº 53","postal_code":"11540","places":8,"units":3,"registered":"2025-06-16","catastro":"6247766qa3764e0001iz","holder":null,"holder_count":null}},{"type":"Feature","geometry":{"type":"Point","coordinates":[-6.363174,36.768993]},"properties":{"id":"VUT/CA/24652","type":"VUT","group":"Completa","address":"CALLE ROMPECERONES Nº S/N Compl.Dom. CAMINO ROMPECERONES, RESIDENCIAL LOS ANSARES, Nº 19","postal_code":"11540","places":7,"units":5,"registered":"2025-06-26","catastro":"5426706QA3752E0019QZ","holder":"HOLIDAY ALYMA S.L","holder_count":3}},{"type":"Feature","geometry":{"type":"Point","coordinates":[-6.363174,36.768993]},"properties":{"id":"VUT/CA/24653","type":"VUT","group":"Completa","address":"CAMINO ROMPECERONES Nº S/N Compl.Dom. CAMINO ROMPECERONES, RESIDECNCIAL LOS ANSARES Nº 25","postal_code":"11540","places":7,"units":5,"registered":"2025-06-19","catastro":"5426706QA3752E0025RQ","holder":"HOLIDAY ALYMA","holder_count":1}},{"type":"Feature","geometry":{"type":"Point","coordinates":[-6.372724,36.769946]},"properties":{"id":"VUT/CA/24657","type":"VUT","group":"Completa","address":"CALLE COLONOS DEL MAR Nº 32 Compl.Dom. CALLE COLONOS DEL MAR Nº 32 ( EN EL CATASTRO Nº 24). Sanlúcar de Barrameda","postal_code":"11540","places":2,"units":4,"registered":"2025-06-19","catastro":"4628134QA3742G0001XB","holder":null,"holder_count":null}},{"type":"Feature","geometry":{"type":"Point","coordinates":[-6.352619,36.779817]},"properties":{"id":"VUT/CA/24687","type":"VUT","group":"Completa","address":"CALLE DE LAS CRUCES Nº 13 Plta/Piso 2, piso 2","postal_code":"11540","places":8,"units":4,"registered":"2025-06-22","catastro":"6439205QA3763G0003XQ","holder":null,"holder_count":null}},{"type":"Feature","geometry":{"type":"Point","coordinates":[-6.361193,36.776056]},"properties":{"id":"VUT/CA/24688","type":"VUT","group":"Por habitaciones","address":"CALLE BANDA PLAYA Nº 145 Plta/Piso 1 Pta/Letra C, piso 1, puerta C","postal_code":"11540","places":4,"units":2,"registered":"2025-06-23","catastro":"5735616QA3753F0006PF","holder":null,"holder_count":null}},{"type":"Feature","geometry":{"type":"Point","coordinates":[-6.357257,36.777214]},"properties":{"id":"VUT/CA/24708","type":"VUT","group":"Completa","address":"CALLE Calzada de la Infanta Nº 8 Plta/Piso 1, piso 1","postal_code":"11540","places":6,"units":3,"registered":"2025-06-24","catastro":"6037315QA3763E4003AZ","holder":null,"holder_count":null}},{"type":"Feature","geometry":{"type":"Point","coordinates":[-6.357257,36.777214]},"properties":{"id":"VUT/CA/24709","type":"VUT","group":"Completa","address":"CALLE Calzada de la Infanta Nº 8 Plta/Piso bajo, piso bajo","postal_code":"11540","places":4,"units":2,"registered":"2025-06-24","catastro":"6037315QA3763E4002PB","holder":null,"holder_count":null}},{"type":"Feature","geometry":{"type":"Point","coordinates":[-6.33609,36.772574]},"properties":{"id":"VUT/CA/24712","type":"VUT","group":"Completa","address":"CALLE Marquez de Santillana Nº 19","postal_code":"11540","places":6,"units":3,"registered":"2025-06-26","catastro":"7831106QA3773B0002DT","holder":null,"holder_count":null}},{"type":"Feature","geometry":{"type":"Point","coordinates":[-6.370961,36.775261]},"properties":{"id":"VUT/CA/24713","type":"VUT","group":"Completa","address":"CALLE CRUCERO, CONJUNTO RESIDENCIAL CASTILLO ESPIRITU SANTO Nº S/N Plta/Piso BJ1 Pta/Letra 8, piso BJ1, puerta 8","postal_code":"11540","places":2,"units":2,"registered":"2025-06-24","catastro":"4832321QA3743A0046IH","holder":null,"holder_count":null}},{"type":"Feature","geometry":{"type":"Point","coordinates":[-6.351361,36.781821]},"properties":{"id":"VUT/CA/24721","type":"VUT","group":"Completa","address":"CALLE bolsa Nº 75 Esc. 1 Plta/Piso 00 Pta/Letra 01, piso 00, puerta 01","postal_code":"11540","places":6,"units":3,"registered":"2025-06-24","catastro":"6542817QA3764B0004TB","holder":null,"holder_count":null}},{"type":"Feature","geometry":{"type":"Point","coordinates":[-6.359773,36.782016]},"properties":{"id":"VUT/CA/24731","type":"VUT","group":"Completa","address":"CALLE LUISA DE GUZMAN Nº 29 Calif.Nº B Esc. 3 Plta/Piso C Compl.Dom. EDIFICIO ISRRAEL, piso C","postal_code":"11540","places":4,"units":2,"registered":"2025-06-25","catastro":"5742704QA3754B0018IR","holder":"LA CASA DE MARIQUITA TRASQUILA HOLDING S.L.U","holder_count":1}},{"type":"Feature","geometry":{"type":"Point","coordinates":[-6.352986,36.779955]},"properties":{"id":"VUT/CA/24733","type":"VUT","group":"Completa","address":"CALLE bolsa Nº 26 Plta/Piso 2 Pta/Letra 18, piso 2, puerta 18","postal_code":"11540","places":8,"units":3,"registered":"2025-06-25","catastro":"6439220QA3763G0018MD","holder":null,"holder_count":null}},{"type":"Feature","geometry":{"type":"Point","coordinates":[-6.345441,36.77612]},"properties":{"id":"VUT/CA/24790","type":"VUT","group":"Completa","address":"CALLE JOSE RODRIGUEZ DEL MORAL Nº 1","postal_code":"11540","places":8,"units":3,"registered":"2025-06-27","catastro":"72358B2QA3773E0001FI","holder":null,"holder_count":null}},{"type":"Feature","geometry":{"type":"Point","coordinates":[-6.357837,36.777492]},"properties":{"id":"VUT/CA/24813","type":"VUT","group":"Completa","address":"CALLE PADRE ALDAMA Y PROAÑO Nº 2 Esc. 1 Plta/Piso 1 Pta/Letra 20, piso 1, puerta 20","postal_code":"11540","places":6,"units":3,"registered":"2025-06-30","catastro":"5937808QA3753F0056WE","holder":null,"holder_count":null}},{"type":"Feature","geometry":{"type":"Point","coordinates":[-6.354184,36.749853]},"properties":{"id":"VUT/CA/24824","type":"VUT","group":"Completa","address":"AVENIDA DE ROTA Nº 28","postal_code":"11540","places":12,"units":5,"registered":"2025-06-30","catastro":"11032A014000340001MM","holder":null,"holder_count":null}},{"type":"Feature","geometry":{"type":"Point","coordinates":[-6.357901,36.778485]},"properties":{"id":"VUT/CA/24828","type":"VUT","group":"Completa","address":"PLAZA DE LAS INFANTAS Nº 124 Plta/Piso BAJO Pta/Letra 2-1 Compl.Dom. EDIF. INFANTA MARIA LUISA, piso BAJO, puerta 2-1","postal_code":"11540","places":4,"units":1,"registered":"2025-06-30","catastro":"5939294QA3753H0124HQ","holder":"FARO REAL INMOBILIARIA SL","holder_count":3}},{"type":"Feature","geometry":{"type":"Point","coordinates":[-6.357901,36.778485]},"properties":{"id":"VUT/CA/24831","type":"VUT","group":"Completa","address":"PLAZA DE LAS INFANTAS Nº 124 Plta/Piso BJ Pta/Letra 2-2 Compl.Dom. EDIF. INFANTA MARIA LUISA, piso BJ, puerta 2-2","postal_code":"11540","places":4,"units":1,"registered":"2025-06-30","catastro":"5939294QA3753H0124HQ","holder":"FARO REAL INMOBILIARIA SL","holder_count":3}},{"type":"Feature","geometry":{"type":"Point","coordinates":[-6.360665,36.776804]},"properties":{"id":"VUT/CA/24840","type":"VUT","group":"Completa","address":"CALLE DE LAS MOLUCAS Nº 1A Plta/Piso 1º Pta/Letra A, piso 1º, puerta A","postal_code":"11540","places":4,"units":2,"registered":"2025-06-30","catastro":"5736839QA3753F0029OI","holder":null,"holder_count":null}},{"type":"Feature","geometry":{"type":"Point","coordinates":[-6.393552,36.760375]},"properties":{"id":"VUT/CA/24845","type":"VUT","group":"Completa","address":"PASEO DE LA REYERTA Nº 3 Compl.Dom. FINCA LA ARBOLEA","postal_code":"11540","places":6,"units":2,"registered":"2025-07-01","catastro":"11032A017000580000XX","holder":null,"holder_count":null}},{"type":"Feature","geometry":{"type":"Point","coordinates":[-6.360665,36.776804]},"properties":{"id":"VUT/CA/24851","type":"VUT","group":"Completa","address":"CALLE LAS MOLUCAS Nº 1A Portal 1A Plta/Piso 1 Pta/Letra B, piso 1, puerta B","postal_code":"11540","places":4,"units":4,"registered":"2025-07-01","catastro":"5736839QA3753F0030UY","holder":null,"holder_count":null}},{"type":"Feature","geometry":{"type":"Point","coordinates":[-6.357901,36.778485]},"properties":{"id":"VUT/CA/24855","type":"VUT","group":"Completa","address":"PLAZA DE LAS INFANTAS Nº 124 Pta/Letra 2-7 Compl.Dom. EDIF. INFANTA MARIA LUISA, puerta 2-7","postal_code":"11540","places":4,"units":1,"registered":"2025-07-01","catastro":"5939294QA3753H0210IH","holder":"FARO REAL INMOBILIARIA SL","holder_count":3}},{"type":"Feature","geometry":{"type":"Point","coordinates":[-6.349002,36.770727]},"properties":{"id":"VUT/CA/24859","type":"VUT","group":"Completa","address":"AVENIDA GODOY Nº 4 Blq. 4 Plta/Piso 4 Pta/Letra 14, piso 4, puerta 14","postal_code":"11540","places":4,"units":3,"registered":"2025-07-01","catastro":"6729501QA3762H0015JW","holder":null,"holder_count":null}},{"type":"Feature","geometry":{"type":"Point","coordinates":[-6.354359,36.779602]},"properties":{"id":"VUT/CA/24865","type":"VUT","group":"Completa","address":"CALLE ALONSO NUÑEZ Nº 1 Portal 1 Plta/Piso 1 Pta/Letra A, piso 1, puerta A","postal_code":"11540","places":6,"units":2,"registered":"2025-07-02","catastro":"6239602QA3763G0008OY","holder":null,"holder_count":null}},{"type":"Feature","geometry":{"type":"Point","coordinates":[-6.363174,36.768993]},"properties":{"id":"VUT/CA/24868","type":"VUT","group":"Completa","address":"CAMINO ROMPESERONES Nº SN","postal_code":"11540","places":7,"units":5,"registered":"2025-07-03","catastro":"5426706QA3752E0029IT","holder":"HOLYDAY ALYMA, S.L.","holder_count":4}},{"type":"Feature","geometry":{"type":"Point","coordinates":[-6.352848,36.775259]},"properties":{"id":"VUT/CA/24899","type":"VUT","group":"Completa","address":"PLAZA DE LA PAZ CONJUNTO RESIDENCIAL PLAZA ALTA Nº 15 Blq. 3 Plta/Piso 1 Pta/Letra A, piso 1, puerta A","postal_code":"11540","places":4,"units":2,"registered":"2025-07-07","catastro":"6435805QA3763C0018GM","holder":null,"holder_count":null}},{"type":"Feature","geometry":{"type":"Point","coordinates":[-6.323832,36.793074]},"properties":{"id":"VUT/CA/24902","type":"VUT","group":"Completa","address":"CALLE MIGUEL DE RODAS Nº 2 Plta/Piso 1 Pta/Letra 25 Compl.Dom. RESIDENCIAL DOÑANA GOLG, piso 1, puerta 25","postal_code":"11540","places":6,"units":2,"registered":"2025-07-07","catastro":"8954129QA3785D0025BO","holder":null,"holder_count":null}},{"type":"Feature","geometry":{"type":"Point","coordinates":[-6.319209,36.798695]},"properties":{"id":"VUT/CA/24903","type":"VUT","group":"Completa","address":"CALLE JUAN DE ACURIO Nº 501 Blq. 7 Esc. 1 Plta/Piso 2 Pta/Letra F Compl.Dom. URB ALBATROS GOLF, piso 2, puerta F","postal_code":"11540","places":5,"units":2,"registered":"2025-07-07","catastro":"9260509QA3796A0144PL","holder":null,"holder_count":null}},{"type":"Feature","geometry":{"type":"Point","coordinates":[-6.323832,36.793074]},"properties":{"id":"VUT/CA/24906","type":"VUT","group":"Completa","address":"CALLE MIGUEL DE RODAS Nº 2 Pta/Letra 29 Compl.Dom. RESIDENCIAL DOÑANA GOLF, puerta 29","postal_code":"11540","places":4,"units":2,"registered":"2025-07-08","catastro":"8954129QA3785D0029QD","holder":null,"holder_count":null}},{"type":"Feature","geometry":{"type":"Point","coordinates":[-6.353458,36.780003]},"properties":{"id":"VUT/CA/24907","type":"VUT","group":"Completa","address":"CALLE LA BOLSA Nº 29 Pta/Letra 6, puerta 6","postal_code":"11540","places":4,"units":1,"registered":"2025-07-08","catastro":"6340805QA3763G0001LX","holder":null,"holder_count":null}},{"type":"Feature","geometry":{"type":"Point","coordinates":[-6.355598,36.774925]},"properties":{"id":"VUT/CA/24911","type":"VUT","group":"Completa","address":"CALLE Ganado Nº 26 Plta/Piso 2, piso 2","postal_code":"11540","places":3,"units":2,"registered":"2025-07-08","catastro":"6133729QA3753D0002DG","holder":null,"holder_count":null}},{"type":"Feature","geometry":{"type":"Point","coordinates":[-6.344178,36.785283]},"properties":{"id":"VUT/CA/24944","type":"VUT","group":"Completa","address":"AVENIDA HUELVA (DE) Nº 1 Plta/Piso 1 Compl.Dom. EDIFICIO VIRGEN DEL ROCÍO, piso 1","postal_code":"11540","places":7,"units":3,"registered":"2025-07-15","catastro":"7046542QA3774E0002QE","holder":null,"holder_count":null}},{"type":"Feature","geometry":{"type":"Point","coordinates":[-6.350064,36.789858]},"properties":{"id":"VUT/CA/24951","type":"VUT","group":"Completa","address":"BARRIADA BAJO DE GUIA Nº 40","postal_code":"11540","places":4,"units":1,"registered":"2025-07-16","catastro":"6650341QA3765B0001LA","holder":"GRUPO HERRERA CRUSSET, SL","holder_count":1}},{"type":"Feature","geometry":{"type":"Point","coordinates":[-6.350898,36.7825]},"properties":{"id":"VUT/CA/24993","type":"VUT","group":"Completa","address":"CALLE TRASBOLSA Nº 46 Plta/Piso 1 Pta/Letra I, piso 1, puerta I","postal_code":"11540","places":2,"units":1,"registered":"2025-07-22","catastro":"6542831QA3764B0008SQ","holder":null,"holder_count":null}},{"type":"Feature","geometry":{"type":"Point","coordinates":[-6.349808,36.783168]},"properties":{"id":"VUT/CA/24997","type":"VUT","group":"Completa","address":"CALLE Bolsa Nº 127 Plta/Piso Baja Pta/Letra C, piso Baja, puerta C","postal_code":"11540","places":6,"units":2,"registered":"2025-07-23","catastro":"6643912QA3764D0018KE","holder":null,"holder_count":null}},{"type":"Feature","geometry":{"type":"Point","coordinates":[-6.354894,36.785765]},"properties":{"id":"VUT/CA/25028","type":"VUT","group":"Completa","address":"CALLE ZARZAMORA Nº 21 Compl.Dom. ZARZAMORA 21","postal_code":"11540","places":4,"units":2,"registered":"2025-07-28","catastro":"6247780QA3764E0001AZ","holder":null,"holder_count":null}},{"type":"Feature","geometry":{"type":"Point","coordinates":[-6.351361,36.781821]},"properties":{"id":"VUT/CA/25036","type":"VUT","group":"Completa","address":"CALLE bolsa Nº 75 Esc. 1 Plta/Piso 00 Pta/Letra 01º, piso 00, puerta 01º","postal_code":"11540","places":6,"units":3,"registered":"2025-07-29","catastro":"6542817QA3764B0004TB","holder":null,"holder_count":null}},{"type":"Feature","geometry":{"type":"Point","coordinates":[-6.348495,36.787306]},"properties":{"id":"VUT/CA/25054","type":"VUT","group":"Completa","address":"AVENIDA manzanilla Nº 9 Blq. 2 Plta/Piso bajo Pta/Letra H, piso bajo, puerta H","postal_code":"11540","places":2,"units":2,"registered":"2025-08-01","catastro":"6748701QA3764E0179QS","holder":null,"holder_count":null}},{"type":"Feature","geometry":{"type":"Point","coordinates":[-6.351104,36.787087]},"properties":{"id":"VUT/CA/25059","type":"VUT","group":"Completa","address":"CALLE Albatros Nº 1 Esc. 1 Plta/Piso 2 Pta/Letra F, piso 2, puerta F","postal_code":"11540","places":2,"units":3,"registered":"2025-08-03","catastro":"6546401QA3764E0161EB","holder":null,"holder_count":null}},{"type":"Feature","geometry":{"type":"Point","coordinates":[-6.363113,36.779779]},"properties":{"id":"VUT/CA/25063","type":"VUT","group":"Completa","address":"CALLE La Milagrosa Nº sn","postal_code":"11540","places":5,"units":3,"registered":"2025-08-04","catastro":"5438407QA3753G0001TK","holder":null,"holder_count":null}},{"type":"Feature","geometry":{"type":"Point","coordinates":[-6.36063,36.772179]},"properties":{"id":"VUT/CA/25071","type":"VUT","group":"Por habitaciones","address":"CALLE FRAY ISIDORO DE SEVILLA Nº 3 Plta/Piso 5, piso 5","postal_code":"11540","places":3,"units":1,"registered":"2025-08-05","catastro":"5730252QA3753B0057FF","holder":null,"holder_count":null}},{"type":"Feature","geometry":{"type":"Point","coordinates":[-6.35589,36.778125]},"properties":{"id":"VUT/CA/25123","type":"VUT","group":"Completa","address":"CALLE PÉREZ GALDOS Nº 4","postal_code":"11540","places":10,"units":5,"registered":"2025-08-15","catastro":"6138710QA3763G0005SE","holder":null,"holder_count":null}},{"type":"Feature","geometry":{"type":"Point","coordinates":[-6.357382,36.777531]},"properties":{"id":"VUT/CA/25129","type":"VUT","group":"Por habitaciones","address":"CALLE DE LA PLATA Nº 33 Plta/Piso BAJO, piso BAJO","postal_code":"11540","places":2,"units":3,"registered":"2025-08-18","catastro":"6037317QA3763E0001SR","holder":null,"holder_count":null}},{"type":"Feature","geometry":{"type":"Point","coordinates":[-6.357382,36.777531]},"properties":{"id":"VUT/CA/25130","type":"VUT","group":"Por habitaciones","address":"CALLE DE LA PLATA Nº 33 Plta/Piso PRIMERA, piso PRIMERA","postal_code":"11540","places":2,"units":3,"registered":"2025-08-18","catastro":"6037317QA3763E0001SR","holder":null,"holder_count":null}},{"type":"Feature","geometry":{"type":"Point","coordinates":[-6.354925,36.784221]},"properties":{"id":"VUT/CA/25155","type":"VUT","group":"Completa","address":"CALLE CERRO FALON Nº 34 Plta/Piso 5 Pta/Letra B Compl.Dom. EN ESCRITURAS Y CATASTRO APARECE Nº 30 ESC 2, PERO REALMENTE ES EL NUMERO 34., piso 5, puerta B","postal_code":"11540","places":5,"units":3,"registered":"2025-08-25","catastro":"6244641QA3764C0060BZ","holder":null,"holder_count":null}},{"type":"Feature","geometry":{"type":"Point","coordinates":[-6.358771,36.778741]},"properties":{"id":"VUT/CA/25156","type":"VUT","group":"Completa","address":"CALLE CALZADA DE LA INFANTA Nº 25 Plta/Piso BAJO Pta/Letra 2, piso BAJO, puerta 2","postal_code":"11540","places":6,"units":2,"registered":"2025-08-25","catastro":"5837502QA3753H0002BT","holder":null,"holder_count":null}},{"type":"Feature","geometry":{"type":"Point","coordinates":[-6.353458,36.780003]},"properties":{"id":"VUT/CA/25192","type":"VUT","group":"Completa","address":"CALLE Bolsa Nº 29 Plta/Piso 1 Pta/Letra 10, piso 1, puerta 10","postal_code":"11540","places":5,"units":1,"registered":"2025-09-01","catastro":"6340805QA3763G0010WT","holder":null,"holder_count":null}},{"type":"Feature","geometry":{"type":"Point","coordinates":[-6.350945,36.789347]},"properties":{"id":"VUT/CA/25198","type":"VUT","group":"Completa","address":"CALLE PORTICO BAJO GUIA Nº 22","postal_code":"11540","places":6,"units":3,"registered":"2025-09-03","catastro":"6550811QA3764G0001LH","holder":null,"holder_count":null}},{"type":"Feature","geometry":{"type":"Point","coordinates":[-6.350152,36.78217]},"properties":{"id":"VUT/CA/25212","type":"VUT","group":"Completa","address":"CALLE BOLSA Nº 84 Blq. 1 Portal 84 Plta/Piso ÁTICO Pta/Letra D, piso ÁTICO, puerta D","postal_code":"11540","places":4,"units":2,"registered":"2025-09-07","catastro":"6641960QA3764B0026AD","holder":null,"holder_count":null}},{"type":"Feature","geometry":{"type":"Point","coordinates":[-6.351705,36.781291]},"properties":{"id":"VUT/CA/25216","type":"VUT","group":"Completa","address":"CALLE BOLSA Nº 50 Plta/Piso 2 Pta/Letra A, piso 2, puerta A","postal_code":"11540","places":5,"units":2,"registered":"2025-09-08","catastro":"6641932QA3764B0019BO","holder":null,"holder_count":null}},{"type":"Feature","geometry":{"type":"Point","coordinates":[-6.359833,36.781609]},"properties":{"id":"VUT/CA/25233","type":"VUT","group":"Completa","address":"CALLE LUISA DE GUZMAN Nº 43","postal_code":"11540","places":6,"units":3,"registered":"2025-09-12","catastro":"5741602QA3754B0019TT","holder":null,"holder_count":null}},{"type":"Feature","geometry":{"type":"Point","coordinates":[-6.373528,36.768824]},"properties":{"id":"VUT/CA/25275","type":"VUT","group":"Completa","address":"CALLE SANTA TERESA Nº 8","postal_code":"11540","places":3,"units":1,"registered":"2025-09-25","catastro":"4526307QA3742F0001RA","holder":null,"holder_count":null}},{"type":"Feature","geometry":{"type":"Point","coordinates":[-6.360082,36.777064]},"properties":{"id":"VUT/CA/25288","type":"VUT","group":"Completa","address":"CALLE CANOA Nº 8","postal_code":"11540","places":8,"units":3,"registered":"2025-09-29","catastro":"5736834QA3753F0001AO","holder":"M.C.B. AGRIGRANJA S.L.","holder_count":3}},{"type":"Feature","geometry":{"type":"Point","coordinates":[-6.349456,36.774327]},"properties":{"id":"VUT/CA/25298","type":"VUT","group":"Completa","address":"PLAZA JUAN GRANDE DE Nº 11-13 Plta/Piso BAJA Pta/Letra B Compl.Dom. DEPARTAMENTO Nº2, piso BAJA, puerta B","postal_code":"11540","places":6,"units":3,"registered":"2025-10-02","catastro":"6733525QA3763D0002DL","holder":null,"holder_count":null}},{"type":"Feature","geometry":{"type":"Point","coordinates":[-6.349091,36.788592]},"properties":{"id":"VUT/CA/25320","type":"VUT","group":"Completa","address":"CALLE ROSA DE LOS VIENTOS Nº 1 Plta/Piso 0 Pta/Letra A, piso 0, puerta A","postal_code":"11540","places":3,"units":1,"registered":"2025-10-08","catastro":"6649801QA3764E0121ZG","holder":null,"holder_count":null}},{"type":"Feature","geometry":{"type":"Point","coordinates":[-6.323832,36.793074]},"properties":{"id":"VUT/CA/25321","type":"VUT","group":"Completa","address":"CALLE MIGUEL DE RODAS Nº 2101 Plta/Piso 1 Pta/Letra 17 Compl.Dom. DOÑANA GOLF VIVIENDA 17, piso 1, puerta 17","postal_code":"11540","places":6,"units":2,"registered":"2025-10-08","catastro":"8954129QA3785D0017GR","holder":"INMOHOUSE COSTALUZ, SOCIEDAD LIMITADA","holder_count":1}},{"type":"Feature","geometry":{"type":"Point","coordinates":[-6.354437,36.778698]},"properties":{"id":"VUT/CA/25378","type":"VUT","group":"Completa","address":"PLAZA DEL CABILDO Nº 3 Plta/Piso 3º, piso 3º","postal_code":"11540","places":4,"units":2,"registered":"2025-10-22","catastro":"6238908QA3763G0004BW","holder":null,"holder_count":null}},{"type":"Feature","geometry":{"type":"Point","coordinates":[-6.352439,36.780919]},"properties":{"id":"VUT/CA/25395","type":"VUT","group":"Completa","address":"CALLE BOLSA Nº 53 Plta/Piso 1 Pta/Letra A, piso 1, puerta A","postal_code":"11540","places":5,"units":3,"registered":"2025-10-28","catastro":"6441801QA3764A0005US","holder":null,"holder_count":null}},{"type":"Feature","geometry":{"type":"Point","coordinates":[-6.349456,36.774327]},"properties":{"id":"VUT/CA/25397","type":"VUT","group":"Completa","address":"CALLE JUAN GRANDE Nº 11-13 Plta/Piso BJ Pta/Letra 6, piso BJ, puerta 6","postal_code":"11540","places":6,"units":3,"registered":"2025-10-28","catastro":"6733525QA3763D0006JM","holder":null,"holder_count":null}},{"type":"Feature","geometry":{"type":"Point","coordinates":[-6.360693,36.765605]},"properties":{"id":"VUT/CA/25417","type":"VUT","group":"Completa","address":"CARRETERA CHIPIONA Nº 9A Plta/Piso 1 Pta/Letra B, piso 1, puerta B","postal_code":"11540","places":4,"units":1,"registered":"2025-10-31","catastro":"5723619QA3752D0001PB","holder":null,"holder_count":null}},{"type":"Feature","geometry":{"type":"Point","coordinates":[-6.354435,36.774329]},"properties":{"id":"VUT/CA/25433","type":"VUT","group":"Completa","address":"CALLE MISERICORDIA Nº 10 Pta/Letra 1, puerta 1","postal_code":"11540","places":8,"units":4,"registered":"2025-11-06","catastro":"6333101QA3763A0002TG","holder":"LOLAILO PAILO, SL","holder_count":1}},{"type":"Feature","geometry":{"type":"Point","coordinates":[-6.336393,36.792867]},"properties":{"id":"VUT/CA/25437","type":"VUT","group":"Completa","address":"CAMINO SAN JERÓNIMO, JUNTO BAR PAQUERA Nº 7","postal_code":"11540","places":2,"units":1,"registered":"2025-11-07","catastro":"7854308QA3775D0001IP","holder":null,"holder_count":null}},{"type":"Feature","geometry":{"type":"Point","coordinates":[-6.353234,36.783737]},"properties":{"id":"VUT/CA/25459","type":"VUT","group":"Completa","address":"CALLE BARBA Y ESPINAR (PADRE CUEVAS) Nº S/N Portal 1 Plta/Piso 3 Pta/Letra C, piso 3, puerta C","postal_code":"11540","places":6,"units":1,"registered":"2025-11-11","catastro":"6244616QA3764C0016IG","holder":null,"holder_count":null}},{"type":"Feature","geometry":{"type":"Point","coordinates":[-6.35071,36.783998]},"properties":{"id":"VUT/CA/25484","type":"VUT","group":"Completa","address":"CALLE San Nicolas Nº 21 Blq. 1 Plta/Piso 1 Pta/Letra D, piso 1, puerta D","postal_code":"11540","places":2,"units":3,"registered":"2025-11-18","catastro":"6543301QA3764C0004AY","holder":null,"holder_count":null}},{"type":"Feature","geometry":{"type":"Point","coordinates":[-6.36781,36.772974]},"properties":{"id":"VUT/CA/25492","type":"VUT","group":"Completa","address":"CALLE SIROCO Nº 6","postal_code":"11540","places":6,"units":4,"registered":"2025-11-19","catastro":"5031901QA3743A0001FY","holder":null,"holder_count":null}},{"type":"Feature","geometry":{"type":"Point","coordinates":[-6.360191,36.761066]},"properties":{"id":"VUT/CA/25514","type":"VUT","group":"Completa","address":"CALLE olivo Nº 22","postal_code":"11540","places":6,"units":3,"registered":"2025-11-26","catastro":"5718801QA3751H0012LQ","holder":null,"holder_count":null}},{"type":"Feature","geometry":{"type":"Point","coordinates":[-6.363387,36.773631]},"properties":{"id":"VUT/CA/25531","type":"VUT","group":"Completa","address":"CALLE FRAY LEOPOLDO DE ALPANDEIRE Nº 6 Plta/Piso 4 Pta/Letra 28 Compl.Dom. EDIFICIO IRINA PLAYA, piso 4, puerta 28","postal_code":"11540","places":6,"units":2,"registered":"2025-12-03","catastro":"5533759QA3753C0028HE","holder":null,"holder_count":null}},{"type":"Feature","geometry":{"type":"Point","coordinates":[-6.357257,36.777214]},"properties":{"id":"VUT/CA/25567","type":"VUT","group":"Completa","address":"CALLE calzada de la infanta Nº 8 Compl.Dom. bajo exterior","postal_code":"11540","places":2,"units":1,"registered":"2025-12-11","catastro":"6037315QA3763E4001OL","holder":null,"holder_count":null}},{"type":"Feature","geometry":{"type":"Point","coordinates":[-6.346626,36.783736]},"properties":{"id":"VUT/CA/25582","type":"VUT","group":"Completa","address":"CALLE Sargenta Nº 48 Esc. bajo","postal_code":"11540","places":4,"units":1,"registered":"2025-12-16","catastro":"6944816QA3764D0002KD","holder":null,"holder_count":null}},{"type":"Feature","geometry":{"type":"Point","coordinates":[-6.349091,36.788592]},"properties":{"id":"VUT/CA/25602","type":"VUT","group":"Completa","address":"CALLE ROSA DE LOS VIENTOS Nº 1 Blq. 1 Plta/Piso BAJO Pta/Letra L, piso BAJO, puerta L","postal_code":"11540","places":4,"units":2,"registered":"2025-12-18","catastro":"6649801QA3764E0026MJ","holder":null,"holder_count":null}},{"type":"Feature","geometry":{"type":"Point","coordinates":[-6.356598,36.776345]},"properties":{"id":"VUT/CA/25628","type":"VUT","group":"Completa","address":"CALLE BAÑOS Nº 13 Esc. 1 Plta/Piso 00 Pta/Letra 04, piso 00, puerta 04","postal_code":"11540","places":4,"units":2,"registered":"2025-12-31","catastro":"6135911QA3763C0004DS","holder":null,"holder_count":null}},{"type":"Feature","geometry":{"type":"Point","coordinates":[-6.319209,36.798695]},"properties":{"id":"VUT/CA/25654","type":"VUT","group":"Completa","address":"CALLE JUAN DE ACURIO 501 URBANIZACION ALBATROS GOLF Nº 501 Portal 5 Pta/Letra E, puerta E","postal_code":"11540","places":5,"units":2,"registered":"2026-01-12","catastro":"9260509QA3796A0117GQ","holder":null,"holder_count":null}},{"type":"Feature","geometry":{"type":"Point","coordinates":[-6.361431,36.783064]},"properties":{"id":"VUT/CA/25678","type":"VUT","group":"Completa","address":"CALLE Esteban de Boutelou Nº 31 Plta/Piso 10, piso 10","postal_code":"11540","places":6,"units":2,"registered":"2026-01-16","catastro":"5643819QA3754B0003YG","holder":null,"holder_count":null}},{"type":"Feature","geometry":{"type":"Point","coordinates":[-6.349283,36.783928]},"properties":{"id":"VUT/CA/25680","type":"VUT","group":"Completa","address":"CALLE Trasbolsa Nº 80 Pta/Letra A, puerta A","postal_code":"11540","places":6,"units":3,"registered":"2026-01-19","catastro":"6744917QA3764D1001ZP","holder":"ARQUITEJEDOR SL","holder_count":1}},{"type":"Feature","geometry":{"type":"Point","coordinates":[-6.349283,36.783928]},"properties":{"id":"VUT/CA/25682","type":"VUT","group":"Completa","address":"CALLE Trasbolsa Nº 80 Pta/Letra B, puerta B","postal_code":"11540","places":4,"units":2,"registered":"2026-01-19","catastro":"6744917QA3764D0002QD","holder":"ARQUITEJEDOR","holder_count":1}},{"type":"Feature","geometry":{"type":"Point","coordinates":[-6.349091,36.788592]},"properties":{"id":"VUT/CA/25685","type":"VUT","group":"Completa","address":"CALLE ROSA DE LOS VIENTOS Nº 3 Plta/Piso BAJO Pta/Letra R, piso BAJO, puerta R","postal_code":"11540","places":4,"units":2,"registered":"2026-01-19","catastro":"6649801qa3764e0157wl","holder":null,"holder_count":null}},{"type":"Feature","geometry":{"type":"Point","coordinates":[-6.352848,36.775259]},"properties":{"id":"VUT/CA/25697","type":"VUT","group":"Completa","address":"PLAZA DE LA PAZ Nº 15 Blq. 3 Plta/Piso 2 Pta/Letra C Compl.Dom. ATICO, piso 2, puerta C","postal_code":"11540","places":4,"units":1,"registered":"2026-01-20","catastro":"6435805QA3763C0023JW","holder":null,"holder_count":null}},{"type":"Feature","geometry":{"type":"Point","coordinates":[-6.362245,36.78218]},"properties":{"id":"VUT/CA/25700","type":"VUT","group":"Completa","address":"CALLE Comandante Francisco Almadana Nº s/n Compl.Dom. Edificio Doñana","postal_code":"11540","places":8,"units":3,"registered":"2026-01-21","catastro":"5542705QA3754B0019AT","holder":"Prados Arana Gestiones SL","holder_count":1}},{"type":"Feature","geometry":{"type":"Point","coordinates":[-6.358501,36.782973]},"properties":{"id":"VUT/CA/25725","type":"VUT","group":"Completa","address":"AVENIDA LAS PILETAS Nº 3","postal_code":"11540","places":8,"units":4,"registered":"2026-01-26","catastro":"5942928QA3754B0001PD","holder":null,"holder_count":null}},{"type":"Feature","geometry":{"type":"Point","coordinates":[-6.349091,36.788592]},"properties":{"id":"VUT/CA/25728","type":"VUT","group":"Completa","address":"CALLE ROSA DE LOS VIENTOS Nº 3 Plta/Piso BAJO Pta/Letra R, piso BAJO, puerta R","postal_code":"11540","places":4,"units":1,"registered":"2026-01-26","catastro":"6649801QA3764E0157WL","holder":null,"holder_count":null}},{"type":"Feature","geometry":{"type":"Point","coordinates":[-6.323832,36.793074]},"properties":{"id":"VUT/CA/25734","type":"VUT","group":"Completa","address":"CALLE MIGUEL DE RODAS Nº 2 Pta/Letra 36 Compl.Dom. RESIDENCIAL DOÑANA GOLF, puerta 36","postal_code":"11540","places":4,"units":2,"registered":"2026-01-27","catastro":"8954129QA3785D0036TJ","holder":null,"holder_count":null}},{"type":"Feature","geometry":{"type":"Point","coordinates":[-6.351339,36.78062]},"properties":{"id":"VUT/CA/25752","type":"VUT","group":"Completa","address":"CALLE DE LA MAR Nº 5","postal_code":"11540","places":15,"units":8,"registered":"2026-02-02","catastro":"6540203QA3764A0001UI","holder":"INVERSIONES CAJESAN","holder_count":1}},{"type":"Feature","geometry":{"type":"Point","coordinates":[-6.349732,36.781502]},"properties":{"id":"VUT/CA/25783","type":"VUT","group":"Completa","address":"CALLE SANTO DOMINGO Nº 53 Plta/Piso 2º Pta/Letra C, piso 2º, puerta C","postal_code":"11540","places":4,"units":1,"registered":"2026-02-04","catastro":"6641914QA3764B0008LQ","holder":null,"holder_count":null}},{"type":"Feature","geometry":{"type":"Point","coordinates":[-6.354614,36.779369]},"properties":{"id":"VUT/CA/25810","type":"VUT","group":"Completa","address":"CALLE TARTANEROS Nº 4 Plta/Piso 1 Pta/Letra B, piso 1, puerta B","postal_code":"11540","places":4,"units":1,"registered":"2026-02-08","catastro":"6239911QA3763G0003QQ","holder":null,"holder_count":null}},{"type":"Feature","geometry":{"type":"Point","coordinates":[-6.347973,36.789201]},"properties":{"id":"VUT/CA/25816","type":"VUT","group":"Completa","address":"CALLE BARRA DEL RIO Nº 5 Plta/Piso 2 Pta/Letra M, piso 2, puerta M","postal_code":"11540","places":4,"units":2,"registered":"2026-02-09","catastro":"6749601QA3764E0161PB","holder":null,"holder_count":null}},{"type":"Feature","geometry":{"type":"Point","coordinates":[-6.354105,36.77781]},"properties":{"id":"VUT/CA/25820","type":"VUT","group":"Completa","address":"CALLE torno Nº 4 Esc. 1 Plta/Piso 1 Pta/Letra 1, piso 1, puerta 1","postal_code":"11540","places":5,"units":3,"registered":"2026-02-09","catastro":"6237512QA3763E0003UY","holder":null,"holder_count":null}},{"type":"Feature","geometry":{"type":"Point","coordinates":[-6.359422,36.777442]},"properties":{"id":"VUT/CA/25837","type":"VUT","group":"Completa","address":"CALLE ARCHIVO DE INDIAS Nº 1 Esc. 1 Plta/Piso 0 Pta/Letra 1, piso 0, puerta 1","postal_code":"11540","places":10,"units":3,"registered":"2026-02-13","catastro":"5736816QA3753F0030GY","holder":null,"holder_count":null}},{"type":"Feature","geometry":{"type":"Point","coordinates":[-6.363626,36.778082]},"properties":{"id":"VUT/CA/25856","type":"VUT","group":"Completa","address":"CALLE TEMPLO DEL LUCERO Nº 3 Plta/Piso 0 Pta/Letra a, piso 0, puerta a","postal_code":"11540","places":6,"units":2,"registered":"2026-02-17","catastro":"5436206QA3753E0001QM","holder":null,"holder_count":null}},{"type":"Feature","geometry":{"type":"Point","coordinates":[-6.350115,36.774613]},"properties":{"id":"VUT/CA/25901","type":"VUT","group":"Completa","address":"CALLE BORREGUEROS Nº 39","postal_code":"11540","places":15,"units":5,"registered":"2026-02-25","catastro":"6634804QA3763D0002KL","holder":null,"holder_count":null}},{"type":"Feature","geometry":{"type":"Point","coordinates":[-6.363387,36.773631]},"properties":{"id":"VUT/CA/25909","type":"VUT","group":"Completa","address":"CALLE FRAY LEOPOLDO DE ALPANDEIRE Nº 6 Plta/Piso BAJA, piso BAJA","postal_code":"11540","places":2,"units":2,"registered":"2026-02-25","catastro":"5533759QA3753C0004ZI","holder":null,"holder_count":null}},{"type":"Feature","geometry":{"type":"Point","coordinates":[-6.361983,36.78055]},"properties":{"id":"VUT/CA/25915","type":"VUT","group":"Completa","address":"AVENIDA DE LAS PILETAS Nº 53 Esc. 3 Plta/Piso 3 Pta/Letra A, piso 3, puerta A","postal_code":"11540","places":6,"units":2,"registered":"2026-02-26","catastro":"5639396QA3753G0045TR","holder":"CERVERA MAILLO SL","holder_count":1}},{"type":"Feature","geometry":{"type":"Point","coordinates":[-6.354276,36.777846]},"properties":{"id":"VUT/CA/25950","type":"VUT","group":"Completa","address":"CALLE Torno Nº 8","postal_code":"11540","places":12,"units":4,"registered":"2026-03-07","catastro":"6237510QA3763E0001PR","holder":"TORNO LIVING SL","holder_count":1}},{"type":"Feature","geometry":{"type":"Point","coordinates":[-6.358176,36.784885]},"properties":{"id":"VUT/CA/25957","type":"VUT","group":"Completa","address":"CALLE CALZADA DUQUESA ISABEL Nº 58 Esc. 1 Plta/Piso BJ Pta/Letra P1 Compl.Dom. RESIDENCIAL LOS INFANTES, piso BJ, puerta P1","postal_code":"11540","places":2,"units":1,"registered":"2026-03-09","catastro":"5945101QA3754D0429XL","holder":null,"holder_count":null}},{"type":"Feature","geometry":{"type":"Point","coordinates":[-6.362245,36.78218]},"properties":{"id":"VUT/CA/25977","type":"VUT","group":"Completa","address":"CALLE FERNANDO DE MAGALLANES Nº 1 Esc. 3 Plta/Piso SM Pta/Letra 05 Compl.Dom. EDIFICIO DOÑANA I, piso SM, puerta 05","postal_code":"11540","places":4,"units":1,"registered":"2026-03-11","catastro":"5542705QA3754B0038QK","holder":null,"holder_count":null}},{"type":"Feature","geometry":{"type":"Point","coordinates":[-6.353596,36.775719]},"properties":{"id":"VUT/CA/25993","type":"VUT","group":"Completa","address":"CALLE CABALLEROS Nº 1","postal_code":"11540","places":3,"units":1,"registered":"2026-03-12","catastro":"6234524QA3763C0001WO","holder":null,"holder_count":null}},{"type":"Feature","geometry":{"type":"Point","coordinates":[-6.352274,36.780811]},"properties":{"id":"VUT/CA/26001","type":"VUT","group":"Completa","address":"CALLE BOLSA Nº 42 Plta/Piso B Pta/Letra DER, piso B, puerta DER","postal_code":"11540","places":4,"units":1,"registered":"2026-03-15","catastro":"6440401QA3764A0001TI","holder":null,"holder_count":null}},{"type":"Feature","geometry":{"type":"Point","coordinates":[-6.358723,36.7712]},"properties":{"id":"VUT/CA/26014","type":"VUT","group":"Completa","address":"CALLE ALDEBARAN Nº 17","postal_code":"11540","places":6,"units":3,"registered":"2026-03-16","catastro":"5728513QA3752H0009IK","holder":null,"holder_count":null}},{"type":"Feature","geometry":{"type":"Point","coordinates":[-6.378151,36.768727]},"properties":{"id":"VUT/CA/26039","type":"VUT","group":"Completa","address":"URBANIZACION VILLA HORACIA DELFINES Nº 41","postal_code":"11540","places":8,"units":4,"registered":"2026-03-19","catastro":"4127703QA3732F0001ZU","holder":null,"holder_count":null}},{"type":"Feature","geometry":{"type":"Point","coordinates":[-6.359659,36.782108]},"properties":{"id":"VUT/CA/26043","type":"VUT","group":"Completa","address":"CALLE ALONSO DE LUGO 3, EDIFICIO ARANZAZU Nº 3 Plta/Piso 2 Pta/Letra B Compl.Dom. CALLE ALONSO DE LUGO 3, EDIFICIO ARANZAZU, piso 2, puerta B","postal_code":"11540","places":8,"units":2,"registered":"2026-03-19","catastro":"5742703QA3754B0007FL","holder":null,"holder_count":null}},{"type":"Feature","geometry":{"type":"Point","coordinates":[-6.356572,36.785769]},"properties":{"id":"VUT/CA/26079","type":"VUT","group":"Completa","address":"CALLE BARRIOS MASERO Nº 2-4-6","postal_code":"11540","places":10,"units":5,"registered":"2026-03-24","catastro":"6046808QA3754F0001IE","holder":null,"holder_count":null}}]}