{"type":"FeatureCollection","municipio":{"slug":"vejer-de-la-frontera","name":"Vejer de la Frontera","total":391,"places":1835,"source_updated_at":"2026-10-05"},"features":[{"type":"Feature","geometry":{"type":"Point","coordinates":[-5.96539,36.249746]},"properties":{"id":"VUT/CA/00607","type":"VUT","group":"Completa","address":"AVENIDA SAN MIGUEL Nº 31 Plta/Piso 1ª Pta/Letra H, piso 1ª, puerta H","postal_code":"11150","places":4,"units":1,"registered":"2016-06-29","catastro":"3615101TF3136B0039WF","holder":null,"holder_count":null}},{"type":"Feature","geometry":{"type":"Point","coordinates":[-6.07009,36.232468]},"properties":{"id":"VUT/CA/026166","type":"VUT","group":"Completa","address":"CAMINO TORE NUEVA Plta/Piso 0 Pta/Letra 1, piso 0, puerta 1","postal_code":"11159","places":4,"units":2,"registered":"2026-04-09","catastro":"4614961TF2144F0002QE","holder":null,"holder_count":null}},{"type":"Feature","geometry":{"type":"Point","coordinates":[-5.970889,36.248785]},"properties":{"id":"VUT/CA/026247","type":"VUT","group":"Completa","address":"AVENIDA BUENAVISTA Nº 41","postal_code":"11150","places":6,"units":3,"registered":"2026-04-20","catastro":"3056901TF3135N0000DY","holder":null,"holder_count":null}},{"type":"Feature","geometry":{"type":"Point","coordinates":[-6.054428,36.23531]},"properties":{"id":"VUT/CA/026300","type":"VUT","group":"Completa","address":"CAMINO Cortijos Viejos Nº 1 Portal 2","postal_code":"11150","places":5,"units":2,"registered":"2026-04-27","catastro":"11039A033003080001TI","holder":null,"holder_count":null}},{"type":"Feature","geometry":{"type":"Point","coordinates":[-6.065244,36.225475]},"properties":{"id":"VUT/CA/026317","type":"VUT","group":"Completa","address":"CALLE CARRETERA EL PALMAR Nº S/N","postal_code":"11159","places":4,"units":2,"registered":"2026-04-29","catastro":"11039A033006510001TL","holder":null,"holder_count":null}},{"type":"Feature","geometry":{"type":"Point","coordinates":[-6.057942,36.21821]},"properties":{"id":"VUT/CA/026358","type":"VUT","group":"Completa","address":"CAMINO DE LOS SANCHEZ Nº SN","postal_code":"11159","places":6,"units":3,"registered":"2026-05-05","catastro":"11039A033005600001TM","holder":null,"holder_count":null}},{"type":"Feature","geometry":{"type":"Point","coordinates":[-5.959725,36.254047]},"properties":{"id":"VUT/CA/026372","type":"VUT","group":"Completa","address":"CALLE Paseo de las Cobijadas 75 Nº 75 Calif.Nº 0A","postal_code":"11150","places":2,"units":1,"registered":"2026-05-05","catastro":"4164136TF3146C0005BW","holder":null,"holder_count":null}},{"type":"Feature","geometry":{"type":"Point","coordinates":[-5.959725,36.254047]},"properties":{"id":"VUT/CA/026375","type":"VUT","group":"Completa","address":"CALLE Paseo de las Cobijadas 75 Nº 75 Calif.Nº 1B","postal_code":"11150","places":2,"units":1,"registered":"2026-05-05","catastro":"4164136TF3146C0008MT","holder":null,"holder_count":null}},{"type":"Feature","geometry":{"type":"Point","coordinates":[-5.966178,36.253411]},"properties":{"id":"VUT/CA/026431","type":"VUT","group":"Completa","address":"CALLE SAGASTA Nº 6","postal_code":"11150","places":2,"units":1,"registered":"2026-05-14","catastro":"3663210TF3136D0002DR","holder":null,"holder_count":null}},{"type":"Feature","geometry":{"type":"Point","coordinates":[-5.965723,36.253228]},"properties":{"id":"VUT/CA/026439","type":"VUT","group":"Completa","address":"CALLE PATIO DE MONJAS Nº 13","postal_code":"11150","places":6,"units":3,"registered":"2026-05-15","catastro":"3663604TF3136D0003ET","holder":"SEFARDVEJER, S.L.","holder_count":1}},{"type":"Feature","geometry":{"type":"Point","coordinates":[-5.96582,36.2523]},"properties":{"id":"VUT/CA/026482","type":"VUT","group":"Completa","address":"CALLE MIRALLES Nº 3","postal_code":"11150","places":4,"units":2,"registered":"2026-05-19","catastro":"3663613TF3136D0001OE","holder":null,"holder_count":null}},{"type":"Feature","geometry":{"type":"Point","coordinates":[-5.961573,36.252724]},"properties":{"id":"VUT/CA/026488","type":"VUT","group":"Completa","address":"CALLE CALLEJON SEGUNDO DE LA FUENTE Nº 4 Plta/Piso BAJO Pta/Letra B, piso BAJO, puerta B","postal_code":"11150","places":4,"units":1,"registered":"2026-05-20","catastro":"4063718TF3146A0002TR","holder":null,"holder_count":null}},{"type":"Feature","geometry":{"type":"Point","coordinates":[-5.966436,36.249251]},"properties":{"id":"VUT/CA/026601","type":"VUT","group":"Completa","address":"AVENIDA BUENAVISTA Nº 3 Plta/Piso 1 Pta/Letra IZ, piso 1, puerta IZ","postal_code":"11150","places":5,"units":3,"registered":"2026-06-03","catastro":"3659202TF3135H0005SE","holder":null,"holder_count":null}},{"type":"Feature","geometry":{"type":"Point","coordinates":[-5.965923,36.248676]},"properties":{"id":"VUT/CA/026615","type":"VUT","group":"Completa","address":"CALLE JUAN XXIII Nº 9 Plta/Piso BJ Pta/Letra I, piso BJ, puerta I","postal_code":"11150","places":6,"units":3,"registered":"2026-06-04","catastro":"3658904TF3135H0001EX","holder":null,"holder_count":null}},{"type":"Feature","geometry":{"type":"Point","coordinates":[-5.961856,36.252145]},"properties":{"id":"VUT/CA/026620","type":"VUT","group":"Completa","address":"CALLE BODEGA DE TRIANA Nº 12 Esc. 1 Plta/Piso 00 Pta/Letra C, piso 00, puerta C","postal_code":"11150","places":4,"units":1,"registered":"2026-06-05","catastro":"4062204TF3136B0003BP","holder":null,"holder_count":null}},{"type":"Feature","geometry":{"type":"Point","coordinates":[-5.965121,36.253905]},"properties":{"id":"VUT/CA/026753","type":"VUT","group":"Completa","address":"CALLE NUESTRA SEÑORA DE LA OLIVA Nº 23 Plta/Piso BJ, piso BJ","postal_code":"11150","places":4,"units":2,"registered":"2026-06-26","catastro":"3764723TF3136D0001RE","holder":null,"holder_count":null}},{"type":"Feature","geometry":{"type":"Point","coordinates":[-5.965121,36.253905]},"properties":{"id":"VUT/CA/026754","type":"VUT","group":"Completa","address":"CALLE NUESTRA SEÑORA DE LA OLIVA Nº 23 Plta/Piso 2, piso 2","postal_code":"11150","places":2,"units":1,"registered":"2026-06-26","catastro":"3764723TF3136D0001RE","holder":null,"holder_count":null}},{"type":"Feature","geometry":{"type":"Point","coordinates":[-5.966784,36.253994]},"properties":{"id":"VUT/CA/026763","type":"VUT","group":"Completa","address":"CALLE SAN FILMO Nº 9 Plta/Piso 1º Pta/Letra 2, piso 1º, puerta 2","postal_code":"11150","places":2,"units":2,"registered":"2026-06-29","catastro":"3564610TF3136D0009EA","holder":null,"holder_count":null}},{"type":"Feature","geometry":{"type":"Point","coordinates":[-6.065724,36.233041]},"properties":{"id":"VUT/CA/026797","type":"VUT","group":"Completa","address":"URBANIZACION EL PALMAR CAMINO GUERRERO S/N Nº S/N","postal_code":"11159","places":5,"units":2,"registered":"2026-07-03","catastro":"4614907TF2144F0001ZW","holder":null,"holder_count":null}},{"type":"Feature","geometry":{"type":"Point","coordinates":[-5.989626,36.282599]},"properties":{"id":"VUT/CA/026834","type":"VUT","group":"Completa","address":"CAMINO DEL LAGAR Nº 999 Compl.Dom. BOSQUE DE ELFO","postal_code":"11150","places":15,"units":3,"registered":"2026-07-10","catastro":"11039A055000520000RD","holder":null,"holder_count":null}},{"type":"Feature","geometry":{"type":"Point","coordinates":[-5.963576,36.252966]},"properties":{"id":"VUT/CA/026856","type":"VUT","group":"Completa","address":"CALLE ROSARIO Nº 14","postal_code":"11150","places":4,"units":2,"registered":"2026-07-16","catastro":"3863925TF3136D0003LT","holder":null,"holder_count":null}},{"type":"Feature","geometry":{"type":"Point","coordinates":[-5.968676,36.248684]},"properties":{"id":"VUT/CA/026859","type":"VUT","group":"Completa","address":"CALLE CARLOS CANO Nº 12 Plta/Piso 2 Pta/Letra B, piso 2, puerta B","postal_code":"11150","places":4,"units":2,"registered":"2026-07-17","catastro":"3256114TF3135N0007HD","holder":null,"holder_count":null}},{"type":"Feature","geometry":{"type":"Point","coordinates":[-6.065724,36.233041]},"properties":{"id":"VUT/CA/026874","type":"VUT","group":"Completa","address":"URBANIZACION EL EL PALMAR CARRIL GUERRERO Nº 2","postal_code":"11159","places":5,"units":2,"registered":"2026-07-21","catastro":"4614907TF2144F0001ZW","holder":null,"holder_count":null}},{"type":"Feature","geometry":{"type":"Point","coordinates":[-5.966738,36.252299]},"properties":{"id":"VUT/CA/026890","type":"VUT","group":"Completa","address":"CALLE JUAN RELINQUE Nº 53","postal_code":"11150","places":4,"units":2,"registered":"2026-07-23","catastro":"3662313TF3136B0001GI","holder":null,"holder_count":null}},{"type":"Feature","geometry":{"type":"Point","coordinates":[-5.963142,36.253135]},"properties":{"id":"VUT/CA/026964","type":"VUT","group":"Completa","address":"CALLE CANALEJAS Nº 14 Esc. 1 Plta/Piso 00 Pta/Letra A, piso 00, puerta A","postal_code":"11150","places":2,"units":1,"registered":"2026-08-12","catastro":"3963203TF3136D0001ZE","holder":null,"holder_count":null}},{"type":"Feature","geometry":{"type":"Point","coordinates":[-6.061776,36.222726]},"properties":{"id":"VUT/CA/027025","type":"VUT","group":"Completa","address":"CALLE CM DE LOS ATRAVESADOS, POLIGONO 33 Calif.Nº 33 Compl.Dom. PAGO SEGUNDO DE LA DEHESA DEL PALMAR, SEGREGACIÓN DE LA NUMERO 9697","postal_code":"11159","places":6,"units":2,"registered":"2026-09-07","catastro":"5013306TF2144F0001ZW","holder":null,"holder_count":null}},{"type":"Feature","geometry":{"type":"Point","coordinates":[-6.057323,36.238516]},"properties":{"id":"VUT/CA/027033","type":"VUT","group":"Completa","address":"CAMINO DEL GUERRERO Nº 200","postal_code":"11159","places":8,"units":4,"registered":"2026-09-08","catastro":"11039A033002000001TQ","holder":"CASAS CURRIPLAYA CB","holder_count":1}},{"type":"Feature","geometry":{"type":"Point","coordinates":[-5.963142,36.253135]},"properties":{"id":"VUT/CA/027035","type":"VUT","group":"Completa","address":"CALLE CANALEJAS Nº 14 Pta/Letra 1, puerta 1","postal_code":"11150","places":4,"units":2,"registered":"2026-09-08","catastro":"3963203TF3136D0006EI","holder":null,"holder_count":null}},{"type":"Feature","geometry":{"type":"Point","coordinates":[-5.968279,36.248294]},"properties":{"id":"VUT/CA/027101","type":"VUT","group":"Completa","address":"CALLE ALFONSO LASSO DE LA VEGA Nº 7","postal_code":"11150","places":3,"units":2,"registered":"2026-09-29","catastro":"3256708TF3135N0000YY","holder":null,"holder_count":null}},{"type":"Feature","geometry":{"type":"Point","coordinates":[-5.966463,36.250143]},"properties":{"id":"VUT/CA/04501","type":"VUT","group":"Completa","address":"CALLE PADRE JANDILLA Nº 5 Esc. 1 Plta/Piso 1 Pta/Letra B, piso 1, puerta B","postal_code":"11150","places":6,"units":3,"registered":"2018-02-09","catastro":"3660101TF3135H0006DR","holder":null,"holder_count":null}},{"type":"Feature","geometry":{"type":"Point","coordinates":[-5.963374,36.254058]},"properties":{"id":"VUT/CA/05330","type":"VUT","group":"Completa","address":"CALLE JOSE CASTRILLON Nº 12 Plta/Piso BAJO Pta/Letra B, piso BAJO, puerta B","postal_code":"11150","places":4,"units":2,"registered":"2018-06-12","catastro":"3764432TF3136D0002QR","holder":null,"holder_count":null}},{"type":"Feature","geometry":{"type":"Point","coordinates":[-5.965606,36.253336]},"properties":{"id":"VUT/CA/05356","type":"VUT","group":"Completa","address":"CALLE CRUZ Nº 3 Esc. 1 Plta/Piso 1 Pta/Letra 3, piso 1, puerta 3","postal_code":"11150","places":6,"units":3,"registered":"2018-06-14","catastro":"3763308TF3136D0004BY","holder":null,"holder_count":null}},{"type":"Feature","geometry":{"type":"Point","coordinates":[-5.966199,36.253191]},"properties":{"id":"VUT/CA/05423","type":"VUT","group":"Completa","address":"CALLE SAGASTA Nº 10 Plta/Piso BAJO, piso BAJO","postal_code":"11150","places":5,"units":2,"registered":"2018-06-25","catastro":"3663212TF3136D0004PY","holder":null,"holder_count":null}},{"type":"Feature","geometry":{"type":"Point","coordinates":[-5.967035,36.251577]},"properties":{"id":"VUT/CA/05529","type":"VUT","group":"Completa","address":"CALLE JUAN DE SEVILLA Nº 16 Portal 1 Plta/Piso BAJA Pta/Letra B, piso BAJA, puerta B","postal_code":"11150","places":4,"units":2,"registered":"2018-07-10","catastro":"3562714TF3136B0008OG","holder":null,"holder_count":null}},{"type":"Feature","geometry":{"type":"Point","coordinates":[-5.961334,36.254103]},"properties":{"id":"VUT/CA/05731","type":"VUT","group":"Completa","address":"CALLE MERCED Nº 7 Calif.Nº BIS","postal_code":"11150","places":4,"units":2,"registered":"2018-08-06","catastro":"4064618TF3146C0002YX","holder":null,"holder_count":null}},{"type":"Feature","geometry":{"type":"Point","coordinates":[-5.965946,36.252446]},"properties":{"id":"VUT/CA/05869","type":"VUT","group":"Completa","address":"CALLE SAGASTA Nº 25 Plta/Piso 1 Pta/Letra E, piso 1, puerta E","postal_code":"11150","places":4,"units":2,"registered":"2018-08-30","catastro":"3663615TF3136D0008AP","holder":null,"holder_count":null}},{"type":"Feature","geometry":{"type":"Point","coordinates":[-5.967238,36.251158]},"properties":{"id":"VUT/CA/05921","type":"VUT","group":"Completa","address":"CALLE MOLINERO Nº 33 Plta/Piso 1, piso 1","postal_code":"11150","places":6,"units":3,"registered":"2018-09-07","catastro":"3561919TF3136A0002TM","holder":null,"holder_count":null}},{"type":"Feature","geometry":{"type":"Point","coordinates":[-5.9668,36.251923]},"properties":{"id":"VUT/CA/05949","type":"VUT","group":"Completa","address":"CALLE BARRIAL Portal 1 Plta/Piso BAJO Pta/Letra B, piso BAJO, puerta B","postal_code":"11150","places":4,"units":2,"registered":"2018-09-12","catastro":"3562709TF3136B0002IO","holder":null,"holder_count":null}},{"type":"Feature","geometry":{"type":"Point","coordinates":[-5.963292,36.252333]},"properties":{"id":"VUT/CA/06112","type":"VUT","group":"Completa","address":"CALLE MESON DE ANIMAS Nº 1","postal_code":"11150","places":3,"units":1,"registered":"2018-10-11","catastro":"3962926TF3136B0004HA","holder":null,"holder_count":null}},{"type":"Feature","geometry":{"type":"Point","coordinates":[-5.924743,36.189374]},"properties":{"id":"VUT/CA/06234","type":"VUT","group":"Completa","address":"CALLE EDIFICIO LOS MOLINOS Nº 2 Plta/Piso BJ Pta/Letra IZQ, piso BJ, puerta IZQ","postal_code":"11150","places":4,"units":2,"registered":"2018-10-29","catastro":"7091701TF3079S0003FR","holder":null,"holder_count":null}},{"type":"Feature","geometry":{"type":"Point","coordinates":[-5.968241,36.252042]},"properties":{"id":"VUT/CA/06403","type":"VUT","group":"Completa","address":"CALLE MOLINERO Nº 14 Plta/Piso 1 Pta/Letra A, piso 1, puerta A","postal_code":"11150","places":6,"units":3,"registered":"2018-11-23","catastro":"3462908TF3136A0021TD","holder":null,"holder_count":null}},{"type":"Feature","geometry":{"type":"Point","coordinates":[-5.967178,36.253101]},"properties":{"id":"VUT/CA/06558","type":"VUT","group":"Completa","address":"CALLE LANERÍA Nº 4 Plta/Piso 1 Pta/Letra C, piso 1, puerta C","postal_code":"11150","places":3,"units":1,"registered":"2018-12-25","catastro":"3563902TF3136C0007OM","holder":null,"holder_count":null}},{"type":"Feature","geometry":{"type":"Point","coordinates":[-5.966181,36.252404]},"properties":{"id":"VUT/CA/06587","type":"VUT","group":"Completa","address":"CALLE SAGASTA Nº 26 Compl.Dom. BAJO DERECHA","postal_code":"11150","places":2,"units":1,"registered":"2019-01-04","catastro":"3662308TF3136B0002ZO","holder":"FRIO JOSE RAMON SLU","holder_count":1}},{"type":"Feature","geometry":{"type":"Point","coordinates":[-5.968523,36.251796]},"properties":{"id":"VUT/CA/06616","type":"VUT","group":"Completa","address":"CALLE TORERO JUAN CONDE Nº 14 Plta/Piso 2 Pta/Letra C, piso 2, puerta C","postal_code":"11150","places":4,"units":2,"registered":"2019-01-14","catastro":"3462103TF3136A0009FU","holder":null,"holder_count":null}},{"type":"Feature","geometry":{"type":"Point","coordinates":[-5.963147,36.254711]},"properties":{"id":"VUT/CA/06636","type":"VUT","group":"Completa","address":"CALLE RETIRO Nº 12 Pta/Letra 2B Compl.Dom. APARTAMENTO 2-B, puerta 2B","postal_code":"11150","places":6,"units":4,"registered":"2019-01-17","catastro":"4064627TF3146C0008BT","holder":null,"holder_count":null}},{"type":"Feature","geometry":{"type":"Point","coordinates":[-5.966436,36.249251]},"properties":{"id":"VUT/CA/06637","type":"VUT","group":"Completa","address":"AVENIDA BUENAVISTA Nº 3 Plta/Piso 3º Pta/Letra B, piso 3º, puerta B","postal_code":"11150","places":4,"units":2,"registered":"2019-01-17","catastro":"3659202TF3135H0014KO","holder":null,"holder_count":null}},{"type":"Feature","geometry":{"type":"Point","coordinates":[-5.967597,36.252458]},"properties":{"id":"VUT/CA/06658","type":"VUT","group":"Completa","address":"CALLE CALLEJON DEL CORCHERO Nº 8-6","postal_code":"11150","places":2,"units":1,"registered":"2019-01-21","catastro":"3562203TF3136A0004TW","holder":null,"holder_count":null}},{"type":"Feature","geometry":{"type":"Point","coordinates":[-5.967807,36.253238]},"properties":{"id":"VUT/CA/06704","type":"VUT","group":"Por habitaciones","address":"CALLE COBARRUBIAS Nº 25 Plta/Piso 2, piso 2","postal_code":"11150","places":2,"units":1,"registered":"2019-01-28","catastro":"3563209TF3136C0011XQ","holder":null,"holder_count":null}},{"type":"Feature","geometry":{"type":"Point","coordinates":[-5.966067,36.253175]},"properties":{"id":"VUT/CA/06737","type":"VUT","group":"Completa","address":"CALLE Sagasta Nº 11","postal_code":"11150","places":5,"units":2,"registered":"2019-01-31","catastro":"3663601TF3136D0002ZR","holder":null,"holder_count":null}},{"type":"Feature","geometry":{"type":"Point","coordinates":[-5.96701,36.247544]},"properties":{"id":"VUT/CA/06747","type":"VUT","group":"Completa","address":"CALLE LA NORIA Nº 2 Pta/Letra C, puerta C","postal_code":"11150","places":2,"units":1,"registered":"2019-02-02","catastro":"3557604TF3135F0005ZI","holder":null,"holder_count":null}},{"type":"Feature","geometry":{"type":"Point","coordinates":[-5.962752,36.252474]},"properties":{"id":"VUT/CA/06850","type":"VUT","group":"Completa","address":"CALLE Reyes Catolicos Nº 18 Plta/Piso Baja, piso Baja","postal_code":"11150","places":4,"units":1,"registered":"2019-02-12","catastro":"3963112TF3136D0006UI","holder":null,"holder_count":null}},{"type":"Feature","geometry":{"type":"Point","coordinates":[-5.969439,36.254188]},"properties":{"id":"VUT/CA/06901","type":"VUT","group":"Completa","address":"CALLE HAZAS DE SUERTE Blq. 1 Esc. 1 Plta/Piso 0 Pta/Letra C, piso 0, puerta C","postal_code":"11150","places":6,"units":3,"registered":"2019-02-18","catastro":"3364506TF3136C0003ML","holder":null,"holder_count":null}},{"type":"Feature","geometry":{"type":"Point","coordinates":[-5.968469,36.254132]},"properties":{"id":"VUT/CA/06924","type":"VUT","group":"Completa","address":"AVENIDA DE ANDALUCÍA Nº 1.1 Compl.Dom. EDIFICIO ANDALUCÍA","postal_code":"11150","places":4,"units":2,"registered":"2019-02-21","catastro":"3364502TF3136C0002OK","holder":null,"holder_count":null}},{"type":"Feature","geometry":{"type":"Point","coordinates":[-5.968071,36.256206]},"properties":{"id":"VUT/CA/06925","type":"VUT","group":"Completa","address":"AVENIDA LOS REMEDIOS Nº 47","postal_code":"11150","places":6,"units":3,"registered":"2019-02-21","catastro":"3767701TF3136E0004HG","holder":null,"holder_count":null}},{"type":"Feature","geometry":{"type":"Point","coordinates":[-5.962253,36.254189]},"properties":{"id":"VUT/CA/06927","type":"VUT","group":"Completa","address":"CALLE RETIRO Nº 3 Plta/Piso 1, piso 1","postal_code":"11150","places":2,"units":1,"registered":"2019-02-21","catastro":"3964402TF3136D0003RT","holder":null,"holder_count":null}},{"type":"Feature","geometry":{"type":"Point","coordinates":[-5.965994,36.252142]},"properties":{"id":"VUT/CA/06947","type":"VUT","group":"Completa","address":"CALLE SAGASTA Nº 35 Plta/Piso 1, piso 1","postal_code":"11150","places":2,"units":1,"registered":"2019-02-27","catastro":"3662902TF3136B0006KD","holder":null,"holder_count":null}},{"type":"Feature","geometry":{"type":"Point","coordinates":[-5.961824,36.253678]},"properties":{"id":"VUT/CA/06955","type":"VUT","group":"Completa","address":"CALLE ARENALEJOS Nº 1 Plta/Piso 1 Pta/Letra 1B, piso 1, puerta 1B","postal_code":"11150","places":2,"units":1,"registered":"2019-03-05","catastro":"4164118TF3146C0003WM","holder":null,"holder_count":null}},{"type":"Feature","geometry":{"type":"Point","coordinates":[-5.966492,36.249998]},"properties":{"id":"VUT/CA/06964","type":"VUT","group":"Completa","address":"CALLE PADRE JANDILLA Nº 3 Plta/Piso 4 Pta/Letra D, piso 4, puerta D","postal_code":"11150","places":5,"units":3,"registered":"2019-03-06","catastro":"3660102TF3135H0020US","holder":null,"holder_count":null}},{"type":"Feature","geometry":{"type":"Point","coordinates":[-5.966898,36.252986]},"properties":{"id":"VUT/CA/06991","type":"VUT","group":"Completa","address":"CALLE JUAN RELINQUE Nº 22 Plta/Piso 1 Pta/Letra D, piso 1, puerta D","postal_code":"11150","places":3,"units":2,"registered":"2019-03-12","catastro":"3563407TF3136D0006PI","holder":null,"holder_count":null}},{"type":"Feature","geometry":{"type":"Point","coordinates":[-5.96848,36.255807]},"properties":{"id":"VUT/CA/06999","type":"VUT","group":"Completa","address":"CALLE CRUZ DE CONIL Nº 6 Plta/Piso 1 Pta/Letra C Compl.Dom. ANTES NUMERO 12, piso 1, puerta C","postal_code":"11150","places":4,"units":2,"registered":"2019-03-13","catastro":"3767714TF3136E0001AS","holder":null,"holder_count":null}},{"type":"Feature","geometry":{"type":"Point","coordinates":[-5.966161,36.251287]},"properties":{"id":"VUT/CA/07042","type":"VUT","group":"Completa","address":"AVENIDA SAN MIGUEL Nº 4 Plta/Piso BAJO, piso BAJO","postal_code":"11150","places":5,"units":3,"registered":"2019-03-21","catastro":"3660416TF3136B0001DI","holder":null,"holder_count":null}},{"type":"Feature","geometry":{"type":"Point","coordinates":[-5.969255,36.250712]},"properties":{"id":"VUT/CA/07211","type":"VUT","group":"Por habitaciones","address":"AVENIDA ANDALUCIA Nº 37 Pta/Letra 2, puerta 2","postal_code":"11150","places":6,"units":3,"registered":"2019-04-22","catastro":"3360201TF3136A0010LT","holder":null,"holder_count":null}},{"type":"Feature","geometry":{"type":"Point","coordinates":[-5.970576,36.246799]},"properties":{"id":"VUT/CA/07354","type":"VUT","group":"Completa","address":"CALLE ALMIRANTE NELSON Nº 54","postal_code":"11150","places":4,"units":3,"registered":"2019-04-23","catastro":"3156101TF3135N0005QA","holder":null,"holder_count":null}},{"type":"Feature","geometry":{"type":"Point","coordinates":[-5.964874,36.25355]},"properties":{"id":"VUT/CA/07367","type":"VUT","group":"Completa","address":"CALLE JUAN BUENO Nº 7 Plta/Piso 1 Pta/Letra C, piso 1, puerta C","postal_code":"11150","places":5,"units":2,"registered":"2019-04-23","catastro":"3764704TF3136D0010IO","holder":"HERMANOS MERA MARCHANTE CB","holder_count":2}},{"type":"Feature","geometry":{"type":"Point","coordinates":[-5.964874,36.25355]},"properties":{"id":"VUT/CA/07369","type":"VUT","group":"Completa","address":"CALLE JUAN BUENO Nº 7 Plta/Piso 1 Pta/Letra C, piso 1, puerta C","postal_code":"11150","places":5,"units":2,"registered":"2019-04-23","catastro":"3764704TF3136D0009PA","holder":"HERMANOS MERA MARCHANTE CB","holder_count":2}},{"type":"Feature","geometry":{"type":"Point","coordinates":[-5.96701,36.247544]},"properties":{"id":"VUT/CA/07491","type":"VUT","group":"Completa","address":"CALLE La Noria Nº 2 Blq. 1 Plta/Piso 2 Pta/Letra b, piso 2, puerta b","postal_code":"11150","places":6,"units":2,"registered":"2019-04-25","catastro":"3557604TF3135F0014RF","holder":null,"holder_count":null}},{"type":"Feature","geometry":{"type":"Point","coordinates":[-5.967654,36.252698]},"properties":{"id":"VUT/CA/07816","type":"VUT","group":"Completa","address":"CALLE SAN AMBROSIO Nº 9","postal_code":"11150","places":4,"units":1,"registered":"2019-05-29","catastro":"3562202TF3136A0005BE","holder":null,"holder_count":null}},{"type":"Feature","geometry":{"type":"Point","coordinates":[-5.968112,36.255953]},"properties":{"id":"VUT/CA/08156","type":"VUT","group":"Completa","address":"CALLE LOS REMEDIOS Nº 43","postal_code":"11150","places":2,"units":1,"registered":"2019-06-28","catastro":"3767704TF3136E0002KD","holder":null,"holder_count":null}},{"type":"Feature","geometry":{"type":"Point","coordinates":[-5.967588,36.252619]},"properties":{"id":"VUT/CA/08201","type":"VUT","group":"Completa","address":"CALLE SAN AMBROSIO Nº 1 Esc. 1 Plta/Piso BJ Pta/Letra 3, piso BJ, puerta 3","postal_code":"11150","places":2,"units":1,"registered":"2019-07-02","catastro":"3562201TF3136A0004PW","holder":null,"holder_count":null}},{"type":"Feature","geometry":{"type":"Point","coordinates":[-6.071638,36.241389]},"properties":{"id":"VUT/CA/08203","type":"VUT","group":"Por habitaciones","address":"CAMINO DE EMILIO Nº S/N Compl.Dom. FINCA DE LA LUZ","postal_code":"11159","places":4,"units":2,"registered":"2019-07-02","catastro":"4115907TF2145C0001BG","holder":null,"holder_count":null}},{"type":"Feature","geometry":{"type":"Point","coordinates":[-5.969048,36.254464]},"properties":{"id":"VUT/CA/08259","type":"VUT","group":"Completa","address":"CALLE Trece Rosas Nº 16 Plta/Piso 0 Pta/Letra B, piso 0, puerta B","postal_code":"11150","places":4,"units":2,"registered":"2019-07-08","catastro":"3364504TF3136C0137PQ","holder":null,"holder_count":null}},{"type":"Feature","geometry":{"type":"Point","coordinates":[-5.968469,36.254132]},"properties":{"id":"VUT/CA/08266","type":"VUT","group":"Completa","address":"AVENIDA DE ANDALUCÍA. EDIFICIO LOS REMEDIOS Plta/Piso 2 Pta/Letra 8, piso 2, puerta 8","postal_code":"11150","places":4,"units":2,"registered":"2019-07-08","catastro":"3364502TF3136C0018XI","holder":null,"holder_count":null}},{"type":"Feature","geometry":{"type":"Point","coordinates":[-5.962708,36.254001]},"properties":{"id":"VUT/CA/08293","type":"VUT","group":"Completa","address":"CALLE SANCHO IV EL BRAVO Nº 4 Compl.Dom. ENTRANDO AL SEGUNDO PATIO A LA DERECHA","postal_code":"11150","places":4,"units":2,"registered":"2019-07-11","catastro":"3964602TF3136D0002AR","holder":null,"holder_count":null}},{"type":"Feature","geometry":{"type":"Point","coordinates":[-6.064817,36.228519]},"properties":{"id":"VUT/CA/08294","type":"VUT","group":"Completa","address":"CAMINO ALFEREZ Nº 358","postal_code":"11150","places":8,"units":4,"registered":"2019-07-12","catastro":"4613701TF2144F0001MW","holder":null,"holder_count":null}},{"type":"Feature","geometry":{"type":"Point","coordinates":[-5.965786,36.253307]},"properties":{"id":"VUT/CA/08312","type":"VUT","group":"Completa","address":"CALLE Cruz Nº 12 Plta/Piso bajo Pta/Letra centro, piso bajo, puerta centro","postal_code":"11150","places":4,"units":1,"registered":"2019-07-16","catastro":"3663505TF3136D0003IT","holder":null,"holder_count":null}},{"type":"Feature","geometry":{"type":"Point","coordinates":[-5.967198,36.25331]},"properties":{"id":"VUT/CA/08386","type":"VUT","group":"Completa","address":"CALLE Lanería Nº 1 Pta/Letra derecha, puerta derecha","postal_code":"11150","places":2,"units":1,"registered":"2019-07-23","catastro":"3563411TF3136D0003HT","holder":null,"holder_count":null}},{"type":"Feature","geometry":{"type":"Point","coordinates":[-5.970294,36.253304]},"properties":{"id":"VUT/CA/08411","type":"VUT","group":"Completa","address":"CALLE ALCAZABA Nº 9 Esc. 1 Plta/Piso BJ Pta/Letra F, piso BJ, puerta F","postal_code":"11150","places":6,"units":2,"registered":"2019-07-26","catastro":"3264702TF3136C0007UM","holder":null,"holder_count":null}},{"type":"Feature","geometry":{"type":"Point","coordinates":[-5.967482,36.24737]},"properties":{"id":"VUT/CA/08465","type":"VUT","group":"Completa","address":"CALLE HIJUELA DE LUCAS Nº 11 Plta/Piso 1 Pta/Letra B, piso 1, puerta B","postal_code":"11150","places":3,"units":1,"registered":"2019-08-01","catastro":"3415601TF3135F0022QL","holder":null,"holder_count":null}},{"type":"Feature","geometry":{"type":"Point","coordinates":[-5.961402,36.253937]},"properties":{"id":"VUT/CA/08641","type":"VUT","group":"Por habitaciones","address":"CALLE MERCED Nº 12","postal_code":"11150","places":6,"units":3,"registered":"2019-08-26","catastro":"4164121TF3146C0001MZ","holder":null,"holder_count":null}},{"type":"Feature","geometry":{"type":"Point","coordinates":[-5.969048,36.254464]},"properties":{"id":"VUT/CA/08686","type":"VUT","group":"Completa","address":"CALLE 13 Rosas Nº 16 Plta/Piso 1 Pta/Letra D, piso 1, puerta D","postal_code":"11150","places":6,"units":3,"registered":"2019-09-02","catastro":"3364504TF3136C0139SE","holder":null,"holder_count":null}},{"type":"Feature","geometry":{"type":"Point","coordinates":[-5.969181,36.246534]},"properties":{"id":"VUT/CA/08909","type":"VUT","group":"Completa","address":"CALLE Cabo 1º Antonio Mateo Nº 72","postal_code":"11150","places":6,"units":3,"registered":"2019-10-18","catastro":"3115502TF3135N0037LA","holder":null,"holder_count":null}},{"type":"Feature","geometry":{"type":"Point","coordinates":[-5.96701,36.247544]},"properties":{"id":"VUT/CA/08981","type":"VUT","group":"Completa","address":"CALLE LA NORIA Nº 2 Esc. 1 Plta/Piso 2 Pta/Letra A, piso 2, puerta A","postal_code":"11150","places":4,"units":2,"registered":"2019-10-24","catastro":"3557604TF3135F0015TG","holder":null,"holder_count":null}},{"type":"Feature","geometry":{"type":"Point","coordinates":[-5.970508,36.253043]},"properties":{"id":"VUT/CA/09009","type":"VUT","group":"Completa","address":"CALLE Esparragal Nº 1 Plta/Piso 2º Pta/Letra DCHA, piso 2º, puerta DCHA","postal_code":"11150","places":6,"units":3,"registered":"2019-10-28","catastro":"3263902TF3136C0006OX","holder":null,"holder_count":null}},{"type":"Feature","geometry":{"type":"Point","coordinates":[-5.968469,36.254132]},"properties":{"id":"VUT/CA/09070","type":"VUT","group":"Completa","address":"AVENIDA ANDALUCÍA. EDIFICIO LOS REMEDIOS Plta/Piso 1 Pta/Letra 6, piso 1, puerta 6","postal_code":"11150","places":4,"units":2,"registered":"2019-10-30","catastro":"3364502TF3136C0008GQ","holder":null,"holder_count":null}},{"type":"Feature","geometry":{"type":"Point","coordinates":[-5.961334,36.254103]},"properties":{"id":"VUT/CA/09109","type":"VUT","group":"Completa","address":"CALLE MERCED Nº 7 Plta/Piso BAJO Pta/Letra IZQDA., piso BAJO, puerta IZQDA.","postal_code":"11150","places":4,"units":2,"registered":"2019-11-11","catastro":"4064618TF3146C0003UM","holder":null,"holder_count":null}},{"type":"Feature","geometry":{"type":"Point","coordinates":[-5.9667,36.254277]},"properties":{"id":"VUT/CA/09129","type":"VUT","group":"Completa","address":"CALLE SAN FILMO Nº 15 Plta/Piso 1, piso 1","postal_code":"11150","places":2,"units":1,"registered":"2019-11-12","catastro":"3564607TF3136D0009EA","holder":null,"holder_count":null}},{"type":"Feature","geometry":{"type":"Point","coordinates":[-5.969048,36.254464]},"properties":{"id":"VUT/CA/09250","type":"VUT","group":"Completa","address":"CALLE MIRADOR DE LA JANDA Blq. 2 Esc. 1","postal_code":"11150","places":6,"units":3,"registered":"2019-11-22","catastro":"3364504TF3136C0138AW","holder":null,"holder_count":null}},{"type":"Feature","geometry":{"type":"Point","coordinates":[-5.964089,36.253115]},"properties":{"id":"VUT/CA/09280","type":"VUT","group":"Completa","address":"CALLE CASTILLO Nº 1 Plta/Piso 1, piso 1","postal_code":"11150","places":4,"units":2,"registered":"2019-11-25","catastro":"3863903TF3136D0002SR","holder":null,"holder_count":null}},{"type":"Feature","geometry":{"type":"Point","coordinates":[-5.965818,36.249264]},"properties":{"id":"VUT/CA/09370","type":"VUT","group":"Completa","address":"CALLE JUAN XXIII Plta/Piso 1 Pta/Letra 2, piso 1, puerta 2","postal_code":"11150","places":4,"units":2,"registered":"2019-12-02","catastro":"3659605TF3135H0011SY","holder":null,"holder_count":null}},{"type":"Feature","geometry":{"type":"Point","coordinates":[-5.965946,36.252446]},"properties":{"id":"VUT/CA/09371","type":"VUT","group":"Completa","address":"CALLE SAGASTA Nº 25 Esc. 1 Plta/Piso BJ Pta/Letra D, piso BJ, puerta D","postal_code":"11150","places":5,"units":3,"registered":"2019-12-02","catastro":"3663615TF3136D0004UY","holder":null,"holder_count":null}},{"type":"Feature","geometry":{"type":"Point","coordinates":[-5.965606,36.253336]},"properties":{"id":"VUT/CA/09692","type":"VUT","group":"Completa","address":"CALLE CRUZ Nº 3 Esc. 1 Plta/Piso 1 Pta/Letra B/K, piso 1, puerta B/K","postal_code":"11150","places":4,"units":2,"registered":"2020-01-21","catastro":"3763308TF3136D0002KR","holder":null,"holder_count":null}},{"type":"Feature","geometry":{"type":"Point","coordinates":[-5.968071,36.256206]},"properties":{"id":"VUT/CA/09945","type":"VUT","group":"Completa","address":"AVENIDA LOS REMEDIOS Nº 47 Plta/Piso 2 Pta/Letra B, piso 2, puerta B","postal_code":"11150","places":6,"units":3,"registered":"2020-02-13","catastro":"3767701TF3136E0007LK","holder":null,"holder_count":null}},{"type":"Feature","geometry":{"type":"Point","coordinates":[-5.968947,36.245972]},"properties":{"id":"VUT/CA/10230","type":"VUT","group":"Completa","address":"CALLE Tierno Galvan Nº 72","postal_code":"11150","places":6,"units":3,"registered":"2020-03-27","catastro":"3354301TF3135S0030XS","holder":null,"holder_count":null}},{"type":"Feature","geometry":{"type":"Point","coordinates":[-5.969439,36.254188]},"properties":{"id":"VUT/CA/10312","type":"VUT","group":"Por habitaciones","address":"CALLE HAZAS DE LA SUERTE Nº 32 Pta/Letra D, puerta D","postal_code":"11150","places":2,"units":1,"registered":"2020-04-14","catastro":"3364506TF3136C0008TQ","holder":null,"holder_count":null}},{"type":"Feature","geometry":{"type":"Point","coordinates":[-5.966007,36.250081]},"properties":{"id":"VUT/CA/10363","type":"VUT","group":"Completa","address":"CALLE DIPUTACION Nº 2 Plta/Piso BJ Pta/Letra A, piso BJ, puerta A","postal_code":"11150","places":4,"units":1,"registered":"2020-05-10","catastro":"3659401TF3135H0002IM","holder":null,"holder_count":null}},{"type":"Feature","geometry":{"type":"Point","coordinates":[-5.969439,36.254188]},"properties":{"id":"VUT/CA/10693","type":"VUT","group":"Completa","address":"CALLE HAZAS DE SUERTE Nº 3 Blq. 1 Plta/Piso +1 Pta/Letra B, piso +1, puerta B","postal_code":"11150","places":6,"units":3,"registered":"2020-07-07","catastro":"3364506TF3136C0064BH","holder":null,"holder_count":null}},{"type":"Feature","geometry":{"type":"Point","coordinates":[-5.962084,36.252609]},"properties":{"id":"VUT/CA/10727","type":"VUT","group":"Completa","address":"CALLE MISERICORDIA Nº 8 Plta/Piso 1 Pta/Letra B, piso 1, puerta B","postal_code":"11150","places":2,"units":1,"registered":"2020-07-13","catastro":"4062304TF3136B0009UH","holder":null,"holder_count":null}},{"type":"Feature","geometry":{"type":"Point","coordinates":[-5.966879,36.253888]},"properties":{"id":"VUT/CA/10861","type":"VUT","group":"Completa","address":"CALLE SAN FILMO Nº 7","postal_code":"11150","places":2,"units":2,"registered":"2020-08-11","catastro":"3564611TF3136D0002TR","holder":null,"holder_count":null}},{"type":"Feature","geometry":{"type":"Point","coordinates":[-5.967386,36.252389]},"properties":{"id":"VUT/CA/11011","type":"VUT","group":"Completa","address":"CALLE Corchero Nº 3","postal_code":"11150","places":4,"units":1,"registered":"2020-09-23","catastro":"3563810TF3136C0003ML","holder":null,"holder_count":null}},{"type":"Feature","geometry":{"type":"Point","coordinates":[-5.966404,36.254338]},"properties":{"id":"VUT/CA/11084","type":"VUT","group":"Completa","address":"CALLE SAN FILMO Nº 10","postal_code":"11150","places":2,"units":1,"registered":"2020-10-20","catastro":"3564601TF3136D0002AR","holder":null,"holder_count":null}},{"type":"Feature","geometry":{"type":"Point","coordinates":[-5.969707,36.24953]},"properties":{"id":"VUT/CA/11173","type":"VUT","group":"Completa","address":"AVENIDA BUENAVISTA Nº 36","postal_code":"11150","places":6,"units":4,"registered":"2020-11-25","catastro":"3359311TF3135G0001ZD","holder":null,"holder_count":null}},{"type":"Feature","geometry":{"type":"Point","coordinates":[-6.06141,36.235112]},"properties":{"id":"VUT/CA/11326","type":"VUT","group":"Completa","address":"CAMINO GUERRERO Nº 99","postal_code":"11159","places":5,"units":2,"registered":"2021-02-08","catastro":"11039A033002090000RS","holder":null,"holder_count":null}},{"type":"Feature","geometry":{"type":"Point","coordinates":[-5.968341,36.247983]},"properties":{"id":"VUT/CA/11472","type":"VUT","group":"Completa","address":"CALLE PINTOR MORILLO FERRADA Nº 14 Compl.Dom. ÁTICO","postal_code":"11150","places":4,"units":2,"registered":"2021-03-16","catastro":"3415202TF3135N0025BW","holder":null,"holder_count":null}},{"type":"Feature","geometry":{"type":"Point","coordinates":[-5.967198,36.25331]},"properties":{"id":"VUT/CA/11683","type":"VUT","group":"Completa","address":"CALLE LANERIA Nº 1","postal_code":"11150","places":4,"units":3,"registered":"2021-04-27","catastro":"3563411TF3136D0013MS","holder":null,"holder_count":null}},{"type":"Feature","geometry":{"type":"Point","coordinates":[-5.965632,36.250646]},"properties":{"id":"VUT/CA/11694","type":"VUT","group":"Completa","address":"AVENIDA SAN MIGUEL Nº 24 Plta/Piso 1 Pta/Letra B, piso 1, puerta B","postal_code":"11150","places":4,"units":2,"registered":"2021-04-30","catastro":"3660409TF3136B0008UG","holder":null,"holder_count":null}},{"type":"Feature","geometry":{"type":"Point","coordinates":[-5.966007,36.250081]},"properties":{"id":"VUT/CA/11766","type":"VUT","group":"Completa","address":"CALLE diputacion Nº 2 Plta/Piso bajo Pta/Letra B Compl.Dom. calle diputacion , 2 ,bajo b, piso bajo, puerta B","postal_code":"11150","places":2,"units":1,"registered":"2021-05-10","catastro":"3659401TF3135H0002IM","holder":null,"holder_count":null}},{"type":"Feature","geometry":{"type":"Point","coordinates":[-5.961842,36.252462]},"properties":{"id":"VUT/CA/12034","type":"VUT","group":"Completa","address":"CALLE MISERICORDIA Nº 12","postal_code":"11150","places":10,"units":5,"registered":"2021-06-07","catastro":"4062306tf3136b0001ji","holder":null,"holder_count":null}},{"type":"Feature","geometry":{"type":"Point","coordinates":[-5.963085,36.252972]},"properties":{"id":"VUT/CA/12096","type":"VUT","group":"Completa","address":"CALLE CANALEJAS Nº 18","postal_code":"11150","places":6,"units":3,"registered":"2021-06-11","catastro":"3963205TF3136D0001HE","holder":null,"holder_count":null}},{"type":"Feature","geometry":{"type":"Point","coordinates":[-5.968584,36.25142]},"properties":{"id":"VUT/CA/12098","type":"VUT","group":"Completa","address":"CALLE PERLA DE CADIZ Nº 10","postal_code":"11150","places":4,"units":3,"registered":"2021-06-11","catastro":"3461303TF3136A0004SW","holder":null,"holder_count":null}},{"type":"Feature","geometry":{"type":"Point","coordinates":[-5.970379,36.250395]},"properties":{"id":"VUT/CA/12103","type":"VUT","group":"Completa","address":"AVENIDA CADIZ Nº 9","postal_code":"11150","places":4,"units":1,"registered":"2021-06-12","catastro":"3159517TF3136G0004PP","holder":null,"holder_count":null}},{"type":"Feature","geometry":{"type":"Point","coordinates":[-5.964671,36.249921]},"properties":{"id":"VUT/CA/12128","type":"VUT","group":"Completa","address":"CALLE Don Quijote Esc. 1 Pta/Letra 30, puerta 30","postal_code":"11150","places":8,"units":4,"registered":"2021-06-14","catastro":"3715901TF3135H0031KB","holder":null,"holder_count":null}},{"type":"Feature","geometry":{"type":"Point","coordinates":[-5.971019,36.24614]},"properties":{"id":"VUT/CA/12269","type":"VUT","group":"Completa","address":"CALLE ALMIRANTE NELSON Nº 22","postal_code":"11150","places":6,"units":3,"registered":"2021-06-29","catastro":"3155901TF3135N0015SK","holder":null,"holder_count":null}},{"type":"Feature","geometry":{"type":"Point","coordinates":[-5.961003,36.252449]},"properties":{"id":"VUT/CA/12274","type":"VUT","group":"Completa","address":"CALLE LA FUENTE Nº 36 Plta/Piso BAJO, piso BAJO","postal_code":"11150","places":2,"units":1,"registered":"2021-06-29","catastro":"4162303TF3146A0001TE","holder":null,"holder_count":null}},{"type":"Feature","geometry":{"type":"Point","coordinates":[-5.961003,36.252449]},"properties":{"id":"VUT/CA/12392","type":"VUT","group":"Completa","address":"CALLE LA FUENTE Nº 36 Plta/Piso 1, piso 1","postal_code":"11150","places":5,"units":2,"registered":"2021-07-12","catastro":"4162303TF3146A0004IY","holder":null,"holder_count":null}},{"type":"Feature","geometry":{"type":"Point","coordinates":[-5.966367,36.254122]},"properties":{"id":"VUT/CA/12509","type":"VUT","group":"Completa","address":"CALLEJA ESCUDERO Nº 3","postal_code":"11150","places":6,"units":3,"registered":"2021-07-28","catastro":"3664413TF3136D0001YE","holder":null,"holder_count":null}},{"type":"Feature","geometry":{"type":"Point","coordinates":[-5.969048,36.254464]},"properties":{"id":"VUT/CA/12513","type":"VUT","group":"Completa","address":"CALLE CAÑADA DE SAN LÁZARO Nº 8 Plta/Piso BAJA Pta/Letra 1, piso BAJA, puerta 1","postal_code":"11150","places":2,"units":1,"registered":"2021-07-28","catastro":"3364504TF3136C0002RK","holder":null,"holder_count":null}},{"type":"Feature","geometry":{"type":"Point","coordinates":[-5.968453,36.2531]},"properties":{"id":"VUT/CA/12557","type":"VUT","group":"Completa","address":"CALLE ANTONIO MACHADO Nº 7","postal_code":"11150","places":6,"units":3,"registered":"2021-08-05","catastro":"3463911TF3136C0001LJ","holder":null,"holder_count":null}},{"type":"Feature","geometry":{"type":"Point","coordinates":[-5.962138,36.253676]},"properties":{"id":"VUT/CA/12729","type":"VUT","group":"Completa","address":"CALLE Silla Vieja Nº 10 Plta/Piso baja Pta/Letra B, piso baja, puerta B","postal_code":"11150","places":4,"units":1,"registered":"2021-09-09","catastro":"4064105TF3136D0002AR","holder":null,"holder_count":null}},{"type":"Feature","geometry":{"type":"Point","coordinates":[-5.963331,36.25211]},"properties":{"id":"VUT/CA/12753","type":"VUT","group":"Completa","address":"CALLE TRAFALGAR Nº 26","postal_code":"11150","places":4,"units":2,"registered":"2021-09-15","catastro":"3962919TF3136B0001MI","holder":"RESTAURACION INTERVEJER S.L.","holder_count":1}},{"type":"Feature","geometry":{"type":"Point","coordinates":[-5.961524,36.251754]},"properties":{"id":"VUT/CA/12755","type":"VUT","group":"Completa","address":"CALLE bodega triana Nº 19 Pta/Letra 2, puerta 2","postal_code":"11150","places":6,"units":3,"registered":"2021-09-15","catastro":"4062803TF3146A0001PE","holder":null,"holder_count":null}},{"type":"Feature","geometry":{"type":"Point","coordinates":[-5.969606,36.246232]},"properties":{"id":"VUT/CA/12766","type":"VUT","group":"Completa","address":"CALLE ALMIRANTE COLLINGWOOD Nº 5","postal_code":"11150","places":5,"units":3,"registered":"2021-09-17","catastro":"3255801TF3135N0006JS","holder":null,"holder_count":null}},{"type":"Feature","geometry":{"type":"Point","coordinates":[-5.96645,36.24898]},"properties":{"id":"VUT/CA/12814","type":"VUT","group":"Completa","address":"CALLE LEPANTO Nº 2 Plta/Piso 3 Pta/Letra DERECHA, piso 3, puerta DERECHA","postal_code":"11150","places":4,"units":2,"registered":"2021-09-29","catastro":"3559703TF3135H0017SS","holder":null,"holder_count":null}},{"type":"Feature","geometry":{"type":"Point","coordinates":[-5.967251,36.252538]},"properties":{"id":"VUT/CA/12879","type":"VUT","group":"Completa","address":"CALLE Bellido Nº 4","postal_code":"11150","places":9,"units":3,"registered":"2021-10-18","catastro":"3563805TF3136C0002RK","holder":null,"holder_count":null}},{"type":"Feature","geometry":{"type":"Point","coordinates":[-5.960868,36.253977]},"properties":{"id":"VUT/CA/13101","type":"VUT","group":"Completa","address":"CALLE LA MERCED Nº 32","postal_code":"11150","places":4,"units":2,"registered":"2021-12-01","catastro":"4164126TF3146C0001XZ","holder":null,"holder_count":null}},{"type":"Feature","geometry":{"type":"Point","coordinates":[-5.967049,36.254783]},"properties":{"id":"VUT/CA/13158","type":"VUT","group":"Completa","address":"CALLE LOS REMEDIOS Nº 29 Esc. 1 Plta/Piso 2 Pta/Letra B, piso 2, puerta B","postal_code":"11150","places":2,"units":2,"registered":"2021-12-20","catastro":"3565906TF3136D0006II","holder":null,"holder_count":null}},{"type":"Feature","geometry":{"type":"Point","coordinates":[-5.970325,36.24581]},"properties":{"id":"VUT/CA/13220","type":"VUT","group":"Completa","address":"CALLE Almirante Escaño Nº 23","postal_code":"11150","places":7,"units":4,"registered":"2022-01-08","catastro":"3255101TF3135N0017BB","holder":null,"holder_count":null}},{"type":"Feature","geometry":{"type":"Point","coordinates":[-5.961506,36.254104]},"properties":{"id":"VUT/CA/13231","type":"VUT","group":"Completa","address":"CALLE MERCED Nº 1","postal_code":"11150","places":4,"units":1,"registered":"2022-01-10","catastro":"4064617TF3146C0003ZM","holder":null,"holder_count":null}},{"type":"Feature","geometry":{"type":"Point","coordinates":[-5.966658,36.252523]},"properties":{"id":"VUT/CA/13492","type":"VUT","group":"Completa","address":"CALLE SANTISIMO Nº 13","postal_code":"11150","places":5,"units":2,"registered":"2022-02-18","catastro":"3662315TF3136B0002AO","holder":null,"holder_count":null}},{"type":"Feature","geometry":{"type":"Point","coordinates":[-5.96643,36.252801]},"properties":{"id":"VUT/CA/13543","type":"VUT","group":"Completa","address":"CALLE SANTISIMO Nº 7","postal_code":"11150","places":3,"units":2,"registered":"2022-02-25","catastro":"3662318TF3136B0005KS","holder":null,"holder_count":null}},{"type":"Feature","geometry":{"type":"Point","coordinates":[-5.971019,36.24614]},"properties":{"id":"VUT/CA/13602","type":"VUT","group":"Completa","address":"CALLE ALMIRANTE ESCAÑO Nº 42","postal_code":"11150","places":4,"units":2,"registered":"2022-03-06","catastro":"3155901TF3135N0009OG","holder":null,"holder_count":null}},{"type":"Feature","geometry":{"type":"Point","coordinates":[-5.965886,36.253884]},"properties":{"id":"VUT/CA/13649","type":"VUT","group":"Completa","address":"CALLE COSTANILLA NAZARENO Nº 2","postal_code":"11150","places":4,"units":2,"registered":"2022-03-10","catastro":"3664906TF3136D0004HY","holder":null,"holder_count":null}},{"type":"Feature","geometry":{"type":"Point","coordinates":[-5.970576,36.246799]},"properties":{"id":"VUT/CA/13685","type":"VUT","group":"Completa","address":"CALLE Almirante Nelson Nº 6 Compl.Dom. Manzana 2 vivienda 28","postal_code":"11150","places":6,"units":3,"registered":"2022-03-14","catastro":"3156101TF3135N0029LY","holder":null,"holder_count":null}},{"type":"Feature","geometry":{"type":"Point","coordinates":[-5.961524,36.251754]},"properties":{"id":"VUT/CA/13690","type":"VUT","group":"Completa","address":"CALLE Bodega de Triana, 19 Pta/Letra 5, puerta 5","postal_code":"11150","places":3,"units":1,"registered":"2022-03-15","catastro":"4062803TF3146A0041GI","holder":null,"holder_count":null}},{"type":"Feature","geometry":{"type":"Point","coordinates":[-5.962711,36.254253]},"properties":{"id":"VUT/CA/13755","type":"VUT","group":"Completa","address":"CALLE corredera nº16 Nº 16 Compl.Dom. CALLE CORREDERA, Nº 16","postal_code":"11150","places":4,"units":1,"registered":"2022-03-22","catastro":"3964407TF3136D0001QE","holder":null,"holder_count":null}},{"type":"Feature","geometry":{"type":"Point","coordinates":[-5.967286,36.248713]},"properties":{"id":"VUT/CA/13783","type":"VUT","group":"Completa","address":"CALLE Manuel Garcia Caparros Nº 1 Plta/Piso 2º Pta/Letra C, piso 2º, puerta C","postal_code":"11150","places":5,"units":3,"registered":"2022-03-24","catastro":"3415301TF3135H0017PS","holder":null,"holder_count":null}},{"type":"Feature","geometry":{"type":"Point","coordinates":[-5.966858,36.251736]},"properties":{"id":"VUT/CA/13879","type":"VUT","group":"Completa","address":"CALLE JUAN DE SEVILLA Nº 10","postal_code":"11150","places":4,"units":5,"registered":"2022-04-06","catastro":"3562712TF3136B0003OP","holder":null,"holder_count":null}},{"type":"Feature","geometry":{"type":"Point","coordinates":[-5.962711,36.254253]},"properties":{"id":"VUT/CA/13931","type":"VUT","group":"Completa","address":"CALLE CORREDERA Nº 16","postal_code":"11150","places":2,"units":1,"registered":"2022-04-12","catastro":"3964407TF3136D0001QE","holder":null,"holder_count":null}},{"type":"Feature","geometry":{"type":"Point","coordinates":[-5.962711,36.254253]},"properties":{"id":"VUT/CA/13932","type":"VUT","group":"Completa","address":"CALLE CORREDERA Nº 16B","postal_code":"11150","places":4,"units":2,"registered":"2022-04-12","catastro":"3964407TF3136D0001QE","holder":null,"holder_count":null}},{"type":"Feature","geometry":{"type":"Point","coordinates":[-5.967473,36.253114]},"properties":{"id":"VUT/CA/13938","type":"VUT","group":"Completa","address":"CALLE Cobarrubias Nº 8 Plta/Piso BJ Pta/Letra 0B, piso BJ, puerta 0B","postal_code":"11150","places":4,"units":1,"registered":"2022-04-13","catastro":"3563906TF3136C0002Jk","holder":null,"holder_count":null}},{"type":"Feature","geometry":{"type":"Point","coordinates":[-5.965923,36.248676]},"properties":{"id":"VUT/CA/13941","type":"VUT","group":"Completa","address":"AVENIDA San Miguel Nº 78 Plta/Piso 2 Pta/Letra dc, piso 2, puerta dc","postal_code":"11150","places":6,"units":2,"registered":"2022-04-13","catastro":"3658904TF3135H0011PY","holder":null,"holder_count":null}},{"type":"Feature","geometry":{"type":"Point","coordinates":[-5.96722,36.25483]},"properties":{"id":"VUT/CA/13953","type":"VUT","group":"Completa","address":"CALLE LOS REMEDIOS Nº 31 Esc. 1 Plta/Piso 3 Pta/Letra D, piso 3, puerta D","postal_code":"11150","places":5,"units":3,"registered":"2022-04-17","catastro":"3565905TF3136D0009WA","holder":null,"holder_count":null}},{"type":"Feature","geometry":{"type":"Point","coordinates":[-5.966199,36.253191]},"properties":{"id":"VUT/CA/13978","type":"VUT","group":"Completa","address":"CALLE SAGASTA Nº 10","postal_code":"11150","places":4,"units":1,"registered":"2022-04-20","catastro":"3663212TF3136D0003OT","holder":null,"holder_count":null}},{"type":"Feature","geometry":{"type":"Point","coordinates":[-5.968668,36.254758]},"properties":{"id":"VUT/CA/14147","type":"VUT","group":"Completa","address":"CALLE LOS REMEDIOS Esc. A Plta/Piso 1 Pta/Letra C, piso 1, puerta C","postal_code":"11150","places":2,"units":1,"registered":"2022-05-05","catastro":"3364505TF3136C0083QY","holder":null,"holder_count":null}},{"type":"Feature","geometry":{"type":"Point","coordinates":[-5.961524,36.251754]},"properties":{"id":"VUT/CA/14196","type":"VUT","group":"Completa","address":"CALLE Bodega de Triana Nº 19 Plta/Piso 11, piso 11","postal_code":"11150","places":4,"units":2,"registered":"2022-05-10","catastro":"4062803TF3146A0047ZF","holder":null,"holder_count":null}},{"type":"Feature","geometry":{"type":"Point","coordinates":[-5.968341,36.247983]},"properties":{"id":"VUT/CA/14208","type":"VUT","group":"Completa","address":"CALLE PINTOR MORILLO FERRADA Portal 2 Pta/Letra B, puerta B","postal_code":"11150","places":6,"units":3,"registered":"2022-05-12","catastro":"3415202TF3135N0007ID","holder":null,"holder_count":null}},{"type":"Feature","geometry":{"type":"Point","coordinates":[-5.968133,36.247923]},"properties":{"id":"VUT/CA/14211","type":"VUT","group":"Completa","address":"CALLE PINTOR MORILLO FERRADA Nº 10 Plta/Piso 0 Pta/Letra A, piso 0, puerta A","postal_code":"11150","places":6,"units":3,"registered":"2022-05-12","catastro":"3415201TF3135N0028FT","holder":"APARTAMENTOS ANDALMAR S.L.","holder_count":1}},{"type":"Feature","geometry":{"type":"Point","coordinates":[-5.961714,36.252385]},"properties":{"id":"VUT/CA/14215","type":"VUT","group":"Completa","address":"CALLE MISERICORDIA Nº 14 Plta/Piso BJ Pta/Letra B, piso BJ, puerta B","postal_code":"11150","places":2,"units":1,"registered":"2022-05-12","catastro":"4062307TF3136B0002RO","holder":null,"holder_count":null}},{"type":"Feature","geometry":{"type":"Point","coordinates":[-5.96701,36.247544]},"properties":{"id":"VUT/CA/14290","type":"VUT","group":"Completa","address":"CALLE LA NORIA, Nº 2 Portal 4 Plta/Piso 1 Pta/Letra A Compl.Dom. c/ LA NORIA, 2 Ptal.4, 1º A, también entrada por C/ Pintor Francisco Prieto, 1, Ptal.4 1º A, piso 1, puerta A","postal_code":"11150","places":5,"units":3,"registered":"2022-05-18","catastro":"3557604TF3135F0027FQ","holder":null,"holder_count":null}},{"type":"Feature","geometry":{"type":"Point","coordinates":[-5.9688,36.245268]},"properties":{"id":"VUT/CA/14311","type":"VUT","group":"Completa","address":"CALLE HIJUEL DE LUCAS Nº 70","postal_code":"11150","places":6,"units":3,"registered":"2022-05-19","catastro":"3354301TF3135S0075OX","holder":null,"holder_count":null}},{"type":"Feature","geometry":{"type":"Point","coordinates":[-5.97108,36.251964]},"properties":{"id":"VUT/CA/14381","type":"VUT","group":"Completa","address":"CALLE BENITO DEL LOMO Nº 27 Esc. 1 Plta/Piso 2 Pta/Letra E, piso 2, puerta E","postal_code":"11150","places":4,"units":2,"registered":"2022-05-25","catastro":"3162602TF3136A0005XE","holder":null,"holder_count":null}},{"type":"Feature","geometry":{"type":"Point","coordinates":[-5.963892,36.253335]},"properties":{"id":"VUT/CA/14382","type":"VUT","group":"Completa","address":"CALLE ROSARIO Nº 6","postal_code":"11150","places":2,"units":1,"registered":"2022-05-25","catastro":"3863928TF3136D0007RO","holder":"HOTEL V VEJER SL","holder_count":1}},{"type":"Feature","geometry":{"type":"Point","coordinates":[-5.969439,36.254188]},"properties":{"id":"VUT/CA/14388","type":"VUT","group":"Completa","address":"CALLE HAZAS DE SUERTE Nº 36 Blq. 2 Esc. 1 Plta/Piso 0 Pta/Letra D, piso 0, puerta D","postal_code":"11150","places":4,"units":2,"registered":"2022-05-25","catastro":"3364506TF3136C0012YW","holder":null,"holder_count":null}},{"type":"Feature","geometry":{"type":"Point","coordinates":[-5.969981,36.250491]},"properties":{"id":"VUT/CA/14449","type":"VUT","group":"Completa","address":"AVENIDA DE CADIZ Nº 2 Blq. A Esc. 1 Plta/Piso 1 Pta/Letra 17, piso 1, puerta 17","postal_code":"11150","places":3,"units":3,"registered":"2022-05-31","catastro":"3159515TF3136G0035FO","holder":null,"holder_count":null}},{"type":"Feature","geometry":{"type":"Point","coordinates":[-5.969981,36.250491]},"properties":{"id":"VUT/CA/14464","type":"VUT","group":"Completa","address":"AVENIDA ANDALUCIA Nº 28 Plta/Piso 1 Pta/Letra 12, piso 1, puerta 12","postal_code":"11150","places":4,"units":2,"registered":"2022-06-01","catastro":"3159515TF3136G0034DI","holder":null,"holder_count":null}},{"type":"Feature","geometry":{"type":"Point","coordinates":[-5.966997,36.246969]},"properties":{"id":"VUT/CA/14466","type":"VUT","group":"Completa","address":"CALLE RONDA DEL REAL Nº 1","postal_code":"11150","places":5,"units":3,"registered":"2022-06-01","catastro":"3556812TF3135F0001LR","holder":null,"holder_count":null}},{"type":"Feature","geometry":{"type":"Point","coordinates":[-5.963356,36.25241]},"properties":{"id":"VUT/CA/14468","type":"VUT","group":"Completa","address":"CALLE MESON DE ANIMAS Nº 4","postal_code":"11150","places":14,"units":6,"registered":"2022-06-01","catastro":"3863918TF3136D0001RE","holder":null,"holder_count":null}},{"type":"Feature","geometry":{"type":"Point","coordinates":[-5.969338,36.250399]},"properties":{"id":"VUT/CA/14719","type":"VUT","group":"Completa","address":"AVENIDA ANDALUCIA Nº 37 Blq. A Esc. 1 Plta/Piso 1 Pta/Letra 7, piso 1, puerta 7","postal_code":"11150","places":6,"units":3,"registered":"2022-06-16","catastro":"3360202TF3136A0007TT","holder":null,"holder_count":null}},{"type":"Feature","geometry":{"type":"Point","coordinates":[-5.966778,36.253193]},"properties":{"id":"VUT/CA/14798","type":"VUT","group":"Completa","address":"CALLE JUAN RELINQUE Nº 18 Esc. 1 Plta/Piso 1 Pta/Letra C, piso 1, puerta C","postal_code":"11150","places":8,"units":2,"registered":"2022-06-23","catastro":"3563405TF3136D0005FU","holder":null,"holder_count":null}},{"type":"Feature","geometry":{"type":"Point","coordinates":[-5.963485,36.252833]},"properties":{"id":"VUT/CA/14846","type":"VUT","group":"Completa","address":"CALLE ROSARIO Nº 16","postal_code":"11150","places":6,"units":3,"registered":"2022-06-26","catastro":"3863924TF3136D0001IE","holder":null,"holder_count":null}},{"type":"Feature","geometry":{"type":"Point","coordinates":[-5.966096,36.253274]},"properties":{"id":"VUT/CA/14912","type":"VUT","group":"Completa","address":"CALLE SAGASTA Nº 7","postal_code":"11150","places":4,"units":1,"registered":"2022-06-30","catastro":"3663507TF3136D0003ET","holder":null,"holder_count":null}},{"type":"Feature","geometry":{"type":"Point","coordinates":[-5.961524,36.251754]},"properties":{"id":"VUT/CA/14941","type":"VUT","group":"Completa","address":"CALLE BODEGA DE TRIANA Nº 8 Pta/Letra 1, puerta 1","postal_code":"11150","places":4,"units":1,"registered":"2022-07-04","catastro":"4062803TF3146A0037FU","holder":"HAZA DEL CAMINO SL","holder_count":1}},{"type":"Feature","geometry":{"type":"Point","coordinates":[-5.966161,36.251287]},"properties":{"id":"VUT/CA/15014","type":"VUT","group":"Completa","address":"AVENIDA SAN MIGUEL Nº 6 Blq. 2 Plta/Piso BAJO, piso BAJO","postal_code":"11150","places":6,"units":3,"registered":"2022-07-08","catastro":"3660416TF3136B0011BG","holder":null,"holder_count":null}},{"type":"Feature","geometry":{"type":"Point","coordinates":[-5.963147,36.254711]},"properties":{"id":"VUT/CA/15038","type":"VUT","group":"Completa","address":"CALLE RETIRO Nº 14 Portal 1","postal_code":"11150","places":6,"units":3,"registered":"2022-07-11","catastro":"4064627TF3146C0007LR","holder":"PLURAKONSA S.L","holder_count":1}},{"type":"Feature","geometry":{"type":"Point","coordinates":[-5.967727,36.251798]},"properties":{"id":"VUT/CA/15172","type":"VUT","group":"Completa","address":"CALLE BELLIDO Nº 24 Pta/Letra C, puerta C","postal_code":"11150","places":3,"units":1,"registered":"2022-07-22","catastro":"3562215TF3136A0003HQ","holder":"DOGOSUR CONSTRUCCIONES SL","holder_count":1}},{"type":"Feature","geometry":{"type":"Point","coordinates":[-5.967727,36.251798]},"properties":{"id":"VUT/CA/15173","type":"VUT","group":"Completa","address":"CALLE BELLIDO 24 Pta/Letra D, puerta D","postal_code":"11150","places":3,"units":1,"registered":"2022-07-22","catastro":"3562215TF3136A0004JW","holder":"DOGOSUR CONSTRUCCION SL","holder_count":1}},{"type":"Feature","geometry":{"type":"Point","coordinates":[-5.961524,36.251754]},"properties":{"id":"VUT/CA/15280","type":"VUT","group":"Completa","address":"CALLE Bodega Triana Nº 19 Pta/Letra 3, puerta 3","postal_code":"11150","places":4,"units":2,"registered":"2022-08-04","catastro":"4062803TF3146A0039HO","holder":null,"holder_count":null}},{"type":"Feature","geometry":{"type":"Point","coordinates":[-5.966184,36.25182]},"properties":{"id":"VUT/CA/15372","type":"VUT","group":"Completa","address":"CALLE MIRALLES Nº 8","postal_code":"11150","places":4,"units":2,"registered":"2022-08-17","catastro":"3662907TF3136B0001SI","holder":null,"holder_count":null}},{"type":"Feature","geometry":{"type":"Point","coordinates":[-5.967739,36.253119]},"properties":{"id":"VUT/CA/15406","type":"VUT","group":"Completa","address":"CALLE COBARUBIAS Nº 21","postal_code":"11150","places":7,"units":4,"registered":"2022-08-25","catastro":"3563210TF3136C0009TW","holder":null,"holder_count":null}},{"type":"Feature","geometry":{"type":"Point","coordinates":[-5.966367,36.254122]},"properties":{"id":"VUT/CA/15512","type":"VUT","group":"Completa","address":"CALLE SAN FILMO Nº 5 Calif.Nº A","postal_code":"11150","places":2,"units":1,"registered":"2022-09-12","catastro":"3664413TF3136D0002UR","holder":null,"holder_count":null}},{"type":"Feature","geometry":{"type":"Point","coordinates":[-5.962084,36.252609]},"properties":{"id":"VUT/CA/15657","type":"VUT","group":"Completa","address":"CALLE Misericordia Nº 8 Esc. 1 Plta/Piso 1 Pta/Letra C, piso 1, puerta C","postal_code":"11150","places":6,"units":2,"registered":"2022-10-02","catastro":"4062304TF3136B0003QP","holder":null,"holder_count":null}},{"type":"Feature","geometry":{"type":"Point","coordinates":[-5.969669,36.246705]},"properties":{"id":"VUT/CA/15678","type":"VUT","group":"Completa","address":"CALLE ALMIRANTE ESCAÑO Nº 20","postal_code":"11150","places":4,"units":2,"registered":"2022-10-05","catastro":"3256801TF3135N0007MD","holder":null,"holder_count":null}},{"type":"Feature","geometry":{"type":"Point","coordinates":[-5.968668,36.254758]},"properties":{"id":"VUT/CA/15679","type":"VUT","group":"Completa","address":"CALLE LOS REMEDIOS Nº 0 Esc. A Plta/Piso 1 Pta/Letra 2E, piso 1, puerta 2E","postal_code":"11150","places":4,"units":2,"registered":"2022-10-05","catastro":"3364505TF3136C0082MT","holder":null,"holder_count":null}},{"type":"Feature","geometry":{"type":"Point","coordinates":[-5.964089,36.253115]},"properties":{"id":"VUT/CA/16026","type":"VUT","group":"Completa","address":"CALLE CASTILLO Nº 1 Plta/Piso BJ Pta/Letra A, piso BJ, puerta A","postal_code":"11150","places":2,"units":1,"registered":"2022-12-15","catastro":"3863903TF3136D0001AE","holder":null,"holder_count":null}},{"type":"Feature","geometry":{"type":"Point","coordinates":[-5.961506,36.254104]},"properties":{"id":"VUT/CA/16206","type":"VUT","group":"Completa","address":"CALLE MERCED Nº 3","postal_code":"11150","places":5,"units":2,"registered":"2023-01-24","catastro":"4064617TF3146C0001LZ","holder":null,"holder_count":null}},{"type":"Feature","geometry":{"type":"Point","coordinates":[-5.963349,36.251856]},"properties":{"id":"VUT/CA/16208","type":"VUT","group":"Completa","address":"PASEO DE LAS COBIJADAS Nº 11","postal_code":"11150","places":3,"units":1,"registered":"2023-01-24","catastro":"3962102TF3136B0006ID","holder":null,"holder_count":null}},{"type":"Feature","geometry":{"type":"Point","coordinates":[-5.968469,36.254132]},"properties":{"id":"VUT/CA/16257","type":"VUT","group":"Completa","address":"AVENIDA ANDALUCIA Nº 4","postal_code":"11150","places":4,"units":2,"registered":"2023-01-30","catastro":"3364502tf3136C0021XI","holder":null,"holder_count":null}},{"type":"Feature","geometry":{"type":"Point","coordinates":[-5.969669,36.246705]},"properties":{"id":"VUT/CA/16554","type":"VUT","group":"Completa","address":"CALLE ALMIRANTE ESCAÑO Nº 28","postal_code":"11150","places":4,"units":2,"registered":"2023-02-27","catastro":"3256801TF3135N0003LO","holder":null,"holder_count":null}},{"type":"Feature","geometry":{"type":"Point","coordinates":[-5.970464,36.251411]},"properties":{"id":"VUT/CA/17005","type":"VUT","group":"Completa","address":"CALLE Los Almendros Nº 3 Compl.Dom. Tambien Calle Alarifes 8","postal_code":"11150","places":6,"units":3,"registered":"2023-04-09","catastro":"3261403TF3136A0002UM","holder":null,"holder_count":null}},{"type":"Feature","geometry":{"type":"Point","coordinates":[-5.969048,36.254464]},"properties":{"id":"VUT/CA/17011","type":"VUT","group":"Completa","address":"CALLE CAÑADA SAN LAZARO Nº 8 Pta/Letra 7, puerta 7","postal_code":"11150","places":2,"units":1,"registered":"2023-04-10","catastro":"3364504TF3136C0008PQ","holder":null,"holder_count":null}},{"type":"Feature","geometry":{"type":"Point","coordinates":[-5.966161,36.251287]},"properties":{"id":"VUT/CA/17065","type":"VUT","group":"Completa","address":"AVENIDA SAN MIGUEL Nº 6 Plta/Piso 1 Pta/Letra IZQUIERDA, piso 1, puerta IZQUIERDA","postal_code":"11150","places":6,"units":3,"registered":"2023-04-12","catastro":"3660416TF3136B0009ZH","holder":null,"holder_count":null}},{"type":"Feature","geometry":{"type":"Point","coordinates":[-5.969181,36.246534]},"properties":{"id":"VUT/CA/17156","type":"VUT","group":"Por habitaciones","address":"CALLE CABO 1º ANTONIO MATEO Nº 46","postal_code":"11150","places":4,"units":1,"registered":"2023-04-20","catastro":"3115502TF3135N0024OQ","holder":null,"holder_count":null}},{"type":"Feature","geometry":{"type":"Point","coordinates":[-5.971298,36.251659]},"properties":{"id":"VUT/CA/17282","type":"VUT","group":"Completa","address":"CALLE MIRAMUNDO Nº 65 Plta/Piso 1 Pta/Letra D, piso 1, puerta D","postal_code":"11150","places":5,"units":2,"registered":"2023-04-28","catastro":"3161501TF3136A0004EW","holder":null,"holder_count":null}},{"type":"Feature","geometry":{"type":"Point","coordinates":[-6.055542,36.225251]},"properties":{"id":"VUT/CA/17354","type":"VUT","group":"Completa","address":"CALLE carretera de la playa Nº 379","postal_code":"11159","places":13,"units":5,"registered":"2023-05-03","catastro":"11039A033003790001TZ","holder":"GALLARETO SL","holder_count":1}},{"type":"Feature","geometry":{"type":"Point","coordinates":[-5.968947,36.245972]},"properties":{"id":"VUT/CA/17358","type":"VUT","group":"Completa","address":"CALLE TIERNO GALVAN Nº 65","postal_code":"11150","places":6,"units":3,"registered":"2023-05-03","catastro":"3354301TF3135S0058ZA","holder":null,"holder_count":null}},{"type":"Feature","geometry":{"type":"Point","coordinates":[-5.961484,36.253776]},"properties":{"id":"VUT/CA/17404","type":"VUT","group":"Completa","address":"CALLE Silla Vieja Nº 1","postal_code":"11150","places":4,"units":2,"registered":"2023-05-07","catastro":"4164120TF3146C0001FZ","holder":null,"holder_count":null}},{"type":"Feature","geometry":{"type":"Point","coordinates":[-5.962007,36.251646]},"properties":{"id":"VUT/CA/17483","type":"VUT","group":"Completa","address":"PASEO COBIJADAS Nº 31","postal_code":"11150","places":5,"units":3,"registered":"2023-05-12","catastro":"3562510TF3136B0005IS","holder":null,"holder_count":null}},{"type":"Feature","geometry":{"type":"Point","coordinates":[-5.968948,36.251127]},"properties":{"id":"VUT/CA/17564","type":"VUT","group":"Completa","address":"AVENIDA ANDALUCIA Nº 35 Plta/Piso BJ Pta/Letra 05, piso BJ, puerta 05","postal_code":"11150","places":4,"units":2,"registered":"2023-05-18","catastro":"3460402TF3136A0009UU","holder":null,"holder_count":null}},{"type":"Feature","geometry":{"type":"Point","coordinates":[-5.962846,36.252297]},"properties":{"id":"VUT/CA/17583","type":"VUT","group":"Completa","address":"CALLE ROSARIO Nº 32 Plta/Piso 2 Pta/Letra B, piso 2, puerta B","postal_code":"11150","places":4,"units":2,"registered":"2023-05-19","catastro":"3962903TF3136B0002XO","holder":null,"holder_count":null}},{"type":"Feature","geometry":{"type":"Point","coordinates":[-5.967528,36.250864]},"properties":{"id":"VUT/CA/17658","type":"VUT","group":"Completa","address":"CALLE MOLINERO Nº 22 Plta/Piso BJ Pta/Letra B, piso BJ, puerta B","postal_code":"11150","places":3,"units":2,"registered":"2023-05-25","catastro":"3461206TF3136A0028UB","holder":null,"holder_count":null}},{"type":"Feature","geometry":{"type":"Point","coordinates":[-5.96498,36.254491]},"properties":{"id":"VUT/CA/17714","type":"VUT","group":"Completa","address":"CALLE CORREDERA Nº 49 Plta/Piso 1, piso 1","postal_code":"11150","places":3,"units":2,"registered":"2023-05-29","catastro":"3764404TF3136D0001DE","holder":null,"holder_count":null}},{"type":"Feature","geometry":{"type":"Point","coordinates":[-5.966829,36.253108]},"properties":{"id":"VUT/CA/17878","type":"VUT","group":"Completa","address":"CALLE JUAN RELINQUE Nº 20","postal_code":"11150","places":6,"units":3,"registered":"2023-06-08","catastro":"3563406TF3136D0003ZT","holder":null,"holder_count":null}},{"type":"Feature","geometry":{"type":"Point","coordinates":[-5.971745,36.26093]},"properties":{"id":"VUT/CA/17997","type":"VUT","group":"Completa","address":"CARRETERA N-340 Km 36 Compl.Dom. SANTA LUCIA","postal_code":"11150","places":5,"units":3,"registered":"2023-06-20","catastro":"000402400TF31E0001XS","holder":null,"holder_count":null}},{"type":"Feature","geometry":{"type":"Point","coordinates":[-5.970325,36.24581]},"properties":{"id":"VUT/CA/18227","type":"VUT","group":"Completa","address":"CALLE ALMIRANTE COLLINWOOD Nº 10C","postal_code":"11150","places":6,"units":3,"registered":"2023-07-04","catastro":"3255101TF3135N0001UU","holder":null,"holder_count":null}},{"type":"Feature","geometry":{"type":"Point","coordinates":[-5.968523,36.251796]},"properties":{"id":"VUT/CA/18274","type":"VUT","group":"Completa","address":"CALLE Torero Juan Conde Nº 14 Plta/Piso 1 Pta/Letra c, piso 1, puerta c","postal_code":"11150","places":4,"units":2,"registered":"2023-07-06","catastro":"3462103TF3136A0001YX","holder":null,"holder_count":null}},{"type":"Feature","geometry":{"type":"Point","coordinates":[-5.944726,36.22166]},"properties":{"id":"VUT/CA/18281","type":"VUT","group":"Por habitaciones","address":"CAMINO HOYO DE LA OLIVA Nº 0","postal_code":"11150","places":4,"units":4,"registered":"2023-07-07","catastro":"002101000tf31d0001qe","holder":null,"holder_count":null}},{"type":"Feature","geometry":{"type":"Point","coordinates":[-5.968584,36.25142]},"properties":{"id":"VUT/CA/18360","type":"VUT","group":"Completa","address":"CALLE PERLA DE CADIZ Nº 6 Plta/Piso 1, piso 1","postal_code":"11150","places":6,"units":3,"registered":"2023-07-13","catastro":"3461303TF3136A0003AQ","holder":null,"holder_count":null}},{"type":"Feature","geometry":{"type":"Point","coordinates":[-5.968785,36.255882]},"properties":{"id":"VUT/CA/18385","type":"VUT","group":"Completa","address":"CAÑADA SAN LAZARO Nº 55","postal_code":"11150","places":3,"units":1,"registered":"2023-07-16","catastro":"3365122TF3136E0010FK","holder":null,"holder_count":null}},{"type":"Feature","geometry":{"type":"Point","coordinates":[-5.962707,36.252956]},"properties":{"id":"VUT/CA/18408","type":"VUT","group":"Completa","address":"CALLE San Juan Nº 22 Portal 1 Plta/Piso 1 Pta/Letra E, piso 1, puerta E","postal_code":"11158","places":2,"units":1,"registered":"2023-07-18","catastro":"3963808TF3136D0004QY","holder":null,"holder_count":null}},{"type":"Feature","geometry":{"type":"Point","coordinates":[-5.971241,36.251955]},"properties":{"id":"VUT/CA/18435","type":"VUT","group":"Completa","address":"CALLE MIRAMUNDO Nº 49","postal_code":"11150","places":3,"units":2,"registered":"2023-07-21","catastro":"3162603TF3136A0001RX","holder":null,"holder_count":null}},{"type":"Feature","geometry":{"type":"Point","coordinates":[-5.965281,36.253167]},"properties":{"id":"VUT/CA/18493","type":"VUT","group":"Completa","address":"CALLE Almaraz Nº 11","postal_code":"11150","places":2,"units":1,"registered":"2023-07-27","catastro":"3663608TF3136D0005KU","holder":null,"holder_count":null}},{"type":"Feature","geometry":{"type":"Point","coordinates":[-5.965422,36.248033]},"properties":{"id":"VUT/CA/18571","type":"VUT","group":"Completa","address":"CALLE Doctor Romero Nº 2 Plta/Piso 2 Pta/Letra dcha, piso 2, puerta dcha","postal_code":"11150","places":5,"units":3,"registered":"2023-08-05","catastro":"3657604TF3135F0003AY","holder":null,"holder_count":null}},{"type":"Feature","geometry":{"type":"Point","coordinates":[-5.968566,36.24724]},"properties":{"id":"VUT/CA/18605","type":"VUT","group":"Completa","address":"CALLE CABO 1 ANTONIO MATEO Nº 11","postal_code":"11150","places":6,"units":3,"registered":"2023-08-09","catastro":"3315901TF3135N0023XM","holder":null,"holder_count":null}},{"type":"Feature","geometry":{"type":"Point","coordinates":[-5.970325,36.24581]},"properties":{"id":"VUT/CA/18689","type":"VUT","group":"Completa","address":"CALLE HEROES DE TRAFALGAR Nº 57","postal_code":"11150","places":4,"units":2,"registered":"2023-08-23","catastro":"3255101TF3135N0049BB","holder":null,"holder_count":null}},{"type":"Feature","geometry":{"type":"Point","coordinates":[-5.966685,36.253158]},"properties":{"id":"VUT/CA/18730","type":"VUT","group":"Completa","address":"CALLE JUAN RELINQUE Nº 31","postal_code":"11150","places":2,"units":1,"registered":"2023-08-30","catastro":"3663223TF3136D0004DY","holder":null,"holder_count":null}},{"type":"Feature","geometry":{"type":"Point","coordinates":[-6.072261,36.238834]},"properties":{"id":"VUT/CA/19235","type":"VUT","group":"Completa","address":"CAMINO SOLIS, CAMINO DE PIÑERO 9998 Nº S/N","postal_code":"11159","places":4,"units":2,"registered":"2023-12-12","catastro":"4215017TF2145C0001HG","holder":null,"holder_count":null}},{"type":"Feature","geometry":{"type":"Point","coordinates":[-6.073801,36.240752]},"properties":{"id":"VUT/CA/19324","type":"VUT","group":"Completa","address":"AVENIDA DE LA PLAYA, CAMINO DEL HUMO Nº S/N","postal_code":"11150","places":5,"units":2,"registered":"2023-12-28","catastro":"4115936TF2145C0000GF","holder":null,"holder_count":null}},{"type":"Feature","geometry":{"type":"Point","coordinates":[-5.967133,36.25186]},"properties":{"id":"VUT/CA/19374","type":"VUT","group":"Completa","address":"CALLE BARRIAL Nº 10 Plta/Piso 1 Compl.Dom. CASA DE VECINOS, piso 1","postal_code":"11150","places":4,"units":2,"registered":"2024-01-09","catastro":"3562904TF3136B2002DT","holder":null,"holder_count":null}},{"type":"Feature","geometry":{"type":"Point","coordinates":[-5.971813,36.249166]},"properties":{"id":"VUT/CA/19703","type":"VUT","group":"Completa","address":"AVENIDA BUENAVISTA Nº 76","postal_code":"11150","places":5,"units":2,"registered":"2024-02-09","catastro":"3159502TF3135G0053TR","holder":null,"holder_count":null}},{"type":"Feature","geometry":{"type":"Point","coordinates":[-5.967179,36.252375]},"properties":{"id":"VUT/CA/19712","type":"VUT","group":"Completa","address":"CALLE BELLIDO Nº 4","postal_code":"11150","places":4,"units":2,"registered":"2024-02-12","catastro":"3563807TF3136C0002XK","holder":null,"holder_count":null}},{"type":"Feature","geometry":{"type":"Point","coordinates":[-5.967111,36.252987]},"properties":{"id":"VUT/CA/19713","type":"VUT","group":"Completa","address":"CALLE LANERIA Nº 8","postal_code":"11150","places":4,"units":2,"registered":"2024-02-12","catastro":"3563903TF3136C0002DK","holder":null,"holder_count":null}},{"type":"Feature","geometry":{"type":"Point","coordinates":[-5.961238,36.252536]},"properties":{"id":"VUT/CA/19719","type":"VUT","group":"Completa","address":"CALLE LA FUENTE Nº 30","postal_code":"11150","places":4,"units":2,"registered":"2024-02-13","catastro":"4063119TF3136D0001SE","holder":null,"holder_count":null}},{"type":"Feature","geometry":{"type":"Point","coordinates":[-5.961753,36.251765]},"properties":{"id":"VUT/CA/19795","type":"VUT","group":"Completa","address":"CALLE BODEGA TRIANA Nº 18 Plta/Piso 1 Pta/Letra DCHA, piso 1, puerta DCHA","postal_code":"11150","places":1,"units":2,"registered":"2024-02-21","catastro":"3562507TF3136B0003YP","holder":"GESTION INTEGRAL DE PROPIEDADES LYRIOS HOMES, S.L.","holder_count":1}},{"type":"Feature","geometry":{"type":"Point","coordinates":[-5.96932,36.25017]},"properties":{"id":"VUT/CA/19828","type":"VUT","group":"Completa","address":"AVENIDA ANDALUCIA Nº 37 Portal 39","postal_code":"11150","places":8,"units":3,"registered":"2024-02-26","catastro":"3360203TF3136A0013JI","holder":null,"holder_count":null}},{"type":"Feature","geometry":{"type":"Point","coordinates":[-5.996668,36.277409]},"properties":{"id":"VUT/CA/19845","type":"VUT","group":"Completa","address":"CAMINO CAMINO DE LA PONDEROSA Nº 219 Compl.Dom. LA MUELA","postal_code":"11150","places":2,"units":6,"registered":"2024-02-29","catastro":"000600500TF31G0001UU","holder":"NOSEREFALTA SLU","holder_count":1}},{"type":"Feature","geometry":{"type":"Point","coordinates":[-5.966373,36.25219]},"properties":{"id":"VUT/CA/19936","type":"VUT","group":"Completa","address":"CALLE SAGASTA Nº 32","postal_code":"11150","places":5,"units":2,"registered":"2024-03-11","catastro":"3662310TF3136B0004FA","holder":null,"holder_count":null}},{"type":"Feature","geometry":{"type":"Point","coordinates":[-5.961504,36.252414]},"properties":{"id":"VUT/CA/20018","type":"VUT","group":"Completa","address":"CALLE PALOMINA Nº 2 Pta/Letra B, puerta B","postal_code":"11150","places":2,"units":1,"registered":"2024-03-19","catastro":"4062602TF3146A0006ZI","holder":null,"holder_count":null}},{"type":"Feature","geometry":{"type":"Point","coordinates":[-5.962796,36.25325]},"properties":{"id":"VUT/CA/20036","type":"VUT","group":"Completa","address":"CALLE SAN JUAN Nº 1","postal_code":"11150","places":7,"units":3,"registered":"2024-03-19","catastro":"4063121TF3136D0003TT","holder":null,"holder_count":null}},{"type":"Feature","geometry":{"type":"Point","coordinates":[-6.068864,36.235095]},"properties":{"id":"VUT/CA/20073","type":"VUT","group":"Completa","address":"CAMINO TORRENUEVA Km 0 Compl.Dom. CAMINO TORRENUEVA SN KM0 VEJER DE LA FRONTERA","postal_code":"11159","places":6,"units":3,"registered":"2024-03-23","catastro":"4515066TF2144G0000ZP","holder":null,"holder_count":null}},{"type":"Feature","geometry":{"type":"Point","coordinates":[-5.961117,36.252357]},"properties":{"id":"VUT/CA/20083","type":"VUT","group":null,"address":"CALLE POCA SANGRE Nº 10","postal_code":"11150","places":4,"units":2,"registered":"2024-04-13","catastro":"4162206TF3146A0007AO","holder":null,"holder_count":null}},{"type":"Feature","geometry":{"type":"Point","coordinates":[-6.074301,36.240827]},"properties":{"id":"VUT/CA/20125","type":"VUT","group":"Completa","address":"PASEO PASEO DE LA PLAYA Nº SN","postal_code":"11159","places":3,"units":4,"registered":"2024-03-28","catastro":"4115915TF2145C0001LG","holder":null,"holder_count":null}},{"type":"Feature","geometry":{"type":"Point","coordinates":[-5.968555,36.249811]},"properties":{"id":"VUT/CA/20164","type":"VUT","group":"Completa","address":"CALLE EL CHORRILLO Nº 7 Pta/Letra 9, puerta 9","postal_code":"11150","places":7,"units":4,"registered":"2024-04-03","catastro":"3359401TF3135G0009HZ","holder":null,"holder_count":null}},{"type":"Feature","geometry":{"type":"Point","coordinates":[-5.967035,36.251577]},"properties":{"id":"VUT/CA/20166","type":"VUT","group":"Completa","address":"CALLE JUAN SEVILLA Nº 16 Esc. 1 Pta/Letra B, puerta B","postal_code":"11150","places":4,"units":2,"registered":"2024-04-03","catastro":"3562714TF3136B0002EO","holder":null,"holder_count":null}},{"type":"Feature","geometry":{"type":"Point","coordinates":[-5.969048,36.254464]},"properties":{"id":"VUT/CA/20204","type":"VUT","group":"Completa","address":"CALLE TRECE ROSAS Nº 14 Plta/Piso -2 Pta/Letra C, piso -2, puerta C","postal_code":"11150","places":4,"units":2,"registered":"2024-04-08","catastro":"3364504TF3136C0187XD","holder":null,"holder_count":null}},{"type":"Feature","geometry":{"type":"Point","coordinates":[-5.965946,36.252446]},"properties":{"id":"VUT/CA/20227","type":"VUT","group":"Completa","address":"CALLE SAGASTA Nº 25 Esc. 1 Plta/Piso BAJA Pta/Letra B, piso BAJA, puerta B","postal_code":"11150","places":5,"units":2,"registered":"2024-04-09","catastro":"3663615TF3136D0002TR","holder":null,"holder_count":null}},{"type":"Feature","geometry":{"type":"Point","coordinates":[-5.966404,36.254338]},"properties":{"id":"VUT/CA/20251","type":"VUT","group":"Completa","address":"CALLE SAN FILMO Nº 10","postal_code":"11150","places":3,"units":1,"registered":"2024-04-11","catastro":"3564601TF3136D0004DY","holder":null,"holder_count":null}},{"type":"Feature","geometry":{"type":"Point","coordinates":[-5.965737,36.249706]},"properties":{"id":"VUT/CA/20315","type":"VUT","group":"Completa","address":"AVENIDA SAN MIGUEL Nº 58 Plta/Piso 3 Pta/Letra B, piso 3, puerta B","postal_code":"11150","places":7,"units":3,"registered":"2024-04-17","catastro":"3659504TF3135H0014WO","holder":null,"holder_count":null}},{"type":"Feature","geometry":{"type":"Point","coordinates":[-5.969181,36.246534]},"properties":{"id":"VUT/CA/20347","type":"VUT","group":"Por habitaciones","address":"CALLE CABO PRIMERO ANTONIO MATEO Nº 42","postal_code":"11150","places":4,"units":1,"registered":"2024-04-20","catastro":"3115502TF3135N0022UX","holder":null,"holder_count":null}},{"type":"Feature","geometry":{"type":"Point","coordinates":[-5.967537,36.251807]},"properties":{"id":"VUT/CA/20382","type":"VUT","group":"Completa","address":"CALLE Santiago Nº 2 Plta/Piso 1, piso 1","postal_code":"11150","places":4,"units":3,"registered":"2024-04-23","catastro":"3561906TF3136A0002UM","holder":null,"holder_count":null}},{"type":"Feature","geometry":{"type":"Point","coordinates":[-5.961753,36.251765]},"properties":{"id":"VUT/CA/20404","type":"VUT","group":"Completa","address":"CALLE BODEGA DE TRIANA Nº 18","postal_code":"11150","places":2,"units":1,"registered":"2024-04-24","catastro":"3562507TF3136B0004UA","holder":null,"holder_count":null}},{"type":"Feature","geometry":{"type":"Point","coordinates":[-5.961662,36.252214]},"properties":{"id":"VUT/CA/20421","type":"VUT","group":"Completa","address":"CALLE MISERICORDIA Nº 18 Plta/Piso 1 Pta/Letra 1, piso 1, puerta 1","postal_code":"11150","places":2,"units":1,"registered":"2024-04-25","catastro":"4062902TF3146A0002YR","holder":null,"holder_count":null}},{"type":"Feature","geometry":{"type":"Point","coordinates":[-5.969181,36.246534]},"properties":{"id":"VUT/CA/20531","type":"VUT","group":"Por habitaciones","address":"CALLE CABO PRIMERO ANTONIO MATEO Nº 40","postal_code":"11150","places":3,"units":1,"registered":"2024-05-06","catastro":"3115502TF3135N0021YZ","holder":null,"holder_count":null}},{"type":"Feature","geometry":{"type":"Point","coordinates":[-5.963354,36.253729]},"properties":{"id":"VUT/CA/20545","type":"VUT","group":"Completa","address":"CALLE JOSÉ CASTRILLÓN Nº 5","postal_code":"11150","places":8,"units":4,"registered":"2024-05-07","catastro":"3863502TF3136D0001OE","holder":"VICIANO SERVICIOS JURÍDICOS, S.L.P","holder_count":1}},{"type":"Feature","geometry":{"type":"Point","coordinates":[-5.967958,36.251165]},"properties":{"id":"VUT/CA/20561","type":"VUT","group":"Completa","address":"CALLE MOLINERO EL Km 340 Calif.Nº 1 Blq. 2 Portal 16 Esc. 1 Plta/Piso 1 Pta/Letra B, piso 1, puerta B","postal_code":"11150","places":7,"units":3,"registered":"2024-05-08","catastro":"3461202TF3136A0007WT","holder":null,"holder_count":null}},{"type":"Feature","geometry":{"type":"Point","coordinates":[-6.060125,36.236176]},"properties":{"id":"VUT/CA/20568","type":"VUT","group":"Completa","address":"CAMINO CARRIL DE GUERRERO Nº 0","postal_code":"11150","places":8,"units":3,"registered":"2024-05-08","catastro":"11039A033002050003UW","holder":null,"holder_count":null}},{"type":"Feature","geometry":{"type":"Point","coordinates":[-6.060125,36.236176]},"properties":{"id":"VUT/CA/20569","type":"VUT","group":"Completa","address":"CAMINO CARRIL DE GUERRERO Nº 0","postal_code":"11150","places":8,"units":3,"registered":"2024-05-08","catastro":"11039A033002050012DI","holder":null,"holder_count":null}},{"type":"Feature","geometry":{"type":"Point","coordinates":[-5.96707,36.249262]},"properties":{"id":"VUT/CA/20574","type":"VUT","group":"Completa","address":"CALLE HIJUELA DE LUCAS Nº 3 Plta/Piso 3 Pta/Letra B, piso 3, puerta B","postal_code":"11150","places":4,"units":2,"registered":"2024-05-09","catastro":"3559902TF3135G0016PW","holder":"INVERSIONES SATOSHI CONSULTING C, SL","holder_count":1}},{"type":"Feature","geometry":{"type":"Point","coordinates":[-5.968002,36.250835]},"properties":{"id":"VUT/CA/20595","type":"VUT","group":"Completa","address":"CALLE PERLA DE CADIZ Nº 16 Plta/Piso 2 Pta/Letra B, piso 2, puerta B","postal_code":"11150","places":4,"units":3,"registered":"2024-05-10","catastro":"3461401TF3136A0022PF","holder":null,"holder_count":null}},{"type":"Feature","geometry":{"type":"Point","coordinates":[-5.971019,36.24614]},"properties":{"id":"VUT/CA/20634","type":"VUT","group":"Completa","address":"CALLE ALMIRANTE NELSON Nº 37","postal_code":"11150","places":6,"units":3,"registered":"2024-05-13","catastro":"3155901TF3135N0020FB","holder":null,"holder_count":null}},{"type":"Feature","geometry":{"type":"Point","coordinates":[-5.961217,36.254127]},"properties":{"id":"VUT/CA/20666","type":"VUT","group":"Completa","address":"CALLE la merced Nº 7","postal_code":"11150","places":4,"units":2,"registered":"2024-05-15","catastro":"4064619TF3146C0002GX","holder":null,"holder_count":null}},{"type":"Feature","geometry":{"type":"Point","coordinates":[-5.96539,36.249746]},"properties":{"id":"VUT/CA/20695","type":"VUT","group":"Completa","address":"AVENIDA San Miguel Nº 31 Plta/Piso 2 Pta/Letra D, piso 2, puerta D","postal_code":"11150","places":4,"units":1,"registered":"2024-05-17","catastro":"3615101TF3136B0043EG","holder":null,"holder_count":null}},{"type":"Feature","geometry":{"type":"Point","coordinates":[-5.966871,36.252446]},"properties":{"id":"VUT/CA/20761","type":"VUT","group":"Completa","address":"CALLE JUAN RELINQUE Nº 51","postal_code":"11150","places":2,"units":3,"registered":"2024-05-22","catastro":"3662314TF3136B0010UF","holder":null,"holder_count":null}},{"type":"Feature","geometry":{"type":"Point","coordinates":[-5.962752,36.252474]},"properties":{"id":"VUT/CA/20984","type":"VUT","group":"Completa","address":"CALLE ROSARIO Nº 35","postal_code":"11150","places":4,"units":2,"registered":"2024-06-07","catastro":"3963112TF3136D0002ER","holder":null,"holder_count":null}},{"type":"Feature","geometry":{"type":"Point","coordinates":[-5.962707,36.252956]},"properties":{"id":"VUT/CA/21041","type":"VUT","group":"Completa","address":"CALLE SAN JUAN Nº 20 Esc. 1 Plta/Piso 1 Pta/Letra C, piso 1, puerta C","postal_code":"11150","places":2,"units":1,"registered":"2024-06-12","catastro":"3963808TF3136D0007RO","holder":null,"holder_count":null}},{"type":"Feature","geometry":{"type":"Point","coordinates":[-6.071885,36.242567]},"properties":{"id":"VUT/CA/21130","type":"VUT","group":"Completa","address":"CAMINO DE EMILIO Nº 1","postal_code":"11159","places":8,"units":4,"registered":"2024-06-19","catastro":"4115959TF2145C0001IG","holder":null,"holder_count":null}},{"type":"Feature","geometry":{"type":"Point","coordinates":[-5.961344,36.253841]},"properties":{"id":"VUT/CA/21234","type":"VUT","group":"Completa","address":"CALLE MERCED Nº 14 Esc. 1 Plta/Piso 1 Pta/Letra A, piso 1, puerta A","postal_code":"11150","places":3,"units":2,"registered":"2024-06-26","catastro":"4164143TF3146C0002UX","holder":null,"holder_count":null}},{"type":"Feature","geometry":{"type":"Point","coordinates":[-6.060386,36.234791]},"properties":{"id":"VUT/CA/21321","type":"VUT","group":"Completa","address":"CAMINO Guerrero Nº 299","postal_code":"11159","places":6,"units":3,"registered":"2024-07-03","catastro":"11039A033002500001TJ","holder":null,"holder_count":null}},{"type":"Feature","geometry":{"type":"Point","coordinates":[-5.964562,36.252751]},"properties":{"id":"VUT/CA/21322","type":"VUT","group":"Completa","address":"CALLE JUAN BUENO Nº 38","postal_code":"11150","places":4,"units":2,"registered":"2024-07-03","catastro":"3763907TF3136D0003AT","holder":null,"holder_count":null}},{"type":"Feature","geometry":{"type":"Point","coordinates":[-5.966922,36.252057]},"properties":{"id":"VUT/CA/21353","type":"VUT","group":"Completa","address":"CALLE BARRIAL Nº 4","postal_code":"11150","places":3,"units":2,"registered":"2024-07-04","catastro":"3562717TF3136B0001YI","holder":null,"holder_count":null}},{"type":"Feature","geometry":{"type":"Point","coordinates":[-6.065471,36.244678]},"properties":{"id":"VUT/CA/21463","type":"VUT","group":"Completa","address":"CAMINO DE EMILIO Nº S/N","postal_code":"11150","places":2,"units":1,"registered":"2024-07-16","catastro":"11039A033000630001TU","holder":null,"holder_count":null}},{"type":"Feature","geometry":{"type":"Point","coordinates":[-5.961662,36.252214]},"properties":{"id":"VUT/CA/21512","type":"VUT","group":"Completa","address":"CALLE MISERICORDIA Nº 18 Esc. 1 Plta/Piso BAJA Pta/Letra A Compl.Dom. VEJER DE LA FRONTERA, piso BAJA, puerta A","postal_code":"11150","places":2,"units":1,"registered":"2024-07-20","catastro":"4062902TF3146A0001TE","holder":null,"holder_count":null}},{"type":"Feature","geometry":{"type":"Point","coordinates":[-5.963968,36.252175]},"properties":{"id":"VUT/CA/21514","type":"VUT","group":"Completa","address":"CALLE PASEO DE LAS COBIJADAS Nº 5 Compl.Dom. Apartamento VIENTO DEL SUR","postal_code":"11150","places":3,"units":2,"registered":"2024-07-21","catastro":"3862601TF3136B0001XI","holder":"gestión de alojamientos turísticos S.L. Unipersonal","holder_count":1}},{"type":"Feature","geometry":{"type":"Point","coordinates":[-5.963968,36.252175]},"properties":{"id":"VUT/CA/21515","type":"VUT","group":"Completa","address":"CALLE Paseo de Cobijadas Nº 5 Compl.Dom. LEVANTE","postal_code":"11150","places":5,"units":3,"registered":"2024-07-21","catastro":"3862601TF3136B0002MO","holder":"Gestion de Alojamientos Turísticos S.L.U.","holder_count":1}},{"type":"Feature","geometry":{"type":"Point","coordinates":[-5.967297,36.253265]},"properties":{"id":"VUT/CA/21569","type":"VUT","group":"Completa","address":"CALLE LANERIA Nº 2","postal_code":"11150","places":3,"units":1,"registered":"2024-07-24","catastro":"3563901TF3136C0006XX","holder":null,"holder_count":null}},{"type":"Feature","geometry":{"type":"Point","coordinates":[-5.961023,36.254096]},"properties":{"id":"VUT/CA/21630","type":"VUT","group":"Completa","address":"CALLE MERCED Nº 11","postal_code":"11150","places":5,"units":2,"registered":"2024-07-29","catastro":"4164307TF3146C0006PE","holder":null,"holder_count":null}},{"type":"Feature","geometry":{"type":"Point","coordinates":[-5.968112,36.255953]},"properties":{"id":"VUT/CA/21648","type":"VUT","group":"Completa","address":"CALLE REMEDIOS Nº 43 Plta/Piso 1 Compl.Dom. VEJER DE LA FRONTERA, piso 1","postal_code":"11150","places":15,"units":8,"registered":"2024-07-31","catastro":"3767704TF3136E0007MK","holder":null,"holder_count":null}},{"type":"Feature","geometry":{"type":"Point","coordinates":[-5.967482,36.24737]},"properties":{"id":"VUT/CA/21937","type":"VUT","group":"Completa","address":"CALLE HIJUELA DE LUCAS, TAMBIEN RONDA DEL REAL Nº 11","postal_code":"11150","places":4,"units":2,"registered":"2024-09-06","catastro":"3415601TF3135F2201AY","holder":null,"holder_count":null}},{"type":"Feature","geometry":{"type":"Point","coordinates":[-6.061776,36.222726]},"properties":{"id":"VUT/CA/22137","type":"VUT","group":"Completa","address":"PARCELA PAGO SEGUNDO DE LA DEHESA DEL PALMAR Nº 40","postal_code":"11159","places":4,"units":1,"registered":"2024-10-12","catastro":"5013306TF2144F0001ZW","holder":null,"holder_count":null}},{"type":"Feature","geometry":{"type":"Point","coordinates":[-5.961822,36.252775]},"properties":{"id":"VUT/CA/22154","type":"VUT","group":"Completa","address":"CALLE CALLEJON SEGUNDO DE LA FUENTE Nº 1","postal_code":"11150","places":3,"units":1,"registered":"2024-10-15","catastro":"4063812TF3136D0001ME","holder":null,"holder_count":null}},{"type":"Feature","geometry":{"type":"Point","coordinates":[-5.967303,36.252052]},"properties":{"id":"VUT/CA/22175","type":"VUT","group":"Completa","address":"CALLE BELLIDO Nº 15","postal_code":"11150","places":5,"units":3,"registered":"2024-10-17","catastro":"3562907TF3136B0001BI","holder":null,"holder_count":null}},{"type":"Feature","geometry":{"type":"Point","coordinates":[-5.962164,36.252371]},"properties":{"id":"VUT/CA/22179","type":"VUT","group":"Completa","address":"CALLE SAN JUAN Nº 32","postal_code":"11150","places":4,"units":2,"registered":"2024-10-17","catastro":"3963813TF3136D0001HE","holder":null,"holder_count":null}},{"type":"Feature","geometry":{"type":"Point","coordinates":[-5.962846,36.252297]},"properties":{"id":"VUT/CA/22221","type":"VUT","group":"Completa","address":"CALLE DEL ROSARIO Nº 32 Plta/Piso 1 Pta/Letra DCH, piso 1, puerta DCH","postal_code":"11150","places":2,"units":3,"registered":"2024-10-24","catastro":"3962903TF3136B0003MP","holder":null,"holder_count":null}},{"type":"Feature","geometry":{"type":"Point","coordinates":[-5.961856,36.252145]},"properties":{"id":"VUT/CA/22252","type":"VUT","group":"Completa","address":"CALLE SAN JUAN Nº 21","postal_code":"11150","places":5,"units":2,"registered":"2024-10-29","catastro":"4062204TF3136B0004ZA","holder":null,"holder_count":null}},{"type":"Feature","geometry":{"type":"Point","coordinates":[-5.961856,36.252145]},"properties":{"id":"VUT/CA/22253","type":"VUT","group":"Completa","address":"CALLE SAN JUAN Nº 21","postal_code":"11150","places":6,"units":2,"registered":"2024-10-29","catastro":"4062204TF3136B0005XS","holder":null,"holder_count":null}},{"type":"Feature","geometry":{"type":"Point","coordinates":[-5.961932,36.25272]},"properties":{"id":"VUT/CA/22300","type":"VUT","group":"Completa","address":"CALLE La Fuente Nº 16 Esc. 1 Plta/Piso 0 Pta/Letra C, piso 0, puerta C","postal_code":"11150","places":4,"units":1,"registered":"2024-11-05","catastro":"4063112TF3136D0003BT","holder":null,"holder_count":null}},{"type":"Feature","geometry":{"type":"Point","coordinates":[-5.961573,36.252724]},"properties":{"id":"VUT/CA/22311","type":"VUT","group":"Completa","address":"CALLEJA Segundo de la Fuente Nº 4 Plta/Piso bajo Pta/Letra C, piso bajo, puerta C","postal_code":"11150","places":2,"units":1,"registered":"2024-11-06","catastro":"4063718TF3146A0003YT","holder":null,"holder_count":null}},{"type":"Feature","geometry":{"type":"Point","coordinates":[-5.966871,36.252446]},"properties":{"id":"VUT/CA/22385","type":"VUT","group":"Completa","address":"CALLE JUAN RELINQUE Nº 47","postal_code":"11150","places":4,"units":1,"registered":"2024-11-20","catastro":"3662314TF3136B0014AK","holder":null,"holder_count":null}},{"type":"Feature","geometry":{"type":"Point","coordinates":[-5.961822,36.252775]},"properties":{"id":"VUT/CA/22397","type":"VUT","group":"Completa","address":"CALLE CALLEJON SEGUNDO DE LA FUENTE Nº 1 Pta/Letra DCHA, puerta DCHA","postal_code":"11150","places":3,"units":1,"registered":"2024-11-21","catastro":"4063812TF3136D0001ME","holder":null,"holder_count":null}},{"type":"Feature","geometry":{"type":"Point","coordinates":[-5.968947,36.245972]},"properties":{"id":"VUT/CA/22405","type":"VUT","group":"Completa","address":"CALLE TIERNO GALVAN Nº 84","postal_code":"11150","places":4,"units":3,"registered":"2024-11-22","catastro":"3354301TF3135S0024LO","holder":null,"holder_count":null}},{"type":"Feature","geometry":{"type":"Point","coordinates":[-5.887487,36.249512]},"properties":{"id":"VUT/CA/22506","type":"VUT","group":"Completa","address":"CALLE POBLADO VARELO Nº 73","postal_code":"11150","places":3,"units":3,"registered":"2024-12-10","catastro":"0615407TF4105N0001MU","holder":"SILLASMESAS INVERSIONES SL","holder_count":1}},{"type":"Feature","geometry":{"type":"Point","coordinates":[-5.967473,36.253114]},"properties":{"id":"VUT/CA/22564","type":"VUT","group":"Completa","address":"CALLE COBARRUBIAS Nº 6 Plta/Piso 1, piso 1","postal_code":"11150","places":5,"units":2,"registered":"2024-12-18","catastro":"3563906TF3136C0005BZ","holder":null,"holder_count":null}},{"type":"Feature","geometry":{"type":"Point","coordinates":[-5.970576,36.246799]},"properties":{"id":"VUT/CA/22620","type":"VUT","group":"Completa","address":"CALLE ALMIRANTE NELSON Nº 58","postal_code":"11150","places":7,"units":3,"registered":"2025-01-03","catastro":"3156101TF3135N0003XO","holder":null,"holder_count":null}},{"type":"Feature","geometry":{"type":"Point","coordinates":[-6.038167,36.208631]},"properties":{"id":"VUT/CA/22635","type":"VUT","group":"Completa","address":"LUGAR PAGO ZAHORA Nº S/N Compl.Dom. VILLA CARDOZA","postal_code":"11159","places":4,"units":2,"registered":"2025-01-07","catastro":"11039A033005470001TY","holder":null,"holder_count":null}},{"type":"Feature","geometry":{"type":"Point","coordinates":[-5.968002,36.250835]},"properties":{"id":"VUT/CA/22638","type":"VUT","group":"Completa","address":"CALLE PERLA DE CADIZ Nº 20 Plta/Piso BJ Pta/Letra B, piso BJ, puerta B","postal_code":"11150","places":3,"units":2,"registered":"2025-01-07","catastro":"3461401TF3136A0038MR","holder":null,"holder_count":null}},{"type":"Feature","geometry":{"type":"Point","coordinates":[-5.966345,36.253497]},"properties":{"id":"VUT/CA/22652","type":"VUT","group":"Completa","address":"CALLE CALLEJÓN AMARO Nº 2","postal_code":"11150","places":2,"units":1,"registered":"2025-01-08","catastro":"3663205TF3136D0007MO","holder":null,"holder_count":null}},{"type":"Feature","geometry":{"type":"Point","coordinates":[-5.963294,36.253372]},"properties":{"id":"VUT/CA/22672","type":"VUT","group":"Completa","address":"CALLE CANALEJAS Nº 10","postal_code":"11150","places":2,"units":1,"registered":"2025-01-10","catastro":"3963201TF3136D0005UU","holder":"CALIFA CASAS VEJER S.L","holder_count":1}},{"type":"Feature","geometry":{"type":"Point","coordinates":[-5.967178,36.253101]},"properties":{"id":"VUT/CA/22690","type":"VUT","group":"Completa","address":"CALLE LANERIA Nº 4 Pta/Letra E, puerta E","postal_code":"11150","places":5,"units":3,"registered":"2025-01-13","catastro":"3563902TF3136C0001EJ","holder":null,"holder_count":null}},{"type":"Feature","geometry":{"type":"Point","coordinates":[-5.968947,36.245972]},"properties":{"id":"VUT/CA/22697","type":"VUT","group":"Completa","address":"CALLE TIERNO GALVÁN Nº 4","postal_code":"11150","places":8,"units":3,"registered":"2025-01-14","catastro":"3354301TF3135S0063MD","holder":null,"holder_count":null}},{"type":"Feature","geometry":{"type":"Point","coordinates":[-5.96788,36.249272]},"properties":{"id":"VUT/CA/22742","type":"VUT","group":"Completa","address":"AVENIDA BUENAVISTA Nº 9 Plta/Piso 2 Pta/Letra D, piso 2, puerta D","postal_code":"11150","places":5,"units":3,"registered":"2025-01-19","catastro":"3315501TF3135N0035GO","holder":null,"holder_count":null}},{"type":"Feature","geometry":{"type":"Point","coordinates":[-6.061003,36.234966]},"properties":{"id":"VUT/CA/22901","type":"VUT","group":"Completa","address":"CAMINO DE GUERRERO Nº 0 Compl.Dom. EL PALMAR","postal_code":"11150","places":6,"units":3,"registered":"2025-02-06","catastro":"11039A033010340001TH","holder":null,"holder_count":null}},{"type":"Feature","geometry":{"type":"Point","coordinates":[-5.966764,36.251353]},"properties":{"id":"VUT/CA/23009","type":"VUT","group":"Completa","address":"CALLE JUAN DE SEVILLA SEGUNDO Nº 4 Esc. 1 Plta/Piso 01 Pta/Letra C, piso 01, puerta C","postal_code":"11150","places":4,"units":2,"registered":"2025-02-17","catastro":"3561511TF3136B0007FF","holder":null,"holder_count":null}},{"type":"Feature","geometry":{"type":"Point","coordinates":[-6.057323,36.238516]},"properties":{"id":"VUT/CA/23095","type":"VUT","group":"Completa","address":"CAMINO Camino de Guerrero Polígono 33 Parcela 200 Nº 33 Compl.Dom. EL PALMAR","postal_code":"11159","places":6,"units":3,"registered":"2025-02-25","catastro":"11039A033002000000RM","holder":null,"holder_count":null}},{"type":"Feature","geometry":{"type":"Point","coordinates":[-5.960348,36.252464]},"properties":{"id":"VUT/CA/23100","type":"VUT","group":"Completa","address":"CALLE La Fuente Nº 48 Compl.Dom. Es una parte de casa. La dirección arriba indicada es a un patio de vecinos común pero a la vivienda también se accede independientemente por Callejón Palomina nº 3","postal_code":"11150","places":10,"units":4,"registered":"2025-02-25","catastro":"4162601TF3146A0004WY","holder":null,"holder_count":null}},{"type":"Feature","geometry":{"type":"Point","coordinates":[-5.964729,36.249077]},"properties":{"id":"VUT/CA/23266","type":"VUT","group":"Completa","address":"CALLE Don Quijote Nº 33 Plta/Piso 2 Pta/Letra C, piso 2, puerta C","postal_code":"11150","places":4,"units":2,"registered":"2025-03-09","catastro":"3715201TF3135H0011XY","holder":null,"holder_count":null}},{"type":"Feature","geometry":{"type":"Point","coordinates":[-5.966845,36.252071]},"properties":{"id":"VUT/CA/23271","type":"VUT","group":"Completa","address":"CALLE BARRIAL Nº 4 Pta/Letra A, puerta A","postal_code":"11150","places":5,"units":2,"registered":"2025-03-10","catastro":"3562708TF3136B0001ZI","holder":null,"holder_count":null}},{"type":"Feature","geometry":{"type":"Point","coordinates":[-5.96214,36.252968]},"properties":{"id":"VUT/CA/23291","type":"VUT","group":"Completa","address":"CALLE LA FUENTE Nº 7 Plta/Piso 1 Pta/Letra D, piso 1, puerta D","postal_code":"11150","places":3,"units":2,"registered":"2025-03-11","catastro":"4063805TF3136D0005FU","holder":null,"holder_count":null}},{"type":"Feature","geometry":{"type":"Point","coordinates":[-5.965994,36.252142]},"properties":{"id":"VUT/CA/23412","type":"VUT","group":"Completa","address":"CALLE SAGASTA Nº 31","postal_code":"11150","places":3,"units":1,"registered":"2025-03-19","catastro":"3662902TF3136B0005JS","holder":null,"holder_count":null}},{"type":"Feature","geometry":{"type":"Point","coordinates":[-5.967035,36.251577]},"properties":{"id":"VUT/CA/23503","type":"VUT","group":"Completa","address":"CALLE barrial Nº 9","postal_code":"11150","places":1,"units":1,"registered":"2025-03-23","catastro":"3562714TF3136B0004TA","holder":null,"holder_count":null}},{"type":"Feature","geometry":{"type":"Point","coordinates":[-5.966664,36.254683]},"properties":{"id":"VUT/CA/23506","type":"VUT","group":"Completa","address":"CALLE LOS REMEDIOS Nº 25 Plta/Piso 2 Pta/Letra Drha, piso 2, puerta Drha","postal_code":"11150","places":6,"units":3,"registered":"2025-03-24","catastro":"3565908TF3136D0004QY","holder":null,"holder_count":null}},{"type":"Feature","geometry":{"type":"Point","coordinates":[-5.968469,36.254132]},"properties":{"id":"VUT/CA/23510","type":"VUT","group":"Completa","address":"AVENIDA ANDALUCIA Nº 4 Esc. 1 Plta/Piso 2 Pta/Letra 16, piso 2, puerta 16","postal_code":"11150","places":4,"units":2,"registered":"2025-03-24","catastro":"3364502TF3136C0017ZU","holder":null,"holder_count":null}},{"type":"Feature","geometry":{"type":"Point","coordinates":[-6.054444,36.228636]},"properties":{"id":"VUT/CA/23537","type":"VUT","group":"Completa","address":"LUGAR La Dehesa Nº 396","postal_code":"11159","places":2,"units":1,"registered":"2025-03-24","catastro":"11039A033003330001TF","holder":null,"holder_count":null}},{"type":"Feature","geometry":{"type":"Point","coordinates":[-6.054444,36.228636]},"properties":{"id":"VUT/CA/23540","type":"VUT","group":"Completa","address":"ZONA dehesa Nº 396","postal_code":"11150","places":2,"units":1,"registered":"2025-03-24","catastro":"11039A033003330001TF","holder":null,"holder_count":null}},{"type":"Feature","geometry":{"type":"Point","coordinates":[-5.961913,36.253508]},"properties":{"id":"VUT/CA/23596","type":"VUT","group":"Completa","address":"CALLE Manzanares Nº 3 Plta/Piso 1 Pta/Letra C, piso 1, puerta C","postal_code":"11150","places":6,"units":2,"registered":"2025-03-26","catastro":"4164116TF3146C0003UM","holder":null,"holder_count":null}},{"type":"Feature","geometry":{"type":"Point","coordinates":[-5.967528,36.250864]},"properties":{"id":"VUT/CA/23886","type":"VUT","group":"Completa","address":"CALLE MOLINERO Nº 22 Plta/Piso 3 Pta/Letra A, piso 3, puerta A","postal_code":"11150","places":6,"units":3,"registered":"2025-04-02","catastro":"3461206TF3136A0025RJ","holder":null,"holder_count":null}},{"type":"Feature","geometry":{"type":"Point","coordinates":[-5.968377,36.252975]},"properties":{"id":"VUT/CA/23897","type":"VUT","group":"Completa","address":"CALLE MANUEL MACHADO Nº 12 Pta/Letra A, puerta A","postal_code":"11150","places":6,"units":3,"registered":"2025-04-02","catastro":"3463907TF3136C0003SL","holder":"DAM PROPERTY MANAGEMENT & CONSULTING SL","holder_count":1}},{"type":"Feature","geometry":{"type":"Point","coordinates":[-5.962164,36.252371]},"properties":{"id":"VUT/CA/23921","type":"VUT","group":"Completa","address":"CALLE SAN JUAN Nº 32 Esc. 1 Plta/Piso BJ Pta/Letra C, piso BJ, puerta C","postal_code":"11150","places":6,"units":2,"registered":"2025-04-03","catastro":"3963813TF3136D0003KT","holder":null,"holder_count":null}},{"type":"Feature","geometry":{"type":"Point","coordinates":[-5.94726,36.224052]},"properties":{"id":"VUT/CA/23941","type":"VUT","group":"Completa","address":"HUERTA DE LA OLIVA Nº 6","postal_code":"11150","places":5,"units":3,"registered":"2025-04-03","catastro":"11039A025000910001TA","holder":null,"holder_count":null}},{"type":"Feature","geometry":{"type":"Point","coordinates":[-5.946418,36.224411]},"properties":{"id":"VUT/CA/23944","type":"VUT","group":"Completa","address":"HUERTA LA OLIVA Nº 7","postal_code":"11150","places":5,"units":3,"registered":"2025-04-03","catastro":"11039A025000910001TA","holder":null,"holder_count":null}},{"type":"Feature","geometry":{"type":"Point","coordinates":[-5.94726,36.224052]},"properties":{"id":"VUT/CA/23948","type":"VUT","group":"Completa","address":"HUERTA HUERTAS DE LA OLIVA Nº 8","postal_code":"11150","places":5,"units":3,"registered":"2025-04-03","catastro":"11039A025000910001TA","holder":null,"holder_count":null}},{"type":"Feature","geometry":{"type":"Point","coordinates":[-5.964412,36.254478]},"properties":{"id":"VUT/CA/23987","type":"VUT","group":"Completa","address":"CALLE CORREDERA Nº 35 Plta/Piso 1, piso 1","postal_code":"11150","places":6,"units":3,"registered":"2025-04-04","catastro":"3764409TF3136D0002DR","holder":null,"holder_count":null}},{"type":"Feature","geometry":{"type":"Point","coordinates":[-6.058624,36.237394]},"properties":{"id":"VUT/CA/24006","type":"VUT","group":"Completa","address":"CAMINO guerrero Nº 201","postal_code":"11159","places":6,"units":3,"registered":"2025-04-07","catastro":"11039A033002010000RO","holder":null,"holder_count":null}},{"type":"Feature","geometry":{"type":"Point","coordinates":[-5.955369,36.251757]},"properties":{"id":"VUT/CA/24029","type":"VUT","group":"Completa","address":"CALLE calle barca de vejer, edificio Peones camineros Nº 6A Blq. 6A Portal a Plta/Piso 2 Pta/Letra derecha, piso 2, puerta derecha","postal_code":"11158","places":3,"units":2,"registered":"2025-04-09","catastro":"4662214TF3146C0005FW","holder":null,"holder_count":null}},{"type":"Feature","geometry":{"type":"Point","coordinates":[-5.962786,36.252022]},"properties":{"id":"VUT/CA/24106","type":"VUT","group":"Completa","address":"CALLE TRAFALGAR Nº 14 Compl.Dom. FONDO","postal_code":"11150","places":4,"units":2,"registered":"2025-04-22","catastro":"3962913TF3136B0002HO","holder":null,"holder_count":null}},{"type":"Feature","geometry":{"type":"Point","coordinates":[-5.965643,36.250371]},"properties":{"id":"VUT/CA/24131","type":"VUT","group":"Completa","address":"AVENIDA SAN MIGUEL Nº 34 Plta/Piso 2 Pta/Letra DR, piso 2, puerta DR","postal_code":"11150","places":2,"units":2,"registered":"2025-04-28","catastro":"3660411TF3136B0008ZG","holder":null,"holder_count":null}},{"type":"Feature","geometry":{"type":"Point","coordinates":[-6.063743,36.23347]},"properties":{"id":"VUT/CA/24143","type":"VUT","group":"Completa","address":"CAMINO GUERRERO Nº 0 Compl.Dom. EL PALMAR","postal_code":"11150","places":8,"units":3,"registered":"2025-04-30","catastro":"4714009TF2144F0001KW","holder":null,"holder_count":null}},{"type":"Feature","geometry":{"type":"Point","coordinates":[-6.063743,36.23347]},"properties":{"id":"VUT/CA/24145","type":"VUT","group":"Completa","address":"CAMINO GUERRERO Nº 0 Calif.Nº A Compl.Dom. EL PALMAR","postal_code":"11150","places":8,"units":3,"registered":"2025-04-30","catastro":"4714009TF2144F0001KW","holder":null,"holder_count":null}},{"type":"Feature","geometry":{"type":"Point","coordinates":[-6.069527,36.241521]},"properties":{"id":"VUT/CA/24163","type":"VUT","group":"Completa","address":"CALLE CAMINO DE EMILIO Nº 00","postal_code":"11159","places":6,"units":3,"registered":"2025-05-03","catastro":"4215008TF2145C0001IG","holder":null,"holder_count":null}},{"type":"Feature","geometry":{"type":"Point","coordinates":[-5.967286,36.248713]},"properties":{"id":"VUT/CA/24225","type":"VUT","group":"Completa","address":"CALLE JOSE MANUEL GARCIA CAPARROS Nº 1 Plta/Piso BJ Pta/Letra B, piso BJ, puerta B","postal_code":"11150","places":4,"units":2,"registered":"2025-05-13","catastro":"3415301TF3135H0009TU","holder":null,"holder_count":null}},{"type":"Feature","geometry":{"type":"Point","coordinates":[-6.069275,36.240816]},"properties":{"id":"VUT/CA/24238","type":"VUT","group":"Completa","address":"CAMINO DE EMILIO Nº S/N Compl.Dom. PAGO PRIMERO DE LA DEHESA","postal_code":"11150","places":10,"units":4,"registered":"2025-05-14","catastro":"4215002TF2145C0001MG","holder":null,"holder_count":null}},{"type":"Feature","geometry":{"type":"Point","coordinates":[-5.966373,36.25219]},"properties":{"id":"VUT/CA/24254","type":"VUT","group":"Completa","address":"CALLE Sagasta Nº 28 Plta/Piso 1 Pta/Letra 2d, piso 1, puerta 2d","postal_code":"11150","places":3,"units":1,"registered":"2025-05-17","catastro":"3662310TF3136B0001AI","holder":null,"holder_count":null}},{"type":"Feature","geometry":{"type":"Point","coordinates":[-5.961662,36.252214]},"properties":{"id":"VUT/CA/24273","type":"VUT","group":"Completa","address":"CALLE MISERICORDIA Nº 18 Plta/Piso BJ Pta/Letra B, piso BJ, puerta B","postal_code":"11150","places":2,"units":1,"registered":"2025-05-20","catastro":"4062902TF3146A0002YR","holder":null,"holder_count":null}},{"type":"Feature","geometry":{"type":"Point","coordinates":[-6.070037,36.242622]},"properties":{"id":"VUT/CA/24325","type":"VUT","group":"Completa","address":"CAMINO EMILIO Nº 88 Compl.Dom. POLIGONO 33 DS.EL PALMAR","postal_code":"11159","places":7,"units":3,"registered":"2025-05-24","catastro":"4115902TF2145C0001ZG","holder":null,"holder_count":null}},{"type":"Feature","geometry":{"type":"Point","coordinates":[-5.969439,36.254188]},"properties":{"id":"VUT/CA/24326","type":"VUT","group":"Completa","address":"CALLE HAZAS DE SUERTE Nº 32 Plta/Piso -2 Pta/Letra D, piso -2, puerta D","postal_code":"11150","places":6,"units":3,"registered":"2025-05-24","catastro":"3364506TF3136C0055FP","holder":null,"holder_count":null}},{"type":"Feature","geometry":{"type":"Point","coordinates":[-5.964671,36.249921]},"properties":{"id":"VUT/CA/24338","type":"VUT","group":"Completa","address":"CALLE CIRCUNVALACION PATIO DE MONJAS Nº 20","postal_code":"11150","places":7,"units":4,"registered":"2025-05-26","catastro":"3715901TF3135H0011RY","holder":null,"holder_count":null}},{"type":"Feature","geometry":{"type":"Point","coordinates":[-6.060767,36.231958]},"properties":{"id":"VUT/CA/24346","type":"VUT","group":"Completa","address":"URBANIZACION EL PALMAR Nº 330 Compl.Dom. EL PALMAR","postal_code":"11150","places":8,"units":4,"registered":"2025-05-26","catastro":"11039A033002720000RX","holder":null,"holder_count":null}},{"type":"Feature","geometry":{"type":"Point","coordinates":[-6.060767,36.231958]},"properties":{"id":"VUT/CA/24347","type":"VUT","group":"Completa","address":"URBANIZACION EL PALMAR Nº 330 Compl.Dom. EL PALMAR","postal_code":"11150","places":8,"units":4,"registered":"2025-05-26","catastro":"11039A033002720000RX","holder":null,"holder_count":null}},{"type":"Feature","geometry":{"type":"Point","coordinates":[-6.060767,36.231958]},"properties":{"id":"VUT/CA/24363","type":"VUT","group":"Completa","address":"URBANIZACION EL PALMAR Nº 330 Compl.Dom. EL PALMAR","postal_code":"11150","places":8,"units":4,"registered":"2025-05-27","catastro":"11039A033002720000RX","holder":null,"holder_count":null}},{"type":"Feature","geometry":{"type":"Point","coordinates":[-5.964729,36.249077]},"properties":{"id":"VUT/CA/24447","type":"VUT","group":"Completa","address":"CALLE DON QUIJOTE Nº 35 Esc. 2 Plta/Piso 2 Pta/Letra H, piso 2, puerta H","postal_code":"11150","places":5,"units":2,"registered":"2025-06-04","catastro":"3715201TF3135H0040LE","holder":null,"holder_count":null}},{"type":"Feature","geometry":{"type":"Point","coordinates":[-5.966994,36.247292]},"properties":{"id":"VUT/CA/24454","type":"VUT","group":"Completa","address":"CALLE PINTOR FRANCISCO PRIETO Nº 1 Esc. 6 Plta/Piso 1 Pta/Letra B, piso 1, puerta B","postal_code":"11150","places":6,"units":3,"registered":"2025-06-09","catastro":"3557605TF3135F0007OP","holder":null,"holder_count":null}},{"type":"Feature","geometry":{"type":"Point","coordinates":[-5.962221,36.252069]},"properties":{"id":"VUT/CA/24496","type":"VUT","group":"Completa","address":"CALLE SAN JUAN Nº 38","postal_code":"11150","places":4,"units":2,"registered":"2025-06-09","catastro":"3963816TF3136D0006WI","holder":null,"holder_count":null}},{"type":"Feature","geometry":{"type":"Point","coordinates":[-6.061776,36.222726]},"properties":{"id":"VUT/CA/24499","type":"VUT","group":"Completa","address":"CAMINO DE SETEFILLA Nº 5","postal_code":"11159","places":6,"units":3,"registered":"2025-06-09","catastro":"5013306TF2144F0001ZW","holder":null,"holder_count":null}},{"type":"Feature","geometry":{"type":"Point","coordinates":[-6.063637,36.241684]},"properties":{"id":"VUT/CA/24589","type":"VUT","group":"Por habitaciones","address":"CALLE CAMINO EL MORITO Nº S/N Compl.Dom. TAMBIEN CAMINO DEL PINO","postal_code":"11159","places":2,"units":1,"registered":"2025-06-16","catastro":"11039A033001040005OF","holder":null,"holder_count":null}},{"type":"Feature","geometry":{"type":"Point","coordinates":[-6.075342,36.24126]},"properties":{"id":"VUT/CA/24599","type":"VUT","group":"Completa","address":"LUGAR EL PALMAR DE VEJER -PL 33-PARCELA 1013 Nº 1 Plta/Piso 1 Compl.Dom. POLIGONO 33-PARCELA 1013, piso 1","postal_code":"11159","places":8,"units":4,"registered":"2025-06-16","catastro":"11039A033010130001TL","holder":null,"holder_count":null}},{"type":"Feature","geometry":{"type":"Point","coordinates":[-6.059832,36.22026]},"properties":{"id":"VUT/CA/24617","type":"VUT","group":"Completa","address":"CAMINO TEODORO Nº 0","postal_code":"11150","places":8,"units":4,"registered":"2025-06-17","catastro":"11039A033006590001TX","holder":null,"holder_count":null}},{"type":"Feature","geometry":{"type":"Point","coordinates":[-6.059832,36.22026]},"properties":{"id":"VUT/CA/24620","type":"VUT","group":"Completa","address":"CAMINO TEODORO Nº 0","postal_code":"11150","places":8,"units":4,"registered":"2025-06-17","catastro":"11039A033006590001TX","holder":null,"holder_count":null}},{"type":"Feature","geometry":{"type":"Point","coordinates":[-6.075413,36.241466]},"properties":{"id":"VUT/CA/24694","type":"VUT","group":"Completa","address":"CALLE PASEO MARITIMO PLG 33 PARCELA 1020 Nº 33 Compl.Dom. EL PALMAR","postal_code":"11159","places":8,"units":4,"registered":"2025-06-26","catastro":"11039A033010200001TO","holder":null,"holder_count":null}},{"type":"Feature","geometry":{"type":"Point","coordinates":[-6.056012,36.220673]},"properties":{"id":"VUT/CA/24696","type":"VUT","group":"Completa","address":"CAMINO la chanca Nº 3","postal_code":"11150","places":2,"units":1,"registered":"2025-06-23","catastro":"11039a033010030001tw","holder":null,"holder_count":null}},{"type":"Feature","geometry":{"type":"Point","coordinates":[-5.967049,36.254783]},"properties":{"id":"VUT/CA/24720","type":"VUT","group":"Completa","address":"CALLE Los Remedios Nº 29 Plta/Piso 1 Pta/Letra Izq, piso 1, puerta Izq","postal_code":"11150","places":6,"units":3,"registered":"2025-06-26","catastro":"3565906TF3136D0004YY","holder":null,"holder_count":null}},{"type":"Feature","geometry":{"type":"Point","coordinates":[-5.966161,36.251287]},"properties":{"id":"VUT/CA/24724","type":"VUT","group":"Completa","address":"AVENIDA SAN MIGUEL Nº 6","postal_code":"11150","places":4,"units":1,"registered":"2025-06-25","catastro":"3660416TF3136B0008BG","holder":null,"holder_count":null}},{"type":"Feature","geometry":{"type":"Point","coordinates":[-5.963199,36.252827]},"properties":{"id":"VUT/CA/24739","type":"VUT","group":"Completa","address":"CALLE REYES CATÓLICOS Nº 10","postal_code":"11150","places":4,"units":1,"registered":"2025-06-25","catastro":"3963106TF3136D0001ZE","holder":null,"holder_count":null}},{"type":"Feature","geometry":{"type":"Point","coordinates":[-6.065795,36.237908]},"properties":{"id":"VUT/CA/24750","type":"VUT","group":"Completa","address":"CALLE chirimoya Nº S/N","postal_code":"11159","places":3,"units":2,"registered":"2025-06-26","catastro":"4515004TF2144G0001JA","holder":null,"holder_count":null}},{"type":"Feature","geometry":{"type":"Point","coordinates":[-5.96788,36.249272]},"properties":{"id":"VUT/CA/24808","type":"VUT","group":"Completa","address":"AVENIDA Buenavista Nº 9 Blq. 2 Plta/Piso 3 Pta/Letra B, piso 3, puerta B","postal_code":"11150","places":4,"units":2,"registered":"2025-10-22","catastro":"3315501TF3135N0037JA","holder":null,"holder_count":null}},{"type":"Feature","geometry":{"type":"Point","coordinates":[-6.072478,36.238946]},"properties":{"id":"VUT/CA/24811","type":"VUT","group":"Completa","address":"CAMINO DE PIÑERO Nº S/N","postal_code":"11150","places":8,"units":4,"registered":"2025-06-30","catastro":"4215035TF2145C0001OG","holder":null,"holder_count":null}},{"type":"Feature","geometry":{"type":"Point","coordinates":[-6.07009,36.232468]},"properties":{"id":"VUT/CA/24816","type":"VUT","group":"Completa","address":"CAMINO TORRE NUEVA Esc. 01 Pta/Letra 02, puerta 02","postal_code":"11159","places":6,"units":3,"registered":"2025-06-30","catastro":"4614961TF2144F0003WR","holder":null,"holder_count":null}},{"type":"Feature","geometry":{"type":"Point","coordinates":[-5.966367,36.254122]},"properties":{"id":"VUT/CA/24822","type":"VUT","group":"Completa","address":"CALLE SAN FILMO Nº 5","postal_code":"11150","places":7,"units":3,"registered":"2025-06-30","catastro":"3664413TF3136D0001YE","holder":null,"holder_count":null}},{"type":"Feature","geometry":{"type":"Point","coordinates":[-5.96795,36.256485]},"properties":{"id":"VUT/CA/24942","type":"VUT","group":"Completa","address":"AVENIDA REMEDIOS Nº 49 Plta/Piso 1, piso 1","postal_code":"11150","places":6,"units":3,"registered":"2025-07-15","catastro":"3767726TF3136E0002QD","holder":null,"holder_count":null}},{"type":"Feature","geometry":{"type":"Point","coordinates":[-6.069246,36.233948]},"properties":{"id":"VUT/CA/24987","type":"VUT","group":"Completa","address":"CAMINO TORRE NUEVA Nº S/N","postal_code":"11159","places":6,"units":3,"registered":"2025-07-22","catastro":"4515017TF2144G0001GA","holder":"CANARIOS DE CONIL S.L.","holder_count":1}},{"type":"Feature","geometry":{"type":"Point","coordinates":[-5.970207,36.251557]},"properties":{"id":"VUT/CA/25022","type":"VUT","group":"Completa","address":"CALLE LOS ALMENDROS Nº 4 Pta/Letra DCHA., puerta DCHA.","postal_code":"11150","places":4,"units":2,"registered":"2025-07-28","catastro":"3261507TF3136A0001MX","holder":null,"holder_count":null}},{"type":"Feature","geometry":{"type":"Point","coordinates":[-5.970987,36.250587]},"properties":{"id":"VUT/CA/25044","type":"VUT","group":"Completa","address":"CALLE SEVILLA Nº 15","postal_code":"11150","places":5,"units":3,"registered":"2025-07-31","catastro":"3159519TF3136G0013AH","holder":null,"holder_count":null}},{"type":"Feature","geometry":{"type":"Point","coordinates":[-6.054767,36.229088]},"properties":{"id":"VUT/CA/25048","type":"VUT","group":"Completa","address":"LUGAR EL PALMAR Nº 394","postal_code":"11150","places":15,"units":10,"registered":"2025-07-31","catastro":"11039A033003310001TL","holder":null,"holder_count":null}},{"type":"Feature","geometry":{"type":"Point","coordinates":[-5.969359,36.253361]},"properties":{"id":"VUT/CA/25051","type":"VUT","group":"Completa","address":"CALLE HAZAS DE SUERTE Nº 8","postal_code":"1150","places":3,"units":4,"registered":"2025-08-01","catastro":"3364507TF3136C0010DM","holder":null,"holder_count":null}},{"type":"Feature","geometry":{"type":"Point","coordinates":[-5.96932,36.24728]},"properties":{"id":"VUT/CA/25052","type":"VUT","group":"Completa","address":"CALLE ALMIRANTE Nº 8 Compl.Dom. URBA PUEBLO DE ALBA","postal_code":"11150","places":3,"units":2,"registered":"2025-08-01","catastro":"3256601TF3135N0007GD","holder":null,"holder_count":null}},{"type":"Feature","geometry":{"type":"Point","coordinates":[-6.071777,36.240906]},"properties":{"id":"VUT/CA/25055","type":"VUT","group":"Completa","address":"CAMINO Emilio Nº 78 Pta/Letra B, puerta B","postal_code":"11159","places":6,"units":3,"registered":"2025-08-01","catastro":"4115908TF2145C0001YG","holder":null,"holder_count":null}},{"type":"Feature","geometry":{"type":"Point","coordinates":[-5.967111,36.252987]},"properties":{"id":"VUT/CA/25064","type":"VUT","group":"Completa","address":"CALLE MIRAMUNDO Nº 19","postal_code":"11150","places":3,"units":3,"registered":"2025-08-04","catastro":"3563903TF3136C0003FL","holder":null,"holder_count":null}},{"type":"Feature","geometry":{"type":"Point","coordinates":[-5.966898,36.251473]},"properties":{"id":"VUT/CA/25080","type":"VUT","group":"Completa","address":"CALLE JUAN DE SEVILLA SEGUNDO Nº 2","postal_code":"11150","places":7,"units":3,"registered":"2025-08-07","catastro":"3561519TF3136B0003DP","holder":null,"holder_count":null}},{"type":"Feature","geometry":{"type":"Point","coordinates":[-5.964053,36.254143]},"properties":{"id":"VUT/CA/25103","type":"VUT","group":"Completa","address":"CALLE JOSE CASTRILLON Nº 28","postal_code":"11150","places":10,"units":5,"registered":"2025-08-11","catastro":"3764438TF3136D0001IE","holder":null,"holder_count":null}},{"type":"Feature","geometry":{"type":"Point","coordinates":[-6.07009,36.232468]},"properties":{"id":"VUT/CA/25136","type":"VUT","group":"Completa","address":"CAMINO TORRE NUEVA Nº 0 Esc. 1 Plta/Piso 1 Pta/Letra 5, piso 1, puerta 5","postal_code":"11150","places":4,"units":2,"registered":"2025-08-19","catastro":"4614961TF2144F0006TU","holder":null,"holder_count":null}},{"type":"Feature","geometry":{"type":"Point","coordinates":[-5.888114,36.249988]},"properties":{"id":"VUT/CA/25153","type":"VUT","group":"Completa","address":"POBLADO VARELO Nº 29","postal_code":"11150","places":8,"units":2,"registered":"2025-08-24","catastro":"0615715TF4105N0001AU","holder":null,"holder_count":null}},{"type":"Feature","geometry":{"type":"Point","coordinates":[-5.966199,36.253191]},"properties":{"id":"VUT/CA/25230","type":"VUT","group":"Completa","address":"CALLE SAGASTA Nº 10 Esc. 1 Plta/Piso 1 Pta/Letra B, piso 1, puerta B","postal_code":"11150","places":4,"units":1,"registered":"2025-09-11","catastro":"3663212TF3136D0002IR","holder":null,"holder_count":null}},{"type":"Feature","geometry":{"type":"Point","coordinates":[-6.071,36.233387]},"properties":{"id":"VUT/CA/25261","type":"VUT","group":"Completa","address":"DISEMINADO El Palmar de Vejer Nº S/N","postal_code":"11159","places":6,"units":2,"registered":"2025-09-22","catastro":"001007300TF21C1001LA","holder":null,"holder_count":null}},{"type":"Feature","geometry":{"type":"Point","coordinates":[-5.963147,36.254711]},"properties":{"id":"VUT/CA/25291","type":"VUT","group":"Completa","address":"CALLE RETIRO Nº 10","postal_code":"11150","places":5,"units":2,"registered":"2025-09-29","catastro":"4064601TF3146C0001JZ","holder":null,"holder_count":null}},{"type":"Feature","geometry":{"type":"Point","coordinates":[-5.966029,36.253434]},"properties":{"id":"VUT/CA/25293","type":"VUT","group":"Completa","address":"CALLE Sagasta Nº 5 Plta/Piso 1 Pta/Letra C, piso 1, puerta C","postal_code":"11150","places":4,"units":2,"registered":"2025-10-01","catastro":"3663508TF3136D0003ST","holder":null,"holder_count":null}},{"type":"Feature","geometry":{"type":"Point","coordinates":[-5.962451,36.252265]},"properties":{"id":"VUT/CA/25295","type":"VUT","group":"Completa","address":"CALLE ENCARNACIÓN Nº 5","postal_code":"11150","places":6,"units":3,"registered":"2025-10-02","catastro":"3963822TF3136D0001QE","holder":null,"holder_count":null}},{"type":"Feature","geometry":{"type":"Point","coordinates":[-5.968948,36.251127]},"properties":{"id":"VUT/CA/25338","type":"VUT","group":"Completa","address":"AVENIDA ANDALUCIA Nº 35 Pta/Letra 07, puerta 07","postal_code":"11150","places":2,"units":1,"registered":"2025-10-13","catastro":"3460402TF3136A0011YY","holder":null,"holder_count":null}},{"type":"Feature","geometry":{"type":"Point","coordinates":[-6.061776,36.222726]},"properties":{"id":"VUT/CA/25356","type":"VUT","group":"Completa","address":"CAMINO de los atravesados Nº 000 Compl.Dom. finca resgistral 11643","postal_code":"11159","places":3,"units":4,"registered":"2025-10-16","catastro":"5013306TF2144F0002XE","holder":null,"holder_count":null}},{"type":"Feature","geometry":{"type":"Point","coordinates":[-5.960606,36.252331]},"properties":{"id":"VUT/CA/25359","type":"VUT","group":"Completa","address":"CALLE PALOMINA Nº 12","postal_code":"11150","places":2,"units":1,"registered":"2025-10-17","catastro":"4162904TF3146A0006BI","holder":null,"holder_count":null}},{"type":"Feature","geometry":{"type":"Point","coordinates":[-5.966685,36.253158]},"properties":{"id":"VUT/CA/25380","type":"VUT","group":"Completa","address":"CALLE JUAN RELINQUE Nº 29","postal_code":"11150","places":3,"units":1,"registered":"2025-10-22","catastro":"3663223TF3136D0001PE","holder":null,"holder_count":null}},{"type":"Feature","geometry":{"type":"Point","coordinates":[-5.966145,36.252266]},"properties":{"id":"VUT/CA/25384","type":"VUT","group":"Completa","address":"CALLE SAGASTA Nº 33 Plta/Piso 1, piso 1","postal_code":"11150","places":4,"units":1,"registered":"2025-10-23","catastro":"3662901TF3136B0001RI","holder":null,"holder_count":null}},{"type":"Feature","geometry":{"type":"Point","coordinates":[-6.064727,36.234384]},"properties":{"id":"VUT/CA/25385","type":"VUT","group":"Completa","address":"CAMINO CAMINO DE GUERRERO Nº 290","postal_code":"11159","places":12,"units":3,"registered":"2025-10-23","catastro":"4614903TF2144F0000UQ","holder":null,"holder_count":null}},{"type":"Feature","geometry":{"type":"Point","coordinates":[-5.974391,36.246728]},"properties":{"id":"VUT/CA/25410","type":"VUT","group":"Completa","address":"LUGAR CATALINA PEREZ Nº 0","postal_code":"11150","places":15,"units":6,"registered":"2025-10-30","catastro":"11039A053000160001TZ","holder":null,"holder_count":null}},{"type":"Feature","geometry":{"type":"Point","coordinates":[-5.965896,36.249404]},"properties":{"id":"VUT/CA/25426","type":"VUT","group":"Completa","address":"AVENIDA Buenavista Portal 1-C Plta/Piso 3 Pta/Letra B, piso 3, puerta B","postal_code":"11150","places":4,"units":1,"registered":"2025-11-04","catastro":"3659604TF3135H0009RU","holder":null,"holder_count":null}},{"type":"Feature","geometry":{"type":"Point","coordinates":[-5.964874,36.25355]},"properties":{"id":"VUT/CA/25458","type":"VUT","group":"Completa","address":"CALLE Juan Bueno Nº 7 Plta/Piso 2 Pta/Letra D, piso 2, puerta D","postal_code":"11150","places":4,"units":2,"registered":"2025-11-11","catastro":"3764704TF3136D0012PA","holder":null,"holder_count":null}},{"type":"Feature","geometry":{"type":"Point","coordinates":[-5.963669,36.253806]},"properties":{"id":"VUT/CA/25462","type":"VUT","group":"Completa","address":"CALLE Eduardo Shelly Nº 2","postal_code":"11150","places":10,"units":4,"registered":"2025-11-11","catastro":"3864602TF3136D0002LR","holder":null,"holder_count":null}},{"type":"Feature","geometry":{"type":"Point","coordinates":[-6.069286,36.233488]},"properties":{"id":"VUT/CA/25467","type":"VUT","group":"Completa","address":"CAMINO TORRE NUEVA Nº 265","postal_code":"11159","places":7,"units":3,"registered":"2025-11-13","catastro":"4614938TF2144F0001SW","holder":null,"holder_count":null}},{"type":"Feature","geometry":{"type":"Point","coordinates":[-6.050483,36.225528]},"properties":{"id":"VUT/CA/25472","type":"VUT","group":"Completa","address":"CAMINO de el lagarto Nº 3","postal_code":"11159","places":3,"units":1,"registered":"2025-11-14","catastro":"11039A033004990010AL","holder":null,"holder_count":null}},{"type":"Feature","geometry":{"type":"Point","coordinates":[-5.962707,36.252956]},"properties":{"id":"VUT/CA/25473","type":"VUT","group":"Completa","address":"CALLE SAN JUAN Nº 18 Plta/Piso BAJO Compl.Dom. ANTES C/ GENERAL YAGUE, piso BAJO","postal_code":"11150","places":4,"units":2,"registered":"2025-11-14","catastro":"3963808TF3136D0002XR","holder":null,"holder_count":null}},{"type":"Feature","geometry":{"type":"Point","coordinates":[-6.050483,36.225528]},"properties":{"id":"VUT/CA/25474","type":"VUT","group":"Completa","address":"CAMINO del lagarto Nº 0","postal_code":"11159","places":3,"units":1,"registered":"2025-11-14","catastro":"11039A033004990011SB","holder":null,"holder_count":null}},{"type":"Feature","geometry":{"type":"Point","coordinates":[-5.970889,36.248785]},"properties":{"id":"VUT/CA/25519","type":"VUT","group":"Completa","address":"CALLE almudena grandes Pta/Letra 24, puerta 24","postal_code":"11150","places":6,"units":3,"registered":"2025-12-01","catastro":"3056901TF3135N0006LS","holder":null,"holder_count":null}},{"type":"Feature","geometry":{"type":"Point","coordinates":[-5.963968,36.252175]},"properties":{"id":"VUT/CA/25544","type":"VUT","group":"Completa","address":"CALLE PASEO DE LAS COBIJADAS Nº 5 Compl.Dom. APARTAMENTOS VIENTO DEL SUR","postal_code":"11150","places":11,"units":7,"registered":"2025-12-05","catastro":"3862601TF3136B0001XI","holder":"GESTION DE ALOJAMIENTOS TURISTICOS, S.L.U.","holder_count":1}},{"type":"Feature","geometry":{"type":"Point","coordinates":[-6.002378,36.29043]},"properties":{"id":"VUT/CA/25557","type":"VUT","group":"Completa","address":"CARRETERA PATRIA Nº S/N","postal_code":"11150","places":4,"units":2,"registered":"2025-12-09","catastro":"001601100TF32A0001MH","holder":null,"holder_count":null}},{"type":"Feature","geometry":{"type":"Point","coordinates":[-5.968668,36.254758]},"properties":{"id":"VUT/CA/25593","type":"VUT","group":"Completa","address":"AVENIDA DE LOS REMEDIOS Nº SN Blq. 4 Esc. 4 Plta/Piso BJ Pta/Letra E1 Compl.Dom. URB LOS MOLINOS DE VEJER, piso BJ, puerta E1","postal_code":"11150","places":5,"units":2,"registered":"2025-12-16","catastro":"3364505TF3136C2001ID","holder":null,"holder_count":null}},{"type":"Feature","geometry":{"type":"Point","coordinates":[-5.968668,36.254758]},"properties":{"id":"VUT/CA/25594","type":"VUT","group":"Completa","address":"AVENIDA DE LOS REMEDIOS Nº SN Blq. 4 Esc. 4 Plta/Piso BJ Pta/Letra E Compl.Dom. URB LOS MOLINOS DE VEJER, piso BJ, puerta E","postal_code":"11150","places":5,"units":2,"registered":"2025-12-16","catastro":"3364505TF3136C0020WU","holder":null,"holder_count":null}},{"type":"Feature","geometry":{"type":"Point","coordinates":[-5.968137,36.247186]},"properties":{"id":"VUT/CA/25603","type":"VUT","group":"Completa","address":"CALLE TIERNO GALVAN Nº 19","postal_code":"11150","places":6,"units":2,"registered":"2025-12-19","catastro":"3415401TF3135N0026BE","holder":null,"holder_count":null}},{"type":"Feature","geometry":{"type":"Point","coordinates":[-6.072629,36.241994]},"properties":{"id":"VUT/CA/25615","type":"VUT","group":"Completa","address":"LUGAR DEHESA DEL PALMAR Nº S/N","postal_code":"11159","places":6,"units":3,"registered":"2025-12-26","catastro":"4115946TF2145C0000OF","holder":"MOLINO DEL SANTO SL","holder_count":1}},{"type":"Feature","geometry":{"type":"Point","coordinates":[-5.966959,36.249887]},"properties":{"id":"VUT/CA/25632","type":"VUT","group":"Completa","address":"CALLE MARTÍN ALONSO DE MESA Nº 3 Esc. 1 Plta/Piso 3 Pta/Letra DR, piso 3, puerta DR","postal_code":"11150","places":4,"units":2,"registered":"2026-01-02","catastro":"3560802TF3135H0007DT","holder":null,"holder_count":null}},{"type":"Feature","geometry":{"type":"Point","coordinates":[-5.967528,36.250864]},"properties":{"id":"VUT/CA/25684","type":"VUT","group":"Completa","address":"CALLE MOLINERO Nº 22 Plta/Piso ATICO Pta/Letra B Compl.Dom. EDIFICIO ALAMEDA NUMERO 5, piso ATICO, puerta B","postal_code":"11150","places":5,"units":3,"registered":"2026-01-19","catastro":"3461206TF3136A0026TK","holder":null,"holder_count":null}},{"type":"Feature","geometry":{"type":"Point","coordinates":[-6.067085,36.237952]},"properties":{"id":"VUT/CA/25710","type":"VUT","group":"Completa","address":"CAMINO DEL MORITO Nº S/N Compl.Dom. TAMBIEN ENTRADA POR CARRIL CHIRIMOYA","postal_code":"11159","places":4,"units":3,"registered":"2026-01-22","catastro":"4515010TF2144G0001ZA","holder":null,"holder_count":null}},{"type":"Feature","geometry":{"type":"Point","coordinates":[-5.967937,36.252619]},"properties":{"id":"VUT/CA/25736","type":"VUT","group":"Completa","address":"CALLE SAN AMBROSIO Nº 15","postal_code":"11150","places":7,"units":4,"registered":"2026-01-27","catastro":"3562227TF3136A0005UE","holder":null,"holder_count":null}},{"type":"Feature","geometry":{"type":"Point","coordinates":[-5.968584,36.25142]},"properties":{"id":"VUT/CA/25780","type":"VUT","group":"Completa","address":"CALLE PERLA DE CADIZ Nº 8","postal_code":"11150","places":2,"units":1,"registered":"2026-02-03","catastro":"3461303TF3136A0002PM","holder":null,"holder_count":null}},{"type":"Feature","geometry":{"type":"Point","coordinates":[-6.07009,36.232468]},"properties":{"id":"VUT/CA/25793","type":"VUT","group":"Completa","address":"CAMINO TORRE NUEVA Esc. 1 Plta/Piso 1 Pta/Letra 3, piso 1, puerta 3","postal_code":"11159","places":6,"units":3,"registered":"2026-02-05","catastro":"4614961TF2144F0004ET","holder":null,"holder_count":null}},{"type":"Feature","geometry":{"type":"Point","coordinates":[-6.050283,36.229361]},"properties":{"id":"VUT/CA/25846","type":"VUT","group":"Completa","address":"CAMINO DE LAS ALEGRIAS Nº 6 Compl.Dom. CARRIL 3º  Nº 6","postal_code":"11159","places":3,"units":2,"registered":"2026-02-15","catastro":"11039A033003550011SR","holder":null,"holder_count":null}},{"type":"Feature","geometry":{"type":"Point","coordinates":[-5.961117,36.252357]},"properties":{"id":"VUT/CA/25869","type":"VUT","group":"Completa","address":"CALLE POCA SANGRE Nº 12 Plta/Piso 1 Pta/Letra E, piso 1, puerta E","postal_code":"11150","places":4,"units":2,"registered":"2026-02-19","catastro":"4162206TF3146A0007AO","holder":null,"holder_count":null}},{"type":"Feature","geometry":{"type":"Point","coordinates":[-5.967303,36.252052]},"properties":{"id":"VUT/CA/25885","type":"VUT","group":"Completa","address":"CALLE BELLIDO Nº 15 Plta/Piso 0 Pta/Letra E, piso 0, puerta E","postal_code":"11150","places":3,"units":1,"registered":"2026-02-23","catastro":"3562907TF3136B0005QS","holder":null,"holder_count":null}},{"type":"Feature","geometry":{"type":"Point","coordinates":[-5.962633,36.254156]},"properties":{"id":"VUT/CA/25896","type":"VUT","group":"Completa","address":"CALLE CORREDERA Nº 7","postal_code":"11150","places":4,"units":2,"registered":"2026-02-24","catastro":"3764422TF3136D0001YE","holder":null,"holder_count":null}},{"type":"Feature","geometry":{"type":"Point","coordinates":[-5.962734,36.254177]},"properties":{"id":"VUT/CA/25897","type":"VUT","group":"Completa","address":"CALLE CORREDERA Nº 7","postal_code":"11150","places":4,"units":2,"registered":"2026-02-24","catastro":"3764421TF3136D0002ZR","holder":null,"holder_count":null}},{"type":"Feature","geometry":{"type":"Point","coordinates":[-5.968676,36.248684]},"properties":{"id":"VUT/CA/25954","type":"VUT","group":"Completa","address":"CALLE CARLOS CANO Nº 12 Plta/Piso 3 Pta/Letra B Compl.Dom. CALLE JOSE MARIA CAPARROS, piso 3, puerta B","postal_code":"11150","places":4,"units":2,"registered":"2026-03-09","catastro":"3256114TF3135N0010HD","holder":null,"holder_count":null}},{"type":"Feature","geometry":{"type":"Point","coordinates":[-5.968676,36.248684]},"properties":{"id":"VUT/CA/26011","type":"VUT","group":"Completa","address":"CALLE Carlos Cano Nº 12 Plta/Piso 3 Pta/Letra A, piso 3, puerta A","postal_code":"11150","places":4,"units":2,"registered":"2026-03-16","catastro":"3256114TF3135N0009KG","holder":null,"holder_count":null}},{"type":"Feature","geometry":{"type":"Point","coordinates":[-5.972574,36.266508]},"properties":{"id":"VUT/CA/26018","type":"VUT","group":"Completa","address":"URBANIZACION SANTA LUCIA Nº 81","postal_code":"11150","places":4,"units":2,"registered":"2026-03-17","catastro":"3078904TF3137N0001YK","holder":null,"holder_count":null}},{"type":"Feature","geometry":{"type":"Point","coordinates":[-5.961932,36.25272]},"properties":{"id":"VUT/CA/26026","type":"VUT","group":"Completa","address":"CALLE La Fuente Nº 16 Plta/Piso Baja Pta/Letra Derecha, piso Baja, puerta Derecha","postal_code":"11150","places":4,"units":2,"registered":"2026-03-17","catastro":"4063112TF3136D0004ZY","holder":"SON 5 INVERSIONES INMO, SL","holder_count":1}},{"type":"Feature","geometry":{"type":"Point","coordinates":[-5.965651,36.250148]},"properties":{"id":"VUT/CA/26029","type":"VUT","group":"Completa","address":"AVENIDA San Miguel Nº 40 Esc. 1 Plta/Piso 3 Pta/Letra 6, piso 3, puerta 6","postal_code":"11150","places":4,"units":2,"registered":"2026-03-18","catastro":"3659501TF3135H0008KY","holder":null,"holder_count":null}},{"type":"Feature","geometry":{"type":"Point","coordinates":[-5.962633,36.254156]},"properties":{"id":"VUT/CA/26070","type":"VUT","group":"Completa","address":"CALLE CORREDERA Nº 5","postal_code":"11150","places":4,"units":2,"registered":"2026-03-23","catastro":"3764422TF3136D0001YE","holder":null,"holder_count":null}},{"type":"Feature","geometry":{"type":"Point","coordinates":[-5.963283,36.253476]},"properties":{"id":"VUT/CA/26078","type":"VUT","group":"Completa","address":"CALLE COSTANILLA DE DON EUGENIO Nº 2 Compl.Dom. VEJER DE LA FRONTERA","postal_code":"11150","places":4,"units":2,"registered":"2026-03-24","catastro":"3863507TF3136D0002OR","holder":null,"holder_count":null}}]}